Gfx catamesa_dl_t_mesasand_ci8_aligner[] = {gsSPEndDisplayList()};
u8 catamesa_dl_t_mesasand_ci8[] = {
	0x00, 0x00, 0x00, 0x00, 0x00, 0x00, 0x01, 0x02, 
	0x03, 0x00, 0x01, 0x00, 0x04, 0x05, 0x05, 0x06, 
	0x06, 0x06, 0x07, 0x00, 0x00, 0x00, 0x00, 0x00, 
	0x08, 0x00, 0x00, 0x00, 0x09, 0x0a, 0x00, 0x00, 
	0x04, 0x04, 0x00, 0x00, 0x00, 0x00, 0x00, 0x00, 
	0x02, 0x00, 0x00, 0x03, 0x0b, 0x04, 0x04, 0x06, 
	0x06, 0x07, 0x07, 0x00, 0x01, 0x01, 0x0c, 0x01, 
	0x00, 0x04, 0x00, 0x00, 0x00, 0x0a, 0x04, 0x04, 
	0x04, 0x04, 0x00, 0x00, 0x00, 0x00, 0x04, 0x04, 
	0x05, 0x05, 0x00, 0x0d, 0x02, 0x0b, 0x08, 0x0e, 
	0x06, 0x07, 0x00, 0x01, 0x00, 0x0f, 0x0c, 0x10, 
	0x01, 0x06, 0x04, 0x00, 0x00, 0x00, 0x05, 0x04, 
	0x04, 0x0b, 0x05, 0x04, 0x00, 0x0b, 0x04, 0x05, 
	0x05, 0x05, 0x0b, 0x0b, 0x10, 0x00, 0x05, 0x11, 
	0x12, 0x00, 0x01, 0x01, 0x01, 0x00, 0x0c, 0x03, 
	0x13, 0x04, 0x05, 0x00, 0x0c, 0x00, 0x00, 0x04, 
	0x0b, 0x09, 0x04, 0x04, 0x04, 0x04, 0x0b, 0x0b, 
	0x0b, 0x04, 0x00, 0x00, 0x0b, 0x02, 0x06, 0x0e, 
	0x06, 0x01, 0x00, 0x00, 0x00, 0x00, 0x01, 0x03, 
	0x03, 0x00, 0x00, 0x00, 0x00, 0x01, 0x00, 0x00, 
	0x05, 0x05, 0x05, 0x05, 0x00, 0x0b, 0x02, 0x03, 
	0x0b, 0x05, 0x00, 0x05, 0x00, 0x00, 0x06, 0x06, 
	0x06, 0x07, 0x00, 0x06, 0x06, 0x06, 0x06, 0x00, 
	0x14, 0x00, 0x00, 0x00, 0x05, 0x00, 0x01, 0x00, 
	0x06, 0x06, 0x04, 0x0b, 0x02, 0x03, 0x00, 0x02, 
	0x02, 0x00, 0x04, 0x06, 0x04, 0x04, 0x06, 0x06, 
	0x06, 0x06, 0x06, 0x06, 0x06, 0x06, 0x06, 0x05, 
	0x0a, 0x0a, 0x06, 0x06, 0x06, 0x06, 0x00, 0x07, 
	0x06, 0x06, 0x04, 0x03, 0x10, 0x03, 0x02, 0x00, 
	0x00, 0x04, 0x06, 0x15, 0x07, 0x07, 0x07, 0x06, 
	0x06, 0x06, 0x12, 0x06, 0x06, 0x06, 0x12, 0x12, 
	0x06, 0x12, 0x16, 0x05, 0x04, 0x04, 0x07, 0x06, 
	0x12, 0x06, 0x07, 0x00, 0x02, 0x02, 0x00, 0x04, 
	0x07, 0x06, 0x05, 0x07, 0x00, 0x07, 0x00, 0x03, 
	0x00, 0x06, 0x00, 0x06, 0x06, 0x06, 0x12, 0x06, 
	0x0a, 0x16, 0x06, 0x06, 0x0c, 0x07, 0x06, 0x06, 
	0x00, 0x16, 0x06, 0x07, 0x00, 0x00, 0x00, 0x07, 
	0x07, 0x07, 0x00, 0x00, 0x00, 0x07, 0x00, 0x0b, 
	0x03, 0x00, 0x05, 0x00, 0x00, 0x06, 0x12, 0x06, 
	0x05, 0x06, 0x17, 0x00, 0x00, 0x07, 0x06, 0x0a, 
	0x00, 0x06, 0x13, 0x07, 0x00, 0x00, 0x00, 0x04, 
	0x0e, 0x00, 0x00, 0x00, 0x00, 0x01, 0x00, 0x00, 
	0x00, 0x00, 0x03, 0x18, 0x02, 0x05, 0x06, 0x06, 
	0x05, 0x06, 0x06, 0x06, 0x00, 0x06, 0x06, 0x0a, 
	0x07, 0x04, 0x06, 0x05, 0x13, 0x08, 0x00, 0x00, 
	0x00, 0x12, 0x00, 0x00, 0x00, 0x03, 0x00, 0x05, 
	0x05, 0x0b, 0x02, 0x10, 0x00, 0x04, 0x00, 0x06, 
	0x07, 0x06, 0x06, 0x06, 0x06, 0x06, 0x06, 0x07, 
	0x01, 0x04, 0x04, 0x04, 0x16, 0x00, 0x19, 0x01, 
	0x00, 0x00, 0x00, 0x04, 0x02, 0x04, 0x00, 0x05, 
	0x05, 0x0b, 0x02, 0x00, 0x00, 0x00, 0x00, 0x04, 
	0x12, 0x07, 0x06, 0x06, 0x06, 0x06, 0x06, 0x1a, 
	0x07, 0x07, 0x04, 0x00, 0x0b, 0x08, 0x04, 0x01, 
	0x07, 0x06, 0x05, 0x05, 0x08, 0x0e, 0x06, 0x00, 
	0x02, 0x03, 0x00, 0x00, 0x00, 0x18, 0x04, 0x00, 
	0x00, 0x07, 0x06, 0x05, 0x06, 0x06, 0x06, 0x00, 
	0x00, 0x1b, 0x00, 0x01, 0x00, 0x04, 0x04, 0x0e, 
	0x07, 0x06, 0x12, 0x05, 0x05, 0x0e, 0x06, 0x04, 
	0x00, 0x00, 0x01, 0x03, 0x02, 0x00, 0x02, 0x00, 
	0x04, 0x06, 0x05, 0x1c, 0x00, 0x06, 0x06, 0x00, 
	0x04, 0x07, 0x04, 0x00, 0x00, 0x04, 0x06, 0x06, 
	0x07, 0x06, 0x05, 0x05, 0x05, 0x0e, 0x06, 0x12, 
	0x04, 0x0b, 0x00, 0x03, 0x03, 0x03, 0x0b, 0x00, 
	0x00, 0x05, 0x00, 0x00, 0x00, 0x00, 0x00, 0x00, 
	0x04, 0x04, 0x06, 0x04, 0x09, 0x05, 0x06, 0x06, 
	0x07, 0x07, 0x07, 0x06, 0x04, 0x05, 0x05, 0x06, 
	0x04, 0x04, 0x0b, 0x0b, 0x02, 0x01, 0x00, 0x00, 
	0x00, 0x00, 0x00, 0x0c, 0x0c, 0x01, 0x00, 0x06, 
	0x06, 0x11, 0x11, 0x04, 0x04, 0x05, 0x1d, 0x06, 
	0x07, 0x07, 0x12, 0x04, 0x00, 0x02, 0x04, 0x04, 
	0x04, 0x04, 0x0b, 0x02, 0x0b, 0x02, 0x0b, 0x00, 
	0x00, 0x00, 0x02, 0x00, 0x01, 0x00, 0x06, 0x06, 
	0x11, 0x11, 0x05, 0x06, 0x07, 0x06, 0x04, 0x07, 
	0x07, 0x04, 0x04, 0x00, 0x0b, 0x04, 0x00, 0x04, 
	0x04, 0x04, 0x0b, 0x03, 0x0b, 0x02, 0x02, 0x00, 
	0x00, 0x00, 0x00, 0x00, 0x00, 0x00, 0x07, 0x16, 
	0x0e, 0x11, 0x04, 0x04, 0x06, 0x07, 0x07, 0x04, 
	0x04, 0x05, 0x04, 0x0b, 0x0b, 0x04, 0x04, 0x05, 
	0x05, 0x0b, 0x00, 0x04, 0x04, 0x0b, 0x18, 0x00, 
	0x00, 0x00, 0x06, 0x00, 0x00, 0x00, 0x06, 0x11, 
	0x0e, 0x05, 0x02, 0x00, 0x04, 0x04, 0x04, 0x07, 
	0x04, 0x04, 0x04, 0x0b, 0x0b, 0x0b, 0x04, 0x06, 
	0x05, 0x05, 0x00, 0x06, 0x04, 0x04, 0x00, 0x04, 
	0x06, 0x00, 0x04, 0x04, 0x00, 0x00, 0x00, 0x06, 
	0x0e, 0x00, 0x02, 0x01, 0x04, 0x0b, 0x04, 0x04, 
	0x00, 0x02, 0x0b, 0x02, 0x1b, 0x0b, 0x04, 0x06, 
	0x12, 0x05, 0x0b, 0x00, 0x00, 0x05, 0x06, 0x05, 
	0x00, 0x1b, 0x04, 0x08, 0x00, 0x0c, 0x00, 0x04, 
	0x0e, 0x04, 0x02, 0x00, 0x04, 0x00, 0x02, 0x00, 
	0x00, 0x02, 0x0d, 0x0d, 0x0d, 0x02, 0x04, 0x06, 
	0x06, 0x06, 0x00, 0x1b, 0x04, 0x06, 0x06, 0x06, 
	0x00, 0x00, 0x04, 0x04, 0x00, 0x03, 0x03, 0x09, 
	0x06, 0x06, 0x07, 0x07, 0x07, 0x07, 0x06, 0x00, 
	0x00, 0x02, 0x02, 0x0d, 0x0d, 0x03, 0x04, 0x06, 
	0x0e, 0x06, 0x06, 0x06, 0x06, 0x04, 0x06, 0x06, 
	0x06, 0x00, 0x04, 0x00, 0x01, 0x03, 0x03, 0x0b, 
	0x00, 0x07, 0x06, 0x06, 0x07, 0x07, 0x06, 0x16, 
	0x00, 0x00, 0x00, 0x02, 0x02, 0x0b, 0x04, 0x16, 
	0x06, 0x0e, 0x06, 0x05, 0x00, 0x05, 0x05, 0x0e, 
	0x05, 0x05, 0x06, 0x00, 0x03, 0x00, 0x00, 0x03, 
	0x00, 0x00, 0x06, 0x06, 0x04, 0x00, 0x06, 0x06, 
	0x06, 0x07, 0x07, 0x01, 0x00, 0x04, 0x04, 0x05, 
	0x05, 0x06, 0x05, 0x00, 0x0a, 0x00, 0x05, 0x08, 
	0x05, 0x00, 0x00, 0x00, 0x00, 0x00, 0x00, 0x00, 
	0x04, 0x06, 0x1d, 0x06, 0x00, 0x07, 0x07, 0x07, 
	0x1a, 0x00, 0x00, 0x04, 0x00, 0x00, 0x04, 0x02, 
	0x04, 0x06, 0x06, 0x04, 0x04, 0x0a, 0x0b, 0x09, 
	0x00, 0x00, 0x00, 0x00, 0x0f, 0x00, 0x00, 0x00, 
	0x04, 0x05, 0x06, 0x06, 0x06, 0x07, 0x06, 0x00, 
	0x03, 0x00, 0x00, 0x04, 0x06, 0x06, 0x04, 0x04, 
	0x00, 0x06, 0x06, 0x06, 0x05, 0x00, 0x00, 0x00, 
	0x00, 0x00, 0x00, 0x00, 0x00, 0x00, 0x00, 0x00, 
	0x00, 0x04, 0x04, 0x06, 0x06, 0x07, 0x00, 0x09, 
	0x00, 0x02, 0x02, 0x00, 0x06, 0x16, 0x06, 0x00, 
	0x05, 0x00, 0x06, 0x06, 0x04, 0x00, 0x00, 0x05, 
	0x15, 0x00, 0x00, 0x04, 0x00, 0x00, 0x00, 0x12, 
	0x00, 0x00, 0x04, 0x12, 0x05, 0x02, 0x00, 0x0a, 
	0x00, 0x03, 0x0d, 0x0b, 0x0a, 0x06, 0x06, 0x05, 
	0x04, 0x00, 0x07, 0x06, 0x04, 0x00, 0x00, 0x06, 
	0x06, 0x15, 0x04, 0x00, 0x00, 0x00, 0x00, 0x00, 
	0x02, 0x00, 0x04, 0x06, 0x00, 0x00, 0x00, 0x00, 
	0x0c, 0x02, 0x03, 0x00, 0x06, 0x05, 0x06, 0x06, 
	0x06, 0x00, 0x12, 0x00, 0x00, 0x04, 0x05, 0x05, 
	0x06, 0x07, 0x00, 0x00, 0x00, 0x00, 0x00, 0x01, 
	0x02, 0x00, 0x00, 0x04, 0x00, 0x0c, 0x0c, 0x03, 
	0x03, 0x01, 0x00, 0x00, 0x12, 0x06, 0x06, 0x05, 
	0x06, 0x07, 0x00, 0x00, 0x00, 0x08, 0x05, 0x04, 
	0x04, 0x04, 0x00, 0x00, 0x00, 0x0a, 0x00, 0x0b, 
	
};

Gfx catamesa_dl_t_mesasand_pal_rgba16_aligner[] = {gsSPEndDisplayList()};
u8 catamesa_dl_t_mesasand_pal_rgba16[] = {
	0xe3, 0x49, 0xe3, 0x09, 0xdb, 0x09, 0xdb, 0x07, 
	0xe3, 0x4b, 0xe3, 0x8b, 0xeb, 0x8b, 0xeb, 0x4b, 
	0xe3, 0x8d, 0xe3, 0xcb, 0xe3, 0x89, 0xdb, 0x49, 
	0xe3, 0x07, 0xd2, 0xc7, 0xeb, 0x8d, 0xeb, 0xc9, 
	0xda, 0xc7, 0xeb, 0xcf, 0xeb, 0xcb, 0xec, 0x13, 
	0xe3, 0x47, 0xec, 0x11, 0xeb, 0xcd, 0xec, 0x0b, 
	0xe3, 0xc9, 0xda, 0xc9, 0xeb, 0x49, 0xd3, 0x07, 
	0xeb, 0x89, 0xec, 0x0d, 
};

Gfx catamesa_dl_t_understone_ci8_aligner[] = {gsSPEndDisplayList()};
u8 catamesa_dl_t_understone_ci8[] = {
	0x00, 0x01, 0x02, 0x03, 0x04, 0x05, 0x05, 0x05, 
	0x06, 0x07, 0x08, 0x09, 0x0a, 0x0b, 0x00, 0x06, 
	0x03, 0x05, 0x0c, 0x02, 0x02, 0x03, 0x05, 0x0d, 
	0x0c, 0x04, 0x03, 0x00, 0x07, 0x0a, 0x0a, 0x0e, 
	0x00, 0x02, 0x03, 0x05, 0x04, 0x06, 0x03, 0x01, 
	0x00, 0x0f, 0x09, 0x09, 0x07, 0x10, 0x00, 0x06, 
	0x06, 0x03, 0x11, 0x00, 0x00, 0x02, 0x05, 0x12, 
	0x12, 0x03, 0x06, 0x00, 0x07, 0x13, 0x13, 0x0a, 
	0x0b, 0x00, 0x03, 0x04, 0x06, 0x00, 0x14, 0x0b, 
	0x0a, 0x09, 0x09, 0x0f, 0x14, 0x00, 0x06, 0x02, 
	0x06, 0x0d, 0x11, 0x0a, 0x0b, 0x15, 0x0c, 0x12, 
	0x0d, 0x01, 0x02, 0x00, 0x0b, 0x13, 0x09, 0x0a, 
	0x00, 0x00, 0x16, 0x06, 0x00, 0x07, 0x09, 0x17, 
	0x09, 0x09, 0x09, 0x0b, 0x00, 0x00, 0x06, 0x06, 
	0x00, 0x01, 0x0e, 0x09, 0x13, 0x00, 0x11, 0x0c, 
	0x0d, 0x01, 0x01, 0x11, 0x00, 0x0a, 0x13, 0x0b, 
	0x03, 0x03, 0x06, 0x06, 0x0b, 0x13, 0x17, 0x17, 
	0x17, 0x09, 0x07, 0x0b, 0x0b, 0x06, 0x02, 0x18, 
	0x14, 0x0a, 0x09, 0x13, 0x17, 0x14, 0x15, 0x05, 
	0x0d, 0x05, 0x0d, 0x05, 0x0b, 0x13, 0x0b, 0x02, 
	0x05, 0x04, 0x06, 0x00, 0x07, 0x09, 0x17, 0x19, 
	0x17, 0x09, 0x07, 0x00, 0x00, 0x02, 0x02, 0x00, 
	0x0a, 0x09, 0x17, 0x17, 0x09, 0x0b, 0x03, 0x0d, 
	0x12, 0x1a, 0x12, 0x02, 0x0a, 0x09, 0x0b, 0x05, 
	0x05, 0x04, 0x16, 0x0b, 0x0a, 0x09, 0x17, 0x19, 
	0x1b, 0x09, 0x07, 0x0b, 0x00, 0x02, 0x15, 0x0a, 
	0x09, 0x17, 0x17, 0x17, 0x07, 0x15, 0x03, 0x1c, 
	0x1d, 0x1e, 0x1a, 0x02, 0x13, 0x09, 0x0b, 0x06, 
	0x15, 0x15, 0x00, 0x0b, 0x0a, 0x09, 0x17, 0x17, 
	0x09, 0x09, 0x00, 0x0e, 0x0e, 0x0e, 0x00, 0x09, 
	0x09, 0x17, 0x17, 0x09, 0x0b, 0x06, 0x04, 0x1c, 
	0x1d, 0x1e, 0x1a, 0x02, 0x13, 0x09, 0x07, 0x00, 
	0x15, 0x02, 0x15, 0x00, 0x0a, 0x09, 0x17, 0x17, 
	0x09, 0x09, 0x00, 0x0b, 0x14, 0x0b, 0x13, 0x09, 
	0x19, 0x17, 0x17, 0x13, 0x0b, 0x15, 0x03, 0x0c, 
	0x1f, 0x20, 0x0d, 0x00, 0x13, 0x09, 0x13, 0x14, 
	0x21, 0x0d, 0x03, 0x00, 0x0a, 0x09, 0x17, 0x17, 
	0x09, 0x09, 0x00, 0x0b, 0x22, 0x0b, 0x13, 0x17, 
	0x17, 0x17, 0x09, 0x13, 0x0b, 0x0b, 0x06, 0x04, 
	0x0d, 0x0d, 0x23, 0x0e, 0x13, 0x09, 0x0a, 0x02, 
	0x24, 0x25, 0x05, 0x15, 0x0a, 0x09, 0x17, 0x09, 
	0x09, 0x13, 0x00, 0x15, 0x0b, 0x0a, 0x09, 0x17, 
	0x17, 0x09, 0x13, 0x0a, 0x0e, 0x0b, 0x00, 0x0c, 
	0x0d, 0x02, 0x00, 0x0e, 0x13, 0x09, 0x0a, 0x02, 
	0x25, 0x0d, 0x15, 0x26, 0x13, 0x09, 0x17, 0x09, 
	0x09, 0x0a, 0x00, 0x00, 0x0a, 0x13, 0x17, 0x17, 
	0x17, 0x13, 0x0e, 0x00, 0x00, 0x0e, 0x02, 0x12, 
	0x12, 0x15, 0x0e, 0x0a, 0x09, 0x13, 0x07, 0x02, 
	0x05, 0x01, 0x27, 0x0a, 0x09, 0x17, 0x17, 0x09, 
	0x13, 0x0b, 0x02, 0x0b, 0x0a, 0x09, 0x19, 0x17, 
	0x09, 0x0a, 0x26, 0x28, 0x15, 0x00, 0x01, 0x12, 
	0x0d, 0x00, 0x0e, 0x13, 0x09, 0x13, 0x0b, 0x00, 
	0x05, 0x11, 0x02, 0x00, 0x09, 0x17, 0x17, 0x09, 
	0x0b, 0x15, 0x01, 0x15, 0x00, 0x17, 0x19, 0x13, 
	0x0a, 0x0e, 0x01, 0x01, 0x29, 0x2a, 0x29, 0x2b, 
	0x11, 0x01, 0x02, 0x13, 0x09, 0x13, 0x14, 0x03, 
	0x05, 0x23, 0x18, 0x00, 0x09, 0x17, 0x17, 0x09, 
	0x00, 0x01, 0x05, 0x23, 0x0b, 0x19, 0x13, 0x13, 
	0x0e, 0x00, 0x11, 0x22, 0x11, 0x2c, 0x2c, 0x29, 
	0x29, 0x2d, 0x02, 0x13, 0x09, 0x07, 0x00, 0x04, 
	0x15, 0x02, 0x02, 0x00, 0x13, 0x17, 0x17, 0x09, 
	0x00, 0x05, 0x2e, 0x05, 0x00, 0x13, 0x13, 0x0a, 
	0x0b, 0x27, 0x0d, 0x2f, 0x0c, 0x29, 0x30, 0x2f, 
	0x31, 0x11, 0x02, 0x13, 0x13, 0x07, 0x16, 0x04, 
	0x0b, 0x0a, 0x0e, 0x13, 0x09, 0x17, 0x19, 0x00, 
	0x00, 0x32, 0x2e, 0x03, 0x0b, 0x13, 0x09, 0x0a, 
	0x0e, 0x00, 0x01, 0x0c, 0x33, 0x12, 0x2f, 0x34, 
	0x2f, 0x35, 0x0e, 0x09, 0x09, 0x00, 0x06, 0x03, 
	0x0b, 0x0b, 0x0b, 0x0a, 0x36, 0x17, 0x17, 0x00, 
	0x06, 0x1c, 0x23, 0x04, 0x07, 0x13, 0x13, 0x13, 
	0x0e, 0x00, 0x01, 0x37, 0x38, 0x1d, 0x1e, 0x12, 
	0x11, 0x27, 0x13, 0x17, 0x17, 0x00, 0x03, 0x03, 
	0x06, 0x00, 0x00, 0x0b, 0x36, 0x17, 0x00, 0x00, 
	0x00, 0x05, 0x39, 0x02, 0x13, 0x13, 0x00, 0x00, 
	0x02, 0x02, 0x0c, 0x0d, 0x0d, 0x0d, 0x2e, 0x05, 
	0x02, 0x0b, 0x09, 0x17, 0x17, 0x14, 0x03, 0x03, 
	0x04, 0x03, 0x15, 0x0b, 0x09, 0x07, 0x00, 0x0a, 
	0x0b, 0x05, 0x12, 0x0d, 0x09, 0x0a, 0x02, 0x18, 
	0x23, 0x03, 0x05, 0x05, 0x03, 0x06, 0x05, 0x03, 
	0x02, 0x0b, 0x1b, 0x19, 0x17, 0x0b, 0x03, 0x05, 
	0x05, 0x0d, 0x05, 0x02, 0x09, 0x08, 0x0b, 0x00, 
	0x05, 0x05, 0x0c, 0x15, 0x13, 0x0e, 0x23, 0x23, 
	0x05, 0x03, 0x05, 0x04, 0x03, 0x03, 0x0d, 0x21, 
	0x04, 0x0b, 0x17, 0x19, 0x13, 0x0a, 0x15, 0x03, 
	0x12, 0x0d, 0x39, 0x3a, 0x17, 0x36, 0x0a, 0x15, 
	0x0c, 0x05, 0x05, 0x00, 0x0a, 0x00, 0x02, 0x01, 
	0x03, 0x0d, 0x21, 0x21, 0x3b, 0x03, 0x21, 0x3c, 
	0x03, 0x09, 0x17, 0x36, 0x13, 0x0a, 0x01, 0x21, 
	0x12, 0x0d, 0x23, 0x14, 0x17, 0x09, 0x13, 0x02, 
	0x0d, 0x0d, 0x12, 0x02, 0x14, 0x00, 0x01, 0x01, 
	0x05, 0x0d, 0x3d, 0x0d, 0x04, 0x05, 0x21, 0x05, 
	0x02, 0x09, 0x17, 0x17, 0x13, 0x0a, 0x02, 0x3c, 
	0x0d, 0x01, 0x00, 0x09, 0x17, 0x09, 0x0b, 0x01, 
	0x12, 0x1d, 0x1d, 0x12, 0x15, 0x00, 0x15, 0x01, 
	0x11, 0x3e, 0x0d, 0x0d, 0x0d, 0x0d, 0x21, 0x16, 
	0x0b, 0x09, 0x13, 0x17, 0x13, 0x0b, 0x04, 0x21, 
	0x03, 0x15, 0x0b, 0x09, 0x09, 0x0b, 0x00, 0x01, 
	0x0d, 0x1d, 0x1e, 0x37, 0x03, 0x00, 0x00, 0x01, 
	0x11, 0x0d, 0x0d, 0x05, 0x0d, 0x3d, 0x21, 0x00, 
	0x07, 0x17, 0x13, 0x13, 0x07, 0x00, 0x06, 0x03, 
	0x06, 0x14, 0x08, 0x09, 0x07, 0x15, 0x01, 0x03, 
	0x0d, 0x12, 0x1d, 0x1e, 0x21, 0x23, 0x00, 0x11, 
	0x0d, 0x3e, 0x05, 0x04, 0x21, 0x21, 0x04, 0x0b, 
	0x09, 0x17, 0x17, 0x13, 0x07, 0x00, 0x06, 0x03, 
	0x00, 0x07, 0x09, 0x09, 0x0b, 0x15, 0x15, 0x05, 
	0x0d, 0x2e, 0x1d, 0x1f, 0x3d, 0x23, 0x0b, 0x01, 
	0x3c, 0x21, 0x04, 0x03, 0x03, 0x05, 0x00, 0x08, 
	0x17, 0x13, 0x13, 0x13, 0x0b, 0x00, 0x15, 0x3f, 
	0x07, 0x09, 0x09, 0x09, 0x0b, 0x14, 0x02, 0x05, 
	0x12, 0x1c, 0x2e, 0x0d, 0x05, 0x02, 0x0b, 0x02, 
	0x02, 0x04, 0x03, 0x06, 0x05, 0x05, 0x00, 0x09, 
	0x17, 0x17, 0x09, 0x07, 0x00, 0x04, 0x06, 0x02, 
	0x0f, 0x13, 0x09, 0x0f, 0x07, 0x00, 0x03, 0x0d, 
	0x2e, 0x1c, 0x05, 0x06, 0x14, 0x07, 0x07, 0x07, 
	0x07, 0x00, 0x03, 0x04, 0x05, 0x0d, 0x00, 0x09, 
	0x17, 0x1b, 0x09, 0x07, 0x00, 0x06, 0x22, 0x3a, 
	0x07, 0x0b, 0x00, 0x07, 0x0b, 0x06, 0x05, 0x0d, 
	0x37, 0x05, 0x3f, 0x0b, 0x07, 0x09, 0x13, 0x0f, 
	0x00, 0x02, 0x05, 0x0d, 0x0d, 0x0d, 0x15, 0x13, 
	0x09, 0x09, 0x07, 0x0b, 0x00, 0x00, 0x00, 0x0b, 
	0x0b, 0x02, 0x15, 0x0b, 0x00, 0x03, 0x1c, 0x2e, 
	0x05, 0x3f, 0x07, 0x07, 0x09, 0x09, 0x13, 0x0b, 
	0x06, 0x0d, 0x12, 0x12, 0x0c, 0x0d, 0x01, 0x40, 
	0x0b, 0x0b, 0x14, 0x14, 0x0b, 0x0b, 0x0b, 0x0e, 
	0x00, 0x02, 0x00, 0x00, 0x06, 0x05, 0x0d, 0x0c, 
	0x03, 0x14, 0x07, 0x09, 0x09, 0x0a, 0x00, 0x15, 
	0x03, 0x05, 0x0d, 0x05, 0x05, 0x0d, 0x0d, 0x11, 
	0x15, 0x02, 0x06, 0x00, 0x07, 0x07, 0x07, 0x0a, 
	
};

Gfx catamesa_dl_t_understone_pal_rgba16_aligner[] = {gsSPEndDisplayList()};
u8 catamesa_dl_t_understone_pal_rgba16[] = {
	0x21, 0x83, 0x2a, 0x03, 0x29, 0xc3, 0x2a, 0x05, 
	0x32, 0x05, 0x32, 0x45, 0x29, 0xc5, 0x19, 0x03, 
	0x10, 0xc3, 0x10, 0xc1, 0x19, 0x01, 0x19, 0x43, 
	0x32, 0x85, 0x3a, 0x85, 0x19, 0x41, 0x11, 0x03, 
	0x42, 0x85, 0x32, 0x43, 0x3a, 0xc5, 0x11, 0x01, 
	0x21, 0x43, 0x21, 0xc3, 0x21, 0xc5, 0x08, 0x81, 
	0x4a, 0xc5, 0x08, 0x41, 0x43, 0x05, 0x08, 0xc1, 
	0x3a, 0x87, 0x43, 0x07, 0x4b, 0x47, 0x4b, 0x07, 
	0x63, 0xc7, 0x3a, 0x45, 0x4b, 0x05, 0x32, 0x03, 
	0x5b, 0x47, 0x42, 0x87, 0x19, 0x81, 0x21, 0x81, 
	0x43, 0x09, 0x2a, 0x43, 0x22, 0x03, 0x2a, 0x45, 
	0x2a, 0x85, 0x4b, 0x45, 0x3a, 0xc7, 0x32, 0x83, 
	0x32, 0xc3, 0x3b, 0x03, 0x3a, 0x47, 0x3b, 0x07, 
	0x53, 0x85, 0x21, 0xc1, 0x10, 0x81, 0x42, 0xc7, 
	0x4b, 0x09, 0x53, 0x05, 0x29, 0x83, 0x42, 0xc9, 
	0x53, 0x45, 0x53, 0x47, 0x42, 0xc5, 0x21, 0x85, 
	0x19, 0x83, 
};

Gfx catamesa_dl_t_0_rockyhillside_ci8_aligner[] = {gsSPEndDisplayList()};
u8 catamesa_dl_t_0_rockyhillside_ci8[] = {
	0x00, 0x01, 0x02, 0x03, 0x04, 0x03, 0x05, 0x05, 
	0x06, 0x07, 0x08, 0x09, 0x09, 0x09, 0x0a, 0x09, 
	0x0b, 0x0c, 0x04, 0x07, 0x0d, 0x05, 0x0c, 0x09, 
	0x09, 0x09, 0x09, 0x0e, 0x0e, 0x09, 0x0f, 0x0b, 
	0x0b, 0x10, 0x11, 0x02, 0x12, 0x11, 0x02, 0x05, 
	0x0c, 0x09, 0x13, 0x08, 0x14, 0x15, 0x08, 0x0f, 
	0x09, 0x16, 0x17, 0x18, 0x06, 0x10, 0x00, 0x07, 
	0x09, 0x09, 0x09, 0x09, 0x13, 0x0e, 0x08, 0x09, 
	0x09, 0x18, 0x11, 0x01, 0x19, 0x11, 0x05, 0x00, 
	0x1a, 0x09, 0x09, 0x09, 0x0e, 0x15, 0x09, 0x09, 
	0x09, 0x0f, 0x0b, 0x0c, 0x06, 0x02, 0x03, 0x0b, 
	0x09, 0x09, 0x09, 0x09, 0x09, 0x09, 0x08, 0x1b, 
	0x08, 0x0b, 0x05, 0x1c, 0x01, 0x02, 0x06, 0x09, 
	0x13, 0x09, 0x09, 0x09, 0x09, 0x08, 0x08, 0x09, 
	0x09, 0x09, 0x0f, 0x17, 0x06, 0x02, 0x06, 0x18, 
	0x07, 0x09, 0x09, 0x09, 0x09, 0x09, 0x09, 0x08, 
	0x08, 0x09, 0x04, 0x11, 0x11, 0x10, 0x00, 0x09, 
	0x09, 0x09, 0x0b, 0x09, 0x09, 0x09, 0x08, 0x09, 
	0x09, 0x09, 0x09, 0x16, 0x00, 0x02, 0x05, 0x00, 
	0x0b, 0x09, 0x09, 0x09, 0x09, 0x09, 0x09, 0x09, 
	0x08, 0x09, 0x0b, 0x10, 0x11, 0x05, 0x04, 0x09, 
	0x09, 0x18, 0x0b, 0x09, 0x09, 0x09, 0x0e, 0x0e, 
	0x09, 0x09, 0x09, 0x0f, 0x0c, 0x05, 0x05, 0x03, 
	0x18, 0x07, 0x09, 0x09, 0x09, 0x09, 0x09, 0x09, 
	0x0e, 0x0e, 0x16, 0x0d, 0x11, 0x05, 0x04, 0x09, 
	0x0b, 0x04, 0x07, 0x09, 0x09, 0x09, 0x09, 0x08, 
	0x13, 0x09, 0x09, 0x0f, 0x07, 0x10, 0x02, 0x06, 
	0x18, 0x07, 0x09, 0x09, 0x09, 0x09, 0x09, 0x09, 
	0x09, 0x08, 0x07, 0x00, 0x1d, 0x02, 0x00, 0x18, 
	0x04, 0x04, 0x09, 0x09, 0x09, 0x09, 0x09, 0x08, 
	0x08, 0x09, 0x09, 0x0f, 0x17, 0x10, 0x02, 0x06, 
	0x04, 0x17, 0x09, 0x09, 0x09, 0x09, 0x09, 0x09, 
	0x09, 0x14, 0x07, 0x18, 0x02, 0x02, 0x06, 0x00, 
	0x00, 0x18, 0x09, 0x09, 0x09, 0x09, 0x09, 0x08, 
	0x08, 0x09, 0x09, 0x09, 0x09, 0x06, 0x1e, 0x05, 
	0x00, 0x18, 0x07, 0x09, 0x09, 0x09, 0x09, 0x09, 
	0x09, 0x09, 0x09, 0x17, 0x1f, 0x1d, 0x05, 0x06, 
	0x00, 0x18, 0x09, 0x09, 0x09, 0x09, 0x09, 0x0e, 
	0x09, 0x09, 0x09, 0x09, 0x09, 0x20, 0x11, 0x02, 
	0x05, 0x06, 0x00, 0x18, 0x0b, 0x09, 0x09, 0x09, 
	0x09, 0x09, 0x09, 0x16, 0x06, 0x21, 0x05, 0x06, 
	0x03, 0x18, 0x09, 0x09, 0x09, 0x09, 0x09, 0x09, 
	0x09, 0x09, 0x09, 0x09, 0x16, 0x20, 0x01, 0x1d, 
	0x10, 0x05, 0x05, 0x20, 0x00, 0x0b, 0x09, 0x09, 
	0x09, 0x09, 0x09, 0x0b, 0x05, 0x11, 0x02, 0x05, 
	0x06, 0x04, 0x07, 0x09, 0x09, 0x09, 0x09, 0x09, 
	0x09, 0x09, 0x09, 0x0f, 0x0b, 0x10, 0x11, 0x22, 
	0x00, 0x07, 0x07, 0x0c, 0x06, 0x00, 0x09, 0x09, 
	0x09, 0x09, 0x0f, 0x23, 0x24, 0x01, 0x1d, 0x10, 
	0x05, 0x03, 0x18, 0x09, 0x09, 0x09, 0x09, 0x09, 
	0x09, 0x09, 0x16, 0x0b, 0x18, 0x06, 0x18, 0x0b, 
	0x09, 0x08, 0x09, 0x09, 0x25, 0x0d, 0x18, 0x09, 
	0x09, 0x16, 0x0b, 0x00, 0x22, 0x05, 0x02, 0x1d, 
	0x1d, 0x05, 0x03, 0x18, 0x09, 0x09, 0x09, 0x0b, 
	0x09, 0x16, 0x0b, 0x0c, 0x17, 0x0b, 0x0f, 0x0f, 
	0x08, 0x09, 0x0f, 0x0f, 0x26, 0x27, 0x00, 0x09, 
	0x0b, 0x18, 0x17, 0x07, 0x0b, 0x09, 0x28, 0x04, 
	0x20, 0x05, 0x05, 0x00, 0x0b, 0x09, 0x0b, 0x04, 
	0x18, 0x0b, 0x17, 0x17, 0x0b, 0x0f, 0x09, 0x09, 
	0x26, 0x09, 0x09, 0x09, 0x09, 0x29, 0x18, 0x0b, 
	0x18, 0x18, 0x07, 0x0b, 0x16, 0x15, 0x15, 0x0b, 
	0x14, 0x29, 0x06, 0x05, 0x04, 0x0b, 0x18, 0x06, 
	0x00, 0x07, 0x07, 0x0b, 0x09, 0x09, 0x09, 0x09, 
	0x26, 0x14, 0x09, 0x09, 0x0f, 0x09, 0x0c, 0x18, 
	0x04, 0x18, 0x0b, 0x0f, 0x0f, 0x08, 0x08, 0x09, 
	0x15, 0x0e, 0x18, 0x02, 0x03, 0x04, 0x03, 0x05, 
	0x00, 0x28, 0x16, 0x09, 0x09, 0x09, 0x09, 0x0b, 
	0x17, 0x26, 0x09, 0x09, 0x09, 0x09, 0x2a, 0x04, 
	0x04, 0x0b, 0x0f, 0x09, 0x09, 0x16, 0x14, 0x0e, 
	0x08, 0x09, 0x07, 0x10, 0x05, 0x06, 0x05, 0x02, 
	0x0c, 0x14, 0x0f, 0x09, 0x09, 0x09, 0x07, 0x18, 
	0x04, 0x17, 0x28, 0x07, 0x09, 0x09, 0x2b, 0x06, 
	0x00, 0x0b, 0x09, 0x07, 0x0b, 0x0b, 0x09, 0x08, 
	0x0e, 0x09, 0x09, 0x06, 0x11, 0x05, 0x02, 0x02, 
	0x0c, 0x09, 0x09, 0x09, 0x09, 0x07, 0x0b, 0x18, 
	0x00, 0x00, 0x07, 0x07, 0x09, 0x09, 0x07, 0x05, 
	0x03, 0x0b, 0x09, 0x0b, 0x0b, 0x0b, 0x0b, 0x09, 
	0x09, 0x09, 0x09, 0x18, 0x11, 0x11, 0x11, 0x05, 
	0x07, 0x09, 0x09, 0x09, 0x07, 0x0b, 0x0b, 0x0b, 
	0x04, 0x04, 0x17, 0x17, 0x09, 0x09, 0x07, 0x1f, 
	0x03, 0x0b, 0x16, 0x0b, 0x0b, 0x0b, 0x0b, 0x09, 
	0x09, 0x09, 0x09, 0x07, 0x02, 0x1c, 0x01, 0x10, 
	0x07, 0x09, 0x09, 0x09, 0x0b, 0x0b, 0x09, 0x09, 
	0x0b, 0x18, 0x0b, 0x17, 0x09, 0x09, 0x07, 0x06, 
	0x06, 0x0b, 0x09, 0x09, 0x09, 0x0b, 0x0b, 0x09, 
	0x09, 0x09, 0x09, 0x0f, 0x06, 0x19, 0x1c, 0x21, 
	0x04, 0x09, 0x09, 0x07, 0x0b, 0x07, 0x09, 0x09, 
	0x09, 0x0b, 0x0b, 0x09, 0x09, 0x0f, 0x28, 0x2c, 
	0x03, 0x0b, 0x09, 0x09, 0x09, 0x07, 0x0b, 0x0b, 
	0x09, 0x09, 0x09, 0x0f, 0x06, 0x01, 0x1c, 0x11, 
	0x05, 0x0b, 0x09, 0x0b, 0x18, 0x09, 0x09, 0x09, 
	0x09, 0x09, 0x0b, 0x28, 0x0e, 0x0f, 0x09, 0x0c, 
	0x06, 0x18, 0x09, 0x09, 0x09, 0x09, 0x0b, 0x0b, 
	0x07, 0x14, 0x09, 0x0f, 0x04, 0x11, 0x1c, 0x2d, 
	0x02, 0x00, 0x04, 0x00, 0x18, 0x07, 0x09, 0x09, 
	0x09, 0x09, 0x09, 0x09, 0x09, 0x09, 0x09, 0x00, 
	0x20, 0x04, 0x07, 0x09, 0x09, 0x09, 0x0b, 0x18, 
	0x18, 0x28, 0x09, 0x09, 0x0b, 0x10, 0x1d, 0x2e, 
	0x2e, 0x10, 0x10, 0x05, 0x00, 0x18, 0x0b, 0x0b, 
	0x0b, 0x0f, 0x09, 0x0b, 0x09, 0x09, 0x09, 0x03, 
	0x05, 0x00, 0x0b, 0x09, 0x09, 0x09, 0x0b, 0x04, 
	0x00, 0x07, 0x0e, 0x09, 0x16, 0x00, 0x06, 0x28, 
	0x18, 0x06, 0x21, 0x02, 0x05, 0x06, 0x00, 0x00, 
	0x04, 0x18, 0x0b, 0x0b, 0x16, 0x09, 0x09, 0x06, 
	0x05, 0x00, 0x0b, 0x09, 0x09, 0x09, 0x0b, 0x04, 
	0x00, 0x0b, 0x09, 0x09, 0x0f, 0x04, 0x2f, 0x28, 
	0x0f, 0x2b, 0x2e, 0x11, 0x1d, 0x02, 0x05, 0x20, 
	0x20, 0x20, 0x00, 0x04, 0x0b, 0x16, 0x0b, 0x10, 
	0x1d, 0x00, 0x0b, 0x09, 0x09, 0x09, 0x0b, 0x18, 
	0x04, 0x07, 0x09, 0x09, 0x16, 0x30, 0x06, 0x04, 
	0x09, 0x14, 0x0c, 0x1d, 0x1d, 0x10, 0x06, 0x00, 
	0x00, 0x00, 0x04, 0x00, 0x03, 0x20, 0x12, 0x24, 
	0x01, 0x06, 0x0b, 0x09, 0x09, 0x09, 0x07, 0x0b, 
	0x18, 0x0b, 0x09, 0x09, 0x18, 0x12, 0x10, 0x06, 
	0x18, 0x09, 0x28, 0x1f, 0x21, 0x05, 0x00, 0x28, 
	0x08, 0x0f, 0x0b, 0x18, 0x04, 0x12, 0x1c, 0x01, 
	0x01, 0x05, 0x18, 0x09, 0x09, 0x09, 0x07, 0x18, 
	0x04, 0x18, 0x0b, 0x0b, 0x23, 0x24, 0x11, 0x10, 
	0x20, 0x18, 0x28, 0x2b, 0x02, 0x20, 0x18, 0x08, 
	0x1b, 0x09, 0x09, 0x0f, 0x0b, 0x18, 0x1d, 0x1c, 
	0x1c, 0x1d, 0x00, 0x0b, 0x09, 0x09, 0x0b, 0x00, 
	0x06, 0x00, 0x0b, 0x17, 0x18, 0x20, 0x10, 0x2e, 
	0x2e, 0x03, 0x0b, 0x29, 0x06, 0x20, 0x18, 0x08, 
	0x15, 0x0e, 0x09, 0x09, 0x09, 0x0f, 0x18, 0x1e, 
	0x1d, 0x24, 0x05, 0x04, 0x0b, 0x18, 0x00, 0x20, 
	0x05, 0x04, 0x09, 0x09, 0x07, 0x16, 0x08, 0x1a, 
	0x18, 0x00, 0x04, 0x28, 0x31, 0x05, 0x18, 0x32, 
	0x09, 0x09, 0x09, 0x09, 0x09, 0x09, 0x09, 0x18, 
	
};

Gfx catamesa_dl_t_0_rockyhillside_pal_rgba16_aligner[] = {gsSPEndDisplayList()};
u8 catamesa_dl_t_0_rockyhillside_pal_rgba16[] = {
	0xac, 0x1b, 0x7a, 0xd5, 0x93, 0x59, 0xab, 0xdb, 
	0xb4, 0x1b, 0x9b, 0x99, 0xa3, 0xdb, 0xbc, 0x9d, 
	0xcc, 0xdf, 0xc4, 0x9d, 0xd5, 0x63, 0xbc, 0x5b, 
	0xb4, 0x5d, 0xa4, 0x1b, 0xcc, 0xdd, 0xc4, 0x9b, 
	0x93, 0x99, 0x83, 0x17, 0x93, 0x57, 0xcc, 0x9d, 
	0xc4, 0xdd, 0xd5, 0x21, 0xbc, 0x9b, 0xbc, 0x5d, 
	0xb4, 0x5b, 0x72, 0xd5, 0xc4, 0x9f, 0xd5, 0x61, 
	0x72, 0x95, 0x8b, 0x57, 0x8b, 0x17, 0x9b, 0xdb, 
	0xa3, 0xd9, 0x8b, 0x59, 0x9b, 0xd9, 0xac, 0x19, 
	0x83, 0x15, 0xc5, 0x21, 0xcd, 0x21, 0xbc, 0xa1, 
	0xc4, 0xdf, 0xc4, 0xe1, 0xb4, 0x9f, 0xbc, 0x9f, 
	0xac, 0x5d, 0x7a, 0xd7, 0x9b, 0x9b, 0xb4, 0x5f, 
	0xab, 0xd9, 0xac, 0x1d, 0xcd, 0x1f, 
};

Gfx catamesa_dl_bbh_textures_00000_rgba16_ci8_aligner[] = {gsSPEndDisplayList()};
u8 catamesa_dl_bbh_textures_00000_rgba16_ci8[] = {
	0x00, 0x00, 0x01, 0x02, 0x03, 0x04, 0x03, 0x05, 
	0x06, 0x07, 0x04, 0x04, 0x00, 0x04, 0x08, 0x09, 
	0x04, 0x03, 0x00, 0x0a, 0x0b, 0x0b, 0x0b, 0x0c, 
	0x08, 0x04, 0x04, 0x04, 0x04, 0x0d, 0x03, 0x0e, 
	0x0b, 0x0f, 0x0f, 0x0f, 0x0f, 0x0f, 0x0f, 0x10, 
	0x0d, 0x0f, 0x0f, 0x0f, 0x0f, 0x0f, 0x0f, 0x0b, 
	0x04, 0x0f, 0x0f, 0x0f, 0x0f, 0x0f, 0x0f, 0x09, 
	0x06, 0x0f, 0x0f, 0x0f, 0x0f, 0x0f, 0x0f, 0x07, 
	0x07, 0x0f, 0x0f, 0x0f, 0x0f, 0x0f, 0x0f, 0x10, 
	0x03, 0x0f, 0x0f, 0x0f, 0x0f, 0x0f, 0x0f, 0x00, 
	0x0b, 0x0f, 0x0f, 0x0f, 0x0f, 0x0f, 0x0f, 0x09, 
	0x06, 0x0f, 0x0f, 0x0f, 0x0f, 0x0f, 0x0f, 0x0a, 
	0x07, 0x0f, 0x0f, 0x0f, 0x0f, 0x0f, 0x0f, 0x11, 
	0x04, 0x0f, 0x0f, 0x0f, 0x0f, 0x0f, 0x0f, 0x01, 
	0x0a, 0x0f, 0x0f, 0x0f, 0x0f, 0x0f, 0x0f, 0x10, 
	0x02, 0x0f, 0x0f, 0x0f, 0x0f, 0x0f, 0x0f, 0x12, 
	0x04, 0x0f, 0x0f, 0x0f, 0x0f, 0x0f, 0x0f, 0x10, 
	0x12, 0x0f, 0x0f, 0x0f, 0x0f, 0x0f, 0x0f, 0x10, 
	0x12, 0x0f, 0x0f, 0x0f, 0x0f, 0x0f, 0x0f, 0x10, 
	0x0d, 0x0f, 0x0f, 0x0f, 0x0f, 0x0f, 0x0f, 0x13, 
	0x0a, 0x0f, 0x0f, 0x0f, 0x0f, 0x0f, 0x0f, 0x0c, 
	0x12, 0x0f, 0x0f, 0x0f, 0x0f, 0x0f, 0x0f, 0x09, 
	0x01, 0x0f, 0x0f, 0x0f, 0x0f, 0x0f, 0x0f, 0x05, 
	0x0d, 0x0f, 0x0f, 0x0f, 0x0f, 0x0f, 0x0f, 0x13, 
	0x02, 0x0f, 0x0f, 0x0f, 0x0f, 0x0f, 0x0f, 0x11, 
	0x02, 0x0f, 0x0f, 0x0f, 0x0f, 0x0f, 0x0f, 0x14, 
	0x06, 0x0f, 0x0f, 0x0f, 0x0f, 0x0f, 0x0f, 0x09, 
	0x07, 0x0f, 0x0f, 0x0f, 0x0f, 0x0f, 0x0f, 0x0e, 
	0x10, 0x07, 0x03, 0x01, 0x11, 0x10, 0x09, 0x05, 
	0x14, 0x09, 0x15, 0x16, 0x09, 0x10, 0x09, 0x13, 
	0x0e, 0x07, 0x00, 0x01, 0x0c, 0x11, 0x10, 0x17, 
	0x09, 0x11, 0x11, 0x09, 0x11, 0x0c, 0x0c, 0x13, 
	0x03, 0x04, 0x04, 0x07, 0x0a, 0x02, 0x01, 0x16, 
	0x0b, 0x0d, 0x00, 0x0a, 0x01, 0x03, 0x03, 0x10, 
	0x06, 0x04, 0x04, 0x04, 0x00, 0x00, 0x12, 0x09, 
	0x12, 0x0b, 0x0d, 0x03, 0x0b, 0x0d, 0x03, 0x09, 
	0x01, 0x0f, 0x0f, 0x0f, 0x0f, 0x0f, 0x0f, 0x07, 
	0x04, 0x0f, 0x0f, 0x0f, 0x0f, 0x0f, 0x0f, 0x11, 
	0x04, 0x0f, 0x0f, 0x0f, 0x0f, 0x0f, 0x0f, 0x0b, 
	0x0b, 0x0f, 0x0f, 0x0f, 0x0f, 0x0f, 0x0f, 0x0e, 
	0x00, 0x0f, 0x0f, 0x0f, 0x0f, 0x0f, 0x0f, 0x00, 
	0x04, 0x0f, 0x0f, 0x0f, 0x0f, 0x0f, 0x0f, 0x11, 
	0x04, 0x0f, 0x0f, 0x0f, 0x0f, 0x0f, 0x0f, 0x00, 
	0x07, 0x0f, 0x0f, 0x0f, 0x0f, 0x0f, 0x0f, 0x13, 
	0x04, 0x0f, 0x0f, 0x0f, 0x0f, 0x0f, 0x0f, 0x12, 
	0x0b, 0x0f, 0x0f, 0x0f, 0x0f, 0x0f, 0x0f, 0x09, 
	0x0b, 0x0f, 0x0f, 0x0f, 0x0f, 0x0f, 0x0f, 0x0d, 
	0x07, 0x0f, 0x0f, 0x0f, 0x0f, 0x0f, 0x0f, 0x13, 
	0x04, 0x0f, 0x0f, 0x0f, 0x0f, 0x0f, 0x0f, 0x11, 
	0x0b, 0x0f, 0x0f, 0x0f, 0x0f, 0x0f, 0x0f, 0x10, 
	0x00, 0x0f, 0x0f, 0x0f, 0x0f, 0x0f, 0x0f, 0x09, 
	0x0a, 0x0f, 0x0f, 0x0f, 0x0f, 0x0f, 0x0f, 0x13, 
	0x0d, 0x0f, 0x0f, 0x0f, 0x0f, 0x0f, 0x0f, 0x16, 
	0x04, 0x0f, 0x0f, 0x0f, 0x0f, 0x0f, 0x0f, 0x05, 
	0x06, 0x0f, 0x0f, 0x0f, 0x0f, 0x0f, 0x0f, 0x11, 
	0x04, 0x0f, 0x0f, 0x0f, 0x0f, 0x0f, 0x0f, 0x13, 
	0x04, 0x0f, 0x0f, 0x0f, 0x0f, 0x0f, 0x0f, 0x11, 
	0x00, 0x0f, 0x0f, 0x0f, 0x0f, 0x0f, 0x0f, 0x09, 
	0x06, 0x0f, 0x0f, 0x0f, 0x0f, 0x0f, 0x0f, 0x0c, 
	0x04, 0x0f, 0x0f, 0x0f, 0x0f, 0x0f, 0x0f, 0x13, 
	0x08, 0x0c, 0x05, 0x10, 0x05, 0x11, 0x09, 0x18, 
	0x09, 0x07, 0x00, 0x0d, 0x09, 0x10, 0x14, 0x17, 
	0x10, 0x0c, 0x08, 0x06, 0x09, 0x09, 0x10, 0x0e, 
	0x15, 0x0b, 0x07, 0x01, 0x14, 0x16, 0x11, 0x18, 
	0x04, 0x0b, 0x12, 0x02, 0x0d, 0x0b, 0x06, 0x05, 
	0x0a, 0x04, 0x07, 0x07, 0x02, 0x0a, 0x07, 0x11, 
	0x03, 0x04, 0x04, 0x04, 0x07, 0x0b, 0x02, 0x11, 
	0x0b, 0x04, 0x04, 0x07, 0x04, 0x04, 0x07, 0x05, 
	0x04, 0x0f, 0x0f, 0x0f, 0x0f, 0x0f, 0x0f, 0x05, 
	0x02, 0x0f, 0x0f, 0x0f, 0x0f, 0x0f, 0x0f, 0x07, 
	0x0b, 0x0f, 0x0f, 0x0f, 0x0f, 0x0f, 0x0f, 0x10, 
	0x00, 0x0f, 0x0f, 0x0f, 0x0f, 0x0f, 0x0f, 0x07, 
	0x04, 0x0f, 0x0f, 0x0f, 0x0f, 0x0f, 0x0f, 0x11, 
	0x03, 0x0f, 0x0f, 0x0f, 0x0f, 0x0f, 0x0f, 0x00, 
	0x07, 0x0f, 0x0f, 0x0f, 0x0f, 0x0f, 0x0f, 0x10, 
	0x0a, 0x0f, 0x0f, 0x0f, 0x0f, 0x0f, 0x0f, 0x00, 
	0x04, 0x0f, 0x0f, 0x0f, 0x0f, 0x0f, 0x0f, 0x05, 
	0x01, 0x0f, 0x0f, 0x0f, 0x0f, 0x0f, 0x0f, 0x01, 
	0x03, 0x0f, 0x0f, 0x0f, 0x0f, 0x0f, 0x0f, 0x11, 
	0x0b, 0x0f, 0x0f, 0x0f, 0x0f, 0x0f, 0x0f, 0x12, 
	0x0d, 0x0f, 0x0f, 0x0f, 0x0f, 0x0f, 0x0f, 0x10, 
	0x0a, 0x0f, 0x0f, 0x0f, 0x0f, 0x0f, 0x0f, 0x06, 
	0x04, 0x0f, 0x0f, 0x0f, 0x0f, 0x0f, 0x0f, 0x16, 
	0x04, 0x0f, 0x0f, 0x0f, 0x0f, 0x0f, 0x0f, 0x09, 
	0x02, 0x0f, 0x0f, 0x0f, 0x0f, 0x0f, 0x0f, 0x09, 
	0x04, 0x0f, 0x0f, 0x0f, 0x0f, 0x0f, 0x0f, 0x16, 
	0x0a, 0x0f, 0x0f, 0x0f, 0x0f, 0x0f, 0x0f, 0x09, 
	0x0a, 0x0f, 0x0f, 0x0f, 0x0f, 0x0f, 0x0f, 0x10, 
	0x02, 0x0f, 0x0f, 0x0f, 0x0f, 0x0f, 0x0f, 0x11, 
	0x0b, 0x0f, 0x0f, 0x0f, 0x0f, 0x0f, 0x0f, 0x06, 
	0x0a, 0x0f, 0x0f, 0x0f, 0x0f, 0x0f, 0x0f, 0x05, 
	0x16, 0x0f, 0x0f, 0x0f, 0x0f, 0x0f, 0x0f, 0x0e, 
	0x05, 0x07, 0x00, 0x12, 0x10, 0x11, 0x0c, 0x13, 
	0x16, 0x0c, 0x0c, 0x09, 0x15, 0x16, 0x14, 0x0e, 
	0x06, 0x0b, 0x00, 0x01, 0x09, 0x16, 0x11, 0x05, 
	0x0c, 0x15, 0x11, 0x0e, 0x10, 0x05, 0x10, 0x0e, 
	0x02, 0x04, 0x0b, 0x00, 0x03, 0x0b, 0x12, 0x05, 
	0x00, 0x04, 0x04, 0x0a, 0x03, 0x0a, 0x0a, 0x0c, 
	0x07, 0x04, 0x04, 0x04, 0x0d, 0x04, 0x00, 0x14, 
	0x02, 0x0a, 0x00, 0x08, 0x0d, 0x01, 0x16, 0x13, 
	0x04, 0x0f, 0x0f, 0x0f, 0x0f, 0x0f, 0x0f, 0x07, 
	0x04, 0x0f, 0x0f, 0x0f, 0x0f, 0x0f, 0x0f, 0x0c, 
	0x03, 0x0f, 0x0f, 0x0f, 0x0f, 0x0f, 0x0f, 0x0b, 
	0x04, 0x0f, 0x0f, 0x0f, 0x0f, 0x0f, 0x0f, 0x13, 
	0x04, 0x0f, 0x0f, 0x0f, 0x0f, 0x0f, 0x0f, 0x00, 
	0x07, 0x0f, 0x0f, 0x0f, 0x0f, 0x0f, 0x0f, 0x11, 
	0x04, 0x0f, 0x0f, 0x0f, 0x0f, 0x0f, 0x0f, 0x00, 
	0x04, 0x0f, 0x0f, 0x0f, 0x0f, 0x0f, 0x0f, 0x13, 
	0x04, 0x0f, 0x0f, 0x0f, 0x0f, 0x0f, 0x0f, 0x12, 
	0x0d, 0x0f, 0x0f, 0x0f, 0x0f, 0x0f, 0x0f, 0x10, 
	0x04, 0x0f, 0x0f, 0x0f, 0x0f, 0x0f, 0x0f, 0x01, 
	0x07, 0x0f, 0x0f, 0x0f, 0x0f, 0x0f, 0x0f, 0x13, 
	0x07, 0x0f, 0x0f, 0x0f, 0x0f, 0x0f, 0x0f, 0x09, 
	0x08, 0x0f, 0x0f, 0x0f, 0x0f, 0x0f, 0x0f, 0x09, 
	0x04, 0x0f, 0x0f, 0x0f, 0x0f, 0x0f, 0x0f, 0x14, 
	0x0d, 0x0f, 0x0f, 0x0f, 0x0f, 0x0f, 0x0f, 0x0e, 
	0x04, 0x0f, 0x0f, 0x0f, 0x0f, 0x0f, 0x0f, 0x16, 
	0x0b, 0x0f, 0x0f, 0x0f, 0x0f, 0x0f, 0x0f, 0x10, 
	0x07, 0x0f, 0x0f, 0x0f, 0x0f, 0x0f, 0x0f, 0x08, 
	0x04, 0x0f, 0x0f, 0x0f, 0x0f, 0x0f, 0x0f, 0x10, 
	0x12, 0x0f, 0x0f, 0x0f, 0x0f, 0x0f, 0x0f, 0x16, 
	0x04, 0x0f, 0x0f, 0x0f, 0x0f, 0x0f, 0x0f, 0x09, 
	0x00, 0x0f, 0x0f, 0x0f, 0x0f, 0x0f, 0x0f, 0x0c, 
	0x00, 0x0f, 0x0f, 0x0f, 0x0f, 0x0f, 0x0f, 0x0e, 
	0x16, 0x16, 0x05, 0x13, 0x13, 0x13, 0x13, 0x18, 
	0x10, 0x0b, 0x00, 0x02, 0x15, 0x16, 0x09, 0x18, 
	0x05, 0x11, 0x09, 0x0e, 0x13, 0x0e, 0x14, 0x13, 
	0x10, 0x07, 0x00, 0x12, 0x0e, 0x05, 0x0e, 0x18, 
	
};

Gfx catamesa_dl_bbh_textures_00000_rgba16_pal_rgba16_aligner[] = {gsSPEndDisplayList()};
u8 catamesa_dl_bbh_textures_00000_rgba16_pal_rgba16[] = {
	0x20, 0x01, 0x40, 0x01, 0x38, 0x01, 0x18, 0x01, 
	0x00, 0x01, 0x98, 0x01, 0x58, 0x01, 0x10, 0x01, 
	0x50, 0x01, 0x88, 0x01, 0x28, 0x01, 0x08, 0x01, 
	0x78, 0x01, 0x30, 0x01, 0xa0, 0x01, 0x4a, 0x56, 
	0x90, 0x01, 0x80, 0x01, 0x48, 0x01, 0xa8, 0x01, 
	0x70, 0x01, 0x68, 0x01, 0x60, 0x01, 0xb0, 0x01, 
	0xb8, 0x01, 
};

Gfx catamesa_dl_t_tombbricks_ci8_aligner[] = {gsSPEndDisplayList()};
u8 catamesa_dl_t_tombbricks_ci8[] = {
	0x00, 0x00, 0x00, 0x00, 0x00, 0x01, 0x01, 0x01, 
	0x01, 0x00, 0x02, 0x02, 0x02, 0x02, 0x03, 0x03, 
	0x04, 0x00, 0x00, 0x01, 0x01, 0x01, 0x01, 0x01, 
	0x00, 0x00, 0x00, 0x00, 0x00, 0x00, 0x00, 0x00, 
	0x05, 0x06, 0x07, 0x08, 0x08, 0x08, 0x09, 0x09, 
	0x09, 0x09, 0x09, 0x09, 0x09, 0x07, 0x0a, 0x0b, 
	0x0b, 0x0c, 0x0c, 0x0d, 0x07, 0x09, 0x0e, 0x08, 
	0x08, 0x08, 0x08, 0x08, 0x0f, 0x06, 0x05, 0x00, 
	0x10, 0x11, 0x12, 0x13, 0x14, 0x12, 0x15, 0x15, 
	0x15, 0x15, 0x15, 0x15, 0x16, 0x16, 0x16, 0x17, 
	0x16, 0x16, 0x16, 0x16, 0x15, 0x15, 0x18, 0x12, 
	0x12, 0x12, 0x14, 0x13, 0x13, 0x19, 0x06, 0x00, 
	0x1a, 0x16, 0x1b, 0x12, 0x12, 0x15, 0x16, 0x1c, 
	0x1c, 0x1c, 0x1c, 0x1c, 0x1c, 0x1d, 0x1d, 0x16, 
	0x16, 0x16, 0x16, 0x16, 0x15, 0x16, 0x16, 0x15, 
	0x15, 0x15, 0x12, 0x12, 0x13, 0x16, 0x1a, 0x00, 
	0x0b, 0x15, 0x13, 0x12, 0x15, 0x16, 0x1c, 0x11, 
	0x11, 0x11, 0x11, 0x11, 0x11, 0x11, 0x11, 0x1c, 
	0x1c, 0x1c, 0x16, 0x1d, 0x1c, 0x1c, 0x1c, 0x11, 
	0x1d, 0x15, 0x15, 0x12, 0x13, 0x15, 0x0b, 0x1e, 
	0x0b, 0x15, 0x13, 0x12, 0x15, 0x19, 0x1f, 0x20, 
	0x20, 0x21, 0x20, 0x20, 0x1f, 0x11, 0x11, 0x11, 
	0x1c, 0x11, 0x11, 0x11, 0x11, 0x11, 0x11, 0x11, 
	0x1f, 0x1c, 0x16, 0x12, 0x12, 0x15, 0x0b, 0x1e, 
	0x0b, 0x15, 0x13, 0x12, 0x15, 0x11, 0x11, 0x20, 
	0x21, 0x21, 0x20, 0x20, 0x20, 0x11, 0x11, 0x11, 
	0x1c, 0x11, 0x11, 0x11, 0x11, 0x11, 0x11, 0x11, 
	0x11, 0x11, 0x1c, 0x15, 0x12, 0x16, 0x0b, 0x1e, 
	0x0b, 0x16, 0x22, 0x12, 0x23, 0x19, 0x11, 0x11, 
	0x20, 0x20, 0x11, 0x11, 0x11, 0x11, 0x11, 0x11, 
	0x1c, 0x1c, 0x1c, 0x11, 0x11, 0x11, 0x11, 0x11, 
	0x11, 0x11, 0x1c, 0x15, 0x12, 0x16, 0x0b, 0x1e, 
	0x0c, 0x11, 0x18, 0x18, 0x15, 0x16, 0x1c, 0x11, 
	0x11, 0x11, 0x11, 0x11, 0x11, 0x11, 0x11, 0x11, 
	0x1c, 0x16, 0x16, 0x16, 0x1c, 0x11, 0x11, 0x11, 
	0x11, 0x11, 0x11, 0x16, 0x18, 0x1c, 0x0c, 0x00, 
	0x1a, 0x09, 0x17, 0x17, 0x17, 0x17, 0x11, 0x08, 
	0x24, 0x08, 0x08, 0x08, 0x08, 0x08, 0x08, 0x11, 
	0x11, 0x16, 0x16, 0x16, 0x16, 0x11, 0x08, 0x08, 
	0x08, 0x08, 0x08, 0x11, 0x17, 0x09, 0x1a, 0x00, 
	0x25, 0x0b, 0x07, 0x07, 0x09, 0x08, 0x08, 0x09, 
	0x09, 0x09, 0x09, 0x09, 0x09, 0x09, 0x09, 0x0e, 
	0x08, 0x08, 0x26, 0x11, 0x08, 0x0e, 0x09, 0x07, 
	0x07, 0x07, 0x0b, 0x27, 0x07, 0x27, 0x28, 0x00, 
	0x29, 0x25, 0x25, 0x25, 0x0b, 0x0b, 0x27, 0x0b, 
	0x0c, 0x0c, 0x0b, 0x2a, 0x0b, 0x0b, 0x07, 0x07, 
	0x0f, 0x0e, 0x0e, 0x0e, 0x07, 0x0b, 0x0c, 0x0c, 
	0x0c, 0x25, 0x25, 0x25, 0x25, 0x2b, 0x2c, 0x00, 
	0x2d, 0x2e, 0x2e, 0x2b, 0x2b, 0x25, 0x25, 0x25, 
	0x29, 0x29, 0x29, 0x25, 0x29, 0x29, 0x29, 0x0c, 
	0x0c, 0x0c, 0x0c, 0x0c, 0x25, 0x29, 0x2f, 0x30, 
	0x29, 0x2b, 0x2b, 0x2f, 0x2f, 0x2b, 0x2c, 0x00, 
	0x2c, 0x2b, 0x2b, 0x2b, 0x2b, 0x2b, 0x2b, 0x2b, 
	0x2f, 0x2b, 0x31, 0x29, 0x29, 0x29, 0x29, 0x29, 
	0x29, 0x29, 0x29, 0x29, 0x2b, 0x2f, 0x2d, 0x2d, 
	0x2f, 0x2b, 0x2b, 0x2b, 0x2f, 0x2d, 0x1e, 0x00, 
	0x1e, 0x2d, 0x2f, 0x2b, 0x2b, 0x2b, 0x2b, 0x2b, 
	0x2b, 0x2b, 0x2b, 0x2b, 0x2b, 0x2f, 0x2d, 0x2d, 
	0x2d, 0x2d, 0x2f, 0x2f, 0x2f, 0x2f, 0x2b, 0x2b, 
	0x2b, 0x2b, 0x2b, 0x2b, 0x2d, 0x32, 0x1e, 0x00, 
	0x02, 0x1e, 0x1e, 0x1e, 0x2c, 0x2c, 0x2c, 0x2c, 
	0x2c, 0x2c, 0x2c, 0x2d, 0x32, 0x32, 0x2c, 0x2c, 
	0x1e, 0x2c, 0x2c, 0x2c, 0x2c, 0x2c, 0x2c, 0x2c, 
	0x32, 0x32, 0x2c, 0x2c, 0x2c, 0x1e, 0x02, 0x00, 
	0x01, 0x01, 0x01, 0x01, 0x01, 0x00, 0x00, 0x00, 
	0x00, 0x00, 0x00, 0x00, 0x1e, 0x1e, 0x02, 0x00, 
	0x00, 0x00, 0x00, 0x00, 0x00, 0x00, 0x00, 0x00, 
	0x00, 0x00, 0x00, 0x00, 0x00, 0x00, 0x00, 0x00, 
	0x07, 0x07, 0x0b, 0x0b, 0x07, 0x07, 0x07, 0x09, 
	0x0e, 0x0e, 0x08, 0x08, 0x07, 0x06, 0x33, 0x00, 
	0x33, 0x34, 0x07, 0x08, 0x08, 0x08, 0x08, 0x08, 
	0x08, 0x08, 0x08, 0x08, 0x0e, 0x35, 0x35, 0x09, 
	0x15, 0x16, 0x1c, 0x16, 0x16, 0x15, 0x15, 0x16, 
	0x18, 0x12, 0x12, 0x13, 0x12, 0x24, 0x34, 0x00, 
	0x36, 0x09, 0x12, 0x1b, 0x13, 0x13, 0x14, 0x12, 
	0x12, 0x12, 0x12, 0x12, 0x12, 0x12, 0x12, 0x12, 
	0x16, 0x1c, 0x1c, 0x1c, 0x16, 0x16, 0x15, 0x15, 
	0x16, 0x15, 0x15, 0x12, 0x12, 0x11, 0x06, 0x00, 
	0x06, 0x11, 0x13, 0x13, 0x12, 0x12, 0x16, 0x15, 
	0x15, 0x15, 0x15, 0x15, 0x12, 0x12, 0x12, 0x15, 
	0x1d, 0x1c, 0x1c, 0x1c, 0x1c, 0x16, 0x16, 0x16, 
	0x1d, 0x16, 0x15, 0x15, 0x12, 0x1c, 0x1a, 0x00, 
	0x1a, 0x16, 0x13, 0x12, 0x12, 0x15, 0x15, 0x15, 
	0x16, 0x15, 0x15, 0x15, 0x15, 0x15, 0x15, 0x15, 
	0x1c, 0x11, 0x11, 0x11, 0x11, 0x1c, 0x1c, 0x1c, 
	0x1c, 0x11, 0x1c, 0x15, 0x12, 0x1d, 0x1a, 0x00, 
	0x0c, 0x15, 0x13, 0x12, 0x15, 0x16, 0x1c, 0x1c, 
	0x1c, 0x1c, 0x1c, 0x16, 0x16, 0x16, 0x16, 0x16, 
	0x19, 0x1c, 0x11, 0x11, 0x11, 0x11, 0x11, 0x11, 
	0x11, 0x11, 0x11, 0x16, 0x18, 0x1c, 0x1a, 0x00, 
	0x0c, 0x15, 0x12, 0x18, 0x15, 0x16, 0x1c, 0x11, 
	0x11, 0x11, 0x1c, 0x1c, 0x16, 0x16, 0x16, 0x16, 
	0x16, 0x1c, 0x11, 0x11, 0x11, 0x11, 0x11, 0x11, 
	0x08, 0x24, 0x08, 0x11, 0x16, 0x11, 0x1a, 0x00, 
	0x0c, 0x16, 0x18, 0x15, 0x16, 0x1c, 0x11, 0x11, 
	0x11, 0x11, 0x11, 0x1c, 0x19, 0x16, 0x16, 0x16, 
	0x11, 0x11, 0x08, 0x21, 0x21, 0x21, 0x21, 0x21, 
	0x09, 0x09, 0x09, 0x08, 0x16, 0x11, 0x0c, 0x00, 
	0x0c, 0x11, 0x37, 0x16, 0x11, 0x11, 0x11, 0x11, 
	0x11, 0x11, 0x11, 0x11, 0x11, 0x11, 0x11, 0x11, 
	0x08, 0x08, 0x09, 0x09, 0x07, 0x07, 0x07, 0x07, 
	0x0b, 0x0b, 0x07, 0x09, 0x08, 0x09, 0x1a, 0x00, 
	0x1a, 0x09, 0x11, 0x08, 0x08, 0x08, 0x11, 0x11, 
	0x11, 0x08, 0x08, 0x08, 0x08, 0x08, 0x08, 0x08, 
	0x07, 0x07, 0x07, 0x0b, 0x0b, 0x0c, 0x0c, 0x0c, 
	0x0c, 0x0c, 0x0c, 0x0b, 0x27, 0x0b, 0x29, 0x00, 
	0x32, 0x27, 0x07, 0x0a, 0x07, 0x09, 0x08, 0x08, 
	0x08, 0x0f, 0x09, 0x09, 0x09, 0x09, 0x09, 0x07, 
	0x38, 0x07, 0x38, 0x2a, 0x0c, 0x29, 0x39, 0x39, 
	0x39, 0x29, 0x29, 0x29, 0x25, 0x2e, 0x2f, 0x00, 
	0x2c, 0x2b, 0x25, 0x25, 0x0c, 0x0b, 0x07, 0x07, 
	0x27, 0x27, 0x07, 0x07, 0x07, 0x07, 0x38, 0x38, 
	0x0c, 0x0b, 0x0b, 0x0b, 0x25, 0x29, 0x2f, 0x2f, 
	0x2f, 0x2f, 0x2f, 0x2f, 0x2b, 0x2b, 0x2c, 0x00, 
	0x2c, 0x2b, 0x2b, 0x2b, 0x2b, 0x29, 0x25, 0x25, 
	0x25, 0x25, 0x0c, 0x0c, 0x0c, 0x0c, 0x0c, 0x0c, 
	0x25, 0x25, 0x25, 0x25, 0x29, 0x2b, 0x2d, 0x2d, 
	0x2f, 0x2f, 0x2b, 0x2b, 0x2f, 0x2d, 0x1e, 0x00, 
	0x1e, 0x2d, 0x2f, 0x2b, 0x2b, 0x2b, 0x2b, 0x2b, 
	0x2b, 0x2b, 0x25, 0x25, 0x25, 0x25, 0x25, 0x25, 
	0x2b, 0x2b, 0x2b, 0x2b, 0x2b, 0x2b, 0x2b, 0x2b, 
	0x2b, 0x2b, 0x2b, 0x2b, 0x2d, 0x2c, 0x1e, 0x00, 
	0x02, 0x1e, 0x1e, 0x2f, 0x2b, 0x2b, 0x2b, 0x2b, 
	0x2b, 0x2b, 0x2b, 0x2b, 0x2b, 0x2b, 0x2b, 0x2b, 
	0x2d, 0x2d, 0x2d, 0x2d, 0x2d, 0x2d, 0x2d, 0x28, 
	0x28, 0x2d, 0x2d, 0x2d, 0x2c, 0x1e, 0x02, 0x04, 
	0x04, 0x3a, 0x02, 0x1e, 0x2c, 0x2c, 0x2d, 0x2d, 
	0x2d, 0x2d, 0x2d, 0x2d, 0x2d, 0x2d, 0x2d, 0x2d, 
	
};

Gfx catamesa_dl_t_tombbricks_pal_rgba16_aligner[] = {gsSPEndDisplayList()};
u8 catamesa_dl_t_tombbricks_pal_rgba16[] = {
	0x01, 0x01, 0x00, 0xc1, 0x09, 0x43, 0x01, 0x43, 
	0x01, 0x03, 0x11, 0x85, 0x22, 0x47, 0x2b, 0x0b, 
	0x33, 0x8d, 0x2b, 0x4b, 0x23, 0x0b, 0x22, 0xc9, 
	0x22, 0x89, 0x22, 0xcb, 0x33, 0x4d, 0x33, 0x4b, 
	0x1a, 0x45, 0x33, 0xcd, 0x44, 0x91, 0x4c, 0xd3, 
	0x44, 0xd1, 0x3c, 0x4f, 0x3c, 0x0f, 0x3b, 0xcf, 
	0x44, 0x51, 0x3c, 0x0d, 0x22, 0x87, 0x4d, 0x13, 
	0x34, 0x0d, 0x34, 0x0f, 0x09, 0x83, 0x33, 0xcb, 
	0x2b, 0xcb, 0x2b, 0x8b, 0x4c, 0x93, 0x44, 0x4f, 
	0x33, 0x8b, 0x1a, 0x87, 0x3b, 0xcd, 0x23, 0x09, 
	0x09, 0xc5, 0x1a, 0x47, 0x2a, 0xc9, 0x12, 0x45, 
	0x09, 0xc3, 0x0a, 0x05, 0x12, 0x85, 0x12, 0x05, 
	0x12, 0x07, 0x12, 0x47, 0x0a, 0x03, 0x11, 0x83, 
	0x1a, 0x05, 0x2b, 0x4d, 0x11, 0xc5, 0x44, 0x0f, 
	0x2a, 0xcb, 0x1a, 0x07, 0x09, 0x03, 
};

Gfx catamesa_dl_t_tombfloor_green_ci8_aligner[] = {gsSPEndDisplayList()};
u8 catamesa_dl_t_tombfloor_green_ci8[] = {
	0x00, 0x01, 0x02, 0x03, 0x01, 0x01, 0x01, 0x01, 
	0x01, 0x01, 0x01, 0x01, 0x03, 0x02, 0x01, 0x04, 
	0x00, 0x04, 0x01, 0x02, 0x05, 0x05, 0x05, 0x05, 
	0x05, 0x05, 0x05, 0x05, 0x05, 0x05, 0x02, 0x01, 
	0x04, 0x06, 0x06, 0x01, 0x07, 0x04, 0x08, 0x08, 
	0x09, 0x08, 0x04, 0x07, 0x01, 0x06, 0x06, 0x01, 
	0x04, 0x01, 0x06, 0x06, 0x05, 0x01, 0x01, 0x01, 
	0x0a, 0x01, 0x01, 0x01, 0x01, 0x05, 0x06, 0x06, 
	0x01, 0x06, 0x01, 0x0b, 0x00, 0x0c, 0x0d, 0x0d, 
	0x0d, 0x0d, 0x0d, 0x00, 0x04, 0x01, 0x06, 0x02, 
	0x02, 0x02, 0x06, 0x05, 0x01, 0x07, 0x0e, 0x0b, 
	0x04, 0x04, 0x07, 0x07, 0x0f, 0x01, 0x05, 0x06, 
	0x02, 0x02, 0x01, 0x04, 0x00, 0x0d, 0x10, 0x11, 
	0x11, 0x11, 0x0d, 0x0d, 0x00, 0x04, 0x01, 0x01, 
	0x02, 0x05, 0x05, 0x01, 0x07, 0x0b, 0x04, 0x04, 
	0x04, 0x0b, 0x04, 0x04, 0x07, 0x01, 0x05, 0x02, 
	0x02, 0x01, 0x0b, 0x00, 0x0d, 0x10, 0x11, 0x11, 
	0x11, 0x11, 0x11, 0x0d, 0x0d, 0x00, 0x0b, 0x01, 
	0x02, 0x05, 0x01, 0x07, 0x0b, 0x0e, 0x04, 0x00, 
	0x00, 0x00, 0x09, 0x04, 0x04, 0x07, 0x01, 0x05, 
	0x02, 0x01, 0x04, 0x00, 0x0d, 0x11, 0x11, 0x12, 
	0x13, 0x12, 0x11, 0x11, 0x0d, 0x0d, 0x04, 0x01, 
	0x14, 0x05, 0x01, 0x0e, 0x04, 0x08, 0x04, 0x00, 
	0x00, 0x00, 0x00, 0x08, 0x04, 0x07, 0x01, 0x05, 
	0x14, 0x01, 0x04, 0x0d, 0x15, 0x11, 0x11, 0x13, 
	0x16, 0x13, 0x12, 0x11, 0x0d, 0x0d, 0x08, 0x01, 
	0x06, 0x05, 0x01, 0x0b, 0x04, 0x00, 0x00, 0x00, 
	0x00, 0x00, 0x00, 0x00, 0x04, 0x07, 0x0a, 0x05, 
	0x06, 0x0f, 0x04, 0x0d, 0x0d, 0x11, 0x11, 0x13, 
	0x16, 0x16, 0x13, 0x11, 0x11, 0x0d, 0x09, 0x01, 
	0x06, 0x05, 0x01, 0x0b, 0x04, 0x00, 0x00, 0x00, 
	0x0c, 0x0c, 0x00, 0x00, 0x08, 0x07, 0x01, 0x05, 
	0x06, 0x01, 0x04, 0x0d, 0x0d, 0x11, 0x11, 0x12, 
	0x13, 0x11, 0x12, 0x11, 0x15, 0x0d, 0x09, 0x0a, 
	0x14, 0x05, 0x01, 0x07, 0x04, 0x08, 0x04, 0x00, 
	0x00, 0x00, 0x00, 0x00, 0x08, 0x04, 0x0a, 0x05, 
	0x14, 0x01, 0x04, 0x00, 0x0d, 0x0d, 0x11, 0x11, 
	0x11, 0x11, 0x11, 0x11, 0x0d, 0x00, 0x04, 0x01, 
	0x02, 0x05, 0x01, 0x07, 0x04, 0x04, 0x08, 0x00, 
	0x00, 0x00, 0x00, 0x00, 0x0e, 0x07, 0x01, 0x05, 
	0x02, 0x01, 0x07, 0x00, 0x00, 0x0d, 0x0d, 0x11, 
	0x11, 0x11, 0x11, 0x10, 0x0d, 0x00, 0x04, 0x01, 
	0x02, 0x05, 0x01, 0x07, 0x0e, 0x04, 0x04, 0x04, 
	0x08, 0x09, 0x08, 0x04, 0x04, 0x07, 0x01, 0x05, 
	0x02, 0x01, 0x01, 0x04, 0x08, 0x00, 0x0d, 0x0d, 
	0x0d, 0x0d, 0x0d, 0x0d, 0x00, 0x04, 0x01, 0x02, 
	0x02, 0x02, 0x05, 0x01, 0x07, 0x0b, 0x04, 0x04, 
	0x04, 0x04, 0x04, 0x07, 0x07, 0x01, 0x05, 0x05, 
	0x02, 0x02, 0x06, 0x01, 0x04, 0x00, 0x0c, 0x0d, 
	0x0d, 0x0d, 0x0d, 0x00, 0x09, 0x0b, 0x01, 0x06, 
	0x01, 0x06, 0x05, 0x01, 0x0f, 0x07, 0x07, 0x07, 
	0x0e, 0x0e, 0x0e, 0x07, 0x01, 0x05, 0x06, 0x02, 
	0x04, 0x01, 0x06, 0x06, 0x01, 0x07, 0x04, 0x04, 
	0x04, 0x04, 0x04, 0x04, 0x0e, 0x01, 0x06, 0x06, 
	0x04, 0x06, 0x06, 0x05, 0x01, 0x01, 0x01, 0x01, 
	0x01, 0x01, 0x01, 0x01, 0x05, 0x06, 0x06, 0x01, 
	0x00, 0x04, 0x01, 0x02, 0x01, 0x01, 0x01, 0x01, 
	0x01, 0x01, 0x01, 0x0a, 0x01, 0x01, 0x02, 0x01, 
	0x00, 0x01, 0x02, 0x05, 0x05, 0x05, 0x05, 0x05, 
	0x05, 0x05, 0x03, 0x05, 0x05, 0x02, 0x01, 0x04, 
	0x16, 0x00, 0x04, 0x02, 0x02, 0x02, 0x14, 0x14, 
	0x06, 0x06, 0x14, 0x14, 0x02, 0x02, 0x02, 0x04, 
	0x16, 0x04, 0x02, 0x02, 0x02, 0x02, 0x14, 0x06, 
	0x06, 0x14, 0x02, 0x02, 0x02, 0x02, 0x04, 0x00, 
	0x00, 0x04, 0x01, 0x02, 0x05, 0x05, 0x03, 0x03, 
	0x03, 0x03, 0x03, 0x03, 0x05, 0x05, 0x02, 0x01, 
	0x00, 0x01, 0x02, 0x0a, 0x07, 0x07, 0x07, 0x07, 
	0x07, 0x07, 0x07, 0x07, 0x0a, 0x02, 0x01, 0x04, 
	0x04, 0x01, 0x06, 0x06, 0x03, 0x01, 0x01, 0x0f, 
	0x0f, 0x0f, 0x01, 0x0f, 0x01, 0x03, 0x06, 0x06, 
	0x04, 0x06, 0x06, 0x07, 0x08, 0x00, 0x0d, 0x0d, 
	0x0d, 0x0d, 0x00, 0x08, 0x07, 0x06, 0x06, 0x01, 
	0x02, 0x02, 0x06, 0x03, 0x0f, 0x07, 0x04, 0x04, 
	0x04, 0x04, 0x0b, 0x0e, 0x07, 0x01, 0x05, 0x06, 
	0x01, 0x06, 0x0f, 0x00, 0x0d, 0x11, 0x11, 0x13, 
	0x16, 0x12, 0x11, 0x0d, 0x00, 0x07, 0x06, 0x02, 
	0x02, 0x05, 0x03, 0x0f, 0x07, 0x04, 0x04, 0x04, 
	0x04, 0x04, 0x04, 0x04, 0x07, 0x0a, 0x05, 0x02, 
	0x02, 0x02, 0x07, 0x00, 0x10, 0x16, 0x16, 0x12, 
	0x16, 0x16, 0x16, 0x11, 0x0d, 0x00, 0x07, 0x0a, 
	0x02, 0x03, 0x01, 0x07, 0x04, 0x09, 0x00, 0x04, 
	0x00, 0x00, 0x08, 0x04, 0x04, 0x07, 0x01, 0x05, 
	0x02, 0x0f, 0x00, 0x0d, 0x13, 0x16, 0x17, 0x18, 
	0x18, 0x18, 0x19, 0x16, 0x11, 0x0d, 0x08, 0x07, 
	0x14, 0x03, 0x0f, 0x04, 0x09, 0x00, 0x00, 0x00, 
	0x00, 0x00, 0x00, 0x08, 0x04, 0x07, 0x01, 0x03, 
	0x02, 0x07, 0x00, 0x0d, 0x16, 0x18, 0x18, 0x1a, 
	0x1b, 0x18, 0x18, 0x16, 0x16, 0x11, 0x0c, 0x07, 
	0x06, 0x03, 0x07, 0x0e, 0x00, 0x00, 0x00, 0x08, 
	0x0d, 0x0c, 0x00, 0x00, 0x04, 0x0b, 0x01, 0x03, 
	0x14, 0x07, 0x0d, 0x16, 0x17, 0x18, 0x1b, 0x1c, 
	0x1c, 0x1c, 0x1a, 0x16, 0x12, 0x13, 0x0d, 0x07, 
	0x06, 0x03, 0x07, 0x04, 0x00, 0x00, 0x0c, 0x0d, 
	0x0d, 0x0d, 0x00, 0x00, 0x04, 0x04, 0x0f, 0x03, 
	0x06, 0x07, 0x0d, 0x11, 0x17, 0x18, 0x1c, 0x18, 
	0x1c, 0x1c, 0x1b, 0x18, 0x16, 0x16, 0x0d, 0x07, 
	0x14, 0x03, 0x07, 0x04, 0x00, 0x00, 0x0d, 0x0d, 
	0x0d, 0x0d, 0x00, 0x00, 0x04, 0x04, 0x0f, 0x03, 
	0x06, 0x07, 0x0d, 0x13, 0x19, 0x18, 0x1b, 0x1c, 
	0x1c, 0x1c, 0x1b, 0x18, 0x13, 0x13, 0x0d, 0x07, 
	0x02, 0x03, 0x0f, 0x04, 0x09, 0x00, 0x0c, 0x0d, 
	0x0d, 0x00, 0x00, 0x00, 0x04, 0x04, 0x0f, 0x03, 
	0x14, 0x07, 0x0c, 0x11, 0x16, 0x17, 0x18, 0x1b, 
	0x1c, 0x1c, 0x18, 0x19, 0x16, 0x11, 0x00, 0x07, 
	0x02, 0x03, 0x0a, 0x0e, 0x04, 0x00, 0x00, 0x00, 
	0x00, 0x00, 0x00, 0x08, 0x04, 0x07, 0x01, 0x05, 
	0x02, 0x07, 0x09, 0x0d, 0x11, 0x11, 0x18, 0x18, 
	0x18, 0x18, 0x18, 0x16, 0x13, 0x0d, 0x00, 0x0f, 
	0x02, 0x02, 0x03, 0x07, 0x04, 0x08, 0x00, 0x00, 
	0x00, 0x04, 0x04, 0x04, 0x07, 0x01, 0x03, 0x05, 
	0x02, 0x0a, 0x07, 0x00, 0x0d, 0x11, 0x16, 0x16, 
	0x16, 0x17, 0x12, 0x11, 0x11, 0x00, 0x07, 0x02, 
	0x01, 0x06, 0x03, 0x0a, 0x07, 0x07, 0x04, 0x04, 
	0x04, 0x04, 0x04, 0x07, 0x0a, 0x03, 0x06, 0x02, 
	0x02, 0x02, 0x06, 0x07, 0x00, 0x0d, 0x11, 0x13, 
	0x16, 0x16, 0x12, 0x11, 0x0d, 0x00, 0x0f, 0x06, 
	0x04, 0x06, 0x06, 0x03, 0x01, 0x07, 0x07, 0x07, 
	0x07, 0x07, 0x07, 0x01, 0x03, 0x06, 0x06, 0x01, 
	0x04, 0x01, 0x06, 0x06, 0x07, 0x08, 0x0c, 0x0d, 
	0x0d, 0x0d, 0x0d, 0x0c, 0x08, 0x07, 0x06, 0x06, 
	0x00, 0x01, 0x02, 0x05, 0x05, 0x03, 0x03, 0x03, 
	0x03, 0x03, 0x03, 0x05, 0x05, 0x02, 0x01, 0x04, 
	0x00, 0x04, 0x01, 0x02, 0x0a, 0x07, 0x07, 0x07, 
	0x07, 0x07, 0x07, 0x07, 0x07, 0x0a, 0x02, 0x01, 
	0x16, 0x04, 0x02, 0x02, 0x02, 0x14, 0x14, 0x06, 
	0x06, 0x14, 0x14, 0x02, 0x02, 0x02, 0x04, 0x00, 
	0x16, 0x00, 0x04, 0x02, 0x02, 0x02, 0x14, 0x14, 
	0x06, 0x14, 0x14, 0x02, 0x02, 0x02, 0x02, 0x04, 
	
};

Gfx catamesa_dl_t_tombfloor_green_pal_rgba16_aligner[] = {gsSPEndDisplayList()};
u8 catamesa_dl_t_tombfloor_green_pal_rgba16[] = {
	0x1b, 0x47, 0x02, 0x81, 0x01, 0x01, 0x02, 0x41, 
	0x13, 0x05, 0x02, 0x01, 0x01, 0x81, 0x0a, 0xc3, 
	0x13, 0x45, 0x13, 0x47, 0x02, 0xc1, 0x0b, 0x05, 
	0x1b, 0x89, 0x23, 0x89, 0x0b, 0x03, 0x02, 0xc3, 
	0x23, 0xcb, 0x2b, 0xcb, 0x2c, 0x0b, 0x2c, 0x0d, 
	0x01, 0x41, 0x23, 0xc9, 0x34, 0x0d, 0x34, 0x4f, 
	0x3c, 0x4f, 0x34, 0x4d, 0x3c, 0x8f, 0x3c, 0x91, 
	0x44, 0x91, 
};

Gfx catamesa_dl_t_tombfloor_brown_ci8_aligner[] = {gsSPEndDisplayList()};
u8 catamesa_dl_t_tombfloor_brown_ci8[] = {
	0x00, 0x01, 0x02, 0x03, 0x04, 0x04, 0x04, 0x04, 
	0x04, 0x04, 0x04, 0x04, 0x04, 0x02, 0x01, 0x05, 
	0x00, 0x05, 0x01, 0x02, 0x06, 0x06, 0x07, 0x07, 
	0x07, 0x07, 0x07, 0x07, 0x06, 0x06, 0x02, 0x01, 
	0x05, 0x08, 0x08, 0x04, 0x09, 0x0a, 0x0a, 0x0a, 
	0x0b, 0x0b, 0x0a, 0x09, 0x04, 0x08, 0x08, 0x01, 
	0x05, 0x01, 0x08, 0x08, 0x06, 0x04, 0x04, 0x0c, 
	0x0d, 0x0c, 0x04, 0x04, 0x04, 0x07, 0x08, 0x08, 
	0x01, 0x08, 0x04, 0x0e, 0x0f, 0x10, 0x11, 0x11, 
	0x11, 0x11, 0x11, 0x0b, 0x0a, 0x04, 0x08, 0x02, 
	0x02, 0x02, 0x08, 0x07, 0x04, 0x09, 0x0e, 0x0e, 
	0x0a, 0x0e, 0x09, 0x09, 0x0d, 0x04, 0x06, 0x08, 
	0x02, 0x02, 0x04, 0x0a, 0x10, 0x11, 0x12, 0x13, 
	0x13, 0x13, 0x11, 0x11, 0x0f, 0x0a, 0x04, 0x04, 
	0x02, 0x06, 0x07, 0x04, 0x0d, 0x0e, 0x0a, 0x0a, 
	0x0a, 0x0e, 0x0a, 0x0a, 0x09, 0x04, 0x07, 0x02, 
	0x02, 0x04, 0x0e, 0x0b, 0x11, 0x13, 0x13, 0x13, 
	0x13, 0x13, 0x13, 0x14, 0x11, 0x0f, 0x0e, 0x04, 
	0x02, 0x06, 0x04, 0x09, 0x0e, 0x0e, 0x0a, 0x0f, 
	0x0f, 0x0f, 0x0b, 0x0a, 0x0a, 0x09, 0x04, 0x06, 
	0x02, 0x04, 0x0a, 0x0f, 0x11, 0x13, 0x13, 0x15, 
	0x15, 0x15, 0x13, 0x13, 0x11, 0x11, 0x0a, 0x04, 
	0x02, 0x07, 0x04, 0x0e, 0x0a, 0x0b, 0x0a, 0x0f, 
	0x0f, 0x0f, 0x0f, 0x0b, 0x0a, 0x09, 0x04, 0x07, 
	0x02, 0x04, 0x0a, 0x11, 0x14, 0x13, 0x13, 0x15, 
	0x15, 0x15, 0x15, 0x13, 0x11, 0x11, 0x0a, 0x0c, 
	0x08, 0x07, 0x04, 0x0e, 0x0a, 0x0b, 0x0f, 0x0f, 
	0x0f, 0x0f, 0x0f, 0x0f, 0x0a, 0x09, 0x0c, 0x07, 
	0x08, 0x0d, 0x0a, 0x11, 0x14, 0x13, 0x13, 0x15, 
	0x15, 0x15, 0x15, 0x13, 0x13, 0x11, 0x0b, 0x0c, 
	0x08, 0x07, 0x04, 0x0e, 0x0a, 0x0f, 0x0f, 0x0f, 
	0x10, 0x10, 0x0f, 0x0f, 0x0b, 0x09, 0x0c, 0x07, 
	0x08, 0x04, 0x0a, 0x11, 0x11, 0x13, 0x13, 0x15, 
	0x15, 0x13, 0x15, 0x13, 0x12, 0x11, 0x0b, 0x0c, 
	0x02, 0x07, 0x04, 0x09, 0x0a, 0x0b, 0x0a, 0x0f, 
	0x0f, 0x0f, 0x0f, 0x0f, 0x0b, 0x0a, 0x0d, 0x07, 
	0x02, 0x04, 0x0a, 0x0f, 0x11, 0x14, 0x13, 0x13, 
	0x13, 0x13, 0x13, 0x13, 0x14, 0x10, 0x0a, 0x04, 
	0x02, 0x07, 0x04, 0x09, 0x0a, 0x0a, 0x0b, 0x0b, 
	0x0f, 0x0f, 0x0f, 0x0f, 0x0e, 0x09, 0x04, 0x07, 
	0x02, 0x04, 0x09, 0x0f, 0x0f, 0x11, 0x11, 0x13, 
	0x13, 0x13, 0x13, 0x12, 0x11, 0x0f, 0x0a, 0x04, 
	0x02, 0x07, 0x04, 0x0d, 0x0e, 0x0a, 0x0a, 0x0a, 
	0x0b, 0x0b, 0x0b, 0x0a, 0x0a, 0x09, 0x04, 0x06, 
	0x02, 0x04, 0x04, 0x0a, 0x0a, 0x0f, 0x11, 0x11, 
	0x14, 0x11, 0x11, 0x11, 0x0f, 0x0a, 0x04, 0x02, 
	0x02, 0x02, 0x07, 0x04, 0x09, 0x0e, 0x0a, 0x0a, 
	0x0a, 0x0a, 0x0a, 0x09, 0x09, 0x04, 0x07, 0x06, 
	0x02, 0x02, 0x08, 0x04, 0x0a, 0x0f, 0x10, 0x11, 
	0x11, 0x11, 0x11, 0x0f, 0x0b, 0x0e, 0x04, 0x08, 
	0x01, 0x08, 0x06, 0x04, 0x0d, 0x09, 0x09, 0x09, 
	0x0e, 0x0e, 0x0e, 0x09, 0x04, 0x07, 0x08, 0x02, 
	0x05, 0x01, 0x08, 0x08, 0x04, 0x09, 0x0a, 0x0a, 
	0x0a, 0x0a, 0x0a, 0x0a, 0x09, 0x04, 0x08, 0x08, 
	0x05, 0x08, 0x08, 0x06, 0x04, 0x04, 0x04, 0x04, 
	0x04, 0x04, 0x04, 0x04, 0x07, 0x08, 0x08, 0x01, 
	0x00, 0x05, 0x01, 0x02, 0x04, 0x04, 0x04, 0x04, 
	0x04, 0x04, 0x04, 0x0c, 0x04, 0x04, 0x02, 0x01, 
	0x00, 0x01, 0x02, 0x06, 0x06, 0x07, 0x07, 0x07, 
	0x07, 0x07, 0x07, 0x06, 0x06, 0x02, 0x01, 0x05, 
	0x16, 0x00, 0x05, 0x02, 0x02, 0x02, 0x02, 0x02, 
	0x08, 0x08, 0x02, 0x02, 0x02, 0x02, 0x02, 0x05, 
	0x16, 0x05, 0x02, 0x02, 0x02, 0x02, 0x02, 0x08, 
	0x08, 0x02, 0x02, 0x02, 0x02, 0x02, 0x05, 0x00, 
	0x00, 0x05, 0x01, 0x02, 0x07, 0x07, 0x07, 0x17, 
	0x17, 0x17, 0x17, 0x07, 0x07, 0x07, 0x02, 0x01, 
	0x00, 0x01, 0x02, 0x0d, 0x09, 0x09, 0x09, 0x09, 
	0x09, 0x09, 0x09, 0x09, 0x0d, 0x02, 0x01, 0x05, 
	0x05, 0x01, 0x08, 0x08, 0x17, 0x04, 0x0c, 0x0d, 
	0x0d, 0x0d, 0x0c, 0x0d, 0x04, 0x07, 0x08, 0x08, 
	0x05, 0x08, 0x08, 0x09, 0x0b, 0x0f, 0x11, 0x11, 
	0x11, 0x11, 0x18, 0x0b, 0x09, 0x08, 0x08, 0x01, 
	0x02, 0x02, 0x08, 0x17, 0x0d, 0x09, 0x0a, 0x0a, 
	0x0a, 0x0e, 0x0e, 0x0e, 0x09, 0x04, 0x07, 0x08, 
	0x01, 0x08, 0x0d, 0x0f, 0x11, 0x13, 0x13, 0x15, 
	0x15, 0x15, 0x13, 0x11, 0x0f, 0x09, 0x08, 0x02, 
	0x02, 0x07, 0x17, 0x0d, 0x09, 0x0a, 0x0a, 0x0a, 
	0x0a, 0x0a, 0x0a, 0x0a, 0x09, 0x0d, 0x07, 0x02, 
	0x02, 0x02, 0x09, 0x0f, 0x13, 0x19, 0x19, 0x15, 
	0x19, 0x19, 0x19, 0x13, 0x11, 0x0f, 0x09, 0x0d, 
	0x02, 0x07, 0x04, 0x09, 0x0a, 0x0b, 0x0f, 0x0a, 
	0x0f, 0x0f, 0x0b, 0x0a, 0x0e, 0x09, 0x04, 0x07, 
	0x02, 0x0d, 0x0f, 0x11, 0x15, 0x19, 0x1a, 0x1b, 
	0x1b, 0x1b, 0x1a, 0x19, 0x13, 0x11, 0x0b, 0x09, 
	0x02, 0x03, 0x0d, 0x0a, 0x0b, 0x0f, 0x0f, 0x0f, 
	0x10, 0x0f, 0x0f, 0x0b, 0x0a, 0x09, 0x0c, 0x17, 
	0x02, 0x09, 0x0f, 0x14, 0x19, 0x1b, 0x1b, 0x1c, 
	0x1c, 0x1b, 0x1b, 0x19, 0x19, 0x13, 0x10, 0x09, 
	0x08, 0x17, 0x09, 0x0e, 0x0f, 0x0f, 0x0f, 0x0b, 
	0x11, 0x10, 0x0f, 0x0f, 0x0a, 0x0e, 0x0c, 0x17, 
	0x02, 0x09, 0x11, 0x19, 0x1a, 0x1b, 0x1c, 0x1d, 
	0x1d, 0x1d, 0x1c, 0x19, 0x15, 0x15, 0x11, 0x09, 
	0x08, 0x17, 0x09, 0x0a, 0x0f, 0x0f, 0x10, 0x10, 
	0x11, 0x11, 0x0f, 0x0f, 0x0a, 0x0a, 0x0d, 0x17, 
	0x08, 0x09, 0x11, 0x13, 0x1a, 0x1b, 0x1d, 0x1b, 
	0x1d, 0x1d, 0x1c, 0x1b, 0x19, 0x15, 0x11, 0x09, 
	0x02, 0x17, 0x09, 0x0a, 0x0f, 0x0f, 0x10, 0x11, 
	0x11, 0x11, 0x10, 0x0f, 0x0a, 0x0a, 0x0d, 0x17, 
	0x08, 0x09, 0x11, 0x15, 0x1a, 0x1b, 0x1c, 0x1d, 
	0x1d, 0x1d, 0x1c, 0x1b, 0x15, 0x15, 0x11, 0x09, 
	0x02, 0x17, 0x0d, 0x0a, 0x0b, 0x0f, 0x10, 0x11, 
	0x11, 0x10, 0x0f, 0x0f, 0x0a, 0x0a, 0x0d, 0x07, 
	0x02, 0x09, 0x10, 0x13, 0x19, 0x1a, 0x1b, 0x1c, 
	0x1d, 0x1c, 0x1b, 0x1a, 0x19, 0x13, 0x0f, 0x09, 
	0x02, 0x07, 0x0d, 0x09, 0x0a, 0x0f, 0x0f, 0x0f, 
	0x0f, 0x0f, 0x0f, 0x0a, 0x0a, 0x09, 0x04, 0x07, 
	0x02, 0x09, 0x0b, 0x11, 0x13, 0x13, 0x1a, 0x1b, 
	0x1b, 0x1b, 0x1b, 0x19, 0x15, 0x11, 0x0f, 0x0d, 
	0x02, 0x02, 0x03, 0x09, 0x0a, 0x0a, 0x0f, 0x0f, 
	0x0f, 0x0a, 0x0a, 0x0a, 0x09, 0x04, 0x07, 0x07, 
	0x02, 0x0d, 0x09, 0x0f, 0x11, 0x13, 0x19, 0x19, 
	0x15, 0x1a, 0x15, 0x13, 0x13, 0x0f, 0x09, 0x02, 
	0x01, 0x08, 0x07, 0x0d, 0x09, 0x09, 0x0a, 0x0a, 
	0x0a, 0x0a, 0x0a, 0x09, 0x0c, 0x07, 0x08, 0x02, 
	0x02, 0x02, 0x08, 0x09, 0x0f, 0x11, 0x13, 0x15, 
	0x19, 0x19, 0x15, 0x13, 0x11, 0x0f, 0x0d, 0x08, 
	0x05, 0x08, 0x08, 0x17, 0x04, 0x09, 0x09, 0x09, 
	0x09, 0x09, 0x09, 0x04, 0x07, 0x08, 0x08, 0x01, 
	0x05, 0x01, 0x08, 0x08, 0x09, 0x0b, 0x10, 0x11, 
	0x11, 0x11, 0x11, 0x10, 0x0b, 0x09, 0x08, 0x08, 
	0x00, 0x01, 0x02, 0x07, 0x07, 0x17, 0x17, 0x17, 
	0x17, 0x03, 0x17, 0x07, 0x07, 0x02, 0x01, 0x05, 
	0x00, 0x05, 0x01, 0x02, 0x0d, 0x09, 0x09, 0x09, 
	0x09, 0x09, 0x09, 0x09, 0x09, 0x0d, 0x02, 0x01, 
	0x16, 0x05, 0x02, 0x02, 0x02, 0x02, 0x02, 0x08, 
	0x08, 0x02, 0x02, 0x02, 0x02, 0x02, 0x05, 0x00, 
	0x16, 0x00, 0x05, 0x02, 0x02, 0x02, 0x02, 0x02, 
	0x08, 0x02, 0x02, 0x02, 0x02, 0x02, 0x02, 0x05, 
	
};

Gfx catamesa_dl_t_tombfloor_brown_pal_rgba16_aligner[] = {gsSPEndDisplayList()};
u8 catamesa_dl_t_tombfloor_brown_pal_rgba16[] = {
	0x13, 0x85, 0x0a, 0x83, 0x01, 0x01, 0x59, 0x01, 
	0x61, 0x01, 0x1a, 0xc7, 0x48, 0xc1, 0x50, 0xc1, 
	0x09, 0x43, 0x69, 0x43, 0x71, 0x85, 0x79, 0x87, 
	0x69, 0x01, 0x69, 0x03, 0x71, 0x45, 0x79, 0xc7, 
	0x81, 0xc9, 0x82, 0x09, 0x8a, 0x0b, 0x8a, 0x4b, 
	0x8a, 0x09, 0x92, 0x4d, 0x3c, 0x0f, 0x58, 0xc1, 
	0x81, 0xc7, 0x92, 0x8d, 0x9a, 0x8f, 0x9a, 0xcf, 
	0xa2, 0xd1, 0xa3, 0x11, 
};

Gfx catamesa_dl_t_gradient_shadow_ia4_aligner[] = {gsSPEndDisplayList()};
u8 catamesa_dl_t_gradient_shadow_ia4[] = {
	0x11, 0x11, 0x11, 0x11, 0x11, 0x11, 0x11, 0x11, 
	0x11, 0x11, 0x11, 0x11, 0x11, 0x11, 0x11, 0x11, 
	0x11, 0x11, 0x11, 0x11, 0x11, 0x11, 0x11, 0x11, 
	0x11, 0x11, 0x11, 0x11, 0x11, 0x11, 0x11, 0x11, 
	0x11, 0x11, 0x11, 0x11, 0x11, 0x11, 0x11, 0x11, 
	0x11, 0x11, 0x11, 0x11, 0x11, 0x11, 0x11, 0x11, 
	0x11, 0x11, 0x11, 0x11, 0x11, 0x11, 0x11, 0x11, 
	0x11, 0x11, 0x11, 0x11, 0x11, 0x11, 0x11, 0x11, 
	0x11, 0x11, 0x11, 0x11, 0x11, 0x11, 0x11, 0x11, 
	0x11, 0x11, 0x11, 0x11, 0x11, 0x11, 0x11, 0x11, 
	0x11, 0x11, 0x11, 0x11, 0x11, 0x11, 0x11, 0x11, 
	0x11, 0x11, 0x11, 0x11, 0x11, 0x11, 0x11, 0x11, 
	0x11, 0x11, 0x11, 0x11, 0x11, 0x11, 0x11, 0x11, 
	0x11, 0x11, 0x11, 0x11, 0x11, 0x11, 0x11, 0x11, 
	0x11, 0x11, 0x11, 0x11, 0x11, 0x11, 0x11, 0x11, 
	0x11, 0x11, 0x11, 0x11, 0x11, 0x11, 0x11, 0x11, 
	0x11, 0x11, 0x11, 0x11, 0x11, 0x11, 0x11, 0x11, 
	0x11, 0x11, 0x11, 0x11, 0x11, 0x11, 0x11, 0x11, 
	0x11, 0x11, 0x11, 0x11, 0x11, 0x11, 0x11, 0x11, 
	0x11, 0x11, 0x11, 0x11, 0x11, 0x11, 0x11, 0x11, 
	0x11, 0x11, 0x11, 0x11, 0x11, 0x11, 0x11, 0x11, 
	0x11, 0x11, 0x11, 0x11, 0x11, 0x11, 0x11, 0x11, 
	0x11, 0x11, 0x11, 0x11, 0x11, 0x11, 0x11, 0x11, 
	0x11, 0x11, 0x11, 0x11, 0x11, 0x11, 0x11, 0x11, 
	0x11, 0x11, 0x11, 0x11, 0x11, 0x11, 0x11, 0x11, 
	0x11, 0x11, 0x11, 0x11, 0x11, 0x11, 0x11, 0x11, 
	0x11, 0x11, 0x11, 0x11, 0x11, 0x11, 0x11, 0x11, 
	0x11, 0x11, 0x11, 0x11, 0x11, 0x11, 0x11, 0x11, 
	0x11, 0x11, 0x11, 0x11, 0x11, 0x11, 0x11, 0x11, 
	0x11, 0x11, 0x11, 0x11, 0x11, 0x11, 0x11, 0x11, 
	0x11, 0x11, 0x11, 0x11, 0x11, 0x11, 0x11, 0x11, 
	0x11, 0x11, 0x11, 0x11, 0x11, 0x11, 0x11, 0x11, 
	0x11, 0x11, 0x11, 0x11, 0x11, 0x11, 0x11, 0x11, 
	0x11, 0x11, 0x11, 0x11, 0x11, 0x11, 0x11, 0x11, 
	0x11, 0x11, 0x11, 0x11, 0x11, 0x11, 0x11, 0x11, 
	0x11, 0x11, 0x11, 0x11, 0x11, 0x11, 0x11, 0x11, 
	0x11, 0x11, 0x11, 0x11, 0x11, 0x11, 0x11, 0x11, 
	0x11, 0x11, 0x11, 0x11, 0x11, 0x11, 0x11, 0x11, 
	0x11, 0x11, 0x11, 0x11, 0x11, 0x11, 0x11, 0x11, 
	0x11, 0x11, 0x11, 0x11, 0x11, 0x11, 0x11, 0x11, 
	0x11, 0x11, 0x11, 0x11, 0x11, 0x11, 0x11, 0x11, 
	0x11, 0x11, 0x11, 0x11, 0x11, 0x11, 0x11, 0x11, 
	0x11, 0x11, 0x11, 0x11, 0x11, 0x11, 0x11, 0x11, 
	0x11, 0x11, 0x11, 0x11, 0x11, 0x11, 0x11, 0x11, 
	0x11, 0x11, 0x11, 0x11, 0x11, 0x11, 0x11, 0x11, 
	0x11, 0x11, 0x11, 0x11, 0x11, 0x11, 0x11, 0x11, 
	0x11, 0x11, 0x11, 0x11, 0x11, 0x11, 0x11, 0x11, 
	0x11, 0x11, 0x11, 0x11, 0x11, 0x11, 0x11, 0x11, 
	0x11, 0x11, 0x11, 0x11, 0x11, 0x11, 0x11, 0x11, 
	0x11, 0x11, 0x11, 0x11, 0x11, 0x11, 0x11, 0x11, 
	0x11, 0x11, 0x11, 0x11, 0x11, 0x11, 0x11, 0x11, 
	0x11, 0x11, 0x11, 0x11, 0x11, 0x11, 0x11, 0x11, 
	0x00, 0x00, 0x00, 0x00, 0x00, 0x00, 0x00, 0x00, 
	0x00, 0x00, 0x00, 0x00, 0x00, 0x00, 0x00, 0x00, 
	0x00, 0x00, 0x00, 0x00, 0x00, 0x00, 0x00, 0x00, 
	0x00, 0x00, 0x00, 0x00, 0x00, 0x00, 0x00, 0x00, 
	0x00, 0x00, 0x00, 0x00, 0x00, 0x00, 0x00, 0x00, 
	0x00, 0x00, 0x00, 0x00, 0x00, 0x00, 0x00, 0x00, 
	0x00, 0x00, 0x00, 0x00, 0x00, 0x00, 0x00, 0x00, 
	0x00, 0x00, 0x00, 0x00, 0x00, 0x00, 0x00, 0x00, 
	0x00, 0x00, 0x00, 0x00, 0x00, 0x00, 0x00, 0x00, 
	0x00, 0x00, 0x00, 0x00, 0x00, 0x00, 0x00, 0x00, 
	0x00, 0x00, 0x00, 0x00, 0x00, 0x00, 0x00, 0x00, 
	0x00, 0x00, 0x00, 0x00, 0x00, 0x00, 0x00, 0x00, 
	
};

Vtx catamesa_dl_Cube_mesh_layer_1_vtx_cull[8] = {
	{{{-315, -636, 203}, 0, {0, 0}, {0x00, 0x00, 0x00, 0x00}}},
	{{{-315, 636, 203}, 0, {0, 0}, {0x00, 0x00, 0x00, 0x00}}},
	{{{-315, 636, -203}, 0, {0, 0}, {0x00, 0x00, 0x00, 0x00}}},
	{{{-315, -636, -203}, 0, {0, 0}, {0x00, 0x00, 0x00, 0x00}}},
	{{{315, -636, 203}, 0, {0, 0}, {0x00, 0x00, 0x00, 0x00}}},
	{{{315, 636, 203}, 0, {0, 0}, {0x00, 0x00, 0x00, 0x00}}},
	{{{315, 636, -203}, 0, {0, 0}, {0x00, 0x00, 0x00, 0x00}}},
	{{{315, -636, -203}, 0, {0, 0}, {0x00, 0x00, 0x00, 0x00}}},
};

Vtx catamesa_dl_Cube_mesh_layer_1_vtx_0[24] = {
	{{{-315, -636, 203}, 0, {368, 1008}, {0x81, 0x00, 0x00, 0xFF}}},
	{{{-315, 636, 203}, 0, {624, 1008}, {0x81, 0x00, 0x00, 0xFF}}},
	{{{-315, 636, -203}, 0, {624, 752}, {0x81, 0x00, 0x00, 0xFF}}},
	{{{-315, -636, -203}, 0, {368, 752}, {0x81, 0x00, 0x00, 0xFF}}},
	{{{-315, -636, -203}, 0, {368, 752}, {0x00, 0x00, 0x81, 0xFF}}},
	{{{-315, 636, -203}, 0, {624, 752}, {0x00, 0x00, 0x81, 0xFF}}},
	{{{315, 636, -203}, 0, {624, 496}, {0x00, 0x00, 0x81, 0xFF}}},
	{{{315, -636, -203}, 0, {368, 496}, {0x00, 0x00, 0x81, 0xFF}}},
	{{{315, -636, -203}, 0, {368, 496}, {0x7F, 0x00, 0x00, 0xFF}}},
	{{{315, 636, -203}, 0, {624, 496}, {0x7F, 0x00, 0x00, 0xFF}}},
	{{{315, 636, 203}, 0, {624, 240}, {0x7F, 0x00, 0x00, 0xFF}}},
	{{{315, -636, 203}, 0, {368, 240}, {0x7F, 0x00, 0x00, 0xFF}}},
	{{{315, -636, 203}, 0, {368, 240}, {0x00, 0x00, 0x7F, 0xFF}}},
	{{{315, 636, 203}, 0, {624, 240}, {0x00, 0x00, 0x7F, 0xFF}}},
	{{{-315, 636, 203}, 0, {624, -16}, {0x00, 0x00, 0x7F, 0xFF}}},
	{{{-315, -636, 203}, 0, {368, -16}, {0x00, 0x00, 0x7F, 0xFF}}},
	{{{-315, -636, -203}, 0, {112, 496}, {0x00, 0x81, 0x00, 0xFF}}},
	{{{315, -636, -203}, 0, {368, 496}, {0x00, 0x81, 0x00, 0xFF}}},
	{{{315, -636, 203}, 0, {368, 240}, {0x00, 0x81, 0x00, 0xFF}}},
	{{{-315, -636, 203}, 0, {112, 240}, {0x00, 0x81, 0x00, 0xFF}}},
	{{{315, 636, -203}, 0, {624, 496}, {0x00, 0x7F, 0x00, 0xFF}}},
	{{{-315, 636, -203}, 0, {880, 496}, {0x00, 0x7F, 0x00, 0xFF}}},
	{{{-315, 636, 203}, 0, {880, 240}, {0x00, 0x7F, 0x00, 0xFF}}},
	{{{315, 636, 203}, 0, {624, 240}, {0x00, 0x7F, 0x00, 0xFF}}},
};

Gfx catamesa_dl_Cube_mesh_layer_1_tri_0[] = {
	gsSPVertex(catamesa_dl_Cube_mesh_layer_1_vtx_0 + 0, 24, 0),
	gsSP2Triangles(0, 1, 2, 0, 0, 2, 3, 0),
	gsSP2Triangles(4, 5, 6, 0, 4, 6, 7, 0),
	gsSP2Triangles(8, 9, 10, 0, 8, 10, 11, 0),
	gsSP2Triangles(12, 13, 14, 0, 12, 14, 15, 0),
	gsSP2Triangles(16, 17, 18, 0, 16, 18, 19, 0),
	gsSP2Triangles(20, 21, 22, 0, 20, 22, 23, 0),
	gsSPEndDisplayList(),
};

Vtx catamesa_dl_Plane_mesh_layer_1_vtx_cull[8] = {
	{{{-4000, -492, 4557}, 0, {0, 0}, {0x00, 0x00, 0x00, 0x00}}},
	{{{-4000, 2803, 4557}, 0, {0, 0}, {0x00, 0x00, 0x00, 0x00}}},
	{{{-4000, 2803, -5457}, 0, {0, 0}, {0x00, 0x00, 0x00, 0x00}}},
	{{{-4000, -492, -5457}, 0, {0, 0}, {0x00, 0x00, 0x00, 0x00}}},
	{{{4433, -492, 4557}, 0, {0, 0}, {0x00, 0x00, 0x00, 0x00}}},
	{{{4433, 2803, 4557}, 0, {0, 0}, {0x00, 0x00, 0x00, 0x00}}},
	{{{4433, 2803, -5457}, 0, {0, 0}, {0x00, 0x00, 0x00, 0x00}}},
	{{{4433, -492, -5457}, 0, {0, 0}, {0x00, 0x00, 0x00, 0x00}}},
};

Vtx catamesa_dl_Plane_mesh_layer_1_vtx_0[120] = {
	{{{1685, 147, 0}, 0, {-4388, -4454}, {0x00, 0x00, 0x81, 0xFF}}},
	{{{843, 0, 0}, 0, {-4072, -5276}, {0x00, 0x00, 0x81, 0xFF}}},
	{{{843, 313, 0}, 0, {-4388, -5338}, {0x00, 0x00, 0x81, 0xFF}}},
	{{{1685, 313, 1685}, 0, {4300, 1154}, {0x0C, 0x7E, 0xF4, 0xFF}}},
	{{{843, 313, 843}, 0, {5039, 2122}, {0x12, 0x7E, 0xFA, 0xFF}}},
	{{{843, 313, 1685}, 0, {5154, 1268}, {0x00, 0x7F, 0x00, 0xFF}}},
	{{{1685, 147, 843}, 0, {4167, 2022}, {0x15, 0x7D, 0xFE, 0xFF}}},
	{{{843, 313, 0}, 0, {4941, 2977}, {0x18, 0x7D, 0x00, 0xFF}}},
	{{{1685, 147, 0}, 0, {4069, 2877}, {0x17, 0x7D, 0xFA, 0xFF}}},
	{{{2528, 0, 0}, 0, {3193, 2781}, {0x05, 0x7F, 0x00, 0xFF}}},
	{{{2528, 0, 1334}, 0, {3352, 1404}, {0x05, 0x7F, 0x03, 0xFF}}},
	{{{1685, 0, 1685}, 0, {4267, 1151}, {0x02, 0x7F, 0x05, 0xFF}}},
	{{{2293, 0, 1970}, 0, {3676, 762}, {0xF2, 0x7E, 0xFA, 0xFF}}},
	{{{1430, 0, 2192}, 0, {4610, 686}, {0x00, 0x7F, 0x00, 0xFF}}},
	{{{843, 0, 1685}, 0, {5112, 1294}, {0x00, 0x7C, 0xE5, 0xFF}}},
	{{{587, 0, 2192}, 0, {5454, 830}, {0x00, 0x7F, 0x00, 0xFF}}},
	{{{0, 0, 1685}, 0, {5976, 1450}, {0x0C, 0x7B, 0xE4, 0xFF}}},
	{{{592, -492, 1185}, 0, {5229, 2042}, {0x1D, 0x73, 0xD4, 0xFF}}},
	{{{-388, -259, 843}, 0, {6258, 2421}, {0x1D, 0x7A, 0xEB, 0xFF}}},
	{{{114, -342, 770}, 0, {5728, 2482}, {0x17, 0x7C, 0x0B, 0xFF}}},
	{{{321, -391, 770}, 0, {5510, 2476}, {0x22, 0x7A, 0x07, 0xFF}}},
	{{{321, -380, 480}, 0, {5503, 2771}, {0x25, 0x79, 0xFC, 0xFF}}},
	{{{592, -492, -188}, 0, {5183, 3441}, {0x25, 0x78, 0x14, 0xFF}}},
	{{{114, -342, 480}, 0, {5718, 2779}, {0x16, 0x7D, 0xF9, 0xFF}}},
	{{{-534, -259, 0}, 0, {6362, 3302}, {0x1C, 0x78, 0x1F, 0xFF}}},
	{{{-336, 0, -385}, 0, {6199, 3782}, {0x13, 0x76, 0x2B, 0xFF}}},
	{{{0, 0, -843}, 0, {5853, 4230}, {0x13, 0x7D, 0x0E, 0xFF}}},
	{{{0, 0, -1685}, 0, {5846, 5097}, {0x00, 0x7F, 0x00, 0xFF}}},
	{{{-816, 0, -385}, 0, {6688, 3764}, {0x09, 0x7C, 0x19, 0xFF}}},
	{{{-1685, 0, -1685}, 0, {7572, 5126}, {0x02, 0x7F, 0x05, 0xFF}}},
	{{{-434, 0, -2779}, 0, {6269, 6224}, {0x02, 0x7F, 0x00, 0xFF}}},
	{{{1103, 0, -2528}, 0, {4703, 5935}, {0x00, 0x7F, 0x00, 0xFF}}},
	{{{-434, 0, -2779}, 0, {6269, 6224}, {0x02, 0x7F, 0x00, 0xFF}}},
	{{{1103, 0, -2528}, 0, {4703, 5935}, {0x00, 0x7F, 0x00, 0xFF}}},
	{{{-120, 0, -4216}, 0, {5917, 7687}, {0x00, 0x7F, 0x00, 0xFF}}},
	{{{910, 0, -4269}, 0, {4862, 7718}, {0x00, 0x7F, 0x00, 0xFF}}},
	{{{1620, 0, -3371}, 0, {4156, 6785}, {0x00, 0x7F, 0x00, 0xFF}}},
	{{{-1175, 0, -3371}, 0, {7013, 6846}, {0x04, 0x7F, 0xFC, 0xFF}}},
	{{{-1680, 86, -2528}, 0, {7552, 5994}, {0x08, 0x7F, 0x08, 0xFF}}},
	{{{-1685, 0, -1685}, 0, {7572, 5126}, {0x02, 0x7F, 0x05, 0xFF}}},
	{{{-2528, 0, -1685}, 0, {8436, 5143}, {0x00, 0x7F, 0x04, 0xFF}}},
	{{{-2528, 0, -843}, 0, {8455, 4281}, {0x00, 0x7F, 0x00, 0xFF}}},
	{{{-816, 0, -385}, 0, {6688, 3764}, {0x09, 0x7C, 0x19, 0xFF}}},
	{{{-1351, 0, 0}, 0, {7259, 3368}, {0x0E, 0x7E, 0x05, 0xFF}}},
	{{{-2528, 0, 0}, 0, {8485, 3425}, {0x00, 0x7F, 0x00, 0xFF}}},
	{{{-1351, 0, 412}, 0, {7284, 2934}, {0x11, 0x7E, 0xFD, 0xFF}}},
	{{{-2528, 0, 843}, 0, {8534, 2564}, {0x00, 0x7F, 0x00, 0xFF}}},
	{{{-930, 0, 1416}, 0, {6915, 1844}, {0x07, 0x7E, 0xF6, 0xFF}}},
	{{{-2104, 0, 2131}, 0, {8204, 1212}, {0x00, 0x7F, 0x00, 0xFF}}},
	{{{-843, 0, 2528}, 0, {6953, 680}, {0x00, 0x7F, 0x00, 0xFF}}},
	{{{-388, 0, 1416}, 0, {6353, 1772}, {0x0C, 0x7A, 0xE1, 0xFF}}},
	{{{0, 0, 2528}, 0, {6097, 577}, {0x00, 0x7F, 0x00, 0xFF}}},
	{{{0, 0, 1685}, 0, {5976, 1450}, {0x0C, 0x7B, 0xE4, 0xFF}}},
	{{{587, 0, 2192}, 0, {5454, 830}, {0x00, 0x7F, 0x00, 0xFF}}},
	{{{-388, -259, 843}, 0, {6258, 2421}, {0x1D, 0x7A, 0xEB, 0xFF}}},
	{{{-534, -259, 0}, 0, {6362, 3302}, {0x1C, 0x78, 0x1F, 0xFF}}},
	{{{114, -342, 480}, 0, {5718, 2779}, {0x16, 0x7D, 0xF9, 0xFF}}},
	{{{114, -342, 770}, 0, {5728, 2482}, {0x17, 0x7C, 0x0B, 0xFF}}},
	{{{-336, 0, -385}, 0, {6199, 3782}, {0x13, 0x76, 0x2B, 0xFF}}},
	{{{2528, 0, 0}, 0, {3193, 2781}, {0x05, 0x7F, 0x00, 0xFF}}},
	{{{1963, 0, -557}, 0, {3703, 3420}, {0x0B, 0x7E, 0xF5, 0xFF}}},
	{{{1685, 147, 0}, 0, {4069, 2877}, {0x17, 0x7D, 0xFA, 0xFF}}},
	{{{2528, 0, -843}, 0, {3096, 3643}, {0xF5, 0x7F, 0x00, 0xFF}}},
	{{{3179, 119, -461}, 0, {2465, 3181}, {0xF5, 0x7D, 0x11, 0xFF}}},
	{{{2528, 0, 0}, 0, {3193, 2781}, {0x05, 0x7F, 0x00, 0xFF}}},
	{{{3371, 0, 0}, 0, {2332, 2673}, {0x00, 0x7E, 0x0E, 0xFF}}},
	{{{3179, 119, -461}, 0, {2465, 3181}, {0xF5, 0x7D, 0x11, 0xFF}}},
	{{{3371, 0, 1334}, 0, {2493, 1317}, {0xF5, 0x7D, 0xED, 0xFF}}},
	{{{2528, 0, 1334}, 0, {3352, 1404}, {0x05, 0x7F, 0x03, 0xFF}}},
	{{{2293, 0, 1970}, 0, {3676, 762}, {0xF2, 0x7E, 0xFA, 0xFF}}},
	{{{3557, 470, 2287}, 0, {2332, 246}, {0xDF, 0x74, 0xD9, 0xFF}}},
	{{{2924, 362, 2711}, 0, {3024, -105}, {0xCC, 0x73, 0xF4, 0xFF}}},
	{{{2528, 0, 2528}, 0, {3552, 135}, {0xBA, 0x66, 0x1E, 0xFF}}},
	{{{1430, 0, 2192}, 0, {4610, 686}, {0x00, 0x7F, 0x00, 0xFF}}},
	{{{1685, 1203, 0}, 0, {4081, -2513}, {0x00, 0x7F, 0x00, 0xFF}}},
	{{{0, 1203, -843}, 0, {5922, -3127}, {0x00, 0x7F, 0x00, 0xFF}}},
	{{{843, 1203, 0}, 0, {4695, -3127}, {0x00, 0x7F, 0x00, 0xFF}}},
	{{{0, 1203, -1685}, 0, {6536, -2513}, {0x00, 0x7F, 0x00, 0xFF}}},
	{{{1963, 1203, -557}, 0, {4284, -1905}, {0x00, 0x7F, 0x00, 0xFF}}},
	{{{1103, 1203, -2528}, 0, {6347, -1096}, {0x00, 0x7F, 0x00, 0xFF}}},
	{{{2528, 1203, -843}, 0, {4081, -1285}, {0x00, 0x7F, 0x00, 0xFF}}},
	{{{1620, 1203, -3371}, 0, {6583, -105}, {0x00, 0x7F, 0x00, 0xFF}}},
	{{{1430, 688, 2192}, 0, {5295, -4258}, {0x00, 0x7F, 0x00, 0xFF}}},
	{{{0, 688, 3371}, 0, {4081, -5731}, {0x00, 0x7F, 0x00, 0xFF}}},
	{{{2528, 688, 3371}, 0, {4081, -3127}, {0x00, 0x7F, 0x00, 0xFF}}},
	{{{587, 688, 2192}, 0, {5295, -5126}, {0x00, 0x7F, 0x00, 0xFF}}},
	{{{321, 81, 770}, 0, {-5198, -4940}, {0x7F, 0x08, 0x00, 0xFF}}},
	{{{321, 91, 480}, 0, {-4900, -4950}, {0x7F, 0x08, 0x00, 0xFF}}},
	{{{218, 881, 625}, 0, {-5049, -5771}, {0x7E, 0x10, 0x01, 0xFF}}},
	{{{321, -380, 480}, 0, {-4900, -4464}, {0x7F, 0x00, 0x00, 0xFF}}},
	{{{321, -391, 770}, 0, {-5198, -4454}, {0x7F, 0x00, 0x00, 0xFF}}},
	{{{321, 91, 480}, 0, {-4900, -4940}, {0x01, 0x0B, 0x81, 0xFF}}},
	{{{114, 103, 480}, 0, {-4687, -4952}, {0x01, 0x0C, 0x82, 0xFF}}},
	{{{218, 881, 625}, 0, {-4794, -5767}, {0x01, 0x17, 0x83, 0xFF}}},
	{{{114, -342, 480}, 0, {-4687, -4494}, {0x00, 0x00, 0x81, 0xFF}}},
	{{{321, -380, 480}, 0, {-4900, -4454}, {0x00, 0x00, 0x81, 0xFF}}},
	{{{114, 103, 770}, 0, {-5411, -4963}, {0x01, 0x0C, 0x7E, 0xFF}}},
	{{{321, 81, 770}, 0, {-5198, -4940}, {0x01, 0x0A, 0x7F, 0xFF}}},
	{{{218, 881, 625}, 0, {-5303, -5777}, {0x02, 0x17, 0x7D, 0xFF}}},
	{{{114, -342, 770}, 0, {-5411, -4504}, {0x00, 0x00, 0x7F, 0xFF}}},
	{{{321, -391, 770}, 0, {-5198, -4454}, {0x00, 0x00, 0x7F, 0xFF}}},
	{{{114, 103, 480}, 0, {-4687, -4912}, {0x81, 0x08, 0x00, 0xFF}}},
	{{{114, 103, 770}, 0, {-4388, -4912}, {0x81, 0x08, 0x00, 0xFF}}},
	{{{218, 881, 625}, 0, {-4537, -5720}, {0x82, 0x11, 0x00, 0xFF}}},
	{{{114, -342, 770}, 0, {-4388, -4454}, {0x81, 0x00, 0x00, 0xFF}}},
	{{{114, -342, 480}, 0, {-4687, -4454}, {0x81, 0x00, 0x00, 0xFF}}},
	{{{-123, 934, 1827}, 0, {-3368, -4454}, {0xB7, 0x49, 0x49, 0xFF}}},
	{{{-123, 828, -577}, 0, {-3398, -4484}, {0xB7, 0xB7, 0xB7, 0xFF}}},
	{{{-123, 828, 1827}, 0, {-3398, -4454}, {0xB7, 0xB7, 0x49, 0xFF}}},
	{{{-123, 934, -577}, 0, {-3368, -4484}, {0xB7, 0x49, 0xB7, 0xFF}}},
	{{{559, 828, -577}, 0, {-3398, -4513}, {0x49, 0xB7, 0xB7, 0xFF}}},
	{{{559, 934, -577}, 0, {-3368, -4513}, {0x49, 0x49, 0xB7, 0xFF}}},
	{{{559, 828, 1827}, 0, {-3398, -4543}, {0x49, 0xB7, 0x49, 0xFF}}},
	{{{559, 934, 1827}, 0, {-3368, -4543}, {0x49, 0x49, 0x49, 0xFF}}},
	{{{-123, 934, -577}, 0, {-3338, -4513}, {0xB7, 0x49, 0xB7, 0xFF}}},
	{{{-123, 934, 1827}, 0, {-3338, -4543}, {0xB7, 0x49, 0x49, 0xFF}}},
	{{{-123, 828, 1827}, 0, {-3398, -4573}, {0xB7, 0xB7, 0x49, 0xFF}}},
	{{{-123, 934, 1827}, 0, {-3368, -4573}, {0xB7, 0x49, 0x49, 0xFF}}},
	{{{-123, 828, 1827}, 0, {-3428, -4543}, {0xB7, 0xB7, 0x49, 0xFF}}},
	{{{-123, 828, -577}, 0, {-3428, -4513}, {0xB7, 0xB7, 0xB7, 0xFF}}},
};

Gfx catamesa_dl_Plane_mesh_layer_1_tri_0[] = {
	gsSPVertex(catamesa_dl_Plane_mesh_layer_1_vtx_0 + 0, 32, 0),
	gsSP2Triangles(0, 1, 2, 0, 3, 4, 5, 0),
	gsSP2Triangles(3, 6, 4, 0, 6, 7, 4, 0),
	gsSP2Triangles(6, 8, 7, 0, 6, 9, 8, 0),
	gsSP2Triangles(6, 10, 9, 0, 6, 11, 10, 0),
	gsSP2Triangles(11, 12, 10, 0, 13, 12, 11, 0),
	gsSP2Triangles(13, 11, 14, 0, 13, 14, 15, 0),
	gsSP2Triangles(15, 14, 16, 0, 16, 14, 17, 0),
	gsSP2Triangles(16, 17, 18, 0, 17, 19, 18, 0),
	gsSP2Triangles(17, 20, 19, 0, 17, 21, 20, 0),
	gsSP2Triangles(17, 22, 21, 0, 22, 23, 21, 0),
	gsSP2Triangles(22, 24, 23, 0, 24, 22, 25, 0),
	gsSP2Triangles(22, 26, 25, 0, 25, 26, 27, 0),
	gsSP2Triangles(28, 25, 27, 0, 28, 27, 29, 0),
	gsSP2Triangles(27, 30, 29, 0, 27, 31, 30, 0),
	gsSPVertex(catamesa_dl_Plane_mesh_layer_1_vtx_0 + 32, 32, 0),
	gsSP2Triangles(0, 1, 2, 0, 3, 2, 1, 0),
	gsSP2Triangles(3, 1, 4, 0, 0, 2, 5, 0),
	gsSP2Triangles(0, 5, 6, 0, 7, 0, 6, 0),
	gsSP2Triangles(7, 6, 8, 0, 9, 7, 8, 0),
	gsSP2Triangles(9, 10, 7, 0, 11, 10, 9, 0),
	gsSP2Triangles(11, 9, 12, 0, 13, 11, 12, 0),
	gsSP2Triangles(13, 12, 14, 0, 15, 13, 14, 0),
	gsSP2Triangles(15, 14, 16, 0, 17, 15, 16, 0),
	gsSP2Triangles(17, 18, 15, 0, 19, 18, 17, 0),
	gsSP2Triangles(19, 20, 18, 0, 21, 20, 19, 0),
	gsSP2Triangles(20, 22, 18, 0, 15, 18, 22, 0),
	gsSP2Triangles(15, 22, 13, 0, 13, 22, 23, 0),
	gsSP2Triangles(22, 24, 23, 0, 22, 25, 24, 0),
	gsSP2Triangles(13, 23, 11, 0, 23, 10, 11, 0),
	gsSP2Triangles(23, 26, 10, 0, 27, 28, 29, 0),
	gsSP2Triangles(27, 30, 28, 0, 27, 31, 30, 0),
	gsSPVertex(catamesa_dl_Plane_mesh_layer_1_vtx_0 + 64, 32, 0),
	gsSP2Triangles(0, 1, 2, 0, 3, 1, 0, 0),
	gsSP2Triangles(3, 0, 4, 0, 5, 3, 4, 0),
	gsSP2Triangles(5, 6, 3, 0, 7, 6, 5, 0),
	gsSP2Triangles(7, 5, 8, 0, 9, 8, 5, 0),
	gsSP2Triangles(10, 11, 12, 0, 10, 13, 11, 0),
	gsSP2Triangles(14, 13, 10, 0, 14, 15, 13, 0),
	gsSP2Triangles(16, 15, 14, 0, 16, 17, 15, 0),
	gsSP2Triangles(18, 19, 20, 0, 18, 21, 19, 0),
	gsSP2Triangles(22, 23, 24, 0, 25, 23, 22, 0),
	gsSP2Triangles(25, 22, 26, 0, 27, 28, 29, 0),
	gsSP2Triangles(30, 28, 27, 0, 30, 27, 31, 0),
	gsSPVertex(catamesa_dl_Plane_mesh_layer_1_vtx_0 + 96, 24, 0),
	gsSP2Triangles(0, 1, 2, 0, 3, 1, 0, 0),
	gsSP2Triangles(3, 4, 1, 0, 5, 6, 7, 0),
	gsSP2Triangles(8, 6, 5, 0, 8, 5, 9, 0),
	gsSP2Triangles(10, 11, 12, 0, 10, 13, 11, 0),
	gsSP2Triangles(13, 14, 11, 0, 13, 15, 14, 0),
	gsSP2Triangles(15, 16, 14, 0, 15, 17, 16, 0),
	gsSP2Triangles(18, 17, 15, 0, 18, 19, 17, 0),
	gsSP2Triangles(17, 20, 16, 0, 17, 21, 20, 0),
	gsSP2Triangles(14, 22, 23, 0, 14, 16, 22, 0),
	gsSPEndDisplayList(),
};

Vtx catamesa_dl_Plane_mesh_layer_1_vtx_1[75] = {
	{{{2528, 688, 3371}, 0, {-4820, 5745}, {0x00, 0x5B, 0xA7, 0xFF}}},
	{{{2528, 0, 2528}, 0, {-3951, 5030}, {0x01, 0x62, 0xB0, 0xFF}}},
	{{{1430, 0, 2192}, 0, {-4323, 4007}, {0x18, 0x61, 0xB1, 0xFF}}},
	{{{2924, 362, 2711}, 0, {-3913, 5566}, {0xC3, 0x60, 0xC7, 0xFF}}},
	{{{3371, 688, 3371}, 0, {-4170, 6454}, {0xC7, 0x69, 0xD4, 0xFF}}},
	{{{3926, 1383, 3988}, 0, {-4486, 7718}, {0xC4, 0x5F, 0xC5, 0xFF}}},
	{{{1449, 2341, 4557}, 0, {-7542, 6093}, {0x0A, 0x43, 0x95, 0xFF}}},
	{{{0, 688, 3371}, 0, {-6256, 3646}, {0x00, 0x53, 0xA0, 0xFF}}},
	{{{-843, 688, 3371}, 0, {-6658, 2901}, {0x23, 0x3B, 0x95, 0xFF}}},
	{{{-843, 0, 2528}, 0, {-5786, 2379}, {0x14, 0x5F, 0xAE, 0xFF}}},
	{{{0, 0, 2528}, 0, {-5361, 3034}, {0x00, 0x62, 0xB0, 0xFF}}},
	{{{-2528, 688, 2528}, 0, {-6952, 1078}, {0x54, 0x2D, 0xAC, 0xFF}}},
	{{{-2528, 1187, 2528}, 0, {-7542, 1019}, {0x56, 0x0C, 0xA3, 0xFF}}},
	{{{-3371, 688, 843}, 0, {-6225, -771}, {0x5C, 0x57, 0xF5, 0xFF}}},
	{{{-2528, 0, 843}, 0, {-5468, 117}, {0x52, 0x5F, 0xEC, 0xFF}}},
	{{{-2104, 0, 2131}, 0, {-6087, 1199}, {0x44, 0x52, 0xBA, 0xFF}}},
	{{{-2528, 0, 0}, 0, {-4788, -371}, {0x5E, 0x55, 0x07, 0xFF}}},
	{{{-3371, 1106, -105}, 0, {-5526, -1727}, {0x63, 0x4F, 0x0B, 0xFF}}},
	{{{-3371, 1004, -843}, 0, {-4747, -2086}, {0x62, 0x51, 0x04, 0xFF}}},
	{{{-2528, 0, -843}, 0, {-4045, -824}, {0x64, 0x4E, 0x04, 0xFF}}},
	{{{-2976, 688, -1495}, 0, {-3815, -1933}, {0x64, 0x45, 0x25, 0xFF}}},
	{{{-2528, 0, -1685}, 0, {-3314, -1224}, {0x64, 0x43, 0x28, 0xFF}}},
	{{{-2075, 655, -2973}, 0, {-1972, -1887}, {0x50, 0x47, 0x45, 0xFF}}},
	{{{-1680, 86, -2528}, 0, {-2199, -1014}, {0x45, 0x5B, 0x37, 0xFF}}},
	{{{-1175, 0, -3371}, 0, {-1211, -946}, {0x4E, 0x3A, 0x52, 0xFF}}},
	{{{-1372, 1203, -3816}, 0, {-609, -2180}, {0x3B, 0x46, 0x58, 0xFF}}},
	{{{-120, 0, -4216}, 0, {-89, -472}, {0x21, 0x27, 0x74, 0xFF}}},
	{{{-318, 1203, -4662}, 0, {815, -1473}, {0x24, 0x4B, 0x60, 0xFF}}},
	{{{910, 720, -4269}, 0, {1035, 141}, {0xBF, 0x2D, 0x64, 0xFF}}},
	{{{910, 0, -4269}, 0, {315, 232}, {0xCC, 0x00, 0x74, 0xFF}}},
	{{{1620, 0, -3371}, 0, {33, 1123}, {0x9C, 0x00, 0x4F, 0xFF}}},
	{{{1620, 1203, -3371}, 0, {1185, 1541}, {0x97, 0x30, 0x34, 0xFF}}},
	{{{910, 720, -4269}, 0, {1035, 141}, {0xBF, 0x2D, 0x64, 0xFF}}},
	{{{1620, 1203, -3371}, 0, {1185, 1541}, {0x97, 0x30, 0x34, 0xFF}}},
	{{{1868, 1989, -3938}, 0, {2332, 1520}, {0x9A, 0x3F, 0x2A, 0xFF}}},
	{{{2935, 1989, -966}, 0, {519, 4519}, {0xAA, 0x38, 0x4A, 0xFF}}},
	{{{2528, 1203, -843}, 0, {-237, 3903}, {0xAB, 0x25, 0x57, 0xFF}}},
	{{{3179, 1322, -461}, 0, {-475, 4690}, {0xA8, 0x22, 0x55, 0xFF}}},
	{{{3179, 119, -461}, 0, {-1484, 4017}, {0xA0, 0x00, 0x53, 0xFF}}},
	{{{2528, 0, -843}, 0, {-1345, 3300}, {0xC0, 0x00, 0x6E, 0xFF}}},
	{{{3371, 1203, 0}, 0, {-915, 5049}, {0x8A, 0x23, 0x1F, 0xFF}}},
	{{{3371, 0, 0}, 0, {-1788, 4347}, {0x83, 0x00, 0x17, 0xFF}}},
	{{{3371, 1036, 1022}, 0, {-1842, 5624}, {0x86, 0x22, 0x0A, 0xFF}}},
	{{{3371, 0, 1334}, 0, {-2648, 4999}, {0x82, 0x03, 0x0B, 0xFF}}},
	{{{3557, 470, 2287}, 0, {-3205, 5831}, {0x89, 0x02, 0xD3, 0xFF}}},
	{{{3557, 1116, 2287}, 0, {-2904, 6412}, {0x8D, 0x35, 0x00, 0xFF}}},
	{{{2924, 362, 2711}, 0, {-3913, 5566}, {0xC3, 0x60, 0xC7, 0xFF}}},
	{{{3371, 688, 3371}, 0, {-4170, 6454}, {0xC7, 0x69, 0xD4, 0xFF}}},
	{{{3926, 1383, 3988}, 0, {-4486, 7718}, {0xC4, 0x5F, 0xC5, 0xFF}}},
	{{{4433, 2803, 184}, 0, {188, 7018}, {0x97, 0x44, 0x16, 0xFF}}},
	{{{3701, 2129, -518}, 0, {252, 5548}, {0xA4, 0x3C, 0x3F, 0xFF}}},
	{{{-843, 688, 3371}, 0, {-6658, 2901}, {0x23, 0x3B, 0x95, 0xFF}}},
	{{{-2528, 1187, 2528}, 0, {-7542, 1019}, {0x56, 0x0C, 0xA3, 0xFF}}},
	{{{1449, 2341, 4557}, 0, {-7542, 6093}, {0x0A, 0x43, 0x95, 0xFF}}},
	{{{587, 688, 2192}, 0, {-5145, 3735}, {0xCE, 0x14, 0x8D, 0xFF}}},
	{{{587, 0, 2192}, 0, {-4795, 3330}, {0xDF, 0x00, 0x85, 0xFF}}},
	{{{0, 0, 2528}, 0, {-5361, 3034}, {0xA4, 0x29, 0xB3, 0xFF}}},
	{{{0, 688, 3371}, 0, {-6256, 3646}, {0x9C, 0x3D, 0xCE, 0xFF}}},
	{{{1033, 1421, -4995}, 0, {2152, -297}, {0xD5, 0x5A, 0x4F, 0xFF}}},
	{{{-318, 1203, -4662}, 0, {815, -1473}, {0x24, 0x4B, 0x60, 0xFF}}},
	{{{-411, 1989, -5457}, 0, {1893, -2383}, {0x24, 0x59, 0x53, 0xFF}}},
	{{{-1651, 1989, -4462}, 0, {43, -3266}, {0x3F, 0x4D, 0x4F, 0xFF}}},
	{{{-1372, 1203, -3816}, 0, {-609, -2180}, {0x3B, 0x46, 0x58, 0xFF}}},
	{{{-2075, 655, -2973}, 0, {-1972, -1887}, {0x50, 0x47, 0x45, 0xFF}}},
	{{{-2075, 655, -2973}, 0, {-1972, -1887}, {0x50, 0x47, 0x45, 0xFF}}},
	{{{-1651, 1989, -4462}, 0, {43, -3266}, {0x3F, 0x4D, 0x4F, 0xFF}}},
	{{{-3006, 2510, -3547}, 0, {-1804, -4454}, {0x57, 0x40, 0x43, 0xFF}}},
	{{{-2976, 688, -1495}, 0, {-3815, -1933}, {0x64, 0x45, 0x25, 0xFF}}},
	{{{-4000, 1755, -966}, 0, {-5179, -3201}, {0x63, 0x4D, 0x13, 0xFF}}},
	{{{-3371, 1004, -843}, 0, {-4747, -2086}, {0x62, 0x51, 0x04, 0xFF}}},
	{{{-3371, 1106, -105}, 0, {-5526, -1727}, {0x63, 0x4F, 0x0B, 0xFF}}},
	{{{-4000, 1875, -98}, 0, {-6182, -2729}, {0x62, 0x50, 0x0A, 0xFF}}},
	{{{-4000, 1383, 1016}, 0, {-7096, -1490}, {0x5D, 0x56, 0xFB, 0xFF}}},
	{{{-3371, 688, 843}, 0, {-6225, -771}, {0x5C, 0x57, 0xF5, 0xFF}}},
	{{{-2528, 1187, 2528}, 0, {-7542, 1019}, {0x56, 0x0C, 0xA3, 0xFF}}},
};

Gfx catamesa_dl_Plane_mesh_layer_1_tri_1[] = {
	gsSPVertex(catamesa_dl_Plane_mesh_layer_1_vtx_1 + 0, 32, 0),
	gsSP2Triangles(0, 1, 2, 0, 0, 3, 1, 0),
	gsSP2Triangles(0, 4, 3, 0, 0, 5, 4, 0),
	gsSP2Triangles(0, 6, 5, 0, 0, 7, 6, 0),
	gsSP2Triangles(7, 8, 6, 0, 7, 9, 8, 0),
	gsSP2Triangles(7, 10, 9, 0, 11, 8, 9, 0),
	gsSP2Triangles(8, 11, 12, 0, 13, 12, 11, 0),
	gsSP2Triangles(11, 14, 13, 0, 11, 15, 14, 0),
	gsSP2Triangles(11, 9, 15, 0, 13, 14, 16, 0),
	gsSP2Triangles(13, 16, 17, 0, 16, 18, 17, 0),
	gsSP2Triangles(16, 19, 18, 0, 19, 20, 18, 0),
	gsSP2Triangles(19, 21, 20, 0, 21, 22, 20, 0),
	gsSP2Triangles(21, 23, 22, 0, 24, 22, 23, 0),
	gsSP2Triangles(24, 25, 22, 0, 26, 25, 24, 0),
	gsSP2Triangles(26, 27, 25, 0, 26, 28, 27, 0),
	gsSP2Triangles(26, 29, 28, 0, 30, 28, 29, 0),
	gsSP1Triangle(30, 31, 28, 0),
	gsSPVertex(catamesa_dl_Plane_mesh_layer_1_vtx_1 + 32, 32, 0),
	gsSP2Triangles(0, 1, 2, 0, 1, 3, 2, 0),
	gsSP2Triangles(1, 4, 3, 0, 5, 3, 4, 0),
	gsSP2Triangles(6, 5, 4, 0, 6, 4, 7, 0),
	gsSP2Triangles(6, 8, 5, 0, 6, 9, 8, 0),
	gsSP2Triangles(9, 10, 8, 0, 9, 11, 10, 0),
	gsSP2Triangles(12, 10, 11, 0, 12, 13, 10, 0),
	gsSP2Triangles(14, 13, 12, 0, 14, 15, 13, 0),
	gsSP2Triangles(13, 15, 16, 0, 13, 16, 17, 0),
	gsSP2Triangles(10, 13, 17, 0, 8, 10, 17, 0),
	gsSP2Triangles(8, 17, 18, 0, 8, 18, 5, 0),
	gsSP2Triangles(5, 18, 3, 0, 19, 20, 21, 0),
	gsSP2Triangles(22, 23, 24, 0, 25, 22, 24, 0),
	gsSP2Triangles(0, 2, 26, 0, 27, 0, 26, 0),
	gsSP2Triangles(27, 26, 28, 0, 27, 28, 29, 0),
	gsSP2Triangles(27, 29, 30, 0, 31, 30, 29, 0),
	gsSPVertex(catamesa_dl_Plane_mesh_layer_1_vtx_1 + 64, 11, 0),
	gsSP2Triangles(0, 1, 2, 0, 3, 0, 2, 0),
	gsSP2Triangles(3, 2, 4, 0, 3, 4, 5, 0),
	gsSP2Triangles(6, 5, 4, 0, 6, 4, 7, 0),
	gsSP2Triangles(6, 7, 8, 0, 6, 8, 9, 0),
	gsSP1Triangle(9, 8, 10, 0),
	gsSPEndDisplayList(),
};

Vtx catamesa_dl_Plane_mesh_layer_1_vtx_2[40] = {
	{{{1685, 0, 1685}, 0, {-3750, -5322}, {0x7F, 0x00, 0x00, 0xFF}}},
	{{{1685, 147, 843}, 0, {-3598, -4454}, {0x7F, 0x00, 0x00, 0xFF}}},
	{{{1685, 313, 1685}, 0, {-3428, -5322}, {0x7F, 0x00, 0x00, 0xFF}}},
	{{{1685, 0, 1685}, 0, {-4072, -4454}, {0x00, 0x00, 0x7F, 0xFF}}},
	{{{843, 313, 1685}, 0, {-3750, -5322}, {0x00, 0x00, 0x7F, 0xFF}}},
	{{{843, 0, 1685}, 0, {-4072, -5322}, {0x00, 0x00, 0x7F, 0xFF}}},
	{{{1685, 313, 1685}, 0, {-3750, -4454}, {0x00, 0x00, 0x7F, 0xFF}}},
	{{{1430, 688, 2192}, 0, {5295, -4786}, {0x33, 0x00, 0x8C, 0xFF}}},
	{{{587, 0, 2192}, 0, {6004, -5654}, {0xDF, 0x00, 0x85, 0xFF}}},
	{{{587, 688, 2192}, 0, {5295, -5654}, {0xCE, 0x14, 0x8D, 0xFF}}},
	{{{1430, 0, 2192}, 0, {6004, -4786}, {0x2B, 0x00, 0x89, 0xFF}}},
	{{{2528, 688, 3371}, 0, {5295, -3127}, {0x5D, 0x00, 0xA9, 0xFF}}},
	{{{843, 313, 0}, 0, {-6624, -4454}, {0xC3, 0x02, 0x6F, 0xFF}}},
	{{{1685, 1203, 0}, 0, {-7542, -5322}, {0x43, 0x00, 0x6C, 0xFF}}},
	{{{843, 1203, 0}, 0, {-7542, -4454}, {0xCF, 0x00, 0x75, 0xFF}}},
	{{{1685, 147, 0}, 0, {-6454, -5322}, {0x4C, 0x00, 0x66, 0xFF}}},
	{{{1963, 1203, -557}, 0, {-7542, -5963}, {0x5A, 0x00, 0x5A, 0xFF}}},
	{{{1963, 0, -557}, 0, {-6302, -5963}, {0x58, 0x00, 0x5C, 0xFF}}},
	{{{2528, 0, -843}, 0, {-6302, -6615}, {0x39, 0x00, 0x71, 0xFF}}},
	{{{2528, 1203, -843}, 0, {-7542, -6615}, {0x39, 0x00, 0x71, 0xFF}}},
	{{{1103, 0, -2528}, 0, {2841, -3630}, {0xA2, 0x00, 0xAB, 0xFF}}},
	{{{1620, 1203, -3371}, 0, {4081, -4649}, {0x94, 0x00, 0xBE, 0xFF}}},
	{{{1620, 0, -3371}, 0, {2841, -4649}, {0x94, 0x00, 0xBE, 0xFF}}},
	{{{1103, 1203, -2528}, 0, {4081, -3630}, {0xA2, 0x00, 0xAB, 0xFF}}},
	{{{0, 0, -1685}, 0, {2841, -2200}, {0x8E, 0x00, 0xC8, 0xFF}}},
	{{{0, 1203, -1685}, 0, {4081, -2200}, {0x8E, 0x00, 0xC8, 0xFF}}},
	{{{0, 0, -843}, 0, {2841, -1332}, {0x8D, 0x02, 0x37, 0xFF}}},
	{{{0, 1203, -843}, 0, {4081, -1332}, {0x8B, 0x00, 0x31, 0xFF}}},
	{{{843, 313, 0}, 0, {3164, -105}, {0xC3, 0x02, 0x6F, 0xFF}}},
	{{{592, -492, -188}, 0, {2332, -424}, {0xA7, 0x07, 0x5A, 0xFF}}},
	{{{843, 0, 0}, 0, {2841, -105}, {0xB4, 0x00, 0x66, 0xFF}}},
	{{{843, 1203, 0}, 0, {4081, -105}, {0xCF, 0x00, 0x75, 0xFF}}},
	{{{843, 0, 1685}, 0, {-5980, -6383}, {0x83, 0x15, 0x00, 0xFF}}},
	{{{843, 313, 1685}, 0, {-6302, -6383}, {0x81, 0x00, 0x00, 0xFF}}},
	{{{843, 313, 843}, 0, {-6302, -5515}, {0x81, 0x00, 0x00, 0xFF}}},
	{{{843, 0, 843}, 0, {-5980, -5515}, {0x85, 0x1E, 0x00, 0xFF}}},
	{{{843, 313, 0}, 0, {-6302, -4647}, {0x81, 0x00, 0x00, 0xFF}}},
	{{{843, 0, 0}, 0, {-5980, -4647}, {0x85, 0x20, 0x00, 0xFF}}},
	{{{592, -492, -188}, 0, {-5411, -4454}, {0x8F, 0x3A, 0x00, 0xFF}}},
	{{{592, -492, 1185}, 0, {-5411, -5868}, {0x8F, 0x3A, 0x00, 0xFF}}},
};

Gfx catamesa_dl_Plane_mesh_layer_1_tri_2[] = {
	gsSPVertex(catamesa_dl_Plane_mesh_layer_1_vtx_2 + 0, 32, 0),
	gsSP2Triangles(0, 1, 2, 0, 3, 4, 5, 0),
	gsSP2Triangles(3, 6, 4, 0, 7, 8, 9, 0),
	gsSP2Triangles(7, 10, 8, 0, 7, 11, 10, 0),
	gsSP2Triangles(12, 13, 14, 0, 12, 15, 13, 0),
	gsSP2Triangles(15, 16, 13, 0, 15, 17, 16, 0),
	gsSP2Triangles(18, 16, 17, 0, 18, 19, 16, 0),
	gsSP2Triangles(20, 21, 22, 0, 20, 23, 21, 0),
	gsSP2Triangles(24, 23, 20, 0, 24, 25, 23, 0),
	gsSP2Triangles(26, 25, 24, 0, 26, 27, 25, 0),
	gsSP2Triangles(28, 27, 26, 0, 29, 28, 26, 0),
	gsSP2Triangles(29, 30, 28, 0, 28, 31, 27, 0),
	gsSPVertex(catamesa_dl_Plane_mesh_layer_1_vtx_2 + 32, 8, 0),
	gsSP2Triangles(0, 1, 2, 0, 0, 2, 3, 0),
	gsSP2Triangles(3, 2, 4, 0, 3, 4, 5, 0),
	gsSP2Triangles(3, 5, 6, 0, 3, 6, 7, 0),
	gsSP1Triangle(0, 3, 7, 0),
	gsSPEndDisplayList(),
};

Vtx catamesa_dl_Plane_001_mesh_layer_1_vtx_cull[8] = {
	{{{-1117, 0, 1302}, 0, {0, 0}, {0x00, 0x00, 0x00, 0x00}}},
	{{{-1117, 0, 1302}, 0, {0, 0}, {0x00, 0x00, 0x00, 0x00}}},
	{{{-1117, 0, -1302}, 0, {0, 0}, {0x00, 0x00, 0x00, 0x00}}},
	{{{-1117, 0, -1302}, 0, {0, 0}, {0x00, 0x00, 0x00, 0x00}}},
	{{{1117, 0, 1302}, 0, {0, 0}, {0x00, 0x00, 0x00, 0x00}}},
	{{{1117, 0, 1302}, 0, {0, 0}, {0x00, 0x00, 0x00, 0x00}}},
	{{{1117, 0, -1302}, 0, {0, 0}, {0x00, 0x00, 0x00, 0x00}}},
	{{{1117, 0, -1302}, 0, {0, 0}, {0x00, 0x00, 0x00, 0x00}}},
};

Vtx catamesa_dl_Plane_001_mesh_layer_1_vtx_0[4] = {
	{{{-1117, 0, 1302}, 0, {-16, 1008}, {0x00, 0x7F, 0x00, 0xFF}}},
	{{{1117, 0, 1302}, 0, {1008, 1008}, {0x00, 0x7F, 0x00, 0xFF}}},
	{{{1117, 0, -1302}, 0, {1008, -16}, {0x00, 0x7F, 0x00, 0xFF}}},
	{{{-1117, 0, -1302}, 0, {-16, -16}, {0x00, 0x7F, 0x00, 0xFF}}},
};

Gfx catamesa_dl_Plane_001_mesh_layer_1_tri_0[] = {
	gsSPVertex(catamesa_dl_Plane_001_mesh_layer_1_vtx_0 + 0, 4, 0),
	gsSP2Triangles(0, 1, 2, 0, 0, 2, 3, 0),
	gsSPEndDisplayList(),
};

Vtx catamesa_dl_Cube_001_mesh_layer_1_vtx_cull[8] = {
	{{{3, -79, -33}, 0, {0, 0}, {0x00, 0x00, 0x00, 0x00}}},
	{{{3, 266, -33}, 0, {0, 0}, {0x00, 0x00, 0x00, 0x00}}},
	{{{3, 266, -132}, 0, {0, 0}, {0x00, 0x00, 0x00, 0x00}}},
	{{{3, -79, -132}, 0, {0, 0}, {0x00, 0x00, 0x00, 0x00}}},
	{{{100, -79, -33}, 0, {0, 0}, {0x00, 0x00, 0x00, 0x00}}},
	{{{100, 266, -33}, 0, {0, 0}, {0x00, 0x00, 0x00, 0x00}}},
	{{{100, 266, -132}, 0, {0, 0}, {0x00, 0x00, 0x00, 0x00}}},
	{{{100, -79, -132}, 0, {0, 0}, {0x00, 0x00, 0x00, 0x00}}},
};

Vtx catamesa_dl_Cube_001_mesh_layer_1_vtx_0[52] = {
	{{{3, -79, -33}, 0, {368, 1008}, {0x81, 0x00, 0x00, 0xFF}}},
	{{{3, 41, -33}, 0, {624, 1008}, {0x81, 0x00, 0x00, 0xFF}}},
	{{{3, 41, -132}, 0, {624, 752}, {0x81, 0x00, 0x00, 0xFF}}},
	{{{3, -79, -132}, 0, {368, 752}, {0x81, 0x00, 0x00, 0xFF}}},
	{{{3, -79, -132}, 0, {368, 752}, {0x00, 0x00, 0x81, 0xFF}}},
	{{{3, 41, -132}, 0, {624, 752}, {0x00, 0x00, 0x81, 0xFF}}},
	{{{100, 41, -132}, 0, {624, 496}, {0x00, 0x00, 0x81, 0xFF}}},
	{{{100, -79, -132}, 0, {368, 496}, {0x00, 0x00, 0x81, 0xFF}}},
	{{{100, -79, -132}, 0, {368, 496}, {0x7F, 0x00, 0x00, 0xFF}}},
	{{{100, 41, -33}, 0, {624, 240}, {0x7F, 0x00, 0x00, 0xFF}}},
	{{{100, -79, -33}, 0, {368, 240}, {0x7F, 0x00, 0x00, 0xFF}}},
	{{{100, 41, -132}, 0, {624, 496}, {0x7F, 0x00, 0x00, 0xFF}}},
	{{{100, 189, -110}, 0, {624, 496}, {0x7F, 0x00, 0x00, 0xFF}}},
	{{{100, 189, -55}, 0, {624, 240}, {0x7F, 0x00, 0x00, 0xFF}}},
	{{{100, 266, -110}, 0, {624, 496}, {0x7F, 0x00, 0x00, 0xFF}}},
	{{{100, 266, -55}, 0, {624, 240}, {0x7F, 0x00, 0x00, 0xFF}}},
	{{{100, -79, -33}, 0, {368, 240}, {0x00, 0x00, 0x7F, 0xFF}}},
	{{{100, 41, -33}, 0, {624, 240}, {0x00, 0x00, 0x7F, 0xFF}}},
	{{{3, 41, -33}, 0, {624, -16}, {0x00, 0x00, 0x7F, 0xFF}}},
	{{{3, -79, -33}, 0, {368, -16}, {0x00, 0x00, 0x7F, 0xFF}}},
	{{{3, -79, -132}, 0, {112, 496}, {0x00, 0x81, 0x00, 0xFF}}},
	{{{100, -79, -132}, 0, {368, 496}, {0x00, 0x81, 0x00, 0xFF}}},
	{{{100, -79, -33}, 0, {368, 240}, {0x00, 0x81, 0x00, 0xFF}}},
	{{{3, -79, -33}, 0, {112, 240}, {0x00, 0x81, 0x00, 0xFF}}},
	{{{46, 189, -55}, 0, {624, -16}, {0x00, 0x00, 0x7F, 0xFF}}},
	{{{100, 189, -55}, 0, {624, 240}, {0x00, 0x00, 0x7F, 0xFF}}},
	{{{100, 266, -55}, 0, {624, 240}, {0x00, 0x00, 0x7F, 0xFF}}},
	{{{46, 266, -55}, 0, {624, -16}, {0x00, 0x00, 0x7F, 0xFF}}},
	{{{3, 41, -132}, 0, {624, 752}, {0x86, 0x23, 0x00, 0xFF}}},
	{{{3, 41, -33}, 0, {624, 1008}, {0x86, 0x23, 0x00, 0xFF}}},
	{{{46, 189, -55}, 0, {624, 1008}, {0x86, 0x23, 0x00, 0xFF}}},
	{{{46, 189, -110}, 0, {624, 752}, {0x86, 0x23, 0x00, 0xFF}}},
	{{{3, 41, -33}, 0, {624, -16}, {0x00, 0x12, 0x7E, 0xFF}}},
	{{{100, 41, -33}, 0, {624, 240}, {0x00, 0x12, 0x7E, 0xFF}}},
	{{{100, 189, -55}, 0, {624, 240}, {0x00, 0x12, 0x7E, 0xFF}}},
	{{{46, 189, -55}, 0, {624, -16}, {0x00, 0x12, 0x7E, 0xFF}}},
	{{{100, 41, -132}, 0, {624, 496}, {0x00, 0x12, 0x82, 0xFF}}},
	{{{3, 41, -132}, 0, {624, 752}, {0x00, 0x12, 0x82, 0xFF}}},
	{{{46, 189, -110}, 0, {624, 752}, {0x00, 0x12, 0x82, 0xFF}}},
	{{{100, 189, -110}, 0, {624, 496}, {0x00, 0x12, 0x82, 0xFF}}},
	{{{100, 266, -110}, 0, {624, 496}, {0x00, 0x7F, 0x00, 0xFF}}},
	{{{46, 266, -110}, 0, {880, 496}, {0x00, 0x7F, 0x00, 0xFF}}},
	{{{46, 266, -55}, 0, {880, 240}, {0x00, 0x7F, 0x00, 0xFF}}},
	{{{100, 266, -55}, 0, {624, 240}, {0x00, 0x7F, 0x00, 0xFF}}},
	{{{100, 189, -110}, 0, {624, 496}, {0x00, 0x00, 0x81, 0xFF}}},
	{{{46, 189, -110}, 0, {624, 752}, {0x00, 0x00, 0x81, 0xFF}}},
	{{{46, 266, -110}, 0, {624, 752}, {0x00, 0x00, 0x81, 0xFF}}},
	{{{100, 266, -110}, 0, {624, 496}, {0x00, 0x00, 0x81, 0xFF}}},
	{{{46, 189, -110}, 0, {624, 752}, {0x81, 0x00, 0x00, 0xFF}}},
	{{{46, 189, -55}, 0, {624, 1008}, {0x81, 0x00, 0x00, 0xFF}}},
	{{{46, 266, -55}, 0, {624, 1008}, {0x81, 0x00, 0x00, 0xFF}}},
	{{{46, 266, -110}, 0, {624, 752}, {0x81, 0x00, 0x00, 0xFF}}},
};

Gfx catamesa_dl_Cube_001_mesh_layer_1_tri_0[] = {
	gsSPVertex(catamesa_dl_Cube_001_mesh_layer_1_vtx_0 + 0, 32, 0),
	gsSP2Triangles(0, 1, 2, 0, 0, 2, 3, 0),
	gsSP2Triangles(4, 5, 6, 0, 4, 6, 7, 0),
	gsSP2Triangles(8, 9, 10, 0, 8, 11, 9, 0),
	gsSP2Triangles(9, 11, 12, 0, 9, 12, 13, 0),
	gsSP2Triangles(13, 12, 14, 0, 13, 14, 15, 0),
	gsSP2Triangles(16, 17, 18, 0, 16, 18, 19, 0),
	gsSP2Triangles(20, 21, 22, 0, 20, 22, 23, 0),
	gsSP2Triangles(24, 25, 26, 0, 24, 26, 27, 0),
	gsSP2Triangles(28, 29, 30, 0, 28, 30, 31, 0),
	gsSPVertex(catamesa_dl_Cube_001_mesh_layer_1_vtx_0 + 32, 20, 0),
	gsSP2Triangles(0, 1, 2, 0, 0, 2, 3, 0),
	gsSP2Triangles(4, 5, 6, 0, 4, 6, 7, 0),
	gsSP2Triangles(8, 9, 10, 0, 8, 10, 11, 0),
	gsSP2Triangles(12, 13, 14, 0, 12, 14, 15, 0),
	gsSP2Triangles(16, 17, 18, 0, 16, 18, 19, 0),
	gsSPEndDisplayList(),
};

Vtx catamesa_dl_Cube_002_mesh_layer_1_vtx_cull[8] = {
	{{{-896, -229, 101}, 0, {0, 0}, {0x00, 0x00, 0x00, 0x00}}},
	{{{-896, 639, 101}, 0, {0, 0}, {0x00, 0x00, 0x00, 0x00}}},
	{{{-896, 639, -1663}, 0, {0, 0}, {0x00, 0x00, 0x00, 0x00}}},
	{{{-896, -229, -1663}, 0, {0, 0}, {0x00, 0x00, 0x00, 0x00}}},
	{{{1218, -229, 101}, 0, {0, 0}, {0x00, 0x00, 0x00, 0x00}}},
	{{{1218, 639, 101}, 0, {0, 0}, {0x00, 0x00, 0x00, 0x00}}},
	{{{1218, 639, -1663}, 0, {0, 0}, {0x00, 0x00, 0x00, 0x00}}},
	{{{1218, -229, -1663}, 0, {0, 0}, {0x00, 0x00, 0x00, 0x00}}},
};

Vtx catamesa_dl_Cube_002_mesh_layer_1_vtx_0[116] = {
	{{{-272, -133, 100}, 0, {368, 1008}, {0x81, 0x00, 0x00, 0xFF}}},
	{{{-272, 134, 100}, 0, {624, 1008}, {0x81, 0x00, 0x00, 0xFF}}},
	{{{-272, 134, -373}, 0, {624, 752}, {0x81, 0x00, 0x00, 0xFF}}},
	{{{-272, -133, -373}, 0, {368, 752}, {0x81, 0x00, 0x00, 0xFF}}},
	{{{-272, -133, -373}, 0, {368, 752}, {0x00, 0x00, 0x81, 0xFF}}},
	{{{-272, 134, -373}, 0, {624, 752}, {0x00, 0x00, 0x81, 0xFF}}},
	{{{275, 138, -371}, 0, {624, 496}, {0x00, 0x00, 0x81, 0xFF}}},
	{{{275, -130, -371}, 0, {368, 496}, {0x00, 0x00, 0x81, 0xFF}}},
	{{{275, -130, -371}, 0, {368, 496}, {0x7F, 0x00, 0x00, 0xFF}}},
	{{{275, 138, -371}, 0, {624, 496}, {0x7F, 0x00, 0x00, 0xFF}}},
	{{{275, 138, 101}, 0, {624, 240}, {0x7F, 0x00, 0x00, 0xFF}}},
	{{{275, -130, 101}, 0, {368, 240}, {0x7F, 0x00, 0x00, 0xFF}}},
	{{{275, -130, 101}, 0, {368, 240}, {0x00, 0x00, 0x7F, 0xFF}}},
	{{{275, 138, 101}, 0, {624, 240}, {0x00, 0x00, 0x7F, 0xFF}}},
	{{{-272, 134, 100}, 0, {624, -16}, {0x00, 0x00, 0x7F, 0xFF}}},
	{{{-272, -133, 100}, 0, {368, -16}, {0x00, 0x00, 0x7F, 0xFF}}},
	{{{-272, -133, -373}, 0, {112, 496}, {0x01, 0x81, 0x00, 0xFF}}},
	{{{275, -130, -371}, 0, {368, 496}, {0x01, 0x81, 0x00, 0xFF}}},
	{{{275, -130, 101}, 0, {368, 240}, {0x01, 0x81, 0x00, 0xFF}}},
	{{{-272, -133, 100}, 0, {112, 240}, {0x01, 0x81, 0x00, 0xFF}}},
	{{{275, 138, -371}, 0, {624, 496}, {0xFF, 0x7F, 0x00, 0xFF}}},
	{{{-272, 134, -373}, 0, {880, 496}, {0xFF, 0x7F, 0x00, 0xFF}}},
	{{{-272, 134, 100}, 0, {880, 240}, {0xFF, 0x7F, 0x00, 0xFF}}},
	{{{275, 138, 101}, 0, {624, 240}, {0xFF, 0x7F, 0x00, 0xFF}}},
	{{{-256, 245, -838}, 0, {368, 1008}, {0x81, 0x00, 0x00, 0xFF}}},
	{{{-256, 303, -838}, 0, {624, 1008}, {0x81, 0x00, 0x00, 0xFF}}},
	{{{-256, 303, -1311}, 0, {624, 752}, {0x81, 0x00, 0x00, 0xFF}}},
	{{{-256, 245, -1311}, 0, {368, 752}, {0x81, 0x00, 0x00, 0xFF}}},
	{{{-256, 245, -1311}, 0, {368, 752}, {0x00, 0x00, 0x81, 0xFF}}},
	{{{-256, 303, -1311}, 0, {624, 752}, {0x00, 0x00, 0x81, 0xFF}}},
	{{{739, 306, -1310}, 0, {624, 496}, {0x00, 0x00, 0x81, 0xFF}}},
	{{{739, 248, -1310}, 0, {368, 496}, {0x00, 0x00, 0x81, 0xFF}}},
	{{{739, 248, -1310}, 0, {368, 496}, {0x7F, 0x00, 0x00, 0xFF}}},
	{{{739, 306, -1310}, 0, {624, 496}, {0x7F, 0x00, 0x00, 0xFF}}},
	{{{739, 306, -837}, 0, {624, 240}, {0x7F, 0x00, 0x00, 0xFF}}},
	{{{739, 248, -837}, 0, {368, 240}, {0x7F, 0x00, 0x00, 0xFF}}},
	{{{739, 248, -837}, 0, {368, 240}, {0x00, 0x00, 0x7F, 0xFF}}},
	{{{739, 306, -837}, 0, {624, 240}, {0x00, 0x00, 0x7F, 0xFF}}},
	{{{-256, 303, -838}, 0, {624, -16}, {0x00, 0x00, 0x7F, 0xFF}}},
	{{{-256, 245, -838}, 0, {368, -16}, {0x00, 0x00, 0x7F, 0xFF}}},
	{{{-256, 245, -1311}, 0, {112, 496}, {0x00, 0x81, 0x00, 0xFF}}},
	{{{739, 248, -1310}, 0, {368, 496}, {0x00, 0x81, 0x00, 0xFF}}},
	{{{739, 248, -837}, 0, {368, 240}, {0x00, 0x81, 0x00, 0xFF}}},
	{{{-256, 245, -838}, 0, {112, 240}, {0x00, 0x81, 0x00, 0xFF}}},
	{{{739, 306, -1310}, 0, {624, 496}, {0x00, 0x7F, 0x00, 0xFF}}},
	{{{-256, 303, -1311}, 0, {880, 496}, {0x00, 0x7F, 0x00, 0xFF}}},
	{{{-256, 303, -838}, 0, {880, 240}, {0x00, 0x7F, 0x00, 0xFF}}},
	{{{739, 306, -837}, 0, {624, 240}, {0x00, 0x7F, 0x00, 0xFF}}},
	{{{1216, 577, -116}, 0, {368, 1008}, {0x00, 0x00, 0x7F, 0xFF}}},
	{{{1216, 635, -116}, 0, {624, 1008}, {0x00, 0x00, 0x7F, 0xFF}}},
	{{{744, 635, -116}, 0, {624, 752}, {0x00, 0x00, 0x7F, 0xFF}}},
	{{{744, 577, -116}, 0, {368, 752}, {0x00, 0x00, 0x7F, 0xFF}}},
	{{{744, 577, -116}, 0, {368, 752}, {0x81, 0x00, 0x00, 0xFF}}},
	{{{744, 635, -116}, 0, {624, 752}, {0x81, 0x00, 0x00, 0xFF}}},
	{{{745, 639, -1111}, 0, {624, 496}, {0x81, 0x00, 0x00, 0xFF}}},
	{{{745, 581, -1111}, 0, {368, 496}, {0x81, 0x00, 0x00, 0xFF}}},
	{{{745, 581, -1111}, 0, {368, 496}, {0x00, 0x00, 0x81, 0xFF}}},
	{{{745, 639, -1111}, 0, {624, 496}, {0x00, 0x00, 0x81, 0xFF}}},
	{{{1218, 639, -1111}, 0, {624, 240}, {0x00, 0x00, 0x81, 0xFF}}},
	{{{1218, 581, -1111}, 0, {368, 240}, {0x00, 0x00, 0x81, 0xFF}}},
	{{{1218, 581, -1111}, 0, {368, 240}, {0x7F, 0x00, 0x00, 0xFF}}},
	{{{1218, 639, -1111}, 0, {624, 240}, {0x7F, 0x00, 0x00, 0xFF}}},
	{{{1216, 635, -116}, 0, {624, -16}, {0x7F, 0x00, 0x00, 0xFF}}},
	{{{1216, 577, -116}, 0, {368, -16}, {0x7F, 0x00, 0x00, 0xFF}}},
	{{{744, 577, -116}, 0, {112, 496}, {0x00, 0x81, 0x00, 0xFF}}},
	{{{745, 581, -1111}, 0, {368, 496}, {0x00, 0x81, 0x00, 0xFF}}},
	{{{1218, 581, -1111}, 0, {368, 240}, {0x00, 0x81, 0x00, 0xFF}}},
	{{{1216, 577, -116}, 0, {112, 240}, {0x00, 0x81, 0x00, 0xFF}}},
	{{{745, 639, -1111}, 0, {624, 496}, {0x00, 0x7F, 0x00, 0xFF}}},
	{{{744, 635, -116}, 0, {880, 496}, {0x00, 0x7F, 0x00, 0xFF}}},
	{{{1216, 635, -116}, 0, {880, 240}, {0x00, 0x7F, 0x00, 0xFF}}},
	{{{1218, 639, -1111}, 0, {624, 240}, {0x00, 0x7F, 0x00, 0xFF}}},
	{{{-896, -229, -1350}, 0, {368, 1008}, {0x81, 0x00, 0x00, 0xFF}}},
	{{{-896, -170, -1663}, 0, {624, 752}, {0x81, 0x00, 0x00, 0xFF}}},
	{{{-896, -229, -1663}, 0, {368, 752}, {0x81, 0x00, 0x00, 0xFF}}},
	{{{-896, -170, -1350}, 0, {624, 1008}, {0x81, 0x00, 0x00, 0xFF}}},
	{{{-896, -229, 100}, 0, {368, 1008}, {0x81, 0x00, 0x00, 0xFF}}},
	{{{-896, -170, 100}, 0, {624, 1008}, {0x81, 0x00, 0x00, 0xFF}}},
	{{{-748, -229, -1663}, 0, {368, 624}, {0x00, 0x00, 0x81, 0xFF}}},
	{{{-599, -170, -1663}, 0, {624, 496}, {0x00, 0x00, 0x81, 0xFF}}},
	{{{-599, -229, -1663}, 0, {368, 496}, {0x00, 0x00, 0x81, 0xFF}}},
	{{{-748, -170, -1663}, 0, {624, 624}, {0x00, 0x00, 0x81, 0xFF}}},
	{{{-896, -229, -1663}, 0, {368, 752}, {0x00, 0x00, 0x81, 0xFF}}},
	{{{-896, -170, -1663}, 0, {624, 752}, {0x00, 0x00, 0x81, 0xFF}}},
	{{{-599, -229, -1663}, 0, {368, 496}, {0x7F, 0x00, 0x00, 0xFF}}},
	{{{-599, -170, -1663}, 0, {624, 496}, {0x7F, 0x00, 0x00, 0xFF}}},
	{{{-599, -170, -1350}, 0, {624, 240}, {0x7F, 0x00, 0x00, 0xFF}}},
	{{{-599, -229, -1350}, 0, {368, 240}, {0x7F, 0x00, 0x00, 0xFF}}},
	{{{-748, -170, -1350}, 0, {752, 240}, {0x00, 0x7F, 0x00, 0xFF}}},
	{{{-896, -170, 100}, 0, {880, 240}, {0x00, 0x7F, 0x00, 0xFF}}},
	{{{-748, -170, 100}, 0, {752, 240}, {0x00, 0x7F, 0x00, 0xFF}}},
	{{{-896, -170, -1350}, 0, {880, 240}, {0x00, 0x7F, 0x00, 0xFF}}},
	{{{-748, -170, -1663}, 0, {752, 496}, {0x00, 0x7F, 0x00, 0xFF}}},
	{{{-599, -170, -1663}, 0, {624, 496}, {0x00, 0x7F, 0x00, 0xFF}}},
	{{{-599, -170, -1350}, 0, {624, 240}, {0x00, 0x7F, 0x00, 0xFF}}},
	{{{-896, -170, -1663}, 0, {880, 496}, {0x00, 0x7F, 0x00, 0xFF}}},
	{{{-748, -229, -1663}, 0, {240, 496}, {0x00, 0x81, 0x00, 0xFF}}},
	{{{-599, -229, -1663}, 0, {368, 496}, {0x00, 0x81, 0x00, 0xFF}}},
	{{{-599, -229, -1350}, 0, {368, 240}, {0x00, 0x81, 0x00, 0xFF}}},
	{{{-748, -229, -1350}, 0, {240, 240}, {0x00, 0x81, 0x00, 0xFF}}},
	{{{-896, -229, -1663}, 0, {112, 496}, {0x00, 0x81, 0x00, 0xFF}}},
	{{{-896, -229, -1350}, 0, {112, 240}, {0x00, 0x81, 0x00, 0xFF}}},
	{{{-748, -229, 100}, 0, {240, 240}, {0x00, 0x81, 0x00, 0xFF}}},
	{{{-896, -229, 100}, 0, {112, 240}, {0x00, 0x81, 0x00, 0xFF}}},
	{{{-599, -229, -1350}, 0, {368, 240}, {0x00, 0x00, 0x7F, 0xFF}}},
	{{{-599, -170, -1350}, 0, {624, 240}, {0x00, 0x00, 0x7F, 0xFF}}},
	{{{-748, -170, -1350}, 0, {624, 112}, {0x00, 0x00, 0x7F, 0xFF}}},
	{{{-748, -229, -1350}, 0, {368, 112}, {0x00, 0x00, 0x7F, 0xFF}}},
	{{{-748, -229, 100}, 0, {368, 112}, {0x00, 0x00, 0x7F, 0xFF}}},
	{{{-748, -170, 100}, 0, {624, 112}, {0x00, 0x00, 0x7F, 0xFF}}},
	{{{-896, -170, 100}, 0, {624, -16}, {0x00, 0x00, 0x7F, 0xFF}}},
	{{{-896, -229, 100}, 0, {368, -16}, {0x00, 0x00, 0x7F, 0xFF}}},
	{{{-748, -229, -1350}, 0, {368, 112}, {0x7F, 0x00, 0x00, 0xFF}}},
	{{{-748, -170, -1350}, 0, {624, 112}, {0x7F, 0x00, 0x00, 0xFF}}},
	{{{-748, -170, 100}, 0, {624, 112}, {0x7F, 0x00, 0x00, 0xFF}}},
	{{{-748, -229, 100}, 0, {368, 112}, {0x7F, 0x00, 0x00, 0xFF}}},
};

Gfx catamesa_dl_Cube_002_mesh_layer_1_tri_0[] = {
	gsSPVertex(catamesa_dl_Cube_002_mesh_layer_1_vtx_0 + 0, 32, 0),
	gsSP2Triangles(0, 1, 2, 0, 0, 2, 3, 0),
	gsSP2Triangles(4, 5, 6, 0, 4, 6, 7, 0),
	gsSP2Triangles(8, 9, 10, 0, 8, 10, 11, 0),
	gsSP2Triangles(12, 13, 14, 0, 12, 14, 15, 0),
	gsSP2Triangles(16, 17, 18, 0, 16, 18, 19, 0),
	gsSP2Triangles(20, 21, 22, 0, 20, 22, 23, 0),
	gsSP2Triangles(24, 25, 26, 0, 24, 26, 27, 0),
	gsSP2Triangles(28, 29, 30, 0, 28, 30, 31, 0),
	gsSPVertex(catamesa_dl_Cube_002_mesh_layer_1_vtx_0 + 32, 32, 0),
	gsSP2Triangles(0, 1, 2, 0, 0, 2, 3, 0),
	gsSP2Triangles(4, 5, 6, 0, 4, 6, 7, 0),
	gsSP2Triangles(8, 9, 10, 0, 8, 10, 11, 0),
	gsSP2Triangles(12, 13, 14, 0, 12, 14, 15, 0),
	gsSP2Triangles(16, 17, 18, 0, 16, 18, 19, 0),
	gsSP2Triangles(20, 21, 22, 0, 20, 22, 23, 0),
	gsSP2Triangles(24, 25, 26, 0, 24, 26, 27, 0),
	gsSP2Triangles(28, 29, 30, 0, 28, 30, 31, 0),
	gsSPVertex(catamesa_dl_Cube_002_mesh_layer_1_vtx_0 + 64, 32, 0),
	gsSP2Triangles(0, 1, 2, 0, 0, 2, 3, 0),
	gsSP2Triangles(4, 5, 6, 0, 4, 6, 7, 0),
	gsSP2Triangles(8, 9, 10, 0, 8, 11, 9, 0),
	gsSP2Triangles(11, 8, 12, 0, 11, 12, 13, 0),
	gsSP2Triangles(14, 15, 16, 0, 14, 17, 15, 0),
	gsSP2Triangles(18, 17, 14, 0, 18, 19, 17, 0),
	gsSP2Triangles(20, 21, 22, 0, 20, 22, 23, 0),
	gsSP2Triangles(24, 25, 26, 0, 24, 27, 25, 0),
	gsSP2Triangles(28, 27, 24, 0, 29, 28, 24, 0),
	gsSP2Triangles(29, 24, 30, 0, 28, 31, 27, 0),
	gsSPVertex(catamesa_dl_Cube_002_mesh_layer_1_vtx_0 + 96, 20, 0),
	gsSP2Triangles(0, 1, 2, 0, 0, 2, 3, 0),
	gsSP2Triangles(4, 0, 3, 0, 4, 3, 5, 0),
	gsSP2Triangles(5, 3, 6, 0, 5, 6, 7, 0),
	gsSP2Triangles(8, 9, 10, 0, 8, 10, 11, 0),
	gsSP2Triangles(12, 13, 14, 0, 12, 14, 15, 0),
	gsSP2Triangles(16, 17, 18, 0, 16, 18, 19, 0),
	gsSPEndDisplayList(),
};

Vtx catamesa_dl_Cube_003_mesh_layer_4_vtx_cull[8] = {
	{{{-3039, -4981, 1911}, 0, {0, 0}, {0x00, 0x00, 0x00, 0x00}}},
	{{{-3039, 207, 1911}, 0, {0, 0}, {0x00, 0x00, 0x00, 0x00}}},
	{{{-3039, 207, -1087}, 0, {0, 0}, {0x00, 0x00, 0x00, 0x00}}},
	{{{-3039, -4981, -1087}, 0, {0, 0}, {0x00, 0x00, 0x00, 0x00}}},
	{{{6444, -4981, 1911}, 0, {0, 0}, {0x00, 0x00, 0x00, 0x00}}},
	{{{6444, 207, 1911}, 0, {0, 0}, {0x00, 0x00, 0x00, 0x00}}},
	{{{6444, 207, -1087}, 0, {0, 0}, {0x00, 0x00, 0x00, 0x00}}},
	{{{6444, -4981, -1087}, 0, {0, 0}, {0x00, 0x00, 0x00, 0x00}}},
};

Vtx catamesa_dl_Cube_003_mesh_layer_4_vtx_0[72] = {
	{{{-194, -4677, 1911}, 0, {3348, 5755}, {0x81, 0x00, 0x00, 0xFF}}},
	{{{-194, 207, 1396}, 0, {2388, -4413}, {0x81, 0x00, 0x00, 0xFF}}},
	{{{-194, 207, -1087}, 0, {-2240, -4413}, {0x81, 0x00, 0x00, 0xFF}}},
	{{{-194, -4677, -1087}, 0, {-2240, 5755}, {0x81, 0x00, 0x00, 0xFF}}},
	{{{-194, -4677, -1087}, 0, {-2240, 5755}, {0x00, 0x00, 0x81, 0xFF}}},
	{{{-194, 207, -1087}, 0, {-2240, -4413}, {0x00, 0x00, 0x81, 0xFF}}},
	{{{-132, 207, -1087}, 0, {-2240, -4413}, {0x00, 0x00, 0x81, 0xFF}}},
	{{{-132, -4677, -1087}, 0, {-2240, 5755}, {0x00, 0x00, 0x81, 0xFF}}},
	{{{-132, -4677, -1087}, 0, {-2240, 5755}, {0x7F, 0x00, 0x00, 0xFF}}},
	{{{-132, 207, -1087}, 0, {-2240, -4413}, {0x7F, 0x00, 0x00, 0xFF}}},
	{{{-132, 207, 1396}, 0, {2388, -4413}, {0x7F, 0x00, 0x00, 0xFF}}},
	{{{-132, -4677, 1911}, 0, {3348, 5755}, {0x7F, 0x00, 0x00, 0xFF}}},
	{{{-132, -4677, 1911}, 0, {3348, 5755}, {0x00, 0x0D, 0x7E, 0xFF}}},
	{{{-132, 207, 1396}, 0, {2388, -4413}, {0x00, 0x0D, 0x7E, 0xFF}}},
	{{{-194, 207, 1396}, 0, {2388, -4413}, {0x00, 0x0D, 0x7E, 0xFF}}},
	{{{-194, -4677, 1911}, 0, {3348, 5755}, {0x00, 0x0D, 0x7E, 0xFF}}},
	{{{-194, -4677, -1087}, 0, {-2240, 5755}, {0x00, 0x81, 0x00, 0xFF}}},
	{{{-132, -4677, -1087}, 0, {-2240, 5755}, {0x00, 0x81, 0x00, 0xFF}}},
	{{{-132, -4677, 1911}, 0, {3348, 5755}, {0x00, 0x81, 0x00, 0xFF}}},
	{{{-194, -4677, 1911}, 0, {3348, 5755}, {0x00, 0x81, 0x00, 0xFF}}},
	{{{-132, 207, -1087}, 0, {-2240, -4413}, {0x00, 0x7F, 0x00, 0xFF}}},
	{{{-194, 207, -1087}, 0, {-2240, -4413}, {0x00, 0x7F, 0x00, 0xFF}}},
	{{{-194, 207, 1396}, 0, {2388, -4413}, {0x00, 0x7F, 0x00, 0xFF}}},
	{{{-132, 207, 1396}, 0, {2388, -4413}, {0x00, 0x7F, 0x00, 0xFF}}},
	{{{6382, -1409, 1174}, 0, {1974, -659}, {0x81, 0x00, 0x00, 0xFF}}},
	{{{6382, 207, 1174}, 0, {1974, -4278}, {0x81, 0x00, 0x00, 0xFF}}},
	{{{6382, 207, -1053}, 0, {-2177, -4278}, {0x81, 0x00, 0x00, 0xFF}}},
	{{{6382, -1409, -1053}, 0, {-2177, -659}, {0x81, 0x00, 0x00, 0xFF}}},
	{{{6382, -1409, -1053}, 0, {-2177, -659}, {0x00, 0x00, 0x81, 0xFF}}},
	{{{6382, 207, -1053}, 0, {-2177, -4278}, {0x00, 0x00, 0x81, 0xFF}}},
	{{{6444, 207, -1053}, 0, {-2177, -4278}, {0x00, 0x00, 0x81, 0xFF}}},
	{{{6444, -1409, -1053}, 0, {-2177, -659}, {0x00, 0x00, 0x81, 0xFF}}},
	{{{6444, -1409, -1053}, 0, {-2177, -659}, {0x7F, 0x00, 0x00, 0xFF}}},
	{{{6444, 207, -1053}, 0, {-2177, -4278}, {0x7F, 0x00, 0x00, 0xFF}}},
	{{{6444, 207, 1174}, 0, {1974, -4278}, {0x7F, 0x00, 0x00, 0xFF}}},
	{{{6444, -1409, 1174}, 0, {1974, -659}, {0x7F, 0x00, 0x00, 0xFF}}},
	{{{6444, -1409, 1174}, 0, {1974, -659}, {0x00, 0x00, 0x7F, 0xFF}}},
	{{{6444, 207, 1174}, 0, {1974, -4278}, {0x00, 0x00, 0x7F, 0xFF}}},
	{{{6382, 207, 1174}, 0, {1974, -4278}, {0x00, 0x00, 0x7F, 0xFF}}},
	{{{6382, -1409, 1174}, 0, {1974, -659}, {0x00, 0x00, 0x7F, 0xFF}}},
	{{{6382, -1409, -1053}, 0, {-2177, -659}, {0x00, 0x81, 0x00, 0xFF}}},
	{{{6444, -1409, -1053}, 0, {-2177, -659}, {0x00, 0x81, 0x00, 0xFF}}},
	{{{6444, -1409, 1174}, 0, {1974, -659}, {0x00, 0x81, 0x00, 0xFF}}},
	{{{6382, -1409, 1174}, 0, {1974, -659}, {0x00, 0x81, 0x00, 0xFF}}},
	{{{6444, 207, -1053}, 0, {-2177, -4278}, {0x00, 0x7F, 0x00, 0xFF}}},
	{{{6382, 207, -1053}, 0, {-2177, -4278}, {0x00, 0x7F, 0x00, 0xFF}}},
	{{{6382, 207, 1174}, 0, {1974, -4278}, {0x00, 0x7F, 0x00, 0xFF}}},
	{{{6444, 207, 1174}, 0, {1974, -4278}, {0x00, 0x7F, 0x00, 0xFF}}},
	{{{-3039, -4981, 1668}, 0, {1974, -659}, {0x81, 0x00, 0x00, 0xFF}}},
	{{{-3039, -3736, 1668}, 0, {1974, -4278}, {0x81, 0x00, 0x00, 0xFF}}},
	{{{-3039, -3736, -559}, 0, {-2177, -4278}, {0x81, 0x00, 0x00, 0xFF}}},
	{{{-3039, -4981, -559}, 0, {-2177, -659}, {0x81, 0x00, 0x00, 0xFF}}},
	{{{-3039, -4981, -559}, 0, {-2177, -659}, {0x00, 0x00, 0x81, 0xFF}}},
	{{{-3039, -3736, -559}, 0, {-2177, -4278}, {0x00, 0x00, 0x81, 0xFF}}},
	{{{-2977, -3736, -559}, 0, {-2177, -4278}, {0x00, 0x00, 0x81, 0xFF}}},
	{{{-2977, -4981, -559}, 0, {-2177, -659}, {0x00, 0x00, 0x81, 0xFF}}},
	{{{-2977, -4981, -559}, 0, {-2177, -659}, {0x7F, 0x00, 0x00, 0xFF}}},
	{{{-2977, -3736, -559}, 0, {-2177, -4278}, {0x7F, 0x00, 0x00, 0xFF}}},
	{{{-2977, -3736, 1668}, 0, {1974, -4278}, {0x7F, 0x00, 0x00, 0xFF}}},
	{{{-2977, -4981, 1668}, 0, {1974, -659}, {0x7F, 0x00, 0x00, 0xFF}}},
	{{{-2977, -4981, 1668}, 0, {1974, -659}, {0x00, 0x00, 0x7F, 0xFF}}},
	{{{-2977, -3736, 1668}, 0, {1974, -4278}, {0x00, 0x00, 0x7F, 0xFF}}},
	{{{-3039, -3736, 1668}, 0, {1974, -4278}, {0x00, 0x00, 0x7F, 0xFF}}},
	{{{-3039, -4981, 1668}, 0, {1974, -659}, {0x00, 0x00, 0x7F, 0xFF}}},
	{{{-3039, -4981, -559}, 0, {-2177, -659}, {0x00, 0x81, 0x00, 0xFF}}},
	{{{-2977, -4981, -559}, 0, {-2177, -659}, {0x00, 0x81, 0x00, 0xFF}}},
	{{{-2977, -4981, 1668}, 0, {1974, -659}, {0x00, 0x81, 0x00, 0xFF}}},
	{{{-3039, -4981, 1668}, 0, {1974, -659}, {0x00, 0x81, 0x00, 0xFF}}},
	{{{-2977, -3736, -559}, 0, {-2177, -4278}, {0x00, 0x7F, 0x00, 0xFF}}},
	{{{-3039, -3736, -559}, 0, {-2177, -4278}, {0x00, 0x7F, 0x00, 0xFF}}},
	{{{-3039, -3736, 1668}, 0, {1974, -4278}, {0x00, 0x7F, 0x00, 0xFF}}},
	{{{-2977, -3736, 1668}, 0, {1974, -4278}, {0x00, 0x7F, 0x00, 0xFF}}},
};

Gfx catamesa_dl_Cube_003_mesh_layer_4_tri_0[] = {
	gsSPVertex(catamesa_dl_Cube_003_mesh_layer_4_vtx_0 + 0, 32, 0),
	gsSP2Triangles(0, 1, 2, 0, 0, 2, 3, 0),
	gsSP2Triangles(4, 5, 6, 0, 4, 6, 7, 0),
	gsSP2Triangles(8, 9, 10, 0, 8, 10, 11, 0),
	gsSP2Triangles(12, 13, 14, 0, 12, 14, 15, 0),
	gsSP2Triangles(16, 17, 18, 0, 16, 18, 19, 0),
	gsSP2Triangles(20, 21, 22, 0, 20, 22, 23, 0),
	gsSP2Triangles(24, 25, 26, 0, 24, 26, 27, 0),
	gsSP2Triangles(28, 29, 30, 0, 28, 30, 31, 0),
	gsSPVertex(catamesa_dl_Cube_003_mesh_layer_4_vtx_0 + 32, 32, 0),
	gsSP2Triangles(0, 1, 2, 0, 0, 2, 3, 0),
	gsSP2Triangles(4, 5, 6, 0, 4, 6, 7, 0),
	gsSP2Triangles(8, 9, 10, 0, 8, 10, 11, 0),
	gsSP2Triangles(12, 13, 14, 0, 12, 14, 15, 0),
	gsSP2Triangles(16, 17, 18, 0, 16, 18, 19, 0),
	gsSP2Triangles(20, 21, 22, 0, 20, 22, 23, 0),
	gsSP2Triangles(24, 25, 26, 0, 24, 26, 27, 0),
	gsSP2Triangles(28, 29, 30, 0, 28, 30, 31, 0),
	gsSPVertex(catamesa_dl_Cube_003_mesh_layer_4_vtx_0 + 64, 8, 0),
	gsSP2Triangles(0, 1, 2, 0, 0, 2, 3, 0),
	gsSP2Triangles(4, 5, 6, 0, 4, 6, 7, 0),
	gsSPEndDisplayList(),
};

Vtx catamesa_dl_Cube_004_mesh_layer_1_vtx_cull[8] = {
	{{{-288, -5230, 233}, 0, {0, 0}, {0x00, 0x00, 0x00, 0x00}}},
	{{{-288, 100, 233}, 0, {0, 0}, {0x00, 0x00, 0x00, 0x00}}},
	{{{-288, 100, -1389}, 0, {0, 0}, {0x00, 0x00, 0x00, 0x00}}},
	{{{-288, -5230, -1389}, 0, {0, 0}, {0x00, 0x00, 0x00, 0x00}}},
	{{{6491, -5230, 233}, 0, {0, 0}, {0x00, 0x00, 0x00, 0x00}}},
	{{{6491, 100, 233}, 0, {0, 0}, {0x00, 0x00, 0x00, 0x00}}},
	{{{6491, 100, -1389}, 0, {0, 0}, {0x00, 0x00, 0x00, 0x00}}},
	{{{6491, -5230, -1389}, 0, {0, 0}, {0x00, 0x00, 0x00, 0x00}}},
};

Vtx catamesa_dl_Cube_004_mesh_layer_1_vtx_0[500] = {
	{{{-288, 59, 100}, 0, {368, 1008}, {0x81, 0x00, 0x00, 0xFF}}},
	{{{-288, 100, 100}, 0, {624, 1008}, {0x81, 0x00, 0x00, 0xFF}}},
	{{{-288, 100, -288}, 0, {624, 752}, {0x81, 0x00, 0x00, 0xFF}}},
	{{{-288, 59, -288}, 0, {368, 752}, {0x81, 0x00, 0x00, 0xFF}}},
	{{{-288, 59, -288}, 0, {368, 752}, {0x00, 0x00, 0x81, 0xFF}}},
	{{{-288, 100, -288}, 0, {624, 752}, {0x00, 0x00, 0x81, 0xFF}}},
	{{{100, 100, -288}, 0, {624, 496}, {0x00, 0x00, 0x81, 0xFF}}},
	{{{100, 59, -288}, 0, {368, 496}, {0x00, 0x00, 0x81, 0xFF}}},
	{{{100, 59, -288}, 0, {368, 496}, {0x7F, 0x00, 0x00, 0xFF}}},
	{{{100, 100, -288}, 0, {624, 496}, {0x7F, 0x00, 0x00, 0xFF}}},
	{{{100, 100, 100}, 0, {624, 240}, {0x7F, 0x00, 0x00, 0xFF}}},
	{{{100, 59, 100}, 0, {368, 240}, {0x7F, 0x00, 0x00, 0xFF}}},
	{{{100, 59, 100}, 0, {368, 240}, {0x00, 0x00, 0x7F, 0xFF}}},
	{{{100, 100, 100}, 0, {624, 240}, {0x00, 0x00, 0x7F, 0xFF}}},
	{{{-288, 100, 100}, 0, {624, -16}, {0x00, 0x00, 0x7F, 0xFF}}},
	{{{-288, 59, 100}, 0, {368, -16}, {0x00, 0x00, 0x7F, 0xFF}}},
	{{{-288, 59, -288}, 0, {368, 752}, {0x00, 0x86, 0xDD, 0xFF}}},
	{{{100, 59, -288}, 0, {368, 496}, {0x00, 0x86, 0xDD, 0xFF}}},
	{{{-35, 20, -153}, 0, {368, 496}, {0x00, 0x86, 0xDD, 0xFF}}},
	{{{-153, 20, -153}, 0, {368, 752}, {0x00, 0x86, 0xDD, 0xFF}}},
	{{{-35, 20, -153}, 0, {368, 496}, {0x7E, 0x0D, 0x00, 0xFF}}},
	{{{-35, 20, -35}, 0, {368, 240}, {0x7E, 0x0D, 0x00, 0xFF}}},
	{{{6, -388, 6}, 0, {368, 240}, {0x7E, 0x0D, 0x00, 0xFF}}},
	{{{6, -388, -194}, 0, {368, 496}, {0x7E, 0x0D, 0x00, 0xFF}}},
	{{{-288, 59, 100}, 0, {368, 1008}, {0xDD, 0x86, 0x00, 0xFF}}},
	{{{-288, 59, -288}, 0, {368, 752}, {0xDD, 0x86, 0x00, 0xFF}}},
	{{{-153, 20, -153}, 0, {368, 752}, {0xDD, 0x86, 0x00, 0xFF}}},
	{{{-153, 20, -35}, 0, {368, 1008}, {0xDD, 0x86, 0x00, 0xFF}}},
	{{{100, 59, -288}, 0, {368, 496}, {0x23, 0x86, 0x00, 0xFF}}},
	{{{100, 59, 100}, 0, {368, 240}, {0x23, 0x86, 0x00, 0xFF}}},
	{{{-35, 20, -35}, 0, {368, 240}, {0x23, 0x86, 0x00, 0xFF}}},
	{{{-35, 20, -153}, 0, {368, 496}, {0x23, 0x86, 0x00, 0xFF}}},
	{{{100, 59, 100}, 0, {368, 240}, {0x00, 0x86, 0x23, 0xFF}}},
	{{{-288, 59, 100}, 0, {368, -16}, {0x00, 0x86, 0x23, 0xFF}}},
	{{{-153, 20, -35}, 0, {368, -16}, {0x00, 0x86, 0x23, 0xFF}}},
	{{{-35, 20, -35}, 0, {368, 240}, {0x00, 0x86, 0x23, 0xFF}}},
	{{{6, -388, -194}, 0, {368, 496}, {0x7F, 0x00, 0x00, 0xFF}}},
	{{{6, -388, 6}, 0, {368, 240}, {0x7F, 0x00, 0x00, 0xFF}}},
	{{{6, -4229, 6}, 0, {368, 240}, {0x7F, 0x00, 0x00, 0xFF}}},
	{{{6, -4229, -194}, 0, {368, 496}, {0x7F, 0x00, 0x00, 0xFF}}},
	{{{-153, 20, -35}, 0, {368, 1008}, {0x82, 0x0D, 0x00, 0xFF}}},
	{{{-153, 20, -153}, 0, {368, 752}, {0x82, 0x0D, 0x00, 0xFF}}},
	{{{-194, -388, -194}, 0, {368, 752}, {0x82, 0x0D, 0x00, 0xFF}}},
	{{{-194, -388, 6}, 0, {368, 1008}, {0x82, 0x0D, 0x00, 0xFF}}},
	{{{-35, 20, -35}, 0, {368, 240}, {0x00, 0x0D, 0x7E, 0xFF}}},
	{{{-153, 20, -35}, 0, {368, -16}, {0x00, 0x0D, 0x7E, 0xFF}}},
	{{{-194, -388, 6}, 0, {368, -16}, {0x00, 0x0D, 0x7E, 0xFF}}},
	{{{6, -388, 6}, 0, {368, 240}, {0x00, 0x0D, 0x7E, 0xFF}}},
	{{{-153, 20, -153}, 0, {368, 752}, {0x00, 0x0D, 0x82, 0xFF}}},
	{{{-35, 20, -153}, 0, {368, 496}, {0x00, 0x0D, 0x82, 0xFF}}},
	{{{6, -388, -194}, 0, {368, 496}, {0x00, 0x0D, 0x82, 0xFF}}},
	{{{-194, -388, -194}, 0, {368, 752}, {0x00, 0x0D, 0x82, 0xFF}}},
	{{{-194, -4229, -194}, 0, {112, 496}, {0x00, 0x81, 0x00, 0xFF}}},
	{{{6, -4229, -194}, 0, {368, 496}, {0x00, 0x81, 0x00, 0xFF}}},
	{{{6, -4229, 6}, 0, {368, 240}, {0x00, 0x81, 0x00, 0xFF}}},
	{{{-194, -4229, 6}, 0, {112, 240}, {0x00, 0x81, 0x00, 0xFF}}},
	{{{-194, -388, 6}, 0, {368, 1008}, {0x81, 0x00, 0x00, 0xFF}}},
	{{{-194, -388, -194}, 0, {368, 752}, {0x81, 0x00, 0x00, 0xFF}}},
	{{{-194, -4229, -194}, 0, {368, 752}, {0x81, 0x00, 0x00, 0xFF}}},
	{{{-194, -4229, 6}, 0, {368, 1008}, {0x81, 0x00, 0x00, 0xFF}}},
	{{{6, -388, 6}, 0, {368, 240}, {0x00, 0x00, 0x7F, 0xFF}}},
	{{{-194, -388, 6}, 0, {368, -16}, {0x00, 0x00, 0x7F, 0xFF}}},
	{{{-194, -4229, 6}, 0, {368, -16}, {0x00, 0x00, 0x7F, 0xFF}}},
	{{{6, -4229, 6}, 0, {368, 240}, {0x00, 0x00, 0x7F, 0xFF}}},
	{{{-194, -388, -194}, 0, {368, 752}, {0x00, 0x00, 0x81, 0xFF}}},
	{{{6, -388, -194}, 0, {368, 496}, {0x00, 0x00, 0x81, 0xFF}}},
	{{{6, -4229, -194}, 0, {368, 496}, {0x00, 0x00, 0x81, 0xFF}}},
	{{{-194, -4229, -194}, 0, {368, 752}, {0x00, 0x00, 0x81, 0xFF}}},
	{{{512, -477, -556}, 0, {368, 1008}, {0x81, 0x00, 0x00, 0xFF}}},
	{{{512, -437, -556}, 0, {624, 1008}, {0x81, 0x00, 0x00, 0xFF}}},
	{{{512, -437, -944}, 0, {624, 752}, {0x81, 0x00, 0x00, 0xFF}}},
	{{{512, -477, -944}, 0, {368, 752}, {0x81, 0x00, 0x00, 0xFF}}},
	{{{512, -477, -944}, 0, {368, 752}, {0x00, 0x00, 0x81, 0xFF}}},
	{{{512, -437, -944}, 0, {624, 752}, {0x00, 0x00, 0x81, 0xFF}}},
	{{{900, -437, -944}, 0, {624, 496}, {0x00, 0x00, 0x81, 0xFF}}},
	{{{900, -477, -944}, 0, {368, 496}, {0x00, 0x00, 0x81, 0xFF}}},
	{{{900, -477, -944}, 0, {368, 496}, {0x7F, 0x00, 0x00, 0xFF}}},
	{{{900, -437, -944}, 0, {624, 496}, {0x7F, 0x00, 0x00, 0xFF}}},
	{{{900, -437, -556}, 0, {624, 240}, {0x7F, 0x00, 0x00, 0xFF}}},
	{{{900, -477, -556}, 0, {368, 240}, {0x7F, 0x00, 0x00, 0xFF}}},
	{{{900, -477, -556}, 0, {368, 240}, {0x00, 0x00, 0x7F, 0xFF}}},
	{{{900, -437, -556}, 0, {624, 240}, {0x00, 0x00, 0x7F, 0xFF}}},
	{{{512, -437, -556}, 0, {624, -16}, {0x00, 0x00, 0x7F, 0xFF}}},
	{{{512, -477, -556}, 0, {368, -16}, {0x00, 0x00, 0x7F, 0xFF}}},
	{{{512, -477, -944}, 0, {368, 752}, {0x00, 0x86, 0xDD, 0xFF}}},
	{{{900, -477, -944}, 0, {368, 496}, {0x00, 0x86, 0xDD, 0xFF}}},
	{{{765, -517, -809}, 0, {368, 496}, {0x00, 0x86, 0xDD, 0xFF}}},
	{{{647, -517, -809}, 0, {368, 752}, {0x00, 0x86, 0xDD, 0xFF}}},
	{{{765, -517, -809}, 0, {368, 496}, {0x7E, 0x0D, 0x00, 0xFF}}},
	{{{765, -517, -692}, 0, {368, 240}, {0x7E, 0x0D, 0x00, 0xFF}}},
	{{{806, -924, -650}, 0, {368, 240}, {0x7E, 0x0D, 0x00, 0xFF}}},
	{{{806, -924, -850}, 0, {368, 496}, {0x7E, 0x0D, 0x00, 0xFF}}},
	{{{512, -477, -556}, 0, {368, 1008}, {0xDD, 0x86, 0x00, 0xFF}}},
	{{{512, -477, -944}, 0, {368, 752}, {0xDD, 0x86, 0x00, 0xFF}}},
	{{{647, -517, -809}, 0, {368, 752}, {0xDD, 0x86, 0x00, 0xFF}}},
	{{{647, -517, -692}, 0, {368, 1008}, {0xDD, 0x86, 0x00, 0xFF}}},
	{{{900, -477, -944}, 0, {368, 496}, {0x23, 0x86, 0x00, 0xFF}}},
	{{{900, -477, -556}, 0, {368, 240}, {0x23, 0x86, 0x00, 0xFF}}},
	{{{765, -517, -692}, 0, {368, 240}, {0x23, 0x86, 0x00, 0xFF}}},
	{{{765, -517, -809}, 0, {368, 496}, {0x23, 0x86, 0x00, 0xFF}}},
	{{{900, -477, -556}, 0, {368, 240}, {0x00, 0x86, 0x23, 0xFF}}},
	{{{512, -477, -556}, 0, {368, -16}, {0x00, 0x86, 0x23, 0xFF}}},
	{{{647, -517, -692}, 0, {368, -16}, {0x00, 0x86, 0x23, 0xFF}}},
	{{{765, -517, -692}, 0, {368, 240}, {0x00, 0x86, 0x23, 0xFF}}},
	{{{806, -924, -850}, 0, {368, 496}, {0x7F, 0x00, 0x00, 0xFF}}},
	{{{806, -924, -650}, 0, {368, 240}, {0x7F, 0x00, 0x00, 0xFF}}},
	{{{806, -4766, -650}, 0, {368, 240}, {0x7F, 0x00, 0x00, 0xFF}}},
	{{{806, -4766, -850}, 0, {368, 496}, {0x7F, 0x00, 0x00, 0xFF}}},
	{{{647, -517, -692}, 0, {368, 1008}, {0x82, 0x0D, 0x00, 0xFF}}},
	{{{647, -517, -809}, 0, {368, 752}, {0x82, 0x0D, 0x00, 0xFF}}},
	{{{606, -924, -850}, 0, {368, 752}, {0x82, 0x0D, 0x00, 0xFF}}},
	{{{606, -924, -650}, 0, {368, 1008}, {0x82, 0x0D, 0x00, 0xFF}}},
	{{{765, -517, -692}, 0, {368, 240}, {0x00, 0x0D, 0x7E, 0xFF}}},
	{{{647, -517, -692}, 0, {368, -16}, {0x00, 0x0D, 0x7E, 0xFF}}},
	{{{606, -924, -650}, 0, {368, -16}, {0x00, 0x0D, 0x7E, 0xFF}}},
	{{{806, -924, -650}, 0, {368, 240}, {0x00, 0x0D, 0x7E, 0xFF}}},
	{{{647, -517, -809}, 0, {368, 752}, {0x00, 0x0D, 0x82, 0xFF}}},
	{{{765, -517, -809}, 0, {368, 496}, {0x00, 0x0D, 0x82, 0xFF}}},
	{{{806, -924, -850}, 0, {368, 496}, {0x00, 0x0D, 0x82, 0xFF}}},
	{{{606, -924, -850}, 0, {368, 752}, {0x00, 0x0D, 0x82, 0xFF}}},
	{{{606, -4766, -850}, 0, {112, 496}, {0x00, 0x81, 0x00, 0xFF}}},
	{{{806, -4766, -850}, 0, {368, 496}, {0x00, 0x81, 0x00, 0xFF}}},
	{{{806, -4766, -650}, 0, {368, 240}, {0x00, 0x81, 0x00, 0xFF}}},
	{{{606, -4766, -650}, 0, {112, 240}, {0x00, 0x81, 0x00, 0xFF}}},
	{{{606, -924, -650}, 0, {368, 1008}, {0x81, 0x00, 0x00, 0xFF}}},
	{{{606, -924, -850}, 0, {368, 752}, {0x81, 0x00, 0x00, 0xFF}}},
	{{{606, -4766, -850}, 0, {368, 752}, {0x81, 0x00, 0x00, 0xFF}}},
	{{{606, -4766, -650}, 0, {368, 1008}, {0x81, 0x00, 0x00, 0xFF}}},
	{{{806, -924, -650}, 0, {368, 240}, {0x00, 0x00, 0x7F, 0xFF}}},
	{{{606, -924, -650}, 0, {368, -16}, {0x00, 0x00, 0x7F, 0xFF}}},
	{{{606, -4766, -650}, 0, {368, -16}, {0x00, 0x00, 0x7F, 0xFF}}},
	{{{806, -4766, -650}, 0, {368, 240}, {0x00, 0x00, 0x7F, 0xFF}}},
	{{{606, -924, -850}, 0, {368, 752}, {0x00, 0x00, 0x81, 0xFF}}},
	{{{806, -924, -850}, 0, {368, 496}, {0x00, 0x00, 0x81, 0xFF}}},
	{{{806, -4766, -850}, 0, {368, 496}, {0x00, 0x00, 0x81, 0xFF}}},
	{{{606, -4766, -850}, 0, {368, 752}, {0x00, 0x00, 0x81, 0xFF}}},
	{{{1323, -942, -1001}, 0, {368, 1008}, {0x81, 0x00, 0x00, 0xFF}}},
	{{{1323, -901, -1001}, 0, {624, 1008}, {0x81, 0x00, 0x00, 0xFF}}},
	{{{1323, -901, -1389}, 0, {624, 752}, {0x81, 0x00, 0x00, 0xFF}}},
	{{{1323, -942, -1389}, 0, {368, 752}, {0x81, 0x00, 0x00, 0xFF}}},
	{{{1323, -942, -1389}, 0, {368, 752}, {0x00, 0x00, 0x81, 0xFF}}},
	{{{1323, -901, -1389}, 0, {624, 752}, {0x00, 0x00, 0x81, 0xFF}}},
	{{{1711, -901, -1389}, 0, {624, 496}, {0x00, 0x00, 0x81, 0xFF}}},
	{{{1711, -942, -1389}, 0, {368, 496}, {0x00, 0x00, 0x81, 0xFF}}},
	{{{1711, -942, -1389}, 0, {368, 496}, {0x7F, 0x00, 0x00, 0xFF}}},
	{{{1711, -901, -1389}, 0, {624, 496}, {0x7F, 0x00, 0x00, 0xFF}}},
	{{{1711, -901, -1001}, 0, {624, 240}, {0x7F, 0x00, 0x00, 0xFF}}},
	{{{1711, -942, -1001}, 0, {368, 240}, {0x7F, 0x00, 0x00, 0xFF}}},
	{{{1711, -942, -1001}, 0, {368, 240}, {0x00, 0x00, 0x7F, 0xFF}}},
	{{{1711, -901, -1001}, 0, {624, 240}, {0x00, 0x00, 0x7F, 0xFF}}},
	{{{1323, -901, -1001}, 0, {624, -16}, {0x00, 0x00, 0x7F, 0xFF}}},
	{{{1323, -942, -1001}, 0, {368, -16}, {0x00, 0x00, 0x7F, 0xFF}}},
	{{{1323, -942, -1389}, 0, {368, 752}, {0x00, 0x86, 0xDD, 0xFF}}},
	{{{1711, -942, -1389}, 0, {368, 496}, {0x00, 0x86, 0xDD, 0xFF}}},
	{{{1575, -981, -1254}, 0, {368, 496}, {0x00, 0x86, 0xDD, 0xFF}}},
	{{{1458, -981, -1254}, 0, {368, 752}, {0x00, 0x86, 0xDD, 0xFF}}},
	{{{1575, -981, -1254}, 0, {368, 496}, {0x7E, 0x0D, 0x00, 0xFF}}},
	{{{1575, -981, -1136}, 0, {368, 240}, {0x7E, 0x0D, 0x00, 0xFF}}},
	{{{1617, -1388, -1095}, 0, {368, 240}, {0x7E, 0x0D, 0x00, 0xFF}}},
	{{{1617, -1388, -1295}, 0, {368, 496}, {0x7E, 0x0D, 0x00, 0xFF}}},
	{{{1323, -942, -1001}, 0, {368, 1008}, {0xDD, 0x86, 0x00, 0xFF}}},
	{{{1323, -942, -1389}, 0, {368, 752}, {0xDD, 0x86, 0x00, 0xFF}}},
	{{{1458, -981, -1254}, 0, {368, 752}, {0xDD, 0x86, 0x00, 0xFF}}},
	{{{1458, -981, -1136}, 0, {368, 1008}, {0xDD, 0x86, 0x00, 0xFF}}},
	{{{1711, -942, -1389}, 0, {368, 496}, {0x23, 0x86, 0x00, 0xFF}}},
	{{{1711, -942, -1001}, 0, {368, 240}, {0x23, 0x86, 0x00, 0xFF}}},
	{{{1575, -981, -1136}, 0, {368, 240}, {0x23, 0x86, 0x00, 0xFF}}},
	{{{1575, -981, -1254}, 0, {368, 496}, {0x23, 0x86, 0x00, 0xFF}}},
	{{{1711, -942, -1001}, 0, {368, 240}, {0x00, 0x86, 0x23, 0xFF}}},
	{{{1323, -942, -1001}, 0, {368, -16}, {0x00, 0x86, 0x23, 0xFF}}},
	{{{1458, -981, -1136}, 0, {368, -16}, {0x00, 0x86, 0x23, 0xFF}}},
	{{{1575, -981, -1136}, 0, {368, 240}, {0x00, 0x86, 0x23, 0xFF}}},
	{{{1617, -1388, -1295}, 0, {368, 496}, {0x7F, 0x00, 0x00, 0xFF}}},
	{{{1617, -1388, -1095}, 0, {368, 240}, {0x7F, 0x00, 0x00, 0xFF}}},
	{{{1617, -5230, -1095}, 0, {368, 240}, {0x7F, 0x00, 0x00, 0xFF}}},
	{{{1617, -5230, -1295}, 0, {368, 496}, {0x7F, 0x00, 0x00, 0xFF}}},
	{{{1458, -981, -1136}, 0, {368, 1008}, {0x82, 0x0D, 0x00, 0xFF}}},
	{{{1458, -981, -1254}, 0, {368, 752}, {0x82, 0x0D, 0x00, 0xFF}}},
	{{{1417, -1388, -1295}, 0, {368, 752}, {0x82, 0x0D, 0x00, 0xFF}}},
	{{{1417, -1388, -1095}, 0, {368, 1008}, {0x82, 0x0D, 0x00, 0xFF}}},
	{{{1575, -981, -1136}, 0, {368, 240}, {0x00, 0x0D, 0x7E, 0xFF}}},
	{{{1458, -981, -1136}, 0, {368, -16}, {0x00, 0x0D, 0x7E, 0xFF}}},
	{{{1417, -1388, -1095}, 0, {368, -16}, {0x00, 0x0D, 0x7E, 0xFF}}},
	{{{1617, -1388, -1095}, 0, {368, 240}, {0x00, 0x0D, 0x7E, 0xFF}}},
	{{{1458, -981, -1254}, 0, {368, 752}, {0x00, 0x0D, 0x82, 0xFF}}},
	{{{1575, -981, -1254}, 0, {368, 496}, {0x00, 0x0D, 0x82, 0xFF}}},
	{{{1617, -1388, -1295}, 0, {368, 496}, {0x00, 0x0D, 0x82, 0xFF}}},
	{{{1417, -1388, -1295}, 0, {368, 752}, {0x00, 0x0D, 0x82, 0xFF}}},
	{{{1417, -5230, -1295}, 0, {112, 496}, {0x00, 0x81, 0x00, 0xFF}}},
	{{{1617, -5230, -1295}, 0, {368, 496}, {0x00, 0x81, 0x00, 0xFF}}},
	{{{1617, -5230, -1095}, 0, {368, 240}, {0x00, 0x81, 0x00, 0xFF}}},
	{{{1417, -5230, -1095}, 0, {112, 240}, {0x00, 0x81, 0x00, 0xFF}}},
	{{{1417, -1388, -1095}, 0, {368, 1008}, {0x81, 0x00, 0x00, 0xFF}}},
	{{{1417, -1388, -1295}, 0, {368, 752}, {0x81, 0x00, 0x00, 0xFF}}},
	{{{1417, -5230, -1295}, 0, {368, 752}, {0x81, 0x00, 0x00, 0xFF}}},
	{{{1417, -5230, -1095}, 0, {368, 1008}, {0x81, 0x00, 0x00, 0xFF}}},
	{{{1617, -1388, -1095}, 0, {368, 240}, {0x00, 0x00, 0x7F, 0xFF}}},
	{{{1417, -1388, -1095}, 0, {368, -16}, {0x00, 0x00, 0x7F, 0xFF}}},
	{{{1417, -5230, -1095}, 0, {368, -16}, {0x00, 0x00, 0x7F, 0xFF}}},
	{{{1617, -5230, -1095}, 0, {368, 240}, {0x00, 0x00, 0x7F, 0xFF}}},
	{{{1417, -1388, -1295}, 0, {368, 752}, {0x00, 0x00, 0x81, 0xFF}}},
	{{{1617, -1388, -1295}, 0, {368, 496}, {0x00, 0x00, 0x81, 0xFF}}},
	{{{1617, -5230, -1295}, 0, {368, 496}, {0x00, 0x00, 0x81, 0xFF}}},
	{{{1417, -5230, -1295}, 0, {368, 752}, {0x00, 0x00, 0x81, 0xFF}}},
	{{{1842, -819, -448}, 0, {368, 1008}, {0x81, 0x00, 0x00, 0xFF}}},
	{{{1842, -778, -448}, 0, {624, 1008}, {0x81, 0x00, 0x00, 0xFF}}},
	{{{1842, -778, -836}, 0, {624, 752}, {0x81, 0x00, 0x00, 0xFF}}},
	{{{1842, -819, -836}, 0, {368, 752}, {0x81, 0x00, 0x00, 0xFF}}},
	{{{1842, -819, -836}, 0, {368, 752}, {0x00, 0x00, 0x81, 0xFF}}},
	{{{1842, -778, -836}, 0, {624, 752}, {0x00, 0x00, 0x81, 0xFF}}},
	{{{2230, -778, -836}, 0, {624, 496}, {0x00, 0x00, 0x81, 0xFF}}},
	{{{2230, -819, -836}, 0, {368, 496}, {0x00, 0x00, 0x81, 0xFF}}},
	{{{2230, -819, -836}, 0, {368, 496}, {0x7F, 0x00, 0x00, 0xFF}}},
	{{{2230, -778, -836}, 0, {624, 496}, {0x7F, 0x00, 0x00, 0xFF}}},
	{{{2230, -778, -448}, 0, {624, 240}, {0x7F, 0x00, 0x00, 0xFF}}},
	{{{2230, -819, -448}, 0, {368, 240}, {0x7F, 0x00, 0x00, 0xFF}}},
	{{{2230, -819, -448}, 0, {368, 240}, {0x00, 0x00, 0x7F, 0xFF}}},
	{{{2230, -778, -448}, 0, {624, 240}, {0x00, 0x00, 0x7F, 0xFF}}},
	{{{1842, -778, -448}, 0, {624, -16}, {0x00, 0x00, 0x7F, 0xFF}}},
	{{{1842, -819, -448}, 0, {368, -16}, {0x00, 0x00, 0x7F, 0xFF}}},
	{{{1842, -819, -836}, 0, {368, 752}, {0x00, 0x86, 0xDD, 0xFF}}},
	{{{2230, -819, -836}, 0, {368, 496}, {0x00, 0x86, 0xDD, 0xFF}}},
	{{{2095, -858, -701}, 0, {368, 496}, {0x00, 0x86, 0xDD, 0xFF}}},
	{{{1977, -858, -701}, 0, {368, 752}, {0x00, 0x86, 0xDD, 0xFF}}},
	{{{2095, -858, -701}, 0, {368, 496}, {0x7E, 0x0D, 0x00, 0xFF}}},
	{{{2095, -858, -583}, 0, {368, 240}, {0x7E, 0x0D, 0x00, 0xFF}}},
	{{{2136, -1266, -542}, 0, {368, 240}, {0x7E, 0x0D, 0x00, 0xFF}}},
	{{{2136, -1266, -742}, 0, {368, 496}, {0x7E, 0x0D, 0x00, 0xFF}}},
	{{{1842, -819, -448}, 0, {368, 1008}, {0xDD, 0x86, 0x00, 0xFF}}},
	{{{1842, -819, -836}, 0, {368, 752}, {0xDD, 0x86, 0x00, 0xFF}}},
	{{{1977, -858, -701}, 0, {368, 752}, {0xDD, 0x86, 0x00, 0xFF}}},
	{{{1977, -858, -583}, 0, {368, 1008}, {0xDD, 0x86, 0x00, 0xFF}}},
	{{{2230, -819, -836}, 0, {368, 496}, {0x23, 0x86, 0x00, 0xFF}}},
	{{{2230, -819, -448}, 0, {368, 240}, {0x23, 0x86, 0x00, 0xFF}}},
	{{{2095, -858, -583}, 0, {368, 240}, {0x23, 0x86, 0x00, 0xFF}}},
	{{{2095, -858, -701}, 0, {368, 496}, {0x23, 0x86, 0x00, 0xFF}}},
	{{{2230, -819, -448}, 0, {368, 240}, {0x00, 0x86, 0x23, 0xFF}}},
	{{{1842, -819, -448}, 0, {368, -16}, {0x00, 0x86, 0x23, 0xFF}}},
	{{{1977, -858, -583}, 0, {368, -16}, {0x00, 0x86, 0x23, 0xFF}}},
	{{{2095, -858, -583}, 0, {368, 240}, {0x00, 0x86, 0x23, 0xFF}}},
	{{{2136, -1266, -742}, 0, {368, 496}, {0x7F, 0x00, 0x00, 0xFF}}},
	{{{2136, -1266, -542}, 0, {368, 240}, {0x7F, 0x00, 0x00, 0xFF}}},
	{{{2136, -5107, -542}, 0, {368, 240}, {0x7F, 0x00, 0x00, 0xFF}}},
	{{{2136, -5107, -742}, 0, {368, 496}, {0x7F, 0x00, 0x00, 0xFF}}},
	{{{1977, -858, -583}, 0, {368, 1008}, {0x82, 0x0D, 0x00, 0xFF}}},
	{{{1977, -858, -701}, 0, {368, 752}, {0x82, 0x0D, 0x00, 0xFF}}},
	{{{1936, -1266, -742}, 0, {368, 752}, {0x82, 0x0D, 0x00, 0xFF}}},
	{{{1936, -1266, -542}, 0, {368, 1008}, {0x82, 0x0D, 0x00, 0xFF}}},
	{{{2095, -858, -583}, 0, {368, 240}, {0x00, 0x0D, 0x7E, 0xFF}}},
	{{{1977, -858, -583}, 0, {368, -16}, {0x00, 0x0D, 0x7E, 0xFF}}},
	{{{1936, -1266, -542}, 0, {368, -16}, {0x00, 0x0D, 0x7E, 0xFF}}},
	{{{2136, -1266, -542}, 0, {368, 240}, {0x00, 0x0D, 0x7E, 0xFF}}},
	{{{1977, -858, -701}, 0, {368, 752}, {0x00, 0x0D, 0x82, 0xFF}}},
	{{{2095, -858, -701}, 0, {368, 496}, {0x00, 0x0D, 0x82, 0xFF}}},
	{{{2136, -1266, -742}, 0, {368, 496}, {0x00, 0x0D, 0x82, 0xFF}}},
	{{{1936, -1266, -742}, 0, {368, 752}, {0x00, 0x0D, 0x82, 0xFF}}},
	{{{1936, -5107, -742}, 0, {112, 496}, {0x00, 0x81, 0x00, 0xFF}}},
	{{{2136, -5107, -742}, 0, {368, 496}, {0x00, 0x81, 0x00, 0xFF}}},
	{{{2136, -5107, -542}, 0, {368, 240}, {0x00, 0x81, 0x00, 0xFF}}},
	{{{1936, -5107, -542}, 0, {112, 240}, {0x00, 0x81, 0x00, 0xFF}}},
	{{{1936, -1266, -542}, 0, {368, 1008}, {0x81, 0x00, 0x00, 0xFF}}},
	{{{1936, -1266, -742}, 0, {368, 752}, {0x81, 0x00, 0x00, 0xFF}}},
	{{{1936, -5107, -742}, 0, {368, 752}, {0x81, 0x00, 0x00, 0xFF}}},
	{{{1936, -5107, -542}, 0, {368, 1008}, {0x81, 0x00, 0x00, 0xFF}}},
	{{{2136, -1266, -542}, 0, {368, 240}, {0x00, 0x00, 0x7F, 0xFF}}},
	{{{1936, -1266, -542}, 0, {368, -16}, {0x00, 0x00, 0x7F, 0xFF}}},
	{{{1936, -5107, -542}, 0, {368, -16}, {0x00, 0x00, 0x7F, 0xFF}}},
	{{{2136, -5107, -542}, 0, {368, 240}, {0x00, 0x00, 0x7F, 0xFF}}},
	{{{1936, -1266, -742}, 0, {368, 752}, {0x00, 0x00, 0x81, 0xFF}}},
	{{{2136, -1266, -742}, 0, {368, 496}, {0x00, 0x00, 0x81, 0xFF}}},
	{{{2136, -5107, -742}, 0, {368, 496}, {0x00, 0x00, 0x81, 0xFF}}},
	{{{1936, -5107, -742}, 0, {368, 752}, {0x00, 0x00, 0x81, 0xFF}}},
	{{{231, -311, 1}, 0, {368, 1008}, {0x81, 0x00, 0x00, 0xFF}}},
	{{{231, -270, 1}, 0, {624, 1008}, {0x81, 0x00, 0x00, 0xFF}}},
	{{{231, -270, -387}, 0, {624, 752}, {0x81, 0x00, 0x00, 0xFF}}},
	{{{231, -311, -387}, 0, {368, 752}, {0x81, 0x00, 0x00, 0xFF}}},
	{{{231, -311, -387}, 0, {368, 752}, {0x00, 0x00, 0x81, 0xFF}}},
	{{{231, -270, -387}, 0, {624, 752}, {0x00, 0x00, 0x81, 0xFF}}},
	{{{619, -270, -387}, 0, {624, 496}, {0x00, 0x00, 0x81, 0xFF}}},
	{{{619, -311, -387}, 0, {368, 496}, {0x00, 0x00, 0x81, 0xFF}}},
	{{{619, -311, -387}, 0, {368, 496}, {0x7F, 0x00, 0x00, 0xFF}}},
	{{{619, -270, -387}, 0, {624, 496}, {0x7F, 0x00, 0x00, 0xFF}}},
	{{{619, -270, 1}, 0, {624, 240}, {0x7F, 0x00, 0x00, 0xFF}}},
	{{{619, -311, 1}, 0, {368, 240}, {0x7F, 0x00, 0x00, 0xFF}}},
	{{{619, -311, 1}, 0, {368, 240}, {0x00, 0x00, 0x7F, 0xFF}}},
	{{{619, -270, 1}, 0, {624, 240}, {0x00, 0x00, 0x7F, 0xFF}}},
	{{{231, -270, 1}, 0, {624, -16}, {0x00, 0x00, 0x7F, 0xFF}}},
	{{{231, -311, 1}, 0, {368, -16}, {0x00, 0x00, 0x7F, 0xFF}}},
	{{{231, -311, -387}, 0, {368, 752}, {0x00, 0x86, 0xDD, 0xFF}}},
	{{{619, -311, -387}, 0, {368, 496}, {0x00, 0x86, 0xDD, 0xFF}}},
	{{{483, -350, -252}, 0, {368, 496}, {0x00, 0x86, 0xDD, 0xFF}}},
	{{{366, -350, -252}, 0, {368, 752}, {0x00, 0x86, 0xDD, 0xFF}}},
	{{{483, -350, -252}, 0, {368, 496}, {0x7E, 0x0D, 0x00, 0xFF}}},
	{{{483, -350, -134}, 0, {368, 240}, {0x7E, 0x0D, 0x00, 0xFF}}},
	{{{525, -758, -93}, 0, {368, 240}, {0x7E, 0x0D, 0x00, 0xFF}}},
	{{{525, -758, -293}, 0, {368, 496}, {0x7E, 0x0D, 0x00, 0xFF}}},
	{{{231, -311, 1}, 0, {368, 1008}, {0xDD, 0x86, 0x00, 0xFF}}},
	{{{231, -311, -387}, 0, {368, 752}, {0xDD, 0x86, 0x00, 0xFF}}},
	{{{366, -350, -252}, 0, {368, 752}, {0xDD, 0x86, 0x00, 0xFF}}},
	{{{366, -350, -134}, 0, {368, 1008}, {0xDD, 0x86, 0x00, 0xFF}}},
	{{{619, -311, -387}, 0, {368, 496}, {0x23, 0x86, 0x00, 0xFF}}},
	{{{619, -311, 1}, 0, {368, 240}, {0x23, 0x86, 0x00, 0xFF}}},
	{{{483, -350, -134}, 0, {368, 240}, {0x23, 0x86, 0x00, 0xFF}}},
	{{{483, -350, -252}, 0, {368, 496}, {0x23, 0x86, 0x00, 0xFF}}},
	{{{619, -311, 1}, 0, {368, 240}, {0x00, 0x86, 0x23, 0xFF}}},
	{{{231, -311, 1}, 0, {368, -16}, {0x00, 0x86, 0x23, 0xFF}}},
	{{{366, -350, -134}, 0, {368, -16}, {0x00, 0x86, 0x23, 0xFF}}},
	{{{483, -350, -134}, 0, {368, 240}, {0x00, 0x86, 0x23, 0xFF}}},
	{{{525, -758, -293}, 0, {368, 496}, {0x7F, 0x00, 0x00, 0xFF}}},
	{{{525, -758, -93}, 0, {368, 240}, {0x7F, 0x00, 0x00, 0xFF}}},
	{{{525, -4599, -93}, 0, {368, 240}, {0x7F, 0x00, 0x00, 0xFF}}},
	{{{525, -4599, -293}, 0, {368, 496}, {0x7F, 0x00, 0x00, 0xFF}}},
	{{{366, -350, -134}, 0, {368, 1008}, {0x82, 0x0D, 0x00, 0xFF}}},
	{{{366, -350, -252}, 0, {368, 752}, {0x82, 0x0D, 0x00, 0xFF}}},
	{{{325, -758, -293}, 0, {368, 752}, {0x82, 0x0D, 0x00, 0xFF}}},
	{{{325, -758, -93}, 0, {368, 1008}, {0x82, 0x0D, 0x00, 0xFF}}},
	{{{483, -350, -134}, 0, {368, 240}, {0x00, 0x0D, 0x7E, 0xFF}}},
	{{{366, -350, -134}, 0, {368, -16}, {0x00, 0x0D, 0x7E, 0xFF}}},
	{{{325, -758, -93}, 0, {368, -16}, {0x00, 0x0D, 0x7E, 0xFF}}},
	{{{525, -758, -93}, 0, {368, 240}, {0x00, 0x0D, 0x7E, 0xFF}}},
	{{{366, -350, -252}, 0, {368, 752}, {0x00, 0x0D, 0x82, 0xFF}}},
	{{{483, -350, -252}, 0, {368, 496}, {0x00, 0x0D, 0x82, 0xFF}}},
	{{{525, -758, -293}, 0, {368, 496}, {0x00, 0x0D, 0x82, 0xFF}}},
	{{{325, -758, -293}, 0, {368, 752}, {0x00, 0x0D, 0x82, 0xFF}}},
	{{{325, -4599, -293}, 0, {112, 496}, {0x00, 0x81, 0x00, 0xFF}}},
	{{{525, -4599, -293}, 0, {368, 496}, {0x00, 0x81, 0x00, 0xFF}}},
	{{{525, -4599, -93}, 0, {368, 240}, {0x00, 0x81, 0x00, 0xFF}}},
	{{{325, -4599, -93}, 0, {112, 240}, {0x00, 0x81, 0x00, 0xFF}}},
	{{{325, -758, -93}, 0, {368, 1008}, {0x81, 0x00, 0x00, 0xFF}}},
	{{{325, -758, -293}, 0, {368, 752}, {0x81, 0x00, 0x00, 0xFF}}},
	{{{325, -4599, -293}, 0, {368, 752}, {0x81, 0x00, 0x00, 0xFF}}},
	{{{325, -4599, -93}, 0, {368, 1008}, {0x81, 0x00, 0x00, 0xFF}}},
	{{{525, -758, -93}, 0, {368, 240}, {0x00, 0x00, 0x7F, 0xFF}}},
	{{{325, -758, -93}, 0, {368, -16}, {0x00, 0x00, 0x7F, 0xFF}}},
	{{{325, -4599, -93}, 0, {368, -16}, {0x00, 0x00, 0x7F, 0xFF}}},
	{{{525, -4599, -93}, 0, {368, 240}, {0x00, 0x00, 0x7F, 0xFF}}},
	{{{325, -758, -293}, 0, {368, 752}, {0x00, 0x00, 0x81, 0xFF}}},
	{{{525, -758, -293}, 0, {368, 496}, {0x00, 0x00, 0x81, 0xFF}}},
	{{{525, -4599, -293}, 0, {368, 496}, {0x00, 0x00, 0x81, 0xFF}}},
	{{{325, -4599, -293}, 0, {368, 752}, {0x00, 0x00, 0x81, 0xFF}}},
	{{{-288, 59, 100}, 0, {368, 1008}, {0x81, 0x00, 0x00, 0xFF}}},
	{{{-288, 100, 100}, 0, {624, 1008}, {0x81, 0x00, 0x00, 0xFF}}},
	{{{-288, 100, -288}, 0, {624, 752}, {0x81, 0x00, 0x00, 0xFF}}},
	{{{-288, 59, -288}, 0, {368, 752}, {0x81, 0x00, 0x00, 0xFF}}},
	{{{-288, 59, -288}, 0, {368, 752}, {0x00, 0x00, 0x81, 0xFF}}},
	{{{-288, 100, -288}, 0, {624, 752}, {0x00, 0x00, 0x81, 0xFF}}},
	{{{100, 100, -288}, 0, {624, 496}, {0x00, 0x00, 0x81, 0xFF}}},
	{{{100, 59, -288}, 0, {368, 496}, {0x00, 0x00, 0x81, 0xFF}}},
	{{{100, 59, -288}, 0, {368, 496}, {0x7F, 0x00, 0x00, 0xFF}}},
	{{{100, 100, -288}, 0, {624, 496}, {0x7F, 0x00, 0x00, 0xFF}}},
	{{{100, 100, 100}, 0, {624, 240}, {0x7F, 0x00, 0x00, 0xFF}}},
	{{{100, 59, 100}, 0, {368, 240}, {0x7F, 0x00, 0x00, 0xFF}}},
	{{{100, 59, 100}, 0, {368, 240}, {0x00, 0x00, 0x7F, 0xFF}}},
	{{{100, 100, 100}, 0, {624, 240}, {0x00, 0x00, 0x7F, 0xFF}}},
	{{{-288, 100, 100}, 0, {624, -16}, {0x00, 0x00, 0x7F, 0xFF}}},
	{{{-288, 59, 100}, 0, {368, -16}, {0x00, 0x00, 0x7F, 0xFF}}},
	{{{-288, 59, -288}, 0, {112, 496}, {0x00, 0x81, 0x00, 0xFF}}},
	{{{100, 59, -288}, 0, {368, 496}, {0x00, 0x81, 0x00, 0xFF}}},
	{{{100, 59, 100}, 0, {368, 240}, {0x00, 0x81, 0x00, 0xFF}}},
	{{{-288, 59, 100}, 0, {112, 240}, {0x00, 0x81, 0x00, 0xFF}}},
	{{{100, 100, -288}, 0, {624, 496}, {0x00, 0x7F, 0x00, 0xFF}}},
	{{{-288, 100, -288}, 0, {880, 496}, {0x00, 0x7F, 0x00, 0xFF}}},
	{{{-288, 100, 100}, 0, {880, 240}, {0x00, 0x7F, 0x00, 0xFF}}},
	{{{100, 100, 100}, 0, {624, 240}, {0x00, 0x7F, 0x00, 0xFF}}},
	{{{1842, -819, 135}, 0, {368, 919}, {0x81, 0x00, 0x00, 0xFF}}},
	{{{1842, -778, -155}, 0, {624, 752}, {0x81, 0x00, 0x00, 0xFF}}},
	{{{1842, -819, -155}, 0, {368, 752}, {0x81, 0x00, 0x00, 0xFF}}},
	{{{1842, -778, 135}, 0, {624, 919}, {0x81, 0x00, 0x00, 0xFF}}},
	{{{1842, -819, 233}, 0, {368, 1008}, {0x81, 0x00, 0x00, 0xFF}}},
	{{{1842, -778, 233}, 0, {624, 1008}, {0x81, 0x00, 0x00, 0xFF}}},
	{{{1842, -819, -155}, 0, {368, 752}, {0x00, 0x00, 0x81, 0xFF}}},
	{{{1842, -778, -155}, 0, {624, 752}, {0x00, 0x00, 0x81, 0xFF}}},
	{{{2230, -778, -155}, 0, {624, 496}, {0x00, 0x00, 0x81, 0xFF}}},
	{{{2230, -819, -155}, 0, {368, 496}, {0x00, 0x00, 0x81, 0xFF}}},
	{{{2230, -778, 135}, 0, {624, 329}, {0x00, 0x7F, 0x00, 0xFF}}},
	{{{4118, -778, 233}, 0, {624, 240}, {0x00, 0x7F, 0x00, 0xFF}}},
	{{{4118, -778, 135}, 0, {624, 329}, {0x00, 0x7F, 0x00, 0xFF}}},
	{{{2230, -778, 233}, 0, {624, 240}, {0x00, 0x7F, 0x00, 0xFF}}},
	{{{1842, -778, 233}, 0, {880, 240}, {0x00, 0x7F, 0x00, 0xFF}}},
	{{{1842, -778, 135}, 0, {880, 329}, {0x00, 0x7F, 0x00, 0xFF}}},
	{{{2230, -778, -155}, 0, {624, 496}, {0x00, 0x7F, 0x00, 0xFF}}},
	{{{1842, -778, -155}, 0, {880, 496}, {0x00, 0x7F, 0x00, 0xFF}}},
	{{{2230, -819, 233}, 0, {368, 240}, {0x00, 0x00, 0x7F, 0xFF}}},
	{{{1842, -778, 233}, 0, {624, -16}, {0x00, 0x00, 0x7F, 0xFF}}},
	{{{1842, -819, 233}, 0, {368, -16}, {0x00, 0x00, 0x7F, 0xFF}}},
	{{{2230, -778, 233}, 0, {624, 240}, {0x00, 0x00, 0x7F, 0xFF}}},
	{{{4118, -819, 233}, 0, {368, 240}, {0x00, 0x00, 0x7F, 0xFF}}},
	{{{4118, -778, 233}, 0, {624, 240}, {0x00, 0x00, 0x7F, 0xFF}}},
	{{{1842, -819, 135}, 0, {112, 329}, {0x00, 0x81, 0x00, 0xFF}}},
	{{{2230, -819, 233}, 0, {368, 240}, {0x00, 0x81, 0x00, 0xFF}}},
	{{{1842, -819, 233}, 0, {112, 240}, {0x00, 0x81, 0x00, 0xFF}}},
	{{{2230, -819, 135}, 0, {368, 329}, {0x00, 0x81, 0x00, 0xFF}}},
	{{{1842, -819, -155}, 0, {112, 496}, {0x00, 0x81, 0x00, 0xFF}}},
	{{{2230, -819, -155}, 0, {368, 496}, {0x00, 0x81, 0x00, 0xFF}}},
	{{{4118, -819, 135}, 0, {368, 329}, {0x00, 0x81, 0x00, 0xFF}}},
	{{{4118, -819, 233}, 0, {368, 240}, {0x00, 0x81, 0x00, 0xFF}}},
	{{{2230, -819, -155}, 0, {368, 496}, {0x7F, 0x00, 0x00, 0xFF}}},
	{{{2230, -778, -155}, 0, {624, 496}, {0x7F, 0x00, 0x00, 0xFF}}},
	{{{2230, -778, 135}, 0, {624, 329}, {0x7F, 0x00, 0x00, 0xFF}}},
	{{{2230, -819, 135}, 0, {368, 329}, {0x7F, 0x00, 0x00, 0xFF}}},
	{{{4118, -819, 135}, 0, {368, 329}, {0x7F, 0x00, 0x00, 0xFF}}},
	{{{4118, -778, 135}, 0, {624, 329}, {0x7F, 0x00, 0x00, 0xFF}}},
	{{{4118, -778, 233}, 0, {624, 240}, {0x7F, 0x00, 0x00, 0xFF}}},
	{{{4118, -819, 233}, 0, {368, 240}, {0x7F, 0x00, 0x00, 0xFF}}},
	{{{2230, -819, 135}, 0, {368, 329}, {0x00, 0x00, 0x81, 0xFF}}},
	{{{2230, -778, 135}, 0, {624, 329}, {0x00, 0x00, 0x81, 0xFF}}},
	{{{4118, -778, 135}, 0, {624, 329}, {0x00, 0x00, 0x81, 0xFF}}},
	{{{4118, -819, 135}, 0, {368, 329}, {0x00, 0x00, 0x81, 0xFF}}},
	{{{6103, -819, -190}, 0, {368, 1008}, {0x81, 0x00, 0x00, 0xFF}}},
	{{{6103, -778, -190}, 0, {624, 1008}, {0x81, 0x00, 0x00, 0xFF}}},
	{{{6103, -778, -578}, 0, {624, 752}, {0x81, 0x00, 0x00, 0xFF}}},
	{{{6103, -819, -578}, 0, {368, 752}, {0x81, 0x00, 0x00, 0xFF}}},
	{{{6103, -819, -578}, 0, {368, 752}, {0x00, 0x00, 0x81, 0xFF}}},
	{{{6103, -778, -578}, 0, {624, 752}, {0x00, 0x00, 0x81, 0xFF}}},
	{{{6491, -778, -578}, 0, {624, 496}, {0x00, 0x00, 0x81, 0xFF}}},
	{{{6491, -819, -578}, 0, {368, 496}, {0x00, 0x00, 0x81, 0xFF}}},
	{{{6491, -819, -578}, 0, {368, 496}, {0x7F, 0x00, 0x00, 0xFF}}},
	{{{6491, -778, -578}, 0, {624, 496}, {0x7F, 0x00, 0x00, 0xFF}}},
	{{{6491, -778, -190}, 0, {624, 240}, {0x7F, 0x00, 0x00, 0xFF}}},
	{{{6491, -819, -190}, 0, {368, 240}, {0x7F, 0x00, 0x00, 0xFF}}},
	{{{6491, -819, -190}, 0, {368, 240}, {0x00, 0x00, 0x7F, 0xFF}}},
	{{{6491, -778, -190}, 0, {624, 240}, {0x00, 0x00, 0x7F, 0xFF}}},
	{{{6103, -778, -190}, 0, {624, -16}, {0x00, 0x00, 0x7F, 0xFF}}},
	{{{6103, -819, -190}, 0, {368, -16}, {0x00, 0x00, 0x7F, 0xFF}}},
	{{{6103, -819, -578}, 0, {368, 752}, {0x00, 0x86, 0xDD, 0xFF}}},
	{{{6491, -819, -578}, 0, {368, 496}, {0x00, 0x86, 0xDD, 0xFF}}},
	{{{6356, -858, -443}, 0, {368, 496}, {0x00, 0x86, 0xDD, 0xFF}}},
	{{{6238, -858, -443}, 0, {368, 752}, {0x00, 0x86, 0xDD, 0xFF}}},
	{{{6356, -858, -443}, 0, {368, 496}, {0x7E, 0x0D, 0x00, 0xFF}}},
	{{{6356, -858, -326}, 0, {368, 240}, {0x7E, 0x0D, 0x00, 0xFF}}},
	{{{6397, -1266, -284}, 0, {368, 240}, {0x7E, 0x0D, 0x00, 0xFF}}},
	{{{6397, -1266, -484}, 0, {368, 496}, {0x7E, 0x0D, 0x00, 0xFF}}},
	{{{6103, -819, -190}, 0, {368, 1008}, {0xDD, 0x86, 0x00, 0xFF}}},
	{{{6103, -819, -578}, 0, {368, 752}, {0xDD, 0x86, 0x00, 0xFF}}},
	{{{6238, -858, -443}, 0, {368, 752}, {0xDD, 0x86, 0x00, 0xFF}}},
	{{{6238, -858, -326}, 0, {368, 1008}, {0xDD, 0x86, 0x00, 0xFF}}},
	{{{6491, -819, -578}, 0, {368, 496}, {0x23, 0x86, 0x00, 0xFF}}},
	{{{6491, -819, -190}, 0, {368, 240}, {0x23, 0x86, 0x00, 0xFF}}},
	{{{6356, -858, -326}, 0, {368, 240}, {0x23, 0x86, 0x00, 0xFF}}},
	{{{6356, -858, -443}, 0, {368, 496}, {0x23, 0x86, 0x00, 0xFF}}},
	{{{6491, -819, -190}, 0, {368, 240}, {0x00, 0x86, 0x23, 0xFF}}},
	{{{6103, -819, -190}, 0, {368, -16}, {0x00, 0x86, 0x23, 0xFF}}},
	{{{6238, -858, -326}, 0, {368, -16}, {0x00, 0x86, 0x23, 0xFF}}},
	{{{6356, -858, -326}, 0, {368, 240}, {0x00, 0x86, 0x23, 0xFF}}},
	{{{6397, -1266, -484}, 0, {368, 496}, {0x7F, 0x00, 0x00, 0xFF}}},
	{{{6397, -1266, -284}, 0, {368, 240}, {0x7F, 0x00, 0x00, 0xFF}}},
	{{{6397, -5107, -284}, 0, {368, 240}, {0x7F, 0x00, 0x00, 0xFF}}},
	{{{6397, -5107, -484}, 0, {368, 496}, {0x7F, 0x00, 0x00, 0xFF}}},
	{{{6238, -858, -326}, 0, {368, 1008}, {0x82, 0x0D, 0x00, 0xFF}}},
	{{{6238, -858, -443}, 0, {368, 752}, {0x82, 0x0D, 0x00, 0xFF}}},
	{{{6197, -1266, -484}, 0, {368, 752}, {0x82, 0x0D, 0x00, 0xFF}}},
	{{{6197, -1266, -284}, 0, {368, 1008}, {0x82, 0x0D, 0x00, 0xFF}}},
	{{{6356, -858, -326}, 0, {368, 240}, {0x00, 0x0D, 0x7E, 0xFF}}},
	{{{6238, -858, -326}, 0, {368, -16}, {0x00, 0x0D, 0x7E, 0xFF}}},
	{{{6197, -1266, -284}, 0, {368, -16}, {0x00, 0x0D, 0x7E, 0xFF}}},
	{{{6397, -1266, -284}, 0, {368, 240}, {0x00, 0x0D, 0x7E, 0xFF}}},
	{{{6238, -858, -443}, 0, {368, 752}, {0x00, 0x0D, 0x82, 0xFF}}},
	{{{6356, -858, -443}, 0, {368, 496}, {0x00, 0x0D, 0x82, 0xFF}}},
	{{{6397, -1266, -484}, 0, {368, 496}, {0x00, 0x0D, 0x82, 0xFF}}},
	{{{6197, -1266, -484}, 0, {368, 752}, {0x00, 0x0D, 0x82, 0xFF}}},
	{{{6197, -5107, -484}, 0, {112, 496}, {0x00, 0x81, 0x00, 0xFF}}},
	{{{6397, -5107, -484}, 0, {368, 496}, {0x00, 0x81, 0x00, 0xFF}}},
	{{{6397, -5107, -284}, 0, {368, 240}, {0x00, 0x81, 0x00, 0xFF}}},
	{{{6197, -5107, -284}, 0, {112, 240}, {0x00, 0x81, 0x00, 0xFF}}},
	{{{6197, -1266, -284}, 0, {368, 1008}, {0x81, 0x00, 0x00, 0xFF}}},
	{{{6197, -1266, -484}, 0, {368, 752}, {0x81, 0x00, 0x00, 0xFF}}},
	{{{6197, -5107, -484}, 0, {368, 752}, {0x81, 0x00, 0x00, 0xFF}}},
	{{{6197, -5107, -284}, 0, {368, 1008}, {0x81, 0x00, 0x00, 0xFF}}},
	{{{6397, -1266, -284}, 0, {368, 240}, {0x00, 0x00, 0x7F, 0xFF}}},
	{{{6197, -1266, -284}, 0, {368, -16}, {0x00, 0x00, 0x7F, 0xFF}}},
	{{{6197, -5107, -284}, 0, {368, -16}, {0x00, 0x00, 0x7F, 0xFF}}},
	{{{6397, -5107, -284}, 0, {368, 240}, {0x00, 0x00, 0x7F, 0xFF}}},
	{{{6197, -1266, -484}, 0, {368, 752}, {0x00, 0x00, 0x81, 0xFF}}},
	{{{6397, -1266, -484}, 0, {368, 496}, {0x00, 0x00, 0x81, 0xFF}}},
	{{{6397, -5107, -484}, 0, {368, 496}, {0x00, 0x00, 0x81, 0xFF}}},
	{{{6197, -5107, -484}, 0, {368, 752}, {0x00, 0x00, 0x81, 0xFF}}},
	{{{100, 100, 100}, 0, {624, 240}, {0x00, 0x7F, 0x00, 0xFF}}},
	{{{100, 100, -288}, 0, {624, 496}, {0x00, 0x7F, 0x00, 0xFF}}},
	{{{-288, 100, -288}, 0, {880, 496}, {0x00, 0x7F, 0x00, 0xFF}}},
	{{{-288, 100, 100}, 0, {880, 240}, {0x00, 0x7F, 0x00, 0xFF}}},
	{{{900, -437, -556}, 0, {624, 240}, {0x00, 0x7F, 0x00, 0xFF}}},
	{{{900, -437, -944}, 0, {624, 496}, {0x00, 0x7F, 0x00, 0xFF}}},
	{{{512, -437, -944}, 0, {880, 496}, {0x00, 0x7F, 0x00, 0xFF}}},
	{{{512, -437, -556}, 0, {880, 240}, {0x00, 0x7F, 0x00, 0xFF}}},
	{{{1711, -901, -1001}, 0, {624, 240}, {0x00, 0x7F, 0x00, 0xFF}}},
	{{{1711, -901, -1389}, 0, {624, 496}, {0x00, 0x7F, 0x00, 0xFF}}},
	{{{1323, -901, -1389}, 0, {880, 496}, {0x00, 0x7F, 0x00, 0xFF}}},
	{{{1323, -901, -1001}, 0, {880, 240}, {0x00, 0x7F, 0x00, 0xFF}}},
	{{{2230, -778, -448}, 0, {624, 240}, {0x00, 0x7F, 0x00, 0xFF}}},
	{{{2230, -778, -836}, 0, {624, 496}, {0x00, 0x7F, 0x00, 0xFF}}},
	{{{1842, -778, -836}, 0, {880, 496}, {0x00, 0x7F, 0x00, 0xFF}}},
	{{{1842, -778, -448}, 0, {880, 240}, {0x00, 0x7F, 0x00, 0xFF}}},
	{{{619, -270, 1}, 0, {624, 240}, {0x00, 0x7F, 0x00, 0xFF}}},
	{{{619, -270, -387}, 0, {624, 496}, {0x00, 0x7F, 0x00, 0xFF}}},
	{{{231, -270, -387}, 0, {880, 496}, {0x00, 0x7F, 0x00, 0xFF}}},
	{{{231, -270, 1}, 0, {880, 240}, {0x00, 0x7F, 0x00, 0xFF}}},
	{{{6491, -778, -190}, 0, {624, 240}, {0x00, 0x7F, 0x00, 0xFF}}},
	{{{6491, -778, -578}, 0, {624, 496}, {0x00, 0x7F, 0x00, 0xFF}}},
	{{{6103, -778, -578}, 0, {880, 496}, {0x00, 0x7F, 0x00, 0xFF}}},
	{{{6103, -778, -190}, 0, {880, 240}, {0x00, 0x7F, 0x00, 0xFF}}},
};

Gfx catamesa_dl_Cube_004_mesh_layer_1_tri_0[] = {
	gsSPVertex(catamesa_dl_Cube_004_mesh_layer_1_vtx_0 + 0, 32, 0),
	gsSP2Triangles(0, 1, 2, 0, 0, 2, 3, 0),
	gsSP2Triangles(4, 5, 6, 0, 4, 6, 7, 0),
	gsSP2Triangles(8, 9, 10, 0, 8, 10, 11, 0),
	gsSP2Triangles(12, 13, 14, 0, 12, 14, 15, 0),
	gsSP2Triangles(16, 17, 18, 0, 16, 18, 19, 0),
	gsSP2Triangles(20, 21, 22, 0, 20, 22, 23, 0),
	gsSP2Triangles(24, 25, 26, 0, 24, 26, 27, 0),
	gsSP2Triangles(28, 29, 30, 0, 28, 30, 31, 0),
	gsSPVertex(catamesa_dl_Cube_004_mesh_layer_1_vtx_0 + 32, 32, 0),
	gsSP2Triangles(0, 1, 2, 0, 0, 2, 3, 0),
	gsSP2Triangles(4, 5, 6, 0, 4, 6, 7, 0),
	gsSP2Triangles(8, 9, 10, 0, 8, 10, 11, 0),
	gsSP2Triangles(12, 13, 14, 0, 12, 14, 15, 0),
	gsSP2Triangles(16, 17, 18, 0, 16, 18, 19, 0),
	gsSP2Triangles(20, 21, 22, 0, 20, 22, 23, 0),
	gsSP2Triangles(24, 25, 26, 0, 24, 26, 27, 0),
	gsSP2Triangles(28, 29, 30, 0, 28, 30, 31, 0),
	gsSPVertex(catamesa_dl_Cube_004_mesh_layer_1_vtx_0 + 64, 32, 0),
	gsSP2Triangles(0, 1, 2, 0, 0, 2, 3, 0),
	gsSP2Triangles(4, 5, 6, 0, 4, 6, 7, 0),
	gsSP2Triangles(8, 9, 10, 0, 8, 10, 11, 0),
	gsSP2Triangles(12, 13, 14, 0, 12, 14, 15, 0),
	gsSP2Triangles(16, 17, 18, 0, 16, 18, 19, 0),
	gsSP2Triangles(20, 21, 22, 0, 20, 22, 23, 0),
	gsSP2Triangles(24, 25, 26, 0, 24, 26, 27, 0),
	gsSP2Triangles(28, 29, 30, 0, 28, 30, 31, 0),
	gsSPVertex(catamesa_dl_Cube_004_mesh_layer_1_vtx_0 + 96, 32, 0),
	gsSP2Triangles(0, 1, 2, 0, 0, 2, 3, 0),
	gsSP2Triangles(4, 5, 6, 0, 4, 6, 7, 0),
	gsSP2Triangles(8, 9, 10, 0, 8, 10, 11, 0),
	gsSP2Triangles(12, 13, 14, 0, 12, 14, 15, 0),
	gsSP2Triangles(16, 17, 18, 0, 16, 18, 19, 0),
	gsSP2Triangles(20, 21, 22, 0, 20, 22, 23, 0),
	gsSP2Triangles(24, 25, 26, 0, 24, 26, 27, 0),
	gsSP2Triangles(28, 29, 30, 0, 28, 30, 31, 0),
	gsSPVertex(catamesa_dl_Cube_004_mesh_layer_1_vtx_0 + 128, 32, 0),
	gsSP2Triangles(0, 1, 2, 0, 0, 2, 3, 0),
	gsSP2Triangles(4, 5, 6, 0, 4, 6, 7, 0),
	gsSP2Triangles(8, 9, 10, 0, 8, 10, 11, 0),
	gsSP2Triangles(12, 13, 14, 0, 12, 14, 15, 0),
	gsSP2Triangles(16, 17, 18, 0, 16, 18, 19, 0),
	gsSP2Triangles(20, 21, 22, 0, 20, 22, 23, 0),
	gsSP2Triangles(24, 25, 26, 0, 24, 26, 27, 0),
	gsSP2Triangles(28, 29, 30, 0, 28, 30, 31, 0),
	gsSPVertex(catamesa_dl_Cube_004_mesh_layer_1_vtx_0 + 160, 32, 0),
	gsSP2Triangles(0, 1, 2, 0, 0, 2, 3, 0),
	gsSP2Triangles(4, 5, 6, 0, 4, 6, 7, 0),
	gsSP2Triangles(8, 9, 10, 0, 8, 10, 11, 0),
	gsSP2Triangles(12, 13, 14, 0, 12, 14, 15, 0),
	gsSP2Triangles(16, 17, 18, 0, 16, 18, 19, 0),
	gsSP2Triangles(20, 21, 22, 0, 20, 22, 23, 0),
	gsSP2Triangles(24, 25, 26, 0, 24, 26, 27, 0),
	gsSP2Triangles(28, 29, 30, 0, 28, 30, 31, 0),
	gsSPVertex(catamesa_dl_Cube_004_mesh_layer_1_vtx_0 + 192, 32, 0),
	gsSP2Triangles(0, 1, 2, 0, 0, 2, 3, 0),
	gsSP2Triangles(4, 5, 6, 0, 4, 6, 7, 0),
	gsSP2Triangles(8, 9, 10, 0, 8, 10, 11, 0),
	gsSP2Triangles(12, 13, 14, 0, 12, 14, 15, 0),
	gsSP2Triangles(16, 17, 18, 0, 16, 18, 19, 0),
	gsSP2Triangles(20, 21, 22, 0, 20, 22, 23, 0),
	gsSP2Triangles(24, 25, 26, 0, 24, 26, 27, 0),
	gsSP2Triangles(28, 29, 30, 0, 28, 30, 31, 0),
	gsSPVertex(catamesa_dl_Cube_004_mesh_layer_1_vtx_0 + 224, 32, 0),
	gsSP2Triangles(0, 1, 2, 0, 0, 2, 3, 0),
	gsSP2Triangles(4, 5, 6, 0, 4, 6, 7, 0),
	gsSP2Triangles(8, 9, 10, 0, 8, 10, 11, 0),
	gsSP2Triangles(12, 13, 14, 0, 12, 14, 15, 0),
	gsSP2Triangles(16, 17, 18, 0, 16, 18, 19, 0),
	gsSP2Triangles(20, 21, 22, 0, 20, 22, 23, 0),
	gsSP2Triangles(24, 25, 26, 0, 24, 26, 27, 0),
	gsSP2Triangles(28, 29, 30, 0, 28, 30, 31, 0),
	gsSPVertex(catamesa_dl_Cube_004_mesh_layer_1_vtx_0 + 256, 32, 0),
	gsSP2Triangles(0, 1, 2, 0, 0, 2, 3, 0),
	gsSP2Triangles(4, 5, 6, 0, 4, 6, 7, 0),
	gsSP2Triangles(8, 9, 10, 0, 8, 10, 11, 0),
	gsSP2Triangles(12, 13, 14, 0, 12, 14, 15, 0),
	gsSP2Triangles(16, 17, 18, 0, 16, 18, 19, 0),
	gsSP2Triangles(20, 21, 22, 0, 20, 22, 23, 0),
	gsSP2Triangles(24, 25, 26, 0, 24, 26, 27, 0),
	gsSP2Triangles(28, 29, 30, 0, 28, 30, 31, 0),
	gsSPVertex(catamesa_dl_Cube_004_mesh_layer_1_vtx_0 + 288, 32, 0),
	gsSP2Triangles(0, 1, 2, 0, 0, 2, 3, 0),
	gsSP2Triangles(4, 5, 6, 0, 4, 6, 7, 0),
	gsSP2Triangles(8, 9, 10, 0, 8, 10, 11, 0),
	gsSP2Triangles(12, 13, 14, 0, 12, 14, 15, 0),
	gsSP2Triangles(16, 17, 18, 0, 16, 18, 19, 0),
	gsSP2Triangles(20, 21, 22, 0, 20, 22, 23, 0),
	gsSP2Triangles(24, 25, 26, 0, 24, 26, 27, 0),
	gsSP2Triangles(28, 29, 30, 0, 28, 30, 31, 0),
	gsSPVertex(catamesa_dl_Cube_004_mesh_layer_1_vtx_0 + 320, 32, 0),
	gsSP2Triangles(0, 1, 2, 0, 0, 2, 3, 0),
	gsSP2Triangles(4, 5, 6, 0, 4, 6, 7, 0),
	gsSP2Triangles(8, 9, 10, 0, 8, 10, 11, 0),
	gsSP2Triangles(12, 13, 14, 0, 12, 14, 15, 0),
	gsSP2Triangles(16, 17, 18, 0, 16, 18, 19, 0),
	gsSP2Triangles(20, 21, 22, 0, 20, 22, 23, 0),
	gsSP2Triangles(24, 25, 26, 0, 24, 26, 27, 0),
	gsSP2Triangles(28, 29, 30, 0, 28, 30, 31, 0),
	gsSPVertex(catamesa_dl_Cube_004_mesh_layer_1_vtx_0 + 352, 30, 0),
	gsSP2Triangles(0, 1, 2, 0, 0, 2, 3, 0),
	gsSP2Triangles(4, 5, 6, 0, 4, 6, 7, 0),
	gsSP2Triangles(8, 9, 10, 0, 8, 10, 11, 0),
	gsSP2Triangles(12, 13, 14, 0, 12, 15, 13, 0),
	gsSP2Triangles(16, 15, 12, 0, 16, 17, 15, 0),
	gsSP2Triangles(18, 19, 20, 0, 18, 20, 21, 0),
	gsSP2Triangles(22, 23, 24, 0, 22, 25, 23, 0),
	gsSP2Triangles(22, 26, 25, 0, 22, 27, 26, 0),
	gsSP2Triangles(28, 27, 22, 0, 28, 29, 27, 0),
	gsSPVertex(catamesa_dl_Cube_004_mesh_layer_1_vtx_0 + 382, 30, 0),
	gsSP2Triangles(0, 1, 2, 0, 0, 3, 1, 0),
	gsSP2Triangles(3, 0, 4, 0, 3, 4, 5, 0),
	gsSP2Triangles(6, 7, 8, 0, 6, 9, 7, 0),
	gsSP2Triangles(10, 9, 6, 0, 10, 11, 9, 0),
	gsSP2Triangles(7, 9, 12, 0, 7, 12, 13, 0),
	gsSP2Triangles(14, 15, 16, 0, 14, 16, 17, 0),
	gsSP2Triangles(18, 19, 20, 0, 18, 20, 21, 0),
	gsSP2Triangles(22, 23, 24, 0, 22, 24, 25, 0),
	gsSP2Triangles(26, 27, 28, 0, 26, 28, 29, 0),
	gsSPVertex(catamesa_dl_Cube_004_mesh_layer_1_vtx_0 + 412, 32, 0),
	gsSP2Triangles(0, 1, 2, 0, 0, 2, 3, 0),
	gsSP2Triangles(4, 5, 6, 0, 4, 6, 7, 0),
	gsSP2Triangles(8, 9, 10, 0, 8, 10, 11, 0),
	gsSP2Triangles(12, 13, 14, 0, 12, 14, 15, 0),
	gsSP2Triangles(16, 17, 18, 0, 16, 18, 19, 0),
	gsSP2Triangles(20, 21, 22, 0, 20, 22, 23, 0),
	gsSP2Triangles(24, 25, 26, 0, 24, 26, 27, 0),
	gsSP2Triangles(28, 29, 30, 0, 28, 30, 31, 0),
	gsSPVertex(catamesa_dl_Cube_004_mesh_layer_1_vtx_0 + 444, 32, 0),
	gsSP2Triangles(0, 1, 2, 0, 0, 2, 3, 0),
	gsSP2Triangles(4, 5, 6, 0, 4, 6, 7, 0),
	gsSP2Triangles(8, 9, 10, 0, 8, 10, 11, 0),
	gsSP2Triangles(12, 13, 14, 0, 12, 14, 15, 0),
	gsSP2Triangles(16, 17, 18, 0, 16, 18, 19, 0),
	gsSP2Triangles(20, 21, 22, 0, 20, 22, 23, 0),
	gsSP2Triangles(24, 25, 26, 0, 24, 26, 27, 0),
	gsSP2Triangles(28, 29, 30, 0, 28, 30, 31, 0),
	gsSPVertex(catamesa_dl_Cube_004_mesh_layer_1_vtx_0 + 476, 24, 0),
	gsSP2Triangles(0, 1, 2, 0, 0, 2, 3, 0),
	gsSP2Triangles(4, 5, 6, 0, 4, 6, 7, 0),
	gsSP2Triangles(8, 9, 10, 0, 8, 10, 11, 0),
	gsSP2Triangles(12, 13, 14, 0, 12, 14, 15, 0),
	gsSP2Triangles(16, 17, 18, 0, 16, 18, 19, 0),
	gsSP2Triangles(20, 21, 22, 0, 20, 22, 23, 0),
	gsSPEndDisplayList(),
};

Vtx catamesa_dl_Cube_010_mesh_layer_1_vtx_cull[8] = {
	{{{-2172, -1222, 4591}, 0, {0, 0}, {0x00, 0x00, 0x00, 0x00}}},
	{{{-2172, 1544, 4591}, 0, {0, 0}, {0x00, 0x00, 0x00, 0x00}}},
	{{{-2172, 1544, -683}, 0, {0, 0}, {0x00, 0x00, 0x00, 0x00}}},
	{{{-2172, -1222, -683}, 0, {0, 0}, {0x00, 0x00, 0x00, 0x00}}},
	{{{3320, -1222, 4591}, 0, {0, 0}, {0x00, 0x00, 0x00, 0x00}}},
	{{{3320, 1544, 4591}, 0, {0, 0}, {0x00, 0x00, 0x00, 0x00}}},
	{{{3320, 1544, -683}, 0, {0, 0}, {0x00, 0x00, 0x00, 0x00}}},
	{{{3320, -1222, -683}, 0, {0, 0}, {0x00, 0x00, 0x00, 0x00}}},
};

Vtx catamesa_dl_Cube_010_mesh_layer_1_vtx_0[336] = {
	{{{-492, 2, 456}, 0, {368, 1008}, {0x81, 0x00, 0x00, 0xFF}}},
	{{{-492, 100, 456}, 0, {624, 1008}, {0x81, 0x00, 0x00, 0xFF}}},
	{{{-492, 100, -456}, 0, {624, 752}, {0x81, 0x00, 0x00, 0xFF}}},
	{{{-492, 2, -456}, 0, {368, 752}, {0x81, 0x00, 0x00, 0xFF}}},
	{{{-492, 2, -456}, 0, {368, 752}, {0x00, 0x00, 0x81, 0xFF}}},
	{{{-492, 100, -456}, 0, {624, 752}, {0x00, 0x00, 0x81, 0xFF}}},
	{{{492, 100, -456}, 0, {624, 496}, {0x00, 0x00, 0x81, 0xFF}}},
	{{{492, 2, -456}, 0, {368, 496}, {0x00, 0x00, 0x81, 0xFF}}},
	{{{492, 2, -456}, 0, {368, 496}, {0x7F, 0x00, 0x00, 0xFF}}},
	{{{492, 100, -456}, 0, {624, 496}, {0x7F, 0x00, 0x00, 0xFF}}},
	{{{492, 100, 456}, 0, {624, 240}, {0x7F, 0x00, 0x00, 0xFF}}},
	{{{492, 2, 456}, 0, {368, 240}, {0x7F, 0x00, 0x00, 0xFF}}},
	{{{492, 2, 456}, 0, {368, 240}, {0x00, 0x00, 0x7F, 0xFF}}},
	{{{492, 100, 456}, 0, {624, 240}, {0x00, 0x00, 0x7F, 0xFF}}},
	{{{-492, 100, 456}, 0, {624, -16}, {0x00, 0x00, 0x7F, 0xFF}}},
	{{{-492, 2, 456}, 0, {368, -16}, {0x00, 0x00, 0x7F, 0xFF}}},
	{{{-492, 2, -456}, 0, {112, 496}, {0x00, 0x81, 0x00, 0xFF}}},
	{{{492, 2, -456}, 0, {368, 496}, {0x00, 0x81, 0x00, 0xFF}}},
	{{{492, 2, 456}, 0, {368, 240}, {0x00, 0x81, 0x00, 0xFF}}},
	{{{-492, 2, 456}, 0, {112, 240}, {0x00, 0x81, 0x00, 0xFF}}},
	{{{492, 100, -456}, 0, {624, 496}, {0x00, 0x7F, 0x00, 0xFF}}},
	{{{-492, 100, -456}, 0, {880, 496}, {0x00, 0x7F, 0x00, 0xFF}}},
	{{{-492, 100, 456}, 0, {880, 240}, {0x00, 0x7F, 0x00, 0xFF}}},
	{{{492, 100, 456}, 0, {624, 240}, {0x00, 0x7F, 0x00, 0xFF}}},
	{{{-1243, -1222, 4282}, 0, {368, 1008}, {0x81, 0x00, 0x00, 0xFF}}},
	{{{-1243, -1146, 4282}, 0, {624, 1008}, {0x81, 0x00, 0x00, 0xFF}}},
	{{{-1243, -1146, 3370}, 0, {624, 752}, {0x81, 0x00, 0x00, 0xFF}}},
	{{{-1243, -1222, 3370}, 0, {368, 752}, {0x81, 0x00, 0x00, 0xFF}}},
	{{{-1243, -1222, 3370}, 0, {368, 752}, {0x00, 0x00, 0x81, 0xFF}}},
	{{{-1243, -1146, 3370}, 0, {624, 752}, {0x00, 0x00, 0x81, 0xFF}}},
	{{{-260, -1146, 3370}, 0, {624, 496}, {0x00, 0x00, 0x81, 0xFF}}},
	{{{-260, -1222, 3370}, 0, {368, 496}, {0x00, 0x00, 0x81, 0xFF}}},
	{{{-260, -1222, 3370}, 0, {368, 496}, {0x7F, 0x00, 0x00, 0xFF}}},
	{{{-260, -1146, 3370}, 0, {624, 496}, {0x7F, 0x00, 0x00, 0xFF}}},
	{{{-260, -1146, 4282}, 0, {624, 240}, {0x7F, 0x00, 0x00, 0xFF}}},
	{{{-260, -1222, 4282}, 0, {368, 240}, {0x7F, 0x00, 0x00, 0xFF}}},
	{{{-260, -1222, 4282}, 0, {368, 240}, {0x00, 0x00, 0x7F, 0xFF}}},
	{{{-260, -1146, 4282}, 0, {624, 240}, {0x00, 0x00, 0x7F, 0xFF}}},
	{{{-1243, -1146, 4282}, 0, {624, -16}, {0x00, 0x00, 0x7F, 0xFF}}},
	{{{-1243, -1222, 4282}, 0, {368, -16}, {0x00, 0x00, 0x7F, 0xFF}}},
	{{{-1243, -1222, 3370}, 0, {112, 496}, {0x00, 0x81, 0x00, 0xFF}}},
	{{{-260, -1222, 3370}, 0, {368, 496}, {0x00, 0x81, 0x00, 0xFF}}},
	{{{-260, -1222, 4282}, 0, {368, 240}, {0x00, 0x81, 0x00, 0xFF}}},
	{{{-1243, -1222, 4282}, 0, {112, 240}, {0x00, 0x81, 0x00, 0xFF}}},
	{{{-260, -1146, 3370}, 0, {624, 496}, {0x00, 0x7F, 0x00, 0xFF}}},
	{{{-1243, -1146, 3370}, 0, {880, 496}, {0x00, 0x7F, 0x00, 0xFF}}},
	{{{-1243, -1146, 4282}, 0, {880, 240}, {0x00, 0x7F, 0x00, 0xFF}}},
	{{{-260, -1146, 4282}, 0, {624, 240}, {0x00, 0x7F, 0x00, 0xFF}}},
	{{{230, -839, 2954}, 0, {368, 1008}, {0x81, 0x00, 0x00, 0xFF}}},
	{{{230, -782, 2954}, 0, {624, 1008}, {0x81, 0x00, 0x00, 0xFF}}},
	{{{230, -782, 2041}, 0, {624, 752}, {0x81, 0x00, 0x00, 0xFF}}},
	{{{230, -839, 2041}, 0, {368, 752}, {0x81, 0x00, 0x00, 0xFF}}},
	{{{230, -839, 2041}, 0, {368, 752}, {0x00, 0x00, 0x81, 0xFF}}},
	{{{230, -782, 2041}, 0, {624, 752}, {0x00, 0x00, 0x81, 0xFF}}},
	{{{912, -782, 2041}, 0, {624, 496}, {0x00, 0x00, 0x81, 0xFF}}},
	{{{912, -839, 2041}, 0, {368, 496}, {0x00, 0x00, 0x81, 0xFF}}},
	{{{912, -839, 2041}, 0, {368, 496}, {0x7F, 0x00, 0x00, 0xFF}}},
	{{{912, -782, 2041}, 0, {624, 496}, {0x7F, 0x00, 0x00, 0xFF}}},
	{{{912, -782, 2954}, 0, {624, 240}, {0x7F, 0x00, 0x00, 0xFF}}},
	{{{912, -839, 2954}, 0, {368, 240}, {0x7F, 0x00, 0x00, 0xFF}}},
	{{{912, -839, 2954}, 0, {368, 240}, {0x00, 0x00, 0x7F, 0xFF}}},
	{{{912, -782, 2954}, 0, {624, 240}, {0x00, 0x00, 0x7F, 0xFF}}},
	{{{230, -782, 2954}, 0, {624, -16}, {0x00, 0x00, 0x7F, 0xFF}}},
	{{{230, -839, 2954}, 0, {368, -16}, {0x00, 0x00, 0x7F, 0xFF}}},
	{{{230, -839, 2041}, 0, {112, 496}, {0x00, 0x81, 0x00, 0xFF}}},
	{{{912, -839, 2041}, 0, {368, 496}, {0x00, 0x81, 0x00, 0xFF}}},
	{{{912, -839, 2954}, 0, {368, 240}, {0x00, 0x81, 0x00, 0xFF}}},
	{{{230, -839, 2954}, 0, {112, 240}, {0x00, 0x81, 0x00, 0xFF}}},
	{{{912, -782, 2041}, 0, {624, 496}, {0x00, 0x7F, 0x00, 0xFF}}},
	{{{230, -782, 2041}, 0, {880, 496}, {0x00, 0x7F, 0x00, 0xFF}}},
	{{{230, -782, 2954}, 0, {880, 240}, {0x00, 0x7F, 0x00, 0xFF}}},
	{{{912, -782, 2954}, 0, {624, 240}, {0x00, 0x7F, 0x00, 0xFF}}},
	{{{617, -582, 1155}, 0, {368, 1008}, {0x81, 0x00, 0x00, 0xFF}}},
	{{{617, -500, 1155}, 0, {624, 1008}, {0x81, 0x00, 0x00, 0xFF}}},
	{{{617, -500, 654}, 0, {624, 752}, {0x81, 0x00, 0x00, 0xFF}}},
	{{{617, -582, 654}, 0, {368, 752}, {0x81, 0x00, 0x00, 0xFF}}},
	{{{617, -582, 654}, 0, {368, 752}, {0x00, 0x00, 0x81, 0xFF}}},
	{{{617, -500, 654}, 0, {624, 752}, {0x00, 0x00, 0x81, 0xFF}}},
	{{{1600, -500, 654}, 0, {624, 496}, {0x00, 0x00, 0x81, 0xFF}}},
	{{{1600, -582, 654}, 0, {368, 496}, {0x00, 0x00, 0x81, 0xFF}}},
	{{{1600, -582, 654}, 0, {368, 496}, {0x7F, 0x00, 0x00, 0xFF}}},
	{{{1600, -500, 654}, 0, {624, 496}, {0x7F, 0x00, 0x00, 0xFF}}},
	{{{1600, -500, 1155}, 0, {624, 240}, {0x7F, 0x00, 0x00, 0xFF}}},
	{{{1600, -582, 1155}, 0, {368, 240}, {0x7F, 0x00, 0x00, 0xFF}}},
	{{{1600, -582, 1155}, 0, {368, 240}, {0x00, 0x00, 0x7F, 0xFF}}},
	{{{1600, -500, 1155}, 0, {624, 240}, {0x00, 0x00, 0x7F, 0xFF}}},
	{{{617, -500, 1155}, 0, {624, -16}, {0x00, 0x00, 0x7F, 0xFF}}},
	{{{617, -582, 1155}, 0, {368, -16}, {0x00, 0x00, 0x7F, 0xFF}}},
	{{{617, -582, 654}, 0, {112, 496}, {0x00, 0x81, 0x00, 0xFF}}},
	{{{1600, -582, 654}, 0, {368, 496}, {0x00, 0x81, 0x00, 0xFF}}},
	{{{1600, -582, 1155}, 0, {368, 240}, {0x00, 0x81, 0x00, 0xFF}}},
	{{{617, -582, 1155}, 0, {112, 240}, {0x00, 0x81, 0x00, 0xFF}}},
	{{{1600, -500, 654}, 0, {624, 496}, {0x00, 0x7F, 0x00, 0xFF}}},
	{{{617, -500, 654}, 0, {880, 496}, {0x00, 0x7F, 0x00, 0xFF}}},
	{{{617, -500, 1155}, 0, {880, 240}, {0x00, 0x7F, 0x00, 0xFF}}},
	{{{1600, -500, 1155}, 0, {624, 240}, {0x00, 0x7F, 0x00, 0xFF}}},
	{{{2103, 36, 2191}, 0, {368, 1008}, {0x81, 0x00, 0x00, 0xFF}}},
	{{{2103, 119, 2191}, 0, {624, 1008}, {0x81, 0x00, 0x00, 0xFF}}},
	{{{2103, 119, 1278}, 0, {624, 752}, {0x81, 0x00, 0x00, 0xFF}}},
	{{{2103, 36, 1278}, 0, {368, 752}, {0x81, 0x00, 0x00, 0xFF}}},
	{{{2103, 36, 1278}, 0, {368, 752}, {0x00, 0x00, 0x81, 0xFF}}},
	{{{2103, 119, 1278}, 0, {624, 752}, {0x00, 0x00, 0x81, 0xFF}}},
	{{{2588, 119, 1278}, 0, {624, 496}, {0x00, 0x00, 0x81, 0xFF}}},
	{{{2588, 36, 1278}, 0, {368, 496}, {0x00, 0x00, 0x81, 0xFF}}},
	{{{2588, 36, 1278}, 0, {368, 496}, {0x7F, 0x00, 0x00, 0xFF}}},
	{{{2588, 119, 1278}, 0, {624, 496}, {0x7F, 0x00, 0x00, 0xFF}}},
	{{{2588, 119, 2191}, 0, {624, 240}, {0x7F, 0x00, 0x00, 0xFF}}},
	{{{2588, 36, 2191}, 0, {368, 240}, {0x7F, 0x00, 0x00, 0xFF}}},
	{{{2588, 36, 2191}, 0, {368, 240}, {0x00, 0x00, 0x7F, 0xFF}}},
	{{{2588, 119, 2191}, 0, {624, 240}, {0x00, 0x00, 0x7F, 0xFF}}},
	{{{2103, 119, 2191}, 0, {624, -16}, {0x00, 0x00, 0x7F, 0xFF}}},
	{{{2103, 36, 2191}, 0, {368, -16}, {0x00, 0x00, 0x7F, 0xFF}}},
	{{{2103, 36, 1278}, 0, {112, 496}, {0x00, 0x81, 0x00, 0xFF}}},
	{{{2588, 36, 1278}, 0, {368, 496}, {0x00, 0x81, 0x00, 0xFF}}},
	{{{2588, 36, 2191}, 0, {368, 240}, {0x00, 0x81, 0x00, 0xFF}}},
	{{{2103, 36, 2191}, 0, {112, 240}, {0x00, 0x81, 0x00, 0xFF}}},
	{{{2588, 119, 1278}, 0, {624, 496}, {0x00, 0x7F, 0x00, 0xFF}}},
	{{{2103, 119, 1278}, 0, {880, 496}, {0x00, 0x7F, 0x00, 0xFF}}},
	{{{2103, 119, 2191}, 0, {880, 240}, {0x00, 0x7F, 0x00, 0xFF}}},
	{{{2588, 119, 2191}, 0, {624, 240}, {0x00, 0x7F, 0x00, 0xFF}}},
	{{{-2172, 1544, -323}, 0, {-16, 1008}, {0x00, 0x00, 0x81, 0xFF}}},
	{{{-1572, 1544, -323}, 0, {1008, 1008}, {0x00, 0x00, 0x81, 0xFF}}},
	{{{-1572, 1463, -323}, 0, {1008, 1008}, {0x00, 0x00, 0x81, 0xFF}}},
	{{{-2172, 1463, -323}, 0, {1008, -16}, {0x00, 0x00, 0x81, 0xFF}}},
	{{{-2172, 1544, 277}, 0, {-16, 1008}, {0x81, 0x00, 0x00, 0xFF}}},
	{{{-2172, 1544, -323}, 0, {1008, 1008}, {0x81, 0x00, 0x00, 0xFF}}},
	{{{-2172, 1463, -323}, 0, {1008, 1008}, {0x81, 0x00, 0x00, 0xFF}}},
	{{{-2172, 1463, 277}, 0, {1008, -16}, {0x81, 0x00, 0x00, 0xFF}}},
	{{{-1572, 1544, -323}, 0, {-16, 1008}, {0x7F, 0x00, 0x00, 0xFF}}},
	{{{-1572, 1544, 277}, 0, {1008, 1008}, {0x7F, 0x00, 0x00, 0xFF}}},
	{{{-1572, 1463, 277}, 0, {1008, 1008}, {0x7F, 0x00, 0x00, 0xFF}}},
	{{{-1572, 1463, -323}, 0, {1008, -16}, {0x7F, 0x00, 0x00, 0xFF}}},
	{{{460, -6, 3408}, 0, {-16, 1008}, {0x00, 0x7F, 0x00, 0xFF}}},
	{{{460, -6, 4591}, 0, {1008, 1008}, {0x00, 0x7F, 0x00, 0xFF}}},
	{{{1276, -6, 4591}, 0, {1008, 1008}, {0x00, 0x7F, 0x00, 0xFF}}},
	{{{1276, -6, 3408}, 0, {1008, -16}, {0x00, 0x7F, 0x00, 0xFF}}},
	{{{-1572, 1544, 277}, 0, {-16, 1008}, {0x00, 0x00, 0x7F, 0xFF}}},
	{{{-2172, 1544, 277}, 0, {1008, 1008}, {0x00, 0x00, 0x7F, 0xFF}}},
	{{{-2172, 1463, 277}, 0, {1008, 1008}, {0x00, 0x00, 0x7F, 0xFF}}},
	{{{-1572, 1463, 277}, 0, {1008, -16}, {0x00, 0x00, 0x7F, 0xFF}}},
	{{{-1572, 1463, -323}, 0, {-16, 1008}, {0x00, 0x81, 0x00, 0xFF}}},
	{{{-1572, 1463, 277}, 0, {1008, 1008}, {0x00, 0x81, 0x00, 0xFF}}},
	{{{-2172, 1463, 277}, 0, {1008, 1008}, {0x00, 0x81, 0x00, 0xFF}}},
	{{{-2172, 1463, -323}, 0, {1008, -16}, {0x00, 0x81, 0x00, 0xFF}}},
	{{{-53, -1026, 3176}, 0, {-16, 1008}, {0x00, 0x00, 0x81, 0xFF}}},
	{{{547, -1026, 3176}, 0, {1008, 1008}, {0x00, 0x00, 0x81, 0xFF}}},
	{{{547, -1100, 3176}, 0, {1008, 1008}, {0x00, 0x00, 0x81, 0xFF}}},
	{{{-53, -1100, 3176}, 0, {1008, -16}, {0x00, 0x00, 0x81, 0xFF}}},
	{{{-53, -1026, 3776}, 0, {-16, 1008}, {0x81, 0x00, 0x00, 0xFF}}},
	{{{-53, -1026, 3176}, 0, {1008, 1008}, {0x81, 0x00, 0x00, 0xFF}}},
	{{{-53, -1100, 3176}, 0, {1008, 1008}, {0x81, 0x00, 0x00, 0xFF}}},
	{{{-53, -1100, 3776}, 0, {1008, -16}, {0x81, 0x00, 0x00, 0xFF}}},
	{{{547, -1026, 3176}, 0, {-16, 1008}, {0x7F, 0x00, 0x00, 0xFF}}},
	{{{547, -1026, 3776}, 0, {1008, 1008}, {0x7F, 0x00, 0x00, 0xFF}}},
	{{{547, -1100, 3776}, 0, {1008, 1008}, {0x7F, 0x00, 0x00, 0xFF}}},
	{{{547, -1100, 3176}, 0, {1008, -16}, {0x7F, 0x00, 0x00, 0xFF}}},
	{{{547, -1026, 3776}, 0, {-16, 1008}, {0x00, 0x00, 0x7F, 0xFF}}},
	{{{-53, -1026, 3776}, 0, {1008, 1008}, {0x00, 0x00, 0x7F, 0xFF}}},
	{{{-53, -1100, 3776}, 0, {1008, 1008}, {0x00, 0x00, 0x7F, 0xFF}}},
	{{{547, -1100, 3776}, 0, {1008, -16}, {0x00, 0x00, 0x7F, 0xFF}}},
	{{{547, -1100, 3176}, 0, {-16, 1008}, {0x00, 0x81, 0x00, 0xFF}}},
	{{{547, -1100, 3776}, 0, {1008, 1008}, {0x00, 0x81, 0x00, 0xFF}}},
	{{{-53, -1100, 3776}, 0, {1008, 1008}, {0x00, 0x81, 0x00, 0xFF}}},
	{{{-53, -1100, 3176}, 0, {1008, -16}, {0x00, 0x81, 0x00, 0xFF}}},
	{{{-80, -500, 1155}, 0, {-16, 1008}, {0x00, 0x00, 0x81, 0xFF}}},
	{{{520, -500, 1155}, 0, {1008, 1008}, {0x00, 0x00, 0x81, 0xFF}}},
	{{{520, -558, 1155}, 0, {1008, 1008}, {0x00, 0x00, 0x81, 0xFF}}},
	{{{-80, -558, 1155}, 0, {1008, -16}, {0x00, 0x00, 0x81, 0xFF}}},
	{{{-80, -500, 1755}, 0, {-16, 1008}, {0x81, 0x00, 0x00, 0xFF}}},
	{{{-80, -500, 1155}, 0, {1008, 1008}, {0x81, 0x00, 0x00, 0xFF}}},
	{{{-80, -558, 1155}, 0, {1008, 1008}, {0x81, 0x00, 0x00, 0xFF}}},
	{{{-80, -558, 1755}, 0, {1008, -16}, {0x81, 0x00, 0x00, 0xFF}}},
	{{{520, -500, 1155}, 0, {-16, 1008}, {0x7F, 0x00, 0x00, 0xFF}}},
	{{{520, -500, 1755}, 0, {1008, 1008}, {0x7F, 0x00, 0x00, 0xFF}}},
	{{{520, -558, 1755}, 0, {1008, 1008}, {0x7F, 0x00, 0x00, 0xFF}}},
	{{{520, -558, 1155}, 0, {1008, -16}, {0x7F, 0x00, 0x00, 0xFF}}},
	{{{-816, -176, 503}, 0, {-16, 1008}, {0x00, 0x7F, 0x00, 0xFF}}},
	{{{-816, -176, 1103}, 0, {1008, 1008}, {0x00, 0x7F, 0x00, 0xFF}}},
	{{{-216, -176, 1103}, 0, {1008, 1008}, {0x00, 0x7F, 0x00, 0xFF}}},
	{{{-216, -176, 503}, 0, {1008, -16}, {0x00, 0x7F, 0x00, 0xFF}}},
	{{{520, -500, 1755}, 0, {-16, 1008}, {0x00, 0x00, 0x7F, 0xFF}}},
	{{{-80, -500, 1755}, 0, {1008, 1008}, {0x00, 0x00, 0x7F, 0xFF}}},
	{{{-80, -558, 1755}, 0, {1008, 1008}, {0x00, 0x00, 0x7F, 0xFF}}},
	{{{520, -558, 1755}, 0, {1008, -16}, {0x00, 0x00, 0x7F, 0xFF}}},
	{{{520, -558, 1155}, 0, {-16, 1008}, {0x00, 0x81, 0x00, 0xFF}}},
	{{{520, -558, 1755}, 0, {1008, 1008}, {0x00, 0x81, 0x00, 0xFF}}},
	{{{-80, -558, 1755}, 0, {1008, 1008}, {0x00, 0x81, 0x00, 0xFF}}},
	{{{-80, -558, 1155}, 0, {1008, -16}, {0x00, 0x81, 0x00, 0xFF}}},
	{{{-816, -176, 503}, 0, {-16, 1008}, {0x00, 0x00, 0x81, 0xFF}}},
	{{{-216, -176, 503}, 0, {1008, 1008}, {0x00, 0x00, 0x81, 0xFF}}},
	{{{-216, -267, 503}, 0, {1008, 1008}, {0x00, 0x00, 0x81, 0xFF}}},
	{{{-816, -267, 503}, 0, {1008, -16}, {0x00, 0x00, 0x81, 0xFF}}},
	{{{-816, -176, 1103}, 0, {-16, 1008}, {0x81, 0x00, 0x00, 0xFF}}},
	{{{-816, -176, 503}, 0, {1008, 1008}, {0x81, 0x00, 0x00, 0xFF}}},
	{{{-816, -267, 503}, 0, {1008, 1008}, {0x81, 0x00, 0x00, 0xFF}}},
	{{{-816, -267, 1103}, 0, {1008, -16}, {0x81, 0x00, 0x00, 0xFF}}},
	{{{-216, -176, 503}, 0, {-16, 1008}, {0x7F, 0x00, 0x00, 0xFF}}},
	{{{-216, -176, 1103}, 0, {1008, 1008}, {0x7F, 0x00, 0x00, 0xFF}}},
	{{{-216, -267, 1103}, 0, {1008, 1008}, {0x7F, 0x00, 0x00, 0xFF}}},
	{{{-216, -267, 503}, 0, {1008, -16}, {0x7F, 0x00, 0x00, 0xFF}}},
	{{{-216, -176, 1103}, 0, {-16, 1008}, {0x00, 0x00, 0x7F, 0xFF}}},
	{{{-816, -176, 1103}, 0, {1008, 1008}, {0x00, 0x00, 0x7F, 0xFF}}},
	{{{-816, -267, 1103}, 0, {1008, 1008}, {0x00, 0x00, 0x7F, 0xFF}}},
	{{{-216, -267, 1103}, 0, {1008, -16}, {0x00, 0x00, 0x7F, 0xFF}}},
	{{{-216, -267, 503}, 0, {-16, 1008}, {0x00, 0x81, 0x00, 0xFF}}},
	{{{-216, -267, 1103}, 0, {1008, 1008}, {0x00, 0x81, 0x00, 0xFF}}},
	{{{-816, -267, 1103}, 0, {1008, 1008}, {0x00, 0x81, 0x00, 0xFF}}},
	{{{-816, -267, 503}, 0, {1008, -16}, {0x00, 0x81, 0x00, 0xFF}}},
	{{{682, 300, -683}, 0, {-16, 1008}, {0x00, 0x00, 0x81, 0xFF}}},
	{{{1282, 300, -683}, 0, {1008, 1008}, {0x00, 0x00, 0x81, 0xFF}}},
	{{{1282, 231, -683}, 0, {1008, 1008}, {0x00, 0x00, 0x81, 0xFF}}},
	{{{682, 231, -683}, 0, {1008, -16}, {0x00, 0x00, 0x81, 0xFF}}},
	{{{682, 300, -83}, 0, {-16, 1008}, {0x81, 0x00, 0x00, 0xFF}}},
	{{{682, 300, -683}, 0, {1008, 1008}, {0x81, 0x00, 0x00, 0xFF}}},
	{{{682, 231, -683}, 0, {1008, 1008}, {0x81, 0x00, 0x00, 0xFF}}},
	{{{682, 231, -83}, 0, {1008, -16}, {0x81, 0x00, 0x00, 0xFF}}},
	{{{1282, 300, -683}, 0, {-16, 1008}, {0x7F, 0x00, 0x00, 0xFF}}},
	{{{1282, 300, -83}, 0, {1008, 1008}, {0x7F, 0x00, 0x00, 0xFF}}},
	{{{1282, 231, -83}, 0, {1008, 1008}, {0x7F, 0x00, 0x00, 0xFF}}},
	{{{1282, 231, -683}, 0, {1008, -16}, {0x7F, 0x00, 0x00, 0xFF}}},
	{{{-53, -1026, 3176}, 0, {-16, 1008}, {0x00, 0x7F, 0x00, 0xFF}}},
	{{{-53, -1026, 3776}, 0, {1008, 1008}, {0x00, 0x7F, 0x00, 0xFF}}},
	{{{547, -1026, 3776}, 0, {1008, 1008}, {0x00, 0x7F, 0x00, 0xFF}}},
	{{{547, -1026, 3176}, 0, {1008, -16}, {0x00, 0x7F, 0x00, 0xFF}}},
	{{{1282, 300, -83}, 0, {-16, 1008}, {0x00, 0x00, 0x7F, 0xFF}}},
	{{{682, 300, -83}, 0, {1008, 1008}, {0x00, 0x00, 0x7F, 0xFF}}},
	{{{682, 231, -83}, 0, {1008, 1008}, {0x00, 0x00, 0x7F, 0xFF}}},
	{{{1282, 231, -83}, 0, {1008, -16}, {0x00, 0x00, 0x7F, 0xFF}}},
	{{{1282, 231, -683}, 0, {-16, 1008}, {0x00, 0x81, 0x00, 0xFF}}},
	{{{1282, 231, -83}, 0, {1008, 1008}, {0x00, 0x81, 0x00, 0xFF}}},
	{{{682, 231, -83}, 0, {1008, 1008}, {0x00, 0x81, 0x00, 0xFF}}},
	{{{682, 231, -683}, 0, {1008, -16}, {0x00, 0x81, 0x00, 0xFF}}},
	{{{460, -6, 3408}, 0, {-16, 1008}, {0x00, 0x00, 0x81, 0xFF}}},
	{{{1276, -6, 3408}, 0, {1008, 1008}, {0x00, 0x00, 0x81, 0xFF}}},
	{{{1276, -64, 3408}, 0, {1008, 1008}, {0x00, 0x00, 0x81, 0xFF}}},
	{{{460, -64, 3408}, 0, {1008, -16}, {0x00, 0x00, 0x81, 0xFF}}},
	{{{460, -6, 4591}, 0, {-16, 1008}, {0x81, 0x00, 0x00, 0xFF}}},
	{{{460, -6, 3408}, 0, {1008, 1008}, {0x81, 0x00, 0x00, 0xFF}}},
	{{{460, -64, 3408}, 0, {1008, 1008}, {0x81, 0x00, 0x00, 0xFF}}},
	{{{460, -64, 4591}, 0, {1008, -16}, {0x81, 0x00, 0x00, 0xFF}}},
	{{{1276, -6, 3408}, 0, {-16, 1008}, {0x7F, 0x00, 0x00, 0xFF}}},
	{{{1276, -6, 4591}, 0, {1008, 1008}, {0x7F, 0x00, 0x00, 0xFF}}},
	{{{1276, -64, 4591}, 0, {1008, 1008}, {0x7F, 0x00, 0x00, 0xFF}}},
	{{{1276, -64, 3408}, 0, {1008, -16}, {0x7F, 0x00, 0x00, 0xFF}}},
	{{{2717, 723, -275}, 0, {-16, 1008}, {0x00, 0x7F, 0xFD, 0xFF}}},
	{{{2720, 764, 1240}, 0, {1008, 1008}, {0x00, 0x7F, 0xFD, 0xFF}}},
	{{{3320, 764, 1240}, 0, {1008, 1008}, {0x00, 0x7F, 0xFD, 0xFF}}},
	{{{3317, 723, -275}, 0, {1008, -16}, {0x00, 0x7F, 0xFD, 0xFF}}},
	{{{1276, -6, 4591}, 0, {-16, 1008}, {0x00, 0x00, 0x7F, 0xFF}}},
	{{{460, -6, 4591}, 0, {1008, 1008}, {0x00, 0x00, 0x7F, 0xFF}}},
	{{{460, -64, 4591}, 0, {1008, 1008}, {0x00, 0x00, 0x7F, 0xFF}}},
	{{{1276, -64, 4591}, 0, {1008, -16}, {0x00, 0x00, 0x7F, 0xFF}}},
	{{{1276, -64, 3408}, 0, {-16, 1008}, {0x00, 0x81, 0x00, 0xFF}}},
	{{{1276, -64, 4591}, 0, {1008, 1008}, {0x00, 0x81, 0x00, 0xFF}}},
	{{{460, -64, 4591}, 0, {1008, 1008}, {0x00, 0x81, 0x00, 0xFF}}},
	{{{460, -64, 3408}, 0, {1008, -16}, {0x00, 0x81, 0x00, 0xFF}}},
	{{{2717, 723, -275}, 0, {-16, 1008}, {0x00, 0x00, 0x81, 0xFF}}},
	{{{3317, 723, -275}, 0, {1008, 1008}, {0x00, 0x00, 0x81, 0xFF}}},
	{{{3317, 600, -275}, 0, {1008, 1008}, {0x00, 0x00, 0x81, 0xFF}}},
	{{{2717, 600, -275}, 0, {1008, -16}, {0x00, 0x00, 0x81, 0xFF}}},
	{{{2720, 764, 1240}, 0, {-16, 1008}, {0x81, 0x00, 0x00, 0xFF}}},
	{{{2717, 723, -275}, 0, {1008, 1008}, {0x81, 0x00, 0x00, 0xFF}}},
	{{{2717, 600, -275}, 0, {1008, 1008}, {0x81, 0x00, 0x00, 0xFF}}},
	{{{2720, 641, 1240}, 0, {1008, -16}, {0x81, 0x00, 0x00, 0xFF}}},
	{{{3317, 723, -275}, 0, {-16, 1008}, {0x7F, 0x00, 0x00, 0xFF}}},
	{{{3320, 764, 1240}, 0, {1008, 1008}, {0x7F, 0x00, 0x00, 0xFF}}},
	{{{3320, 641, 1240}, 0, {1008, 1008}, {0x7F, 0x00, 0x00, 0xFF}}},
	{{{3317, 600, -275}, 0, {1008, -16}, {0x7F, 0x00, 0x00, 0xFF}}},
	{{{3320, 764, 1240}, 0, {-16, 1008}, {0x00, 0x00, 0x7F, 0xFF}}},
	{{{2720, 764, 1240}, 0, {1008, 1008}, {0x00, 0x00, 0x7F, 0xFF}}},
	{{{2720, 641, 1240}, 0, {1008, 1008}, {0x00, 0x00, 0x7F, 0xFF}}},
	{{{3320, 641, 1240}, 0, {1008, -16}, {0x00, 0x00, 0x7F, 0xFF}}},
	{{{3317, 600, -275}, 0, {-16, 1008}, {0x00, 0x81, 0x03, 0xFF}}},
	{{{3320, 641, 1240}, 0, {1008, 1008}, {0x00, 0x81, 0x03, 0xFF}}},
	{{{2720, 641, 1240}, 0, {1008, 1008}, {0x00, 0x81, 0x03, 0xFF}}},
	{{{2717, 600, -275}, 0, {1008, -16}, {0x00, 0x81, 0x03, 0xFF}}},
	{{{1723, -300, 242}, 0, {-16, 1008}, {0x00, 0x00, 0x81, 0xFF}}},
	{{{2323, -300, 242}, 0, {1008, 1008}, {0x00, 0x00, 0x81, 0xFF}}},
	{{{2323, -385, 242}, 0, {1008, 1008}, {0x00, 0x00, 0x81, 0xFF}}},
	{{{1723, -385, 242}, 0, {1008, -16}, {0x00, 0x00, 0x81, 0xFF}}},
	{{{1723, -300, 842}, 0, {-16, 1008}, {0x81, 0x00, 0x00, 0xFF}}},
	{{{1723, -300, 242}, 0, {1008, 1008}, {0x81, 0x00, 0x00, 0xFF}}},
	{{{1723, -385, 242}, 0, {1008, 1008}, {0x81, 0x00, 0x00, 0xFF}}},
	{{{1723, -385, 842}, 0, {1008, -16}, {0x81, 0x00, 0x00, 0xFF}}},
	{{{2323, -300, 242}, 0, {-16, 1008}, {0x7F, 0x00, 0x00, 0xFF}}},
	{{{2323, -300, 842}, 0, {1008, 1008}, {0x7F, 0x00, 0x00, 0xFF}}},
	{{{2323, -385, 842}, 0, {1008, 1008}, {0x7F, 0x00, 0x00, 0xFF}}},
	{{{2323, -385, 242}, 0, {1008, -16}, {0x7F, 0x00, 0x00, 0xFF}}},
	{{{1813, -150, -427}, 0, {-16, 1008}, {0x00, 0x7F, 0x00, 0xFF}}},
	{{{1813, -150, 173}, 0, {1008, 1008}, {0x00, 0x7F, 0x00, 0xFF}}},
	{{{2413, -150, 173}, 0, {1008, 1008}, {0x00, 0x7F, 0x00, 0xFF}}},
	{{{2413, -150, -427}, 0, {1008, -16}, {0x00, 0x7F, 0x00, 0xFF}}},
	{{{2323, -300, 842}, 0, {-16, 1008}, {0x00, 0x00, 0x7F, 0xFF}}},
	{{{1723, -300, 842}, 0, {1008, 1008}, {0x00, 0x00, 0x7F, 0xFF}}},
	{{{1723, -385, 842}, 0, {1008, 1008}, {0x00, 0x00, 0x7F, 0xFF}}},
	{{{2323, -385, 842}, 0, {1008, -16}, {0x00, 0x00, 0x7F, 0xFF}}},
	{{{2323, -385, 242}, 0, {-16, 1008}, {0x00, 0x81, 0x00, 0xFF}}},
	{{{2323, -385, 842}, 0, {1008, 1008}, {0x00, 0x81, 0x00, 0xFF}}},
	{{{1723, -385, 842}, 0, {1008, 1008}, {0x00, 0x81, 0x00, 0xFF}}},
	{{{1723, -385, 242}, 0, {1008, -16}, {0x00, 0x81, 0x00, 0xFF}}},
	{{{1813, -150, -427}, 0, {-16, 1008}, {0x00, 0x00, 0x81, 0xFF}}},
	{{{2413, -150, -427}, 0, {1008, 1008}, {0x00, 0x00, 0x81, 0xFF}}},
	{{{2413, -238, -427}, 0, {1008, 1008}, {0x00, 0x00, 0x81, 0xFF}}},
	{{{1813, -238, -427}, 0, {1008, -16}, {0x00, 0x00, 0x81, 0xFF}}},
	{{{1813, -150, 173}, 0, {-16, 1008}, {0x81, 0x00, 0x00, 0xFF}}},
	{{{1813, -150, -427}, 0, {1008, 1008}, {0x81, 0x00, 0x00, 0xFF}}},
	{{{1813, -238, -427}, 0, {1008, 1008}, {0x81, 0x00, 0x00, 0xFF}}},
	{{{1813, -238, 173}, 0, {1008, -16}, {0x81, 0x00, 0x00, 0xFF}}},
	{{{2413, -150, -427}, 0, {-16, 1008}, {0x7F, 0x00, 0x00, 0xFF}}},
	{{{2413, -150, 173}, 0, {1008, 1008}, {0x7F, 0x00, 0x00, 0xFF}}},
	{{{2413, -238, 173}, 0, {1008, 1008}, {0x7F, 0x00, 0x00, 0xFF}}},
	{{{2413, -238, -427}, 0, {1008, -16}, {0x7F, 0x00, 0x00, 0xFF}}},
	{{{2413, -150, 173}, 0, {-16, 1008}, {0x00, 0x00, 0x7F, 0xFF}}},
	{{{1813, -150, 173}, 0, {1008, 1008}, {0x00, 0x00, 0x7F, 0xFF}}},
	{{{1813, -238, 173}, 0, {1008, 1008}, {0x00, 0x00, 0x7F, 0xFF}}},
	{{{2413, -238, 173}, 0, {1008, -16}, {0x00, 0x00, 0x7F, 0xFF}}},
	{{{2413, -238, -427}, 0, {-16, 1008}, {0x00, 0x81, 0x00, 0xFF}}},
	{{{2413, -238, 173}, 0, {1008, 1008}, {0x00, 0x81, 0x00, 0xFF}}},
	{{{1813, -238, 173}, 0, {1008, 1008}, {0x00, 0x81, 0x00, 0xFF}}},
	{{{1813, -238, -427}, 0, {1008, -16}, {0x00, 0x81, 0x00, 0xFF}}},
	{{{-80, -500, 1155}, 0, {-16, 1008}, {0x00, 0x7F, 0x00, 0xFF}}},
	{{{-80, -500, 1755}, 0, {1008, 1008}, {0x00, 0x7F, 0x00, 0xFF}}},
	{{{520, -500, 1755}, 0, {1008, 1008}, {0x00, 0x7F, 0x00, 0xFF}}},
	{{{520, -500, 1155}, 0, {1008, -16}, {0x00, 0x7F, 0x00, 0xFF}}},
	{{{-2172, 1544, -323}, 0, {-16, 1008}, {0x00, 0x7F, 0x00, 0xFF}}},
	{{{-2172, 1544, 277}, 0, {1008, 1008}, {0x00, 0x7F, 0x00, 0xFF}}},
	{{{-1572, 1544, 277}, 0, {1008, 1008}, {0x00, 0x7F, 0x00, 0xFF}}},
	{{{-1572, 1544, -323}, 0, {1008, -16}, {0x00, 0x7F, 0x00, 0xFF}}},
	{{{1723, -300, 242}, 0, {-16, 1008}, {0x00, 0x7F, 0x00, 0xFF}}},
	{{{1723, -300, 842}, 0, {1008, 1008}, {0x00, 0x7F, 0x00, 0xFF}}},
	{{{2323, -300, 842}, 0, {1008, 1008}, {0x00, 0x7F, 0x00, 0xFF}}},
	{{{2323, -300, 242}, 0, {1008, -16}, {0x00, 0x7F, 0x00, 0xFF}}},
	{{{682, 300, -683}, 0, {-16, 1008}, {0x00, 0x7F, 0x00, 0xFF}}},
	{{{682, 300, -83}, 0, {1008, 1008}, {0x00, 0x7F, 0x00, 0xFF}}},
	{{{1282, 300, -83}, 0, {1008, 1008}, {0x00, 0x7F, 0x00, 0xFF}}},
	{{{1282, 300, -683}, 0, {1008, -16}, {0x00, 0x7F, 0x00, 0xFF}}},
};

Gfx catamesa_dl_Cube_010_mesh_layer_1_tri_0[] = {
	gsSPVertex(catamesa_dl_Cube_010_mesh_layer_1_vtx_0 + 0, 32, 0),
	gsSP2Triangles(0, 1, 2, 0, 0, 2, 3, 0),
	gsSP2Triangles(4, 5, 6, 0, 4, 6, 7, 0),
	gsSP2Triangles(8, 9, 10, 0, 8, 10, 11, 0),
	gsSP2Triangles(12, 13, 14, 0, 12, 14, 15, 0),
	gsSP2Triangles(16, 17, 18, 0, 16, 18, 19, 0),
	gsSP2Triangles(20, 21, 22, 0, 20, 22, 23, 0),
	gsSP2Triangles(24, 25, 26, 0, 24, 26, 27, 0),
	gsSP2Triangles(28, 29, 30, 0, 28, 30, 31, 0),
	gsSPVertex(catamesa_dl_Cube_010_mesh_layer_1_vtx_0 + 32, 32, 0),
	gsSP2Triangles(0, 1, 2, 0, 0, 2, 3, 0),
	gsSP2Triangles(4, 5, 6, 0, 4, 6, 7, 0),
	gsSP2Triangles(8, 9, 10, 0, 8, 10, 11, 0),
	gsSP2Triangles(12, 13, 14, 0, 12, 14, 15, 0),
	gsSP2Triangles(16, 17, 18, 0, 16, 18, 19, 0),
	gsSP2Triangles(20, 21, 22, 0, 20, 22, 23, 0),
	gsSP2Triangles(24, 25, 26, 0, 24, 26, 27, 0),
	gsSP2Triangles(28, 29, 30, 0, 28, 30, 31, 0),
	gsSPVertex(catamesa_dl_Cube_010_mesh_layer_1_vtx_0 + 64, 32, 0),
	gsSP2Triangles(0, 1, 2, 0, 0, 2, 3, 0),
	gsSP2Triangles(4, 5, 6, 0, 4, 6, 7, 0),
	gsSP2Triangles(8, 9, 10, 0, 8, 10, 11, 0),
	gsSP2Triangles(12, 13, 14, 0, 12, 14, 15, 0),
	gsSP2Triangles(16, 17, 18, 0, 16, 18, 19, 0),
	gsSP2Triangles(20, 21, 22, 0, 20, 22, 23, 0),
	gsSP2Triangles(24, 25, 26, 0, 24, 26, 27, 0),
	gsSP2Triangles(28, 29, 30, 0, 28, 30, 31, 0),
	gsSPVertex(catamesa_dl_Cube_010_mesh_layer_1_vtx_0 + 96, 32, 0),
	gsSP2Triangles(0, 1, 2, 0, 0, 2, 3, 0),
	gsSP2Triangles(4, 5, 6, 0, 4, 6, 7, 0),
	gsSP2Triangles(8, 9, 10, 0, 8, 10, 11, 0),
	gsSP2Triangles(12, 13, 14, 0, 12, 14, 15, 0),
	gsSP2Triangles(16, 17, 18, 0, 16, 18, 19, 0),
	gsSP2Triangles(20, 21, 22, 0, 20, 22, 23, 0),
	gsSP2Triangles(24, 25, 26, 0, 24, 26, 27, 0),
	gsSP2Triangles(28, 29, 30, 0, 28, 30, 31, 0),
	gsSPVertex(catamesa_dl_Cube_010_mesh_layer_1_vtx_0 + 128, 32, 0),
	gsSP2Triangles(0, 1, 2, 0, 0, 2, 3, 0),
	gsSP2Triangles(4, 5, 6, 0, 4, 6, 7, 0),
	gsSP2Triangles(8, 9, 10, 0, 8, 10, 11, 0),
	gsSP2Triangles(12, 13, 14, 0, 12, 14, 15, 0),
	gsSP2Triangles(16, 17, 18, 0, 16, 18, 19, 0),
	gsSP2Triangles(20, 21, 22, 0, 20, 22, 23, 0),
	gsSP2Triangles(24, 25, 26, 0, 24, 26, 27, 0),
	gsSP2Triangles(28, 29, 30, 0, 28, 30, 31, 0),
	gsSPVertex(catamesa_dl_Cube_010_mesh_layer_1_vtx_0 + 160, 32, 0),
	gsSP2Triangles(0, 1, 2, 0, 0, 2, 3, 0),
	gsSP2Triangles(4, 5, 6, 0, 4, 6, 7, 0),
	gsSP2Triangles(8, 9, 10, 0, 8, 10, 11, 0),
	gsSP2Triangles(12, 13, 14, 0, 12, 14, 15, 0),
	gsSP2Triangles(16, 17, 18, 0, 16, 18, 19, 0),
	gsSP2Triangles(20, 21, 22, 0, 20, 22, 23, 0),
	gsSP2Triangles(24, 25, 26, 0, 24, 26, 27, 0),
	gsSP2Triangles(28, 29, 30, 0, 28, 30, 31, 0),
	gsSPVertex(catamesa_dl_Cube_010_mesh_layer_1_vtx_0 + 192, 32, 0),
	gsSP2Triangles(0, 1, 2, 0, 0, 2, 3, 0),
	gsSP2Triangles(4, 5, 6, 0, 4, 6, 7, 0),
	gsSP2Triangles(8, 9, 10, 0, 8, 10, 11, 0),
	gsSP2Triangles(12, 13, 14, 0, 12, 14, 15, 0),
	gsSP2Triangles(16, 17, 18, 0, 16, 18, 19, 0),
	gsSP2Triangles(20, 21, 22, 0, 20, 22, 23, 0),
	gsSP2Triangles(24, 25, 26, 0, 24, 26, 27, 0),
	gsSP2Triangles(28, 29, 30, 0, 28, 30, 31, 0),
	gsSPVertex(catamesa_dl_Cube_010_mesh_layer_1_vtx_0 + 224, 32, 0),
	gsSP2Triangles(0, 1, 2, 0, 0, 2, 3, 0),
	gsSP2Triangles(4, 5, 6, 0, 4, 6, 7, 0),
	gsSP2Triangles(8, 9, 10, 0, 8, 10, 11, 0),
	gsSP2Triangles(12, 13, 14, 0, 12, 14, 15, 0),
	gsSP2Triangles(16, 17, 18, 0, 16, 18, 19, 0),
	gsSP2Triangles(20, 21, 22, 0, 20, 22, 23, 0),
	gsSP2Triangles(24, 25, 26, 0, 24, 26, 27, 0),
	gsSP2Triangles(28, 29, 30, 0, 28, 30, 31, 0),
	gsSPVertex(catamesa_dl_Cube_010_mesh_layer_1_vtx_0 + 256, 32, 0),
	gsSP2Triangles(0, 1, 2, 0, 0, 2, 3, 0),
	gsSP2Triangles(4, 5, 6, 0, 4, 6, 7, 0),
	gsSP2Triangles(8, 9, 10, 0, 8, 10, 11, 0),
	gsSP2Triangles(12, 13, 14, 0, 12, 14, 15, 0),
	gsSP2Triangles(16, 17, 18, 0, 16, 18, 19, 0),
	gsSP2Triangles(20, 21, 22, 0, 20, 22, 23, 0),
	gsSP2Triangles(24, 25, 26, 0, 24, 26, 27, 0),
	gsSP2Triangles(28, 29, 30, 0, 28, 30, 31, 0),
	gsSPVertex(catamesa_dl_Cube_010_mesh_layer_1_vtx_0 + 288, 32, 0),
	gsSP2Triangles(0, 1, 2, 0, 0, 2, 3, 0),
	gsSP2Triangles(4, 5, 6, 0, 4, 6, 7, 0),
	gsSP2Triangles(8, 9, 10, 0, 8, 10, 11, 0),
	gsSP2Triangles(12, 13, 14, 0, 12, 14, 15, 0),
	gsSP2Triangles(16, 17, 18, 0, 16, 18, 19, 0),
	gsSP2Triangles(20, 21, 22, 0, 20, 22, 23, 0),
	gsSP2Triangles(24, 25, 26, 0, 24, 26, 27, 0),
	gsSP2Triangles(28, 29, 30, 0, 28, 30, 31, 0),
	gsSPVertex(catamesa_dl_Cube_010_mesh_layer_1_vtx_0 + 320, 16, 0),
	gsSP2Triangles(0, 1, 2, 0, 0, 2, 3, 0),
	gsSP2Triangles(4, 5, 6, 0, 4, 6, 7, 0),
	gsSP2Triangles(8, 9, 10, 0, 8, 10, 11, 0),
	gsSP2Triangles(12, 13, 14, 0, 12, 14, 15, 0),
	gsSPEndDisplayList(),
};

Vtx catamesa_dl_Plane_002_mesh_layer_4_vtx_cull[8] = {
	{{{-67, 0, 67}, 0, {0, 0}, {0x00, 0x00, 0x00, 0x00}}},
	{{{-67, 0, 67}, 0, {0, 0}, {0x00, 0x00, 0x00, 0x00}}},
	{{{-67, 0, -67}, 0, {0, 0}, {0x00, 0x00, 0x00, 0x00}}},
	{{{-67, 0, -67}, 0, {0, 0}, {0x00, 0x00, 0x00, 0x00}}},
	{{{67, 0, 67}, 0, {0, 0}, {0x00, 0x00, 0x00, 0x00}}},
	{{{67, 0, 67}, 0, {0, 0}, {0x00, 0x00, 0x00, 0x00}}},
	{{{67, 0, -67}, 0, {0, 0}, {0x00, 0x00, 0x00, 0x00}}},
	{{{67, 0, -67}, 0, {0, 0}, {0x00, 0x00, 0x00, 0x00}}},
};

Vtx catamesa_dl_Plane_002_mesh_layer_4_vtx_0[4] = {
	{{{-67, 0, 67}, 0, {-16, 1008}, {0x00, 0x7F, 0x00, 0xFF}}},
	{{{67, 0, 67}, 0, {1008, 1008}, {0x00, 0x7F, 0x00, 0xFF}}},
	{{{67, 0, -67}, 0, {1008, -16}, {0x00, 0x7F, 0x00, 0xFF}}},
	{{{-67, 0, -67}, 0, {-16, -16}, {0x00, 0x7F, 0x00, 0xFF}}},
};

Gfx catamesa_dl_Plane_002_mesh_layer_4_tri_0[] = {
	gsSPVertex(catamesa_dl_Plane_002_mesh_layer_4_vtx_0 + 0, 4, 0),
	gsSP2Triangles(0, 1, 2, 0, 0, 2, 3, 0),
	gsSPEndDisplayList(),
};

Vtx catamesa_dl_Plane_003_mesh_layer_1_vtx_cull[8] = {
	{{{-9017, -10779, 7924}, 0, {0, 0}, {0x00, 0x00, 0x00, 0x00}}},
	{{{-9017, 2533, 7924}, 0, {0, 0}, {0x00, 0x00, 0x00, 0x00}}},
	{{{-9017, 2533, -6060}, 0, {0, 0}, {0x00, 0x00, 0x00, 0x00}}},
	{{{-9017, -10779, -6060}, 0, {0, 0}, {0x00, 0x00, 0x00, 0x00}}},
	{{{10710, -10779, 7924}, 0, {0, 0}, {0x00, 0x00, 0x00, 0x00}}},
	{{{10710, 2533, 7924}, 0, {0, 0}, {0x00, 0x00, 0x00, 0x00}}},
	{{{10710, 2533, -6060}, 0, {0, 0}, {0x00, 0x00, 0x00, 0x00}}},
	{{{10710, -10779, -6060}, 0, {0, 0}, {0x00, 0x00, 0x00, 0x00}}},
};

Vtx catamesa_dl_Plane_003_mesh_layer_1_vtx_0[3523] = {
	{{{2271, -7301, -1299}, 0, {-10800, 7611}, {0x14, 0x7C, 0xF0, 0xFF}}},
	{{{2271, -7249, -888}, 0, {-9465, 7442}, {0x14, 0x7C, 0xF0, 0xFF}}},
	{{{2682, -7315, -888}, 0, {-9465, 7657}, {0x14, 0x7C, 0xF0, 0xFF}}},
	{{{-7057, -5000, 3353}, 0, {4299, 145}, {0x00, 0x7F, 0x00, 0xFF}}},
	{{{-6751, -5000, 3274}, 0, {4044, 145}, {0x00, 0x7F, 0x00, 0xFF}}},
	{{{-7057, -5000, 3274}, 0, {4044, 145}, {0x00, 0x7F, 0x00, 0xFF}}},
	{{{-7057, -5000, 2144}, 0, {376, 145}, {0x00, 0x7F, 0x00, 0xFF}}},
	{{{-7057, -5000, 2223}, 0, {631, 145}, {0x00, 0x7F, 0x00, 0xFF}}},
	{{{-6751, -5000, 2223}, 0, {631, 145}, {0x00, 0x7F, 0x00, 0xFF}}},
	{{{2682, -7301, -1299}, 0, {-10800, 7611}, {0x00, 0x7F, 0x04, 0xFF}}},
	{{{2271, -7301, -1299}, 0, {-10800, 7611}, {0x00, 0x7F, 0x04, 0xFF}}},
	{{{2682, -7315, -888}, 0, {-9465, 7657}, {0x00, 0x7F, 0x04, 0xFF}}},
	{{{7296, -4077, 3999}, 0, {10389, 145}, {0x00, 0x7F, 0x00, 0xFF}}},
	{{{8135, -4077, 3735}, 0, {5539, -2851}, {0x00, 0x7F, 0x00, 0xFF}}},
	{{{7296, -4077, 3903}, 0, {10675, 145}, {0x00, 0x7F, 0x00, 0xFF}}},
	{{{4473, -3124, -38}, 0, {-6708, -6068}, {0xEE, 0x86, 0xE2, 0xFF}}},
	{{{4473, -3071, -258}, 0, {-7422, -6241}, {0xEE, 0x86, 0xE2, 0xFF}}},
	{{{4776, -3165, -53}, 0, {-6754, -5934}, {0xEE, 0x86, 0xE2, 0xFF}}},
	{{{-2537, -5751, 2288}, 0, {842, 2581}, {0x81, 0x00, 0x00, 0xFF}}},
	{{{-2537, -5751, 3209}, 0, {3832, 2581}, {0x81, 0x00, 0x00, 0xFF}}},
	{{{-2537, -5158, 3209}, 0, {3832, 657}, {0x81, 0x00, 0x00, 0xFF}}},
	{{{-2537, -5158, 2288}, 0, {842, 657}, {0x81, 0x00, 0x00, 0xFF}}},
	{{{2563, -8023, 2402}, 0, {1213, 9955}, {0x81, 0x00, 0x00, 0xFF}}},
	{{{2563, -7150, 2402}, 0, {1213, 7123}, {0x81, 0x00, 0x00, 0xFF}}},
	{{{2563, -7150, 2217}, 0, {612, 7123}, {0x81, 0x00, 0x00, 0xFF}}},
	{{{2563, -8023, 2217}, 0, {612, 9955}, {0x81, 0x00, 0x00, 0xFF}}},
	{{{6783, -5605, 2402}, 0, {1213, 2108}, {0x2C, 0x89, 0x00, 0xFF}}},
	{{{6783, -5605, 3095}, 0, {3461, 2108}, {0x2C, 0x89, 0x00, 0xFF}}},
	{{{2563, -7150, 3095}, 0, {3461, 7123}, {0x2C, 0x89, 0x00, 0xFF}}},
	{{{2563, -7150, 2402}, 0, {1213, 7123}, {0x2C, 0x89, 0x00, 0xFF}}},
	{{{860, -7150, 2402}, 0, {1213, 7123}, {0x7F, 0x00, 0x00, 0xFF}}},
	{{{860, -8023, 2402}, 0, {1213, 9955}, {0x7F, 0x00, 0x00, 0xFF}}},
	{{{860, -8023, 2217}, 0, {612, 9955}, {0x7F, 0x00, 0x00, 0xFF}}},
	{{{860, -7150, 2217}, 0, {612, 7123}, {0x7F, 0x00, 0x00, 0xFF}}},
	{{{2563, -7150, 2402}, 0, {1213, 7123}, {0x00, 0x81, 0x00, 0xFF}}},
	{{{860, -7150, 2217}, 0, {612, 7123}, {0x00, 0x81, 0x00, 0xFF}}},
	{{{2563, -7150, 2217}, 0, {612, 7123}, {0x00, 0x81, 0x00, 0xFF}}},
	{{{860, -7150, 2402}, 0, {1213, 7123}, {0x00, 0x81, 0x00, 0xFF}}},
	{{{860, -7150, 3095}, 0, {3461, 7123}, {0x00, 0x81, 0x00, 0xFF}}},
	{{{2563, -7150, 3095}, 0, {3461, 7123}, {0x00, 0x81, 0x00, 0xFF}}},
	{{{2001, -7150, 3311}, 0, {4163, 7123}, {0x00, 0x81, 0x00, 0xFF}}},
	{{{1422, -7150, 3311}, 0, {4163, 7123}, {0x00, 0x81, 0x00, 0xFF}}},
	{{{2001, -7150, 3460}, 0, {4492, 7123}, {0x00, 0x81, 0x00, 0xFF}}},
	{{{1422, -7150, 3460}, 0, {4492, 7123}, {0x00, 0x81, 0x00, 0xFF}}},
	{{{-529, -7150, 3095}, 0, {3461, 7123}, {0x00, 0x81, 0x00, 0xFF}}},
	{{{-529, -7150, 2402}, 0, {1213, 7123}, {0x00, 0x81, 0x00, 0xFF}}},
	{{{-2252, -4832, -453}, 0, {-8055, -402}, {0x73, 0x00, 0x35, 0xFF}}},
	{{{-2252, -5742, -453}, 0, {-8055, 2551}, {0x73, 0x00, 0x35, 0xFF}}},
	{{{-1357, -5036, -2401}, 0, {-14378, 261}, {0x7B, 0x00, 0x1E, 0xFF}}},
	{{{-1357, -4126, -2401}, 0, {-14378, -2692}, {0x7C, 0x00, 0x1B, 0xFF}}},
	{{{-1357, -5036, -3129}, 0, {-16740, 261}, {0x7F, 0x00, 0x05, 0xFF}}},
	{{{-1357, -4126, -3129}, 0, {-16740, -2692}, {0x7F, 0x00, 0x03, 0xFF}}},
	{{{-1302, -5036, -3857}, 0, {-19102, 261}, {0x7F, 0x00, 0x09, 0xFF}}},
	{{{-1302, -4126, -3857}, 0, {-19102, -2692}, {0x7F, 0x00, 0x09, 0xFF}}},
	{{{-1357, -2051, -2401}, 0, {-14378, -9427}, {0x7F, 0x00, 0x00, 0xFF}}},
	{{{-1357, -2730, -3129}, 0, {-16740, -7223}, {0x7F, 0x00, 0x00, 0xFF}}},
	{{{-1357, -2051, -2401}, 0, {-14378, -9427}, {0x73, 0x00, 0x35, 0xFF}}},
	{{{-2252, -2051, -453}, 0, {-8055, -9427}, {0x73, 0x00, 0x35, 0xFF}}},
	{{{4473, -5427, -3357}, 0, {-17478, 1530}, {0x00, 0x81, 0x00, 0xFF}}},
	{{{2682, -5427, -3357}, 0, {-17478, 1530}, {0x00, 0x81, 0x00, 0xFF}}},
	{{{2464, -5427, -3607}, 0, {-18290, 1530}, {0x00, 0x81, 0x00, 0xFF}}},
	{{{4635, -5427, -3607}, 0, {-18290, 1530}, {0x00, 0x81, 0x00, 0xFF}}},
	{{{4635, -5427, -3607}, 0, {-18290, 1530}, {0x00, 0x81, 0x00, 0xFF}}},
	{{{2464, -5427, -3607}, 0, {-18290, 1530}, {0x00, 0x81, 0x00, 0xFF}}},
	{{{2464, -5427, -4821}, 0, {-22231, 1530}, {0x00, 0x81, 0x00, 0xFF}}},
	{{{1186, -5427, -4821}, 0, {-22231, 1530}, {0x00, 0x81, 0x00, 0xFF}}},
	{{{1186, -5427, -3857}, 0, {-19102, 1530}, {0x00, 0x81, 0x00, 0xFF}}},
	{{{1186, -5427, -3607}, 0, {-18290, 1530}, {0x00, 0x81, 0x00, 0xFF}}},
	{{{1064, -5427, -3857}, 0, {-19102, 1530}, {0x00, 0x81, 0x00, 0xFF}}},
	{{{1064, -5427, -4821}, 0, {-22231, 1530}, {0x00, 0x81, 0x00, 0xFF}}},
	{{{4635, -5427, -4821}, 0, {-22231, 1530}, {0x00, 0x81, 0x00, 0xFF}}},
	{{{2271, -968, -3357}, 0, {-17478, -8092}, {0x81, 0x00, 0x00, 0xFF}}},
	{{{2271, -10779, -3357}, 0, {-17478, 18899}, {0x81, 0x00, 0x00, 0xFF}}},
	{{{2271, -10779, -3126}, 0, {-16730, 18899}, {0x81, 0x00, 0x00, 0xFF}}},
	{{{2271, -968, -3126}, 0, {-16730, -8092}, {0x81, 0x00, 0x00, 0xFF}}},
	{{{1186, -5427, -3607}, 0, {-18290, 1530}, {0x7F, 0x00, 0x00, 0xFF}}},
	{{{1186, -6449, -3607}, 0, {-18290, 4848}, {0x7F, 0x00, 0x00, 0xFF}}},
	{{{1186, -6449, -3857}, 0, {-19102, 4848}, {0x7F, 0x00, 0x00, 0xFF}}},
	{{{1186, -5427, -3857}, 0, {-19102, 1530}, {0x7F, 0x00, 0x00, 0xFF}}},
	{{{4473, -6449, -3357}, 0, {-17478, 4848}, {0x95, 0x00, 0xBB, 0xFF}}},
	{{{4473, -5427, -3357}, 0, {-17478, 1530}, {0x95, 0x00, 0xBB, 0xFF}}},
	{{{4635, -5427, -3607}, 0, {-18290, 1530}, {0x86, 0x00, 0xDC, 0xFF}}},
	{{{4635, -6449, -3607}, 0, {-18290, 4848}, {0x86, 0x00, 0xDC, 0xFF}}},
	{{{4635, -5427, -4821}, 0, {-22231, 1530}, {0x81, 0x00, 0x00, 0xFF}}},
	{{{4635, -6449, -4821}, 0, {-22231, 4848}, {0x81, 0x00, 0x00, 0xFF}}},
	{{{465, -5742, -453}, 0, {-8055, 2551}, {0x00, 0x77, 0x2B, 0xFF}}},
	{{{465, -5036, -2401}, 0, {-14378, 261}, {0x00, 0x77, 0x2B, 0xFF}}},
	{{{362, -5036, -2401}, 0, {-14378, 261}, {0x00, 0x77, 0x2B, 0xFF}}},
	{{{362, -5742, -453}, 0, {-8055, 2551}, {0x00, 0x77, 0x2B, 0xFF}}},
	{{{465, -5036, -2401}, 0, {-14378, 261}, {0x00, 0x00, 0x7F, 0xFF}}},
	{{{465, -4126, -2401}, 0, {-14378, -2692}, {0x00, 0x00, 0x7F, 0xFF}}},
	{{{362, -4126, -2401}, 0, {-14378, -2692}, {0x00, 0x00, 0x7F, 0xFF}}},
	{{{362, -5036, -2401}, 0, {-14378, 261}, {0x00, 0x00, 0x7F, 0xFF}}},
	{{{465, -4126, -2401}, 0, {-14378, -2692}, {0x00, 0x89, 0xD5, 0xFF}}},
	{{{465, -4832, -453}, 0, {-8055, -402}, {0x00, 0x89, 0xD5, 0xFF}}},
	{{{362, -4832, -453}, 0, {-8055, -402}, {0x00, 0x89, 0xD5, 0xFF}}},
	{{{362, -4126, -2401}, 0, {-14378, -2692}, {0x00, 0x89, 0xD5, 0xFF}}},
	{{{465, -4832, -453}, 0, {-8055, -402}, {0x00, 0x00, 0x81, 0xFF}}},
	{{{465, -5742, -453}, 0, {-8055, 2551}, {0x00, 0x00, 0x81, 0xFF}}},
	{{{362, -5742, -453}, 0, {-8055, 2551}, {0x00, 0x00, 0x81, 0xFF}}},
	{{{362, -4832, -453}, 0, {-8055, -402}, {0x00, 0x00, 0x81, 0xFF}}},
	{{{-2252, -4812, 2217}, 0, {612, -466}, {0x00, 0x81, 0x00, 0xFF}}},
	{{{362, -4812, 2217}, 0, {612, -466}, {0x00, 0x81, 0x00, 0xFF}}},
	{{{362, -4812, 5331}, 0, {11983, -466}, {0x00, 0x81, 0x00, 0xFF}}},
	{{{-2252, -4812, 5331}, 0, {11983, -466}, {0x00, 0x81, 0x00, 0xFF}}},
	{{{312, -4812, 5840}, 0, {17770, -466}, {0x00, 0x81, 0x00, 0xFF}}},
	{{{966, -4812, 5720}, 0, {11983, -466}, {0x00, 0x81, 0x00, 0xFF}}},
	{{{-2252, -4812, 5840}, 0, {17770, -466}, {0x00, 0x81, 0x00, 0xFF}}},
	{{{-2252, -6449, 5331}, 0, {11983, 4848}, {0x7F, 0x00, 0x00, 0xFF}}},
	{{{-2252, -4812, 5840}, 0, {17770, -466}, {0x7F, 0x00, 0x00, 0xFF}}},
	{{{-2252, -6449, 5840}, 0, {17770, 4848}, {0x7F, 0x00, 0x00, 0xFF}}},
	{{{-2252, -4812, 5331}, 0, {11983, -466}, {0x7F, 0x00, 0x00, 0xFF}}},
	{{{-2252, -7039, 3198}, 0, {3797, 6763}, {0x7F, 0x00, 0x00, 0xFF}}},
	{{{-2252, -7871, 3198}, 0, {3797, 9464}, {0x7F, 0x00, 0x00, 0xFF}}},
	{{{-2252, -10779, 5331}, 0, {11983, 18899}, {0x7F, 0x00, 0x00, 0xFF}}},
	{{{-2252, -7871, 2299}, 0, {878, 9464}, {0x7F, 0x00, 0x00, 0xFF}}},
	{{{-2252, -10779, 1002}, 0, {-3330, 18899}, {0x7F, 0x00, 0x00, 0xFF}}},
	{{{-2252, -7039, 2299}, 0, {878, 6763}, {0x7F, 0x00, 0x00, 0xFF}}},
	{{{-2252, -6449, 1002}, 0, {-3330, 4848}, {0x7F, 0x00, 0x00, 0xFF}}},
	{{{-2252, -4812, 2217}, 0, {612, -466}, {0x7F, 0x00, 0x00, 0xFF}}},
	{{{-2252, -4703, 1183}, 0, {-2743, -821}, {0x7F, 0x00, 0x00, 0xFF}}},
	{{{-2252, -5742, -453}, 0, {-8055, 2551}, {0x7F, 0x00, 0x00, 0xFF}}},
	{{{-2252, -4703, 180}, 0, {-6001, -821}, {0x7F, 0x00, 0x00, 0xFF}}},
	{{{-2252, -4832, -453}, 0, {-8055, -402}, {0x7F, 0x00, 0x00, 0xFF}}},
	{{{-2252, -3631, 180}, 0, {-6000, -4299}, {0x7F, 0x00, 0x00, 0xFF}}},
	{{{-2252, -3631, 180}, 0, {-6000, -4299}, {0x7F, 0x00, 0x00, 0xFF}}},
	{{{-2252, -4832, -453}, 0, {-8055, -402}, {0x7F, 0x00, 0x00, 0xFF}}},
	{{{-2252, -2051, -453}, 0, {-8055, -9427}, {0x7F, 0x00, 0x00, 0xFF}}},
	{{{-2252, -3631, 1183}, 0, {-2743, -4299}, {0x7F, 0x00, 0x00, 0xFF}}},
	{{{-2252, -2051, 2217}, 0, {612, -9427}, {0x7F, 0x00, 0x00, 0xFF}}},
	{{{-2252, -4703, 1183}, 0, {-2743, -821}, {0x7F, 0x00, 0x00, 0xFF}}},
	{{{-2252, -4812, 2217}, 0, {612, -466}, {0x7F, 0x00, 0x00, 0xFF}}},
	{{{-2252, -7039, 3198}, 0, {3797, 6763}, {0x7F, 0x00, 0x00, 0xFF}}},
	{{{-2252, -7039, 2299}, 0, {878, 6763}, {0x7F, 0x00, 0x00, 0xFF}}},
	{{{-2252, -4812, 5331}, 0, {11983, -466}, {0x7F, 0x00, 0x00, 0xFF}}},
	{{{8471, -7237, 7503}, 0, {17770, 7403}, {0x81, 0x00, 0x00, 0xFF}}},
	{{{8471, -10779, 5720}, 0, {11983, 18899}, {0x81, 0x00, 0x00, 0xFF}}},
	{{{8471, -10779, 7503}, 0, {17770, 18899}, {0x81, 0x00, 0x00, 0xFF}}},
	{{{8471, -7914, 5720}, 0, {11983, 9603}, {0x81, 0x00, 0x00, 0xFF}}},
	{{{8471, -6995, 7203}, 0, {16794, 6619}, {0x81, 0x00, 0x00, 0xFF}}},
	{{{8471, -5804, 7503}, 0, {17770, 2754}, {0x81, 0x00, 0x00, 0xFF}}},
	{{{8471, -6380, 7203}, 0, {16794, 4621}, {0x81, 0x00, 0x00, 0xFF}}},
	{{{8471, -5837, 7463}, 0, {17638, 2860}, {0x81, 0x00, 0x00, 0xFF}}},
	{{{8471, -5842, 5720}, 0, {11983, 2875}, {0x81, 0x00, 0x00, 0xFF}}},
	{{{8471, -5294, 7503}, 0, {17770, 1097}, {0x81, 0x00, 0x00, 0xFF}}},
	{{{8471, -5294, 5720}, 0, {11983, 1097}, {0x81, 0x00, 0x00, 0xFF}}},
	{{{8471, -5002, 7026}, 0, {16221, 151}, {0x81, 0x00, 0x00, 0xFF}}},
	{{{8471, -5002, 6198}, 0, {13532, 151}, {0x81, 0x00, 0x00, 0xFF}}},
	{{{8471, -6046, 6355}, 0, {14042, 3538}, {0x81, 0x00, 0x00, 0xFF}}},
	{{{8471, -5858, 5745}, 0, {12063, 2930}, {0x81, 0x00, 0x00, 0xFF}}},
	{{{8471, -6380, 6021}, 0, {12959, 4621}, {0x81, 0x00, 0x00, 0xFF}}},
	{{{8471, -6995, 6021}, 0, {12959, 6619}, {0x81, 0x00, 0x00, 0xFF}}},
	{{{8471, -6046, 6355}, 0, {12959, 3538}, {0x81, 0x00, 0x00, 0xFF}}},
	{{{8471, -6046, 6869}, 0, {15711, 3538}, {0x81, 0x00, 0x00, 0xFF}}},
	{{{8471, -6046, 6869}, 0, {16794, 3538}, {0x81, 0x00, 0x00, 0xFF}}},
	{{{4359, -6311, 7503}, 0, {17770, 4398}, {0xEC, 0x83, 0x00, 0xFF}}},
	{{{5603, -6311, 5720}, 0, {11983, 4398}, {0x00, 0x81, 0x00, 0xFF}}},
	{{{5603, -6311, 7503}, 0, {17770, 4398}, {0x00, 0x81, 0x00, 0xFF}}},
	{{{4359, -6311, 5720}, 0, {11983, 4398}, {0xEC, 0x83, 0x00, 0xFF}}},
	{{{3302, -5971, 7503}, 0, {17770, 3296}, {0xCF, 0x8B, 0x00, 0xFF}}},
	{{{3302, -5971, 5720}, 0, {11983, 3296}, {0xCF, 0x8B, 0x00, 0xFF}}},
	{{{3115, -5872, 7191}, 0, {16758, 2974}, {0xC5, 0x8F, 0x00, 0xFF}}},
	{{{1243, -4911, 7191}, 0, {16758, -144}, {0xC5, 0x8F, 0x00, 0xFF}}},
	{{{1056, -4812, 7503}, 0, {17770, -466}, {0xE2, 0x85, 0x00, 0xFF}}},
	{{{1243, -4911, 6031}, 0, {12993, -144}, {0xC5, 0x8F, 0x00, 0xFF}}},
	{{{1056, -4812, 6612}, 0, {14877, -466}, {0xD7, 0x88, 0x00, 0xFF}}},
	{{{966, -4812, 6612}, 0, {14877, -466}, {0x00, 0x81, 0x00, 0xFF}}},
	{{{417, -4812, 7503}, 0, {17770, -466}, {0x00, 0x81, 0x00, 0xFF}}},
	{{{417, -4812, 6269}, 0, {17770, -466}, {0x00, 0x81, 0x00, 0xFF}}},
	{{{966, -4812, 6264}, 0, {14153, -466}, {0x00, 0x81, 0x00, 0xFF}}},
	{{{1056, -4812, 5720}, 0, {11983, -466}, {0xC5, 0x8F, 0x00, 0xFF}}},
	{{{3115, -5872, 6031}, 0, {12993, 2974}, {0xC5, 0x8F, 0x00, 0xFF}}},
	{{{8471, -6046, 6869}, 0, {15711, 3538}, {0x00, 0x81, 0x00, 0xFF}}},
	{{{8471, -6046, 6355}, 0, {14042, 3538}, {0x00, 0x81, 0x00, 0xFF}}},
	{{{8740, -6046, 6355}, 0, {14042, 3538}, {0x00, 0x81, 0x00, 0xFF}}},
	{{{8740, -6046, 6869}, 0, {15711, 3538}, {0x00, 0x81, 0x00, 0xFF}}},
	{{{7086, -7255, 4114}, 0, {6771, 7462}, {0x00, 0x81, 0x05, 0xFF}}},
	{{{7086, -7163, 3318}, 0, {4186, 7165}, {0x00, 0x82, 0xF2, 0xFF}}},
	{{{7743, -7163, 3318}, 0, {4186, 7165}, {0x00, 0x82, 0xF2, 0xFF}}},
	{{{7743, -7255, 4114}, 0, {6771, 7462}, {0x00, 0x81, 0x05, 0xFF}}},
	{{{5603, -6311, 7503}, 0, {17770, 4398}, {0x7F, 0x00, 0x00, 0xFF}}},
	{{{5603, -6311, 5720}, 0, {11983, 4398}, {0x7F, 0x00, 0x00, 0xFF}}},
	{{{5603, -5294, 5720}, 0, {11983, 1097}, {0x7F, 0x00, 0x00, 0xFF}}},
	{{{5603, -5294, 7503}, 0, {17770, 1097}, {0x7F, 0x00, 0x00, 0xFF}}},
	{{{5603, -5002, 6198}, 0, {13532, 151}, {0x7F, 0x00, 0x00, 0xFF}}},
	{{{5603, -5002, 7026}, 0, {16221, 151}, {0x7F, 0x00, 0x00, 0xFF}}},
	{{{5603, -4736, 6198}, 0, {13532, -712}, {0x7F, 0x00, 0x00, 0xFF}}},
	{{{5603, -4736, 6198}, 0, {13532, -712}, {0x7F, 0x00, 0x00, 0xFF}}},
	{{{5603, -4736, 7026}, 0, {16221, -712}, {0x7F, 0x00, 0x00, 0xFF}}},
	{{{5603, -5002, 7026}, 0, {16221, 151}, {0x7F, 0x00, 0x00, 0xFF}}},
	{{{5603, -4045, 6239}, 0, {13668, -2956}, {0x7F, 0x00, 0x00, 0xFF}}},
	{{{5603, -3132, 6239}, 0, {13668, -5920}, {0x7F, 0x00, 0x00, 0xFF}}},
	{{{5603, -1009, 5299}, 0, {10616, -12810}, {0x7F, 0x00, 0x00, 0xFF}}},
	{{{5603, -3132, 6983}, 0, {16083, -5920}, {0x7F, 0x00, 0x00, 0xFF}}},
	{{{5603, -1009, 7924}, 0, {19137, -12810}, {0x7F, 0x00, 0x00, 0xFF}}},
	{{{5603, -4045, 6983}, 0, {16083, -2956}, {0x7F, 0x00, 0x00, 0xFF}}},
	{{{5603, -7614, 5720}, 0, {11983, 9235}, {0x7F, 0x00, 0x00, 0xFF}}},
	{{{5603, -7614, 7503}, 0, {17770, 9235}, {0x7F, 0x00, 0x00, 0xFF}}},
	{{{5603, -10779, 7503}, 0, {17770, 18899}, {0x7F, 0x00, 0x00, 0xFF}}},
	{{{5603, -10779, 5720}, 0, {11983, 18899}, {0x7F, 0x00, 0x00, 0xFF}}},
	{{{-2045, -7150, 2402}, 0, {1213, 7123}, {0x00, 0x81, 0x00, 0xFF}}},
	{{{-2537, -7150, 3095}, 0, {3461, 7123}, {0x00, 0x81, 0x00, 0xFF}}},
	{{{-2537, -7150, 2402}, 0, {1213, 7123}, {0x00, 0x81, 0x00, 0xFF}}},
	{{{-2045, -7150, 3095}, 0, {3461, 7123}, {0x00, 0x81, 0x00, 0xFF}}},
	{{{-608, -7150, 2402}, 0, {1213, 7123}, {0x00, 0x81, 0x00, 0xFF}}},
	{{{-608, -7150, 3095}, 0, {3461, 7123}, {0x00, 0x81, 0x00, 0xFF}}},
	{{{-3878, -7755, 3234}, 0, {3913, 9085}, {0x7F, 0x00, 0x00, 0xFF}}},
	{{{-3878, -7761, 2263}, 0, {762, 9104}, {0x7F, 0x00, 0x00, 0xFF}}},
	{{{-3878, -5158, 2263}, 0, {762, 657}, {0x7F, 0x00, 0x00, 0xFF}}},
	{{{-3878, -5158, 3234}, 0, {3913, 657}, {0x7F, 0x00, 0x00, 0xFF}}},
	{{{460, -8023, 3095}, 0, {3461, 9955}, {0x7F, 0x00, 0x00, 0xFF}}},
	{{{460, -8023, 2402}, 0, {1213, 9955}, {0x7F, 0x00, 0x00, 0xFF}}},
	{{{460, -7761, 2402}, 0, {1213, 9104}, {0x7F, 0x00, 0x00, 0xFF}}},
	{{{460, -7761, 3095}, 0, {3461, 9104}, {0x7F, 0x00, 0x00, 0xFF}}},
	{{{-3477, -5158, 2263}, 0, {762, 657}, {0x7F, 0x00, 0x00, 0xFF}}},
	{{{-3477, -7761, 2263}, 0, {762, 9104}, {0x7F, 0x00, 0x00, 0xFF}}},
	{{{-3477, -7761, 1948}, 0, {-259, 9104}, {0x7F, 0x00, 0x00, 0xFF}}},
	{{{-3477, -5158, 1948}, 0, {-259, 657}, {0x7F, 0x00, 0x00, 0xFF}}},
	{{{-3477, -7761, 3234}, 0, {3913, 9104}, {0x7F, 0x00, 0x00, 0xFF}}},
	{{{-3477, -5158, 3234}, 0, {3913, 657}, {0x7F, 0x00, 0x00, 0xFF}}},
	{{{-3477, -5158, 3549}, 0, {4934, 657}, {0x7F, 0x00, 0x00, 0xFF}}},
	{{{-3477, -7761, 3549}, 0, {4934, 9104}, {0x7F, 0x00, 0x00, 0xFF}}},
	{{{-3048, -5906, 2288}, 0, {842, 3086}, {0x81, 0x00, 0x00, 0xFF}}},
	{{{-3048, -5158, 2288}, 0, {842, 657}, {0x81, 0x00, 0x00, 0xFF}}},
	{{{-3048, -5158, 1948}, 0, {-259, 657}, {0x81, 0x00, 0x00, 0xFF}}},
	{{{-3048, -7761, 2288}, 0, {842, 9104}, {0x81, 0x00, 0x00, 0xFF}}},
	{{{-3048, -7761, 1948}, 0, {-259, 9104}, {0x81, 0x00, 0x00, 0xFF}}},
	{{{-3048, -7829, 1948}, 0, {-259, 9325}, {0x81, 0x00, 0x00, 0xFF}}},
	{{{-3048, -7829, 2288}, 0, {842, 9325}, {0x81, 0x00, 0x00, 0xFF}}},
	{{{-3048, -7761, 2589}, 0, {1821, 9104}, {0x81, 0x00, 0x00, 0xFF}}},
	{{{-3048, -7829, 2589}, 0, {1821, 9325}, {0x81, 0x00, 0x00, 0xFF}}},
	{{{-2537, -5906, 3209}, 0, {3832, 3086}, {0x81, 0x00, 0x00, 0xFF}}},
	{{{-2537, -7761, 3095}, 0, {3461, 9104}, {0x81, 0x00, 0x00, 0xFF}}},
	{{{-2537, -7761, 3209}, 0, {3832, 9104}, {0x81, 0x00, 0x00, 0xFF}}},
	{{{-2537, -7150, 3095}, 0, {3461, 7123}, {0x81, 0x00, 0x00, 0xFF}}},
	{{{-2537, -7150, 2402}, 0, {1213, 7123}, {0x81, 0x00, 0x00, 0xFF}}},
	{{{-2537, -5906, 2288}, 0, {842, 3086}, {0x81, 0x00, 0x00, 0xFF}}},
	{{{-2537, -7761, 2288}, 0, {842, 9104}, {0x81, 0x00, 0x00, 0xFF}}},
	{{{-2537, -7761, 2402}, 0, {1213, 9104}, {0x81, 0x00, 0x00, 0xFF}}},
	{{{-2344, -5158, 1726}, 0, {-980, 657}, {0x81, 0x00, 0x00, 0xFF}}},
	{{{-2344, -5158, 3771}, 0, {5655, 657}, {0x81, 0x00, 0x00, 0xFF}}},
	{{{-2344, -5000, 3959}, 0, {6268, 145}, {0x81, 0x00, 0x00, 0xFF}}},
	{{{-2344, -5000, 1538}, 0, {-1593, 145}, {0x81, 0x00, 0x00, 0xFF}}},
	{{{-2344, -281, 2748}, 0, {2337, -15171}, {0x81, 0x00, 0x00, 0xFF}}},
	{{{-2344, -5000, 4314}, 0, {7418, 145}, {0x81, 0x00, 0x00, 0xFF}}},
	{{{-2344, -3631, 4314}, 0, {7418, -4299}, {0x81, 0x00, 0x00, 0xFF}}},
	{{{-2344, -281, 4360}, 0, {7568, -15171}, {0x81, 0x00, 0x00, 0xFF}}},
	{{{-2344, -3631, 5317}, 0, {10675, -4299}, {0x81, 0x00, 0x00, 0xFF}}},
	{{{-2344, -2265, 5840}, 0, {12371, -8732}, {0x81, 0x00, 0x00, 0xFF}}},
	{{{-2344, -5000, 5317}, 0, {10675, 145}, {0x81, 0x00, 0x00, 0xFF}}},
	{{{-2344, -2265, 5840}, 0, {12371, -8732}, {0x81, 0x00, 0x00, 0xFF}}},
	{{{-2344, -5000, 5317}, 0, {10675, 145}, {0x81, 0x00, 0x00, 0xFF}}},
	{{{-2344, -5000, 5840}, 0, {12371, 145}, {0x81, 0x00, 0x00, 0xFF}}},
	{{{-2344, -5000, 1183}, 0, {-2743, 145}, {0x81, 0x00, 0x00, 0xFF}}},
	{{{-2344, -5000, 1538}, 0, {-1593, 145}, {0x81, 0x00, 0x00, 0xFF}}},
	{{{-2344, -281, 2748}, 0, {2337, -15171}, {0x81, 0x00, 0x00, 0xFF}}},
	{{{-2344, -3631, 1183}, 0, {-2743, -4299}, {0x81, 0x00, 0x00, 0xFF}}},
	{{{-2344, -281, 1137}, 0, {-2893, -15171}, {0x81, 0x00, 0x00, 0xFF}}},
	{{{-2344, -3631, 180}, 0, {-6000, -4299}, {0x81, 0x00, 0x00, 0xFF}}},
	{{{-2344, -2265, -343}, 0, {-7696, -8732}, {0x81, 0x00, 0x00, 0xFF}}},
	{{{-2344, -5000, 180}, 0, {-6001, 145}, {0x81, 0x00, 0x00, 0xFF}}},
	{{{-2344, -5000, -343}, 0, {-7696, 145}, {0x81, 0x00, 0x00, 0xFF}}},
	{{{-3915, -2679, -343}, 0, {-7696, -7390}, {0x7F, 0x00, 0x00, 0xFF}}},
	{{{-3915, -3620, -343}, 0, {-7696, -4336}, {0x7F, 0x00, 0x00, 0xFF}}},
	{{{-3915, -3620, -537}, 0, {-8325, -4336}, {0x7F, 0x00, 0x00, 0xFF}}},
	{{{-3915, -2679, -537}, 0, {-8325, -7390}, {0x7F, 0x00, 0x00, 0xFF}}},
	{{{-3915, -3620, 6031}, 0, {12993, -4336}, {0x7F, 0x00, 0x00, 0xFF}}},
	{{{-3915, -2679, 7191}, 0, {16758, -7390}, {0x7F, 0x00, 0x00, 0xFF}}},
	{{{-3915, -3620, 7191}, 0, {16758, -4336}, {0x7F, 0x00, 0x00, 0xFF}}},
	{{{-3915, -2679, 6031}, 0, {12993, -7390}, {0x7F, 0x00, 0x00, 0xFF}}},
	{{{-3915, -3620, 5840}, 0, {12371, -4336}, {0x7F, 0x00, 0x00, 0xFF}}},
	{{{-3915, -2679, 5840}, 0, {12371, -7390}, {0x7F, 0x00, 0x00, 0xFF}}},
	{{{-3915, -2679, 6031}, 0, {12993, -7390}, {0x00, 0x81, 0x00, 0xFF}}},
	{{{-2790, -2679, 7191}, 0, {16758, -7390}, {0x00, 0x81, 0x00, 0xFF}}},
	{{{-3915, -2679, 7191}, 0, {16758, -7390}, {0x00, 0x81, 0x00, 0xFF}}},
	{{{-2790, -2679, 6031}, 0, {12993, -7390}, {0x00, 0x81, 0x00, 0xFF}}},
	{{{-3915, -2679, 5840}, 0, {12371, -7390}, {0x00, 0x81, 0x00, 0xFF}}},
	{{{-2790, -2679, 5840}, 0, {12371, -7390}, {0x00, 0x81, 0x00, 0xFF}}},
	{{{3996, -7614, 7503}, 0, {17770, 9235}, {0x81, 0x00, 0x00, 0xFF}}},
	{{{3996, -7614, 5720}, 0, {11983, 9235}, {0x81, 0x00, 0x00, 0xFF}}},
	{{{3996, -10779, 5720}, 0, {11983, 18899}, {0x81, 0x00, 0x00, 0xFF}}},
	{{{3996, -10779, 7503}, 0, {17770, 18899}, {0x81, 0x00, 0x00, 0xFF}}},
	{{{1056, -6449, 6619}, 0, {14877, 5754}, {0x7F, 0x00, 0x00, 0xFF}}},
	{{{1056, -6449, 7503}, 0, {17770, 5754}, {0x7F, 0x00, 0x00, 0xFF}}},
	{{{1056, -10779, 7503}, 0, {17770, 18899}, {0x7F, 0x00, 0x00, 0xFF}}},
	{{{1056, -10779, 5720}, 0, {11983, 18899}, {0x7F, 0x00, 0x00, 0xFF}}},
	{{{1056, -6449, 5720}, 0, {11983, 5754}, {0x7F, 0x00, 0x00, 0xFF}}},
	{{{1056, -4812, 5720}, 0, {11983, -466}, {0x7F, 0x00, 0x00, 0xFF}}},
	{{{1056, -4812, 6612}, 0, {14877, -466}, {0x7F, 0x00, 0x00, 0xFF}}},
	{{{-2790, -2679, 5840}, 0, {12371, -7390}, {0x81, 0x00, 0x00, 0xFF}}},
	{{{-2790, -3620, 5840}, 0, {12371, -4336}, {0x81, 0x00, 0x00, 0xFF}}},
	{{{-2790, -3620, 6031}, 0, {12993, -4336}, {0x81, 0x00, 0x00, 0xFF}}},
	{{{-2790, -2679, 6031}, 0, {12993, -7390}, {0x81, 0x00, 0x00, 0xFF}}},
	{{{1243, -4911, 7191}, 0, {16758, -144}, {0x7F, 0x00, 0x00, 0xFF}}},
	{{{1243, -4911, 6031}, 0, {12993, -144}, {0x7F, 0x00, 0x00, 0xFF}}},
	{{{1243, -3859, 6031}, 0, {12993, -2812}, {0x7F, 0x00, 0x00, 0xFF}}},
	{{{1243, -3859, 7191}, 0, {16758, -2812}, {0x7F, 0x00, 0x00, 0xFF}}},
	{{{803, -1934, 6031}, 0, {12993, -7390}, {0x8A, 0xD1, 0x00, 0xFF}}},
	{{{803, -1009, 7191}, 0, {16758, -12810}, {0x81, 0x00, 0x00, 0xFF}}},
	{{{803, -1009, 6031}, 0, {12993, -12810}, {0x81, 0x00, 0x00, 0xFF}}},
	{{{803, -1934, 7191}, 0, {16758, -7390}, {0x8A, 0xD1, 0x00, 0xFF}}},
	{{{1243, -2404, 6031}, 0, {12993, -5866}, {0xB1, 0x9D, 0x00, 0xFF}}},
	{{{1243, -2404, 7191}, 0, {16758, -5866}, {0xB1, 0x9D, 0x00, 0xFF}}},
	{{{3115, -3510, 6031}, 0, {12993, -4691}, {0xDF, 0x85, 0x00, 0xFF}}},
	{{{3115, -3510, 7191}, 0, {16758, -4691}, {0xDF, 0x85, 0x00, 0xFF}}},
	{{{4359, -3510, 6031}, 0, {12993, -4691}, {0x00, 0x81, 0x00, 0xFF}}},
	{{{4359, -3510, 7191}, 0, {16758, -4691}, {0x00, 0x81, 0x00, 0xFF}}},
	{{{4359, -3132, 7191}, 0, {16758, -5920}, {0x00, 0x81, 0x00, 0xFF}}},
	{{{4359, -3132, 6031}, 0, {12993, -5920}, {0x00, 0x81, 0x00, 0xFF}}},
	{{{5603, -3132, 6239}, 0, {13668, -5920}, {0x00, 0x81, 0x00, 0xFF}}},
	{{{5603, -3132, 6983}, 0, {16083, -5920}, {0x00, 0x81, 0x00, 0xFF}}},
	{{{3115, -5872, 6031}, 0, {12993, 2974}, {0x81, 0x00, 0x00, 0xFF}}},
	{{{3115, -5872, 7191}, 0, {16758, 2974}, {0x81, 0x00, 0x00, 0xFF}}},
	{{{3115, -4452, 7191}, 0, {16758, -1636}, {0x81, 0x00, 0x00, 0xFF}}},
	{{{3115, -5872, 6031}, 0, {12993, 2974}, {0x81, 0x00, 0x00, 0xFF}}},
	{{{3115, -4452, 7191}, 0, {16758, -1636}, {0x81, 0x00, 0x00, 0xFF}}},
	{{{3115, -4452, 6031}, 0, {12993, -1636}, {0x81, 0x00, 0x00, 0xFF}}},
	{{{4359, -4452, 6031}, 0, {12993, -1636}, {0x81, 0x00, 0x00, 0xFF}}},
	{{{4359, -4452, 7191}, 0, {16758, -1636}, {0x81, 0x00, 0x00, 0xFF}}},
	{{{4359, -4045, 7191}, 0, {16758, -2956}, {0x81, 0x00, 0x00, 0xFF}}},
	{{{4359, -4045, 6031}, 0, {12993, -2956}, {0x81, 0x00, 0x00, 0xFF}}},
	{{{4359, -3132, 7191}, 0, {16758, -5920}, {0x7F, 0x00, 0x00, 0xFF}}},
	{{{4359, -3510, 7191}, 0, {16758, -4691}, {0x7F, 0x00, 0x00, 0xFF}}},
	{{{4359, -3510, 6031}, 0, {12993, -4691}, {0x7F, 0x00, 0x00, 0xFF}}},
	{{{4359, -3132, 6031}, 0, {12993, -5920}, {0x7F, 0x00, 0x00, 0xFF}}},
	{{{8471, -5002, 6198}, 0, {13532, 151}, {0x00, 0x81, 0x00, 0xFF}}},
	{{{8471, -5002, 7026}, 0, {16221, 151}, {0x00, 0x81, 0x00, 0xFF}}},
	{{{7807, -5002, 7026}, 0, {16221, 151}, {0x00, 0x81, 0x00, 0xFF}}},
	{{{7807, -5002, 6198}, 0, {13532, 151}, {0x00, 0x81, 0x00, 0xFF}}},
	{{{8471, -2287, 6239}, 0, {13668, -8663}, {0x00, 0x00, 0x7F, 0xFF}}},
	{{{8471, -3200, 6239}, 0, {13668, -5700}, {0x00, 0x00, 0x7F, 0xFF}}},
	{{{8702, -3200, 6239}, 0, {13668, -5700}, {0x00, 0x00, 0x7F, 0xFF}}},
	{{{8702, -2287, 6239}, 0, {13668, -8663}, {0x00, 0x00, 0x7F, 0xFF}}},
	{{{8471, -2287, 6983}, 0, {16083, -8663}, {0x00, 0x81, 0x00, 0xFF}}},
	{{{8471, -2287, 6239}, 0, {13668, -8663}, {0x00, 0x81, 0x00, 0xFF}}},
	{{{8702, -2287, 6239}, 0, {13668, -8663}, {0x00, 0x82, 0xF2, 0xFF}}},
	{{{8702, -2287, 6983}, 0, {16083, -8663}, {0x00, 0x81, 0x00, 0xFF}}},
	{{{9448, -2287, 6239}, 0, {13668, -8663}, {0x00, 0x83, 0xEB, 0xFF}}},
	{{{9448, -2287, 6983}, 0, {16083, -8663}, {0x00, 0x81, 0x00, 0xFF}}},
	{{{8702, -3200, 6239}, 0, {13668, -5700}, {0x7F, 0x00, 0x00, 0xFF}}},
	{{{8702, -3200, 5481}, 0, {11206, -5700}, {0x7F, 0x00, 0x00, 0xFF}}},
	{{{8702, -2877, 5481}, 0, {11206, -7083}, {0x7F, 0x00, 0x00, 0xFF}}},
	{{{8702, -2287, 6239}, 0, {13668, -8663}, {0x7F, 0x00, 0x00, 0xFF}}},
	{{{8702, -2021, 5481}, 0, {11206, -9526}, {0x7F, 0x00, 0x00, 0xFF}}},
	{{{8702, -2021, 4840}, 0, {9126, -9526}, {0x74, 0x00, 0xCC, 0xFF}}},
	{{{8702, -2877, 4840}, 0, {9126, -7083}, {0x74, 0x00, 0xCC, 0xFF}}},
	{{{8228, -2877, 3773}, 0, {5662, -7083}, {0x74, 0x00, 0xCC, 0xFF}}},
	{{{8702, -1755, 4840}, 0, {9126, -10389}, {0x74, 0x00, 0xCC, 0xFF}}},
	{{{8228, -1394, 3773}, 0, {5662, -11560}, {0x74, 0x00, 0xCC, 0xFF}}},
	{{{9448, -2021, 4840}, 0, {9126, -9526}, {0x8C, 0x00, 0xCC, 0xFF}}},
	{{{9448, -1755, 4840}, 0, {9126, -10389}, {0x8C, 0x00, 0xCC, 0xFF}}},
	{{{9922, -1394, 3773}, 0, {5662, -11560}, {0x8C, 0x00, 0xCC, 0xFF}}},
	{{{9922, -2877, 3773}, 0, {5662, -7083}, {0x8C, 0x00, 0xCC, 0xFF}}},
	{{{9448, -2877, 4840}, 0, {9126, -7083}, {0x8C, 0x00, 0xCC, 0xFF}}},
	{{{8228, -1394, 3773}, 0, {5662, -11560}, {0x7F, 0x00, 0xF7, 0xFF}}},
	{{{8228, -2877, 3773}, 0, {5662, -7083}, {0x7F, 0x00, 0xF7, 0xFF}}},
	{{{8149, -3183, 2615}, 0, {1903, -5753}, {0x7A, 0x00, 0xDC, 0xFF}}},
	{{{8149, -1892, 2615}, 0, {1903, -9944}, {0x7D, 0x00, 0xEA, 0xFF}}},
	{{{7711, -3756, 1655}, 0, {-1213, -3895}, {0x58, 0x00, 0xA4, 0xFF}}},
	{{{7711, -2875, 1655}, 0, {-1213, -6753}, {0x6B, 0x00, 0xBB, 0xFF}}},
	{{{8864, -1394, 3240}, 0, {3934, -11560}, {0x23, 0x90, 0x31, 0xFF}}},
	{{{8228, -1394, 3773}, 0, {5662, -11560}, {0x23, 0x90, 0x31, 0xFF}}},
	{{{8149, -1892, 2615}, 0, {1903, -9944}, {0x29, 0x98, 0x3C, 0xFF}}},
	{{{8864, -1793, 2388}, 0, {1168, -10265}, {0x29, 0x97, 0x3C, 0xFF}}},
	{{{7711, -2875, 1655}, 0, {-1213, -6753}, {0x36, 0x9A, 0x34, 0xFF}}},
	{{{8179, -2944, 1156}, 0, {-2832, -6531}, {0x38, 0x99, 0x30, 0xFF}}},
	{{{6874, -3732, 1094}, 0, {-3033, -3971}, {0x35, 0x8E, 0x10, 0xFF}}},
	{{{6874, -3732, 292}, 0, {-5635, -3971}, {0x31, 0x8B, 0x0C, 0xFF}}},
	{{{9448, -3200, 5481}, 0, {11206, -5700}, {0x81, 0x00, 0x00, 0xFF}}},
	{{{9448, -3200, 6239}, 0, {13668, -5700}, {0x81, 0x00, 0x00, 0xFF}}},
	{{{9448, -2877, 5481}, 0, {11206, -7083}, {0x81, 0x00, 0x00, 0xFF}}},
	{{{9448, -2021, 5481}, 0, {11206, -9526}, {0x81, 0x00, 0x00, 0xFF}}},
	{{{9448, -2287, 6239}, 0, {13668, -8663}, {0x81, 0x00, 0x00, 0xFF}}},
	{{{9448, -2287, 6983}, 0, {16083, -8663}, {0x81, 0x00, 0x00, 0xFF}}},
	{{{9448, -3200, 6983}, 0, {16083, -5700}, {0x81, 0x00, 0x00, 0xFF}}},
	{{{9291, -2877, 5091}, 0, {9939, -7083}, {0x94, 0x00, 0xBD, 0xFF}}},
	{{{9291, -2303, 5091}, 0, {9939, -8609}, {0x94, 0x00, 0xBD, 0xFF}}},
	{{{9448, -2021, 4840}, 0, {9126, -9526}, {0x94, 0x00, 0xBD, 0xFF}}},
	{{{9448, -2877, 4840}, 0, {9126, -7083}, {0x94, 0x00, 0xBD, 0xFF}}},
	{{{8814, -2877, 3953}, 0, {6248, -7083}, {0x81, 0x00, 0x00, 0xFF}}},
	{{{8814, -2877, 4436}, 0, {7813, -7083}, {0x81, 0x00, 0x00, 0xFF}}},
	{{{8814, -2749, 4436}, 0, {7813, -7354}, {0x81, 0x00, 0x00, 0xFF}}},
	{{{8814, -2749, 3953}, 0, {6248, -7354}, {0x81, 0x00, 0x00, 0xFF}}},
	{{{8898, -2749, 4030}, 0, {6498, -7354}, {0x7F, 0x00, 0x00, 0xFF}}},
	{{{8898, -2749, 4359}, 0, {7563, -7354}, {0x7F, 0x00, 0x00, 0xFF}}},
	{{{8898, -3294, 4359}, 0, {7563, -5392}, {0x7F, 0x00, 0x00, 0xFF}}},
	{{{8898, -3294, 4030}, 0, {6498, -5392}, {0x7F, 0x00, 0x00, 0xFF}}},
	{{{9252, -2749, 4359}, 0, {7563, -7354}, {0x81, 0x00, 0x00, 0xFF}}},
	{{{9252, -2749, 4030}, 0, {6498, -7354}, {0x81, 0x00, 0x00, 0xFF}}},
	{{{9252, -3294, 4030}, 0, {6498, -5392}, {0x81, 0x00, 0x00, 0xFF}}},
	{{{9252, -3294, 4359}, 0, {7563, -5392}, {0x81, 0x00, 0x00, 0xFF}}},
	{{{8135, -4077, 4654}, 0, {8522, -2851}, {0x7F, 0x00, 0x00, 0xFF}}},
	{{{8135, -4077, 5065}, 0, {9855, -2851}, {0x7F, 0x00, 0x00, 0xFF}}},
	{{{8135, -5343, 5065}, 0, {9855, 1258}, {0x7F, 0x00, 0x00, 0xFF}}},
	{{{8135, -4077, 3735}, 0, {5539, -2851}, {0x7F, 0x00, 0x00, 0xFF}}},
	{{{8135, -5343, 3324}, 0, {4205, 1258}, {0x7F, 0x00, 0x00, 0xFF}}},
	{{{8135, -4077, 3324}, 0, {4205, -2851}, {0x7F, 0x00, 0x00, 0xFF}}},
	{{{10015, -4077, 5065}, 0, {9855, -2851}, {0x81, 0x00, 0x00, 0xFF}}},
	{{{10015, -5343, 3324}, 0, {4205, 1258}, {0x81, 0x00, 0x00, 0xFF}}},
	{{{10015, -5343, 5065}, 0, {9855, 1258}, {0x81, 0x00, 0x00, 0xFF}}},
	{{{10015, -4077, 3324}, 0, {4205, -2851}, {0x81, 0x00, 0x00, 0xFF}}},
	{{{10015, -3294, 5065}, 0, {9855, -5392}, {0x81, 0x00, 0x00, 0xFF}}},
	{{{10015, -3294, 3324}, 0, {4205, -5392}, {0x81, 0x00, 0x00, 0xFF}}},
	{{{8179, -2944, 1156}, 0, {-2832, -6531}, {0x9C, 0x00, 0x4E, 0xFF}}},
	{{{8179, -3756, 1156}, 0, {-2832, -3895}, {0xA9, 0x00, 0x5C, 0xFF}}},
	{{{8864, -3183, 2388}, 0, {1168, -5753}, {0x87, 0x00, 0x27, 0xFF}}},
	{{{8864, -1793, 2388}, 0, {1168, -10265}, {0x82, 0x00, 0x13, 0xFF}}},
	{{{8864, -2877, 3240}, 0, {3934, -7083}, {0x81, 0x00, 0x00, 0xFF}}},
	{{{8864, -1793, 2388}, 0, {1168, -10265}, {0x82, 0x00, 0x13, 0xFF}}},
	{{{8864, -3183, 2388}, 0, {1168, -5753}, {0x87, 0x00, 0x27, 0xFF}}},
	{{{8864, -1394, 3240}, 0, {3934, -11560}, {0x81, 0x00, 0x00, 0xFF}}},
	{{{-115, -9010, -2308}, 0, {-14074, 13159}, {0x81, 0x00, 0x00, 0xFF}}},
	{{{-115, -10115, -2308}, 0, {-14074, 16746}, {0x81, 0x00, 0x00, 0xFF}}},
	{{{-115, -9010, -1997}, 0, {-13065, 13159}, {0x81, 0x00, 0x00, 0xFF}}},
	{{{-115, -9010, -1541}, 0, {-11585, 13159}, {0x87, 0x26, 0x00, 0xFF}}},
	{{{-115, -9010, -1438}, 0, {-11252, 13159}, {0x87, 0x26, 0x00, 0xFF}}},
	{{{-115, -9010, -982}, 0, {-9772, 13159}, {0x87, 0x26, 0x00, 0xFF}}},
	{{{-115, -10115, -931}, 0, {-9605, 16746}, {0x81, 0x00, 0x00, 0xFF}}},
	{{{-115, -9010, -880}, 0, {-9439, 13159}, {0x87, 0x26, 0x00, 0xFF}}},
	{{{-115, -9010, -424}, 0, {-7959, 13159}, {0x87, 0x26, 0x00, 0xFF}}},
	{{{-115, -10115, 652}, 0, {-4468, 16746}, {0x81, 0x00, 0x00, 0xFF}}},
	{{{-115, -9010, -321}, 0, {-7626, 13159}, {0x88, 0x26, 0x12, 0xFF}}},
	{{{-115, -9010, 135}, 0, {-6146, 13159}, {0x81, 0x00, 0x00, 0xFF}}},
	{{{-115, -9010, 652}, 0, {-4468, 13159}, {0x81, 0x00, 0x00, 0xFF}}},
	{{{343, -8685, -424}, 0, {-7959, 12105}, {0xB7, 0x68, 0x00, 0xFF}}},
	{{{343, -8685, -321}, 0, {-7626, 12105}, {0xC0, 0x21, 0x69, 0xFF}}},
	{{{465, -9010, -321}, 0, {-7626, 13159}, {0x00, 0x00, 0x7F, 0xFF}}},
	{{{343, -8360, -321}, 0, {-7626, 11051}, {0x88, 0x00, 0x28, 0xFF}}},
	{{{465, -8360, -321}, 0, {-7626, 11051}, {0x00, 0x00, 0x7F, 0xFF}}},
	{{{343, -8360, -424}, 0, {-7959, 11051}, {0x81, 0x00, 0x00, 0xFF}}},
	{{{343, -8685, -424}, 0, {-7959, 12105}, {0x81, 0x00, 0x00, 0xFF}}},
	{{{343, -6646, -373}, 0, {-7792, 5485}, {0x81, 0x00, 0x00, 0xFF}}},
	{{{343, -8360, -880}, 0, {-9439, 11051}, {0x81, 0x00, 0x00, 0xFF}}},
	{{{343, -6646, -931}, 0, {-9605, 5485}, {0x81, 0x00, 0x00, 0xFF}}},
	{{{343, -8360, -982}, 0, {-9772, 11051}, {0x81, 0x00, 0x00, 0xFF}}},
	{{{343, -8360, -1438}, 0, {-11252, 11051}, {0x81, 0x00, 0x00, 0xFF}}},
	{{{343, -6646, -1490}, 0, {-11418, 5485}, {0x81, 0x00, 0x00, 0xFF}}},
	{{{343, -8360, -1541}, 0, {-11585, 11051}, {0x81, 0x00, 0x00, 0xFF}}},
	{{{343, -8360, -1997}, 0, {-13065, 11051}, {0x81, 0x00, 0x00, 0xFF}}},
	{{{343, -6646, -1490}, 0, {-11418, 5485}, {0x81, 0x00, 0x00, 0xFF}}},
	{{{343, -6646, -2308}, 0, {-14074, 5485}, {0x81, 0x00, 0x00, 0xFF}}},
	{{{343, -8360, -1997}, 0, {-13065, 11051}, {0x81, 0x00, 0x00, 0xFF}}},
	{{{343, -8685, -1997}, 0, {-13065, 12105}, {0x81, 0x00, 0x00, 0xFF}}},
	{{{343, -8685, -2308}, 0, {-14074, 12105}, {0x81, 0x00, 0x00, 0xFF}}},
	{{{343, -8360, -1541}, 0, {-11585, 11051}, {0x81, 0x00, 0x00, 0xFF}}},
	{{{343, -8685, -1438}, 0, {-11252, 12105}, {0x81, 0x00, 0x00, 0xFF}}},
	{{{343, -8360, -1438}, 0, {-11252, 11051}, {0x81, 0x00, 0x00, 0xFF}}},
	{{{343, -8685, -1541}, 0, {-11585, 12105}, {0x81, 0x00, 0x00, 0xFF}}},
	{{{343, -8685, -1541}, 0, {-11585, 12105}, {0x00, 0x00, 0x81, 0xFF}}},
	{{{343, -8360, -1541}, 0, {-11585, 11051}, {0x00, 0x00, 0x81, 0xFF}}},
	{{{465, -8360, -1541}, 0, {-11585, 11051}, {0x00, 0x00, 0x81, 0xFF}}},
	{{{465, -9010, -1541}, 0, {-11585, 13159}, {0x00, 0x00, 0x81, 0xFF}}},
	{{{-115, -9010, -1541}, 0, {-11585, 13159}, {0x00, 0x00, 0x81, 0xFF}}},
	{{{-2382, -8685, -2308}, 0, {-14074, 12105}, {0x7F, 0x00, 0x00, 0xFF}}},
	{{{-2382, -8360, -1997}, 0, {-13065, 11051}, {0x7F, 0x00, 0x00, 0xFF}}},
	{{{-2382, -8685, -1997}, 0, {-13065, 12105}, {0x7F, 0x00, 0x00, 0xFF}}},
	{{{-2382, -6646, -2308}, 0, {-14074, 5485}, {0x7F, 0x00, 0x00, 0xFF}}},
	{{{-2382, -6646, -1490}, 0, {-11418, 5485}, {0x7F, 0x00, 0x00, 0xFF}}},
	{{{-2382, -8360, -1541}, 0, {-11585, 11051}, {0x7F, 0x00, 0x00, 0xFF}}},
	{{{-2382, -8360, -1438}, 0, {-11252, 11051}, {0x7F, 0x00, 0x00, 0xFF}}},
	{{{-2382, -6646, -931}, 0, {-9605, 5485}, {0x7F, 0x00, 0x00, 0xFF}}},
	{{{-2382, -8360, -982}, 0, {-9772, 11051}, {0x7F, 0x00, 0x00, 0xFF}}},
	{{{-2382, -8360, -931}, 0, {-9605, 11051}, {0x7F, 0x00, 0x00, 0xFF}}},
	{{{-2382, -6646, -373}, 0, {-7792, 5485}, {0x7F, 0x00, 0x00, 0xFF}}},
	{{{-2382, -8360, -424}, 0, {-7959, 11051}, {0x7F, 0x00, 0x00, 0xFF}}},
	{{{-2382, -8360, -321}, 0, {-7626, 11051}, {0x7F, 0x00, 0x00, 0xFF}}},
	{{{-2382, -6646, 652}, 0, {-4468, 5485}, {0x7F, 0x00, 0x00, 0xFF}}},
	{{{-2382, -8360, 135}, 0, {-6146, 11051}, {0x7F, 0x00, 0x00, 0xFF}}},
	{{{-2382, -8685, 135}, 0, {-6146, 12105}, {0x7F, 0x00, 0x00, 0xFF}}},
	{{{-2382, -8685, 652}, 0, {-4468, 12105}, {0x7F, 0x00, 0x00, 0xFF}}},
	{{{-2382, -8685, -424}, 0, {-7959, 12105}, {0x7F, 0x00, 0x00, 0xFF}}},
	{{{-2382, -8685, -424}, 0, {-7959, 12105}, {0x7F, 0x00, 0x00, 0xFF}}},
	{{{-2382, -8360, -321}, 0, {-7626, 11051}, {0x7F, 0x00, 0x00, 0xFF}}},
	{{{-2382, -8685, -321}, 0, {-7626, 12105}, {0x7F, 0x00, 0x00, 0xFF}}},
	{{{343, -8685, -2308}, 0, {-14074, 12105}, {0xB7, 0x68, 0x00, 0xFF}}},
	{{{-115, -9010, -2308}, 0, {-14074, 13159}, {0xB7, 0x68, 0x00, 0xFF}}},
	{{{-115, -9010, -1997}, 0, {-13065, 13159}, {0xB7, 0x68, 0x00, 0xFF}}},
	{{{343, -8685, -1997}, 0, {-13065, 12105}, {0xB7, 0x68, 0x00, 0xFF}}},
	{{{-115, -9010, 135}, 0, {-6146, 13159}, {0x00, 0x00, 0x81, 0xFF}}},
	{{{343, -8685, 135}, 0, {-6146, 12105}, {0x00, 0x00, 0x81, 0xFF}}},
	{{{465, -9010, 135}, 0, {-6146, 13159}, {0x00, 0x00, 0x81, 0xFF}}},
	{{{465, -8360, 135}, 0, {-6146, 11051}, {0x00, 0x00, 0x81, 0xFF}}},
	{{{343, -8360, 135}, 0, {-6146, 11051}, {0x00, 0x00, 0x81, 0xFF}}},
	{{{343, -8685, -1541}, 0, {-11585, 12105}, {0xB7, 0x68, 0x00, 0xFF}}},
	{{{-115, -9010, -1541}, 0, {-11585, 13159}, {0x87, 0x26, 0x00, 0xFF}}},
	{{{-115, -9010, -1438}, 0, {-11252, 13159}, {0x87, 0x26, 0x00, 0xFF}}},
	{{{343, -8685, -1438}, 0, {-11252, 12105}, {0xB7, 0x68, 0x00, 0xFF}}},
	{{{343, -6646, 652}, 0, {-4468, 5485}, {0x81, 0x00, 0x00, 0xFF}}},
	{{{343, -6646, -373}, 0, {-7792, 5485}, {0x81, 0x00, 0x00, 0xFF}}},
	{{{343, -8360, -321}, 0, {-7626, 11051}, {0x88, 0x00, 0x28, 0xFF}}},
	{{{343, -8360, 135}, 0, {-6146, 11051}, {0x81, 0x00, 0x00, 0xFF}}},
	{{{343, -8685, 652}, 0, {-4468, 12105}, {0x81, 0x00, 0x00, 0xFF}}},
	{{{343, -8685, 135}, 0, {-6146, 12105}, {0x81, 0x00, 0x00, 0xFF}}},
	{{{-1923, -9010, -321}, 0, {-7626, 13159}, {0x00, 0x00, 0x7F, 0xFF}}},
	{{{-2382, -8685, -321}, 0, {-7626, 12105}, {0x00, 0x00, 0x7F, 0xFF}}},
	{{{-2504, -9010, -321}, 0, {-7626, 13159}, {0x00, 0x00, 0x7F, 0xFF}}},
	{{{-2504, -8360, -321}, 0, {-7626, 11051}, {0x00, 0x00, 0x7F, 0xFF}}},
	{{{-2382, -8360, -321}, 0, {-7626, 11051}, {0x00, 0x00, 0x7F, 0xFF}}},
	{{{343, -8685, -982}, 0, {-9772, 12105}, {0xB7, 0x68, 0x00, 0xFF}}},
	{{{-115, -9010, -982}, 0, {-9772, 13159}, {0x87, 0x26, 0x00, 0xFF}}},
	{{{-115, -9010, -880}, 0, {-9439, 13159}, {0x87, 0x26, 0x00, 0xFF}}},
	{{{343, -8685, -880}, 0, {-9439, 12105}, {0xB7, 0x68, 0x00, 0xFF}}},
	{{{-1923, -9010, -1997}, 0, {-13065, 13159}, {0x00, 0x00, 0x7F, 0xFF}}},
	{{{-2382, -8685, -1997}, 0, {-13065, 12105}, {0x00, 0x00, 0x7F, 0xFF}}},
	{{{-2504, -9010, -1997}, 0, {-13065, 13159}, {0x00, 0x00, 0x7F, 0xFF}}},
	{{{-2504, -8360, -1997}, 0, {-13065, 11051}, {0x00, 0x00, 0x7F, 0xFF}}},
	{{{-2382, -8360, -1997}, 0, {-13065, 11051}, {0x00, 0x00, 0x7F, 0xFF}}},
	{{{-2382, -8360, -982}, 0, {-9772, 11051}, {0x00, 0x00, 0x81, 0xFF}}},
	{{{-2504, -9010, -982}, 0, {-9772, 13159}, {0x00, 0x00, 0x81, 0xFF}}},
	{{{-2504, -8360, -982}, 0, {-9772, 11051}, {0x00, 0x00, 0x81, 0xFF}}},
	{{{-2382, -8685, -982}, 0, {-9772, 12105}, {0x00, 0x00, 0x81, 0xFF}}},
	{{{-1923, -9010, -982}, 0, {-9772, 13159}, {0x00, 0x00, 0x81, 0xFF}}},
	{{{-1923, -9010, -880}, 0, {-9439, 13159}, {0x00, 0x00, 0x7F, 0xFF}}},
	{{{-2382, -8685, -880}, 0, {-9439, 12105}, {0x0C, 0x04, 0x7E, 0xFF}}},
	{{{-2504, -9010, -880}, 0, {-9439, 13159}, {0x04, 0x02, 0x7F, 0xFF}}},
	{{{-2504, -8360, -880}, 0, {-9439, 11051}, {0x12, 0x07, 0x7E, 0xFF}}},
	{{{-2382, -8360, -931}, 0, {-9605, 11051}, {0x12, 0x07, 0x7E, 0xFF}}},
	{{{-115, -9010, -1438}, 0, {-11252, 13159}, {0x00, 0x7F, 0x00, 0xFF}}},
	{{{-115, -9010, -982}, 0, {-9772, 13159}, {0x00, 0x7F, 0x00, 0xFF}}},
	{{{465, -9010, -982}, 0, {-9772, 13159}, {0x00, 0x7F, 0x00, 0xFF}}},
	{{{465, -9010, -1438}, 0, {-11252, 13159}, {0x00, 0x7F, 0x00, 0xFF}}},
	{{{-2382, -8360, -1438}, 0, {-11252, 11051}, {0x00, 0x81, 0x00, 0xFF}}},
	{{{-2382, -8360, -982}, 0, {-9772, 11051}, {0x00, 0x81, 0x00, 0xFF}}},
	{{{-2504, -8360, -982}, 0, {-9772, 11051}, {0x00, 0x81, 0x00, 0xFF}}},
	{{{-2504, -8360, -1438}, 0, {-11252, 11051}, {0x00, 0x81, 0x00, 0xFF}}},
	{{{-115, -9010, -424}, 0, {-7959, 13159}, {0x00, 0x00, 0x81, 0xFF}}},
	{{{343, -8685, -424}, 0, {-7959, 12105}, {0x00, 0x00, 0x81, 0xFF}}},
	{{{465, -9010, -424}, 0, {-7959, 13159}, {0x00, 0x00, 0x81, 0xFF}}},
	{{{465, -8360, -424}, 0, {-7959, 11051}, {0x00, 0x00, 0x81, 0xFF}}},
	{{{343, -8360, -424}, 0, {-7959, 11051}, {0x00, 0x00, 0x81, 0xFF}}},
	{{{-2382, -8685, -1541}, 0, {-11585, 12105}, {0x00, 0x00, 0x81, 0xFF}}},
	{{{-1923, -9010, -1541}, 0, {-11585, 13159}, {0x00, 0x00, 0x81, 0xFF}}},
	{{{-2504, -9010, -1541}, 0, {-11585, 13159}, {0x00, 0x00, 0x81, 0xFF}}},
	{{{-2382, -8360, -1541}, 0, {-11585, 11051}, {0x00, 0x00, 0x81, 0xFF}}},
	{{{-2382, -8360, -1541}, 0, {-11585, 11051}, {0x00, 0x00, 0x81, 0xFF}}},
	{{{-2504, -9010, -1541}, 0, {-11585, 13159}, {0x00, 0x00, 0x81, 0xFF}}},
	{{{-2504, -8360, -1541}, 0, {-11585, 11051}, {0x00, 0x00, 0x81, 0xFF}}},
	{{{343, -8685, 135}, 0, {-6146, 12105}, {0xB7, 0x68, 0x00, 0xFF}}},
	{{{-115, -9010, 135}, 0, {-6146, 13159}, {0xB7, 0x68, 0x00, 0xFF}}},
	{{{-115, -9010, 652}, 0, {-4468, 13159}, {0xB7, 0x68, 0x00, 0xFF}}},
	{{{343, -8685, 652}, 0, {-4468, 12105}, {0xB7, 0x68, 0x00, 0xFF}}},
	{{{-1923, -10115, -2308}, 0, {-14074, 16746}, {0x7F, 0x00, 0x00, 0xFF}}},
	{{{-1923, -9010, -2308}, 0, {-14074, 13159}, {0x7F, 0x00, 0x00, 0xFF}}},
	{{{-1923, -9010, -1997}, 0, {-13065, 13159}, {0x7F, 0x00, 0x00, 0xFF}}},
	{{{-1923, -9010, -1541}, 0, {-11585, 13159}, {0x7F, 0x00, 0x00, 0xFF}}},
	{{{-1923, -9010, -1438}, 0, {-11252, 13159}, {0x7F, 0x00, 0x00, 0xFF}}},
	{{{-1923, -10115, -931}, 0, {-9605, 16746}, {0x7F, 0x00, 0x00, 0xFF}}},
	{{{-1923, -9010, -982}, 0, {-9772, 13159}, {0x7F, 0x00, 0x00, 0xFF}}},
	{{{-1923, -9010, -880}, 0, {-9439, 13159}, {0x7F, 0x00, 0x00, 0xFF}}},
	{{{-1923, -9010, -424}, 0, {-7959, 13159}, {0x7F, 0x00, 0x00, 0xFF}}},
	{{{-1923, -10115, 652}, 0, {-4468, 16746}, {0x7F, 0x00, 0x00, 0xFF}}},
	{{{-1923, -9010, -321}, 0, {-7626, 13159}, {0x7F, 0x00, 0x00, 0xFF}}},
	{{{-1923, -9010, 135}, 0, {-6146, 13159}, {0x7F, 0x00, 0x00, 0xFF}}},
	{{{-1923, -9010, 652}, 0, {-4468, 13159}, {0x7F, 0x00, 0x00, 0xFF}}},
	{{{343, -8685, -880}, 0, {-9439, 12105}, {0x00, 0x00, 0x7F, 0xFF}}},
	{{{-115, -9010, -880}, 0, {-9439, 13159}, {0x00, 0x00, 0x7F, 0xFF}}},
	{{{465, -9010, -880}, 0, {-9439, 13159}, {0x00, 0x00, 0x7F, 0xFF}}},
	{{{343, -8360, -880}, 0, {-9439, 11051}, {0x00, 0x00, 0x7F, 0xFF}}},
	{{{465, -8360, -880}, 0, {-9439, 11051}, {0x00, 0x00, 0x7F, 0xFF}}},
	{{{-115, -9010, -321}, 0, {-7626, 13159}, {0x00, 0x7F, 0x00, 0xFF}}},
	{{{-115, -9010, 135}, 0, {-6146, 13159}, {0x00, 0x7F, 0x00, 0xFF}}},
	{{{465, -9010, 135}, 0, {-6146, 13159}, {0x00, 0x7F, 0x00, 0xFF}}},
	{{{465, -9010, -321}, 0, {-7626, 13159}, {0x00, 0x7F, 0x00, 0xFF}}},
	{{{-1923, -9010, -1541}, 0, {-11585, 13159}, {0x49, 0x68, 0x00, 0xFF}}},
	{{{-2382, -8685, -1541}, 0, {-11585, 12105}, {0x49, 0x68, 0x00, 0xFF}}},
	{{{-2382, -8685, -1438}, 0, {-11252, 12105}, {0x49, 0x68, 0x00, 0xFF}}},
	{{{-1923, -9010, -1541}, 0, {-11585, 13159}, {0x49, 0x68, 0x00, 0xFF}}},
	{{{-2382, -8685, -1438}, 0, {-11252, 12105}, {0x49, 0x68, 0x00, 0xFF}}},
	{{{-1923, -9010, -1438}, 0, {-11252, 13159}, {0x49, 0x68, 0x00, 0xFF}}},
	{{{-1923, -9010, -2308}, 0, {-14074, 13159}, {0x49, 0x68, 0x00, 0xFF}}},
	{{{-2382, -8685, -2308}, 0, {-14074, 12105}, {0x49, 0x68, 0x00, 0xFF}}},
	{{{-2382, -8685, -1997}, 0, {-13065, 12105}, {0x49, 0x68, 0x00, 0xFF}}},
	{{{-1923, -9010, -1997}, 0, {-13065, 13159}, {0x49, 0x68, 0x00, 0xFF}}},
	{{{343, -8360, -1541}, 0, {-11585, 11051}, {0x00, 0x81, 0x00, 0xFF}}},
	{{{343, -8360, -1997}, 0, {-13065, 11051}, {0x00, 0x81, 0x00, 0xFF}}},
	{{{465, -8360, -1997}, 0, {-13065, 11051}, {0x00, 0x81, 0x00, 0xFF}}},
	{{{465, -8360, -1541}, 0, {-11585, 11051}, {0x00, 0x81, 0x00, 0xFF}}},
	{{{-1923, -9010, -982}, 0, {-9772, 13159}, {0x00, 0x7F, 0x00, 0xFF}}},
	{{{-1923, -9010, -1438}, 0, {-11252, 13159}, {0x00, 0x7F, 0x00, 0xFF}}},
	{{{-2504, -9010, -1438}, 0, {-11252, 13159}, {0x00, 0x7F, 0x00, 0xFF}}},
	{{{-2504, -9010, -982}, 0, {-9772, 13159}, {0x00, 0x7F, 0x00, 0xFF}}},
	{{{-115, -9010, -982}, 0, {-9772, 13159}, {0x00, 0x00, 0x81, 0xFF}}},
	{{{343, -8685, -982}, 0, {-9772, 12105}, {0x00, 0x00, 0x81, 0xFF}}},
	{{{465, -9010, -982}, 0, {-9772, 13159}, {0x00, 0x00, 0x81, 0xFF}}},
	{{{465, -8360, -982}, 0, {-9772, 11051}, {0x00, 0x00, 0x81, 0xFF}}},
	{{{343, -8360, -982}, 0, {-9772, 11051}, {0x00, 0x00, 0x81, 0xFF}}},
	{{{-2382, -8360, -931}, 0, {-9605, 11051}, {0x00, 0x81, 0x00, 0xFF}}},
	{{{-2382, -8360, -424}, 0, {-7959, 11051}, {0x00, 0x81, 0x00, 0xFF}}},
	{{{-2504, -8360, -424}, 0, {-7959, 11051}, {0x00, 0x81, 0x00, 0xFF}}},
	{{{-2504, -8360, -880}, 0, {-9439, 11051}, {0x00, 0x81, 0x00, 0xFF}}},
	{{{343, -8360, -982}, 0, {-9772, 11051}, {0x81, 0x00, 0x00, 0xFF}}},
	{{{343, -8685, -982}, 0, {-9772, 12105}, {0x81, 0x00, 0x00, 0xFF}}},
	{{{343, -8685, -880}, 0, {-9439, 12105}, {0x81, 0x00, 0x00, 0xFF}}},
	{{{343, -8360, -880}, 0, {-9439, 11051}, {0x81, 0x00, 0x00, 0xFF}}},
	{{{-2382, -8685, 135}, 0, {-6146, 12105}, {0x00, 0x00, 0x81, 0xFF}}},
	{{{-1923, -9010, 135}, 0, {-6146, 13159}, {0x00, 0x00, 0x81, 0xFF}}},
	{{{-2504, -9010, 135}, 0, {-6146, 13159}, {0x00, 0x00, 0x81, 0xFF}}},
	{{{-2382, -8360, 135}, 0, {-6146, 11051}, {0x00, 0x00, 0x81, 0xFF}}},
	{{{-2382, -8360, 135}, 0, {-6146, 11051}, {0x00, 0x00, 0x81, 0xFF}}},
	{{{-2504, -9010, 135}, 0, {-6146, 13159}, {0x00, 0x00, 0x81, 0xFF}}},
	{{{-2504, -8360, 135}, 0, {-6146, 11051}, {0x00, 0x00, 0x81, 0xFF}}},
	{{{-2382, -8360, -424}, 0, {-7959, 11051}, {0x00, 0x00, 0x81, 0xFF}}},
	{{{-2504, -9010, -424}, 0, {-7959, 13159}, {0x00, 0x00, 0x81, 0xFF}}},
	{{{-2504, -8360, -424}, 0, {-7959, 11051}, {0x00, 0x00, 0x81, 0xFF}}},
	{{{-2382, -8685, -424}, 0, {-7959, 12105}, {0x00, 0x00, 0x81, 0xFF}}},
	{{{-1923, -9010, -424}, 0, {-7959, 13159}, {0x00, 0x00, 0x81, 0xFF}}},
	{{{-1923, -9010, -424}, 0, {-7959, 13159}, {0x49, 0x68, 0x00, 0xFF}}},
	{{{-2382, -8685, -424}, 0, {-7959, 12105}, {0x49, 0x68, 0x00, 0xFF}}},
	{{{-2382, -8685, -321}, 0, {-7626, 12105}, {0x49, 0x68, 0x00, 0xFF}}},
	{{{-1923, -9010, -321}, 0, {-7626, 13159}, {0x49, 0x68, 0x00, 0xFF}}},
	{{{-1923, -9010, -982}, 0, {-9772, 13159}, {0x49, 0x68, 0x00, 0xFF}}},
	{{{-2382, -8685, -982}, 0, {-9772, 12105}, {0x49, 0x68, 0x00, 0xFF}}},
	{{{-2382, -8685, -880}, 0, {-9439, 12105}, {0x49, 0x68, 0x00, 0xFF}}},
	{{{-1923, -9010, -880}, 0, {-9439, 13159}, {0x49, 0x68, 0x00, 0xFF}}},
	{{{-1923, -9010, 135}, 0, {-6146, 13159}, {0x49, 0x68, 0x00, 0xFF}}},
	{{{-2382, -8685, 135}, 0, {-6146, 12105}, {0x49, 0x68, 0x00, 0xFF}}},
	{{{-2382, -8685, 652}, 0, {-4468, 12105}, {0x49, 0x68, 0x00, 0xFF}}},
	{{{-1923, -9010, 652}, 0, {-4468, 13159}, {0x49, 0x68, 0x00, 0xFF}}},
	{{{343, -8360, -982}, 0, {-9772, 11051}, {0x00, 0x81, 0x00, 0xFF}}},
	{{{343, -8360, -1438}, 0, {-11252, 11051}, {0x00, 0x81, 0x00, 0xFF}}},
	{{{465, -8360, -1438}, 0, {-11252, 11051}, {0x00, 0x81, 0x00, 0xFF}}},
	{{{465, -8360, -982}, 0, {-9772, 11051}, {0x00, 0x81, 0x00, 0xFF}}},
	{{{343, -8360, -1438}, 0, {-11252, 11051}, {0x00, 0x00, 0x7F, 0xFF}}},
	{{{465, -9010, -1438}, 0, {-11252, 13159}, {0x00, 0x00, 0x7F, 0xFF}}},
	{{{465, -8360, -1438}, 0, {-11252, 11051}, {0x00, 0x00, 0x7F, 0xFF}}},
	{{{343, -8685, -1438}, 0, {-11252, 12105}, {0x00, 0x00, 0x7F, 0xFF}}},
	{{{-115, -9010, -1438}, 0, {-11252, 13159}, {0x00, 0x00, 0x7F, 0xFF}}},
	{{{-2382, -8360, -1997}, 0, {-13065, 11051}, {0x00, 0x81, 0x00, 0xFF}}},
	{{{-2382, -8360, -1541}, 0, {-11585, 11051}, {0x00, 0x81, 0x00, 0xFF}}},
	{{{-2504, -8360, -1541}, 0, {-11585, 11051}, {0x00, 0x81, 0x00, 0xFF}}},
	{{{-2382, -8360, -1997}, 0, {-13065, 11051}, {0x00, 0x81, 0x00, 0xFF}}},
	{{{-2504, -8360, -1541}, 0, {-11585, 11051}, {0x00, 0x81, 0x00, 0xFF}}},
	{{{-2504, -8360, -1997}, 0, {-13065, 11051}, {0x00, 0x81, 0x00, 0xFF}}},
	{{{-1923, -9010, -1541}, 0, {-11585, 13159}, {0x00, 0x7F, 0x00, 0xFF}}},
	{{{-1923, -9010, -1997}, 0, {-13065, 13159}, {0x00, 0x7F, 0x00, 0xFF}}},
	{{{-2504, -9010, -1997}, 0, {-13065, 13159}, {0x00, 0x7F, 0x00, 0xFF}}},
	{{{-2504, -9010, -1541}, 0, {-11585, 13159}, {0x00, 0x7F, 0x00, 0xFF}}},
	{{{343, -8360, -1997}, 0, {-13065, 11051}, {0x00, 0x00, 0x7F, 0xFF}}},
	{{{465, -9010, -1997}, 0, {-13065, 13159}, {0x00, 0x00, 0x7F, 0xFF}}},
	{{{465, -8360, -1997}, 0, {-13065, 11051}, {0x00, 0x00, 0x7F, 0xFF}}},
	{{{343, -8685, -1997}, 0, {-13065, 12105}, {0x00, 0x00, 0x7F, 0xFF}}},
	{{{-115, -9010, -1997}, 0, {-13065, 13159}, {0x00, 0x00, 0x7F, 0xFF}}},
	{{{-1923, -9010, -1438}, 0, {-11252, 13159}, {0x00, 0x00, 0x7F, 0xFF}}},
	{{{-2382, -8685, -1438}, 0, {-11252, 12105}, {0x00, 0x00, 0x7F, 0xFF}}},
	{{{-2504, -9010, -1438}, 0, {-11252, 13159}, {0x00, 0x00, 0x7F, 0xFF}}},
	{{{-2504, -8360, -1438}, 0, {-11252, 11051}, {0x00, 0x00, 0x7F, 0xFF}}},
	{{{-2382, -8360, -1438}, 0, {-11252, 11051}, {0x00, 0x00, 0x7F, 0xFF}}},
	{{{-115, -9010, -1997}, 0, {-13065, 13159}, {0x00, 0x7F, 0x00, 0xFF}}},
	{{{-115, -9010, -1541}, 0, {-11585, 13159}, {0x00, 0x7F, 0x00, 0xFF}}},
	{{{465, -9010, -1541}, 0, {-11585, 13159}, {0x00, 0x7F, 0x00, 0xFF}}},
	{{{465, -9010, -1997}, 0, {-13065, 13159}, {0x00, 0x7F, 0x00, 0xFF}}},
	{{{-115, -9010, -880}, 0, {-9439, 13159}, {0x00, 0x7F, 0x00, 0xFF}}},
	{{{-115, -9010, -424}, 0, {-7959, 13159}, {0x00, 0x7F, 0x00, 0xFF}}},
	{{{465, -9010, -424}, 0, {-7959, 13159}, {0x00, 0x7F, 0x00, 0xFF}}},
	{{{465, -9010, -880}, 0, {-9439, 13159}, {0x00, 0x7F, 0x00, 0xFF}}},
	{{{343, -8360, 135}, 0, {-6146, 11051}, {0x00, 0x81, 0x00, 0xFF}}},
	{{{343, -8360, -321}, 0, {-7626, 11051}, {0x00, 0x81, 0x00, 0xFF}}},
	{{{465, -8360, -321}, 0, {-7626, 11051}, {0x00, 0x81, 0x00, 0xFF}}},
	{{{465, -8360, 135}, 0, {-6146, 11051}, {0x00, 0x81, 0x00, 0xFF}}},
	{{{-1923, -9010, 135}, 0, {-6146, 13159}, {0x00, 0x7F, 0x00, 0xFF}}},
	{{{-1923, -9010, -321}, 0, {-7626, 13159}, {0x00, 0x7F, 0x00, 0xFF}}},
	{{{-2504, -9010, -321}, 0, {-7626, 13159}, {0x00, 0x7F, 0x00, 0xFF}}},
	{{{-1923, -9010, 135}, 0, {-6146, 13159}, {0x00, 0x7F, 0x00, 0xFF}}},
	{{{-2504, -9010, -321}, 0, {-7626, 13159}, {0x00, 0x7F, 0x00, 0xFF}}},
	{{{-2504, -9010, 135}, 0, {-6146, 13159}, {0x00, 0x7F, 0x00, 0xFF}}},
	{{{343, -8360, -424}, 0, {-7959, 11051}, {0x00, 0x81, 0x00, 0xFF}}},
	{{{343, -8360, -880}, 0, {-9439, 11051}, {0x00, 0x81, 0x00, 0xFF}}},
	{{{465, -8360, -880}, 0, {-9439, 11051}, {0x00, 0x81, 0x00, 0xFF}}},
	{{{465, -8360, -424}, 0, {-7959, 11051}, {0x00, 0x81, 0x00, 0xFF}}},
	{{{-1923, -9010, -424}, 0, {-7959, 13159}, {0x00, 0x7F, 0x00, 0xFF}}},
	{{{-1923, -9010, -880}, 0, {-9439, 13159}, {0x00, 0x7F, 0x00, 0xFF}}},
	{{{-2504, -9010, -880}, 0, {-9439, 13159}, {0x00, 0x7F, 0x00, 0xFF}}},
	{{{-2504, -9010, -424}, 0, {-7959, 13159}, {0x00, 0x7F, 0x00, 0xFF}}},
	{{{-2382, -8360, -321}, 0, {-7626, 11051}, {0x00, 0x81, 0x00, 0xFF}}},
	{{{-2382, -8360, 135}, 0, {-6146, 11051}, {0x00, 0x81, 0x00, 0xFF}}},
	{{{-2504, -8360, 135}, 0, {-6146, 11051}, {0x00, 0x81, 0x00, 0xFF}}},
	{{{-2504, -8360, -321}, 0, {-7626, 11051}, {0x00, 0x81, 0x00, 0xFF}}},
	{{{7743, -7163, 3318}, 0, {4186, 7165}, {0x00, 0x00, 0x81, 0xFF}}},
	{{{7086, -7163, 3318}, 0, {4186, 7165}, {0x00, 0x00, 0x81, 0xFF}}},
	{{{7086, -7072, 3318}, 0, {4186, 6868}, {0x00, 0x00, 0x81, 0xFF}}},
	{{{7743, -7072, 3318}, 0, {4186, 6868}, {0x00, 0x00, 0x81, 0xFF}}},
	{{{356, -3725, 268}, 0, {-5714, -3994}, {0x00, 0x81, 0x00, 0xFF}}},
	{{{356, -3725, 1095}, 0, {-3029, -3994}, {0x00, 0x81, 0x00, 0xFF}}},
	{{{-2344, -3725, 1095}, 0, {-3029, -3994}, {0x00, 0x81, 0x00, 0xFF}}},
	{{{-2344, -3725, 268}, 0, {-5714, -3994}, {0x00, 0x81, 0x00, 0xFF}}},
	{{{-2575, -3725, 1095}, 0, {-3029, -3994}, {0x00, 0x81, 0x00, 0xFF}}},
	{{{-2575, -3725, 268}, 0, {-5714, -3994}, {0x00, 0x81, 0x00, 0xFF}}},
	{{{-2344, -3631, 1183}, 0, {-2743, -4299}, {0x00, 0x7F, 0x00, 0xFF}}},
	{{{-2344, -3631, 180}, 0, {-6000, -4299}, {0x00, 0x7F, 0x00, 0xFF}}},
	{{{-2575, -3631, 180}, 0, {-6000, -4299}, {0x00, 0x7F, 0x00, 0xFF}}},
	{{{-2575, -3631, 1183}, 0, {-2743, -4299}, {0x00, 0x7F, 0x00, 0xFF}}},
	{{{-3620, -5000, 180}, 0, {-6001, 145}, {0x81, 0x00, 0x00, 0xFF}}},
	{{{-3620, -5000, 268}, 0, {-5714, 145}, {0x81, 0x00, 0x00, 0xFF}}},
	{{{-3620, -4803, 268}, 0, {-5714, -494}, {0x81, 0x00, 0x00, 0xFF}}},
	{{{-3620, -5000, 180}, 0, {-6001, 145}, {0x81, 0x00, 0x00, 0xFF}}},
	{{{-3620, -4803, 268}, 0, {-5714, -494}, {0x81, 0x00, 0x00, 0xFF}}},
	{{{-3620, -4803, 180}, 0, {-6001, -494}, {0x81, 0x00, 0x00, 0xFF}}},
	{{{-3620, -5000, 1095}, 0, {-3029, 145}, {0x81, 0x00, 0x00, 0xFF}}},
	{{{-3620, -5000, 1183}, 0, {-2743, 145}, {0x81, 0x00, 0x00, 0xFF}}},
	{{{-3620, -4803, 1183}, 0, {-2743, -494}, {0x81, 0x00, 0x00, 0xFF}}},
	{{{-3620, -4803, 1095}, 0, {-3029, -494}, {0x81, 0x00, 0x00, 0xFF}}},
	{{{-3620, -4803, 1183}, 0, {-2743, -494}, {0x00, 0x7F, 0x00, 0xFF}}},
	{{{-3349, -4803, 1095}, 0, {-3029, -494}, {0xDD, 0x7A, 0x00, 0xFF}}},
	{{{-3620, -4803, 1095}, 0, {-3029, -494}, {0x00, 0x7F, 0x00, 0xFF}}},
	{{{-3349, -4803, 1183}, 0, {-2743, -494}, {0xDD, 0x7A, 0x00, 0xFF}}},
	{{{-2575, -4316, 1095}, 0, {-3029, -2077}, {0xBC, 0x6B, 0x00, 0xFF}}},
	{{{-2575, -4316, 1183}, 0, {-2743, -2077}, {0xBC, 0x6B, 0x00, 0xFF}}},
	{{{-3620, -4803, 180}, 0, {-6001, -494}, {0x00, 0x7F, 0x00, 0xFF}}},
	{{{-3620, -4803, 268}, 0, {-5714, -494}, {0x00, 0x7F, 0x00, 0xFF}}},
	{{{-3349, -4803, 268}, 0, {-5714, -494}, {0x00, 0x7F, 0x00, 0xFF}}},
	{{{-3349, -4803, 180}, 0, {-6001, -494}, {0x00, 0x7F, 0x00, 0xFF}}},
	{{{-3349, -4803, 268}, 0, {-5714, -494}, {0xBC, 0x6B, 0x00, 0xFF}}},
	{{{-2575, -4316, 268}, 0, {-5714, -2077}, {0xBC, 0x6B, 0x00, 0xFF}}},
	{{{-2575, -4316, 180}, 0, {-6000, -2077}, {0xBC, 0x6B, 0x00, 0xFF}}},
	{{{-3349, -4803, 180}, 0, {-6001, -494}, {0xBC, 0x6B, 0x00, 0xFF}}},
	{{{-2575, -4316, 268}, 0, {-5714, -2077}, {0x81, 0x00, 0x00, 0xFF}}},
	{{{-2575, -3631, 180}, 0, {-6000, -4299}, {0x81, 0x00, 0x00, 0xFF}}},
	{{{-2575, -4316, 180}, 0, {-6000, -2077}, {0x81, 0x00, 0x00, 0xFF}}},
	{{{-2575, -3725, 268}, 0, {-5714, -3994}, {0x81, 0x00, 0x00, 0xFF}}},
	{{{-2575, -3631, 1183}, 0, {-2743, -4299}, {0x81, 0x00, 0x00, 0xFF}}},
	{{{-2575, -3725, 1095}, 0, {-3029, -3994}, {0x81, 0x00, 0x00, 0xFF}}},
	{{{-2575, -4316, 1183}, 0, {-2743, -2077}, {0x81, 0x00, 0x00, 0xFF}}},
	{{{-2575, -4316, 1095}, 0, {-3029, -2077}, {0x81, 0x00, 0x00, 0xFF}}},
	{{{6874, -5742, -453}, 0, {-8055, 2551}, {0x00, 0x00, 0x81, 0xFF}}},
	{{{6874, -4832, -453}, 0, {-8055, -402}, {0x00, 0x00, 0x81, 0xFF}}},
	{{{7090, -4832, -453}, 0, {-8055, -402}, {0x00, 0x00, 0x81, 0xFF}}},
	{{{6874, -5742, -453}, 0, {-8055, 2551}, {0x00, 0x00, 0x81, 0xFF}}},
	{{{7090, -4832, -453}, 0, {-8055, -402}, {0x00, 0x00, 0x81, 0xFF}}},
	{{{7090, -5742, -453}, 0, {-8055, 2551}, {0x00, 0x00, 0x81, 0xFF}}},
	{{{6874, -5036, -2401}, 0, {-14378, 261}, {0x00, 0x77, 0x2B, 0xFF}}},
	{{{6874, -5742, -453}, 0, {-8055, 2551}, {0x00, 0x77, 0x2B, 0xFF}}},
	{{{7090, -5742, -453}, 0, {-8055, 2551}, {0x00, 0x77, 0x2B, 0xFF}}},
	{{{7090, -5036, -2401}, 0, {-14378, 261}, {0x00, 0x77, 0x2B, 0xFF}}},
	{{{6874, -4832, -453}, 0, {-8055, -402}, {0x00, 0x89, 0xD5, 0xFF}}},
	{{{6874, -4126, -2401}, 0, {-14378, -2692}, {0x00, 0x89, 0xD5, 0xFF}}},
	{{{7090, -4126, -2401}, 0, {-14378, -2692}, {0x00, 0x89, 0xD5, 0xFF}}},
	{{{7090, -4832, -453}, 0, {-8055, -402}, {0x00, 0x89, 0xD5, 0xFF}}},
	{{{6874, -4126, -2401}, 0, {-14378, -2692}, {0x00, 0x00, 0x7F, 0xFF}}},
	{{{6874, -5036, -2401}, 0, {-14378, 261}, {0x00, 0x00, 0x7F, 0xFF}}},
	{{{7090, -5036, -2401}, 0, {-14378, 261}, {0x00, 0x00, 0x7F, 0xFF}}},
	{{{7090, -4126, -2401}, 0, {-14378, -2692}, {0x00, 0x00, 0x7F, 0xFF}}},
	{{{1422, -7150, 3514}, 0, {4822, 7123}, {0x00, 0x00, 0x7F, 0xFF}}},
	{{{1422, -8023, 3514}, 0, {4822, 9955}, {0x00, 0x5A, 0x5A, 0xFF}}},
	{{{1526, -8023, 3514}, 0, {4822, 9955}, {0x00, 0x78, 0x28, 0xFF}}},
	{{{1526, -7751, 3514}, 0, {4822, 7123}, {0x00, 0x00, 0x7F, 0xFF}}},
	{{{1422, -8023, 3460}, 0, {4492, 9955}, {0x00, 0x5A, 0xA6, 0xFF}}},
	{{{1526, -7751, 3460}, 0, {4492, 7123}, {0x00, 0x00, 0x81, 0xFF}}},
	{{{1526, -8023, 3460}, 0, {4492, 9955}, {0x00, 0x78, 0xD8, 0xFF}}},
	{{{1422, -7150, 3460}, 0, {4492, 7123}, {0x00, 0x00, 0x81, 0xFF}}},
	{{{1897, -7751, 3460}, 0, {4492, 7123}, {0x00, 0x00, 0x81, 0xFF}}},
	{{{2001, -7150, 3460}, 0, {4492, 7123}, {0x00, 0x00, 0x81, 0xFF}}},
	{{{1897, -8023, 3460}, 0, {4492, 9955}, {0x00, 0x78, 0xD8, 0xFF}}},
	{{{2001, -8023, 3460}, 0, {4492, 9955}, {0x00, 0x5A, 0xA6, 0xFF}}},
	{{{1422, -8023, 3514}, 0, {4822, 9955}, {0x7F, 0x00, 0x00, 0xFF}}},
	{{{1422, -7150, 5121}, 0, {10038, 7123}, {0x7F, 0x00, 0x00, 0xFF}}},
	{{{1422, -8023, 5121}, 0, {10038, 9955}, {0x7F, 0x00, 0x00, 0xFF}}},
	{{{1422, -7150, 3514}, 0, {4822, 7123}, {0x7F, 0x00, 0x00, 0xFF}}},
	{{{1422, -6111, 3514}, 0, {4822, 3750}, {0x7F, 0x00, 0x00, 0xFF}}},
	{{{1422, -7150, 5121}, 0, {10038, 7123}, {0x7F, 0x00, 0x00, 0xFF}}},
	{{{1422, -6111, 3514}, 0, {4822, 3750}, {0x7F, 0x00, 0x00, 0xFF}}},
	{{{1422, -6111, 5121}, 0, {10038, 3750}, {0x7F, 0x00, 0x00, 0xFF}}},
	{{{1422, -6111, 3514}, 0, {4822, 3750}, {0x00, 0x81, 0x00, 0xFF}}},
	{{{2001, -6111, 5121}, 0, {10038, 3750}, {0x00, 0x81, 0x00, 0xFF}}},
	{{{1422, -6111, 5121}, 0, {10038, 3750}, {0x00, 0x81, 0x00, 0xFF}}},
	{{{2001, -6111, 3514}, 0, {4822, 3750}, {0x00, 0x81, 0x00, 0xFF}}},
	{{{6566, -6111, 3514}, 0, {4822, 3750}, {0x00, 0x81, 0x00, 0xFF}}},
	{{{6566, -6111, 5121}, 0, {10038, 3750}, {0x00, 0x81, 0x00, 0xFF}}},
	{{{6566, -7150, 3514}, 0, {4822, 7123}, {0x81, 0x00, 0x00, 0xFF}}},
	{{{6566, -8023, 3514}, 0, {4822, 9955}, {0x81, 0x00, 0x00, 0xFF}}},
	{{{6566, -8023, 5121}, 0, {10038, 9955}, {0x81, 0x00, 0x00, 0xFF}}},
	{{{6566, -7150, 5121}, 0, {10038, 7123}, {0x81, 0x00, 0x00, 0xFF}}},
	{{{6566, -6111, 5121}, 0, {10038, 3750}, {0x81, 0x00, 0x00, 0xFF}}},
	{{{6566, -6111, 3514}, 0, {4822, 3750}, {0x81, 0x00, 0x00, 0xFF}}},
	{{{-1357, -4126, -3129}, 0, {-16740, -2692}, {0x00, 0x81, 0x00, 0xFF}}},
	{{{-1302, -4126, -3857}, 0, {-19102, -2692}, {0x00, 0x81, 0x00, 0xFF}}},
	{{{244, -4126, -3857}, 0, {-19102, -2692}, {0x00, 0x81, 0x00, 0xFF}}},
	{{{244, -4126, -3129}, 0, {-16740, -2692}, {0x00, 0x81, 0x00, 0xFF}}},
	{{{362, -4126, -2401}, 0, {-14378, -2692}, {0x81, 0x00, 0x00, 0xFF}}},
	{{{362, -2051, -453}, 0, {-8055, -9427}, {0x81, 0x00, 0x00, 0xFF}}},
	{{{362, -2051, -2401}, 0, {-14378, -9427}, {0x81, 0x00, 0x00, 0xFF}}},
	{{{362, -4832, -453}, 0, {-8055, -402}, {0x81, 0x00, 0x00, 0xFF}}},
	{{{362, -3631, 180}, 0, {-6000, -4299}, {0x81, 0x00, 0x00, 0xFF}}},
	{{{362, -4703, 180}, 0, {-6001, -821}, {0x81, 0x00, 0x00, 0xFF}}},
	{{{362, -5742, -453}, 0, {-8055, 2551}, {0x81, 0x00, 0x00, 0xFF}}},
	{{{362, -4703, 1183}, 0, {-2743, -821}, {0x81, 0x00, 0x00, 0xFF}}},
	{{{362, -6449, 1002}, 0, {-3330, 4848}, {0x81, 0x00, 0x00, 0xFF}}},
	{{{362, -4812, 2217}, 0, {612, -466}, {0x81, 0x00, 0x00, 0xFF}}},
	{{{362, -7039, 2299}, 0, {878, 6763}, {0x81, 0x00, 0x00, 0xFF}}},
	{{{362, -7871, 2299}, 0, {878, 9464}, {0x81, 0x00, 0x00, 0xFF}}},
	{{{362, -10779, 1002}, 0, {-3330, 18899}, {0x81, 0x00, 0x00, 0xFF}}},
	{{{362, -10779, 1002}, 0, {-3330, 18899}, {0x81, 0x00, 0x00, 0xFF}}},
	{{{362, -7871, 3198}, 0, {3797, 9464}, {0x81, 0x00, 0x00, 0xFF}}},
	{{{362, -7871, 2299}, 0, {878, 9464}, {0x81, 0x00, 0x00, 0xFF}}},
	{{{362, -10779, 5331}, 0, {11983, 18899}, {0x81, 0x00, 0x00, 0xFF}}},
	{{{362, -7039, 3198}, 0, {3797, 6763}, {0x81, 0x00, 0x00, 0xFF}}},
	{{{362, -6449, 5331}, 0, {11983, 4848}, {0x81, 0x00, 0x00, 0xFF}}},
	{{{362, -4812, 5331}, 0, {11983, -466}, {0x81, 0x00, 0x00, 0xFF}}},
	{{{362, -7039, 2299}, 0, {878, 6763}, {0x81, 0x00, 0x00, 0xFF}}},
	{{{362, -4812, 2217}, 0, {612, -466}, {0x81, 0x00, 0x00, 0xFF}}},
	{{{362, -3631, 1183}, 0, {-2743, -4299}, {0x81, 0x00, 0x00, 0xFF}}},
	{{{362, -4703, 1183}, 0, {-2743, -821}, {0x81, 0x00, 0x00, 0xFF}}},
	{{{362, -2051, 2217}, 0, {612, -9427}, {0x81, 0x00, 0x00, 0xFF}}},
	{{{362, -3631, 180}, 0, {-6000, -4299}, {0x81, 0x00, 0x00, 0xFF}}},
	{{{362, -2051, -453}, 0, {-8055, -9427}, {0x81, 0x00, 0x00, 0xFF}}},
	{{{708, -6033, -4621}, 0, {-21583, 3495}, {0x81, 0x00, 0x00, 0xFF}}},
	{{{708, -6449, -4616}, 0, {-21565, 4848}, {0x81, 0x00, 0x00, 0xFF}}},
	{{{708, -6449, -4484}, 0, {-21138, 4848}, {0x81, 0x00, 0x00, 0xFF}}},
	{{{708, -6170, -4484}, 0, {-21138, 3942}, {0x81, 0x00, 0x00, 0xFF}}},
	{{{708, -6033, -4062}, 0, {-19768, 3495}, {0x81, 0x00, 0x00, 0xFF}}},
	{{{708, -6170, -4194}, 0, {-20195, 3942}, {0x81, 0x00, 0x00, 0xFF}}},
	{{{708, -6449, -4062}, 0, {-19768, 4848}, {0x81, 0x00, 0x00, 0xFF}}},
	{{{708, -6449, -4194}, 0, {-20195, 4848}, {0x81, 0x00, 0x00, 0xFF}}},
	{{{244, -6449, -4821}, 0, {-22231, 4848}, {0x81, 0x00, 0x00, 0xFF}}},
	{{{244, -5036, -5620}, 0, {-24824, 261}, {0x81, 0x00, 0x00, 0xFF}}},
	{{{244, -6449, -5620}, 0, {-24824, 4848}, {0x81, 0x00, 0x00, 0xFF}}},
	{{{244, -5592, -4821}, 0, {-22231, 2066}, {0x81, 0x00, 0x00, 0xFF}}},
	{{{244, -5036, -3857}, 0, {-19102, 261}, {0x81, 0x00, 0x00, 0xFF}}},
	{{{244, -5592, -3857}, 0, {-19102, 2066}, {0x81, 0x00, 0x00, 0xFF}}},
	{{{244, -4126, -5620}, 0, {-24824, -2692}, {0x81, 0x00, 0x00, 0xFF}}},
	{{{244, -4126, -3857}, 0, {-19102, -2692}, {0x81, 0x00, 0x00, 0xFF}}},
	{{{244, -5036, -3129}, 0, {-16740, 261}, {0x81, 0x00, 0x0A, 0xFF}}},
	{{{244, -4126, -3129}, 0, {-16740, -2692}, {0x82, 0x00, 0x0E, 0xFF}}},
	{{{362, -5036, -2401}, 0, {-14378, 261}, {0x83, 0x00, 0x14, 0xFF}}},
	{{{244, -4126, -3129}, 0, {-16740, -2692}, {0x82, 0x00, 0x0E, 0xFF}}},
	{{{244, -5036, -3129}, 0, {-16740, 261}, {0x81, 0x00, 0x0A, 0xFF}}},
	{{{362, -4126, -2401}, 0, {-14378, -2692}, {0x83, 0x00, 0x14, 0xFF}}},
	{{{244, -2730, -3129}, 0, {-16740, -7223}, {0x83, 0x00, 0x14, 0xFF}}},
	{{{362, -2051, -2401}, 0, {-14378, -9427}, {0x83, 0x00, 0x14, 0xFF}}},
	{{{244, -4126, -5620}, 0, {-24824, -2692}, {0x81, 0x00, 0x00, 0xFF}}},
	{{{244, -4126, -3857}, 0, {-19102, -2692}, {0x81, 0x00, 0x00, 0xFF}}},
	{{{244, -2051, -3857}, 0, {-19102, -9427}, {0x81, 0x00, 0x00, 0xFF}}},
	{{{244, -2051, -5620}, 0, {-24824, -9427}, {0x81, 0x00, 0x00, 0xFF}}},
	{{{1186, -5427, -3857}, 0, {-19102, 1530}, {0x00, 0x00, 0x81, 0xFF}}},
	{{{1186, -6449, -3857}, 0, {-19102, 4848}, {0x00, 0x00, 0x81, 0xFF}}},
	{{{1064, -6449, -3857}, 0, {-19102, 4848}, {0x00, 0x00, 0x81, 0xFF}}},
	{{{1064, -5427, -3857}, 0, {-19102, 1530}, {0x00, 0x00, 0x81, 0xFF}}},
	{{{800, -6033, -4062}, 0, {-19768, 3495}, {0x7F, 0x00, 0x00, 0xFF}}},
	{{{800, -6449, -4062}, 0, {-19768, 4848}, {0x7F, 0x00, 0x00, 0xFF}}},
	{{{800, -6449, -4194}, 0, {-20195, 4848}, {0x7F, 0x00, 0x00, 0xFF}}},
	{{{800, -6170, -4194}, 0, {-20195, 3942}, {0x7F, 0x00, 0x00, 0xFF}}},
	{{{800, -6033, -4616}, 0, {-21565, 3495}, {0x7F, 0x00, 0x00, 0xFF}}},
	{{{800, -6170, -4484}, 0, {-21138, 3942}, {0x7F, 0x00, 0x00, 0xFF}}},
	{{{800, -6449, -4616}, 0, {-21565, 4848}, {0x7F, 0x00, 0x00, 0xFF}}},
	{{{800, -6449, -4484}, 0, {-21138, 4848}, {0x7F, 0x00, 0x00, 0xFF}}},
	{{{356, -6449, -4821}, 0, {-22231, 4848}, {0x00, 0x00, 0x7F, 0xFF}}},
	{{{356, -5592, -4821}, 0, {-22231, 2066}, {0x00, 0x00, 0x7F, 0xFF}}},
	{{{244, -5592, -4821}, 0, {-22231, 2066}, {0x00, 0x00, 0x7F, 0xFF}}},
	{{{244, -6449, -4821}, 0, {-22231, 4848}, {0x00, 0x00, 0x7F, 0xFF}}},
	{{{800, -6170, -4484}, 0, {-21138, 3942}, {0x00, 0x81, 0x00, 0xFF}}},
	{{{800, -6170, -4194}, 0, {-20195, 3942}, {0x00, 0x81, 0x00, 0xFF}}},
	{{{708, -6170, -4194}, 0, {-20195, 3942}, {0x00, 0x81, 0x00, 0xFF}}},
	{{{708, -6170, -4484}, 0, {-21138, 3942}, {0x00, 0x81, 0x00, 0xFF}}},
	{{{356, -5592, -4821}, 0, {-22231, 2066}, {0x00, 0x81, 0x00, 0xFF}}},
	{{{356, -5592, -3857}, 0, {-19102, 2066}, {0x00, 0x81, 0x00, 0xFF}}},
	{{{244, -5592, -3857}, 0, {-19102, 2066}, {0x00, 0x81, 0x00, 0xFF}}},
	{{{244, -5592, -4821}, 0, {-22231, 2066}, {0x00, 0x81, 0x00, 0xFF}}},
	{{{800, -6033, -4062}, 0, {-19768, 3495}, {0x74, 0xCD, 0x00, 0xFF}}},
	{{{800, -6033, -4616}, 0, {-21565, 3495}, {0x74, 0xCD, 0x00, 0xFF}}},
	{{{1064, -5427, -4821}, 0, {-22231, 1530}, {0x74, 0xCD, 0x00, 0xFF}}},
	{{{1064, -5427, -3857}, 0, {-19102, 1530}, {0x74, 0xCD, 0x00, 0xFF}}},
	{{{356, -5592, -4821}, 0, {-22231, 2066}, {0x9A, 0xC6, 0x31, 0xFF}}},
	{{{356, -6449, -4821}, 0, {-22231, 4848}, {0xC1, 0x00, 0x6E, 0xFF}}},
	{{{708, -6449, -4616}, 0, {-21565, 4848}, {0xC1, 0x00, 0x6E, 0xFF}}},
	{{{708, -6033, -4621}, 0, {-21583, 3495}, {0xA1, 0xD6, 0x4A, 0xFF}}},
	{{{356, -5592, -3857}, 0, {-19102, 2066}, {0x9A, 0xC6, 0xCF, 0xFF}}},
	{{{708, -6033, -4062}, 0, {-19768, 3495}, {0xA1, 0xD6, 0xB7, 0xFF}}},
	{{{800, -6449, -4062}, 0, {-19768, 4848}, {0x4E, 0x00, 0x9C, 0xFF}}},
	{{{800, -6033, -4062}, 0, {-19768, 3495}, {0x4E, 0x00, 0x9C, 0xFF}}},
	{{{1064, -5427, -3857}, 0, {-19102, 1530}, {0x4E, 0x00, 0x9C, 0xFF}}},
	{{{1064, -6449, -3857}, 0, {-19102, 4848}, {0x4E, 0x00, 0x9C, 0xFF}}},
	{{{800, -6033, -4616}, 0, {-21565, 3495}, {0x4E, 0x00, 0x64, 0xFF}}},
	{{{800, -6449, -4616}, 0, {-21565, 4848}, {0x4E, 0x00, 0x64, 0xFF}}},
	{{{1064, -6449, -4821}, 0, {-22231, 4848}, {0x29, 0x00, 0x78, 0xFF}}},
	{{{1064, -5427, -4821}, 0, {-22231, 1530}, {0x14, 0x00, 0x7D, 0xFF}}},
	{{{-2240, -4126, -3857}, 0, {-19102, -2692}, {0x7F, 0x00, 0x00, 0xFF}}},
	{{{-2240, -2051, -5620}, 0, {-24824, -9427}, {0x7F, 0x00, 0x00, 0xFF}}},
	{{{-2240, -2051, -3857}, 0, {-19102, -9427}, {0x7F, 0x00, 0x00, 0xFF}}},
	{{{-2240, -4126, -5620}, 0, {-24824, -2692}, {0x7F, 0x00, 0x00, 0xFF}}},
	{{{-2240, -5036, -5620}, 0, {-24824, 261}, {0x7F, 0x00, 0x00, 0xFF}}},
	{{{-2240, -5427, -3857}, 0, {-19102, 1530}, {0x7F, 0x00, 0x00, 0xFF}}},
	{{{-2240, -6449, -4749}, 0, {-21999, 4848}, {0x7F, 0x00, 0x00, 0xFF}}},
	{{{-2240, -6449, -3857}, 0, {-19102, 4848}, {0x7F, 0x00, 0x00, 0xFF}}},
	{{{-2240, -8173, -3857}, 0, {-19102, 10443}, {0x7F, 0x00, 0x00, 0xFF}}},
	{{{-2240, -7959, -4749}, 0, {-21999, 9747}, {0x7F, 0x00, 0x00, 0xFF}}},
	{{{-2240, -7959, -4749}, 0, {-21999, 9747}, {0x7F, 0x00, 0x00, 0xFF}}},
	{{{-2240, -8173, -3857}, 0, {-19102, 10443}, {0x7F, 0x00, 0x00, 0xFF}}},
	{{{-2240, -10779, -3857}, 0, {-19102, 18899}, {0x7F, 0x00, 0x00, 0xFF}}},
	{{{-2240, -10779, -4749}, 0, {-21999, 18899}, {0x7F, 0x00, 0x00, 0xFF}}},
	{{{-2240, -5036, -5620}, 0, {-24824, 261}, {0x7F, 0x00, 0x00, 0xFF}}},
	{{{-2240, -6449, -4749}, 0, {-21999, 4848}, {0x7F, 0x00, 0x00, 0xFF}}},
	{{{-2240, -6449, -5620}, 0, {-24824, 4848}, {0x7F, 0x00, 0x00, 0xFF}}},
	{{{-1302, -8325, -3857}, 0, {-19102, 10934}, {0x88, 0x26, 0xF2, 0xFF}}},
	{{{-1156, -8110, -4512}, 0, {-21229, 10238}, {0x8C, 0x34, 0xF8, 0xFF}}},
	{{{-1156, -10779, -4512}, 0, {-21229, 18899}, {0x84, 0x00, 0xE4, 0xFF}}},
	{{{-1302, -10779, -3857}, 0, {-19102, 18899}, {0x84, 0x00, 0xE4, 0xFF}}},
	{{{-386, -6449, -3857}, 0, {-19102, 4848}, {0xAE, 0x00, 0x61, 0xFF}}},
	{{{-1156, -6449, -4512}, 0, {-21229, 4848}, {0xAE, 0x00, 0x61, 0xFF}}},
	{{{-1156, -8110, -4512}, 0, {-21229, 10238}, {0xAE, 0x00, 0x61, 0xFF}}},
	{{{-1024, -7981, -4400}, 0, {-20866, 9818}, {0xAE, 0x00, 0x61, 0xFF}}},
	{{{-386, -7864, -3857}, 0, {-19102, 9438}, {0xAE, 0x00, 0x61, 0xFF}}},
	{{{-1156, -8110, -4512}, 0, {-21229, 10238}, {0xE5, 0x00, 0x7C, 0xFF}}},
	{{{-2240, -10779, -4749}, 0, {-21999, 18899}, {0xE5, 0x00, 0x7C, 0xFF}}},
	{{{-1156, -10779, -4512}, 0, {-21229, 18899}, {0xE5, 0x00, 0x7C, 0xFF}}},
	{{{-2240, -7959, -4749}, 0, {-21999, 9747}, {0xE5, 0x00, 0x7C, 0xFF}}},
	{{{-2240, -6449, -4749}, 0, {-21999, 4848}, {0xE5, 0x00, 0x7C, 0xFF}}},
	{{{-1156, -6449, -4512}, 0, {-21229, 4848}, {0xE5, 0x00, 0x7C, 0xFF}}},
	{{{-1565, -10115, -1725}, 0, {-12181, 16746}, {0x81, 0x00, 0x00, 0xFF}}},
	{{{-1565, -9526, -761}, 0, {-9052, 14835}, {0x81, 0x00, 0x00, 0xFF}}},
	{{{-1565, -9526, -1725}, 0, {-12181, 14835}, {0x81, 0x00, 0x00, 0xFF}}},
	{{{-1565, -10115, -761}, 0, {-9052, 16746}, {0x81, 0x00, 0x00, 0xFF}}},
	{{{-1565, -9526, 266}, 0, {-5720, 14835}, {0x81, 0x00, 0x00, 0xFF}}},
	{{{-1565, -10115, 266}, 0, {-5720, 16746}, {0x81, 0x00, 0x00, 0xFF}}},
	{{{-1565, -9255, 266}, 0, {-5720, 13953}, {0x81, 0x00, 0x00, 0xFF}}},
	{{{-1565, -9255, -761}, 0, {-9052, 13953}, {0x81, 0x00, 0x00, 0xFF}}},
	{{{-473, -10115, -761}, 0, {-9052, 16746}, {0x7F, 0x00, 0x00, 0xFF}}},
	{{{-473, -10115, -1725}, 0, {-12181, 16746}, {0x7F, 0x00, 0x00, 0xFF}}},
	{{{-473, -9526, -1725}, 0, {-12181, 14835}, {0x7F, 0x00, 0x00, 0xFF}}},
	{{{-473, -9526, -761}, 0, {-9052, 14835}, {0x7F, 0x00, 0x00, 0xFF}}},
	{{{-473, -10115, 266}, 0, {-5720, 16746}, {0x7F, 0x00, 0x00, 0xFF}}},
	{{{-473, -9526, 266}, 0, {-5720, 14835}, {0x7F, 0x00, 0x00, 0xFF}}},
	{{{-473, -9255, -761}, 0, {-9052, 13953}, {0x7F, 0x00, 0x00, 0xFF}}},
	{{{-473, -9255, 266}, 0, {-5720, 13953}, {0x7F, 0x00, 0x00, 0xFF}}},
	{{{-473, -9255, -761}, 0, {-9052, 13953}, {0x00, 0x00, 0x81, 0xFF}}},
	{{{-473, -9526, -761}, 0, {-9052, 14835}, {0x00, 0x00, 0x81, 0xFF}}},
	{{{-693, -9526, -761}, 0, {-9052, 14835}, {0x00, 0x00, 0x81, 0xFF}}},
	{{{-693, -9255, -761}, 0, {-9052, 13953}, {0x00, 0x00, 0x81, 0xFF}}},
	{{{-1565, -9526, -761}, 0, {-9052, 14835}, {0x00, 0x00, 0x81, 0xFF}}},
	{{{-1565, -9255, -761}, 0, {-9052, 13953}, {0x00, 0x00, 0x81, 0xFF}}},
	{{{-1345, -9255, -761}, 0, {-9052, 13953}, {0x00, 0x00, 0x81, 0xFF}}},
	{{{-1345, -9526, -761}, 0, {-9052, 14835}, {0x00, 0x00, 0x81, 0xFF}}},
	{{{-693, -9526, -973}, 0, {-9741, 14835}, {0x7F, 0x00, 0x00, 0xFF}}},
	{{{-693, -9526, -1185}, 0, {-10429, 14835}, {0x7F, 0x00, 0x00, 0xFF}}},
	{{{-693, -9396, -1185}, 0, {-10429, 14411}, {0x7F, 0x00, 0x00, 0xFF}}},
	{{{-693, -9396, -1052}, 0, {-9999, 14411}, {0x7F, 0x00, 0x00, 0xFF}}},
	{{{-693, -9526, -761}, 0, {-9052, 14835}, {0x7F, 0x00, 0x00, 0xFF}}},
	{{{-693, -9255, -761}, 0, {-9052, 13953}, {0x7F, 0x00, 0x00, 0xFF}}},
	{{{-1345, -9526, -973}, 0, {-9741, 14835}, {0x81, 0x00, 0x00, 0xFF}}},
	{{{-1345, -9526, -761}, 0, {-9052, 14835}, {0x81, 0x00, 0x00, 0xFF}}},
	{{{-1345, -9255, -761}, 0, {-9052, 13953}, {0x81, 0x00, 0x00, 0xFF}}},
	{{{-1345, -9396, -1052}, 0, {-9999, 14411}, {0x81, 0x00, 0x00, 0xFF}}},
	{{{-1345, -9526, -1185}, 0, {-10429, 14835}, {0x81, 0x00, 0x00, 0xFF}}},
	{{{-1345, -9396, -1185}, 0, {-10429, 14411}, {0x81, 0x00, 0x00, 0xFF}}},
	{{{-1345, -9396, -1052}, 0, {-9999, 14411}, {0x00, 0x7C, 0xE4, 0xFF}}},
	{{{-1345, -9255, -761}, 0, {-9052, 13953}, {0x00, 0x72, 0xC9, 0xFF}}},
	{{{-1218, -9255, -761}, 0, {-9052, 13953}, {0x00, 0x72, 0xC9, 0xFF}}},
	{{{-1218, -9396, -1052}, 0, {-9999, 14411}, {0x00, 0x7C, 0xE4, 0xFF}}},
	{{{-1345, -9396, -1185}, 0, {-10429, 14411}, {0x00, 0x7F, 0x00, 0xFF}}},
	{{{-1345, -9396, -1052}, 0, {-9999, 14411}, {0x00, 0x7C, 0xE4, 0xFF}}},
	{{{-1218, -9396, -1052}, 0, {-9999, 14411}, {0x00, 0x7C, 0xE4, 0xFF}}},
	{{{-1218, -9396, -1185}, 0, {-10429, 14411}, {0x00, 0x7F, 0x00, 0xFF}}},
	{{{-693, -9396, -1052}, 0, {-9999, 14411}, {0x00, 0x7C, 0xE4, 0xFF}}},
	{{{-693, -9396, -1185}, 0, {-10429, 14411}, {0x00, 0x7F, 0x00, 0xFF}}},
	{{{-820, -9396, -1185}, 0, {-10429, 14411}, {0x00, 0x7F, 0x00, 0xFF}}},
	{{{-820, -9396, -1052}, 0, {-9999, 14411}, {0x00, 0x7C, 0xE4, 0xFF}}},
	{{{-693, -9255, -761}, 0, {-9052, 13953}, {0x00, 0x72, 0xC9, 0xFF}}},
	{{{-820, -9255, -761}, 0, {-9052, 13953}, {0x00, 0x72, 0xC9, 0xFF}}},
	{{{-1345, -9255, -761}, 0, {-9052, 13953}, {0x00, 0x7F, 0x00, 0xFF}}},
	{{{-1218, -9255, -698}, 0, {-8848, 13953}, {0x00, 0x7F, 0x00, 0xFF}}},
	{{{-1218, -9255, -761}, 0, {-9052, 13953}, {0x00, 0x7F, 0x00, 0xFF}}},
	{{{-1345, -9255, -698}, 0, {-8848, 13953}, {0x00, 0x7F, 0x00, 0xFF}}},
	{{{-1565, -9255, -761}, 0, {-9052, 13953}, {0x00, 0x7F, 0x00, 0xFF}}},
	{{{-1503, -9255, -698}, 0, {-8848, 13953}, {0x00, 0x7F, 0x00, 0xFF}}},
	{{{-1503, -9255, 203}, 0, {-5923, 13953}, {0x00, 0x7F, 0x00, 0xFF}}},
	{{{-1565, -9255, 266}, 0, {-5720, 13953}, {0x00, 0x7F, 0x00, 0xFF}}},
	{{{-535, -9255, 203}, 0, {-5923, 13953}, {0x00, 0x7F, 0x00, 0xFF}}},
	{{{-473, -9255, 266}, 0, {-5720, 13953}, {0x00, 0x7F, 0x00, 0xFF}}},
	{{{-535, -9255, -698}, 0, {-8848, 13953}, {0x00, 0x7F, 0x00, 0xFF}}},
	{{{-473, -9255, -761}, 0, {-9052, 13953}, {0x00, 0x7F, 0x00, 0xFF}}},
	{{{-693, -9255, -761}, 0, {-9052, 13953}, {0x00, 0x7F, 0x00, 0xFF}}},
	{{{-693, -9255, -698}, 0, {-8848, 13953}, {0x00, 0x7F, 0x00, 0xFF}}},
	{{{-820, -9255, -698}, 0, {-8848, 13953}, {0x00, 0x7F, 0x00, 0xFF}}},
	{{{-820, -9255, -761}, 0, {-9052, 13953}, {0x00, 0x7F, 0x00, 0xFF}}},
	{{{-1345, -9526, -1185}, 0, {-10429, 14835}, {0x00, 0x00, 0x81, 0xFF}}},
	{{{-1345, -9396, -1185}, 0, {-10429, 14411}, {0x00, 0x00, 0x81, 0xFF}}},
	{{{-1218, -9396, -1185}, 0, {-10429, 14411}, {0x00, 0x00, 0x81, 0xFF}}},
	{{{-1218, -9526, -1185}, 0, {-10429, 14835}, {0x00, 0x00, 0x81, 0xFF}}},
	{{{-820, -9526, -1185}, 0, {-10429, 14835}, {0x00, 0x00, 0x81, 0xFF}}},
	{{{-820, -9396, -1185}, 0, {-10429, 14411}, {0x00, 0x00, 0x81, 0xFF}}},
	{{{-693, -9396, -1185}, 0, {-10429, 14411}, {0x00, 0x00, 0x81, 0xFF}}},
	{{{-693, -9526, -1185}, 0, {-10429, 14835}, {0x00, 0x00, 0x81, 0xFF}}},
	{{{-1218, -9440, -941}, 0, {-9639, 14555}, {0x7F, 0x00, 0x00, 0xFF}}},
	{{{-1218, -9526, -1185}, 0, {-10429, 14835}, {0x7F, 0x00, 0x00, 0xFF}}},
	{{{-1218, -9396, -1185}, 0, {-10429, 14411}, {0x7F, 0x00, 0x00, 0xFF}}},
	{{{-1218, -9396, -1052}, 0, {-9999, 14411}, {0x7F, 0x00, 0x00, 0xFF}}},
	{{{-1218, -9354, -698}, 0, {-8848, 14275}, {0x7F, 0x00, 0x00, 0xFF}}},
	{{{-1218, -9255, -761}, 0, {-9052, 13953}, {0x7F, 0x00, 0x00, 0xFF}}},
	{{{-1218, -9255, -698}, 0, {-8848, 13953}, {0x7F, 0x00, 0x00, 0xFF}}},
	{{{-820, -9526, -1185}, 0, {-10429, 14835}, {0x81, 0x00, 0x00, 0xFF}}},
	{{{-820, -9396, -1052}, 0, {-9999, 14411}, {0x81, 0x00, 0x00, 0xFF}}},
	{{{-820, -9396, -1185}, 0, {-10429, 14411}, {0x81, 0x00, 0x00, 0xFF}}},
	{{{-820, -9440, -941}, 0, {-9639, 14555}, {0x81, 0x00, 0x00, 0xFF}}},
	{{{-820, -9255, -761}, 0, {-9052, 13953}, {0x81, 0x00, 0x00, 0xFF}}},
	{{{-820, -9354, -698}, 0, {-8848, 14275}, {0x81, 0x00, 0x00, 0xFF}}},
	{{{-820, -9255, -698}, 0, {-8848, 13953}, {0x81, 0x00, 0x00, 0xFF}}},
	{{{-1345, -9255, -698}, 0, {-8848, 13953}, {0x00, 0x00, 0x7F, 0xFF}}},
	{{{-1503, -9255, -698}, 0, {-8848, 13953}, {0x00, 0x00, 0x7F, 0xFF}}},
	{{{-1503, -9354, -698}, 0, {-8848, 14275}, {0x00, 0x00, 0x7F, 0xFF}}},
	{{{-1345, -9354, -698}, 0, {-8848, 14275}, {0x00, 0x00, 0x7F, 0xFF}}},
	{{{-1218, -9255, -698}, 0, {-8848, 13953}, {0x00, 0x00, 0x7F, 0xFF}}},
	{{{-1218, -9354, -698}, 0, {-8848, 14275}, {0x00, 0x00, 0x7F, 0xFF}}},
	{{{-693, -9255, -698}, 0, {-8848, 13953}, {0x00, 0x00, 0x7F, 0xFF}}},
	{{{-820, -9255, -698}, 0, {-8848, 13953}, {0x00, 0x00, 0x7F, 0xFF}}},
	{{{-820, -9354, -698}, 0, {-8848, 14275}, {0x00, 0x00, 0x7F, 0xFF}}},
	{{{-693, -9354, -698}, 0, {-8848, 14275}, {0x00, 0x00, 0x7F, 0xFF}}},
	{{{-535, -9255, -698}, 0, {-8848, 13953}, {0x00, 0x00, 0x7F, 0xFF}}},
	{{{-535, -9354, -698}, 0, {-8848, 14275}, {0x00, 0x00, 0x7F, 0xFF}}},
	{{{-1503, -9255, -698}, 0, {-8848, 13953}, {0x7F, 0x00, 0x00, 0xFF}}},
	{{{-1503, -9255, 203}, 0, {-5923, 13953}, {0x7F, 0x00, 0x00, 0xFF}}},
	{{{-1503, -9354, 203}, 0, {-5923, 14275}, {0x7F, 0x00, 0x00, 0xFF}}},
	{{{-1503, -9354, -698}, 0, {-8848, 14275}, {0x7F, 0x00, 0x00, 0xFF}}},
	{{{-535, -9255, 203}, 0, {-5923, 13953}, {0x81, 0x00, 0x00, 0xFF}}},
	{{{-535, -9255, -698}, 0, {-8848, 13953}, {0x81, 0x00, 0x00, 0xFF}}},
	{{{-535, -9354, -698}, 0, {-8848, 14275}, {0x81, 0x00, 0x00, 0xFF}}},
	{{{-535, -9354, 203}, 0, {-5923, 14275}, {0x81, 0x00, 0x00, 0xFF}}},
	{{{-1503, -9255, 203}, 0, {-5923, 13953}, {0x00, 0x00, 0x81, 0xFF}}},
	{{{-535, -9255, 203}, 0, {-5923, 13953}, {0x00, 0x00, 0x81, 0xFF}}},
	{{{-535, -9354, 203}, 0, {-5923, 14275}, {0x00, 0x00, 0x81, 0xFF}}},
	{{{-1503, -9354, 203}, 0, {-5923, 14275}, {0x00, 0x00, 0x81, 0xFF}}},
	{{{-1114, -9354, -463}, 0, {-8086, 14275}, {0x8C, 0x00, 0xCD, 0xFF}}},
	{{{-1345, -9354, 64}, 0, {-6376, 14275}, {0x8C, 0x00, 0xCD, 0xFF}}},
	{{{-1345, -9335, 64}, 0, {-6376, 14213}, {0x8C, 0x00, 0xCD, 0xFF}}},
	{{{-1114, -9335, -463}, 0, {-8086, 14213}, {0x8C, 0x00, 0xCD, 0xFF}}},
	{{{4635, -6449, -4821}, 0, {-22231, 4848}, {0x97, 0x00, 0x47, 0xFF}}},
	{{{4635, -5427, -4821}, 0, {-22231, 1530}, {0x97, 0x00, 0x47, 0xFF}}},
	{{{4069, -5960, -5653}, 0, {-24932, 3261}, {0x97, 0x00, 0x47, 0xFF}}},
	{{{4069, -6449, -5653}, 0, {-24932, 4848}, {0x97, 0x00, 0x47, 0xFF}}},
	{{{2464, -5427, -4821}, 0, {-22231, 1530}, {0x69, 0x00, 0x47, 0xFF}}},
	{{{2464, -6449, -4821}, 0, {-22231, 4848}, {0x69, 0x00, 0x47, 0xFF}}},
	{{{3030, -6449, -5653}, 0, {-24932, 4848}, {0x69, 0x00, 0x47, 0xFF}}},
	{{{3030, -5960, -5653}, 0, {-24932, 3261}, {0x69, 0x00, 0x47, 0xFF}}},
	{{{9252, -2420, 933}, 0, {-3554, -8229}, {0x81, 0x00, 0x00, 0xFF}}},
	{{{9252, -2420, 431}, 0, {-5184, -8229}, {0x81, 0x00, 0x00, 0xFF}}},
	{{{9252, -2914, 431}, 0, {-5184, -6627}, {0x81, 0x00, 0x00, 0xFF}}},
	{{{9252, -2914, 933}, 0, {-3554, -6627}, {0x81, 0x00, 0x00, 0xFF}}},
	{{{9252, -2914, 1571}, 0, {-1485, -6627}, {0x81, 0x00, 0x00, 0xFF}}},
	{{{9252, -2420, 1571}, 0, {-1485, -8229}, {0x81, 0x00, 0x00, 0xFF}}},
	{{{9252, -905, 1571}, 0, {-1485, -13147}, {0x81, 0x00, 0x00, 0xFF}}},
	{{{9252, -905, 933}, 0, {-3554, -13147}, {0x81, 0x00, 0x00, 0xFF}}},
	{{{9252, -905, 933}, 0, {-3554, -13147}, {0x81, 0x00, 0x00, 0xFF}}},
	{{{9252, -905, 1571}, 0, {-1485, -13147}, {0x81, 0x00, 0x00, 0xFF}}},
	{{{9252, -313, 1571}, 0, {-1485, -15070}, {0x81, 0x00, 0x00, 0xFF}}},
	{{{9252, -905, 2924}, 0, {2907, -13147}, {0x81, 0x00, 0x00, 0xFF}}},
	{{{9252, -313, 2924}, 0, {2907, -15070}, {0x81, 0x00, 0x00, 0xFF}}},
	{{{9252, -313, 933}, 0, {-3554, -15070}, {0x81, 0x00, 0x00, 0xFF}}},
	{{{8898, -2420, 933}, 0, {-3554, -8229}, {0x06, 0x81, 0x00, 0xFF}}},
	{{{9252, -2420, 431}, 0, {-5184, -8229}, {0x00, 0x81, 0x00, 0xFF}}},
	{{{9252, -2420, 933}, 0, {-3554, -8229}, {0x00, 0x81, 0x00, 0xFF}}},
	{{{8898, -2420, 431}, 0, {-5184, -8229}, {0x06, 0x81, 0x00, 0xFF}}},
	{{{6874, -2611, 933}, 0, {-3554, -7611}, {0x0C, 0x82, 0x00, 0xFF}}},
	{{{6874, -2611, 431}, 0, {-5184, -7611}, {0x0C, 0x82, 0x00, 0xFF}}},
	{{{8898, -2914, 933}, 0, {-3554, -6627}, {0x7F, 0x00, 0x00, 0xFF}}},
	{{{8898, -2420, 1571}, 0, {-1485, -8229}, {0x7F, 0x00, 0x00, 0xFF}}},
	{{{8898, -2914, 1571}, 0, {-1485, -6627}, {0x7F, 0x00, 0x00, 0xFF}}},
	{{{8898, -2420, 933}, 0, {-3554, -8229}, {0x7F, 0x00, 0x00, 0xFF}}},
	{{{8898, -905, 933}, 0, {-3554, -13147}, {0x7F, 0x00, 0x00, 0xFF}}},
	{{{8898, -905, 1571}, 0, {-1485, -13147}, {0x7F, 0x00, 0x00, 0xFF}}},
	{{{8898, -313, 933}, 0, {-3554, -15070}, {0x7F, 0x00, 0x00, 0xFF}}},
	{{{8898, -313, 1571}, 0, {-1485, -15070}, {0x7F, 0x00, 0x00, 0xFF}}},
	{{{8898, -313, 2924}, 0, {2907, -15070}, {0x7F, 0x00, 0x00, 0xFF}}},
	{{{8898, -905, 2924}, 0, {2907, -13147}, {0x7F, 0x00, 0x00, 0xFF}}},
	{{{9252, -313, 933}, 0, {-3554, -15070}, {0x00, 0x81, 0x00, 0xFF}}},
	{{{8898, -313, 1571}, 0, {-1485, -15070}, {0x00, 0x81, 0x00, 0xFF}}},
	{{{8898, -313, 933}, 0, {-3554, -15070}, {0x00, 0x81, 0x00, 0xFF}}},
	{{{9252, -313, 1571}, 0, {-1485, -15070}, {0x00, 0x81, 0x00, 0xFF}}},
	{{{9252, -313, 2924}, 0, {2907, -15070}, {0x00, 0x81, 0x00, 0xFF}}},
	{{{8898, -313, 2924}, 0, {2907, -15070}, {0x00, 0x81, 0x00, 0xFF}}},
	{{{8898, -770, 3773}, 0, {5662, -13587}, {0x7F, 0x00, 0x00, 0xFF}}},
	{{{8898, -833, 3444}, 0, {4596, -13381}, {0x7F, 0x00, 0x00, 0xFF}}},
	{{{8898, -770, 3444}, 0, {4596, -13587}, {0x7F, 0x00, 0x00, 0xFF}}},
	{{{8898, -1394, 3773}, 0, {5662, -11560}, {0x7F, 0x00, 0x00, 0xFF}}},
	{{{8898, -1394, 3773}, 0, {5662, -11560}, {0x7F, 0x00, 0x00, 0xFF}}},
	{{{8898, -1394, 3444}, 0, {4596, -11560}, {0x7F, 0x00, 0x00, 0xFF}}},
	{{{8898, -833, 3444}, 0, {4596, -13381}, {0x7F, 0x00, 0x00, 0xFF}}},
	{{{8811, -833, 3444}, 0, {4596, -13381}, {0x81, 0x00, 0x00, 0xFF}}},
	{{{8811, -833, 3853}, 0, {5923, -13381}, {0x81, 0x00, 0x00, 0xFF}}},
	{{{8811, -770, 3853}, 0, {5923, -13587}, {0x81, 0x00, 0x00, 0xFF}}},
	{{{8811, -770, 3444}, 0, {4596, -13587}, {0x81, 0x00, 0x00, 0xFF}}},
	{{{9237, -199, 3446}, 0, {4602, -15439}, {0x7E, 0xEF, 0x00, 0xFF}}},
	{{{9237, -399, 3771}, 0, {5657, -14789}, {0x7F, 0x00, 0x00, 0xFF}}},
	{{{9237, -399, 3446}, 0, {4602, -14789}, {0x7F, 0x00, 0x00, 0xFF}}},
	{{{9237, -199, 3771}, 0, {5657, -15439}, {0x7E, 0xEF, 0x00, 0xFF}}},
	{{{9322, 137, 3361}, 0, {4327, -16530}, {0x7B, 0xE1, 0x00, 0xFF}}},
	{{{9322, 137, 3856}, 0, {5932, -16530}, {0x7B, 0xE1, 0x00, 0xFF}}},
	{{{9252, -1394, 3444}, 0, {4596, -11560}, {0x81, 0x02, 0xFD, 0xFF}}},
	{{{9237, -1394, 3773}, 0, {5662, -11560}, {0x81, 0x02, 0xFD, 0xFF}}},
	{{{9252, -770, 3773}, 0, {5662, -13587}, {0x81, 0x01, 0xFD, 0xFF}}},
	{{{9252, -833, 3444}, 0, {4596, -13381}, {0x81, 0x01, 0xFE, 0xFF}}},
	{{{9252, -770, 3444}, 0, {4596, -13587}, {0x81, 0x00, 0x00, 0xFF}}},
	{{{9335, -2877, 4436}, 0, {7813, -7083}, {0x7F, 0x00, 0x00, 0xFF}}},
	{{{9335, -2877, 3953}, 0, {6248, -7083}, {0x7F, 0x00, 0x00, 0xFF}}},
	{{{9335, -2749, 3953}, 0, {6248, -7354}, {0x7F, 0x00, 0x00, 0xFF}}},
	{{{9335, -2749, 4436}, 0, {7813, -7354}, {0x7F, 0x00, 0x00, 0xFF}}},
	{{{9773, -313, 4023}, 0, {6474, -15070}, {0x00, 0x81, 0x00, 0xFF}}},
	{{{9773, -313, 3194}, 0, {3785, -15070}, {0x00, 0x81, 0x00, 0xFF}}},
	{{{10015, -313, 3194}, 0, {3785, -15070}, {0x00, 0x81, 0x00, 0xFF}}},
	{{{10015, -313, 4023}, 0, {6474, -15070}, {0x00, 0x81, 0x00, 0xFF}}},
	{{{8377, -313, 3194}, 0, {3785, -15070}, {0x00, 0x81, 0x00, 0xFF}}},
	{{{8377, -313, 4023}, 0, {6474, -15070}, {0x00, 0x81, 0x00, 0xFF}}},
	{{{8134, -313, 4023}, 0, {6474, -15070}, {0x00, 0x81, 0x00, 0xFF}}},
	{{{8134, -313, 3194}, 0, {3785, -15070}, {0x00, 0x81, 0x00, 0xFF}}},
	{{{9899, -802, 3426}, 0, {4537, -13481}, {0x81, 0x00, 0x00, 0xFF}}},
	{{{9899, -802, 3791}, 0, {5721, -13481}, {0x81, 0x00, 0x00, 0xFF}}},
	{{{9899, -712, 3791}, 0, {5721, -13774}, {0x81, 0x00, 0x00, 0xFF}}},
	{{{9899, -712, 3426}, 0, {4537, -13774}, {0x81, 0x00, 0x00, 0xFF}}},
	{{{8250, -802, 3426}, 0, {4537, -13481}, {0x00, 0x00, 0x81, 0xFF}}},
	{{{8134, -802, 3426}, 0, {4537, -13481}, {0x00, 0x00, 0x81, 0xFF}}},
	{{{8134, -712, 3426}, 0, {4537, -13774}, {0x00, 0x00, 0x81, 0xFF}}},
	{{{8250, -712, 3426}, 0, {4537, -13774}, {0x00, 0x00, 0x81, 0xFF}}},
	{{{8250, -802, 3791}, 0, {5721, -13481}, {0x7F, 0x00, 0x00, 0xFF}}},
	{{{8250, -802, 3426}, 0, {4537, -13481}, {0x7F, 0x00, 0x00, 0xFF}}},
	{{{8250, -712, 3426}, 0, {4537, -13774}, {0x7F, 0x00, 0x00, 0xFF}}},
	{{{8250, -712, 3791}, 0, {5721, -13774}, {0x7F, 0x00, 0x00, 0xFF}}},
	{{{10015, -802, 3426}, 0, {4537, -13481}, {0x00, 0x00, 0x81, 0xFF}}},
	{{{9899, -802, 3426}, 0, {4537, -13481}, {0x00, 0x00, 0x81, 0xFF}}},
	{{{9899, -712, 3426}, 0, {4537, -13774}, {0x00, 0x00, 0x81, 0xFF}}},
	{{{10015, -712, 3426}, 0, {4537, -13774}, {0x00, 0x00, 0x81, 0xFF}}},
	{{{9899, -802, 3791}, 0, {5721, -13481}, {0x00, 0x00, 0x7F, 0xFF}}},
	{{{10015, -802, 3791}, 0, {5721, -13481}, {0x00, 0x00, 0x7F, 0xFF}}},
	{{{10015, -712, 3791}, 0, {5721, -13774}, {0x00, 0x00, 0x7F, 0xFF}}},
	{{{9899, -712, 3791}, 0, {5721, -13774}, {0x00, 0x00, 0x7F, 0xFF}}},
	{{{8134, -802, 3791}, 0, {5721, -13481}, {0x00, 0x00, 0x7F, 0xFF}}},
	{{{8250, -802, 3791}, 0, {5721, -13481}, {0x00, 0x00, 0x7F, 0xFF}}},
	{{{8250, -712, 3791}, 0, {5721, -13774}, {0x00, 0x00, 0x7F, 0xFF}}},
	{{{8134, -712, 3791}, 0, {5721, -13774}, {0x00, 0x00, 0x7F, 0xFF}}},
	{{{9899, -712, 3426}, 0, {4537, -13774}, {0x00, 0x7F, 0x00, 0xFF}}},
	{{{9899, -712, 3791}, 0, {5721, -13774}, {0x00, 0x7F, 0x00, 0xFF}}},
	{{{10015, -712, 3791}, 0, {5721, -13774}, {0x00, 0x7F, 0x00, 0xFF}}},
	{{{10015, -712, 3426}, 0, {4537, -13774}, {0x00, 0x7F, 0x00, 0xFF}}},
	{{{8250, -712, 3426}, 0, {4537, -13774}, {0x00, 0x7F, 0x00, 0xFF}}},
	{{{8134, -712, 3426}, 0, {4537, -13774}, {0x00, 0x7F, 0x00, 0xFF}}},
	{{{8134, -712, 3791}, 0, {5721, -13774}, {0x00, 0x7F, 0x00, 0xFF}}},
	{{{8250, -712, 3791}, 0, {5721, -13774}, {0x00, 0x7F, 0x00, 0xFF}}},
	{{{8134, -802, 3791}, 0, {5721, -13481}, {0x7F, 0x00, 0x00, 0xFF}}},
	{{{8134, -313, 4023}, 0, {6474, -15070}, {0x7F, 0x00, 0x00, 0xFF}}},
	{{{8134, -802, 3922}, 0, {6145, -13481}, {0x7F, 0x00, 0x00, 0xFF}}},
	{{{8134, -712, 3791}, 0, {5721, -13774}, {0x7F, 0x00, 0x00, 0xFF}}},
	{{{8134, -313, 3194}, 0, {3785, -15070}, {0x7F, 0x00, 0x00, 0xFF}}},
	{{{8134, -712, 3426}, 0, {4537, -13774}, {0x7F, 0x00, 0x00, 0xFF}}},
	{{{8134, -802, 3426}, 0, {4537, -13481}, {0x7F, 0x00, 0x00, 0xFF}}},
	{{{8134, -802, 3296}, 0, {4113, -13481}, {0x7F, 0x00, 0x00, 0xFF}}},
	{{{10015, -313, 4023}, 0, {6474, -15070}, {0x81, 0x00, 0x00, 0xFF}}},
	{{{10015, -802, 3791}, 0, {5721, -13481}, {0x81, 0x00, 0x00, 0xFF}}},
	{{{10015, -802, 3922}, 0, {6145, -13481}, {0x81, 0x00, 0x00, 0xFF}}},
	{{{10015, -712, 3791}, 0, {5721, -13774}, {0x81, 0x00, 0x00, 0xFF}}},
	{{{10015, -313, 3194}, 0, {3785, -15070}, {0x81, 0x00, 0x00, 0xFF}}},
	{{{10015, -712, 3426}, 0, {4537, -13774}, {0x81, 0x00, 0x00, 0xFF}}},
	{{{10015, -802, 3426}, 0, {4537, -13481}, {0x81, 0x00, 0x00, 0xFF}}},
	{{{10015, -802, 3296}, 0, {4113, -13481}, {0x81, 0x00, 0x00, 0xFF}}},
	{{{8912, -199, 3771}, 0, {5657, -15439}, {0x82, 0xEF, 0x00, 0xFF}}},
	{{{8912, -399, 3446}, 0, {4602, -14789}, {0x81, 0x00, 0x00, 0xFF}}},
	{{{8912, -399, 3771}, 0, {5657, -14789}, {0x81, 0x00, 0x00, 0xFF}}},
	{{{8912, -199, 3446}, 0, {4602, -15439}, {0x82, 0xEF, 0x00, 0xFF}}},
	{{{8828, 137, 3856}, 0, {5932, -16530}, {0x85, 0xE1, 0x00, 0xFF}}},
	{{{8828, 137, 3361}, 0, {4327, -16530}, {0x85, 0xE1, 0x00, 0xFF}}},
	{{{8912, -199, 3446}, 0, {4602, -15439}, {0x00, 0xEF, 0x82, 0xFF}}},
	{{{9237, -399, 3446}, 0, {4602, -14789}, {0x00, 0x00, 0x81, 0xFF}}},
	{{{8912, -399, 3446}, 0, {4602, -14789}, {0x00, 0x00, 0x81, 0xFF}}},
	{{{9237, -199, 3446}, 0, {4602, -15439}, {0x00, 0xEF, 0x82, 0xFF}}},
	{{{8828, 137, 3361}, 0, {4327, -16530}, {0x00, 0xE1, 0x85, 0xFF}}},
	{{{9322, 137, 3361}, 0, {4327, -16530}, {0x00, 0xE1, 0x85, 0xFF}}},
	{{{8828, 169, 4293}, 0, {7351, -16632}, {0x81, 0x00, 0x00, 0xFF}}},
	{{{8828, 137, 3856}, 0, {5932, -16530}, {0x81, 0x00, 0x00, 0xFF}}},
	{{{8828, -224, 4293}, 0, {7351, -15357}, {0x81, 0x00, 0x00, 0xFF}}},
	{{{8828, 582, 4075}, 0, {6642, -17973}, {0x81, 0x00, 0x00, 0xFF}}},
	{{{8828, 582, 3856}, 0, {5932, -17973}, {0x81, 0x00, 0x00, 0xFF}}},
	{{{8828, 137, 3856}, 0, {5932, -16530}, {0x81, 0x00, 0x00, 0xFF}}},
	{{{8828, 582, 4075}, 0, {6642, -17973}, {0x81, 0x00, 0x00, 0xFF}}},
	{{{9773, 169, 3856}, 0, {5932, -16632}, {0x00, 0x00, 0x7F, 0xFF}}},
	{{{9322, 137, 3856}, 0, {5932, -16530}, {0x00, 0x00, 0x7F, 0xFF}}},
	{{{9773, -224, 3856}, 0, {5932, -15357}, {0x00, 0x00, 0x7F, 0xFF}}},
	{{{9547, 582, 3856}, 0, {5932, -17973}, {0x00, 0x00, 0x7F, 0xFF}}},
	{{{9322, 582, 3856}, 0, {5932, -17973}, {0x00, 0x00, 0x7F, 0xFF}}},
	{{{8828, -224, 2924}, 0, {2907, -15357}, {0x00, 0x9E, 0x51, 0xFF}}},
	{{{9322, -224, 2924}, 0, {2907, -15357}, {0x00, 0x9E, 0x51, 0xFF}}},
	{{{9322, 137, 3361}, 0, {4327, -16530}, {0x00, 0x9E, 0x51, 0xFF}}},
	{{{8828, 137, 3361}, 0, {4327, -16530}, {0x00, 0x9E, 0x51, 0xFF}}},
	{{{8377, 169, 3361}, 0, {4327, -16632}, {0x00, 0x00, 0x81, 0xFF}}},
	{{{8828, 137, 3361}, 0, {4327, -16530}, {0x00, 0x00, 0x81, 0xFF}}},
	{{{8377, -224, 3361}, 0, {4327, -15357}, {0x00, 0x00, 0x81, 0xFF}}},
	{{{8602, 582, 3361}, 0, {4327, -17973}, {0x00, 0x00, 0x81, 0xFF}}},
	{{{8828, 582, 3361}, 0, {4327, -17973}, {0x00, 0x00, 0x81, 0xFF}}},
	{{{8828, 137, 3856}, 0, {5932, -16530}, {0x00, 0x00, 0x7F, 0xFF}}},
	{{{8377, 169, 3856}, 0, {5932, -16632}, {0x00, 0x00, 0x7F, 0xFF}}},
	{{{8377, -224, 3856}, 0, {5932, -15357}, {0x00, 0x00, 0x7F, 0xFF}}},
	{{{8602, 582, 3856}, 0, {5932, -17973}, {0x00, 0x00, 0x7F, 0xFF}}},
	{{{8828, 582, 3856}, 0, {5932, -17973}, {0x00, 0x00, 0x7F, 0xFF}}},
	{{{8377, -224, 3856}, 0, {5932, -15357}, {0x4F, 0x9D, 0x00, 0xFF}}},
	{{{8377, -224, 3361}, 0, {4327, -15357}, {0x4F, 0x9D, 0x00, 0xFF}}},
	{{{8828, 137, 3361}, 0, {4327, -16530}, {0x4F, 0x9D, 0x00, 0xFF}}},
	{{{8828, 137, 3856}, 0, {5932, -16530}, {0x4F, 0x9D, 0x00, 0xFF}}},
	{{{9322, 137, 3856}, 0, {5932, -16530}, {0x7F, 0x00, 0x00, 0xFF}}},
	{{{9322, 169, 4293}, 0, {7351, -16632}, {0x7F, 0x00, 0x00, 0xFF}}},
	{{{9322, -224, 4293}, 0, {7351, -15357}, {0x7F, 0x00, 0x00, 0xFF}}},
	{{{9322, 582, 4075}, 0, {6642, -17973}, {0x7F, 0x00, 0x00, 0xFF}}},
	{{{9322, 582, 3856}, 0, {5932, -17973}, {0x7F, 0x00, 0x00, 0xFF}}},
	{{{9322, 137, 3361}, 0, {4327, -16530}, {0x00, 0x00, 0x81, 0xFF}}},
	{{{9773, 169, 3361}, 0, {4327, -16632}, {0x00, 0x00, 0x81, 0xFF}}},
	{{{9773, -224, 3361}, 0, {4327, -15357}, {0x00, 0x00, 0x81, 0xFF}}},
	{{{9547, 582, 3361}, 0, {4327, -17973}, {0x00, 0x00, 0x81, 0xFF}}},
	{{{9322, 582, 3361}, 0, {4327, -17973}, {0x00, 0x00, 0x81, 0xFF}}},
	{{{9322, -224, 4293}, 0, {7351, -15357}, {0x00, 0x9E, 0xAF, 0xFF}}},
	{{{8828, -224, 4293}, 0, {7351, -15357}, {0x00, 0x9E, 0xAF, 0xFF}}},
	{{{8828, 137, 3856}, 0, {5932, -16530}, {0x00, 0x9E, 0xAF, 0xFF}}},
	{{{9322, 137, 3856}, 0, {5932, -16530}, {0x00, 0x9E, 0xAF, 0xFF}}},
	{{{8828, 137, 3361}, 0, {4327, -16530}, {0x81, 0x00, 0x00, 0xFF}}},
	{{{8828, 169, 2924}, 0, {2907, -16632}, {0x81, 0x00, 0x00, 0xFF}}},
	{{{8828, -224, 2924}, 0, {2907, -15357}, {0x81, 0x00, 0x00, 0xFF}}},
	{{{8828, 582, 3143}, 0, {3617, -17973}, {0x81, 0x00, 0x00, 0xFF}}},
	{{{8828, 582, 3361}, 0, {4327, -17973}, {0x81, 0x00, 0x00, 0xFF}}},
	{{{9773, -224, 3361}, 0, {4327, -15357}, {0xB1, 0x9D, 0x00, 0xFF}}},
	{{{9773, -224, 3856}, 0, {5932, -15357}, {0xB1, 0x9D, 0x00, 0xFF}}},
	{{{9322, 137, 3856}, 0, {5932, -16530}, {0xB1, 0x9D, 0x00, 0xFF}}},
	{{{9322, 137, 3361}, 0, {4327, -16530}, {0xB1, 0x9D, 0x00, 0xFF}}},
	{{{9322, 137, 3856}, 0, {5932, -16530}, {0x00, 0xE1, 0x7B, 0xFF}}},
	{{{8828, 137, 3856}, 0, {5932, -16530}, {0x00, 0xE1, 0x7B, 0xFF}}},
	{{{8912, -199, 3771}, 0, {5657, -15439}, {0x00, 0xEF, 0x7E, 0xFF}}},
	{{{9237, -199, 3771}, 0, {5657, -15439}, {0x00, 0xEF, 0x7E, 0xFF}}},
	{{{8912, -399, 3771}, 0, {5657, -14789}, {0x00, 0x00, 0x7F, 0xFF}}},
	{{{9237, -399, 3771}, 0, {5657, -14789}, {0x00, 0x00, 0x7F, 0xFF}}},
	{{{9185, -399, 3719}, 0, {5488, -14789}, {0x00, 0x00, 0x81, 0xFF}}},
	{{{8964, -399, 3719}, 0, {5488, -14789}, {0x00, 0x00, 0x81, 0xFF}}},
	{{{8964, -332, 3719}, 0, {5488, -15007}, {0x00, 0x00, 0x81, 0xFF}}},
	{{{9185, -332, 3719}, 0, {5488, -15007}, {0x00, 0x00, 0x81, 0xFF}}},
	{{{9185, -399, 3498}, 0, {4771, -14789}, {0x81, 0x00, 0x00, 0xFF}}},
	{{{9185, -399, 3719}, 0, {5488, -14789}, {0x81, 0x00, 0x00, 0xFF}}},
	{{{9185, -332, 3719}, 0, {5488, -15007}, {0x81, 0x00, 0x00, 0xFF}}},
	{{{9185, -332, 3498}, 0, {4771, -15007}, {0x81, 0x00, 0x00, 0xFF}}},
	{{{8964, -399, 3719}, 0, {5488, -14789}, {0x7F, 0x00, 0x00, 0xFF}}},
	{{{8964, -399, 3498}, 0, {4771, -14789}, {0x7F, 0x00, 0x00, 0xFF}}},
	{{{8964, -332, 3498}, 0, {4771, -15007}, {0x7F, 0x00, 0x00, 0xFF}}},
	{{{8964, -332, 3719}, 0, {5488, -15007}, {0x7F, 0x00, 0x00, 0xFF}}},
	{{{8964, -399, 3498}, 0, {4771, -14789}, {0x00, 0x00, 0x7F, 0xFF}}},
	{{{9185, -399, 3498}, 0, {4771, -14789}, {0x00, 0x00, 0x7F, 0xFF}}},
	{{{9185, -332, 3498}, 0, {4771, -15007}, {0x00, 0x00, 0x7F, 0xFF}}},
	{{{8964, -332, 3498}, 0, {4771, -15007}, {0x00, 0x00, 0x7F, 0xFF}}},
	{{{9140, -332, 3674}, 0, {5342, -15007}, {0x00, 0xEE, 0x7E, 0xFF}}},
	{{{9009, -332, 3674}, 0, {5342, -15007}, {0x00, 0xEE, 0x7E, 0xFF}}},
	{{{9051, -623, 3632}, 0, {5205, -14064}, {0x00, 0xEE, 0x7E, 0xFF}}},
	{{{9098, -623, 3632}, 0, {5205, -14064}, {0x00, 0xEE, 0x7E, 0xFF}}},
	{{{9140, -332, 3543}, 0, {4916, -15007}, {0x7E, 0xEE, 0x00, 0xFF}}},
	{{{9140, -332, 3674}, 0, {5342, -15007}, {0x7E, 0xEE, 0x00, 0xFF}}},
	{{{9098, -623, 3632}, 0, {5205, -14064}, {0x7E, 0xEE, 0x00, 0xFF}}},
	{{{9098, -623, 3585}, 0, {5053, -14064}, {0x7E, 0xEE, 0x00, 0xFF}}},
	{{{9009, -332, 3674}, 0, {5342, -15007}, {0x82, 0xEE, 0x00, 0xFF}}},
	{{{9009, -332, 3543}, 0, {4916, -15007}, {0x82, 0xEE, 0x00, 0xFF}}},
	{{{9051, -623, 3585}, 0, {5053, -14064}, {0x82, 0xEE, 0x00, 0xFF}}},
	{{{9051, -623, 3632}, 0, {5205, -14064}, {0x82, 0xEE, 0x00, 0xFF}}},
	{{{9009, -332, 3543}, 0, {4916, -15007}, {0x00, 0xEE, 0x82, 0xFF}}},
	{{{9140, -332, 3543}, 0, {4916, -15007}, {0x00, 0xEE, 0x82, 0xFF}}},
	{{{9098, -623, 3585}, 0, {5053, -14064}, {0x00, 0xEE, 0x82, 0xFF}}},
	{{{9051, -623, 3585}, 0, {5053, -14064}, {0x00, 0xEE, 0x82, 0xFF}}},
	{{{9252, -770, 3444}, 0, {4596, -13587}, {0x00, 0x7F, 0x00, 0xFF}}},
	{{{9339, -770, 3853}, 0, {5923, -13587}, {0x00, 0x7F, 0x00, 0xFF}}},
	{{{9339, -770, 3444}, 0, {4596, -13587}, {0x00, 0x7F, 0x00, 0xFF}}},
	{{{9252, -770, 3773}, 0, {5662, -13587}, {0x00, 0x7F, 0x00, 0xFF}}},
	{{{8811, -770, 3853}, 0, {5923, -13587}, {0x00, 0x7F, 0x00, 0xFF}}},
	{{{8898, -770, 3773}, 0, {5662, -13587}, {0x00, 0x7F, 0x00, 0xFF}}},
	{{{8811, -770, 3444}, 0, {4596, -13587}, {0x00, 0x7F, 0x00, 0xFF}}},
	{{{8898, -770, 3444}, 0, {4596, -13587}, {0x00, 0x7F, 0x00, 0xFF}}},
	{{{9339, -833, 3853}, 0, {5923, -13381}, {0x7F, 0x00, 0x00, 0xFF}}},
	{{{9339, -833, 3444}, 0, {4596, -13381}, {0x7F, 0x00, 0x00, 0xFF}}},
	{{{9339, -770, 3444}, 0, {4596, -13587}, {0x7F, 0x00, 0x00, 0xFF}}},
	{{{9339, -770, 3853}, 0, {5923, -13587}, {0x7F, 0x00, 0x00, 0xFF}}},
	{{{9773, 169, 2924}, 0, {2907, -16632}, {0x84, 0xE6, 0x00, 0xFF}}},
	{{{9547, 582, 3361}, 0, {4327, -17973}, {0x90, 0xC3, 0x00, 0xFF}}},
	{{{9547, 582, 3143}, 0, {3617, -17973}, {0x90, 0xC3, 0x00, 0xFF}}},
	{{{9773, 169, 3361}, 0, {4327, -16632}, {0x85, 0xE1, 0x00, 0xFF}}},
	{{{9773, -224, 2924}, 0, {2907, -15357}, {0x81, 0x00, 0x00, 0xFF}}},
	{{{9773, -224, 3361}, 0, {4327, -15357}, {0x81, 0x00, 0x00, 0xFF}}},
	{{{9773, -313, 3194}, 0, {3785, -15070}, {0x81, 0x00, 0x00, 0xFF}}},
	{{{9773, -905, 2924}, 0, {2907, -13147}, {0x81, 0x00, 0x00, 0xFF}}},
	{{{9773, -802, 3296}, 0, {4113, -13481}, {0x81, 0x00, 0x00, 0xFF}}},
	{{{9773, -802, 3922}, 0, {6145, -13481}, {0x81, 0x00, 0x00, 0xFF}}},
	{{{9773, -905, 4293}, 0, {7351, -13147}, {0x81, 0x00, 0x00, 0xFF}}},
	{{{9773, -313, 4023}, 0, {6474, -15070}, {0x81, 0x00, 0x00, 0xFF}}},
	{{{9773, -224, 4293}, 0, {7351, -15357}, {0x81, 0x00, 0x00, 0xFF}}},
	{{{9773, -224, 3856}, 0, {5932, -15357}, {0x81, 0x00, 0x00, 0xFF}}},
	{{{9773, 169, 4293}, 0, {7351, -16632}, {0x84, 0xE6, 0x00, 0xFF}}},
	{{{9773, 169, 3856}, 0, {5932, -16632}, {0x85, 0xE1, 0x00, 0xFF}}},
	{{{9547, 582, 4075}, 0, {6642, -17973}, {0x90, 0xC3, 0x00, 0xFF}}},
	{{{9547, 582, 3856}, 0, {5932, -17973}, {0x90, 0xC3, 0x00, 0xFF}}},
	{{{8377, 169, 4293}, 0, {7351, -16632}, {0x7C, 0xE6, 0x00, 0xFF}}},
	{{{8602, 582, 3856}, 0, {5932, -17973}, {0x70, 0xC3, 0x00, 0xFF}}},
	{{{8602, 582, 4075}, 0, {6642, -17973}, {0x70, 0xC3, 0x00, 0xFF}}},
	{{{8377, 169, 3856}, 0, {5932, -16632}, {0x7B, 0xE1, 0x00, 0xFF}}},
	{{{8377, -224, 4293}, 0, {7351, -15357}, {0x7F, 0x00, 0x00, 0xFF}}},
	{{{8377, -224, 3856}, 0, {5932, -15357}, {0x7F, 0x00, 0x00, 0xFF}}},
	{{{8377, -313, 4023}, 0, {6474, -15070}, {0x7F, 0x00, 0x00, 0xFF}}},
	{{{8377, -905, 4293}, 0, {7351, -13147}, {0x7F, 0x00, 0x00, 0xFF}}},
	{{{8377, -802, 3922}, 0, {6145, -13481}, {0x7F, 0x00, 0x00, 0xFF}}},
	{{{8377, -802, 3296}, 0, {4113, -13481}, {0x7F, 0x00, 0x00, 0xFF}}},
	{{{8377, -905, 4293}, 0, {7351, -13147}, {0x7F, 0x00, 0x00, 0xFF}}},
	{{{8377, -905, 2924}, 0, {2907, -13147}, {0x7F, 0x00, 0x00, 0xFF}}},
	{{{8377, -802, 3296}, 0, {4113, -13481}, {0x7F, 0x00, 0x00, 0xFF}}},
	{{{8377, -313, 3194}, 0, {3785, -15070}, {0x7F, 0x00, 0x00, 0xFF}}},
	{{{8377, -224, 2924}, 0, {2907, -15357}, {0x7F, 0x00, 0x00, 0xFF}}},
	{{{8377, -224, 3361}, 0, {4327, -15357}, {0x7F, 0x00, 0x00, 0xFF}}},
	{{{8377, 169, 2924}, 0, {2907, -16632}, {0x7C, 0xE6, 0x00, 0xFF}}},
	{{{8377, 169, 3361}, 0, {4327, -16632}, {0x7B, 0xE1, 0x00, 0xFF}}},
	{{{8602, 582, 3361}, 0, {4327, -17973}, {0x70, 0xC3, 0x00, 0xFF}}},
	{{{8602, 582, 3143}, 0, {3617, -17973}, {0x70, 0xC3, 0x00, 0xFF}}},
	{{{8377, -313, 4023}, 0, {6474, -15070}, {0x7F, 0x00, 0x00, 0xFF}}},
	{{{8377, -224, 3856}, 0, {5932, -15357}, {0x7F, 0x00, 0x00, 0xFF}}},
	{{{9322, 582, 3361}, 0, {4327, -17973}, {0x7F, 0x00, 0x00, 0xFF}}},
	{{{9322, 137, 3361}, 0, {4327, -16530}, {0x7F, 0x00, 0x00, 0xFF}}},
	{{{9322, 582, 3143}, 0, {3617, -17973}, {0x7F, 0x00, 0x00, 0xFF}}},
	{{{9322, 169, 2924}, 0, {2907, -16632}, {0x7F, 0x00, 0x00, 0xFF}}},
	{{{9322, -224, 2924}, 0, {2907, -15357}, {0x7F, 0x00, 0x00, 0xFF}}},
	{{{-693, -9354, 64}, 0, {-6376, 14275}, {0x74, 0x00, 0xCD, 0xFF}}},
	{{{-925, -9354, -463}, 0, {-8086, 14275}, {0x74, 0x00, 0xCD, 0xFF}}},
	{{{-925, -9335, -463}, 0, {-8086, 14213}, {0x74, 0x00, 0xCD, 0xFF}}},
	{{{-693, -9335, 64}, 0, {-6376, 14213}, {0x74, 0x00, 0xCD, 0xFF}}},
	{{{-1345, -9354, 64}, 0, {-6376, 14275}, {0x00, 0x00, 0x7F, 0xFF}}},
	{{{-693, -9354, 64}, 0, {-6376, 14275}, {0x00, 0x00, 0x7F, 0xFF}}},
	{{{-693, -9335, 64}, 0, {-6376, 14213}, {0x00, 0x00, 0x7F, 0xFF}}},
	{{{-1345, -9335, 64}, 0, {-6376, 14213}, {0x00, 0x00, 0x7F, 0xFF}}},
	{{{-925, -9354, -463}, 0, {-8086, 14275}, {0x00, 0x00, 0x81, 0xFF}}},
	{{{-1114, -9354, -463}, 0, {-8086, 14275}, {0x00, 0x00, 0x81, 0xFF}}},
	{{{-1114, -9335, -463}, 0, {-8086, 14213}, {0x00, 0x00, 0x81, 0xFF}}},
	{{{-925, -9335, -463}, 0, {-8086, 14213}, {0x00, 0x00, 0x81, 0xFF}}},
	{{{-1301, -9335, 28}, 0, {-6491, 14213}, {0x00, 0x00, 0x7F, 0xFF}}},
	{{{-737, -9335, 28}, 0, {-6491, 14213}, {0x00, 0x00, 0x7F, 0xFF}}},
	{{{-737, -9314, 28}, 0, {-6491, 14145}, {0x00, 0x00, 0x7F, 0xFF}}},
	{{{-1301, -9335, 28}, 0, {-6491, 14213}, {0x00, 0x00, 0x7F, 0xFF}}},
	{{{-737, -9314, 28}, 0, {-6491, 14145}, {0x00, 0x00, 0x7F, 0xFF}}},
	{{{-1301, -9314, 28}, 0, {-6491, 14145}, {0x00, 0x00, 0x7F, 0xFF}}},
	{{{-737, -9335, 28}, 0, {-6491, 14213}, {0x74, 0x00, 0xCD, 0xFF}}},
	{{{-937, -9335, -428}, 0, {-7971, 14213}, {0x74, 0x00, 0xCD, 0xFF}}},
	{{{-937, -9314, -428}, 0, {-7971, 14145}, {0x74, 0x00, 0xCD, 0xFF}}},
	{{{-737, -9314, 28}, 0, {-6491, 14145}, {0x74, 0x00, 0xCD, 0xFF}}},
	{{{-937, -9335, -428}, 0, {-7971, 14213}, {0x00, 0x00, 0x81, 0xFF}}},
	{{{-1101, -9335, -428}, 0, {-7971, 14213}, {0x00, 0x00, 0x81, 0xFF}}},
	{{{-1101, -9314, -428}, 0, {-7971, 14145}, {0x00, 0x00, 0x81, 0xFF}}},
	{{{-937, -9314, -428}, 0, {-7971, 14145}, {0x00, 0x00, 0x81, 0xFF}}},
	{{{-1101, -9335, -428}, 0, {-7971, 14213}, {0x8C, 0x00, 0xCD, 0xFF}}},
	{{{-1301, -9335, 28}, 0, {-6491, 14213}, {0x8C, 0x00, 0xCD, 0xFF}}},
	{{{-1301, -9314, 28}, 0, {-6491, 14145}, {0x8C, 0x00, 0xCD, 0xFF}}},
	{{{-1101, -9314, -428}, 0, {-7971, 14145}, {0x8C, 0x00, 0xCD, 0xFF}}},
	{{{-2382, -8685, -982}, 0, {-9772, 12105}, {0x7F, 0x00, 0x00, 0xFF}}},
	{{{-2382, -8360, -982}, 0, {-9772, 11051}, {0x7F, 0x00, 0x00, 0xFF}}},
	{{{-2382, -8360, -931}, 0, {-9605, 11051}, {0x7F, 0x00, 0x00, 0xFF}}},
	{{{-2382, -8685, -880}, 0, {-9439, 12105}, {0x7F, 0x00, 0x00, 0xFF}}},
	{{{-2382, -8685, -1541}, 0, {-11585, 12105}, {0x7F, 0x00, 0x00, 0xFF}}},
	{{{-2382, -8360, -1541}, 0, {-11585, 11051}, {0x7F, 0x00, 0x00, 0xFF}}},
	{{{-2382, -8360, -1438}, 0, {-11252, 11051}, {0x7F, 0x00, 0x00, 0xFF}}},
	{{{-2382, -8685, -1438}, 0, {-11252, 12105}, {0x7F, 0x00, 0x00, 0xFF}}},
	{{{4884, -10779, -3357}, 0, {-17478, 18899}, {0x7F, 0x00, 0x00, 0xFF}}},
	{{{4884, -968, -3357}, 0, {-17478, -8092}, {0x7F, 0x00, 0x00, 0xFF}}},
	{{{4884, -968, -3126}, 0, {-16730, -8092}, {0x7F, 0x00, 0x00, 0xFF}}},
	{{{4884, -10779, -3126}, 0, {-16730, 18899}, {0x7F, 0x00, 0x00, 0xFF}}},
	{{{2682, -10779, -3357}, 0, {-17478, 18899}, {0x7F, 0x00, 0x00, 0xFF}}},
	{{{2682, -6449, -3357}, 0, {-17478, 4848}, {0x7F, 0x00, 0x00, 0xFF}}},
	{{{2682, -10779, -3126}, 0, {-16730, 18899}, {0x7F, 0x00, 0x00, 0xFF}}},
	{{{2682, -968, -3126}, 0, {-16730, -8092}, {0x7F, 0x00, 0x00, 0xFF}}},
	{{{2682, -5427, -3357}, 0, {-17478, 1530}, {0x7F, 0x00, 0x00, 0xFF}}},
	{{{2682, -5427, -3357}, 0, {-17478, 1530}, {0x7F, 0x00, 0x00, 0xFF}}},
	{{{2682, -968, -3357}, 0, {-17478, -8092}, {0x7F, 0x00, 0x00, 0xFF}}},
	{{{2682, -968, -3126}, 0, {-16730, -8092}, {0x7F, 0x00, 0x00, 0xFF}}},
	{{{4473, -968, -3357}, 0, {-17478, -8092}, {0x81, 0x00, 0x00, 0xFF}}},
	{{{4473, -5427, -3357}, 0, {-17478, 1530}, {0x81, 0x00, 0x00, 0xFF}}},
	{{{4473, -968, -3126}, 0, {-16730, -8092}, {0x81, 0x00, 0x00, 0xFF}}},
	{{{4473, -10779, -3126}, 0, {-16730, 18899}, {0x81, 0x00, 0x00, 0xFF}}},
	{{{4473, -6449, -3357}, 0, {-17478, 4848}, {0x81, 0x00, 0x00, 0xFF}}},
	{{{4473, -10779, -3357}, 0, {-17478, 18899}, {0x81, 0x00, 0x00, 0xFF}}},
	{{{2682, -968, -1299}, 0, {-10800, -8092}, {0x7F, 0x00, 0x00, 0xFF}}},
	{{{2682, -968, -888}, 0, {-9465, -8092}, {0x7F, 0x00, 0x00, 0xFF}}},
	{{{2682, -6264, -888}, 0, {-9465, 4247}, {0x7F, 0x00, 0x00, 0xFF}}},
	{{{2682, -6264, -1299}, 0, {-10800, 4247}, {0x7F, 0x00, 0x00, 0xFF}}},
	{{{2271, -968, -888}, 0, {-9465, -8092}, {0x81, 0x00, 0x00, 0xFF}}},
	{{{2271, -968, -1299}, 0, {-10800, -8092}, {0x81, 0x00, 0x00, 0xFF}}},
	{{{2271, -6264, -1299}, 0, {-10800, 4247}, {0x81, 0x00, 0x00, 0xFF}}},
	{{{2271, -6264, -888}, 0, {-9465, 4247}, {0x81, 0x00, 0x00, 0xFF}}},
	{{{2271, -968, 85}, 0, {-6309, -8092}, {0x81, 0x00, 0x00, 0xFF}}},
	{{{2271, -968, -327}, 0, {-7644, -8092}, {0x81, 0x00, 0x00, 0xFF}}},
	{{{2271, -10779, -327}, 0, {-7644, 18899}, {0x81, 0x00, 0x00, 0xFF}}},
	{{{2271, -10779, 85}, 0, {-6309, 18899}, {0x81, 0x00, 0x00, 0xFF}}},
	{{{2682, -968, -327}, 0, {-7644, -8092}, {0x7F, 0x00, 0x00, 0xFF}}},
	{{{2682, -968, 85}, 0, {-6309, -8092}, {0x7F, 0x00, 0x00, 0xFF}}},
	{{{2682, -10779, 85}, 0, {-6309, 18899}, {0x7F, 0x00, 0x00, 0xFF}}},
	{{{2682, -10779, -327}, 0, {-7644, 18899}, {0x7F, 0x00, 0x00, 0xFF}}},
	{{{4884, -968, -1299}, 0, {-10800, -8092}, {0x7F, 0x00, 0x00, 0xFF}}},
	{{{4884, -968, -888}, 0, {-9465, -8092}, {0x7F, 0x00, 0x00, 0xFF}}},
	{{{4884, -10779, -888}, 0, {-9465, 18899}, {0x7F, 0x00, 0x00, 0xFF}}},
	{{{4884, -10779, -1299}, 0, {-10800, 18899}, {0x7F, 0x00, 0x00, 0xFF}}},
	{{{4473, -968, -888}, 0, {-9465, -8092}, {0x81, 0x00, 0x00, 0xFF}}},
	{{{4473, -968, -1299}, 0, {-10800, -8092}, {0x81, 0x00, 0x00, 0xFF}}},
	{{{4473, -10779, -1299}, 0, {-10800, 18899}, {0x81, 0x00, 0x00, 0xFF}}},
	{{{4473, -968, -888}, 0, {-9465, -8092}, {0x81, 0x00, 0x00, 0xFF}}},
	{{{4473, -10779, -1299}, 0, {-10800, 18899}, {0x81, 0x00, 0x00, 0xFF}}},
	{{{4473, -10779, -888}, 0, {-9465, 18899}, {0x81, 0x00, 0x00, 0xFF}}},
	{{{4473, -10779, -327}, 0, {-7644, 18899}, {0x81, 0x00, 0x00, 0xFF}}},
	{{{4473, -10779, 85}, 0, {-6309, 18899}, {0x81, 0x00, 0x00, 0xFF}}},
	{{{4473, -4354, 85}, 0, {-6309, -1954}, {0x81, 0x00, 0x00, 0xFF}}},
	{{{4473, -4354, -327}, 0, {-7644, -1954}, {0x81, 0x00, 0x00, 0xFF}}},
	{{{4884, -10779, 85}, 0, {-6309, 18899}, {0x7F, 0x00, 0x00, 0xFF}}},
	{{{4884, -10779, -327}, 0, {-7644, 18899}, {0x7F, 0x00, 0x00, 0xFF}}},
	{{{4884, -4354, -327}, 0, {-7644, -1954}, {0x7F, 0x00, 0x00, 0xFF}}},
	{{{4884, -4354, 85}, 0, {-6309, -1954}, {0x7F, 0x00, 0x00, 0xFF}}},
	{{{4473, -4354, -327}, 0, {-7644, -1954}, {0x00, 0x7F, 0x00, 0xFF}}},
	{{{4473, -4354, 85}, 0, {-6309, -1954}, {0x00, 0x7F, 0x00, 0xFF}}},
	{{{4884, -4354, 85}, 0, {-6309, -1954}, {0x00, 0x7F, 0x00, 0xFF}}},
	{{{4884, -4354, -327}, 0, {-7644, -1954}, {0x00, 0x7F, 0x00, 0xFF}}},
	{{{2682, -10779, -888}, 0, {-9465, 18899}, {0x7F, 0x00, 0x00, 0xFF}}},
	{{{2682, -10779, -1299}, 0, {-10800, 18899}, {0x7F, 0x00, 0x00, 0xFF}}},
	{{{2682, -7301, -1299}, 0, {-10800, 7611}, {0x7F, 0x00, 0x00, 0xFF}}},
	{{{2682, -7315, -888}, 0, {-9465, 7657}, {0x7F, 0x00, 0x00, 0xFF}}},
	{{{2271, -10779, -1299}, 0, {-10800, 18899}, {0x81, 0x00, 0x00, 0xFF}}},
	{{{2271, -10779, -888}, 0, {-9465, 18899}, {0x81, 0x00, 0x00, 0xFF}}},
	{{{2271, -7249, -888}, 0, {-9465, 7442}, {0x81, 0x00, 0x00, 0xFF}}},
	{{{2271, -7301, -1299}, 0, {-10800, 7611}, {0x81, 0x00, 0x00, 0xFF}}},
	{{{-3446, -8069, -931}, 0, {-9605, 10105}, {0x7F, 0x00, 0x00, 0xFF}}},
	{{{-3446, -9301, -3101}, 0, {-16648, 14104}, {0x7F, 0x00, 0x00, 0xFF}}},
	{{{-3446, -8069, -3101}, 0, {-16648, 10105}, {0x7F, 0x00, 0x00, 0xFF}}},
	{{{-3446, -9301, -931}, 0, {-9605, 14104}, {0x7F, 0x00, 0x00, 0xFF}}},
	{{{-3446, -8069, 323}, 0, {-5534, 10105}, {0x7F, 0x00, 0x00, 0xFF}}},
	{{{-3446, -9301, 323}, 0, {-5534, 14104}, {0x7F, 0x00, 0x00, 0xFF}}},
	{{{-3446, -8069, 1302}, 0, {-2358, 10105}, {0x7F, 0x00, 0x00, 0xFF}}},
	{{{-3446, -9301, 1302}, 0, {-2358, 14104}, {0x7F, 0x00, 0x00, 0xFF}}},
	{{{-3446, -8069, 2348}, 0, {1039, 10105}, {0x7F, 0x00, 0x00, 0xFF}}},
	{{{-3446, -8069, 2348}, 0, {1039, 10105}, {0x7F, 0x00, 0x00, 0xFF}}},
	{{{-3446, -9301, 2748}, 0, {2337, 14104}, {0x7F, 0x00, 0x00, 0xFF}}},
	{{{-3446, -9301, 1302}, 0, {-2358, 14104}, {0x7F, 0x00, 0x00, 0xFF}}},
	{{{-3446, -8069, 2748}, 0, {2337, 10105}, {0x7F, 0x00, 0x00, 0xFF}}},
	{{{-3446, -8069, 3897}, 0, {6064, 10105}, {0x7F, 0x00, 0x00, 0xFF}}},
	{{{-3446, -9301, 3897}, 0, {6064, 14104}, {0x7F, 0x00, 0x00, 0xFF}}},
	{{{-2504, -9301, -3101}, 0, {-16648, 14104}, {0x99, 0x00, 0x4A, 0xFF}}},
	{{{-2504, -8069, -3101}, 0, {-16648, 10105}, {0x99, 0x00, 0x4A, 0xFF}}},
	{{{-2699, -8699, -3375}, 0, {-17538, 12148}, {0x99, 0x00, 0x4A, 0xFF}}},
	{{{-2699, -9301, -3375}, 0, {-17538, 14104}, {0x99, 0x00, 0x4A, 0xFF}}},
	{{{-2504, -8069, -3101}, 0, {-16648, 10105}, {0x00, 0x81, 0x00, 0xFF}}},
	{{{-2504, -8069, -1490}, 0, {-11418, 10105}, {0x00, 0x81, 0x00, 0xFF}}},
	{{{-3446, -8069, -3101}, 0, {-16648, 10105}, {0x00, 0x81, 0x00, 0xFF}}},
	{{{-3446, -8069, -931}, 0, {-9605, 10105}, {0x00, 0x81, 0x00, 0xFF}}},
	{{{-2504, -8069, -931}, 0, {-9605, 10105}, {0x00, 0x81, 0x00, 0xFF}}},
	{{{-3446, -8069, 323}, 0, {-5534, 10105}, {0x00, 0x81, 0x00, 0xFF}}},
	{{{-2504, -8069, -373}, 0, {-7792, 10105}, {0x00, 0x81, 0x00, 0xFF}}},
	{{{-2504, -8069, 323}, 0, {-5534, 10105}, {0xA6, 0xA6, 0x00, 0xFF}}},
	{{{-2504, -8069, 1302}, 0, {-2358, 10105}, {0xA6, 0xA6, 0x00, 0xFF}}},
	{{{-2504, -9301, 1302}, 0, {-2358, 14104}, {0x81, 0x00, 0x00, 0xFF}}},
	{{{-2504, -9301, 323}, 0, {-5534, 14104}, {0x81, 0x00, 0x00, 0xFF}}},
	{{{-2504, -8360, 135}, 0, {-6146, 11051}, {0x81, 0x00, 0x00, 0xFF}}},
	{{{-2504, -8360, -321}, 0, {-7626, 11051}, {0x81, 0x00, 0x00, 0xFF}}},
	{{{-2504, -8069, -373}, 0, {-7792, 10105}, {0x81, 0x00, 0x00, 0xFF}}},
	{{{-2504, -8360, -424}, 0, {-7959, 11051}, {0x81, 0x00, 0x00, 0xFF}}},
	{{{-2504, -8360, -880}, 0, {-9439, 11051}, {0x81, 0x00, 0x00, 0xFF}}},
	{{{-2504, -8069, -931}, 0, {-9605, 10105}, {0x81, 0x00, 0x00, 0xFF}}},
	{{{-2504, -8360, -982}, 0, {-9772, 11051}, {0x81, 0x00, 0x00, 0xFF}}},
	{{{-2504, -8360, -1438}, 0, {-11252, 11051}, {0x81, 0x00, 0x00, 0xFF}}},
	{{{-2504, -8069, -1490}, 0, {-11418, 10105}, {0x81, 0x00, 0x00, 0xFF}}},
	{{{-2504, -8360, -1541}, 0, {-11585, 11051}, {0x81, 0x00, 0x00, 0xFF}}},
	{{{-2504, -8360, -1997}, 0, {-13065, 11051}, {0x81, 0x00, 0x00, 0xFF}}},
	{{{-2504, -8360, -1997}, 0, {-13065, 11051}, {0x81, 0x00, 0x00, 0xFF}}},
	{{{-2504, -8069, -1490}, 0, {-11418, 10105}, {0x81, 0x00, 0x00, 0xFF}}},
	{{{-2504, -8069, -3101}, 0, {-16648, 10105}, {0x81, 0x00, 0x00, 0xFF}}},
	{{{-2504, -9010, -1997}, 0, {-13065, 13159}, {0x81, 0x00, 0x00, 0xFF}}},
	{{{-2504, -9301, -3101}, 0, {-16648, 14104}, {0x81, 0x00, 0x00, 0xFF}}},
	{{{-2504, -9010, -1541}, 0, {-11585, 13159}, {0x81, 0x00, 0x00, 0xFF}}},
	{{{-2504, -9301, -1490}, 0, {-11418, 14104}, {0x81, 0x00, 0x00, 0xFF}}},
	{{{-2504, -9010, -1438}, 0, {-11252, 13159}, {0x81, 0x00, 0x00, 0xFF}}},
	{{{-2504, -9010, -982}, 0, {-9772, 13159}, {0x81, 0x00, 0x00, 0xFF}}},
	{{{-2504, -9301, -982}, 0, {-9772, 14104}, {0x81, 0x00, 0x00, 0xFF}}},
	{{{-2504, -9010, -880}, 0, {-9439, 13159}, {0x81, 0x00, 0x00, 0xFF}}},
	{{{-2504, -9010, -424}, 0, {-7959, 13159}, {0x81, 0x00, 0x00, 0xFF}}},
	{{{-2504, -9301, -373}, 0, {-7792, 14104}, {0x81, 0x00, 0x00, 0xFF}}},
	{{{-2504, -9010, -321}, 0, {-7626, 13159}, {0x81, 0x00, 0x00, 0xFF}}},
	{{{-2504, -9010, 135}, 0, {-6146, 13159}, {0x81, 0x00, 0x00, 0xFF}}},
	{{{-2504, -9301, 323}, 0, {-5534, 14104}, {0x81, 0x00, 0x00, 0xFF}}},
	{{{-2504, -8360, 135}, 0, {-6146, 11051}, {0x81, 0x00, 0x00, 0xFF}}},
	{{{-2504, -8360, -424}, 0, {-7959, 11051}, {0x81, 0x00, 0x00, 0xFF}}},
	{{{-2504, -8360, -321}, 0, {-7626, 11051}, {0x81, 0x00, 0x00, 0xFF}}},
	{{{-2504, -8360, -1541}, 0, {-11585, 11051}, {0x81, 0x00, 0x00, 0xFF}}},
	{{{-2504, -8360, -1438}, 0, {-11252, 11051}, {0x81, 0x00, 0x00, 0xFF}}},
	{{{-2504, -8360, -982}, 0, {-9772, 11051}, {0x81, 0x00, 0x00, 0xFF}}},
	{{{-2504, -8360, -880}, 0, {-9439, 11051}, {0x81, 0x00, 0x00, 0xFF}}},
	{{{-2504, -8069, 3217}, 0, {3857, 10105}, {0x81, 0x00, 0x00, 0xFF}}},
	{{{-2504, -9301, 3217}, 0, {3857, 14104}, {0x81, 0x00, 0x00, 0xFF}}},
	{{{-2504, -9301, 3897}, 0, {6064, 14104}, {0x81, 0x00, 0x00, 0xFF}}},
	{{{-2504, -8069, 3897}, 0, {6064, 10105}, {0x81, 0x00, 0x00, 0xFF}}},
	{{{-2741, -8069, 3217}, 0, {3857, 10105}, {0x00, 0x81, 0x00, 0xFF}}},
	{{{-2504, -8069, 3217}, 0, {3857, 10105}, {0x00, 0x81, 0x00, 0xFF}}},
	{{{-2504, -8069, 3897}, 0, {6064, 10105}, {0x00, 0x81, 0x00, 0xFF}}},
	{{{-2741, -8069, 3549}, 0, {4934, 10105}, {0x00, 0x81, 0x00, 0xFF}}},
	{{{-3196, -8069, 3549}, 0, {4934, 10105}, {0x00, 0x81, 0x00, 0xFF}}},
	{{{-2504, -8069, 3897}, 0, {6064, 10105}, {0x00, 0x81, 0x00, 0xFF}}},
	{{{-3446, -8069, 3897}, 0, {6064, 10105}, {0x00, 0x81, 0x00, 0xFF}}},
	{{{-3196, -8069, 3549}, 0, {4934, 10105}, {0x00, 0x81, 0x00, 0xFF}}},
	{{{-3446, -8069, 2748}, 0, {2337, 10105}, {0x00, 0x81, 0x00, 0xFF}}},
	{{{-3196, -8069, 2348}, 0, {1039, 10105}, {0x00, 0x81, 0x00, 0xFF}}},
	{{{-3446, -8069, 2348}, 0, {1039, 10105}, {0x00, 0x81, 0x00, 0xFF}}},
	{{{-3196, -8069, 1948}, 0, {-259, 10105}, {0x00, 0x81, 0x00, 0xFF}}},
	{{{-3446, -8069, 1302}, 0, {-2358, 10105}, {0x00, 0x81, 0x00, 0xFF}}},
	{{{-2741, -8069, 1948}, 0, {-259, 10105}, {0x00, 0x81, 0x00, 0xFF}}},
	{{{-2504, -8069, 1302}, 0, {-2358, 10105}, {0xA6, 0xA6, 0x00, 0xFF}}},
	{{{-3446, -8069, 323}, 0, {-5534, 10105}, {0x00, 0x81, 0x00, 0xFF}}},
	{{{-2741, -8069, 2280}, 0, {818, 10105}, {0x00, 0x81, 0x00, 0xFF}}},
	{{{-2504, -8069, 2280}, 0, {818, 10105}, {0x00, 0x81, 0x00, 0xFF}}},
	{{{-3048, -7829, 3209}, 0, {3832, 9325}, {0x8E, 0xC8, 0x00, 0xFF}}},
	{{{-2741, -8069, 3549}, 0, {4934, 10105}, {0xB2, 0x9C, 0x00, 0xFF}}},
	{{{-3048, -7829, 3549}, 0, {4934, 9325}, {0x8E, 0xC8, 0x00, 0xFF}}},
	{{{-2741, -8069, 3217}, 0, {3857, 10105}, {0xB2, 0x9C, 0x00, 0xFF}}},
	{{{-3048, -7829, 2908}, 0, {2854, 9325}, {0x8E, 0xC8, 0x00, 0xFF}}},
	{{{-3048, -7761, 2908}, 0, {2854, 9104}, {0x81, 0x00, 0x00, 0xFF}}},
	{{{-3048, -7761, 3209}, 0, {3832, 9104}, {0x81, 0x00, 0x00, 0xFF}}},
	{{{-3048, -7829, 3549}, 0, {4934, 9325}, {0x8E, 0xC8, 0x00, 0xFF}}},
	{{{-3048, -7761, 3549}, 0, {4934, 9104}, {0x81, 0x00, 0x00, 0xFF}}},
	{{{-3048, -5158, 3549}, 0, {4934, 657}, {0x81, 0x00, 0x00, 0xFF}}},
	{{{-3048, -5906, 3209}, 0, {3832, 3086}, {0x81, 0x00, 0x00, 0xFF}}},
	{{{-3048, -5158, 3209}, 0, {3832, 657}, {0x81, 0x00, 0x00, 0xFF}}},
	{{{-2741, -8069, 2908}, 0, {2854, 10105}, {0xB2, 0x9C, 0x00, 0xFF}}},
	{{{-3048, -7829, 2288}, 0, {842, 9325}, {0xB2, 0x9C, 0x00, 0xFF}}},
	{{{-2741, -8069, 2589}, 0, {1821, 10105}, {0xB2, 0x9C, 0x00, 0xFF}}},
	{{{-3048, -7829, 2589}, 0, {1821, 9325}, {0xB2, 0x9C, 0x00, 0xFF}}},
	{{{-2741, -8069, 2280}, 0, {818, 10105}, {0xB2, 0x9C, 0x00, 0xFF}}},
	{{{-3048, -7829, 1948}, 0, {-259, 9325}, {0xB2, 0x9C, 0x00, 0xFF}}},
	{{{-2741, -8069, 1948}, 0, {-259, 10105}, {0xB2, 0x9C, 0x00, 0xFF}}},
	{{{-2504, -7761, 2589}, 0, {1821, 9104}, {0x81, 0x00, 0x00, 0xFF}}},
	{{{-2504, -9301, 2589}, 0, {1821, 14104}, {0x81, 0x00, 0x00, 0xFF}}},
	{{{-2504, -9301, 2908}, 0, {2854, 14104}, {0x81, 0x00, 0x00, 0xFF}}},
	{{{-2504, -7761, 2908}, 0, {2854, 9104}, {0x81, 0x00, 0x00, 0xFF}}},
	{{{-2504, -8069, 1302}, 0, {-2358, 10105}, {0xA6, 0xA6, 0x00, 0xFF}}},
	{{{-2504, -9301, 1302}, 0, {-2358, 14104}, {0x81, 0x00, 0x00, 0xFF}}},
	{{{-2504, -9301, 2280}, 0, {818, 14104}, {0x81, 0x00, 0x00, 0xFF}}},
	{{{-2504, -8069, 2280}, 0, {818, 10105}, {0x81, 0x00, 0x00, 0xFF}}},
	{{{-2741, -9301, 3217}, 0, {3857, 14104}, {0x81, 0x00, 0x00, 0xFF}}},
	{{{-2741, -8069, 3217}, 0, {3857, 10105}, {0x81, 0x00, 0x00, 0xFF}}},
	{{{-2741, -8069, 2908}, 0, {2854, 10105}, {0x81, 0x00, 0x00, 0xFF}}},
	{{{-2741, -9301, 2908}, 0, {2854, 14104}, {0x81, 0x00, 0x00, 0xFF}}},
	{{{-2741, -9301, 2589}, 0, {1821, 14104}, {0x81, 0x00, 0x00, 0xFF}}},
	{{{-2741, -8069, 2589}, 0, {1821, 10105}, {0x81, 0x00, 0x00, 0xFF}}},
	{{{-2741, -8069, 2280}, 0, {818, 10105}, {0x81, 0x00, 0x00, 0xFF}}},
	{{{-2741, -9301, 2280}, 0, {818, 14104}, {0x81, 0x00, 0x00, 0xFF}}},
	{{{-3196, -8069, 1948}, 0, {-259, 10105}, {0x7A, 0x22, 0x00, 0xFF}}},
	{{{-3282, -7761, 1948}, 0, {-259, 9104}, {0x7A, 0x22, 0x00, 0xFF}}},
	{{{-3196, -8069, 2348}, 0, {1039, 10105}, {0x7A, 0x22, 0x00, 0xFF}}},
	{{{-3196, -8069, 3549}, 0, {4934, 10105}, {0x7A, 0x22, 0x00, 0xFF}}},
	{{{-3282, -7761, 3549}, 0, {4934, 9104}, {0x7A, 0x22, 0x00, 0xFF}}},
	{{{-2344, -3725, 5229}, 0, {10389, -3994}, {0x00, 0x81, 0x00, 0xFF}}},
	{{{-2575, -3725, 5229}, 0, {10389, -3994}, {0x00, 0x81, 0x00, 0xFF}}},
	{{{-2575, -3725, 4402}, 0, {7704, -3994}, {0x00, 0x81, 0x00, 0xFF}}},
	{{{-2344, -3725, 4402}, 0, {7704, -3994}, {0x00, 0x81, 0x00, 0xFF}}},
	{{{1422, -3725, 4402}, 0, {7704, -3994}, {0x00, 0x81, 0x00, 0xFF}}},
	{{{1422, -3725, 5229}, 0, {10389, -3994}, {0x00, 0x81, 0x00, 0xFF}}},
	{{{-2344, -3631, 4314}, 0, {7418, -4299}, {0x00, 0x7F, 0x00, 0xFF}}},
	{{{-2575, -3631, 4314}, 0, {7418, -4299}, {0x00, 0x7F, 0x00, 0xFF}}},
	{{{-2575, -3631, 5317}, 0, {10675, -4299}, {0x00, 0x7F, 0x00, 0xFF}}},
	{{{-2344, -3631, 5317}, 0, {10675, -4299}, {0x00, 0x7F, 0x00, 0xFF}}},
	{{{-3620, -5000, 5317}, 0, {10675, 145}, {0x81, 0x00, 0x00, 0xFF}}},
	{{{-3620, -4803, 5317}, 0, {10675, -494}, {0x81, 0x00, 0x00, 0xFF}}},
	{{{-3620, -4803, 5229}, 0, {10389, -494}, {0x81, 0x00, 0x00, 0xFF}}},
	{{{-3620, -5000, 5229}, 0, {10389, 145}, {0x81, 0x00, 0x00, 0xFF}}},
	{{{-3620, -5000, 4402}, 0, {7704, 145}, {0x81, 0x00, 0x00, 0xFF}}},
	{{{-3620, -4803, 4402}, 0, {7704, -494}, {0x81, 0x00, 0x00, 0xFF}}},
	{{{-3620, -4803, 4314}, 0, {7418, -494}, {0x81, 0x00, 0x00, 0xFF}}},
	{{{-3620, -5000, 4314}, 0, {7418, 145}, {0x81, 0x00, 0x00, 0xFF}}},
	{{{-3620, -4803, 4314}, 0, {7418, -494}, {0x00, 0x7F, 0x00, 0xFF}}},
	{{{-3620, -4803, 4402}, 0, {7704, -494}, {0x00, 0x7F, 0x00, 0xFF}}},
	{{{-3349, -4803, 4402}, 0, {7704, -494}, {0xDD, 0x7A, 0x00, 0xFF}}},
	{{{-3349, -4803, 4314}, 0, {7418, -494}, {0xDD, 0x7A, 0x00, 0xFF}}},
	{{{-2575, -4316, 4402}, 0, {7704, -2077}, {0xBC, 0x6B, 0x00, 0xFF}}},
	{{{-2575, -4316, 4314}, 0, {7418, -2077}, {0xBC, 0x6B, 0x00, 0xFF}}},
	{{{-3620, -4803, 5317}, 0, {10675, -494}, {0x00, 0x7F, 0x00, 0xFF}}},
	{{{-3349, -4803, 5317}, 0, {10675, -494}, {0x00, 0x7F, 0x00, 0xFF}}},
	{{{-3349, -4803, 5229}, 0, {10389, -494}, {0x00, 0x7F, 0x00, 0xFF}}},
	{{{-3620, -4803, 5229}, 0, {10389, -494}, {0x00, 0x7F, 0x00, 0xFF}}},
	{{{-3349, -4803, 5229}, 0, {10389, -494}, {0xBC, 0x6B, 0x00, 0xFF}}},
	{{{-3349, -4803, 5317}, 0, {10675, -494}, {0xBC, 0x6B, 0x00, 0xFF}}},
	{{{-2575, -4316, 5317}, 0, {10675, -2077}, {0xBC, 0x6B, 0x00, 0xFF}}},
	{{{-2575, -4316, 5229}, 0, {10389, -2077}, {0xBC, 0x6B, 0x00, 0xFF}}},
	{{{-2575, -4316, 5229}, 0, {10389, -2077}, {0x81, 0x00, 0x00, 0xFF}}},
	{{{-2575, -4316, 5317}, 0, {10675, -2077}, {0x81, 0x00, 0x00, 0xFF}}},
	{{{-2575, -3631, 5317}, 0, {10675, -4299}, {0x81, 0x00, 0x00, 0xFF}}},
	{{{-2575, -3725, 5229}, 0, {10389, -3994}, {0x81, 0x00, 0x00, 0xFF}}},
	{{{-2575, -3631, 4314}, 0, {7418, -4299}, {0x81, 0x00, 0x00, 0xFF}}},
	{{{-2575, -3725, 4402}, 0, {7704, -3994}, {0x81, 0x00, 0x00, 0xFF}}},
	{{{-2575, -4316, 4314}, 0, {7418, -2077}, {0x81, 0x00, 0x00, 0xFF}}},
	{{{-2575, -4316, 4402}, 0, {7704, -2077}, {0x81, 0x00, 0x00, 0xFF}}},
	{{{1422, -4609, 4402}, 0, {7704, -1126}, {0x81, 0x00, 0x00, 0xFF}}},
	{{{1422, -4609, 5229}, 0, {10389, -1126}, {0x81, 0x00, 0x00, 0xFF}}},
	{{{1422, -3725, 5229}, 0, {10389, -3994}, {0x81, 0x00, 0x00, 0xFF}}},
	{{{1422, -3725, 4402}, 0, {7704, -3994}, {0x81, 0x00, 0x00, 0xFF}}},
	{{{-8479, -3510, 3877}, 0, {6002, -4691}, {0x7F, 0x00, 0x00, 0xFF}}},
	{{{-8479, -3510, 3792}, 0, {5726, -4691}, {0x7F, 0x00, 0x00, 0xFF}}},
	{{{-8479, -3192, 3716}, 0, {5479, -5725}, {0x7F, 0x00, 0x00, 0xFF}}},
	{{{-8479, -3142, 3785}, 0, {5703, -5885}, {0x7F, 0x00, 0x00, 0xFF}}},
	{{{-8479, -2966, 3502}, 0, {4782, -6457}, {0x7F, 0x00, 0x00, 0xFF}}},
	{{{-8479, -2893, 3545}, 0, {4923, -6694}, {0x7F, 0x00, 0x00, 0xFF}}},
	{{{-8479, -2851, 3088}, 0, {3439, -6831}, {0x7F, 0x00, 0x00, 0xFF}}},
	{{{-8479, -2745, 3130}, 0, {3576, -7174}, {0x7F, 0x00, 0x00, 0xFF}}},
	{{{-8479, -2603, 2835}, 0, {2618, -7636}, {0x7F, 0x00, 0x00, 0xFF}}},
	{{{-8479, -2415, 2833}, 0, {2612, -8246}, {0x7F, 0x00, 0x00, 0xFF}}},
	{{{-8479, -2603, 2662}, 0, {2057, -7636}, {0x7F, 0x00, 0x00, 0xFF}}},
	{{{-8479, -2415, 2664}, 0, {2063, -8246}, {0x7F, 0x00, 0x00, 0xFF}}},
	{{{-8479, -2745, 2367}, 0, {1099, -7174}, {0x7F, 0x00, 0x00, 0xFF}}},
	{{{-8479, -2851, 2409}, 0, {1236, -6831}, {0x7F, 0x00, 0x00, 0xFF}}},
	{{{-8479, -2893, 1952}, 0, {-249, -6694}, {0x7F, 0x00, 0x00, 0xFF}}},
	{{{-8479, -2966, 1995}, 0, {-107, -6457}, {0x7F, 0x00, 0x00, 0xFF}}},
	{{{-8479, -3142, 1712}, 0, {-1028, -5885}, {0x7F, 0x00, 0x00, 0xFF}}},
	{{{-8479, -3192, 1781}, 0, {-804, -5725}, {0x7F, 0x00, 0x00, 0xFF}}},
	{{{-8479, -3510, 1620}, 0, {-1327, -4691}, {0x7F, 0x00, 0x00, 0xFF}}},
	{{{-8479, -3510, 1704}, 0, {-1051, -4691}, {0x7F, 0x00, 0x00, 0xFF}}},
	{{{-3182, -3620, 3877}, 0, {6002, -4336}, {0x7F, 0x00, 0x00, 0xFF}}},
	{{{-3182, -3510, 3792}, 0, {5726, -4691}, {0x7F, 0x00, 0x00, 0xFF}}},
	{{{-3182, -3510, 3877}, 0, {6002, -4691}, {0x7F, 0x00, 0x00, 0xFF}}},
	{{{-3182, -3718, 3792}, 0, {5726, -4018}, {0x7F, 0x00, 0x00, 0xFF}}},
	{{{-3182, -3718, 5276}, 0, {10541, -4018}, {0x7F, 0x00, 0x00, 0xFF}}},
	{{{-3182, -3620, 5191}, 0, {10265, -4336}, {0x7F, 0x00, 0x00, 0xFF}}},
	{{{-3182, -3510, 5191}, 0, {10265, -4691}, {0x7F, 0x00, 0x00, 0xFF}}},
	{{{-3182, -3510, 5276}, 0, {10541, -4691}, {0x7F, 0x00, 0x00, 0xFF}}},
	{{{-8885, -3718, 5276}, 0, {10541, -4018}, {0x00, 0x81, 0x00, 0xFF}}},
	{{{-8885, -3718, 3792}, 0, {5726, -4018}, {0x00, 0x81, 0x00, 0xFF}}},
	{{{-7337, -3718, 3792}, 0, {5726, -4018}, {0x00, 0x81, 0x00, 0xFF}}},
	{{{-7337, -3718, 4126}, 0, {6809, -4018}, {0x00, 0x81, 0x00, 0xFF}}},
	{{{-7048, -3718, 4293}, 0, {7351, -4018}, {0x00, 0x81, 0x00, 0xFF}}},
	{{{-6547, -3718, 5276}, 0, {10541, -4018}, {0xF3, 0x82, 0x03, 0xFF}}},
	{{{-6759, -3718, 4126}, 0, {6809, -4018}, {0x00, 0x81, 0x00, 0xFF}}},
	{{{-6547, -3718, 3792}, 0, {5726, -4018}, {0xED, 0x82, 0xFE, 0xFF}}},
	{{{-6759, -3718, 3792}, 0, {5726, -4018}, {0x00, 0x81, 0x00, 0xFF}}},
	{{{-6462, -3750, 5066}, 0, {9858, -3914}, {0xE0, 0x85, 0x02, 0xFF}}},
	{{{-6287, -3737, 4490}, 0, {7989, -3954}, {0xEA, 0x83, 0xFD, 0xFF}}},
	{{{-6137, -3856, 3997}, 0, {6390, -3571}, {0xD6, 0x89, 0x0E, 0xFF}}},
	{{{-6255, -3817, 3833}, 0, {5857, -3696}, {0xD8, 0x89, 0xED, 0xFF}}},
	{{{-6220, -3779, 3748}, 0, {5582, -3820}, {0xE4, 0x94, 0xC3, 0xFF}}},
	{{{-5982, -3874, 4161}, 0, {6923, -3510}, {0xCA, 0x8D, 0xFD, 0xFF}}},
	{{{-6013, -3920, 4304}, 0, {7387, -3362}, {0xAB, 0xAE, 0xD3, 0xFF}}},
	{{{-6547, -3510, 5191}, 0, {10265, -4691}, {0x0E, 0x7E, 0x00, 0xFF}}},
	{{{-8885, -3510, 5191}, 0, {10265, -4691}, {0x00, 0x7F, 0x00, 0xFF}}},
	{{{-8885, -3510, 5276}, 0, {10541, -4691}, {0x00, 0x7F, 0x00, 0xFF}}},
	{{{-6547, -3510, 5276}, 0, {10541, -4691}, {0x0D, 0x7E, 0x00, 0xFF}}},
	{{{-6220, -3583, 5231}, 0, {10396, -4457}, {0x28, 0x79, 0x00, 0xFF}}},
	{{{-6220, -3583, 5146}, 0, {10121, -4457}, {0x2E, 0x76, 0x00, 0xFF}}},
	{{{-6069, -3660, 5136}, 0, {10087, -4204}, {0x3A, 0x71, 0x00, 0xFF}}},
	{{{-6069, -3660, 5051}, 0, {9811, -4204}, {0x3A, 0x71, 0x00, 0xFF}}},
	{{{-3182, -3510, 3792}, 0, {5726, -4691}, {0x00, 0x7F, 0x00, 0xFF}}},
	{{{-4506, -3510, 3792}, 0, {5726, -4691}, {0x00, 0x7F, 0x00, 0xFF}}},
	{{{-4506, -3510, 3877}, 0, {6002, -4691}, {0x00, 0x7F, 0x00, 0xFF}}},
	{{{-3182, -3510, 3877}, 0, {6002, -4691}, {0x00, 0x7F, 0x00, 0xFF}}},
	{{{-6547, -3620, 5191}, 0, {10265, -4336}, {0xF7, 0x00, 0x81, 0xFF}}},
	{{{-8885, -3620, 5191}, 0, {10265, -4336}, {0x00, 0x00, 0x81, 0xFF}}},
	{{{-8885, -3510, 5191}, 0, {10265, -4691}, {0x00, 0x00, 0x81, 0xFF}}},
	{{{-6547, -3510, 5191}, 0, {10265, -4691}, {0xF8, 0x00, 0x81, 0xFF}}},
	{{{-6547, -3620, 5191}, 0, {10265, -4336}, {0xF7, 0x00, 0x81, 0xFF}}},
	{{{-6547, -3510, 5191}, 0, {10265, -4691}, {0xF8, 0x00, 0x81, 0xFF}}},
	{{{-6220, -3583, 5146}, 0, {10121, -4457}, {0xDA, 0x00, 0x87, 0xFF}}},
	{{{-6220, -3686, 5146}, 0, {10121, -4121}, {0xCB, 0x00, 0x8D, 0xFF}}},
	{{{-6069, -3660, 5051}, 0, {9811, -4204}, {0xBC, 0x00, 0x95, 0xFF}}},
	{{{-6069, -3810, 5051}, 0, {9811, -3718}, {0xBC, 0x00, 0x95, 0xFF}}},
	{{{-6220, -3779, 5146}, 0, {10121, -3820}, {0xBC, 0x00, 0x95, 0xFF}}},
	{{{-3182, -3718, 3792}, 0, {5726, -4018}, {0x00, 0x00, 0x81, 0xFF}}},
	{{{-4506, -3718, 3792}, 0, {5726, -4018}, {0x00, 0x00, 0x81, 0xFF}}},
	{{{-4506, -3510, 3792}, 0, {5726, -4691}, {0x00, 0x00, 0x81, 0xFF}}},
	{{{-3182, -3510, 3792}, 0, {5726, -4691}, {0x00, 0x00, 0x81, 0xFF}}},
	{{{-8885, -3620, 3877}, 0, {6002, -4336}, {0x00, 0x00, 0x7F, 0xFF}}},
	{{{-7337, -3620, 3877}, 0, {6002, -4336}, {0x00, 0x00, 0x7F, 0xFF}}},
	{{{-7337, -3510, 3877}, 0, {6002, -4691}, {0x00, 0x00, 0x7F, 0xFF}}},
	{{{-8479, -3510, 3877}, 0, {6002, -4691}, {0x00, 0x0A, 0x7F, 0xFF}}},
	{{{-8885, -3510, 3877}, 0, {6002, -4691}, {0x00, 0x10, 0x7E, 0xFF}}},
	{{{-8479, -3142, 3785}, 0, {5703, -5885}, {0x00, 0x3E, 0x6F, 0xFF}}},
	{{{-8885, -3142, 3785}, 0, {5703, -5885}, {0x00, 0x3E, 0x6F, 0xFF}}},
	{{{-8479, -2893, 3545}, 0, {4923, -6694}, {0x00, 0x6B, 0x45, 0xFF}}},
	{{{-8885, -2893, 3545}, 0, {4923, -6694}, {0x00, 0x6B, 0x45, 0xFF}}},
	{{{-8479, -2745, 3130}, 0, {3576, -7174}, {0x00, 0x69, 0x47, 0xFF}}},
	{{{-8885, -2745, 3130}, 0, {3576, -7174}, {0x00, 0x69, 0x47, 0xFF}}},
	{{{-8479, -2415, 2833}, 0, {2612, -8246}, {0x00, 0x55, 0x5E, 0xFF}}},
	{{{-8885, -2415, 2833}, 0, {2612, -8246}, {0x00, 0x55, 0x5E, 0xFF}}},
	{{{-5280, -3718, 5276}, 0, {10541, -4018}, {0x00, 0x00, 0x7F, 0xFF}}},
	{{{-3182, -3718, 5276}, 0, {10541, -4018}, {0x00, 0x00, 0x7F, 0xFF}}},
	{{{-3182, -3510, 5276}, 0, {10541, -4691}, {0x00, 0x00, 0x7F, 0xFF}}},
	{{{-5280, -3510, 5276}, 0, {10541, -4691}, {0x00, 0x00, 0x7F, 0xFF}}},
	{{{-5431, -3563, 5276}, 0, {10541, -4519}, {0x00, 0x00, 0x7F, 0xFF}}},
	{{{-5431, -3766, 5276}, 0, {10541, -3862}, {0x00, 0x00, 0x7F, 0xFF}}},
	{{{-8479, -2851, 3088}, 0, {3439, -6831}, {0x00, 0x92, 0xC1, 0xFF}}},
	{{{-8885, -2603, 2835}, 0, {2618, -7636}, {0x00, 0xA5, 0xA7, 0xFF}}},
	{{{-8479, -2603, 2835}, 0, {2618, -7636}, {0x00, 0xA5, 0xA7, 0xFF}}},
	{{{-8885, -2851, 3088}, 0, {3439, -6831}, {0x00, 0x92, 0xC1, 0xFF}}},
	{{{-8479, -2966, 3502}, 0, {4782, -6457}, {0x00, 0x93, 0xBF, 0xFF}}},
	{{{-8885, -2966, 3502}, 0, {4782, -6457}, {0x00, 0x93, 0xBF, 0xFF}}},
	{{{-8479, -3192, 3716}, 0, {5479, -5725}, {0x00, 0xC3, 0x90, 0xFF}}},
	{{{-8885, -3192, 3716}, 0, {5479, -5725}, {0x00, 0xC3, 0x90, 0xFF}}},
	{{{-8479, -3510, 3792}, 0, {5726, -4691}, {0x00, 0xF6, 0x81, 0xFF}}},
	{{{-8885, -3510, 3792}, 0, {5726, -4691}, {0x00, 0xF1, 0x82, 0xFF}}},
	{{{-8885, -3718, 3792}, 0, {5726, -4018}, {0x00, 0x00, 0x81, 0xFF}}},
	{{{-7337, -3510, 3792}, 0, {5726, -4691}, {0x00, 0x00, 0x81, 0xFF}}},
	{{{-7337, -3718, 3792}, 0, {5726, -4018}, {0x00, 0x00, 0x81, 0xFF}}},
	{{{-8479, -2603, 2835}, 0, {2618, -7636}, {0x00, 0x81, 0x00, 0xFF}}},
	{{{-8885, -2603, 2835}, 0, {2618, -7636}, {0x00, 0x81, 0x00, 0xFF}}},
	{{{-8885, -2603, 2748}, 0, {2337, -7636}, {0x00, 0x81, 0x00, 0xFF}}},
	{{{-8479, -2603, 2662}, 0, {2057, -7636}, {0x00, 0x81, 0x00, 0xFF}}},
	{{{-8885, -2603, 2662}, 0, {2057, -7636}, {0x00, 0x81, 0x00, 0xFF}}},
	{{{-8885, -2415, 2833}, 0, {2612, -8246}, {0x00, 0x7F, 0x00, 0xFF}}},
	{{{-8479, -2415, 2833}, 0, {2612, -8246}, {0x00, 0x7F, 0x00, 0xFF}}},
	{{{-8479, -2415, 2664}, 0, {2063, -8246}, {0x00, 0x7F, 0x00, 0xFF}}},
	{{{-8885, -2415, 2664}, 0, {2063, -8246}, {0x00, 0x7F, 0x00, 0xFF}}},
	{{{-5283, -3510, 3877}, 0, {6002, -4691}, {0x00, 0x00, 0x7F, 0xFF}}},
	{{{-4961, -3620, 3877}, 0, {6002, -4336}, {0x00, 0x00, 0x7F, 0xFF}}},
	{{{-4961, -3510, 3877}, 0, {6002, -4691}, {0x00, 0x00, 0x7F, 0xFF}}},
	{{{-5283, -3620, 3877}, 0, {6002, -4336}, {0x00, 0x00, 0x7F, 0xFF}}},
	{{{-5434, -3564, 3877}, 0, {6002, -4517}, {0x03, 0x00, 0x7F, 0xFF}}},
	{{{-5411, -3671, 3877}, 0, {6002, -4170}, {0x04, 0x02, 0x7F, 0xFF}}},
	{{{-5536, -3608, 3884}, 0, {6022, -4374}, {0x07, 0x01, 0x7F, 0xFF}}},
	{{{-5536, -3728, 3884}, 0, {6022, -3984}, {0x05, 0x04, 0x7F, 0xFF}}},
	{{{-5434, -3767, 3884}, 0, {6022, -3859}, {0x03, 0x08, 0x7F, 0xFF}}},
	{{{-7337, -3510, 3877}, 0, {6002, -4691}, {0x00, 0x7F, 0x00, 0xFF}}},
	{{{-7337, -3510, 3792}, 0, {5726, -4691}, {0x00, 0x7F, 0x00, 0xFF}}},
	{{{-8479, -3510, 3792}, 0, {5726, -4691}, {0x00, 0x7F, 0x00, 0xFF}}},
	{{{-8479, -3510, 3877}, 0, {6002, -4691}, {0x00, 0x7F, 0x00, 0xFF}}},
	{{{-6547, -3510, 3792}, 0, {5726, -4691}, {0xF8, 0x00, 0x81, 0xFF}}},
	{{{-6759, -3718, 3792}, 0, {5726, -4018}, {0x00, 0x00, 0x81, 0xFF}}},
	{{{-6759, -3510, 3792}, 0, {5726, -4691}, {0x00, 0x00, 0x81, 0xFF}}},
	{{{-6547, -3718, 3792}, 0, {5726, -4018}, {0xF7, 0x00, 0x81, 0xFF}}},
	{{{-6220, -3583, 3748}, 0, {5582, -4457}, {0xEF, 0x00, 0x82, 0xFF}}},
	{{{-6220, -3779, 3748}, 0, {5582, -3820}, {0xEF, 0x00, 0x82, 0xFF}}},
	{{{-4506, -3510, 3877}, 0, {6002, -4691}, {0x00, 0x00, 0x7F, 0xFF}}},
	{{{-4506, -3620, 3877}, 0, {6002, -4336}, {0x00, 0x00, 0x7F, 0xFF}}},
	{{{-3182, -3620, 3877}, 0, {6002, -4336}, {0x00, 0x00, 0x7F, 0xFF}}},
	{{{-3182, -3510, 3877}, 0, {6002, -4691}, {0x00, 0x00, 0x7F, 0xFF}}},
	{{{-6547, -3510, 3877}, 0, {6002, -4691}, {0x0E, 0x7E, 0x03, 0xFF}}},
	{{{-6759, -3510, 3792}, 0, {5726, -4691}, {0x00, 0x7F, 0x00, 0xFF}}},
	{{{-6759, -3510, 3877}, 0, {6002, -4691}, {0x00, 0x7F, 0x00, 0xFF}}},
	{{{-6547, -3510, 3792}, 0, {5726, -4691}, {0x10, 0x7E, 0x03, 0xFF}}},
	{{{-6255, -3583, 3833}, 0, {5857, -4457}, {0x1E, 0x7B, 0x06, 0xFF}}},
	{{{-6220, -3583, 3748}, 0, {5582, -4457}, {0x1E, 0x7B, 0x06, 0xFF}}},
	{{{-6547, -3510, 3877}, 0, {6002, -4691}, {0x09, 0x00, 0x7F, 0xFF}}},
	{{{-6255, -3686, 3833}, 0, {5857, -4121}, {0x13, 0x00, 0x7E, 0xFF}}},
	{{{-6255, -3583, 3833}, 0, {5857, -4457}, {0x13, 0x00, 0x7E, 0xFF}}},
	{{{-6547, -3620, 3877}, 0, {6002, -4336}, {0x0A, 0x00, 0x7F, 0xFF}}},
	{{{-6759, -3510, 3877}, 0, {6002, -4691}, {0x00, 0x00, 0x7F, 0xFF}}},
	{{{-6759, -3620, 3877}, 0, {6002, -4336}, {0x00, 0x00, 0x7F, 0xFF}}},
	{{{-3182, -3620, 5191}, 0, {10265, -4336}, {0x00, 0x00, 0x81, 0xFF}}},
	{{{-5280, -3510, 5191}, 0, {10265, -4691}, {0x00, 0x00, 0x81, 0xFF}}},
	{{{-3182, -3510, 5191}, 0, {10265, -4691}, {0x00, 0x00, 0x81, 0xFF}}},
	{{{-5280, -3620, 5191}, 0, {10265, -4336}, {0x00, 0x00, 0x81, 0xFF}}},
	{{{-5408, -3670, 5191}, 0, {10265, -4172}, {0x00, 0x00, 0x81, 0xFF}}},
	{{{-5408, -3563, 5191}, 0, {10265, -4519}, {0x00, 0x00, 0x81, 0xFF}}},
	{{{-3182, -3510, 5191}, 0, {10265, -4691}, {0x00, 0x7F, 0x00, 0xFF}}},
	{{{-5280, -3510, 5276}, 0, {10541, -4691}, {0xE9, 0x7D, 0xFD, 0xFF}}},
	{{{-3182, -3510, 5276}, 0, {10541, -4691}, {0x00, 0x7F, 0x00, 0xFF}}},
	{{{-5280, -3510, 5191}, 0, {10265, -4691}, {0xE9, 0x7D, 0xFD, 0xFF}}},
	{{{-5408, -3563, 5191}, 0, {10265, -4519}, {0xD3, 0x77, 0xFA, 0xFF}}},
	{{{-5431, -3563, 5276}, 0, {10541, -4519}, {0xD3, 0x77, 0xFA, 0xFF}}},
	{{{-8885, -3718, 5276}, 0, {10541, -4018}, {0x00, 0x00, 0x7F, 0xFF}}},
	{{{-6547, -3510, 5276}, 0, {10541, -4691}, {0x08, 0x00, 0x7F, 0xFF}}},
	{{{-8885, -3510, 5276}, 0, {10541, -4691}, {0x00, 0x00, 0x7F, 0xFF}}},
	{{{-6547, -3718, 5276}, 0, {10541, -4018}, {0x09, 0x00, 0x7F, 0xFF}}},
	{{{-6220, -3779, 5231}, 0, {10396, -3820}, {0x2D, 0x00, 0x77, 0xFF}}},
	{{{-6220, -3583, 5231}, 0, {10396, -4457}, {0x26, 0x00, 0x79, 0xFF}}},
	{{{-6069, -3776, 5136}, 0, {10087, -3828}, {0x44, 0x00, 0x6B, 0xFF}}},
	{{{-6069, -3660, 5136}, 0, {10087, -4204}, {0x44, 0x00, 0x6B, 0xFF}}},
	{{{-4961, -3510, 3877}, 0, {6002, -4691}, {0x00, 0x7F, 0x00, 0xFF}}},
	{{{-4961, -3510, 3792}, 0, {5726, -4691}, {0x00, 0x7F, 0x00, 0xFF}}},
	{{{-5283, -3510, 3792}, 0, {5726, -4691}, {0xEA, 0x7D, 0x00, 0xFF}}},
	{{{-5283, -3510, 3877}, 0, {6002, -4691}, {0xEA, 0x7D, 0x00, 0xFF}}},
	{{{-5434, -3564, 3792}, 0, {5726, -4517}, {0xD1, 0x76, 0x00, 0xFF}}},
	{{{-5434, -3564, 3877}, 0, {6002, -4517}, {0xD1, 0x76, 0x00, 0xFF}}},
	{{{-5536, -3608, 3799}, 0, {5746, -4374}, {0xCD, 0x74, 0x00, 0xFF}}},
	{{{-5536, -3608, 3884}, 0, {6022, -4374}, {0xCD, 0x74, 0x00, 0xFF}}},
	{{{-4961, -3510, 3792}, 0, {5726, -4691}, {0x00, 0x00, 0x81, 0xFF}}},
	{{{-4961, -3718, 3792}, 0, {5726, -4018}, {0x00, 0x00, 0x81, 0xFF}}},
	{{{-5283, -3718, 3792}, 0, {5726, -4018}, {0x00, 0x00, 0x81, 0xFF}}},
	{{{-5283, -3510, 3792}, 0, {5726, -4691}, {0x00, 0x00, 0x81, 0xFF}}},
	{{{-5434, -3767, 3792}, 0, {5726, -3859}, {0xFC, 0x00, 0x81, 0xFF}}},
	{{{-5434, -3564, 3792}, 0, {5726, -4517}, {0xFD, 0x00, 0x81, 0xFF}}},
	{{{-5536, -3728, 3799}, 0, {5746, -3984}, {0xF8, 0x00, 0x81, 0xFF}}},
	{{{-5536, -3608, 3799}, 0, {5746, -4374}, {0xF8, 0x00, 0x81, 0xFF}}},
	{{{-3182, -3718, 3792}, 0, {5726, -4018}, {0x00, 0x81, 0x00, 0xFF}}},
	{{{-4506, -3718, 4055}, 0, {6578, -4018}, {0x00, 0x81, 0x00, 0xFF}}},
	{{{-4506, -3718, 3792}, 0, {5726, -4018}, {0x00, 0x81, 0x00, 0xFF}}},
	{{{-3182, -3718, 5276}, 0, {10541, -4018}, {0x00, 0x81, 0x00, 0xFF}}},
	{{{-4734, -3718, 4186}, 0, {7004, -4018}, {0x00, 0x81, 0x00, 0xFF}}},
	{{{-5280, -3718, 5276}, 0, {10541, -4018}, {0x16, 0x83, 0x02, 0xFF}}},
	{{{-4961, -3718, 4055}, 0, {6578, -4018}, {0x00, 0x81, 0x00, 0xFF}}},
	{{{-4961, -3718, 3792}, 0, {5726, -4018}, {0x00, 0x81, 0x00, 0xFF}}},
	{{{-5283, -3718, 3792}, 0, {5726, -4018}, {0x14, 0x83, 0x00, 0xFF}}},
	{{{-5408, -3766, 5191}, 0, {10265, -3862}, {0x2D, 0x89, 0x03, 0xFF}}},
	{{{-5431, -3766, 5276}, 0, {10541, -3862}, {0x26, 0x87, 0x0A, 0xFF}}},
	{{{-5409, -3766, 4534}, 0, {8133, -3860}, {0x2D, 0x89, 0x00, 0xFF}}},
	{{{-5622, -3865, 5027}, 0, {9732, -3539}, {0x35, 0x8D, 0x00, 0xFF}}},
	{{{-5623, -3866, 4849}, 0, {9156, -3538}, {0x35, 0x8D, 0x00, 0xFF}}},
	{{{-5434, -3767, 3884}, 0, {6022, -3859}, {0x0D, 0x82, 0xFF, 0xFF}}},
	{{{-5434, -3767, 3792}, 0, {5726, -3859}, {0xFE, 0x81, 0x00, 0xFF}}},
	{{{-5536, -3728, 3799}, 0, {5746, -3984}, {0xD3, 0x89, 0x00, 0xFF}}},
	{{{-5536, -3728, 3884}, 0, {6022, -3984}, {0xD3, 0x89, 0x00, 0xFF}}},
	{{{-5571, -3798, 4063}, 0, {6603, -3757}, {0x1B, 0x84, 0xFF, 0xFF}}},
	{{{-7337, -3620, 4126}, 0, {6809, -4336}, {0x92, 0x00, 0x3F, 0xFF}}},
	{{{-7337, -3510, 3877}, 0, {6002, -4691}, {0x81, 0x00, 0x00, 0xFF}}},
	{{{-7337, -3620, 3877}, 0, {6002, -4336}, {0x81, 0x00, 0x00, 0xFF}}},
	{{{-7337, -281, 4126}, 0, {6809, -15171}, {0x92, 0x00, 0x3F, 0xFF}}},
	{{{-7048, -3620, 4293}, 0, {7351, -4336}, {0x00, 0x00, 0x7F, 0xFF}}},
	{{{-7048, -281, 4293}, 0, {7351, -15171}, {0x00, 0x00, 0x7F, 0xFF}}},
	{{{-6759, -3620, 4126}, 0, {6809, -4336}, {0x6E, 0x00, 0x3F, 0xFF}}},
	{{{-6759, -281, 4126}, 0, {6809, -15171}, {0x6E, 0x00, 0x3F, 0xFF}}},
	{{{-6759, -3510, 3877}, 0, {6002, -4691}, {0x7F, 0x00, 0x00, 0xFF}}},
	{{{-6759, -3620, 3877}, 0, {6002, -4336}, {0x7F, 0x00, 0x00, 0xFF}}},
	{{{-6759, -3510, 3792}, 0, {5726, -4691}, {0x60, 0x00, 0xAD, 0xFF}}},
	{{{-6759, -281, 3792}, 0, {5726, -15171}, {0x6E, 0x00, 0xC1, 0xFF}}},
	{{{-7048, -3620, 3626}, 0, {5184, -4336}, {0x00, 0x00, 0x81, 0xFF}}},
	{{{-7048, -3620, 3626}, 0, {5184, -4336}, {0x00, 0x00, 0x81, 0xFF}}},
	{{{-6759, -3510, 3792}, 0, {5726, -4691}, {0x60, 0x00, 0xAD, 0xFF}}},
	{{{-6759, -3718, 3792}, 0, {5726, -4018}, {0x60, 0x00, 0xAD, 0xFF}}},
	{{{-7048, -4918, 3626}, 0, {5184, -122}, {0x00, 0x00, 0x81, 0xFF}}},
	{{{-6759, -4918, 3792}, 0, {5726, -122}, {0x6E, 0x00, 0xC1, 0xFF}}},
	{{{-6759, -3718, 4126}, 0, {6809, -4018}, {0x6E, 0x00, 0x3F, 0xFF}}},
	{{{-6759, -4918, 4126}, 0, {6809, -122}, {0x6E, 0x00, 0x3F, 0xFF}}},
	{{{-7048, -3718, 4293}, 0, {7351, -4018}, {0x00, 0x00, 0x7F, 0xFF}}},
	{{{-7048, -4918, 4293}, 0, {7351, -122}, {0x00, 0x00, 0x7F, 0xFF}}},
	{{{-7337, -3718, 4126}, 0, {6809, -4018}, {0x92, 0x00, 0x3F, 0xFF}}},
	{{{-7337, -4918, 4126}, 0, {6809, -122}, {0x92, 0x00, 0x3F, 0xFF}}},
	{{{-7337, -3718, 3792}, 0, {5726, -4018}, {0xA0, 0x00, 0xAD, 0xFF}}},
	{{{-7337, -4918, 3792}, 0, {5726, -122}, {0x92, 0x00, 0xC1, 0xFF}}},
	{{{-7337, -3510, 3792}, 0, {5726, -4691}, {0xA0, 0x00, 0xAD, 0xFF}}},
	{{{-7048, -281, 3626}, 0, {5184, -15171}, {0x00, 0x00, 0x81, 0xFF}}},
	{{{-7337, -281, 3792}, 0, {5726, -15171}, {0x92, 0x00, 0xC1, 0xFF}}},
	{{{-7337, -281, 4126}, 0, {6809, -15171}, {0x92, 0x00, 0x3F, 0xFF}}},
	{{{-7337, -3510, 3877}, 0, {6002, -4691}, {0x81, 0x00, 0x00, 0xFF}}},
	{{{-6759, -281, 3792}, 0, {5726, -15171}, {0x6E, 0x00, 0xC1, 0xFF}}},
	{{{-4961, -3620, 4055}, 0, {6578, -4336}, {0x92, 0x00, 0x3F, 0xFF}}},
	{{{-4961, -3510, 3877}, 0, {6002, -4691}, {0x81, 0x00, 0x00, 0xFF}}},
	{{{-4961, -3620, 3877}, 0, {6002, -4336}, {0x81, 0x00, 0x00, 0xFF}}},
	{{{-4961, -281, 4055}, 0, {6578, -15171}, {0x92, 0x00, 0x3F, 0xFF}}},
	{{{-4734, -3620, 4186}, 0, {7004, -4336}, {0x00, 0x00, 0x7F, 0xFF}}},
	{{{-4734, -281, 4186}, 0, {7004, -15171}, {0x00, 0x00, 0x7F, 0xFF}}},
	{{{-4506, -3620, 4055}, 0, {6578, -4336}, {0x6E, 0x00, 0x3F, 0xFF}}},
	{{{-4506, -281, 4055}, 0, {6578, -15171}, {0x6E, 0x00, 0x3F, 0xFF}}},
	{{{-4506, -3510, 3877}, 0, {6002, -4691}, {0x7F, 0x00, 0x00, 0xFF}}},
	{{{-4506, -3620, 3877}, 0, {6002, -4336}, {0x7F, 0x00, 0x00, 0xFF}}},
	{{{-4506, -3510, 3792}, 0, {5726, -4691}, {0x60, 0x00, 0xAD, 0xFF}}},
	{{{-4506, -281, 3792}, 0, {5726, -15171}, {0x6E, 0x00, 0xC1, 0xFF}}},
	{{{-4734, -3620, 3661}, 0, {5300, -4336}, {0x00, 0x00, 0x81, 0xFF}}},
	{{{-4734, -3620, 3661}, 0, {5300, -4336}, {0x00, 0x00, 0x81, 0xFF}}},
	{{{-4506, -3510, 3792}, 0, {5726, -4691}, {0x60, 0x00, 0xAD, 0xFF}}},
	{{{-4506, -3718, 3792}, 0, {5726, -4018}, {0x60, 0x00, 0xAD, 0xFF}}},
	{{{-4734, -4936, 3661}, 0, {5300, -65}, {0x00, 0x00, 0x81, 0xFF}}},
	{{{-4506, -4936, 3792}, 0, {5726, -65}, {0x6E, 0x00, 0xC1, 0xFF}}},
	{{{-4506, -3718, 4055}, 0, {6578, -4018}, {0x6E, 0x00, 0x3F, 0xFF}}},
	{{{-4506, -4936, 4055}, 0, {6578, -65}, {0x6E, 0x00, 0x3F, 0xFF}}},
	{{{-4734, -3718, 4186}, 0, {7004, -4018}, {0x00, 0x00, 0x7F, 0xFF}}},
	{{{-4734, -4936, 4186}, 0, {7004, -65}, {0x00, 0x00, 0x7F, 0xFF}}},
	{{{-4961, -3718, 4055}, 0, {6578, -4018}, {0x92, 0x00, 0x3F, 0xFF}}},
	{{{-4961, -4936, 4055}, 0, {6578, -65}, {0x92, 0x00, 0x3F, 0xFF}}},
	{{{-4961, -3718, 3792}, 0, {5726, -4018}, {0xA0, 0x00, 0xAD, 0xFF}}},
	{{{-4961, -4936, 3792}, 0, {5726, -65}, {0x92, 0x00, 0xC1, 0xFF}}},
	{{{-4961, -3510, 3792}, 0, {5726, -4691}, {0xA0, 0x00, 0xAD, 0xFF}}},
	{{{-4734, -281, 3661}, 0, {5300, -15171}, {0x00, 0x00, 0x81, 0xFF}}},
	{{{-4961, -281, 3792}, 0, {5726, -15171}, {0x92, 0x00, 0xC1, 0xFF}}},
	{{{-4961, -281, 4055}, 0, {6578, -15171}, {0x92, 0x00, 0x3F, 0xFF}}},
	{{{-4961, -3510, 3877}, 0, {6002, -4691}, {0x81, 0x00, 0x00, 0xFF}}},
	{{{-4506, -281, 3792}, 0, {5726, -15171}, {0x6E, 0x00, 0xC1, 0xFF}}},
	{{{-8885, -3192, 3716}, 0, {5479, -5725}, {0x7F, 0x00, 0x00, 0xFF}}},
	{{{-8885, -2851, 3088}, 0, {3439, -6831}, {0x7F, 0x00, 0x00, 0xFF}}},
	{{{-8885, -2966, 3502}, 0, {4782, -6457}, {0x7F, 0x00, 0x00, 0xFF}}},
	{{{-8885, -2952, 2854}, 0, {2679, -6502}, {0x7F, 0x00, 0x00, 0xFF}}},
	{{{-8885, -3134, 2921}, 0, {2897, -5913}, {0x7F, 0x00, 0x00, 0xFF}}},
	{{{-8885, -3510, 3792}, 0, {5726, -4691}, {0x7F, 0x00, 0x00, 0xFF}}},
	{{{-8885, -3718, 3792}, 0, {5726, -4018}, {0x7F, 0x00, 0x00, 0xFF}}},
	{{{-8885, -3537, 3180}, 0, {3737, -4603}, {0x7F, 0x00, 0x00, 0xFF}}},
	{{{-8885, -3968, 3180}, 0, {3737, -3206}, {0x7F, 0x00, 0x00, 0xFF}}},
	{{{-8885, -3968, 3486}, 0, {4731, -3206}, {0x7F, 0x00, 0x00, 0xFF}}},
	{{{-8885, -4800, 3486}, 0, {4731, -504}, {0x7F, 0x00, 0x00, 0xFF}}},
	{{{-8885, -4800, 3596}, 0, {5088, -504}, {0x7F, 0x00, 0x00, 0xFF}}},
	{{{-8885, -3718, 5276}, 0, {10541, -4018}, {0x7F, 0x00, 0x00, 0xFF}}},
	{{{-8885, -3718, 5276}, 0, {10541, -4018}, {0x7F, 0x00, 0x00, 0xFF}}},
	{{{-8885, -5000, 3596}, 0, {5088, 145}, {0x7F, 0x00, 0x00, 0xFF}}},
	{{{-8885, -4800, 3596}, 0, {5088, -504}, {0x7F, 0x00, 0x00, 0xFF}}},
	{{{-8885, -5000, 5534}, 0, {11378, 145}, {0x7F, 0x00, 0x00, 0xFF}}},
	{{{-8885, -4656, 5534}, 0, {11378, -972}, {0x7F, 0x00, 0x00, 0xFF}}},
	{{{-8885, -3718, 5534}, 0, {11378, -4018}, {0x7F, 0x00, 0x00, 0xFF}}},
	{{{-8885, -3510, 5276}, 0, {10541, -4691}, {0x7F, 0x00, 0x00, 0xFF}}},
	{{{-8885, -2265, 5229}, 0, {10388, -8732}, {0x7F, 0x00, 0x00, 0xFF}}},
	{{{-8885, -3510, 5191}, 0, {10265, -4691}, {0x7F, 0x00, 0x00, 0xFF}}},
	{{{-8885, -3510, 3877}, 0, {6002, -4691}, {0x7F, 0x00, 0x00, 0xFF}}},
	{{{-8885, -3620, 3877}, 0, {6002, -4336}, {0x7F, 0x00, 0x00, 0xFF}}},
	{{{-8885, -3620, 5191}, 0, {10265, -4336}, {0x7F, 0x00, 0x00, 0xFF}}},
	{{{-8885, -3142, 3785}, 0, {5703, -5885}, {0x7F, 0x00, 0x00, 0xFF}}},
	{{{-8885, -2893, 3545}, 0, {4923, -6694}, {0x7F, 0x00, 0x00, 0xFF}}},
	{{{-8885, -884, 3721}, 0, {5495, -13215}, {0x7F, 0x00, 0x00, 0xFF}}},
	{{{-8885, -2745, 3130}, 0, {3576, -7174}, {0x7F, 0x00, 0x00, 0xFF}}},
	{{{-8885, -2415, 2833}, 0, {2612, -8246}, {0x7F, 0x00, 0x00, 0xFF}}},
	{{{-8885, -884, 1776}, 0, {-820, -13215}, {0x7F, 0x00, 0x00, 0xFF}}},
	{{{-8885, -2415, 2664}, 0, {2063, -8246}, {0x7F, 0x00, 0x00, 0xFF}}},
	{{{-8885, -2745, 2367}, 0, {1099, -7174}, {0x7F, 0x00, 0x00, 0xFF}}},
	{{{-8885, -2893, 1952}, 0, {-249, -6694}, {0x7F, 0x00, 0x00, 0xFF}}},
	{{{-8885, -2265, 268}, 0, {-5713, -8732}, {0x7F, 0x00, 0x00, 0xFF}}},
	{{{-8885, -3142, 1712}, 0, {-1028, -5885}, {0x7F, 0x00, 0x00, 0xFF}}},
	{{{-8885, -3510, 1620}, 0, {-1327, -4691}, {0x7F, 0x00, 0x00, 0xFF}}},
	{{{-8885, -3510, 306}, 0, {-5590, -4691}, {0x7F, 0x00, 0x00, 0xFF}}},
	{{{-8885, -3620, 1620}, 0, {-1327, -4336}, {0x7F, 0x00, 0x00, 0xFF}}},
	{{{-8885, -3620, 306}, 0, {-5590, -4336}, {0x7F, 0x00, 0x00, 0xFF}}},
	{{{-8885, -3510, 221}, 0, {-5866, -4691}, {0x7F, 0x00, 0x00, 0xFF}}},
	{{{-8885, -3718, -37}, 0, {-6703, -4018}, {0x7F, 0x00, 0x00, 0xFF}}},
	{{{-8885, -3718, 221}, 0, {-5866, -4018}, {0x7F, 0x00, 0x00, 0xFF}}},
	{{{-8885, -4656, -37}, 0, {-6703, -972}, {0x7F, 0x00, 0x00, 0xFF}}},
	{{{-8885, -5000, -37}, 0, {-6703, 145}, {0x7F, 0x00, 0x00, 0xFF}}},
	{{{-8885, -3718, 221}, 0, {-5866, -4018}, {0x7F, 0x00, 0x00, 0xFF}}},
	{{{-8885, -5000, 1901}, 0, {-413, 145}, {0x7F, 0x00, 0x00, 0xFF}}},
	{{{-8885, -5000, -37}, 0, {-6703, 145}, {0x7F, 0x00, 0x00, 0xFF}}},
	{{{-8885, -4800, 1901}, 0, {-413, -504}, {0x7F, 0x00, 0x00, 0xFF}}},
	{{{-8885, -3718, 1704}, 0, {-1051, -4018}, {0x7F, 0x00, 0x00, 0xFF}}},
	{{{-8885, -4800, 2011}, 0, {-56, -504}, {0x7F, 0x00, 0x00, 0xFF}}},
	{{{-8885, -3968, 2011}, 0, {-56, -3206}, {0x7F, 0x00, 0x00, 0xFF}}},
	{{{-8885, -3968, 2317}, 0, {938, -3206}, {0x7F, 0x00, 0x00, 0xFF}}},
	{{{-8885, -3537, 2317}, 0, {938, -4603}, {0x7F, 0x00, 0x00, 0xFF}}},
	{{{-8885, -3134, 2576}, 0, {1778, -5913}, {0x7F, 0x00, 0x00, 0xFF}}},
	{{{-8885, -3510, 1704}, 0, {-1051, -4691}, {0x7F, 0x00, 0x00, 0xFF}}},
	{{{-8885, -3192, 1781}, 0, {-804, -5725}, {0x7F, 0x00, 0x00, 0xFF}}},
	{{{-8885, -2952, 2643}, 0, {1995, -6502}, {0x7F, 0x00, 0x00, 0xFF}}},
	{{{-8885, -2851, 2409}, 0, {1236, -6831}, {0x7F, 0x00, 0x00, 0xFF}}},
	{{{-8885, -2966, 1995}, 0, {-107, -6457}, {0x7F, 0x00, 0x00, 0xFF}}},
	{{{-8885, -2603, 2748}, 0, {2337, -7636}, {0x7F, 0x00, 0x00, 0xFF}}},
	{{{-8885, -2603, 2662}, 0, {2057, -7636}, {0x7F, 0x00, 0x00, 0xFF}}},
	{{{-8885, -2952, 2854}, 0, {2679, -6502}, {0x7F, 0x00, 0x00, 0xFF}}},
	{{{-8885, -2851, 3088}, 0, {3439, -6831}, {0x7F, 0x00, 0x00, 0xFF}}},
	{{{-8885, -2603, 2835}, 0, {2618, -7636}, {0x7F, 0x00, 0x00, 0xFF}}},
	{{{-6149, -4656, 5534}, 0, {11378, -972}, {0x06, 0x7F, 0x00, 0xFF}}},
	{{{-4350, -4837, 5840}, 0, {12371, -385}, {0x0D, 0x7E, 0x00, 0xFF}}},
	{{{-4350, -4837, 5691}, 0, {11889, -385}, {0x0D, 0x7E, 0x00, 0xFF}}},
	{{{-6149, -4656, 5840}, 0, {12371, -972}, {0x06, 0x7F, 0x00, 0xFF}}},
	{{{-8397, -4656, 5534}, 0, {11378, -972}, {0x00, 0x7F, 0x00, 0xFF}}},
	{{{-8397, -4656, 5965}, 0, {12779, -972}, {0x00, 0x7F, 0x00, 0xFF}}},
	{{{-4350, -5000, 5691}, 0, {11889, 145}, {0x7F, 0x00, 0x00, 0xFF}}},
	{{{-4350, -4837, 5691}, 0, {11889, -385}, {0x7F, 0x00, 0x00, 0xFF}}},
	{{{-4350, -4837, 5840}, 0, {12371, -385}, {0x7F, 0x00, 0x00, 0xFF}}},
	{{{-4350, -5000, 5840}, 0, {12371, 145}, {0x7F, 0x00, 0x00, 0xFF}}},
	{{{-8397, -4656, 5965}, 0, {12779, -972}, {0x7F, 0x00, 0x00, 0xFF}}},
	{{{-8397, -4656, 5534}, 0, {11378, -972}, {0x7F, 0x00, 0x00, 0xFF}}},
	{{{-8397, -3718, 5534}, 0, {11378, -4018}, {0x7F, 0x00, 0x00, 0xFF}}},
	{{{-8397, -2265, 5229}, 0, {10388, -8732}, {0x7F, 0x00, 0x00, 0xFF}}},
	{{{-8397, -2265, 5965}, 0, {12779, -8732}, {0x7F, 0x00, 0x00, 0xFF}}},
	{{{-8397, -884, 3721}, 0, {5495, -13215}, {0x7F, 0x00, 0x00, 0xFF}}},
	{{{-8397, -281, 4360}, 0, {7568, -15171}, {0x7F, 0x00, 0x00, 0xFF}}},
	{{{-8397, -281, 3554}, 0, {4953, -15171}, {0x7F, 0x00, 0x00, 0xFF}}},
	{{{-8397, -281, 2748}, 0, {2337, -15171}, {0x7F, 0x00, 0x00, 0xFF}}},
	{{{-8397, -884, 1776}, 0, {-820, -13215}, {0x7F, 0x00, 0x00, 0xFF}}},
	{{{-8397, -281, 1943}, 0, {-278, -15171}, {0x7F, 0x00, 0x00, 0xFF}}},
	{{{-8397, -281, 1137}, 0, {-2893, -15171}, {0x7F, 0x00, 0x00, 0xFF}}},
	{{{-8397, -2265, 268}, 0, {-5713, -8732}, {0x7F, 0x00, 0x00, 0xFF}}},
	{{{-8397, -2265, -469}, 0, {-8104, -8732}, {0x7F, 0x00, 0x00, 0xFF}}},
	{{{-8397, -4656, -469}, 0, {-8104, -972}, {0x7F, 0x00, 0x00, 0xFF}}},
	{{{-8397, -3718, -37}, 0, {-6703, -4018}, {0x7F, 0x00, 0x00, 0xFF}}},
	{{{-8397, -4656, -37}, 0, {-6703, -972}, {0x7F, 0x00, 0x00, 0xFF}}},
	{{{-3182, -3620, 1620}, 0, {-1327, -4336}, {0x7F, 0x00, 0x00, 0xFF}}},
	{{{-3182, -3510, 1620}, 0, {-1327, -4691}, {0x7F, 0x00, 0x00, 0xFF}}},
	{{{-3182, -3510, 1704}, 0, {-1051, -4691}, {0x7F, 0x00, 0x00, 0xFF}}},
	{{{-3182, -3718, 1704}, 0, {-1051, -4018}, {0x7F, 0x00, 0x00, 0xFF}}},
	{{{-3182, -3718, 221}, 0, {-5866, -4018}, {0x7F, 0x00, 0x00, 0xFF}}},
	{{{-3182, -3620, 306}, 0, {-5590, -4336}, {0x7F, 0x00, 0x00, 0xFF}}},
	{{{-3182, -3510, 306}, 0, {-5590, -4691}, {0x7F, 0x00, 0x00, 0xFF}}},
	{{{-3182, -3510, 221}, 0, {-5866, -4691}, {0x7F, 0x00, 0x00, 0xFF}}},
	{{{-8885, -3718, 221}, 0, {-5866, -4018}, {0x00, 0x81, 0x00, 0xFF}}},
	{{{-7337, -3718, 1704}, 0, {-1051, -4018}, {0x00, 0x81, 0x00, 0xFF}}},
	{{{-8885, -3718, 1704}, 0, {-1051, -4018}, {0x00, 0x81, 0x00, 0xFF}}},
	{{{-7337, -3718, 1371}, 0, {-2134, -4018}, {0x00, 0x81, 0x00, 0xFF}}},
	{{{-7048, -3718, 1204}, 0, {-2676, -4018}, {0x00, 0x81, 0x00, 0xFF}}},
	{{{-6149, -3718, 221}, 0, {-5866, -4018}, {0x00, 0x81, 0x00, 0xFF}}},
	{{{-6759, -3718, 1371}, 0, {-2134, -4018}, {0x00, 0x81, 0x00, 0xFF}}},
	{{{-6149, -3718, 1704}, 0, {-1051, -4018}, {0x00, 0x81, 0x00, 0xFF}}},
	{{{-6759, -3718, 1371}, 0, {-2134, -4018}, {0x00, 0x81, 0x00, 0xFF}}},
	{{{-6149, -3718, 221}, 0, {-5866, -4018}, {0x00, 0x81, 0x00, 0xFF}}},
	{{{-6024, -3718, 221}, 0, {-5866, -4018}, {0x00, 0x81, 0x00, 0xFF}}},
	{{{-6027, -3718, 1704}, 0, {-1051, -4018}, {0x00, 0x81, 0x00, 0xFF}}},
	{{{-4961, -3718, 1704}, 0, {-1051, -4018}, {0x00, 0x81, 0x00, 0xFF}}},
	{{{-4961, -3718, 1442}, 0, {-1903, -4018}, {0x00, 0x81, 0x00, 0xFF}}},
	{{{-4734, -3718, 1311}, 0, {-2330, -4018}, {0x00, 0x81, 0x00, 0xFF}}},
	{{{-3182, -3718, 221}, 0, {-5866, -4018}, {0x00, 0x81, 0x00, 0xFF}}},
	{{{-4506, -3718, 1442}, 0, {-1903, -4018}, {0x00, 0x81, 0x00, 0xFF}}},
	{{{-3182, -3718, 1704}, 0, {-1051, -4018}, {0x00, 0x81, 0x00, 0xFF}}},
	{{{-4506, -3718, 1704}, 0, {-1051, -4018}, {0x00, 0x81, 0x00, 0xFF}}},
	{{{-6759, -3718, 1704}, 0, {-1051, -4018}, {0x00, 0x81, 0x00, 0xFF}}},
	{{{-6149, -3510, 306}, 0, {-5590, -4691}, {0x00, 0x7F, 0x00, 0xFF}}},
	{{{-8885, -3510, 221}, 0, {-5866, -4691}, {0x00, 0x7F, 0x00, 0xFF}}},
	{{{-8885, -3510, 306}, 0, {-5590, -4691}, {0x00, 0x7F, 0x00, 0xFF}}},
	{{{-6149, -3510, 221}, 0, {-5866, -4691}, {0x00, 0x7F, 0x00, 0xFF}}},
	{{{-6024, -3510, 306}, 0, {-5590, -4691}, {0x00, 0x7F, 0x00, 0xFF}}},
	{{{-6024, -3510, 221}, 0, {-5866, -4691}, {0x00, 0x7F, 0x00, 0xFF}}},
	{{{-3182, -3510, 306}, 0, {-5590, -4691}, {0x00, 0x7F, 0x00, 0xFF}}},
	{{{-3182, -3510, 221}, 0, {-5866, -4691}, {0x00, 0x7F, 0x00, 0xFF}}},
	{{{-3182, -3510, 1704}, 0, {-1051, -4691}, {0x00, 0x7F, 0x00, 0xFF}}},
	{{{-3182, -3510, 1620}, 0, {-1327, -4691}, {0x00, 0x7F, 0x00, 0xFF}}},
	{{{-4506, -3510, 1620}, 0, {-1327, -4691}, {0x00, 0x7F, 0x00, 0xFF}}},
	{{{-4506, -3510, 1704}, 0, {-1051, -4691}, {0x00, 0x7F, 0x00, 0xFF}}},
	{{{-6149, -3620, 306}, 0, {-5590, -4336}, {0x00, 0x00, 0x7F, 0xFF}}},
	{{{-8885, -3510, 306}, 0, {-5590, -4691}, {0x00, 0x00, 0x7F, 0xFF}}},
	{{{-8885, -3620, 306}, 0, {-5590, -4336}, {0x00, 0x00, 0x7F, 0xFF}}},
	{{{-6149, -3510, 306}, 0, {-5590, -4691}, {0x00, 0x00, 0x7F, 0xFF}}},
	{{{-6024, -3620, 306}, 0, {-5590, -4336}, {0x00, 0x00, 0x7F, 0xFF}}},
	{{{-6024, -3510, 306}, 0, {-5590, -4691}, {0x00, 0x00, 0x7F, 0xFF}}},
	{{{-3182, -3620, 306}, 0, {-5590, -4336}, {0x00, 0x00, 0x7F, 0xFF}}},
	{{{-3182, -3620, 306}, 0, {-5590, -4336}, {0x00, 0x00, 0x7F, 0xFF}}},
	{{{-3182, -3510, 306}, 0, {-5590, -4691}, {0x00, 0x00, 0x7F, 0xFF}}},
	{{{-6024, -3510, 306}, 0, {-5590, -4691}, {0x00, 0x00, 0x7F, 0xFF}}},
	{{{-3182, -3718, 1704}, 0, {-1051, -4018}, {0x00, 0x00, 0x7F, 0xFF}}},
	{{{-3182, -3510, 1704}, 0, {-1051, -4691}, {0x00, 0x00, 0x7F, 0xFF}}},
	{{{-4506, -3510, 1704}, 0, {-1051, -4691}, {0x00, 0x00, 0x7F, 0xFF}}},
	{{{-4506, -3718, 1704}, 0, {-1051, -4018}, {0x00, 0x00, 0x7F, 0xFF}}},
	{{{-8885, -3620, 1620}, 0, {-1327, -4336}, {0x00, 0x00, 0x81, 0xFF}}},
	{{{-7337, -3510, 1620}, 0, {-1327, -4691}, {0x00, 0x00, 0x81, 0xFF}}},
	{{{-7337, -3620, 1620}, 0, {-1327, -4336}, {0x00, 0x00, 0x81, 0xFF}}},
	{{{-8479, -3510, 1620}, 0, {-1327, -4691}, {0x00, 0x0A, 0x81, 0xFF}}},
	{{{-8885, -3510, 1620}, 0, {-1327, -4691}, {0x00, 0x10, 0x82, 0xFF}}},
	{{{-8479, -3142, 1712}, 0, {-1028, -5885}, {0x00, 0x3E, 0x91, 0xFF}}},
	{{{-8885, -3142, 1712}, 0, {-1028, -5885}, {0x00, 0x3E, 0x91, 0xFF}}},
	{{{-8479, -2893, 1952}, 0, {-249, -6694}, {0x00, 0x6B, 0xBB, 0xFF}}},
	{{{-8885, -2893, 1952}, 0, {-249, -6694}, {0x00, 0x6B, 0xBB, 0xFF}}},
	{{{-8479, -2745, 2367}, 0, {1099, -7174}, {0x00, 0x69, 0xB9, 0xFF}}},
	{{{-8885, -2745, 2367}, 0, {1099, -7174}, {0x00, 0x69, 0xB9, 0xFF}}},
	{{{-8479, -2415, 2664}, 0, {2063, -8246}, {0x00, 0x55, 0xA2, 0xFF}}},
	{{{-8885, -2415, 2664}, 0, {2063, -8246}, {0x00, 0x55, 0xA2, 0xFF}}},
	{{{-6024, -3718, 221}, 0, {-5866, -4018}, {0x00, 0x00, 0x81, 0xFF}}},
	{{{-3182, -3510, 221}, 0, {-5866, -4691}, {0x00, 0x00, 0x81, 0xFF}}},
	{{{-3182, -3718, 221}, 0, {-5866, -4018}, {0x00, 0x00, 0x81, 0xFF}}},
	{{{-6024, -3510, 221}, 0, {-5866, -4691}, {0x00, 0x00, 0x81, 0xFF}}},
	{{{-6149, -3718, 221}, 0, {-5866, -4018}, {0x00, 0x00, 0x81, 0xFF}}},
	{{{-6149, -3510, 221}, 0, {-5866, -4691}, {0x00, 0x00, 0x81, 0xFF}}},
	{{{-8885, -3718, 221}, 0, {-5866, -4018}, {0x00, 0x00, 0x81, 0xFF}}},
	{{{-8885, -3510, 221}, 0, {-5866, -4691}, {0x00, 0x00, 0x81, 0xFF}}},
	{{{-8479, -2851, 2409}, 0, {1236, -6831}, {0x00, 0x92, 0x3F, 0xFF}}},
	{{{-8479, -2603, 2662}, 0, {2057, -7636}, {0x00, 0xA5, 0x59, 0xFF}}},
	{{{-8885, -2603, 2662}, 0, {2057, -7636}, {0x00, 0xA5, 0x59, 0xFF}}},
	{{{-8885, -2851, 2409}, 0, {1236, -6831}, {0x00, 0x92, 0x3F, 0xFF}}},
	{{{-8479, -2966, 1995}, 0, {-107, -6457}, {0x00, 0x93, 0x41, 0xFF}}},
	{{{-8479, -2851, 2409}, 0, {1236, -6831}, {0x00, 0x92, 0x3F, 0xFF}}},
	{{{-8885, -2851, 2409}, 0, {1236, -6831}, {0x00, 0x92, 0x3F, 0xFF}}},
	{{{-8885, -2966, 1995}, 0, {-107, -6457}, {0x00, 0x93, 0x41, 0xFF}}},
	{{{-8479, -3192, 1781}, 0, {-804, -5725}, {0x00, 0xC3, 0x70, 0xFF}}},
	{{{-8885, -3192, 1781}, 0, {-804, -5725}, {0x00, 0xC3, 0x70, 0xFF}}},
	{{{-8479, -3510, 1704}, 0, {-1051, -4691}, {0x00, 0xF6, 0x7F, 0xFF}}},
	{{{-8885, -3510, 1704}, 0, {-1051, -4691}, {0x00, 0xF1, 0x7E, 0xFF}}},
	{{{-8885, -3718, 1704}, 0, {-1051, -4018}, {0x00, 0x00, 0x7F, 0xFF}}},
	{{{-7337, -3510, 1704}, 0, {-1051, -4691}, {0x00, 0x00, 0x7F, 0xFF}}},
	{{{-7337, -3718, 1704}, 0, {-1051, -4018}, {0x00, 0x00, 0x7F, 0xFF}}},
	{{{-6027, -3510, 1620}, 0, {-1327, -4691}, {0x00, 0x00, 0x81, 0xFF}}},
	{{{-4961, -3510, 1620}, 0, {-1327, -4691}, {0x00, 0x00, 0x81, 0xFF}}},
	{{{-4961, -3620, 1620}, 0, {-1327, -4336}, {0x00, 0x00, 0x81, 0xFF}}},
	{{{-6027, -3620, 1620}, 0, {-1327, -4336}, {0x00, 0x00, 0x81, 0xFF}}},
	{{{-6149, -3510, 1620}, 0, {-1327, -4691}, {0x00, 0x00, 0x81, 0xFF}}},
	{{{-6149, -3620, 1620}, 0, {-1327, -4336}, {0x00, 0x00, 0x81, 0xFF}}},
	{{{-6759, -3510, 1620}, 0, {-1327, -4691}, {0x00, 0x00, 0x81, 0xFF}}},
	{{{-6759, -3620, 1620}, 0, {-1327, -4336}, {0x00, 0x00, 0x81, 0xFF}}},
	{{{-7337, -3510, 1620}, 0, {-1327, -4691}, {0x00, 0x7F, 0x00, 0xFF}}},
	{{{-8479, -3510, 1620}, 0, {-1327, -4691}, {0x00, 0x7F, 0x00, 0xFF}}},
	{{{-8479, -3510, 1704}, 0, {-1051, -4691}, {0x00, 0x7F, 0x00, 0xFF}}},
	{{{-7337, -3510, 1704}, 0, {-1051, -4691}, {0x00, 0x7F, 0x00, 0xFF}}},
	{{{-6149, -3510, 1704}, 0, {-1051, -4691}, {0x00, 0x00, 0x7F, 0xFF}}},
	{{{-6759, -3510, 1704}, 0, {-1051, -4691}, {0x00, 0x00, 0x7F, 0xFF}}},
	{{{-6759, -3718, 1704}, 0, {-1051, -4018}, {0x00, 0x00, 0x7F, 0xFF}}},
	{{{-6149, -3718, 1704}, 0, {-1051, -4018}, {0x00, 0x00, 0x7F, 0xFF}}},
	{{{-6027, -3510, 1704}, 0, {-1051, -4691}, {0x00, 0x00, 0x7F, 0xFF}}},
	{{{-6027, -3718, 1704}, 0, {-1051, -4018}, {0x00, 0x00, 0x7F, 0xFF}}},
	{{{-4961, -3510, 1704}, 0, {-1051, -4691}, {0x00, 0x00, 0x7F, 0xFF}}},
	{{{-4961, -3718, 1704}, 0, {-1051, -4018}, {0x00, 0x00, 0x7F, 0xFF}}},
	{{{-4506, -3510, 1620}, 0, {-1327, -4691}, {0x00, 0x00, 0x81, 0xFF}}},
	{{{-3182, -3510, 1620}, 0, {-1327, -4691}, {0x00, 0x00, 0x81, 0xFF}}},
	{{{-3182, -3620, 1620}, 0, {-1327, -4336}, {0x00, 0x00, 0x81, 0xFF}}},
	{{{-4506, -3620, 1620}, 0, {-1327, -4336}, {0x00, 0x00, 0x81, 0xFF}}},
	{{{-6149, -3510, 1620}, 0, {-1327, -4691}, {0x00, 0x7F, 0x00, 0xFF}}},
	{{{-6759, -3510, 1620}, 0, {-1327, -4691}, {0x00, 0x7F, 0x00, 0xFF}}},
	{{{-6759, -3510, 1704}, 0, {-1051, -4691}, {0x00, 0x7F, 0x00, 0xFF}}},
	{{{-6149, -3510, 1704}, 0, {-1051, -4691}, {0x00, 0x7F, 0x00, 0xFF}}},
	{{{-6027, -3510, 1620}, 0, {-1327, -4691}, {0x00, 0x7F, 0x00, 0xFF}}},
	{{{-6027, -3510, 1704}, 0, {-1051, -4691}, {0x00, 0x7F, 0x00, 0xFF}}},
	{{{-4961, -3510, 1620}, 0, {-1327, -4691}, {0x00, 0x7F, 0x00, 0xFF}}},
	{{{-4961, -3510, 1704}, 0, {-1051, -4691}, {0x00, 0x7F, 0x00, 0xFF}}},
	{{{-7337, -3620, 1371}, 0, {-2134, -4336}, {0x92, 0x00, 0xC1, 0xFF}}},
	{{{-7337, -3620, 1620}, 0, {-1327, -4336}, {0x81, 0x00, 0x00, 0xFF}}},
	{{{-7337, -3510, 1620}, 0, {-1327, -4691}, {0x81, 0x00, 0x00, 0xFF}}},
	{{{-7337, -281, 1371}, 0, {-2134, -15171}, {0x92, 0x00, 0xC1, 0xFF}}},
	{{{-7337, -3510, 1704}, 0, {-1051, -4691}, {0xA0, 0x00, 0x53, 0xFF}}},
	{{{-7337, -281, 1704}, 0, {-1051, -15171}, {0x92, 0x00, 0x3F, 0xFF}}},
	{{{-7048, -281, 1871}, 0, {-509, -15171}, {0x00, 0x00, 0x7F, 0xFF}}},
	{{{-7048, -3620, 1871}, 0, {-509, -4336}, {0x00, 0x00, 0x7F, 0xFF}}},
	{{{-7337, -3718, 1704}, 0, {-1051, -4018}, {0xA0, 0x00, 0x53, 0xFF}}},
	{{{-7337, -4918, 1704}, 0, {-1051, -122}, {0x92, 0x00, 0x3F, 0xFF}}},
	{{{-7337, -4918, 1371}, 0, {-2134, -122}, {0x92, 0x00, 0xC1, 0xFF}}},
	{{{-7337, -3718, 1371}, 0, {-2134, -4018}, {0x92, 0x00, 0xC1, 0xFF}}},
	{{{-7048, -4918, 1204}, 0, {-2676, -122}, {0x00, 0x00, 0x81, 0xFF}}},
	{{{-7048, -3718, 1204}, 0, {-2676, -4018}, {0x00, 0x00, 0x81, 0xFF}}},
	{{{-6759, -4918, 1371}, 0, {-2134, -122}, {0x6E, 0x00, 0xC1, 0xFF}}},
	{{{-6759, -3718, 1371}, 0, {-2134, -4018}, {0x6E, 0x00, 0xC1, 0xFF}}},
	{{{-6759, -4918, 1704}, 0, {-1051, -122}, {0x6E, 0x00, 0x3F, 0xFF}}},
	{{{-6759, -3718, 1704}, 0, {-1051, -4018}, {0x60, 0x00, 0x53, 0xFF}}},
	{{{-7048, -4918, 1871}, 0, {-509, -122}, {0x00, 0x00, 0x7F, 0xFF}}},
	{{{-6759, -3510, 1704}, 0, {-1051, -4691}, {0x60, 0x00, 0x53, 0xFF}}},
	{{{-7048, -3620, 1871}, 0, {-509, -4336}, {0x00, 0x00, 0x7F, 0xFF}}},
	{{{-6759, -3510, 1704}, 0, {-1051, -4691}, {0x60, 0x00, 0x53, 0xFF}}},
	{{{-6759, -281, 1704}, 0, {-1051, -15171}, {0x6E, 0x00, 0x3F, 0xFF}}},
	{{{-6759, -281, 1371}, 0, {-2134, -15171}, {0x6E, 0x00, 0xC1, 0xFF}}},
	{{{-6759, -3510, 1620}, 0, {-1327, -4691}, {0x7F, 0x00, 0x00, 0xFF}}},
	{{{-6759, -3620, 1371}, 0, {-2134, -4336}, {0x6E, 0x00, 0xC1, 0xFF}}},
	{{{-6759, -3620, 1620}, 0, {-1327, -4336}, {0x7F, 0x00, 0x00, 0xFF}}},
	{{{-7048, -281, 1204}, 0, {-2676, -15171}, {0x00, 0x00, 0x81, 0xFF}}},
	{{{-7048, -3620, 1204}, 0, {-2676, -4336}, {0x00, 0x00, 0x81, 0xFF}}},
	{{{-7337, -281, 1371}, 0, {-2134, -15171}, {0x92, 0x00, 0xC1, 0xFF}}},
	{{{-7337, -3620, 1371}, 0, {-2134, -4336}, {0x92, 0x00, 0xC1, 0xFF}}},
	{{{-7048, -281, 1871}, 0, {-509, -15171}, {0x00, 0x00, 0x7F, 0xFF}}},
	{{{-7337, -4918, 1704}, 0, {-1051, -122}, {0x92, 0x00, 0x3F, 0xFF}}},
	{{{-7048, -4918, 1871}, 0, {-509, -122}, {0x00, 0x00, 0x7F, 0xFF}}},
	{{{-4961, -3620, 1442}, 0, {-1903, -4336}, {0x92, 0x00, 0xC1, 0xFF}}},
	{{{-4961, -3620, 1620}, 0, {-1327, -4336}, {0x81, 0x00, 0x00, 0xFF}}},
	{{{-4961, -3510, 1620}, 0, {-1327, -4691}, {0x81, 0x00, 0x00, 0xFF}}},
	{{{-4961, -281, 1442}, 0, {-1903, -15171}, {0x92, 0x00, 0xC1, 0xFF}}},
	{{{-4961, -3510, 1704}, 0, {-1051, -4691}, {0xA0, 0x00, 0x53, 0xFF}}},
	{{{-4961, -281, 1704}, 0, {-1051, -15171}, {0x92, 0x00, 0x3F, 0xFF}}},
	{{{-4734, -281, 1836}, 0, {-625, -15171}, {0x00, 0x00, 0x7F, 0xFF}}},
	{{{-4734, -3620, 1836}, 0, {-625, -4336}, {0x00, 0x00, 0x7F, 0xFF}}},
	{{{-4961, -3718, 1704}, 0, {-1051, -4018}, {0xA0, 0x00, 0x53, 0xFF}}},
	{{{-4961, -4936, 1704}, 0, {-1051, -65}, {0x92, 0x00, 0x3F, 0xFF}}},
	{{{-4961, -4936, 1442}, 0, {-1903, -65}, {0x92, 0x00, 0xC1, 0xFF}}},
	{{{-4961, -3718, 1442}, 0, {-1903, -4018}, {0x92, 0x00, 0xC1, 0xFF}}},
	{{{-4734, -4936, 1311}, 0, {-2330, -65}, {0x00, 0x00, 0x81, 0xFF}}},
	{{{-4734, -3718, 1311}, 0, {-2330, -4018}, {0x00, 0x00, 0x81, 0xFF}}},
	{{{-4506, -4936, 1442}, 0, {-1903, -65}, {0x6E, 0x00, 0xC1, 0xFF}}},
	{{{-4506, -3718, 1442}, 0, {-1903, -4018}, {0x6E, 0x00, 0xC1, 0xFF}}},
	{{{-4506, -4936, 1704}, 0, {-1051, -65}, {0x6E, 0x00, 0x3F, 0xFF}}},
	{{{-4506, -3718, 1704}, 0, {-1051, -4018}, {0x60, 0x00, 0x53, 0xFF}}},
	{{{-4734, -4936, 1836}, 0, {-625, -65}, {0x00, 0x00, 0x7F, 0xFF}}},
	{{{-4506, -4936, 1704}, 0, {-1051, -65}, {0x6E, 0x00, 0x3F, 0xFF}}},
	{{{-4506, -3718, 1704}, 0, {-1051, -4018}, {0x60, 0x00, 0x53, 0xFF}}},
	{{{-4734, -3620, 1836}, 0, {-625, -4336}, {0x00, 0x00, 0x7F, 0xFF}}},
	{{{-4506, -3510, 1704}, 0, {-1051, -4691}, {0x60, 0x00, 0x53, 0xFF}}},
	{{{-4506, -281, 1704}, 0, {-1051, -15171}, {0x6E, 0x00, 0x3F, 0xFF}}},
	{{{-4506, -281, 1442}, 0, {-1903, -15171}, {0x6E, 0x00, 0xC1, 0xFF}}},
	{{{-4506, -3510, 1620}, 0, {-1327, -4691}, {0x7F, 0x00, 0x00, 0xFF}}},
	{{{-4506, -3620, 1442}, 0, {-1903, -4336}, {0x6E, 0x00, 0xC1, 0xFF}}},
	{{{-4506, -3620, 1620}, 0, {-1327, -4336}, {0x7F, 0x00, 0x00, 0xFF}}},
	{{{-4734, -281, 1311}, 0, {-2330, -15171}, {0x00, 0x00, 0x81, 0xFF}}},
	{{{-4734, -3620, 1311}, 0, {-2330, -4336}, {0x00, 0x00, 0x81, 0xFF}}},
	{{{-4961, -281, 1442}, 0, {-1903, -15171}, {0x92, 0x00, 0xC1, 0xFF}}},
	{{{-4961, -3620, 1442}, 0, {-1903, -4336}, {0x92, 0x00, 0xC1, 0xFF}}},
	{{{-4734, -281, 1836}, 0, {-625, -15171}, {0x00, 0x00, 0x7F, 0xFF}}},
	{{{-4961, -4936, 1704}, 0, {-1051, -65}, {0x92, 0x00, 0x3F, 0xFF}}},
	{{{-6149, -4656, -37}, 0, {-6703, -972}, {0x06, 0x7F, 0x00, 0xFF}}},
	{{{-4350, -4837, -194}, 0, {-7214, -385}, {0x0D, 0x7E, 0x00, 0xFF}}},
	{{{-4350, -4837, -343}, 0, {-7696, -385}, {0x0D, 0x7E, 0x00, 0xFF}}},
	{{{-6149, -4656, -343}, 0, {-7696, -972}, {0x06, 0x7F, 0x00, 0xFF}}},
	{{{-8397, -4656, -37}, 0, {-6703, -972}, {0x00, 0x7F, 0x00, 0xFF}}},
	{{{-8397, -4656, -469}, 0, {-8104, -972}, {0x00, 0x7F, 0x00, 0xFF}}},
	{{{-4350, -5000, -194}, 0, {-7214, 145}, {0x7F, 0x00, 0x00, 0xFF}}},
	{{{-4350, -5000, -343}, 0, {-7696, 145}, {0x7F, 0x00, 0x00, 0xFF}}},
	{{{-4350, -4837, -343}, 0, {-7696, -385}, {0x7F, 0x00, 0x00, 0xFF}}},
	{{{-4350, -4837, -194}, 0, {-7214, -385}, {0x7F, 0x00, 0x00, 0xFF}}},
	{{{-8716, -4607, 2845}, 0, {2650, -1133}, {0x00, 0x07, 0x7F, 0xFF}}},
	{{{-8668, -4607, 2845}, 0, {2650, -1133}, {0x00, 0x07, 0x7F, 0xFF}}},
	{{{-8668, -4471, 2838}, 0, {2627, -1575}, {0x00, 0xED, 0x7E, 0xFF}}},
	{{{-8716, -4471, 2838}, 0, {2627, -1575}, {0x00, 0xED, 0x7E, 0xFF}}},
	{{{-8668, -4397, 2864}, 0, {2714, -1812}, {0x00, 0xEA, 0x7D, 0xFF}}},
	{{{-8716, -4397, 2864}, 0, {2714, -1812}, {0x00, 0xEA, 0x7D, 0xFF}}},
	{{{-8716, -4397, 2864}, 0, {2714, -1812}, {0x00, 0xEA, 0x7D, 0xFF}}},
	{{{-8668, -4397, 2864}, 0, {2714, -1812}, {0x00, 0xEA, 0x7D, 0xFF}}},
	{{{-8668, -4313, 2864}, 0, {2714, -2087}, {0x00, 0x30, 0x75, 0xFF}}},
	{{{-8716, -4313, 2864}, 0, {2714, -2087}, {0x00, 0x30, 0x75, 0xFF}}},
	{{{-8668, -4238, 2790}, 0, {2473, -2330}, {0x00, 0x36, 0x73, 0xFF}}},
	{{{-8716, -4238, 2790}, 0, {2473, -2330}, {0x00, 0x36, 0x73, 0xFF}}},
	{{{-8668, -3899, 2760}, 0, {2374, -3428}, {0x00, 0x0B, 0x7E, 0xFF}}},
	{{{-8716, -3899, 2760}, 0, {2374, -3428}, {0x00, 0x0B, 0x7E, 0xFF}}},
	{{{-7828, -4800, 3486}, 0, {4731, -504}, {0x11, 0x7E, 0x00, 0xFF}}},
	{{{-7057, -5000, 3353}, 0, {4299, 145}, {0x20, 0x7B, 0x00, 0xFF}}},
	{{{-7057, -5000, 3274}, 0, {4044, 145}, {0x20, 0x7B, 0x00, 0xFF}}},
	{{{-7828, -4800, 3596}, 0, {5088, -504}, {0x0E, 0x7E, 0x00, 0xFF}}},
	{{{-8885, -4800, 3596}, 0, {5088, -504}, {0x00, 0x7F, 0x00, 0xFF}}},
	{{{-8885, -4800, 3486}, 0, {4731, -504}, {0x00, 0x7F, 0x00, 0xFF}}},
	{{{-8716, -4800, 2887}, 0, {2787, -504}, {0x00, 0x00, 0x7F, 0xFF}}},
	{{{-8385, -4800, 2887}, 0, {2787, -504}, {0x00, 0x00, 0x7F, 0xFF}}},
	{{{-8385, -4679, 2887}, 0, {2787, -899}, {0x00, 0x00, 0x7F, 0xFF}}},
	{{{-8716, -4679, 2887}, 0, {2787, -899}, {0x00, 0x00, 0x7F, 0xFF}}},
	{{{-8668, -4238, 2707}, 0, {2201, -2330}, {0x7F, 0x00, 0x00, 0xFF}}},
	{{{-8668, -3899, 2737}, 0, {2301, -3428}, {0x7F, 0x00, 0x00, 0xFF}}},
	{{{-8668, -3899, 2760}, 0, {2374, -3428}, {0x7F, 0x00, 0x00, 0xFF}}},
	{{{-8668, -4238, 2790}, 0, {2473, -2330}, {0x7F, 0x00, 0x00, 0xFF}}},
	{{{-8668, -4313, 2633}, 0, {1961, -2087}, {0x7F, 0x00, 0x00, 0xFF}}},
	{{{-8668, -4313, 2864}, 0, {2714, -2087}, {0x7F, 0x00, 0x00, 0xFF}}},
	{{{-8668, -4397, 2633}, 0, {1961, -1812}, {0x7F, 0x00, 0x00, 0xFF}}},
	{{{-8668, -4397, 2864}, 0, {2714, -1812}, {0x7F, 0x00, 0x00, 0xFF}}},
	{{{-8668, -4471, 2659}, 0, {2048, -1575}, {0x7F, 0x00, 0x00, 0xFF}}},
	{{{-8668, -4471, 2838}, 0, {2627, -1575}, {0x7F, 0x00, 0x00, 0xFF}}},
	{{{-8668, -4607, 2652}, 0, {2025, -1133}, {0x7F, 0x00, 0x00, 0xFF}}},
	{{{-8668, -4607, 2845}, 0, {2650, -1133}, {0x7F, 0x00, 0x00, 0xFF}}},
	{{{-8668, -4738, 2652}, 0, {2025, -708}, {0x7F, 0x00, 0x00, 0xFF}}},
	{{{-8668, -4738, 2845}, 0, {2650, -708}, {0x7F, 0x00, 0x00, 0xFF}}},
	{{{-8716, -3899, 2737}, 0, {2301, -3428}, {0x00, 0x7F, 0x00, 0xFF}}},
	{{{-8716, -3899, 2760}, 0, {2374, -3428}, {0x00, 0x7F, 0x00, 0xFF}}},
	{{{-8668, -3899, 2760}, 0, {2374, -3428}, {0x00, 0x7F, 0x00, 0xFF}}},
	{{{-8668, -3899, 2737}, 0, {2301, -3428}, {0x00, 0x7F, 0x00, 0xFF}}},
	{{{-7057, -4933, 3196}, 0, {3790, -72}, {0x11, 0x7E, 0x00, 0xFF}}},
	{{{-6751, -4933, 3274}, 0, {4044, -72}, {0x00, 0x7F, 0x00, 0xFF}}},
	{{{-6751, -4933, 3196}, 0, {3790, -72}, {0x00, 0x7F, 0x00, 0xFF}}},
	{{{-7057, -4933, 3274}, 0, {4044, -72}, {0x14, 0x7D, 0x00, 0xFF}}},
	{{{-7828, -4699, 3376}, 0, {4374, -833}, {0x14, 0x7D, 0x00, 0xFF}}},
	{{{-7828, -4699, 3486}, 0, {4731, -833}, {0x11, 0x7E, 0x00, 0xFF}}},
	{{{-8782, -4699, 3486}, 0, {4731, -833}, {0x00, 0x7F, 0x00, 0xFF}}},
	{{{-8782, -4699, 3376}, 0, {4374, -833}, {0x00, 0x7F, 0x00, 0xFF}}},
	{{{-8385, -4800, 2887}, 0, {2787, -504}, {0x7F, 0x00, 0x00, 0xFF}}},
	{{{-8385, -4800, 2845}, 0, {2650, -504}, {0x7F, 0x00, 0x00, 0xFF}}},
	{{{-8385, -4607, 2845}, 0, {2650, -1133}, {0x7F, 0x00, 0x00, 0xFF}}},
	{{{-8385, -4679, 2887}, 0, {2787, -899}, {0x7F, 0x00, 0x00, 0xFF}}},
	{{{-8385, -4631, 2937}, 0, {2951, -1055}, {0x7F, 0x00, 0x00, 0xFF}}},
	{{{-8385, -4679, 2908}, 0, {2856, -899}, {0x7F, 0x00, 0x00, 0xFF}}},
	{{{-8716, -4607, 2845}, 0, {2650, -1133}, {0x81, 0x00, 0x00, 0xFF}}},
	{{{-8716, -4679, 2908}, 0, {2856, -899}, {0x81, 0x00, 0x00, 0xFF}}},
	{{{-8716, -4631, 2937}, 0, {2951, -1055}, {0x81, 0x00, 0x00, 0xFF}}},
	{{{-8716, -4679, 2887}, 0, {2787, -899}, {0x81, 0x00, 0x00, 0xFF}}},
	{{{-8716, -4800, 2887}, 0, {2787, -504}, {0x81, 0x00, 0x00, 0xFF}}},
	{{{-8716, -4800, 2610}, 0, {1888, -504}, {0x81, 0x00, 0x00, 0xFF}}},
	{{{-8716, -4607, 2652}, 0, {2025, -1133}, {0x81, 0x00, 0x00, 0xFF}}},
	{{{-8716, -4471, 2659}, 0, {2048, -1575}, {0x81, 0x00, 0x00, 0xFF}}},
	{{{-8716, -4471, 2838}, 0, {2627, -1575}, {0x81, 0x00, 0x00, 0xFF}}},
	{{{-8716, -4397, 2633}, 0, {1961, -1812}, {0x81, 0x00, 0x00, 0xFF}}},
	{{{-8716, -4397, 2864}, 0, {2714, -1812}, {0x81, 0x00, 0x00, 0xFF}}},
	{{{-8716, -4313, 2633}, 0, {1961, -2087}, {0x81, 0x00, 0x00, 0xFF}}},
	{{{-8716, -4313, 2864}, 0, {2714, -2087}, {0x81, 0x00, 0x00, 0xFF}}},
	{{{-8716, -4238, 2707}, 0, {2201, -2330}, {0x81, 0x00, 0x00, 0xFF}}},
	{{{-8716, -4238, 2707}, 0, {2201, -2330}, {0x81, 0x00, 0x00, 0xFF}}},
	{{{-8716, -4313, 2864}, 0, {2714, -2087}, {0x81, 0x00, 0x00, 0xFF}}},
	{{{-8716, -4238, 2790}, 0, {2473, -2330}, {0x81, 0x00, 0x00, 0xFF}}},
	{{{-8716, -3899, 2737}, 0, {2301, -3428}, {0x81, 0x00, 0x00, 0xFF}}},
	{{{-8716, -3899, 2760}, 0, {2374, -3428}, {0x81, 0x00, 0x00, 0xFF}}},
	{{{-8716, -4607, 2652}, 0, {2025, -1133}, {0x81, 0x00, 0x00, 0xFF}}},
	{{{-8716, -4679, 2610}, 0, {1888, -899}, {0x81, 0x00, 0x00, 0xFF}}},
	{{{-8716, -4800, 2610}, 0, {1888, -504}, {0x81, 0x00, 0x00, 0xFF}}},
	{{{-8716, -4679, 2589}, 0, {1819, -899}, {0x81, 0x00, 0x00, 0xFF}}},
	{{{-8716, -4631, 2559}, 0, {1724, -1055}, {0x81, 0x00, 0x00, 0xFF}}},
	{{{-8716, -4679, 2887}, 0, {2787, -899}, {0x00, 0x81, 0x00, 0xFF}}},
	{{{-8385, -4679, 2887}, 0, {2787, -899}, {0x00, 0x81, 0x00, 0xFF}}},
	{{{-8385, -4679, 2908}, 0, {2856, -899}, {0x00, 0x91, 0x3E, 0xFF}}},
	{{{-8716, -4679, 2908}, 0, {2856, -899}, {0x00, 0x91, 0x3E, 0xFF}}},
	{{{-8385, -4631, 2937}, 0, {2951, -1055}, {0x00, 0x30, 0x76, 0xFF}}},
	{{{-8716, -4631, 2937}, 0, {2951, -1055}, {0x00, 0x30, 0x76, 0xFF}}},
	{{{-8385, -4607, 2845}, 0, {2650, -1133}, {0x00, 0x7B, 0x20, 0xFF}}},
	{{{-8668, -4607, 2845}, 0, {2650, -1133}, {0x00, 0x7B, 0x20, 0xFF}}},
	{{{-8716, -4607, 2845}, 0, {2650, -1133}, {0x00, 0x7B, 0x20, 0xFF}}},
	{{{-6751, -5000, 3274}, 0, {4044, 145}, {0x7F, 0x00, 0x00, 0xFF}}},
	{{{-6751, -5000, 3196}, 0, {3790, 145}, {0x7F, 0x00, 0x00, 0xFF}}},
	{{{-6751, -4933, 3196}, 0, {3790, -72}, {0x7F, 0x00, 0x00, 0xFF}}},
	{{{-6751, -4933, 3274}, 0, {4044, -72}, {0x7F, 0x00, 0x00, 0xFF}}},
	{{{-8385, -4800, 2845}, 0, {2650, -504}, {0x00, 0x00, 0x81, 0xFF}}},
	{{{-8509, -4760, 2845}, 0, {2650, -635}, {0x00, 0x00, 0x81, 0xFF}}},
	{{{-8509, -4738, 2845}, 0, {2650, -708}, {0x00, 0x00, 0x81, 0xFF}}},
	{{{-8385, -4607, 2845}, 0, {2650, -1133}, {0x00, 0x00, 0x81, 0xFF}}},
	{{{-8668, -4738, 2845}, 0, {2650, -708}, {0x00, 0x00, 0x81, 0xFF}}},
	{{{-8668, -4607, 2845}, 0, {2650, -1133}, {0x00, 0x00, 0x81, 0xFF}}},
	{{{-8509, -4738, 2652}, 0, {2025, -708}, {0x7F, 0x00, 0x00, 0xFF}}},
	{{{-8509, -4738, 2845}, 0, {2650, -708}, {0x7F, 0x00, 0x00, 0xFF}}},
	{{{-8509, -4760, 2845}, 0, {2650, -635}, {0x7F, 0x00, 0x00, 0xFF}}},
	{{{-8509, -4738, 2652}, 0, {2025, -708}, {0x7F, 0x00, 0x00, 0xFF}}},
	{{{-8509, -4760, 2845}, 0, {2650, -635}, {0x7F, 0x00, 0x00, 0xFF}}},
	{{{-8509, -4760, 2652}, 0, {2025, -635}, {0x7F, 0x00, 0x00, 0xFF}}},
	{{{-7057, -5000, 3196}, 0, {3790, 145}, {0xF3, 0x00, 0x82, 0xFF}}},
	{{{-6751, -4933, 3196}, 0, {3790, -72}, {0x00, 0x00, 0x81, 0xFF}}},
	{{{-6751, -5000, 3196}, 0, {3790, 145}, {0x00, 0x00, 0x81, 0xFF}}},
	{{{-7057, -4933, 3196}, 0, {3790, -72}, {0xF0, 0x00, 0x82, 0xFF}}},
	{{{-7828, -4699, 3376}, 0, {4374, -833}, {0xF3, 0x00, 0x82, 0xFF}}},
	{{{-7828, -4800, 3376}, 0, {4374, -504}, {0xF0, 0x00, 0x82, 0xFF}}},
	{{{-8782, -4699, 3376}, 0, {4374, -833}, {0x00, 0x00, 0x81, 0xFF}}},
	{{{-9017, -4800, 3376}, 0, {4374, -504}, {0x00, 0x00, 0x81, 0xFF}}},
	{{{-9017, -4040, 3376}, 0, {4374, -2973}, {0x00, 0x00, 0x81, 0xFF}}},
	{{{-8782, -4040, 3376}, 0, {4374, -2973}, {0x00, 0x00, 0x81, 0xFF}}},
	{{{-7057, -4933, 3274}, 0, {4044, -72}, {0x12, 0x00, 0x7E, 0xFF}}},
	{{{-6751, -5000, 3274}, 0, {4044, 145}, {0x00, 0x00, 0x7F, 0xFF}}},
	{{{-6751, -4933, 3274}, 0, {4044, -72}, {0x00, 0x00, 0x7F, 0xFF}}},
	{{{-7057, -5000, 3274}, 0, {4044, 145}, {0x10, 0x00, 0x7E, 0xFF}}},
	{{{-7828, -4800, 3486}, 0, {4731, -504}, {0x12, 0x00, 0x7E, 0xFF}}},
	{{{-7828, -4699, 3486}, 0, {4731, -833}, {0x0F, 0x00, 0x7E, 0xFF}}},
	{{{-8885, -4800, 3486}, 0, {4731, -504}, {0x00, 0x00, 0x7F, 0xFF}}},
	{{{-8782, -4699, 3486}, 0, {4731, -833}, {0x00, 0x00, 0x7F, 0xFF}}},
	{{{-8782, -3968, 3486}, 0, {4731, -3206}, {0x00, 0x00, 0x7F, 0xFF}}},
	{{{-8885, -3968, 3486}, 0, {4731, -3206}, {0x00, 0x00, 0x7F, 0xFF}}},
	{{{-8885, -3968, 3486}, 0, {4731, -3206}, {0x00, 0x7F, 0x00, 0xFF}}},
	{{{-8782, -3968, 3486}, 0, {4731, -3206}, {0x00, 0x7F, 0x00, 0xFF}}},
	{{{-8782, -3968, 3180}, 0, {3737, -3206}, {0x00, 0x7F, 0x00, 0xFF}}},
	{{{-8885, -3968, 3180}, 0, {3737, -3206}, {0x00, 0x7F, 0x00, 0xFF}}},
	{{{-8782, -4699, 3486}, 0, {4731, -833}, {0x7F, 0x00, 0x00, 0xFF}}},
	{{{-8782, -4699, 3376}, 0, {4374, -833}, {0x7F, 0x00, 0x00, 0xFF}}},
	{{{-8782, -4040, 3376}, 0, {4374, -2973}, {0x7F, 0x00, 0x00, 0xFF}}},
	{{{-8782, -3968, 3486}, 0, {4731, -3206}, {0x7F, 0x00, 0x00, 0xFF}}},
	{{{-8782, -4040, 3090}, 0, {3447, -2973}, {0x7F, 0x00, 0x00, 0xFF}}},
	{{{-8782, -3968, 3486}, 0, {4731, -3206}, {0x7F, 0x00, 0x00, 0xFF}}},
	{{{-8782, -4040, 3090}, 0, {3447, -2973}, {0x7F, 0x00, 0x00, 0xFF}}},
	{{{-8782, -3968, 3180}, 0, {3737, -3206}, {0x7F, 0x00, 0x00, 0xFF}}},
	{{{-8782, -3609, 3090}, 0, {3447, -4371}, {0x7F, 0x07, 0x00, 0xFF}}},
	{{{-8782, -3537, 3180}, 0, {3737, -4603}, {0x7F, 0x0B, 0x00, 0xFF}}},
	{{{-8813, -3291, 2885}, 0, {2780, -5405}, {0x7D, 0x14, 0x00, 0xFF}}},
	{{{-8843, -3134, 2921}, 0, {2897, -5913}, {0x7E, 0x0F, 0x00, 0xFF}}},
	{{{-8843, -3134, 2576}, 0, {1778, -5913}, {0x7E, 0x0F, 0x00, 0xFF}}},
	{{{-8813, -3291, 2612}, 0, {1895, -5405}, {0x7D, 0x14, 0x00, 0xFF}}},
	{{{-8782, -3537, 2317}, 0, {938, -4603}, {0x7F, 0x0B, 0x00, 0xFF}}},
	{{{-8782, -3609, 2407}, 0, {1228, -4371}, {0x7F, 0x07, 0x00, 0xFF}}},
	{{{-8782, -3968, 2317}, 0, {938, -3206}, {0x7F, 0x00, 0x00, 0xFF}}},
	{{{-8782, -4040, 2407}, 0, {1228, -2973}, {0x7F, 0x00, 0x00, 0xFF}}},
	{{{-8782, -3968, 2011}, 0, {-56, -3206}, {0x7F, 0x00, 0x00, 0xFF}}},
	{{{-8782, -4040, 2121}, 0, {301, -2973}, {0x7F, 0x00, 0x00, 0xFF}}},
	{{{-8782, -4699, 2011}, 0, {-56, -833}, {0x7F, 0x00, 0x00, 0xFF}}},
	{{{-8782, -4699, 2121}, 0, {301, -833}, {0x7F, 0x00, 0x00, 0xFF}}},
	{{{-8847, -2952, 2854}, 0, {2679, -6502}, {0x7F, 0x03, 0x00, 0xFF}}},
	{{{-8847, -2952, 2643}, 0, {1995, -6502}, {0x7F, 0x03, 0x00, 0xFF}}},
	{{{-8885, -3968, 3180}, 0, {3737, -3206}, {0x00, 0x00, 0x7F, 0xFF}}},
	{{{-8782, -3968, 3180}, 0, {3737, -3206}, {0x00, 0x00, 0x7F, 0xFF}}},
	{{{-8782, -3537, 3180}, 0, {3737, -4603}, {0x00, 0x22, 0x7A, 0xFF}}},
	{{{-8885, -3537, 3180}, 0, {3737, -4603}, {0x00, 0x24, 0x7A, 0xFF}}},
	{{{-8843, -3134, 2921}, 0, {2897, -5913}, {0x00, 0x39, 0x71, 0xFF}}},
	{{{-8885, -3134, 2921}, 0, {2897, -5913}, {0x00, 0x39, 0x72, 0xFF}}},
	{{{-8847, -2952, 2854}, 0, {2679, -6502}, {0x00, 0x2C, 0x77, 0xFF}}},
	{{{-8885, -2952, 2854}, 0, {2679, -6502}, {0x00, 0x2C, 0x77, 0xFF}}},
	{{{-8782, -4040, 3376}, 0, {4374, -2973}, {0x00, 0x81, 0x00, 0xFF}}},
	{{{-9017, -4040, 3376}, 0, {4374, -2973}, {0x00, 0x81, 0x00, 0xFF}}},
	{{{-9017, -4040, 3090}, 0, {3447, -2973}, {0x00, 0x81, 0x00, 0xFF}}},
	{{{-8782, -4040, 3090}, 0, {3447, -2973}, {0x00, 0x81, 0x00, 0xFF}}},
	{{{-8782, -3609, 3090}, 0, {3447, -4371}, {0x00, 0xDD, 0x86, 0xFF}}},
	{{{-9017, -3291, 2885}, 0, {2780, -5405}, {0x00, 0xBB, 0x95, 0xFF}}},
	{{{-8813, -3291, 2885}, 0, {2780, -5405}, {0x00, 0xBB, 0x95, 0xFF}}},
	{{{-9017, -3609, 3090}, 0, {3447, -4371}, {0x00, 0xDC, 0x86, 0xFF}}},
	{{{-8782, -4040, 3090}, 0, {3447, -2973}, {0x00, 0x00, 0x81, 0xFF}}},
	{{{-9017, -4040, 3090}, 0, {3447, -2973}, {0x00, 0x00, 0x81, 0xFF}}},
	{{{-9017, -4800, 3376}, 0, {4374, -504}, {0x7F, 0x00, 0x00, 0xFF}}},
	{{{-9017, -4040, 3090}, 0, {3447, -2973}, {0x7F, 0x00, 0x00, 0xFF}}},
	{{{-9017, -4040, 3376}, 0, {4374, -2973}, {0x7F, 0x00, 0x00, 0xFF}}},
	{{{-9017, -4800, 2121}, 0, {301, -504}, {0x7F, 0x00, 0x00, 0xFF}}},
	{{{-9017, -4040, 2407}, 0, {1228, -2973}, {0x7F, 0x00, 0x00, 0xFF}}},
	{{{-9017, -4040, 2121}, 0, {301, -2973}, {0x7F, 0x00, 0x00, 0xFF}}},
	{{{-9017, -3609, 3090}, 0, {3447, -4371}, {0x7F, 0x00, 0x00, 0xFF}}},
	{{{-9017, -3609, 2407}, 0, {1228, -4371}, {0x7F, 0x00, 0x00, 0xFF}}},
	{{{-9017, -3291, 2612}, 0, {1895, -5405}, {0x7F, 0x00, 0x00, 0xFF}}},
	{{{-9017, -3291, 2885}, 0, {2780, -5405}, {0x7F, 0x00, 0x00, 0xFF}}},
	{{{-5845, -5000, 2845}, 0, {2650, 145}, {0x00, 0x7F, 0x00, 0xFF}}},
	{{{-7057, -5000, 2652}, 0, {2025, 145}, {0x00, 0x7F, 0x00, 0xFF}}},
	{{{-7057, -5000, 2845}, 0, {2650, 145}, {0x00, 0x7F, 0x00, 0xFF}}},
	{{{-5845, -5000, 2652}, 0, {2025, 145}, {0x00, 0x7F, 0x00, 0xFF}}},
	{{{-4296, -5000, 2845}, 0, {2650, 145}, {0x00, 0x7F, 0x00, 0xFF}}},
	{{{-4296, -5000, 2652}, 0, {2025, 145}, {0x00, 0x7F, 0x00, 0xFF}}},
	{{{-8885, -2952, 2643}, 0, {1995, -6502}, {0x00, 0x7F, 0x00, 0xFF}}},
	{{{-8885, -2952, 2854}, 0, {2679, -6502}, {0x00, 0x7F, 0x00, 0xFF}}},
	{{{-8847, -2952, 2854}, 0, {2679, -6502}, {0x00, 0x7F, 0x00, 0xFF}}},
	{{{-8847, -2952, 2643}, 0, {1995, -6502}, {0x00, 0x7F, 0x00, 0xFF}}},
	{{{-8813, -3291, 2612}, 0, {1895, -5405}, {0x00, 0x81, 0x00, 0xFF}}},
	{{{-8813, -3291, 2885}, 0, {2780, -5405}, {0x00, 0x81, 0x00, 0xFF}}},
	{{{-9017, -3291, 2885}, 0, {2780, -5405}, {0x00, 0x81, 0x00, 0xFF}}},
	{{{-9017, -3291, 2612}, 0, {1895, -5405}, {0x00, 0x81, 0x00, 0xFF}}},
	{{{-7057, -5000, 2845}, 0, {2650, 145}, {0x20, 0x7B, 0x00, 0xFF}}},
	{{{-7057, -5000, 2652}, 0, {2025, 145}, {0x20, 0x7B, 0x00, 0xFF}}},
	{{{-7828, -4800, 2652}, 0, {2025, -504}, {0x10, 0x7E, 0x00, 0xFF}}},
	{{{-7828, -4800, 2845}, 0, {2650, -504}, {0x10, 0x7E, 0x00, 0xFF}}},
	{{{-8385, -4800, 2845}, 0, {2650, -504}, {0x14, 0x7D, 0x00, 0xFF}}},
	{{{-8385, -4800, 2652}, 0, {2025, -504}, {0x14, 0x7D, 0x00, 0xFF}}},
	{{{-8509, -4760, 2652}, 0, {2025, -635}, {0x27, 0x79, 0x00, 0xFF}}},
	{{{-8509, -4760, 2845}, 0, {2650, -635}, {0x27, 0x79, 0x00, 0xFF}}},
	{{{-8668, -4738, 2652}, 0, {2025, -708}, {0x00, 0x7F, 0x00, 0xFF}}},
	{{{-8668, -4738, 2845}, 0, {2650, -708}, {0x00, 0x7F, 0x00, 0xFF}}},
	{{{-8509, -4738, 2845}, 0, {2650, -708}, {0x00, 0x7F, 0x00, 0xFF}}},
	{{{-8509, -4738, 2652}, 0, {2025, -708}, {0x00, 0x7F, 0x00, 0xFF}}},
	{{{-8716, -4607, 2652}, 0, {2025, -1133}, {0x00, 0x07, 0x81, 0xFF}}},
	{{{-8668, -4471, 2659}, 0, {2048, -1575}, {0x00, 0xED, 0x82, 0xFF}}},
	{{{-8668, -4607, 2652}, 0, {2025, -1133}, {0x00, 0x07, 0x81, 0xFF}}},
	{{{-8716, -4471, 2659}, 0, {2048, -1575}, {0x00, 0xED, 0x82, 0xFF}}},
	{{{-8668, -4397, 2633}, 0, {1961, -1812}, {0x00, 0xEA, 0x83, 0xFF}}},
	{{{-8716, -4397, 2633}, 0, {1961, -1812}, {0x00, 0xEA, 0x83, 0xFF}}},
	{{{-8668, -4313, 2633}, 0, {1961, -2087}, {0x00, 0x30, 0x8B, 0xFF}}},
	{{{-8716, -4313, 2633}, 0, {1961, -2087}, {0x00, 0x30, 0x8B, 0xFF}}},
	{{{-8668, -4238, 2707}, 0, {2201, -2330}, {0x00, 0x36, 0x8D, 0xFF}}},
	{{{-8716, -4238, 2707}, 0, {2201, -2330}, {0x00, 0x36, 0x8D, 0xFF}}},
	{{{-8668, -3899, 2737}, 0, {2301, -3428}, {0x00, 0x0B, 0x82, 0xFF}}},
	{{{-8716, -3899, 2737}, 0, {2301, -3428}, {0x00, 0x0B, 0x82, 0xFF}}},
	{{{-7828, -4800, 2011}, 0, {-56, -504}, {0x11, 0x7E, 0x00, 0xFF}}},
	{{{-7057, -5000, 2223}, 0, {631, 145}, {0x20, 0x7B, 0x00, 0xFF}}},
	{{{-7057, -5000, 2144}, 0, {376, 145}, {0x20, 0x7B, 0x00, 0xFF}}},
	{{{-7828, -4800, 1901}, 0, {-413, -504}, {0x0E, 0x7E, 0x00, 0xFF}}},
	{{{-8885, -4800, 1901}, 0, {-413, -504}, {0x00, 0x7F, 0x00, 0xFF}}},
	{{{-8885, -4800, 2011}, 0, {-56, -504}, {0x00, 0x7F, 0x00, 0xFF}}},
	{{{-8716, -4800, 2610}, 0, {1888, -504}, {0x00, 0x00, 0x81, 0xFF}}},
	{{{-8716, -4679, 2610}, 0, {1888, -899}, {0x00, 0x00, 0x81, 0xFF}}},
	{{{-8385, -4679, 2610}, 0, {1888, -899}, {0x00, 0x00, 0x81, 0xFF}}},
	{{{-8385, -4800, 2610}, 0, {1888, -504}, {0x00, 0x00, 0x81, 0xFF}}},
	{{{-7057, -4933, 2301}, 0, {885, -72}, {0x11, 0x7E, 0x00, 0xFF}}},
	{{{-6751, -4933, 2301}, 0, {885, -72}, {0x00, 0x7F, 0x00, 0xFF}}},
	{{{-6751, -4933, 2223}, 0, {631, -72}, {0x00, 0x7F, 0x00, 0xFF}}},
	{{{-7057, -4933, 2223}, 0, {631, -72}, {0x14, 0x7D, 0x00, 0xFF}}},
	{{{-7828, -4699, 2121}, 0, {301, -833}, {0x14, 0x7D, 0x00, 0xFF}}},
	{{{-7828, -4699, 2011}, 0, {-56, -833}, {0x11, 0x7E, 0x00, 0xFF}}},
	{{{-8782, -4699, 2011}, 0, {-56, -833}, {0x00, 0x7F, 0x00, 0xFF}}},
	{{{-8782, -4699, 2121}, 0, {301, -833}, {0x00, 0x7F, 0x00, 0xFF}}},
	{{{-8385, -4800, 2610}, 0, {1888, -504}, {0x7F, 0x00, 0x00, 0xFF}}},
	{{{-8385, -4607, 2652}, 0, {2025, -1133}, {0x7F, 0x00, 0x00, 0xFF}}},
	{{{-8385, -4800, 2652}, 0, {2025, -504}, {0x7F, 0x00, 0x00, 0xFF}}},
	{{{-8385, -4679, 2610}, 0, {1888, -899}, {0x7F, 0x00, 0x00, 0xFF}}},
	{{{-8385, -4631, 2559}, 0, {1724, -1055}, {0x7F, 0x00, 0x00, 0xFF}}},
	{{{-8385, -4679, 2589}, 0, {1819, -899}, {0x7F, 0x00, 0x00, 0xFF}}},
	{{{-8716, -4679, 2610}, 0, {1888, -899}, {0x00, 0x81, 0x00, 0xFF}}},
	{{{-8385, -4679, 2589}, 0, {1819, -899}, {0x00, 0x91, 0xC2, 0xFF}}},
	{{{-8385, -4679, 2610}, 0, {1888, -899}, {0x00, 0x81, 0x00, 0xFF}}},
	{{{-8716, -4679, 2589}, 0, {1819, -899}, {0x00, 0x91, 0xC2, 0xFF}}},
	{{{-8385, -4631, 2559}, 0, {1724, -1055}, {0x00, 0x30, 0x8A, 0xFF}}},
	{{{-8716, -4631, 2559}, 0, {1724, -1055}, {0x00, 0x30, 0x8A, 0xFF}}},
	{{{-8385, -4607, 2652}, 0, {2025, -1133}, {0x00, 0x7B, 0xE0, 0xFF}}},
	{{{-8668, -4607, 2652}, 0, {2025, -1133}, {0x00, 0x7B, 0xE0, 0xFF}}},
	{{{-8716, -4607, 2652}, 0, {2025, -1133}, {0x00, 0x7B, 0xE0, 0xFF}}},
	{{{-6751, -5000, 2223}, 0, {631, 145}, {0x7F, 0x00, 0x00, 0xFF}}},
	{{{-6751, -4933, 2223}, 0, {631, -72}, {0x7F, 0x00, 0x00, 0xFF}}},
	{{{-6751, -4933, 2301}, 0, {885, -72}, {0x7F, 0x00, 0x00, 0xFF}}},
	{{{-6751, -5000, 2301}, 0, {885, 145}, {0x7F, 0x00, 0x00, 0xFF}}},
	{{{-8385, -4800, 2652}, 0, {2025, -504}, {0x00, 0x00, 0x7F, 0xFF}}},
	{{{-8509, -4738, 2652}, 0, {2025, -708}, {0x00, 0x00, 0x7F, 0xFF}}},
	{{{-8509, -4760, 2652}, 0, {2025, -635}, {0x00, 0x00, 0x7F, 0xFF}}},
	{{{-8385, -4607, 2652}, 0, {2025, -1133}, {0x00, 0x00, 0x7F, 0xFF}}},
	{{{-8668, -4738, 2652}, 0, {2025, -708}, {0x00, 0x00, 0x7F, 0xFF}}},
	{{{-8668, -4607, 2652}, 0, {2025, -1133}, {0x00, 0x00, 0x7F, 0xFF}}},
	{{{-7057, -5000, 2301}, 0, {885, 145}, {0xF3, 0x00, 0x7E, 0xFF}}},
	{{{-6751, -5000, 2301}, 0, {885, 145}, {0x00, 0x00, 0x7F, 0xFF}}},
	{{{-6751, -4933, 2301}, 0, {885, -72}, {0x00, 0x00, 0x7F, 0xFF}}},
	{{{-7057, -4933, 2301}, 0, {885, -72}, {0xF0, 0x00, 0x7E, 0xFF}}},
	{{{-7828, -4699, 2121}, 0, {301, -833}, {0xF3, 0x00, 0x7E, 0xFF}}},
	{{{-7828, -4800, 2121}, 0, {301, -504}, {0xF0, 0x00, 0x7E, 0xFF}}},
	{{{-8782, -4699, 2121}, 0, {301, -833}, {0x00, 0x00, 0x7F, 0xFF}}},
	{{{-9017, -4800, 2121}, 0, {301, -504}, {0x00, 0x00, 0x7F, 0xFF}}},
	{{{-9017, -4040, 2121}, 0, {301, -2973}, {0x00, 0x00, 0x7F, 0xFF}}},
	{{{-8782, -4040, 2121}, 0, {301, -2973}, {0x00, 0x00, 0x7F, 0xFF}}},
	{{{-7057, -4933, 2223}, 0, {631, -72}, {0x12, 0x00, 0x82, 0xFF}}},
	{{{-6751, -4933, 2223}, 0, {631, -72}, {0x00, 0x00, 0x81, 0xFF}}},
	{{{-6751, -5000, 2223}, 0, {631, 145}, {0x00, 0x00, 0x81, 0xFF}}},
	{{{-7057, -5000, 2223}, 0, {631, 145}, {0x10, 0x00, 0x82, 0xFF}}},
	{{{-7828, -4800, 2011}, 0, {-56, -504}, {0x12, 0x00, 0x82, 0xFF}}},
	{{{-7828, -4699, 2011}, 0, {-56, -833}, {0x0F, 0x00, 0x82, 0xFF}}},
	{{{-8885, -4800, 2011}, 0, {-56, -504}, {0x00, 0x00, 0x81, 0xFF}}},
	{{{-8782, -4699, 2011}, 0, {-56, -833}, {0x00, 0x00, 0x81, 0xFF}}},
	{{{-8782, -3968, 2011}, 0, {-56, -3206}, {0x00, 0x00, 0x81, 0xFF}}},
	{{{-8885, -3968, 2011}, 0, {-56, -3206}, {0x00, 0x00, 0x81, 0xFF}}},
	{{{-8885, -3968, 2011}, 0, {-56, -3206}, {0x00, 0x7F, 0x00, 0xFF}}},
	{{{-8885, -3968, 2317}, 0, {938, -3206}, {0x00, 0x7F, 0x00, 0xFF}}},
	{{{-8782, -3968, 2317}, 0, {938, -3206}, {0x00, 0x7F, 0x00, 0xFF}}},
	{{{-8782, -3968, 2011}, 0, {-56, -3206}, {0x00, 0x7F, 0x00, 0xFF}}},
	{{{-8885, -3968, 2317}, 0, {938, -3206}, {0x00, 0x00, 0x81, 0xFF}}},
	{{{-8782, -3537, 2317}, 0, {938, -4603}, {0x00, 0x22, 0x86, 0xFF}}},
	{{{-8782, -3968, 2317}, 0, {938, -3206}, {0x00, 0x00, 0x81, 0xFF}}},
	{{{-8885, -3537, 2317}, 0, {938, -4603}, {0x00, 0x24, 0x86, 0xFF}}},
	{{{-8843, -3134, 2576}, 0, {1778, -5913}, {0x00, 0x39, 0x8F, 0xFF}}},
	{{{-8885, -3134, 2576}, 0, {1778, -5913}, {0x00, 0x39, 0x8E, 0xFF}}},
	{{{-8847, -2952, 2643}, 0, {1995, -6502}, {0x00, 0x2C, 0x89, 0xFF}}},
	{{{-8885, -2952, 2643}, 0, {1995, -6502}, {0x00, 0x2C, 0x89, 0xFF}}},
	{{{-8782, -4040, 2121}, 0, {301, -2973}, {0x00, 0x81, 0x00, 0xFF}}},
	{{{-8782, -4040, 2407}, 0, {1228, -2973}, {0x00, 0x81, 0x00, 0xFF}}},
	{{{-9017, -4040, 2407}, 0, {1228, -2973}, {0x00, 0x81, 0x00, 0xFF}}},
	{{{-9017, -4040, 2121}, 0, {301, -2973}, {0x00, 0x81, 0x00, 0xFF}}},
	{{{-8782, -3609, 2407}, 0, {1228, -4371}, {0x00, 0xDD, 0x7A, 0xFF}}},
	{{{-8813, -3291, 2612}, 0, {1895, -5405}, {0x00, 0xBB, 0x6B, 0xFF}}},
	{{{-9017, -3291, 2612}, 0, {1895, -5405}, {0x00, 0xBB, 0x6B, 0xFF}}},
	{{{-9017, -3609, 2407}, 0, {1228, -4371}, {0x00, 0xDC, 0x7A, 0xFF}}},
	{{{-8782, -4040, 2407}, 0, {1228, -2973}, {0x00, 0x00, 0x7F, 0xFF}}},
	{{{-9017, -4040, 2407}, 0, {1228, -2973}, {0x00, 0x00, 0x7F, 0xFF}}},
	{{{-5536, -3608, 3884}, 0, {6022, -4374}, {0x81, 0x00, 0x00, 0xFF}}},
	{{{-5536, -3608, 3799}, 0, {5746, -4374}, {0x81, 0x00, 0x00, 0xFF}}},
	{{{-5536, -3728, 3799}, 0, {5746, -3984}, {0x81, 0x00, 0x00, 0xFF}}},
	{{{-5536, -3728, 3884}, 0, {6022, -3984}, {0x81, 0x00, 0x00, 0xFF}}},
	{{{-6069, -3660, 5136}, 0, {10087, -4204}, {0x7F, 0x00, 0x00, 0xFF}}},
	{{{-6069, -3776, 5136}, 0, {10087, -3828}, {0x7F, 0x00, 0x00, 0xFF}}},
	{{{-6069, -3810, 5051}, 0, {9811, -3718}, {0x7F, 0x00, 0x00, 0xFF}}},
	{{{-6069, -3660, 5051}, 0, {9811, -4204}, {0x7F, 0x00, 0x00, 0xFF}}},
	{{{-6255, -3686, 3833}, 0, {5857, -4121}, {0x75, 0x00, 0x31, 0xFF}}},
	{{{-6255, -3817, 3833}, 0, {5857, -3696}, {0x75, 0x00, 0x31, 0xFF}}},
	{{{-6220, -3779, 3748}, 0, {5582, -3820}, {0x75, 0x00, 0x31, 0xFF}}},
	{{{-6220, -3583, 3748}, 0, {5582, -4457}, {0x75, 0x00, 0x31, 0xFF}}},
	{{{-6255, -3583, 3833}, 0, {5857, -4457}, {0x75, 0x00, 0x31, 0xFF}}},
	{{{-6069, -3776, 5136}, 0, {10087, -3828}, {0x04, 0x84, 0x19, 0xFF}}},
	{{{-6220, -3779, 5146}, 0, {10121, -3820}, {0xF6, 0x82, 0x0F, 0xFF}}},
	{{{-6069, -3810, 5051}, 0, {9811, -3718}, {0x04, 0x84, 0x19, 0xFF}}},
	{{{-6220, -3779, 5231}, 0, {10396, -3820}, {0xF3, 0x82, 0x09, 0xFF}}},
	{{{-6547, -3718, 5276}, 0, {10541, -4018}, {0xF3, 0x82, 0x03, 0xFF}}},
	{{{-6462, -3750, 5066}, 0, {9858, -3914}, {0xE0, 0x85, 0x02, 0xFF}}},
	{{{-6287, -3779, 5046}, 0, {9794, -3820}, {0xE5, 0x84, 0x01, 0xFF}}},
	{{{-6287, -3737, 4490}, 0, {7989, -3954}, {0xEA, 0x83, 0xFD, 0xFF}}},
	{{{-6064, -3842, 4861}, 0, {9193, -3616}, {0xDF, 0x86, 0xF7, 0xFF}}},
	{{{-5408, -3670, 5191}, 0, {10265, -4172}, {0x85, 0x00, 0xDF, 0xFF}}},
	{{{-5408, -3766, 5191}, 0, {10265, -3862}, {0x85, 0x00, 0xDF, 0xFF}}},
	{{{-5431, -3766, 5276}, 0, {10541, -3862}, {0x85, 0x00, 0xDF, 0xFF}}},
	{{{-5431, -3563, 5276}, 0, {10541, -4519}, {0x85, 0x00, 0xDF, 0xFF}}},
	{{{-5408, -3563, 5191}, 0, {10265, -4519}, {0x85, 0x00, 0xDF, 0xFF}}},
	{{{-6220, -3779, 5146}, 0, {10121, -3820}, {0x6A, 0x00, 0xB9, 0xFF}}},
	{{{-6287, -3686, 5046}, 0, {9794, -4121}, {0x7F, 0x00, 0x03, 0xFF}}},
	{{{-6220, -3686, 5146}, 0, {10121, -4121}, {0x6A, 0x00, 0xB9, 0xFF}}},
	{{{-6287, -3779, 5046}, 0, {9794, -3820}, {0x7C, 0x00, 0x19, 0xFF}}},
	{{{-6064, -3801, 4861}, 0, {9193, -3747}, {0x7D, 0x00, 0x17, 0xFF}}},
	{{{-6064, -3842, 4861}, 0, {9193, -3616}, {0x7D, 0x00, 0x16, 0xFF}}},
	{{{-6287, -3665, 4490}, 0, {7989, -4188}, {0x6D, 0x00, 0xBE, 0xFF}}},
	{{{-6287, -3737, 4490}, 0, {7989, -3954}, {0x6D, 0x00, 0xBE, 0xFF}}},
	{{{-6287, -3737, 4490}, 0, {7989, -3954}, {0x47, 0x00, 0x69, 0xFF}}},
	{{{-6013, -3827, 4304}, 0, {7387, -3663}, {0x64, 0x00, 0x4E, 0xFF}}},
	{{{-6287, -3665, 4490}, 0, {7989, -4188}, {0x47, 0x00, 0x69, 0xFF}}},
	{{{-6013, -3920, 4304}, 0, {7387, -3362}, {0x6B, 0x00, 0x44, 0xFF}}},
	{{{-5982, -3840, 4161}, 0, {6923, -3621}, {0x79, 0x00, 0xDA, 0xFF}}},
	{{{-5982, -3874, 4161}, 0, {6923, -3510}, {0x7C, 0x00, 0xE6, 0xFF}}},
	{{{-6137, -3763, 3997}, 0, {6390, -3871}, {0x63, 0x00, 0xB0, 0xFF}}},
	{{{-6137, -3856, 3997}, 0, {6390, -3571}, {0x61, 0x00, 0xAE, 0xFF}}},
	{{{-6255, -3686, 3833}, 0, {5857, -4121}, {0x67, 0x00, 0xB6, 0xFF}}},
	{{{-6255, -3817, 3833}, 0, {5857, -3696}, {0x67, 0x00, 0xB6, 0xFF}}},
	{{{-5434, -3767, 3884}, 0, {6022, -3859}, {0x9C, 0x0C, 0xB3, 0xFF}}},
	{{{-5571, -3748, 4063}, 0, {6603, -3921}, {0x83, 0x07, 0xE8, 0xFF}}},
	{{{-5411, -3671, 3877}, 0, {6002, -4170}, {0x9C, 0x0C, 0xB3, 0xFF}}},
	{{{-5571, -3798, 4063}, 0, {6603, -3757}, {0x83, 0x07, 0xED, 0xFF}}},
	{{{-5409, -3671, 4534}, 0, {8133, -4171}, {0x88, 0x00, 0x29, 0xFF}}},
	{{{-5409, -3766, 4534}, 0, {8133, -3860}, {0x88, 0x00, 0x29, 0xFF}}},
	{{{-5409, -3766, 4534}, 0, {8133, -3860}, {0x97, 0x00, 0xB9, 0xFF}}},
	{{{-5623, -3816, 4849}, 0, {9156, -3699}, {0x87, 0x00, 0xDA, 0xFF}}},
	{{{-5409, -3671, 4534}, 0, {8133, -4171}, {0x97, 0x00, 0xB9, 0xFF}}},
	{{{-5623, -3866, 4849}, 0, {9156, -3538}, {0x86, 0x00, 0xDE, 0xFF}}},
	{{{-5622, -3770, 5027}, 0, {9732, -3849}, {0x94, 0x00, 0x43, 0xFF}}},
	{{{-5622, -3865, 5027}, 0, {9732, -3539}, {0x8B, 0x00, 0x31, 0xFF}}},
	{{{-5408, -3670, 5191}, 0, {10265, -4172}, {0xB3, 0x00, 0x65, 0xFF}}},
	{{{-5408, -3766, 5191}, 0, {10265, -3862}, {0xB3, 0x00, 0x65, 0xFF}}},
	{{{-5437, -4841, 4144}, 0, {6866, -371}, {0x76, 0x00, 0xD0, 0xFF}}},
	{{{-5562, -4805, 3836}, 0, {5867, -491}, {0x76, 0x00, 0xD0, 0xFF}}},
	{{{-5562, -4681, 3836}, 0, {5867, -893}, {0x76, 0x00, 0xD0, 0xFF}}},
	{{{-5437, -4718, 4144}, 0, {6866, -773}, {0x76, 0x00, 0xD0, 0xFF}}},
	{{{-5997, -4841, 4729}, 0, {8766, -371}, {0x64, 0x36, 0x39, 0xFF}}},
	{{{-5931, -4766, 4526}, 0, {8106, -614}, {0x68, 0x32, 0x34, 0xFF}}},
	{{{-6010, -4630, 4552}, 0, {8190, -1056}, {0x65, 0x35, 0x37, 0xFF}}},
	{{{-6076, -4705, 4729}, 0, {8766, -812}, {0x61, 0x38, 0x3C, 0xFF}}},
	{{{-6235, -4705, 4259}, 0, {7242, -812}, {0xC1, 0x6C, 0x15, 0xFF}}},
	{{{-6076, -4705, 4729}, 0, {8766, -812}, {0xC1, 0x6C, 0x15, 0xFF}}},
	{{{-6010, -4630, 4552}, 0, {8190, -1056}, {0xC1, 0x6C, 0x15, 0xFF}}},
	{{{-6110, -4630, 4232}, 0, {7153, -1056}, {0xC1, 0x6C, 0x15, 0xFF}}},
	{{{-5931, -4766, 4526}, 0, {8106, -614}, {0x67, 0x42, 0xE0, 0xFF}}},
	{{{-6031, -4766, 4206}, 0, {7069, -614}, {0x67, 0x42, 0xE0, 0xFF}}},
	{{{-6110, -4630, 4232}, 0, {7153, -1056}, {0x67, 0x42, 0xE0, 0xFF}}},
	{{{-6010, -4630, 4552}, 0, {8190, -1056}, {0x67, 0x42, 0xE0, 0xFF}}},
	{{{-6156, -4841, 4234}, 0, {7157, -371}, {0x98, 0xC0, 0x22, 0xFF}}},
	{{{-5997, -4841, 4729}, 0, {8766, -371}, {0x98, 0xC0, 0x22, 0xFF}}},
	{{{-6076, -4705, 4729}, 0, {8766, -812}, {0x98, 0xC0, 0x22, 0xFF}}},
	{{{-6235, -4705, 4259}, 0, {7242, -812}, {0x98, 0xC0, 0x22, 0xFF}}},
	{{{-6156, -4841, 4234}, 0, {7157, -371}, {0xE2, 0x06, 0x85, 0xFF}}},
	{{{-6235, -4705, 4259}, 0, {7242, -812}, {0xE2, 0x06, 0x85, 0xFF}}},
	{{{-6110, -4630, 4232}, 0, {7153, -1056}, {0xE2, 0x06, 0x85, 0xFF}}},
	{{{-6031, -4766, 4206}, 0, {7069, -614}, {0xE2, 0x06, 0x85, 0xFF}}},
	{{{-5437, -4718, 4144}, 0, {6866, -773}, {0x53, 0x5D, 0xEA, 0xFF}}},
	{{{-5562, -4681, 3836}, 0, {5867, -893}, {0x53, 0x5D, 0xEA, 0xFF}}},
	{{{-5590, -4649, 3849}, 0, {5910, -996}, {0x53, 0x5D, 0xEA, 0xFF}}},
	{{{-5463, -4697, 4144}, 0, {6866, -840}, {0x53, 0x5D, 0xEA, 0xFF}}},
	{{{-5562, -4805, 3836}, 0, {5867, -491}, {0xBB, 0xFD, 0x96, 0xFF}}},
	{{{-5671, -4771, 3909}, 0, {6105, -600}, {0xB8, 0xFC, 0x97, 0xFF}}},
	{{{-5590, -4649, 3849}, 0, {5910, -996}, {0xBF, 0xFE, 0x93, 0xFF}}},
	{{{-5562, -4681, 3836}, 0, {5867, -893}, {0xCA, 0x00, 0x8D, 0xFF}}},
	{{{-5549, -4783, 4152}, 0, {6892, -561}, {0x08, 0x01, 0x7F, 0xFF}}},
	{{{-5437, -4841, 4144}, 0, {6866, -371}, {0x09, 0x00, 0x7F, 0xFF}}},
	{{{-5437, -4718, 4144}, 0, {6866, -773}, {0x07, 0x04, 0x7F, 0xFF}}},
	{{{-5463, -4697, 4144}, 0, {6866, -840}, {0x05, 0x07, 0x7F, 0xFF}}},
	{{{-5671, -4771, 3909}, 0, {6105, -600}, {0xAC, 0x53, 0x30, 0xFF}}},
	{{{-5549, -4783, 4152}, 0, {6892, -561}, {0xAC, 0x53, 0x30, 0xFF}}},
	{{{-5463, -4697, 4144}, 0, {6866, -840}, {0xAC, 0x53, 0x30, 0xFF}}},
	{{{-5590, -4649, 3849}, 0, {5910, -996}, {0xAC, 0x53, 0x30, 0xFF}}},
	{{{-2790, -3620, -343}, 0, {-7696, -4336}, {0x81, 0x00, 0x00, 0xFF}}},
	{{{-2790, -2679, -343}, 0, {-7696, -7390}, {0x81, 0x00, 0x00, 0xFF}}},
	{{{-2790, -2714, -537}, 0, {-8325, -7277}, {0x81, 0x00, 0x00, 0xFF}}},
	{{{-2790, -3620, -537}, 0, {-8325, -4336}, {0x81, 0x00, 0x00, 0xFF}}},
	{{{-2790, -2679, -343}, 0, {-7696, -7390}, {0xFD, 0x83, 0x14, 0xFF}}},
	{{{-3915, -2679, -343}, 0, {-7696, -7390}, {0x00, 0x81, 0x00, 0xFF}}},
	{{{-3915, -2679, -537}, 0, {-8325, -7390}, {0x00, 0x81, 0x02, 0xFF}}},
	{{{-2790, -2714, -537}, 0, {-8325, -7277}, {0xFC, 0x83, 0x17, 0xFF}}},
	{{{-3915, -2679, -537}, 0, {-8325, -7390}, {0x5C, 0xAD, 0x19, 0xFF}}},
	{{{-3915, -3620, -537}, 0, {-8325, -4336}, {0x7C, 0x00, 0x1C, 0xFF}}},
	{{{-3806, -3374, -1020}, 0, {-9894, -5134}, {0x7C, 0x00, 0x1C, 0xFF}}},
	{{{-3806, -2758, -1020}, 0, {-9894, -7135}, {0x5D, 0xB1, 0x22, 0xFF}}},
	{{{-3696, -3151, -1503}, 0, {-11462, -5858}, {0x74, 0x00, 0x33, 0xFF}}},
	{{{-3696, -2836, -1503}, 0, {-11462, -6879}, {0x4F, 0xB5, 0x42, 0xFF}}},
	{{{-3508, -3123, -1736}, 0, {-12218, -5947}, {0x15, 0xD5, 0x76, 0xFF}}},
	{{{-3372, -2834, -1541}, 0, {-11586, -6886}, {0xE5, 0x98, 0x44, 0xFF}}},
	{{{-3083, -2923, -1504}, 0, {-11464, -6597}, {0x9C, 0xBA, 0x25, 0xFF}}},
	{{{-3083, -3155, -1504}, 0, {-11464, -5845}, {0x86, 0x00, 0x23, 0xFF}}},
	{{{-3196, -2993, -1133}, 0, {-10262, -6371}, {0x8C, 0xD1, 0x18, 0xFF}}},
	{{{-3196, -3320, -1133}, 0, {-10262, -5311}, {0x86, 0x00, 0x23, 0xFF}}},
	{{{-2993, -2993, -835}, 0, {-9293, -6371}, {0x9F, 0xE8, 0x4E, 0xFF}}},
	{{{-2993, -3511, -835}, 0, {-9293, -4689}, {0x97, 0x00, 0x47, 0xFF}}},
	{{{-2790, -2714, -537}, 0, {-8325, -7277}, {0xAC, 0xC1, 0x48, 0xFF}}},
	{{{-2790, -3620, -537}, 0, {-8325, -4336}, {0x97, 0x00, 0x47, 0xFF}}},
	{{{-3338, -2660, -927}, 0, {-9594, -7453}, {0xDE, 0x8A, 0x1F, 0xFF}}},
	{{{-3196, -2993, -1133}, 0, {-10262, -6371}, {0x8C, 0xD1, 0x18, 0xFF}}},
	{{{-8885, -884, 3721}, 0, {5495, -13215}, {0x00, 0x8A, 0xD2, 0xFF}}},
	{{{-8885, -884, 1776}, 0, {-820, -13215}, {0x00, 0x8A, 0x2E, 0xFF}}},
	{{{-8397, -884, 1776}, 0, {-820, -13215}, {0x00, 0x8A, 0x2E, 0xFF}}},
	{{{-8397, -884, 3721}, 0, {5495, -13215}, {0x00, 0x8A, 0xD2, 0xFF}}},
	{{{-2844, -1865, -44}, 0, {-6726, -10033}, {0x81, 0x00, 0x00, 0xFF}}},
	{{{-2844, -682, 838}, 0, {-3863, -13871}, {0x81, 0x00, 0x00, 0xFF}}},
	{{{-2844, -356, 838}, 0, {-3863, -14931}, {0x81, 0x00, 0x00, 0xFF}}},
	{{{-2844, -356, -44}, 0, {-6726, -14931}, {0x81, 0x00, 0x00, 0xFF}}},
	{{{-6649, -1877, -55}, 0, {-6762, -9992}, {0x81, 0x00, 0x00, 0xFF}}},
	{{{-6649, -669, 821}, 0, {-3917, -13912}, {0x81, 0x00, 0x00, 0xFF}}},
	{{{-6649, -356, 821}, 0, {-3917, -14931}, {0x81, 0x00, 0x00, 0xFF}}},
	{{{-6649, -356, -55}, 0, {-6762, -14931}, {0x81, 0x00, 0x00, 0xFF}}},
	{{{-3850, -682, 838}, 0, {-3863, -13871}, {0x7F, 0x00, 0x00, 0xFF}}},
	{{{-3850, -1865, -44}, 0, {-6726, -10033}, {0x7F, 0x00, 0x00, 0xFF}}},
	{{{-3850, -356, -44}, 0, {-6726, -14931}, {0x7F, 0x00, 0x00, 0xFF}}},
	{{{-3850, -356, 838}, 0, {-3863, -14931}, {0x7F, 0x00, 0x00, 0xFF}}},
	{{{-4850, -1865, -44}, 0, {-6726, -10033}, {0x81, 0x00, 0x00, 0xFF}}},
	{{{-4850, -682, 838}, 0, {-3863, -13871}, {0x81, 0x00, 0x00, 0xFF}}},
	{{{-4850, -356, 838}, 0, {-3863, -14931}, {0x81, 0x00, 0x00, 0xFF}}},
	{{{-4850, -356, -44}, 0, {-6726, -14931}, {0x81, 0x00, 0x00, 0xFF}}},
	{{{-2844, -682, 4659}, 0, {8538, -13871}, {0x81, 0x00, 0x00, 0xFF}}},
	{{{-2844, -1865, 5541}, 0, {11401, -10033}, {0x81, 0x00, 0x00, 0xFF}}},
	{{{-2844, -356, 5541}, 0, {11401, -14931}, {0x81, 0x00, 0x00, 0xFF}}},
	{{{-2844, -356, 4659}, 0, {8538, -14931}, {0x81, 0x00, 0x00, 0xFF}}},
	{{{-4850, -682, 4659}, 0, {8538, -13871}, {0x81, 0x00, 0x00, 0xFF}}},
	{{{-4850, -1865, 5541}, 0, {11401, -10033}, {0x81, 0x00, 0x00, 0xFF}}},
	{{{-4850, -356, 5541}, 0, {11401, -14931}, {0x81, 0x00, 0x00, 0xFF}}},
	{{{-4850, -356, 4659}, 0, {8538, -14931}, {0x81, 0x00, 0x00, 0xFF}}},
	{{{-3850, -1865, 5541}, 0, {11401, -10033}, {0x7F, 0x00, 0x00, 0xFF}}},
	{{{-3850, -682, 4659}, 0, {8538, -13871}, {0x7F, 0x00, 0x00, 0xFF}}},
	{{{-3850, -356, 4659}, 0, {8538, -14931}, {0x7F, 0x00, 0x00, 0xFF}}},
	{{{-3850, -356, 5541}, 0, {11401, -14931}, {0x7F, 0x00, 0x00, 0xFF}}},
	{{{-6649, -669, 4676}, 0, {8592, -13912}, {0x81, 0x00, 0x00, 0xFF}}},
	{{{-6649, -1877, 5552}, 0, {11437, -9992}, {0x81, 0x00, 0x00, 0xFF}}},
	{{{-6649, -356, 5552}, 0, {11437, -14931}, {0x81, 0x00, 0x00, 0xFF}}},
	{{{-6649, -356, 4676}, 0, {8592, -14931}, {0x81, 0x00, 0x00, 0xFF}}},
	{{{-5649, -1865, 5541}, 0, {11401, -10033}, {0x7F, 0x00, 0x00, 0xFF}}},
	{{{-5649, -682, 4659}, 0, {8538, -13871}, {0x7F, 0x00, 0x00, 0xFF}}},
	{{{-5649, -356, 4659}, 0, {8538, -14931}, {0x7F, 0x00, 0x00, 0xFF}}},
	{{{-5649, -356, 5541}, 0, {11401, -14931}, {0x7F, 0x00, 0x00, 0xFF}}},
	{{{-5649, -682, 838}, 0, {-3863, -13871}, {0x7F, 0x00, 0x00, 0xFF}}},
	{{{-5649, -1865, -44}, 0, {-6726, -10033}, {0x7F, 0x00, 0x00, 0xFF}}},
	{{{-5649, -356, -44}, 0, {-6726, -14931}, {0x7F, 0x00, 0x00, 0xFF}}},
	{{{-5649, -356, 838}, 0, {-3863, -14931}, {0x7F, 0x00, 0x00, 0xFF}}},
	{{{-7897, -1864, 5639}, 0, {11720, -10036}, {0x7F, 0x00, 0x00, 0xFF}}},
	{{{-7898, -683, 4658}, 0, {8536, -13868}, {0x7F, 0x00, 0x00, 0xFF}}},
	{{{-7898, -356, 4658}, 0, {8536, -14931}, {0x7F, 0x00, 0x00, 0xFF}}},
	{{{-7897, -356, 5639}, 0, {11720, -14931}, {0x7F, 0x00, 0x00, 0xFF}}},
	{{{-7898, -683, 839}, 0, {-3861, -13868}, {0x7F, 0x00, 0x00, 0xFF}}},
	{{{-7897, -1864, -142}, 0, {-7045, -10036}, {0x7F, 0x00, 0x00, 0xFF}}},
	{{{-7897, -356, -142}, 0, {-7045, -14931}, {0x7F, 0x00, 0x00, 0xFF}}},
	{{{-7898, -356, 839}, 0, {-3861, -14931}, {0x7F, 0x00, 0x00, 0xFF}}},
	{{{2682, -6264, -888}, 0, {-9465, 4247}, {0x6E, 0x17, 0xC4, 0xFF}}},
	{{{2596, -6623, -1181}, 0, {-10417, 5412}, {0x5B, 0xA8, 0x0C, 0xFF}}},
	{{{2532, -6622, -1299}, 0, {-10800, 5410}, {0x27, 0x89, 0xEA, 0xFF}}},
	{{{2271, -6589, -1145}, 0, {-10298, 5301}, {0x00, 0xA3, 0x56, 0xFF}}},
	{{{2271, -6264, -888}, 0, {-9465, 4247}, {0x01, 0xB0, 0x63, 0xFF}}},
	{{{2682, -6264, -888}, 0, {-9465, 4247}, {0x00, 0xB0, 0x62, 0xFF}}},
	{{{2294, -6622, -1299}, 0, {-10800, 5410}, {0xBC, 0xAD, 0xBC, 0xFF}}},
	{{{2532, -6622, -1299}, 0, {-10800, 5410}, {0x00, 0x84, 0x1B, 0xFF}}},
	{{{2271, -6589, -1145}, 0, {-10298, 5301}, {0x85, 0xE5, 0xF3, 0xFF}}},
	{{{2271, -6264, -888}, 0, {-9465, 4247}, {0x81, 0xFD, 0xFB, 0xFF}}},
	{{{2271, -6264, -1299}, 0, {-10800, 4247}, {0xA5, 0xFA, 0xA8, 0xFF}}},
	{{{2682, -6264, -1299}, 0, {-10800, 4247}, {0x5E, 0xD9, 0xB4, 0xFF}}},
	{{{2532, -6622, -1299}, 0, {-10800, 5410}, {0x2D, 0xED, 0x8B, 0xFF}}},
	{{{2682, -6264, -888}, 0, {-9465, 4247}, {0x75, 0xCF, 0x00, 0xFF}}},
	{{{4473, -2500, -327}, 0, {-7644, -8092}, {0xA6, 0x00, 0xA6, 0xFF}}},
	{{{4473, -2500, 85}, 0, {-6309, -8092}, {0xA6, 0x00, 0x5A, 0xFF}}},
	{{{4473, -968, 85}, 0, {3608, -5620}, {0xA6, 0x00, 0x5A, 0xFF}}},
	{{{4473, -968, -327}, 0, {5111, -5620}, {0xA6, 0x00, 0xA6, 0xFF}}},
	{{{4884, -2500, -327}, 0, {14518, -8092}, {0x5A, 0x00, 0xA6, 0xFF}}},
	{{{4473, -2500, -327}, 0, {13183, -8092}, {0xA6, 0x00, 0xA6, 0xFF}}},
	{{{4884, -968, -327}, 0, {5111, -5620}, {0x5A, 0x00, 0xA6, 0xFF}}},
	{{{4884, -2500, 85}, 0, {-6309, -8092}, {0x5A, 0x00, 0x5A, 0xFF}}},
	{{{4884, -2500, -327}, 0, {-7644, -8092}, {0x5A, 0x00, 0xA6, 0xFF}}},
	{{{4884, -968, 85}, 0, {3608, -5620}, {0x5A, 0x00, 0x5A, 0xFF}}},
	{{{4473, -2500, 85}, 0, {13183, -8092}, {0xA6, 0x00, 0x5A, 0xFF}}},
	{{{4884, -2500, 85}, 0, {14518, -8092}, {0x5A, 0x00, 0x5A, 0xFF}}},
	{{{4884, -968, 85}, 0, {3608, -5620}, {0x5A, 0x00, 0x5A, 0xFF}}},
	{{{4473, -968, 85}, 0, {3608, -5620}, {0xA6, 0x00, 0x5A, 0xFF}}},
	{{{-2790, -2679, 7191}, 0, {16758, -7390}, {0x86, 0xDB, 0x00, 0xFF}}},
	{{{-2790, -2679, 6031}, 0, {12993, -7390}, {0x86, 0xDB, 0x00, 0xFF}}},
	{{{-2629, -3212, 6370}, 0, {14092, -5659}, {0x86, 0xDB, 0x00, 0xFF}}},
	{{{-2629, -3212, 6853}, 0, {15659, -5659}, {0x86, 0xDB, 0x00, 0xFF}}},
	{{{-2391, -3212, 6853}, 0, {15659, -5659}, {0x00, 0x81, 0x00, 0xFF}}},
	{{{-2391, -3212, 6370}, 0, {14092, -5659}, {0x00, 0x81, 0x00, 0xFF}}},
	{{{-2211, -3212, 6370}, 0, {14092, -5659}, {0x00, 0x81, 0x00, 0xFF}}},
	{{{-2211, -3212, 6853}, 0, {15659, -5659}, {0x00, 0x81, 0x00, 0xFF}}},
	{{{-2050, -3620, 6031}, 0, {12993, -4336}, {0x7F, 0x00, 0x00, 0xFF}}},
	{{{-2050, -3620, 7191}, 0, {16758, -4336}, {0x7F, 0x00, 0x00, 0xFF}}},
	{{{-2050, -4125, 7191}, 0, {16758, -2695}, {0x7F, 0x00, 0x00, 0xFF}}},
	{{{-2050, -4125, 6031}, 0, {12993, -2695}, {0x7F, 0x00, 0x00, 0xFF}}},
	{{{-32, -3620, 7191}, 0, {16758, -4336}, {0x81, 0x00, 0x00, 0xFF}}},
	{{{-32, -4125, 6031}, 0, {12993, -2695}, {0x81, 0x00, 0x00, 0xFF}}},
	{{{-32, -4125, 7191}, 0, {16758, -2695}, {0x81, 0x00, 0x00, 0xFF}}},
	{{{-32, -3620, 6031}, 0, {12993, -4336}, {0x81, 0x00, 0x00, 0xFF}}},
	{{{-32, -3204, 6611}, 0, {14875, -4938}, {0x81, 0x00, 0x00, 0xFF}}},
	{{{-32, -3112, 6911}, 0, {15848, -5237}, {0x81, 0x00, 0x00, 0xFF}}},
	{{{-32, -3112, 6312}, 0, {13902, -5237}, {0x81, 0x00, 0x00, 0xFF}}},
	{{{-2050, -2679, 6031}, 0, {12993, -7390}, {0x7A, 0xDB, 0x00, 0xFF}}},
	{{{-2050, -2679, 7191}, 0, {16758, -7390}, {0x7A, 0xDB, 0x00, 0xFF}}},
	{{{-2211, -3212, 6853}, 0, {15659, -5659}, {0x7A, 0xDB, 0x00, 0xFF}}},
	{{{-2211, -3212, 6370}, 0, {14092, -5659}, {0x7A, 0xDB, 0x00, 0xFF}}},
	{{{-2790, -2679, 6031}, 0, {12993, -7390}, {0x8D, 0x00, 0x37, 0xFF}}},
	{{{-2790, -3620, 6031}, 0, {12993, -4336}, {0x8D, 0x00, 0x37, 0xFF}}},
	{{{-2629, -3620, 6370}, 0, {14092, -4336}, {0x8D, 0x00, 0x37, 0xFF}}},
	{{{-2629, -3212, 6370}, 0, {14092, -5659}, {0x8D, 0x00, 0x37, 0xFF}}},
	{{{-2629, -3212, 6853}, 0, {15659, -5659}, {0x00, 0x81, 0x00, 0xFF}}},
	{{{-2629, -3212, 6370}, 0, {14092, -5659}, {0x00, 0x81, 0x00, 0xFF}}},
	{{{-2449, -3212, 6370}, 0, {14092, -5659}, {0x00, 0x81, 0x00, 0xFF}}},
	{{{-2449, -3212, 6853}, 0, {15659, -5659}, {0x00, 0x81, 0x00, 0xFF}}},
	{{{-2449, -3312, 6782}, 0, {15428, -5335}, {0x00, 0x81, 0x00, 0xFF}}},
	{{{-2449, -3312, 6441}, 0, {14322, -5335}, {0x00, 0x81, 0x00, 0xFF}}},
	{{{-2391, -3312, 6441}, 0, {14322, -5335}, {0x00, 0x81, 0x00, 0xFF}}},
	{{{-2391, -3312, 6782}, 0, {15428, -5335}, {0x00, 0x81, 0x00, 0xFF}}},
	{{{-2449, -3212, 6853}, 0, {15659, -5659}, {0x81, 0x00, 0x00, 0xFF}}},
	{{{-2449, -3212, 6370}, 0, {14092, -5659}, {0x81, 0x00, 0x00, 0xFF}}},
	{{{-2449, -3312, 6441}, 0, {14322, -5335}, {0x81, 0x00, 0x00, 0xFF}}},
	{{{-2449, -3312, 6782}, 0, {15428, -5335}, {0x81, 0x00, 0x00, 0xFF}}},
	{{{-2391, -3212, 6370}, 0, {14092, -5659}, {0x7F, 0x00, 0x00, 0xFF}}},
	{{{-2391, -3212, 6853}, 0, {15659, -5659}, {0x7F, 0x00, 0x00, 0xFF}}},
	{{{-2391, -3312, 6782}, 0, {15428, -5335}, {0x7F, 0x00, 0x00, 0xFF}}},
	{{{-2391, -3312, 6441}, 0, {14322, -5335}, {0x7F, 0x00, 0x00, 0xFF}}},
	{{{-1331, -4125, 6752}, 0, {15332, -2695}, {0x7E, 0x0D, 0x00, 0xFF}}},
	{{{-1331, -4125, 6552}, 0, {14683, -2695}, {0x7E, 0x0D, 0x00, 0xFF}}},
	{{{-1372, -3718, 6594}, 0, {14818, -4018}, {0x7E, 0x0D, 0x00, 0xFF}}},
	{{{-1372, -3718, 6711}, 0, {15198, -4018}, {0x7E, 0x0D, 0x00, 0xFF}}},
	{{{-32, -3204, 6611}, 0, {14875, -4938}, {0xDD, 0x86, 0x00, 0xFF}}},
	{{{-32, -3112, 6911}, 0, {15848, -5237}, {0xE3, 0x8A, 0x24, 0xFF}}},
	{{{-283, -3087, 6789}, 0, {15452, -5319}, {0xDD, 0x89, 0x1C, 0xFF}}},
	{{{-384, -3087, 6611}, 0, {14875, -5319}, {0xD8, 0x88, 0x00, 0xFF}}},
	{{{-283, -3087, 6434}, 0, {14298, -5319}, {0xDD, 0x89, 0xE4, 0xFF}}},
	{{{-32, -3112, 6312}, 0, {13902, -5237}, {0xE3, 0x8A, 0xDC, 0xFF}}},
	{{{-384, -3087, 6611}, 0, {14875, -5319}, {0x81, 0x00, 0x00, 0xFF}}},
	{{{-283, -3005, 6434}, 0, {14298, -5586}, {0xA9, 0x00, 0xA3, 0xFF}}},
	{{{-283, -3087, 6434}, 0, {14298, -5319}, {0xAA, 0x00, 0xA3, 0xFF}}},
	{{{-384, -3005, 6611}, 0, {14875, -5586}, {0x81, 0x00, 0x00, 0xFF}}},
	{{{-283, -3087, 6789}, 0, {15452, -5319}, {0xAA, 0x00, 0x5D, 0xFF}}},
	{{{-283, -3005, 6789}, 0, {15452, -5586}, {0xA9, 0x00, 0x5D, 0xFF}}},
	{{{-2050, -2679, 7191}, 0, {16758, -7390}, {0x7F, 0x00, 0x00, 0xFF}}},
	{{{-2050, -2679, 6031}, 0, {12993, -7390}, {0x7F, 0x00, 0x00, 0xFF}}},
	{{{-2050, -1009, 6031}, 0, {12993, -12810}, {0x7F, 0x00, 0x00, 0xFF}}},
	{{{-2050, -1009, 7191}, 0, {16758, -12810}, {0x7F, 0x00, 0x00, 0xFF}}},
	{{{-1372, -3718, 6711}, 0, {15198, -4018}, {0x23, 0x86, 0x00, 0xFF}}},
	{{{-1372, -3718, 6594}, 0, {14818, -4018}, {0x23, 0x86, 0x00, 0xFF}}},
	{{{-1237, -3679, 6458}, 0, {14378, -4145}, {0x23, 0x86, 0x00, 0xFF}}},
	{{{-1237, -3679, 6846}, 0, {15638, -4145}, {0x23, 0x86, 0x00, 0xFF}}},
	{{{-1531, -4125, 6552}, 0, {14683, -2695}, {0x82, 0x0D, 0x00, 0xFF}}},
	{{{-1531, -4125, 6752}, 0, {15332, -2695}, {0x82, 0x0D, 0x00, 0xFF}}},
	{{{-1490, -3718, 6711}, 0, {15198, -4018}, {0x82, 0x0D, 0x00, 0xFF}}},
	{{{-1490, -3718, 6594}, 0, {14818, -4018}, {0x82, 0x0D, 0x00, 0xFF}}},
	{{{-847, -4125, 6301}, 0, {13868, -2695}, {0x81, 0x09, 0x00, 0xFF}}},
	{{{-847, -4125, 6501}, 0, {14517, -2695}, {0x81, 0x09, 0x00, 0xFF}}},
	{{{-806, -3568, 6460}, 0, {14383, -4503}, {0x81, 0x09, 0x00, 0xFF}}},
	{{{-806, -3568, 6342}, 0, {14002, -4503}, {0x81, 0x09, 0x00, 0xFF}}},
	{{{-647, -4125, 6501}, 0, {14517, -2695}, {0x7F, 0x09, 0x00, 0xFF}}},
	{{{-647, -4125, 6301}, 0, {13868, -2695}, {0x7F, 0x09, 0x00, 0xFF}}},
	{{{-688, -3568, 6342}, 0, {14002, -4503}, {0x7F, 0x09, 0x00, 0xFF}}},
	{{{-688, -3568, 6460}, 0, {14383, -4503}, {0x7F, 0x09, 0x00, 0xFF}}},
	{{{-1490, -3718, 6594}, 0, {14818, -4018}, {0xDD, 0x86, 0x00, 0xFF}}},
	{{{-1490, -3718, 6711}, 0, {15198, -4018}, {0xDD, 0x86, 0x00, 0xFF}}},
	{{{-1625, -3679, 6846}, 0, {15638, -4145}, {0xDD, 0x86, 0x00, 0xFF}}},
	{{{-1625, -3679, 6458}, 0, {14378, -4145}, {0xDD, 0x86, 0x00, 0xFF}}},
	{{{-1237, -3679, 6846}, 0, {15638, -4145}, {0x7F, 0x00, 0x00, 0xFF}}},
	{{{-1237, -3679, 6458}, 0, {14378, -4145}, {0x7F, 0x00, 0x00, 0xFF}}},
	{{{-1237, -3638, 6458}, 0, {14378, -4278}, {0x7F, 0x00, 0x00, 0xFF}}},
	{{{-1237, -3638, 6846}, 0, {15638, -4278}, {0x7F, 0x00, 0x00, 0xFF}}},
	{{{-1625, -3679, 6458}, 0, {14378, -4145}, {0x81, 0x00, 0x00, 0xFF}}},
	{{{-1625, -3679, 6846}, 0, {15638, -4145}, {0x81, 0x00, 0x00, 0xFF}}},
	{{{-1625, -3638, 6846}, 0, {15638, -4278}, {0x81, 0x00, 0x00, 0xFF}}},
	{{{-1625, -3638, 6458}, 0, {14378, -4278}, {0x81, 0x00, 0x00, 0xFF}}},
	{{{-688, -3568, 6460}, 0, {14383, -4503}, {0x23, 0x86, 0x00, 0xFF}}},
	{{{-688, -3568, 6342}, 0, {14002, -4503}, {0x23, 0x86, 0x00, 0xFF}}},
	{{{-553, -3529, 6207}, 0, {13563, -4631}, {0x23, 0x86, 0x00, 0xFF}}},
	{{{-553, -3529, 6595}, 0, {14822, -4631}, {0x23, 0x86, 0x00, 0xFF}}},
	{{{-806, -3568, 6342}, 0, {14002, -4503}, {0xDD, 0x86, 0x00, 0xFF}}},
	{{{-806, -3568, 6460}, 0, {14383, -4503}, {0xDD, 0x86, 0x00, 0xFF}}},
	{{{-941, -3529, 6595}, 0, {14822, -4631}, {0xDD, 0x86, 0x00, 0xFF}}},
	{{{-941, -3529, 6207}, 0, {13563, -4631}, {0xDD, 0x86, 0x00, 0xFF}}},
	{{{-941, -3529, 6207}, 0, {13563, -4631}, {0x81, 0x00, 0x00, 0xFF}}},
	{{{-941, -3529, 6595}, 0, {14822, -4631}, {0x81, 0x00, 0x00, 0xFF}}},
	{{{-941, -3488, 6595}, 0, {14822, -4764}, {0x81, 0x00, 0x00, 0xFF}}},
	{{{-941, -3488, 6207}, 0, {13563, -4764}, {0x81, 0x00, 0x00, 0xFF}}},
	{{{-553, -3529, 6595}, 0, {14822, -4631}, {0x7F, 0x00, 0x00, 0xFF}}},
	{{{-553, -3529, 6207}, 0, {13563, -4631}, {0x7F, 0x00, 0x00, 0xFF}}},
	{{{-553, -3488, 6207}, 0, {13563, -4764}, {0x7F, 0x00, 0x00, 0xFF}}},
	{{{-553, -3488, 6595}, 0, {14822, -4764}, {0x7F, 0x00, 0x00, 0xFF}}},
	{{{7807, -4736, 7026}, 0, {16221, -712}, {0xC8, 0x0E, 0x8F, 0xFF}}},
	{{{7807, -4736, 6198}, 0, {13532, -712}, {0xC7, 0x0D, 0x71, 0xFF}}},
	{{{7807, -5002, 6198}, 0, {13532, 151}, {0xD3, 0xB4, 0x5B, 0xFF}}},
	{{{7807, -5002, 7026}, 0, {16221, 151}, {0xD3, 0xB4, 0xA5, 0xFF}}},
	{{{-3446, -8069, -3101}, 0, {-16648, 10105}, {0x67, 0x00, 0x4A, 0xFF}}},
	{{{-3446, -9301, -3101}, 0, {-16648, 14104}, {0x67, 0x00, 0x4A, 0xFF}}},
	{{{-3251, -9301, -3375}, 0, {-17538, 14104}, {0x67, 0x00, 0x4A, 0xFF}}},
	{{{-3251, -8699, -3375}, 0, {-17538, 12148}, {0x67, 0x00, 0x4A, 0xFF}}},
	{{{-2504, -8069, -3101}, 0, {-16648, 10105}, {0x00, 0xCD, 0x74, 0xFF}}},
	{{{-3446, -8069, -3101}, 0, {-16648, 10105}, {0x00, 0xCD, 0x74, 0xFF}}},
	{{{-3251, -8699, -3375}, 0, {-17538, 12148}, {0x00, 0xCD, 0x74, 0xFF}}},
	{{{-2699, -8699, -3375}, 0, {-17538, 12148}, {0x00, 0xCD, 0x74, 0xFF}}},
	{{{-2810, -9301, -3375}, 0, {-17538, 14104}, {0x81, 0x00, 0x00, 0xFF}}},
	{{{-2810, -8941, -3375}, 0, {-17538, 12935}, {0x81, 0x00, 0x00, 0xFF}}},
	{{{-2810, -8941, -3450}, 0, {-17781, 12935}, {0x81, 0x00, 0x00, 0xFF}}},
	{{{-2810, -9301, -3450}, 0, {-17781, 14104}, {0x81, 0x00, 0x00, 0xFF}}},
	{{{-2699, -9301, -3375}, 0, {-17538, 14104}, {0x00, 0x67, 0x4A, 0xFF}}},
	{{{-2810, -8941, -3375}, 0, {-17538, 12935}, {0x00, 0x00, 0x7F, 0xFF}}},
	{{{-2810, -9301, -3375}, 0, {-17538, 14104}, {0x00, 0x78, 0x28, 0xFF}}},
	{{{-2699, -8699, -3375}, 0, {-17538, 12148}, {0x00, 0x00, 0x7F, 0xFF}}},
	{{{-3140, -8941, -3375}, 0, {-17538, 12935}, {0x00, 0x00, 0x7F, 0xFF}}},
	{{{-3251, -8699, -3375}, 0, {-17538, 12148}, {0x00, 0x00, 0x7F, 0xFF}}},
	{{{-3140, -9301, -3375}, 0, {-17538, 14104}, {0x00, 0x78, 0x28, 0xFF}}},
	{{{-3251, -9301, -3375}, 0, {-17538, 14104}, {0x00, 0x67, 0x4A, 0xFF}}},
	{{{-3140, -8941, -3375}, 0, {-17538, 12935}, {0x7F, 0x00, 0x00, 0xFF}}},
	{{{-3140, -9301, -3375}, 0, {-17538, 14104}, {0x7F, 0x00, 0x00, 0xFF}}},
	{{{-3140, -9301, -3450}, 0, {-17781, 14104}, {0x7F, 0x00, 0x00, 0xFF}}},
	{{{-3140, -8941, -3450}, 0, {-17781, 12935}, {0x7F, 0x00, 0x00, 0xFF}}},
	{{{-2810, -8941, -3375}, 0, {-17538, 12935}, {0x00, 0x81, 0x00, 0xFF}}},
	{{{-3140, -8941, -3375}, 0, {-17538, 12935}, {0x00, 0x81, 0x00, 0xFF}}},
	{{{-3140, -8941, -3450}, 0, {-17781, 12935}, {0x00, 0x81, 0x00, 0xFF}}},
	{{{-2810, -8941, -3450}, 0, {-17781, 12935}, {0x00, 0x81, 0x00, 0xFF}}},
	{{{-2705, -9301, -3450}, 0, {-17781, 14104}, {0x81, 0x00, 0x00, 0xFF}}},
	{{{-2705, -8712, -3450}, 0, {-17781, 12191}, {0x81, 0x00, 0x00, 0xFF}}},
	{{{-2705, -8712, -3987}, 0, {-19524, 12191}, {0x81, 0x00, 0x00, 0xFF}}},
	{{{-2705, -9301, -3987}, 0, {-19524, 14104}, {0x81, 0x00, 0x00, 0xFF}}},
	{{{-2810, -9301, -3450}, 0, {-17781, 14104}, {0x00, 0x78, 0xD8, 0xFF}}},
	{{{-2705, -8712, -3450}, 0, {-17781, 12191}, {0x00, 0x00, 0x81, 0xFF}}},
	{{{-2705, -9301, -3450}, 0, {-17781, 14104}, {0x00, 0x5A, 0xA6, 0xFF}}},
	{{{-2810, -8941, -3450}, 0, {-17781, 12935}, {0x00, 0x00, 0x81, 0xFF}}},
	{{{-3245, -8712, -3450}, 0, {-17781, 12191}, {0x00, 0x00, 0x81, 0xFF}}},
	{{{-3140, -8941, -3450}, 0, {-17781, 12935}, {0x00, 0x00, 0x81, 0xFF}}},
	{{{-3245, -9301, -3450}, 0, {-17781, 14104}, {0x00, 0x5A, 0xA6, 0xFF}}},
	{{{-3140, -9301, -3450}, 0, {-17781, 14104}, {0x00, 0x78, 0xD8, 0xFF}}},
	{{{-3245, -8712, -3450}, 0, {-17781, 12191}, {0x7F, 0x00, 0x00, 0xFF}}},
	{{{-3245, -9301, -3450}, 0, {-17781, 14104}, {0x7F, 0x00, 0x00, 0xFF}}},
	{{{-3245, -9301, -3987}, 0, {-19524, 14104}, {0x7F, 0x00, 0x00, 0xFF}}},
	{{{-3245, -8712, -3987}, 0, {-19524, 12191}, {0x7F, 0x00, 0x00, 0xFF}}},
	{{{-2705, -8712, -3450}, 0, {-17781, 12191}, {0x00, 0x81, 0x00, 0xFF}}},
	{{{-3245, -8712, -3450}, 0, {-17781, 12191}, {0x00, 0x81, 0x00, 0xFF}}},
	{{{-3245, -8712, -3987}, 0, {-19524, 12191}, {0x00, 0x81, 0x00, 0xFF}}},
	{{{-2705, -8712, -3987}, 0, {-19524, 12191}, {0x00, 0x81, 0x00, 0xFF}}},
	{{{8859, -2877, 5091}, 0, {9939, -7083}, {0x6C, 0x00, 0xBD, 0xFF}}},
	{{{8702, -2877, 4840}, 0, {9126, -7083}, {0x6C, 0x00, 0xBD, 0xFF}}},
	{{{8702, -2021, 4840}, 0, {9126, -9526}, {0x6C, 0x00, 0xBD, 0xFF}}},
	{{{8859, -2303, 5091}, 0, {9939, -8609}, {0x6C, 0x00, 0xBD, 0xFF}}},
	{{{8702, -2877, 5481}, 0, {11206, -7083}, {0x6C, 0x00, 0x43, 0xFF}}},
	{{{8859, -2877, 5230}, 0, {10393, -7083}, {0x6C, 0x00, 0x43, 0xFF}}},
	{{{8859, -2303, 5230}, 0, {10393, -8609}, {0x6C, 0x00, 0x43, 0xFF}}},
	{{{8702, -2021, 5481}, 0, {11206, -9526}, {0x6C, 0x00, 0x43, 0xFF}}},
	{{{8859, -2877, 5091}, 0, {9939, -7083}, {0x00, 0x66, 0xB5, 0xFF}}},
	{{{8859, -2303, 5091}, 0, {9939, -8609}, {0x00, 0x00, 0x81, 0xFF}}},
	{{{8923, -2548, 5091}, 0, {9939, -8125}, {0x00, 0x00, 0x81, 0xFF}}},
	{{{8923, -2877, 5091}, 0, {9939, -7083}, {0x00, 0x78, 0xD8, 0xFF}}},
	{{{9448, -2877, 5481}, 0, {11206, -7083}, {0x94, 0x00, 0x43, 0xFF}}},
	{{{9448, -2021, 5481}, 0, {11206, -9526}, {0x94, 0x00, 0x43, 0xFF}}},
	{{{9291, -2303, 5230}, 0, {10393, -8609}, {0x94, 0x00, 0x43, 0xFF}}},
	{{{9291, -2877, 5230}, 0, {10393, -7083}, {0x94, 0x00, 0x43, 0xFF}}},
	{{{9291, -2303, 5091}, 0, {9939, -8609}, {0x00, 0x00, 0x81, 0xFF}}},
	{{{9291, -2877, 5091}, 0, {9939, -7083}, {0x00, 0x66, 0xB5, 0xFF}}},
	{{{9226, -2877, 5091}, 0, {9939, -7083}, {0x00, 0x78, 0xD8, 0xFF}}},
	{{{9226, -2548, 5091}, 0, {9939, -8125}, {0x00, 0x00, 0x81, 0xFF}}},
	{{{8923, -2877, 5230}, 0, {10393, -7083}, {0x7F, 0x00, 0x00, 0xFF}}},
	{{{8923, -2877, 5091}, 0, {9939, -7083}, {0x7F, 0x00, 0x00, 0xFF}}},
	{{{8923, -2548, 5091}, 0, {9939, -8125}, {0x7F, 0x00, 0x00, 0xFF}}},
	{{{8923, -2548, 5230}, 0, {10393, -8125}, {0x7F, 0x00, 0x00, 0xFF}}},
	{{{9226, -2877, 5230}, 0, {10393, -7083}, {0x81, 0x00, 0x00, 0xFF}}},
	{{{9226, -2548, 5230}, 0, {10393, -8125}, {0x81, 0x00, 0x00, 0xFF}}},
	{{{9226, -2548, 5091}, 0, {9939, -8125}, {0x81, 0x00, 0x00, 0xFF}}},
	{{{9226, -2877, 5091}, 0, {9939, -7083}, {0x81, 0x00, 0x00, 0xFF}}},
	{{{9291, -2877, 5230}, 0, {10393, -7083}, {0x00, 0x66, 0x4B, 0xFF}}},
	{{{9291, -2303, 5230}, 0, {10393, -8609}, {0x00, 0x00, 0x7F, 0xFF}}},
	{{{9226, -2548, 5230}, 0, {10393, -8125}, {0x00, 0x00, 0x7F, 0xFF}}},
	{{{9226, -2877, 5230}, 0, {10393, -7083}, {0x00, 0x78, 0x28, 0xFF}}},
	{{{8859, -2303, 5230}, 0, {10393, -8609}, {0x00, 0x00, 0x7F, 0xFF}}},
	{{{8859, -2877, 5230}, 0, {10393, -7083}, {0x00, 0x66, 0x4B, 0xFF}}},
	{{{8923, -2877, 5230}, 0, {10393, -7083}, {0x00, 0x78, 0x28, 0xFF}}},
	{{{8923, -2548, 5230}, 0, {10393, -8125}, {0x00, 0x00, 0x7F, 0xFF}}},
	{{{465, -3725, 268}, 0, {-5714, -3994}, {0x7F, 0x00, 0x00, 0xFF}}},
	{{{465, -3725, 1095}, 0, {-3029, -3994}, {0x7F, 0x00, 0x00, 0xFF}}},
	{{{465, -4198, 927}, 0, {-3574, -2459}, {0x7F, 0x00, 0x00, 0xFF}}},
	{{{465, -4198, 436}, 0, {-5169, -2459}, {0x7F, 0x00, 0x00, 0xFF}}},
	{{{465, -4198, 436}, 0, {-5169, -2459}, {0x00, 0x81, 0x00, 0xFF}}},
	{{{465, -4198, 927}, 0, {-3574, -2459}, {0x00, 0x81, 0x00, 0xFF}}},
	{{{356, -4198, 927}, 0, {-3574, -2459}, {0x00, 0x81, 0x00, 0xFF}}},
	{{{356, -4198, 436}, 0, {-5169, -2459}, {0x00, 0x81, 0x00, 0xFF}}},
	{{{356, -3725, 1095}, 0, {-3029, -3994}, {0x81, 0x00, 0x00, 0xFF}}},
	{{{356, -3725, 268}, 0, {-5714, -3994}, {0x81, 0x00, 0x00, 0xFF}}},
	{{{356, -4198, 436}, 0, {-5169, -2459}, {0x81, 0x00, 0x00, 0xFF}}},
	{{{356, -4198, 927}, 0, {-3574, -2459}, {0x81, 0x00, 0x00, 0xFF}}},
	{{{-608, -7150, 3095}, 0, {3461, 7123}, {0x81, 0xFE, 0xFE, 0xFF}}},
	{{{-608, -7150, 2402}, 0, {1213, 7123}, {0x81, 0xFE, 0x02, 0xFF}}},
	{{{-597, -7491, 2571}, 0, {1760, 8229}, {0x81, 0xFF, 0x03, 0xFF}}},
	{{{-597, -7491, 2926}, 0, {2915, 8229}, {0x81, 0xFF, 0xFD, 0xFF}}},
	{{{-540, -7491, 2571}, 0, {1760, 8229}, {0x00, 0x81, 0x00, 0xFF}}},
	{{{-540, -7491, 2926}, 0, {2915, 8229}, {0x00, 0x81, 0x00, 0xFF}}},
	{{{-597, -7491, 2926}, 0, {2915, 8229}, {0x00, 0x81, 0x00, 0xFF}}},
	{{{-597, -7491, 2571}, 0, {1760, 8229}, {0x00, 0x81, 0x00, 0xFF}}},
	{{{-529, -7150, 2402}, 0, {1213, 7123}, {0x7F, 0xFE, 0x02, 0xFF}}},
	{{{-529, -7150, 3095}, 0, {3461, 7123}, {0x7F, 0xFE, 0xFE, 0xFF}}},
	{{{-540, -7491, 2926}, 0, {2915, 8229}, {0x7F, 0xFF, 0xFD, 0xFF}}},
	{{{-540, -7491, 2571}, 0, {1760, 8229}, {0x7F, 0xFF, 0x03, 0xFF}}},
	{{{-2537, -5906, 3209}, 0, {-9570, 3086}, {0x00, 0x81, 0x00, 0xFF}}},
	{{{-2957, -5906, 3209}, 0, {-10932, 3086}, {0x00, 0x81, 0x00, 0xFF}}},
	{{{-2957, -5906, 2288}, 0, {-10932, 3086}, {0x00, 0x81, 0x00, 0xFF}}},
	{{{-2537, -5906, 2288}, 0, {-9570, 3086}, {0x00, 0x81, 0x00, 0xFF}}},
	{{{6383, -3901, 6187}, 0, {502, 1008}, {0x81, 0x00, 0x00, 0xFF}}},
	{{{6383, -3812, 6187}, 0, {624, 1008}, {0x81, 0x00, 0x00, 0xFF}}},
	{{{6383, -3812, 5975}, 0, {624, 803}, {0x81, 0x00, 0x00, 0xFF}}},
	{{{6383, -3901, 5996}, 0, {502, 824}, {0x81, 0x00, 0x00, 0xFF}}},
	{{{6665, -3812, 6187}, 0, {624, 240}, {0x7F, 0x00, 0x00, 0xFF}}},
	{{{6665, -3901, 6187}, 0, {502, 240}, {0x7F, 0x00, 0x00, 0xFF}}},
	{{{6665, -3901, 5996}, 0, {502, 424}, {0x7F, 0x00, 0x00, 0xFF}}},
	{{{6665, -3812, 5975}, 0, {624, 445}, {0x7F, 0x00, 0x00, 0xFF}}},
	{{{6595, -4034, 6187}, 0, {368, 240}, {0x00, 0x00, 0x7F, 0xFF}}},
	{{{6383, -3901, 6187}, 0, {502, -16}, {0x00, 0x00, 0x7F, 0xFF}}},
	{{{6453, -4034, 6187}, 0, {368, 48}, {0x00, 0x00, 0x7F, 0xFF}}},
	{{{6665, -3901, 6187}, 0, {502, 240}, {0x00, 0x00, 0x7F, 0xFF}}},
	{{{6383, -3812, 6187}, 0, {624, -16}, {0x00, 0x00, 0x7F, 0xFF}}},
	{{{6665, -3812, 6187}, 0, {624, 240}, {0x00, 0x00, 0x7F, 0xFF}}},
	{{{8184, -3413, 6180}, 0, {368, 240}, {0x00, 0x00, 0x7F, 0xFF}}},
	{{{7972, -3285, 6180}, 0, {496, -16}, {0x00, 0x00, 0x7F, 0xFF}}},
	{{{8043, -3413, 6180}, 0, {368, 48}, {0x00, 0x00, 0x7F, 0xFF}}},
	{{{8255, -3285, 6180}, 0, {496, 240}, {0x00, 0x00, 0x7F, 0xFF}}},
	{{{7972, -3191, 6180}, 0, {624, -16}, {0x00, 0x00, 0x7F, 0xFF}}},
	{{{8255, -3191, 6180}, 0, {624, 240}, {0x00, 0x00, 0x7F, 0xFF}}},
	{{{5887, -4029, 7196}, 0, {624, 988}, {0x81, 0x00, 0x00, 0xFF}}},
	{{{5887, -4029, 6027}, 0, {624, 762}, {0x81, 0x00, 0x00, 0xFF}}},
	{{{5887, -4123, 6050}, 0, {496, 767}, {0x81, 0x00, 0x00, 0xFF}}},
	{{{5887, -4123, 7174}, 0, {496, 983}, {0x81, 0x00, 0x00, 0xFF}}},
	{{{6169, -4123, 7174}, 0, {496, 265}, {0x7F, 0x00, 0x00, 0xFF}}},
	{{{6169, -4123, 6050}, 0, {496, 481}, {0x7F, 0x00, 0x00, 0xFF}}},
	{{{6169, -4029, 6027}, 0, {624, 486}, {0x7F, 0x00, 0x00, 0xFF}}},
	{{{6169, -4029, 7196}, 0, {624, 260}, {0x7F, 0x00, 0x00, 0xFF}}},
	{{{5887, -4029, 6027}, 0, {880, 486}, {0x00, 0x7F, 0x00, 0xFF}}},
	{{{5887, -4029, 7196}, 0, {880, 260}, {0x00, 0x7F, 0x00, 0xFF}}},
	{{{6169, -4029, 7196}, 0, {624, 260}, {0x00, 0x7F, 0x00, 0xFF}}},
	{{{6169, -4029, 6027}, 0, {624, 486}, {0x00, 0x7F, 0x00, 0xFF}}},
	{{{6383, -3812, 7249}, 0, {624, 984}, {0x81, 0x00, 0x00, 0xFF}}},
	{{{6383, -3812, 6731}, 0, {624, 752}, {0x81, 0x00, 0x00, 0xFF}}},
	{{{6383, -3906, 6731}, 0, {496, 752}, {0x81, 0x00, 0x00, 0xFF}}},
	{{{6383, -3906, 7226}, 0, {496, 974}, {0x81, 0x00, 0x00, 0xFF}}},
	{{{6665, -3906, 7226}, 0, {496, 274}, {0x7F, 0x00, 0x00, 0xFF}}},
	{{{6665, -3906, 6731}, 0, {496, 496}, {0x7F, 0x00, 0x00, 0xFF}}},
	{{{6665, -3812, 6731}, 0, {624, 496}, {0x7F, 0x00, 0x00, 0xFF}}},
	{{{6665, -3812, 7249}, 0, {624, 264}, {0x7F, 0x00, 0x00, 0xFF}}},
	{{{6869, -3477, 7330}, 0, {624, 994}, {0x81, 0x00, 0x00, 0xFF}}},
	{{{6869, -3477, 5894}, 0, {624, 760}, {0x81, 0x00, 0x00, 0xFF}}},
	{{{6869, -3587, 5920}, 0, {496, 765}, {0x81, 0x00, 0x00, 0xFF}}},
	{{{6869, -3587, 7303}, 0, {496, 989}, {0x81, 0x00, 0x00, 0xFF}}},
	{{{6985, -3760, 5962}, 0, {112, 477}, {0x00, 0x81, 0x00, 0xFF}}},
	{{{7600, -3760, 5962}, 0, {368, 477}, {0x00, 0x81, 0x00, 0xFF}}},
	{{{7600, -3760, 7261}, 0, {368, 265}, {0x00, 0x81, 0x00, 0xFF}}},
	{{{6985, -3760, 7261}, 0, {112, 265}, {0x00, 0x81, 0x00, 0xFF}}},
	{{{7972, -3285, 6180}, 0, {496, 1008}, {0x81, 0x00, 0x00, 0xFF}}},
	{{{7972, -3191, 6180}, 0, {624, 1008}, {0x81, 0x00, 0x00, 0xFF}}},
	{{{7972, -3191, 5825}, 0, {624, 849}, {0x81, 0x00, 0x00, 0xFF}}},
	{{{7972, -3285, 5848}, 0, {496, 859}, {0x81, 0x00, 0x00, 0xFF}}},
	{{{8255, -3191, 6180}, 0, {624, 240}, {0x7F, 0x00, 0x00, 0xFF}}},
	{{{8255, -3285, 6180}, 0, {496, 240}, {0x7F, 0x00, 0x00, 0xFF}}},
	{{{8255, -3285, 5848}, 0, {496, 389}, {0x7F, 0x00, 0x00, 0xFF}}},
	{{{8255, -3191, 5825}, 0, {624, 399}, {0x7F, 0x00, 0x00, 0xFF}}},
	{{{8043, -3413, 6615}, 0, {368, 752}, {0x00, 0x00, 0x81, 0xFF}}},
	{{{8255, -3285, 6615}, 0, {496, 496}, {0x00, 0x00, 0x81, 0xFF}}},
	{{{8184, -3413, 6615}, 0, {368, 560}, {0x00, 0x00, 0x81, 0xFF}}},
	{{{7972, -3285, 6615}, 0, {496, 752}, {0x00, 0x00, 0x81, 0xFF}}},
	{{{8255, -3191, 6615}, 0, {624, 496}, {0x00, 0x00, 0x81, 0xFF}}},
	{{{8255, -3285, 6615}, 0, {496, 496}, {0x00, 0x00, 0x81, 0xFF}}},
	{{{7972, -3285, 6615}, 0, {496, 752}, {0x00, 0x00, 0x81, 0xFF}}},
	{{{7972, -3191, 6615}, 0, {624, 752}, {0x00, 0x00, 0x81, 0xFF}}},
	{{{7972, -3191, 7398}, 0, {624, 980}, {0x81, 0x00, 0x00, 0xFF}}},
	{{{7972, -3191, 6615}, 0, {624, 752}, {0x81, 0x00, 0x00, 0xFF}}},
	{{{7972, -3285, 6615}, 0, {496, 752}, {0x81, 0x00, 0x00, 0xFF}}},
	{{{7972, -3285, 7376}, 0, {496, 974}, {0x81, 0x00, 0x00, 0xFF}}},
	{{{8255, -3285, 7376}, 0, {496, 274}, {0x7F, 0x00, 0x00, 0xFF}}},
	{{{8255, -3285, 6615}, 0, {496, 496}, {0x7F, 0x00, 0x00, 0xFF}}},
	{{{8255, -3191, 6615}, 0, {624, 496}, {0x7F, 0x00, 0x00, 0xFF}}},
	{{{8255, -3191, 7398}, 0, {624, 268}, {0x7F, 0x00, 0x00, 0xFF}}},
	{{{6665, -3812, 7249}, 0, {624, 264}, {0x00, 0x7F, 0x00, 0xFF}}},
	{{{6665, -3812, 6731}, 0, {624, 496}, {0x00, 0x7F, 0x00, 0xFF}}},
	{{{6383, -3812, 6731}, 0, {880, 496}, {0x00, 0x7F, 0x00, 0xFF}}},
	{{{6383, -3812, 7249}, 0, {880, 264}, {0x00, 0x7F, 0x00, 0xFF}}},
	{{{7717, -3587, 7303}, 0, {496, 259}, {0x7F, 0x00, 0x00, 0xFF}}},
	{{{7717, -3587, 5920}, 0, {496, 483}, {0x7F, 0x00, 0x00, 0xFF}}},
	{{{7717, -3477, 5894}, 0, {624, 488}, {0x7F, 0x00, 0x00, 0xFF}}},
	{{{7717, -3477, 7330}, 0, {624, 254}, {0x7F, 0x00, 0x00, 0xFF}}},
	{{{7717, -3477, 5894}, 0, {624, 488}, {0x00, 0x7F, 0x00, 0xFF}}},
	{{{6869, -3477, 5894}, 0, {880, 488}, {0x00, 0x7F, 0x00, 0xFF}}},
	{{{6869, -3477, 7330}, 0, {880, 254}, {0x00, 0x7F, 0x00, 0xFF}}},
	{{{7717, -3477, 7330}, 0, {624, 254}, {0x00, 0x7F, 0x00, 0xFF}}},
	{{{6099, -4251, 7143}, 0, {368, 271}, {0x6F, 0xC3, 0x00, 0xFF}}},
	{{{6099, -4251, 6081}, 0, {368, 475}, {0x6F, 0xC3, 0x00, 0xFF}}},
	{{{6169, -4123, 6050}, 0, {496, 481}, {0x6F, 0xC3, 0x00, 0xFF}}},
	{{{6169, -4123, 7174}, 0, {496, 265}, {0x6F, 0xC3, 0x00, 0xFF}}},
	{{{5887, -4123, 7174}, 0, {496, 983}, {0x91, 0xC3, 0x00, 0xFF}}},
	{{{5887, -4123, 6050}, 0, {496, 767}, {0x91, 0xC3, 0x00, 0xFF}}},
	{{{5957, -4251, 6081}, 0, {368, 773}, {0x91, 0xC3, 0x00, 0xFF}}},
	{{{5957, -4251, 7143}, 0, {368, 977}, {0x91, 0xC3, 0x00, 0xFF}}},
	{{{6595, -4034, 7195}, 0, {368, 288}, {0x6F, 0xC3, 0x00, 0xFF}}},
	{{{6595, -4034, 6731}, 0, {368, 496}, {0x6F, 0xC3, 0x00, 0xFF}}},
	{{{6665, -3906, 6731}, 0, {496, 496}, {0x6F, 0xC3, 0x00, 0xFF}}},
	{{{6665, -3906, 7226}, 0, {496, 274}, {0x6F, 0xC3, 0x00, 0xFF}}},
	{{{6383, -3906, 7226}, 0, {496, 974}, {0x91, 0xC3, 0x00, 0xFF}}},
	{{{6383, -3906, 6731}, 0, {496, 752}, {0x91, 0xC3, 0x00, 0xFF}}},
	{{{6453, -4034, 6731}, 0, {368, 752}, {0x91, 0xC3, 0x00, 0xFF}}},
	{{{6453, -4034, 7195}, 0, {368, 960}, {0x91, 0xC3, 0x00, 0xFF}}},
	{{{6595, -4034, 6187}, 0, {304, 240}, {0x00, 0x81, 0x00, 0xFF}}},
	{{{6453, -4034, 6187}, 0, {176, 240}, {0x00, 0x81, 0x00, 0xFF}}},
	{{{6453, -4034, 6028}, 0, {176, 394}, {0x00, 0x81, 0x00, 0xFF}}},
	{{{6595, -4034, 6028}, 0, {304, 394}, {0x00, 0x81, 0x00, 0xFF}}},
	{{{6665, -3901, 6187}, 0, {502, 240}, {0x70, 0xC4, 0x00, 0xFF}}},
	{{{6595, -4034, 6187}, 0, {368, 240}, {0x70, 0xC4, 0x00, 0xFF}}},
	{{{6595, -4034, 6028}, 0, {368, 394}, {0x70, 0xC4, 0x00, 0xFF}}},
	{{{6665, -3901, 5996}, 0, {502, 424}, {0x70, 0xC4, 0x00, 0xFF}}},
	{{{6453, -4034, 6187}, 0, {368, 1008}, {0x90, 0xC4, 0x00, 0xFF}}},
	{{{6383, -3901, 6187}, 0, {502, 1008}, {0x90, 0xC4, 0x00, 0xFF}}},
	{{{6383, -3901, 5996}, 0, {502, 824}, {0x90, 0xC4, 0x00, 0xFF}}},
	{{{6453, -4034, 6028}, 0, {368, 854}, {0x90, 0xC4, 0x00, 0xFF}}},
	{{{8255, -3285, 7376}, 0, {496, 274}, {0x6F, 0xC3, 0x00, 0xFF}}},
	{{{8184, -3413, 7345}, 0, {368, 283}, {0x6F, 0xC3, 0x00, 0xFF}}},
	{{{8184, -3413, 6615}, 0, {368, 496}, {0x6F, 0xC3, 0x00, 0xFF}}},
	{{{8255, -3285, 6615}, 0, {496, 496}, {0x6F, 0xC3, 0x00, 0xFF}}},
	{{{8184, -3413, 5879}, 0, {304, 375}, {0x00, 0x81, 0x00, 0xFF}}},
	{{{8184, -3413, 6180}, 0, {304, 240}, {0x00, 0x81, 0x00, 0xFF}}},
	{{{8043, -3413, 6180}, 0, {176, 240}, {0x00, 0x81, 0x00, 0xFF}}},
	{{{8043, -3413, 5879}, 0, {176, 375}, {0x00, 0x81, 0x00, 0xFF}}},
	{{{8043, -3413, 5879}, 0, {176, 375}, {0x00, 0x81, 0x00, 0xFF}}},
	{{{7972, -3285, 7376}, 0, {496, 974}, {0x91, 0xC3, 0x00, 0xFF}}},
	{{{7972, -3285, 6615}, 0, {496, 752}, {0x91, 0xC3, 0x00, 0xFF}}},
	{{{8043, -3413, 6615}, 0, {368, 752}, {0x91, 0xC3, 0x00, 0xFF}}},
	{{{7972, -3285, 7376}, 0, {496, 974}, {0x91, 0xC3, 0x00, 0xFF}}},
	{{{8043, -3413, 6615}, 0, {368, 752}, {0x91, 0xC3, 0x00, 0xFF}}},
	{{{8043, -3413, 7345}, 0, {368, 965}, {0x91, 0xC3, 0x00, 0xFF}}},
	{{{8255, -3191, 7398}, 0, {624, 268}, {0x00, 0x7F, 0x00, 0xFF}}},
	{{{8255, -3191, 6615}, 0, {624, 496}, {0x00, 0x7F, 0x00, 0xFF}}},
	{{{7972, -3191, 6615}, 0, {880, 496}, {0x00, 0x7F, 0x00, 0xFF}}},
	{{{7972, -3191, 7398}, 0, {880, 268}, {0x00, 0x7F, 0x00, 0xFF}}},
	{{{8255, -3285, 6180}, 0, {496, 240}, {0x6F, 0xC3, 0x00, 0xFF}}},
	{{{8184, -3413, 6180}, 0, {368, 240}, {0x6F, 0xC3, 0x00, 0xFF}}},
	{{{8184, -3413, 5879}, 0, {368, 375}, {0x6F, 0xC3, 0x00, 0xFF}}},
	{{{8255, -3285, 5848}, 0, {496, 389}, {0x6F, 0xC3, 0x00, 0xFF}}},
	{{{8043, -3413, 6180}, 0, {368, 1008}, {0x91, 0xC3, 0x00, 0xFF}}},
	{{{7972, -3285, 6180}, 0, {496, 1008}, {0x91, 0xC3, 0x00, 0xFF}}},
	{{{7972, -3285, 5848}, 0, {496, 859}, {0x91, 0xC3, 0x00, 0xFF}}},
	{{{8043, -3413, 5879}, 0, {368, 873}, {0x91, 0xC3, 0x00, 0xFF}}},
	{{{6453, -4034, 7195}, 0, {176, 288}, {0x00, 0x81, 0x00, 0xFF}}},
	{{{6453, -4034, 6731}, 0, {176, 496}, {0x00, 0x81, 0x00, 0xFF}}},
	{{{6595, -4034, 6731}, 0, {304, 496}, {0x00, 0x81, 0x00, 0xFF}}},
	{{{6595, -4034, 7195}, 0, {304, 288}, {0x00, 0x81, 0x00, 0xFF}}},
	{{{6665, -3812, 6731}, 0, {624, 496}, {0x00, 0x00, 0x81, 0xFF}}},
	{{{6383, -3906, 6731}, 0, {496, 752}, {0x00, 0x00, 0x81, 0xFF}}},
	{{{6383, -3812, 6731}, 0, {624, 752}, {0x00, 0x00, 0x81, 0xFF}}},
	{{{6665, -3906, 6731}, 0, {496, 496}, {0x00, 0x00, 0x81, 0xFF}}},
	{{{6453, -4034, 6731}, 0, {368, 752}, {0x00, 0x00, 0x81, 0xFF}}},
	{{{6595, -4034, 6731}, 0, {368, 560}, {0x00, 0x00, 0x81, 0xFF}}},
	{{{6383, -3812, 5975}, 0, {880, 445}, {0x00, 0x7F, 0x00, 0xFF}}},
	{{{6383, -3812, 6187}, 0, {880, 240}, {0x00, 0x7F, 0x00, 0xFF}}},
	{{{6665, -3812, 6187}, 0, {624, 240}, {0x00, 0x7F, 0x00, 0xFF}}},
	{{{6665, -3812, 5975}, 0, {624, 445}, {0x00, 0x7F, 0x00, 0xFF}}},
	{{{6099, -4251, 7143}, 0, {304, 271}, {0x00, 0x81, 0x00, 0xFF}}},
	{{{5957, -4251, 7143}, 0, {176, 271}, {0x00, 0x81, 0x00, 0xFF}}},
	{{{5957, -4251, 6081}, 0, {176, 475}, {0x00, 0x81, 0x00, 0xFF}}},
	{{{6099, -4251, 7143}, 0, {304, 271}, {0x00, 0x81, 0x00, 0xFF}}},
	{{{5957, -4251, 6081}, 0, {176, 475}, {0x00, 0x81, 0x00, 0xFF}}},
	{{{6099, -4251, 6081}, 0, {304, 475}, {0x00, 0x81, 0x00, 0xFF}}},
	{{{7972, -3191, 5825}, 0, {880, 399}, {0x00, 0x7F, 0x00, 0xFF}}},
	{{{7972, -3191, 6180}, 0, {880, 240}, {0x00, 0x7F, 0x00, 0xFF}}},
	{{{8255, -3191, 6180}, 0, {624, 240}, {0x00, 0x7F, 0x00, 0xFF}}},
	{{{8255, -3191, 5825}, 0, {624, 399}, {0x00, 0x7F, 0x00, 0xFF}}},
	{{{8043, -3413, 7345}, 0, {176, 283}, {0x00, 0x81, 0x00, 0xFF}}},
	{{{8043, -3413, 6615}, 0, {176, 496}, {0x00, 0x81, 0x00, 0xFF}}},
	{{{8184, -3413, 6615}, 0, {304, 496}, {0x00, 0x81, 0x00, 0xFF}}},
	{{{8184, -3413, 7345}, 0, {304, 283}, {0x00, 0x81, 0x00, 0xFF}}},
	{{{6869, -3587, 7303}, 0, {496, 989}, {0x97, 0xB9, 0x00, 0xFF}}},
	{{{6869, -3587, 5920}, 0, {496, 765}, {0x97, 0xB9, 0x00, 0xFF}}},
	{{{6985, -3760, 5962}, 0, {368, 771}, {0x97, 0xB9, 0x00, 0xFF}}},
	{{{6985, -3760, 7261}, 0, {368, 983}, {0x97, 0xB9, 0x00, 0xFF}}},
	{{{7717, -3587, 5920}, 0, {496, 483}, {0x69, 0xB9, 0x00, 0xFF}}},
	{{{7717, -3587, 7303}, 0, {496, 259}, {0x69, 0xB9, 0x00, 0xFF}}},
	{{{7600, -3760, 7261}, 0, {368, 265}, {0x69, 0xB9, 0x00, 0xFF}}},
	{{{7600, -3760, 5962}, 0, {368, 477}, {0x69, 0xB9, 0x00, 0xFF}}},
	{{{8135, -3294, 5065}, 0, {9855, -5392}, {0x7F, 0x00, 0x00, 0xFF}}},
	{{{8135, -3550, 4654}, 0, {9855, -5392}, {0x7F, 0x00, 0x00, 0xFF}}},
	{{{8135, -3374, 4424}, 0, {8443, -5392}, {0x7F, 0x00, 0x00, 0xFF}}},
	{{{8135, -3294, 3324}, 0, {4205, -5392}, {0x7F, 0x00, 0x00, 0xFF}}},
	{{{8135, -3374, 3965}, 0, {5618, -5392}, {0x7F, 0x00, 0x00, 0xFF}}},
	{{{8135, -3550, 3735}, 0, {4205, -5392}, {0x7F, 0x00, 0x00, 0xFF}}},
	{{{8135, -4077, 3735}, 0, {5539, -2851}, {0x00, 0x7F, 0x00, 0xFF}}},
	{{{7296, -4077, 3999}, 0, {-11170, 12689}, {0x00, 0x7F, 0x00, 0xFF}}},
	{{{7296, -4077, 4390}, 0, {-11170, 10336}, {0x00, 0x7F, 0x00, 0xFF}}},
	{{{8135, -4077, 4654}, 0, {8522, -2851}, {0x00, 0x7F, 0x00, 0xFF}}},
	{{{7296, -4077, 4485}, 0, {7418, 145}, {0x00, 0x7F, 0x00, 0xFF}}},
	{{{8135, -3374, 4424}, 0, {8443, -5392}, {0x00, 0x9B, 0xB3, 0xFF}}},
	{{{8135, -3550, 4654}, 0, {9855, -5392}, {0x00, 0x9B, 0xB3, 0xFF}}},
	{{{6566, -3550, 4654}, 0, {9855, -5392}, {0x00, 0x9B, 0xB3, 0xFF}}},
	{{{6566, -3374, 4424}, 0, {8443, -5392}, {0x00, 0x9B, 0xB3, 0xFF}}},
	{{{8135, -3550, 3735}, 0, {4205, -5392}, {0x00, 0x9B, 0x4D, 0xFF}}},
	{{{8135, -3374, 3965}, 0, {5618, -5392}, {0x00, 0x9B, 0x4D, 0xFF}}},
	{{{6566, -3374, 3965}, 0, {5618, -5392}, {0x00, 0x9B, 0x4D, 0xFF}}},
	{{{6566, -3550, 3735}, 0, {4205, -5392}, {0x00, 0x9B, 0x4D, 0xFF}}},
	{{{8135, -3374, 3965}, 0, {5618, -5392}, {0x00, 0x81, 0x00, 0xFF}}},
	{{{8135, -3374, 4424}, 0, {8443, -5392}, {0x00, 0x81, 0x00, 0xFF}}},
	{{{6566, -3374, 4424}, 0, {8443, -5392}, {0x00, 0x81, 0x00, 0xFF}}},
	{{{6566, -3374, 3965}, 0, {5618, -5392}, {0x00, 0x81, 0x00, 0xFF}}},
	{{{6566, -3513, 4443}, 0, {7418, -4299}, {0x00, 0x7F, 0x00, 0xFF}}},
	{{{6810, -3513, 4443}, 0, {7418, -4299}, {0x00, 0x7F, 0x00, 0xFF}}},
	{{{6810, -3513, 3946}, 0, {10675, -4299}, {0x00, 0x7F, 0x00, 0xFF}}},
	{{{6566, -3513, 3946}, 0, {10675, -4299}, {0x00, 0x7F, 0x00, 0xFF}}},
	{{{7296, -4077, 3903}, 0, {10675, 145}, {0x7F, 0x00, 0x00, 0xFF}}},
	{{{7296, -3996, 3903}, 0, {10675, -494}, {0x7F, 0x00, 0x00, 0xFF}}},
	{{{7296, -3996, 3999}, 0, {10389, -494}, {0x7F, 0x00, 0x00, 0xFF}}},
	{{{7296, -4077, 3999}, 0, {10389, 145}, {0x7F, 0x00, 0x00, 0xFF}}},
	{{{7296, -4077, 4390}, 0, {7704, 145}, {0x7F, 0x00, 0x00, 0xFF}}},
	{{{7296, -3996, 4390}, 0, {7704, -494}, {0x7F, 0x00, 0x00, 0xFF}}},
	{{{7296, -3996, 4485}, 0, {7418, -494}, {0x7F, 0x00, 0x00, 0xFF}}},
	{{{7296, -4077, 4485}, 0, {7418, 145}, {0x7F, 0x00, 0x00, 0xFF}}},
	{{{7296, -3996, 4485}, 0, {7418, -494}, {0x00, 0x7F, 0x00, 0xFF}}},
	{{{7296, -3996, 4390}, 0, {7704, -494}, {0x00, 0x7F, 0x00, 0xFF}}},
	{{{7170, -3996, 4390}, 0, {7704, -494}, {0x20, 0x7B, 0x00, 0xFF}}},
	{{{7170, -3996, 4485}, 0, {7418, -494}, {0x1F, 0x7B, 0x00, 0xFF}}},
	{{{6810, -3795, 4390}, 0, {7704, -2077}, {0x3E, 0x6F, 0x00, 0xFF}}},
	{{{6810, -3795, 4443}, 0, {7418, -2077}, {0x3E, 0x6F, 0x00, 0xFF}}},
	{{{7296, -3996, 3903}, 0, {10675, -494}, {0x00, 0x7F, 0x00, 0xFF}}},
	{{{7170, -3996, 3903}, 0, {10675, -494}, {0x00, 0x7F, 0x00, 0xFF}}},
	{{{7170, -3996, 3999}, 0, {10389, -494}, {0x00, 0x7F, 0x00, 0xFF}}},
	{{{7296, -3996, 3999}, 0, {10389, -494}, {0x00, 0x7F, 0x00, 0xFF}}},
	{{{7170, -3996, 3999}, 0, {10389, -494}, {0x3E, 0x6F, 0x00, 0xFF}}},
	{{{7170, -3996, 3903}, 0, {10675, -494}, {0x3E, 0x6F, 0x00, 0xFF}}},
	{{{6810, -3795, 3946}, 0, {10675, -2077}, {0x3E, 0x6F, 0x00, 0xFF}}},
	{{{6810, -3795, 3999}, 0, {10389, -2077}, {0x3E, 0x6F, 0x00, 0xFF}}},
	{{{6810, -3795, 3999}, 0, {10389, -2077}, {0x7F, 0x00, 0x00, 0xFF}}},
	{{{6810, -3795, 3946}, 0, {10675, -2077}, {0x7F, 0x00, 0x00, 0xFF}}},
	{{{6810, -3513, 3946}, 0, {10675, -4299}, {0x7F, 0x00, 0x00, 0xFF}}},
	{{{6810, -3552, 3999}, 0, {10389, -3994}, {0x7F, 0x00, 0x00, 0xFF}}},
	{{{6810, -3513, 4443}, 0, {7418, -4299}, {0x7F, 0x00, 0x00, 0xFF}}},
	{{{6810, -3552, 4390}, 0, {7704, -3994}, {0x7F, 0x00, 0x00, 0xFF}}},
	{{{6810, -3795, 4443}, 0, {7418, -2077}, {0x7F, 0x00, 0x00, 0xFF}}},
	{{{6810, -3795, 4390}, 0, {7704, -2077}, {0x7F, 0x00, 0x00, 0xFF}}},
	{{{6810, -3552, 3999}, 0, {10389, -3994}, {0x00, 0xA6, 0x5A, 0xFF}}},
	{{{6810, -3552, 4390}, 0, {7704, -3994}, {0x00, 0xA6, 0xA6, 0xFF}}},
	{{{6702, -3552, 4390}, 0, {7704, -3994}, {0x00, 0xA6, 0xA6, 0xFF}}},
	{{{6702, -3552, 3999}, 0, {10389, -3994}, {0x00, 0xA6, 0x5A, 0xFF}}},
	{{{6566, -3552, 4390}, 0, {7704, -3994}, {0x00, 0x81, 0x00, 0xFF}}},
	{{{6566, -3552, 3999}, 0, {10389, -3994}, {0x00, 0x81, 0x00, 0xFF}}},
	{{{6566, -3550, 3735}, 0, {4205, -5392}, {0x7F, 0x00, 0x00, 0xFF}}},
	{{{6566, -3374, 3965}, 0, {5618, -5392}, {0x7F, 0x00, 0x00, 0xFF}}},
	{{{6566, -3513, 3946}, 0, {10675, -4299}, {0x7F, 0x00, 0x00, 0xFF}}},
	{{{6566, -3513, 4443}, 0, {7418, -4299}, {0x7F, 0x00, 0x00, 0xFF}}},
	{{{6566, -3374, 4424}, 0, {8443, -5392}, {0x7F, 0x00, 0x00, 0xFF}}},
	{{{6566, -3550, 4654}, 0, {9855, -5392}, {0x7F, 0x00, 0x00, 0xFF}}},
	{{{6566, -3552, 3999}, 0, {10389, -3994}, {0x7F, 0x00, 0x00, 0xFF}}},
	{{{6566, -3552, 4390}, 0, {7704, -3994}, {0x7F, 0x00, 0x00, 0xFF}}},
	{{{6566, -3670, 4266}, 0, {7704, -3994}, {0x7F, 0x00, 0x00, 0xFF}}},
	{{{6566, -3670, 4123}, 0, {10389, -3994}, {0x7F, 0x00, 0x00, 0xFF}}},
	{{{6566, -3670, 4123}, 0, {10389, -3994}, {0x00, 0xA6, 0x5A, 0xFF}}},
	{{{6566, -3670, 4266}, 0, {7704, -3994}, {0x00, 0xA6, 0xA6, 0xFF}}},
	{{{6525, -3670, 4266}, 0, {7704, -3994}, {0x00, 0xA6, 0xA6, 0xFF}}},
	{{{6525, -3670, 4123}, 0, {10389, -3994}, {0x00, 0xA6, 0x5A, 0xFF}}},
	{{{6525, -3670, 4123}, 0, {10389, -3994}, {0x81, 0x00, 0x00, 0xFF}}},
	{{{6525, -3670, 4266}, 0, {7704, -3994}, {0x81, 0x00, 0x00, 0xFF}}},
	{{{6525, -3524, 4461}, 0, {7704, -3994}, {0x81, 0x00, 0x00, 0xFF}}},
	{{{6525, -3524, 3927}, 0, {10389, -3994}, {0x81, 0x00, 0x00, 0xFF}}},
	{{{6525, -3524, 3927}, 0, {10389, -3994}, {0x00, 0xA6, 0x5A, 0xFF}}},
	{{{6525, -3524, 4461}, 0, {7704, -3994}, {0x00, 0xA6, 0xA6, 0xFF}}},
	{{{6065, -3524, 4461}, 0, {7704, -3994}, {0x00, 0xA6, 0xA6, 0xFF}}},
	{{{6065, -3524, 3927}, 0, {10389, -3994}, {0x00, 0xA6, 0x5A, 0xFF}}},
	{{{1422, -8023, 3311}, 0, {4163, 9955}, {0x7F, 0x00, 0x00, 0xFF}}},
	{{{1422, -7150, 3311}, 0, {4163, 7123}, {0x7F, 0x00, 0x00, 0xFF}}},
	{{{1422, -7150, 3460}, 0, {4492, 7123}, {0x7F, 0x00, 0x00, 0xFF}}},
	{{{1422, -8023, 3460}, 0, {4492, 9955}, {0x7F, 0x00, 0x00, 0xFF}}},
	{{{2001, -7150, 3311}, 0, {4163, 7123}, {0x81, 0x00, 0x00, 0xFF}}},
	{{{2001, -8023, 3311}, 0, {4163, 9955}, {0x81, 0x00, 0x00, 0xFF}}},
	{{{2001, -8023, 3460}, 0, {4492, 9955}, {0x81, 0x00, 0x00, 0xFF}}},
	{{{2001, -7150, 3460}, 0, {4492, 7123}, {0x81, 0x00, 0x00, 0xFF}}},
	{{{1897, -7751, 3460}, 0, {4492, 7123}, {0x81, 0x00, 0x00, 0xFF}}},
	{{{1897, -8023, 3460}, 0, {4492, 9955}, {0x81, 0x00, 0x00, 0xFF}}},
	{{{1897, -8023, 3514}, 0, {4822, 9955}, {0x81, 0x00, 0x00, 0xFF}}},
	{{{1897, -7751, 3514}, 0, {4822, 7123}, {0x81, 0x00, 0x00, 0xFF}}},
	{{{1526, -7751, 3460}, 0, {4492, 7123}, {0x00, 0x81, 0x00, 0xFF}}},
	{{{1897, -7751, 3460}, 0, {4492, 7123}, {0x00, 0x81, 0x00, 0xFF}}},
	{{{1897, -7751, 3514}, 0, {4822, 7123}, {0x00, 0x81, 0x00, 0xFF}}},
	{{{1526, -7751, 3514}, 0, {4822, 7123}, {0x00, 0x81, 0x00, 0xFF}}},
	{{{1526, -8023, 3460}, 0, {4492, 9955}, {0x7F, 0x00, 0x00, 0xFF}}},
	{{{1526, -7751, 3460}, 0, {4492, 7123}, {0x7F, 0x00, 0x00, 0xFF}}},
	{{{1526, -7751, 3514}, 0, {4822, 7123}, {0x7F, 0x00, 0x00, 0xFF}}},
	{{{1526, -8023, 3514}, 0, {4822, 9955}, {0x7F, 0x00, 0x00, 0xFF}}},
	{{{9014, -6564, 6994}, 0, {16794, 3538}, {0x81, 0x00, 0x00, 0xFF}}},
	{{{9014, -6393, 6829}, 0, {16250, 3538}, {0x81, 0x00, 0x00, 0xFF}}},
	{{{9014, -6763, 6701}, 0, {16794, 3538}, {0x81, 0x00, 0x00, 0xFF}}},
	{{{9014, -6393, 6394}, 0, {13504, 3538}, {0x81, 0x00, 0x00, 0xFF}}},
	{{{9014, -6763, 6523}, 0, {12959, 3538}, {0x81, 0x00, 0x00, 0xFF}}},
	{{{9014, -6564, 6229}, 0, {12959, 3538}, {0x81, 0x00, 0x00, 0xFF}}},
	{{{8471, -6046, 6869}, 0, {15711, 3538}, {0x00, 0xA6, 0xA6, 0xFF}}},
	{{{8740, -6046, 6869}, 0, {15711, 3538}, {0x00, 0xA6, 0xA6, 0xFF}}},
	{{{8740, -6380, 7203}, 0, {16794, 3538}, {0x00, 0xA6, 0xA6, 0xFF}}},
	{{{8471, -6380, 7203}, 0, {16794, 3538}, {0x00, 0xA6, 0xA6, 0xFF}}},
	{{{8740, -6046, 6355}, 0, {14042, 3538}, {0x00, 0xA6, 0x5A, 0xFF}}},
	{{{8471, -6046, 6355}, 0, {14042, 3538}, {0x00, 0xA6, 0x5A, 0xFF}}},
	{{{8471, -6380, 6021}, 0, {12959, 3538}, {0x00, 0xA6, 0x5A, 0xFF}}},
	{{{8740, -6380, 6021}, 0, {12959, 3538}, {0x00, 0xA6, 0x5A, 0xFF}}},
	{{{9014, -6763, 6701}, 0, {16794, 3538}, {0x00, 0xA6, 0xA6, 0xFF}}},
	{{{9014, -6763, 6523}, 0, {12959, 3538}, {0x00, 0xA6, 0x5A, 0xFF}}},
	{{{9079, -6763, 6523}, 0, {12959, 3538}, {0x00, 0xA6, 0x5A, 0xFF}}},
	{{{9079, -6763, 6701}, 0, {16794, 3538}, {0x00, 0xA6, 0xA6, 0xFF}}},
	{{{9079, -6763, 6701}, 0, {16794, 3538}, {0x7F, 0x00, 0x00, 0xFF}}},
	{{{9079, -6763, 6523}, 0, {12959, 3538}, {0x7F, 0x00, 0x00, 0xFF}}},
	{{{9079, -6541, 6321}, 0, {12959, 3538}, {0x7F, 0x00, 0x00, 0xFF}}},
	{{{9079, -6541, 6903}, 0, {16794, 3538}, {0x7F, 0x00, 0x00, 0xFF}}},
	{{{9079, -6541, 6903}, 0, {16794, 3538}, {0x00, 0xA6, 0xA6, 0xFF}}},
	{{{9079, -6541, 6321}, 0, {12959, 3538}, {0x00, 0xA6, 0x5A, 0xFF}}},
	{{{9525, -6541, 6321}, 0, {12959, 3538}, {0x00, 0xA6, 0x5A, 0xFF}}},
	{{{9525, -6541, 6903}, 0, {16794, 3538}, {0x00, 0xA6, 0xA6, 0xFF}}},
	{{{9525, -6541, 6903}, 0, {27620, 3538}, {0x81, 0x00, 0x00, 0xFF}}},
	{{{9525, -6541, 6321}, 0, {27620, 3538}, {0x81, 0x00, 0x00, 0xFF}}},
	{{{9525, -6995, 6321}, 0, {-27348, -16185}, {0x81, 0x00, 0x00, 0xFF}}},
	{{{9525, -6995, 6903}, 0, {27620, 6619}, {0x81, 0x00, 0x00, 0xFF}}},
	{{{8740, -6380, 7203}, 0, {16794, 3538}, {0xA8, 0xDA, 0xAD, 0xFF}}},
	{{{9014, -6393, 6829}, 0, {16250, 3538}, {0x9E, 0xB8, 0xDB, 0xFF}}},
	{{{9014, -6564, 6994}, 0, {16794, 3538}, {0xAA, 0xE3, 0xA8, 0xFF}}},
	{{{8740, -6046, 6869}, 0, {15711, 3538}, {0x9D, 0xB5, 0xE5, 0xFF}}},
	{{{9014, -6393, 6394}, 0, {13504, 3538}, {0x9E, 0xB8, 0x25, 0xFF}}},
	{{{8740, -6046, 6355}, 0, {14042, 3538}, {0x9D, 0xB5, 0x1B, 0xFF}}},
	{{{9014, -6564, 6229}, 0, {12959, 3538}, {0xAA, 0xE3, 0x58, 0xFF}}},
	{{{8740, -6380, 6021}, 0, {12959, 3538}, {0xA8, 0xDA, 0x53, 0xFF}}},
	{{{-1237, -3638, 6458}, 0, {14378, -4278}, {0x00, 0x7F, 0x00, 0xFF}}},
	{{{-1625, -3638, 6458}, 0, {14378, -4278}, {0x00, 0x7F, 0x00, 0xFF}}},
	{{{-1625, -3638, 6846}, 0, {15638, -4278}, {0x00, 0x7F, 0x00, 0xFF}}},
	{{{-1237, -3638, 6846}, 0, {15638, -4278}, {0x00, 0x7F, 0x00, 0xFF}}},
	{{{-941, -3488, 6595}, 0, {14822, -4764}, {0x00, 0x7F, 0x00, 0xFF}}},
	{{{-553, -3488, 6595}, 0, {14822, -4764}, {0x00, 0x7F, 0x00, 0xFF}}},
	{{{-553, -3488, 6207}, 0, {13563, -4764}, {0x00, 0x7F, 0x00, 0xFF}}},
	{{{-941, -3488, 6207}, 0, {13563, -4764}, {0x00, 0x7F, 0x00, 0xFF}}},
	{{{966, -5990, 6168}, 0, {6300, -8039}, {0x81, 0x00, 0x00, 0xFF}}},
	{{{966, -5990, 5720}, 0, {5467, -7333}, {0x81, 0x00, 0x00, 0xFF}}},
	{{{966, -6449, 5720}, 0, {-1048, -14200}, {0x81, 0x00, 0x00, 0xFF}}},
	{{{966, -6449, 6170}, 0, {-830, -15612}, {0x81, 0x00, 0x00, 0xFF}}},
	{{{966, -4812, 6264}, 0, {14153, -466}, {0x01, 0x00, 0x7F, 0xFF}}},
	{{{417, -4812, 6269}, 0, {17770, -466}, {0x02, 0x00, 0x7F, 0xFF}}},
	{{{574, -6213, 6269}, 0, {17770, -466}, {0x01, 0x00, 0x7F, 0xFF}}},
	{{{771, -6213, 6265}, 0, {14153, -466}, {0xFF, 0x00, 0x7F, 0xFF}}},
	{{{966, -6449, 6269}, 0, {-721, -16319}, {0xFF, 0x5A, 0x5A, 0xFF}}},
	{{{771, -6449, 6269}, 0, {-721, -16319}, {0xFF, 0x79, 0x28, 0xFF}}},
	{{{966, -4812, 6612}, 0, {14877, -466}, {0x81, 0x00, 0x00, 0xFF}}},
	{{{966, -4812, 6264}, 0, {14153, -466}, {0x81, 0x00, 0x00, 0xFF}}},
	{{{966, -6449, 6269}, 0, {-721, -16319}, {0x81, 0x00, 0x00, 0xFF}}},
	{{{966, -6449, 6619}, 0, {-612, -17025}, {0x81, 0x00, 0x00, 0xFF}}},
	{{{966, -5990, 6168}, 0, {6300, -8039}, {0x00, 0x00, 0x81, 0xFF}}},
	{{{966, -6449, 6170}, 0, {-830, -15612}, {0x01, 0x5A, 0xA6, 0xFF}}},
	{{{771, -6449, 6170}, 0, {-830, -15612}, {0x00, 0x78, 0xD8, 0xFF}}},
	{{{771, -6213, 6167}, 0, {13430, -466}, {0x00, 0x00, 0x81, 0xFF}}},
	{{{771, -6213, 6265}, 0, {14153, -466}, {0x81, 0x00, 0x00, 0xFF}}},
	{{{771, -6213, 6167}, 0, {13430, -466}, {0x81, 0x00, 0x00, 0xFF}}},
	{{{771, -6449, 6170}, 0, {-830, -15612}, {0x81, 0x00, 0x00, 0xFF}}},
	{{{771, -6449, 6269}, 0, {-721, -16319}, {0x81, 0x00, 0x00, 0xFF}}},
	{{{574, -6213, 6170}, 0, {17770, -466}, {0x00, 0x81, 0x00, 0xFF}}},
	{{{771, -6213, 6167}, 0, {13430, -466}, {0x00, 0x81, 0x00, 0xFF}}},
	{{{771, -6213, 6265}, 0, {14153, -466}, {0x00, 0x81, 0x00, 0xFF}}},
	{{{574, -6213, 6269}, 0, {17770, -466}, {0x00, 0x81, 0x00, 0xFF}}},
	{{{312, -5990, 6170}, 0, {17770, -466}, {0x00, 0x00, 0x81, 0xFF}}},
	{{{966, -5990, 6168}, 0, {13430, -466}, {0x00, 0x00, 0x81, 0xFF}}},
	{{{574, -6213, 6170}, 0, {17770, -466}, {0x00, 0x00, 0x81, 0xFF}}},
	{{{4884, -3165, -464}, 0, {-8089, -5934}, {0x7F, 0x00, 0x00, 0xFF}}},
	{{{4884, -2500, -327}, 0, {-7644, -8092}, {0x7F, 0x00, 0x00, 0xFF}}},
	{{{4884, -2500, 85}, 0, {-6309, -8092}, {0x7F, 0x00, 0x00, 0xFF}}},
	{{{4884, -3044, -258}, 0, {-7422, -6328}, {0x7F, 0x00, 0x00, 0xFF}}},
	{{{4884, -3057, -53}, 0, {-6754, -6285}, {0x7F, 0x00, 0x00, 0xFF}}},
	{{{4473, -3124, -38}, 0, {-6708, -6068}, {0x81, 0x00, 0x00, 0xFF}}},
	{{{4473, -2500, 85}, 0, {-6309, -8092}, {0x81, 0x00, 0x00, 0xFF}}},
	{{{4473, -2500, -327}, 0, {-7644, -8092}, {0x81, 0x00, 0x00, 0xFF}}},
	{{{4473, -3071, -258}, 0, {-7422, -6241}, {0x81, 0x00, 0x00, 0xFF}}},
	{{{4473, -3165, -464}, 0, {-8089, -5934}, {0x81, 0x00, 0x00, 0xFF}}},
	{{{4473, -3071, -258}, 0, {-7422, -6241}, {0xBC, 0xC7, 0x5B, 0xFF}}},
	{{{4473, -3165, -464}, 0, {-8089, -5934}, {0x98, 0xBE, 0x1E, 0xFF}}},
	{{{4586, -3310, -390}, 0, {-7849, -5463}, {0x98, 0xBE, 0x1E, 0xFF}}},
	{{{4586, -3268, -297}, 0, {-7548, -5601}, {0xD4, 0xB6, 0x5D, 0xFF}}},
	{{{4829, -3153, -300}, 0, {-7558, -5973}, {0x3F, 0xBB, 0x56, 0xFF}}},
	{{{4788, -3217, -332}, 0, {-7662, -5767}, {0x47, 0xBD, 0x51, 0xFF}}},
	{{{4743, -3321, -348}, 0, {-7713, -5430}, {0x10, 0xC5, 0x6F, 0xFF}}},
	{{{4586, -3310, -390}, 0, {-7849, -5463}, {0xEB, 0x8E, 0x34, 0xFF}}},
	{{{4743, -3321, -348}, 0, {-7713, -5430}, {0x10, 0xC5, 0x6F, 0xFF}}},
	{{{4586, -3268, -297}, 0, {-7548, -5601}, {0xD4, 0xB6, 0x5D, 0xFF}}},
	{{{4884, -3165, -464}, 0, {-8089, -5934}, {0x63, 0xBE, 0x2B, 0xFF}}},
	{{{4829, -3153, -300}, 0, {-7558, -5973}, {0x3F, 0xBB, 0x56, 0xFF}}},
	{{{4788, -3217, -332}, 0, {-7662, -5767}, {0x47, 0xBD, 0x51, 0xFF}}},
	{{{4884, -3044, -258}, 0, {-7422, -6328}, {0x43, 0x99, 0x1E, 0xFF}}},
	{{{4776, -3071, -258}, 0, {-7422, -6241}, {0x0D, 0x8A, 0x2E, 0xFF}}},
	{{{4776, -3165, -53}, 0, {-6754, -5934}, {0x2D, 0x8F, 0xDB, 0xFF}}},
	{{{4884, -3057, -53}, 0, {-6754, -6285}, {0x5A, 0xA7, 0xFA, 0xFF}}},
	{{{4473, -3071, -258}, 0, {-7422, -6241}, {0x00, 0x81, 0xF9, 0xFF}}},
	{{{4743, -3321, -348}, 0, {-7713, -5430}, {0x66, 0xCC, 0x37, 0xFF}}},
	{{{4473, -3165, -464}, 0, {-8089, -5934}, {0x0B, 0xC1, 0x92, 0xFF}}},
	{{{4884, -3165, -464}, 0, {-8089, -5934}, {0x00, 0xB4, 0x9A, 0xFF}}},
	{{{4743, -3321, -348}, 0, {-7713, -5430}, {0x06, 0xBC, 0x95, 0xFF}}},
	{{{4586, -3310, -390}, 0, {-7849, -5463}, {0x1D, 0xDA, 0x8A, 0xFF}}},
	{{{465, -10779, -3357}, 0, {-17478, 18899}, {0x7F, 0x00, 0x00, 0xFF}}},
	{{{465, -968, -3357}, 0, {-17478, -8092}, {0x7F, 0x00, 0x00, 0xFF}}},
	{{{465, -4126, -2401}, 0, {-14378, -2692}, {0x7F, 0x00, 0x00, 0xFF}}},
	{{{465, -4832, -453}, 0, {-8055, -402}, {0x7F, 0x00, 0x00, 0xFF}}},
	{{{465, -968, -453}, 0, {-8055, -8092}, {0x7F, 0x00, 0x00, 0xFF}}},
	{{{465, -3631, 180}, 0, {-6000, -4299}, {0x7F, 0x00, 0x00, 0xFF}}},
	{{{465, -3631, 1183}, 0, {-2743, -4299}, {0x7F, 0x00, 0x00, 0xFF}}},
	{{{465, -968, 2217}, 0, {612, -8092}, {0x7F, 0x00, 0x00, 0xFF}}},
	{{{465, -4703, 1183}, 0, {-2743, -821}, {0x7F, 0x00, 0x00, 0xFF}}},
	{{{465, -7150, 2217}, 0, {612, 7123}, {0x7F, 0x00, 0x00, 0xFF}}},
	{{{465, -4703, 180}, 0, {-6001, -821}, {0x7F, 0x00, 0x00, 0xFF}}},
	{{{465, -5742, -453}, 0, {-8055, 2551}, {0x7F, 0x00, 0x00, 0xFF}}},
	{{{465, -7255, 652}, 0, {-4468, 7464}, {0x7F, 0x00, 0x00, 0xFF}}},
	{{{465, -10779, 2217}, 0, {612, 18899}, {0x7F, 0x00, 0x00, 0xFF}}},
	{{{465, -10115, 652}, 0, {-4468, 16746}, {0x7F, 0x00, 0x00, 0xFF}}},
	{{{465, -10779, -545}, 0, {-8353, 18899}, {0x7F, 0x00, 0x00, 0xFF}}},
	{{{465, -10779, -545}, 0, {-8353, 18899}, {0x7F, 0x00, 0x00, 0xFF}}},
	{{{465, -10115, -2308}, 0, {-14074, 16746}, {0x7F, 0x00, 0x00, 0xFF}}},
	{{{465, -10115, 652}, 0, {-4468, 16746}, {0x7F, 0x00, 0x00, 0xFF}}},
	{{{465, -10779, -2308}, 0, {-14074, 18899}, {0x7F, 0x00, 0x00, 0xFF}}},
	{{{465, -10779, -3357}, 0, {-17478, 18899}, {0x7F, 0x00, 0x00, 0xFF}}},
	{{{465, -7255, -2308}, 0, {-14074, 7464}, {0x7F, 0x00, 0x00, 0xFF}}},
	{{{465, -5036, -2401}, 0, {-14378, 261}, {0x7F, 0x00, 0x00, 0xFF}}},
	{{{465, -4126, -2401}, 0, {-14378, -2692}, {0x7F, 0x00, 0x00, 0xFF}}},
	{{{465, -7255, 652}, 0, {-4468, 7464}, {0x7F, 0x00, 0x00, 0xFF}}},
	{{{465, -5742, -453}, 0, {-8055, 2551}, {0x7F, 0x00, 0x00, 0xFF}}},
	{{{465, -7496, -1277}, 0, {-10729, 8244}, {0x7F, 0x00, 0x00, 0xFF}}},
	{{{465, -7496, -585}, 0, {-8481, 8244}, {0x7F, 0x00, 0x00, 0xFF}}},
	{{{465, -8360, -321}, 0, {-7626, 11051}, {0x7F, 0x00, 0x00, 0xFF}}},
	{{{465, -8360, 135}, 0, {-6146, 11051}, {0x7F, 0x00, 0x00, 0xFF}}},
	{{{465, -9010, 135}, 0, {-6146, 13159}, {0x7F, 0x00, 0x00, 0xFF}}},
	{{{465, -9010, -321}, 0, {-7626, 13159}, {0x7F, 0x00, 0x00, 0xFF}}},
	{{{465, -9010, -424}, 0, {-7959, 13159}, {0x7F, 0x00, 0x00, 0xFF}}},
	{{{465, -9866, -585}, 0, {-8481, 15938}, {0x7F, 0x00, 0x00, 0xFF}}},
	{{{465, -9866, -1277}, 0, {-10729, 15938}, {0x7F, 0x00, 0x00, 0xFF}}},
	{{{465, -9010, -1541}, 0, {-11585, 13159}, {0x7F, 0x00, 0x00, 0xFF}}},
	{{{465, -9010, -1997}, 0, {-13065, 13159}, {0x7F, 0x00, 0x00, 0xFF}}},
	{{{465, -8360, -1997}, 0, {-13065, 11051}, {0x7F, 0x00, 0x00, 0xFF}}},
	{{{465, -8360, -1541}, 0, {-11585, 11051}, {0x7F, 0x00, 0x00, 0xFF}}},
	{{{465, -8360, -1438}, 0, {-11252, 11051}, {0x7F, 0x00, 0x00, 0xFF}}},
	{{{465, -8360, -982}, 0, {-9772, 11051}, {0x7F, 0x00, 0x00, 0xFF}}},
	{{{465, -8360, -880}, 0, {-9439, 11051}, {0x7F, 0x00, 0x00, 0xFF}}},
	{{{465, -8360, -424}, 0, {-7959, 11051}, {0x7F, 0x00, 0x00, 0xFF}}},
	{{{465, -9010, -880}, 0, {-9439, 13159}, {0x7F, 0x00, 0x00, 0xFF}}},
	{{{465, -9010, -982}, 0, {-9772, 13159}, {0x7F, 0x00, 0x00, 0xFF}}},
	{{{465, -9010, -1438}, 0, {-11252, 13159}, {0x7F, 0x00, 0x00, 0xFF}}},
	{{{465, -4832, -453}, 0, {-8055, -402}, {0x7F, 0x00, 0x00, 0xFF}}},
	{{{465, -3631, 180}, 0, {-6000, -4299}, {0x7F, 0x00, 0x00, 0xFF}}},
	{{{465, -4703, 180}, 0, {-6001, -821}, {0x7F, 0x00, 0x00, 0xFF}}},
	{{{465, -5742, -453}, 0, {-8055, 2551}, {0x7F, 0x00, 0x00, 0xFF}}},
	{{{8471, -4736, 6198}, 0, {13532, -712}, {0x81, 0x00, 0x00, 0xFF}}},
	{{{8471, -4736, 7026}, 0, {16221, -712}, {0x81, 0x00, 0x00, 0xFF}}},
	{{{8471, -3200, 6983}, 0, {16083, -5700}, {0x81, 0x00, 0x00, 0xFF}}},
	{{{8471, -2287, 6983}, 0, {16083, -8663}, {0x81, 0x00, 0x00, 0xFF}}},
	{{{8471, -1009, 7924}, 0, {19137, -12810}, {0x81, 0x00, 0x00, 0xFF}}},
	{{{8471, -2287, 6239}, 0, {13668, -8663}, {0x81, 0x00, 0x00, 0xFF}}},
	{{{8471, -1009, 5299}, 0, {10616, -12810}, {0x81, 0x00, 0x00, 0xFF}}},
	{{{8471, -3200, 6239}, 0, {13668, -5700}, {0x81, 0x00, 0x00, 0xFF}}},
	{{{9252, -3294, 4359}, 0, {7563, -5392}, {0x00, 0x81, 0x00, 0xFF}}},
	{{{9252, -3294, 4030}, 0, {6498, -5392}, {0x00, 0x81, 0x00, 0xFF}}},
	{{{10015, -3294, 3324}, 0, {4205, -5392}, {0x00, 0x81, 0x00, 0xFF}}},
	{{{8135, -3294, 3324}, 0, {4205, -5392}, {0x00, 0x81, 0x00, 0xFF}}},
	{{{8898, -3294, 4030}, 0, {6498, -5392}, {0x00, 0x81, 0x00, 0xFF}}},
	{{{8135, -3294, 5065}, 0, {9855, -5392}, {0x00, 0x81, 0x00, 0xFF}}},
	{{{8898, -3294, 4359}, 0, {7563, -5392}, {0x00, 0x81, 0x00, 0xFF}}},
	{{{10015, -3294, 5065}, 0, {9855, -5392}, {0x00, 0x81, 0x00, 0xFF}}},
	{{{6874, -3631, 1183}, 0, {-2743, -4299}, {0x81, 0x00, 0x00, 0xFF}}},
	{{{6874, -2611, 933}, 0, {-3554, -7611}, {0x81, 0x00, 0x00, 0xFF}}},
	{{{6874, -3105, 933}, 0, {-3554, -6008}, {0x81, 0x00, 0x00, 0xFF}}},
	{{{6874, -968, 2217}, 0, {612, -8092}, {0x81, 0x00, 0x00, 0xFF}}},
	{{{6874, -10779, 2217}, 0, {612, 18899}, {0x81, 0x00, 0x00, 0xFF}}},
	{{{6874, -4703, 1183}, 0, {-2743, -821}, {0x81, 0x00, 0x00, 0xFF}}},
	{{{6874, -4703, 180}, 0, {-6001, -821}, {0x81, 0x00, 0x00, 0xFF}}},
	{{{6874, -5742, -453}, 0, {-8055, 2551}, {0x81, 0x00, 0x00, 0xFF}}},
	{{{6874, -4832, -453}, 0, {-8055, -402}, {0x81, 0x00, 0x00, 0xFF}}},
	{{{6874, -3631, 180}, 0, {-6000, -4299}, {0x81, 0x00, 0x00, 0xFF}}},
	{{{6874, -4126, -2401}, 0, {-14378, -2692}, {0x81, 0x00, 0x00, 0xFF}}},
	{{{6874, -968, -3357}, 0, {-17478, -8092}, {0x81, 0x00, 0x00, 0xFF}}},
	{{{6874, -968, -3357}, 0, {-17478, -8092}, {0x81, 0x00, 0x00, 0xFF}}},
	{{{6874, -3631, 180}, 0, {-6000, -4299}, {0x81, 0x00, 0x00, 0xFF}}},
	{{{6874, -3105, 431}, 0, {-5184, -6008}, {0x81, 0x00, 0x00, 0xFF}}},
	{{{6874, -3105, 933}, 0, {-3554, -6008}, {0x81, 0x00, 0x00, 0xFF}}},
	{{{6874, -3631, 1183}, 0, {-2743, -4299}, {0x81, 0x00, 0x00, 0xFF}}},
	{{{6874, -2611, 431}, 0, {-5184, -7611}, {0x81, 0x00, 0x00, 0xFF}}},
	{{{6874, -968, 2217}, 0, {612, -8092}, {0x81, 0x00, 0x00, 0xFF}}},
	{{{6874, -2611, 933}, 0, {-3554, -7611}, {0x81, 0x00, 0x00, 0xFF}}},
	{{{6874, -5036, -2401}, 0, {-14378, 261}, {0x81, 0x00, 0x00, 0xFF}}},
	{{{6874, -4126, -2401}, 0, {-14378, -2692}, {0x81, 0x00, 0x00, 0xFF}}},
	{{{6874, -10779, -3357}, 0, {-17478, 18899}, {0x81, 0x00, 0x00, 0xFF}}},
	{{{6874, -10779, -2308}, 0, {-14074, 18899}, {0x81, 0x00, 0x00, 0xFF}}},
	{{{6874, -5742, -453}, 0, {-8055, 2551}, {0x81, 0x00, 0x00, 0xFF}}},
	{{{6874, -10779, -545}, 0, {-8353, 18899}, {0x81, 0x00, 0x00, 0xFF}}},
	{{{6874, -10779, 2217}, 0, {612, 18899}, {0x81, 0x00, 0x00, 0xFF}}},
	{{{8814, -2749, 4436}, 0, {7813, -7354}, {0x00, 0x7F, 0x00, 0xFF}}},
	{{{9335, -2749, 4436}, 0, {7813, -7354}, {0x00, 0x7F, 0x00, 0xFF}}},
	{{{9252, -2749, 4359}, 0, {7563, -7354}, {0x00, 0x7F, 0x00, 0xFF}}},
	{{{9252, -2749, 4030}, 0, {6498, -7354}, {0x00, 0x7F, 0x00, 0xFF}}},
	{{{9335, -2749, 3953}, 0, {6248, -7354}, {0x00, 0x7F, 0x00, 0xFF}}},
	{{{8898, -2749, 4030}, 0, {6498, -7354}, {0x00, 0x7F, 0x00, 0xFF}}},
	{{{8814, -2749, 3953}, 0, {6248, -7354}, {0x00, 0x7F, 0x00, 0xFF}}},
	{{{8898, -2749, 4359}, 0, {7563, -7354}, {0x00, 0x7F, 0x00, 0xFF}}},
	{{{9237, -399, 3771}, 0, {5657, -14789}, {0x00, 0x81, 0x00, 0xFF}}},
	{{{8912, -399, 3771}, 0, {5657, -14789}, {0x00, 0x81, 0x00, 0xFF}}},
	{{{8964, -399, 3719}, 0, {5488, -14789}, {0x00, 0x81, 0x00, 0xFF}}},
	{{{8964, -399, 3498}, 0, {4771, -14789}, {0x00, 0x81, 0x00, 0xFF}}},
	{{{8912, -399, 3446}, 0, {4602, -14789}, {0x00, 0x81, 0x00, 0xFF}}},
	{{{9185, -399, 3498}, 0, {4771, -14789}, {0x00, 0x81, 0x00, 0xFF}}},
	{{{9237, -399, 3446}, 0, {4602, -14789}, {0x00, 0x81, 0x00, 0xFF}}},
	{{{9185, -399, 3719}, 0, {5488, -14789}, {0x00, 0x81, 0x00, 0xFF}}},
	{{{9185, -332, 3719}, 0, {5488, -15007}, {0x00, 0x81, 0x00, 0xFF}}},
	{{{8964, -332, 3719}, 0, {5488, -15007}, {0x00, 0x81, 0x00, 0xFF}}},
	{{{9009, -332, 3674}, 0, {5342, -15007}, {0x00, 0x81, 0x00, 0xFF}}},
	{{{9009, -332, 3543}, 0, {4916, -15007}, {0x00, 0x81, 0x00, 0xFF}}},
	{{{8964, -332, 3498}, 0, {4771, -15007}, {0x00, 0x81, 0x00, 0xFF}}},
	{{{9140, -332, 3543}, 0, {4916, -15007}, {0x00, 0x81, 0x00, 0xFF}}},
	{{{9185, -332, 3498}, 0, {4771, -15007}, {0x00, 0x81, 0x00, 0xFF}}},
	{{{9140, -332, 3674}, 0, {5342, -15007}, {0x00, 0x81, 0x00, 0xFF}}},
	{{{-925, -9335, -463}, 0, {-8086, 14213}, {0x00, 0x7F, 0x00, 0xFF}}},
	{{{-1114, -9335, -463}, 0, {-8086, 14213}, {0x00, 0x7F, 0x00, 0xFF}}},
	{{{-1101, -9335, -428}, 0, {-7971, 14213}, {0x00, 0x7F, 0x00, 0xFF}}},
	{{{-1301, -9335, 28}, 0, {-6491, 14213}, {0x00, 0x7F, 0x00, 0xFF}}},
	{{{-1345, -9335, 64}, 0, {-6376, 14213}, {0x00, 0x7F, 0x00, 0xFF}}},
	{{{-737, -9335, 28}, 0, {-6491, 14213}, {0x00, 0x7F, 0x00, 0xFF}}},
	{{{-693, -9335, 64}, 0, {-6376, 14213}, {0x00, 0x7F, 0x00, 0xFF}}},
	{{{-937, -9335, -428}, 0, {-7971, 14213}, {0x00, 0x7F, 0x00, 0xFF}}},
	{{{-4506, -4936, 4055}, 0, {6578, -65}, {0x00, 0x7F, 0x00, 0xFF}}},
	{{{-4734, -4936, 4186}, 0, {7004, -65}, {0x00, 0x7F, 0x00, 0xFF}}},
	{{{-4734, -4936, 4297}, 0, {7365, -65}, {0x00, 0x7F, 0x00, 0xFF}}},
	{{{-5057, -4936, 4111}, 0, {6758, -65}, {0x00, 0x7F, 0x00, 0xFF}}},
	{{{-4961, -4936, 4055}, 0, {6578, -65}, {0x00, 0x7F, 0x00, 0xFF}}},
	{{{-5057, -4936, 3737}, 0, {5546, -65}, {0x00, 0x7F, 0x00, 0xFF}}},
	{{{-4961, -4936, 3792}, 0, {5726, -65}, {0x00, 0x7F, 0x00, 0xFF}}},
	{{{-4734, -4936, 3550}, 0, {4939, -65}, {0x00, 0x7F, 0x00, 0xFF}}},
	{{{-4734, -4936, 3661}, 0, {5300, -65}, {0x00, 0x7F, 0x00, 0xFF}}},
	{{{-4410, -4936, 3737}, 0, {5546, -65}, {0x00, 0x7F, 0x00, 0xFF}}},
	{{{-4506, -4936, 3792}, 0, {5726, -65}, {0x00, 0x7F, 0x00, 0xFF}}},
	{{{-4410, -4936, 4111}, 0, {6758, -65}, {0x00, 0x7F, 0x00, 0xFF}}},
	{{{-4410, -4936, 4111}, 0, {6758, -65}, {0x4B, 0x5D, 0x2B, 0xFF}}},
	{{{-4734, -4936, 4297}, 0, {7365, -65}, {0x00, 0x5D, 0x57, 0xFF}}},
	{{{-4734, -5000, 4367}, 0, {7590, 145}, {0x00, 0x5D, 0x57, 0xFF}}},
	{{{-5118, -5000, 4145}, 0, {6871, 145}, {0xB5, 0x5D, 0x2B, 0xFF}}},
	{{{-4734, -4936, 4297}, 0, {7365, -65}, {0x00, 0x5D, 0x57, 0xFF}}},
	{{{-5057, -4936, 4111}, 0, {6758, -65}, {0xB5, 0x5D, 0x2B, 0xFF}}},
	{{{-5118, -5000, 4145}, 0, {6871, 145}, {0xB5, 0x5D, 0x2B, 0xFF}}},
	{{{-5118, -5000, 3702}, 0, {5433, 145}, {0xB5, 0x5D, 0xD5, 0xFF}}},
	{{{-5057, -4936, 3737}, 0, {5546, -65}, {0xB5, 0x5D, 0xD5, 0xFF}}},
	{{{-4734, -5000, 3481}, 0, {4714, 145}, {0x00, 0x5D, 0xA9, 0xFF}}},
	{{{-4734, -4936, 3550}, 0, {4939, -65}, {0x00, 0x5D, 0xA9, 0xFF}}},
	{{{-4350, -5000, 3702}, 0, {5433, 145}, {0x4B, 0x5D, 0xD5, 0xFF}}},
	{{{-4410, -4936, 3737}, 0, {5546, -65}, {0x4B, 0x5D, 0xD5, 0xFF}}},
	{{{-4350, -5000, 4145}, 0, {6871, 145}, {0x4B, 0x5D, 0x2B, 0xFF}}},
	{{{-4410, -4936, 4111}, 0, {6758, -65}, {0x4B, 0x5D, 0x2B, 0xFF}}},
	{{{-4734, -5000, 4367}, 0, {7590, 145}, {0x00, 0x5D, 0x57, 0xFF}}},
	{{{-6759, -4918, 4126}, 0, {6809, -122}, {0x00, 0x7F, 0x00, 0xFF}}},
	{{{-7048, -4918, 4293}, 0, {7351, -122}, {0x00, 0x7F, 0x00, 0xFF}}},
	{{{-7048, -4918, 4434}, 0, {7809, -122}, {0x00, 0x7F, 0x00, 0xFF}}},
	{{{-7459, -4918, 4197}, 0, {7038, -122}, {0x00, 0x7F, 0x00, 0xFF}}},
	{{{-7337, -4918, 4126}, 0, {6809, -122}, {0x00, 0x7F, 0x00, 0xFF}}},
	{{{-7459, -4918, 3722}, 0, {5497, -122}, {0x00, 0x7F, 0x00, 0xFF}}},
	{{{-7337, -4918, 3792}, 0, {5726, -122}, {0x00, 0x7F, 0x00, 0xFF}}},
	{{{-7048, -4918, 3484}, 0, {4726, -122}, {0x00, 0x7F, 0x00, 0xFF}}},
	{{{-7048, -4918, 3626}, 0, {5184, -122}, {0x00, 0x7F, 0x00, 0xFF}}},
	{{{-6637, -4918, 3722}, 0, {5497, -122}, {0x00, 0x7F, 0x00, 0xFF}}},
	{{{-6759, -4918, 3792}, 0, {5726, -122}, {0x00, 0x7F, 0x00, 0xFF}}},
	{{{-6637, -4918, 4197}, 0, {7038, -122}, {0x00, 0x7F, 0x00, 0xFF}}},
	{{{-6637, -4918, 4197}, 0, {7038, -122}, {0x4B, 0x5D, 0x2B, 0xFF}}},
	{{{-7048, -4918, 4434}, 0, {7809, -122}, {0x00, 0x5D, 0x57, 0xFF}}},
	{{{-7048, -5000, 4522}, 0, {8095, 145}, {0x00, 0x5D, 0x57, 0xFF}}},
	{{{-7536, -5000, 4241}, 0, {7181, 145}, {0xB5, 0x5D, 0x2B, 0xFF}}},
	{{{-7459, -4918, 4197}, 0, {7038, -122}, {0xB5, 0x5D, 0x2B, 0xFF}}},
	{{{-7536, -5000, 3678}, 0, {5354, 145}, {0xB5, 0x5D, 0xD5, 0xFF}}},
	{{{-7459, -4918, 3722}, 0, {5497, -122}, {0xB5, 0x5D, 0xD5, 0xFF}}},
	{{{-7048, -5000, 3396}, 0, {4440, 145}, {0x00, 0x5D, 0xA9, 0xFF}}},
	{{{-7459, -4918, 3722}, 0, {5497, -122}, {0xB5, 0x5D, 0xD5, 0xFF}}},
	{{{-7048, -4918, 3484}, 0, {4726, -122}, {0x00, 0x5D, 0xA9, 0xFF}}},
	{{{-7048, -5000, 3396}, 0, {4440, 145}, {0x00, 0x5D, 0xA9, 0xFF}}},
	{{{-6560, -5000, 3678}, 0, {5354, 145}, {0x4B, 0x5D, 0xD5, 0xFF}}},
	{{{-6637, -4918, 3722}, 0, {5497, -122}, {0x4B, 0x5D, 0xD5, 0xFF}}},
	{{{-6560, -5000, 4241}, 0, {7181, 145}, {0x4B, 0x5D, 0x2B, 0xFF}}},
	{{{-6637, -4918, 4197}, 0, {7038, -122}, {0x4B, 0x5D, 0x2B, 0xFF}}},
	{{{-7048, -5000, 4522}, 0, {8095, 145}, {0x00, 0x5D, 0x57, 0xFF}}},
	{{{-4506, -4936, 1442}, 0, {-1903, -65}, {0x00, 0x7F, 0x00, 0xFF}}},
	{{{-4410, -4936, 1386}, 0, {-2084, -65}, {0x00, 0x7F, 0x00, 0xFF}}},
	{{{-4734, -4936, 1200}, 0, {-2690, -65}, {0x00, 0x7F, 0x00, 0xFF}}},
	{{{-4506, -4936, 1704}, 0, {-1051, -65}, {0x00, 0x7F, 0x00, 0xFF}}},
	{{{-4410, -4936, 1760}, 0, {-871, -65}, {0x00, 0x7F, 0x00, 0xFF}}},
	{{{-4734, -4936, 1836}, 0, {-625, -65}, {0x00, 0x7F, 0x00, 0xFF}}},
	{{{-4734, -4936, 1947}, 0, {-265, -65}, {0x00, 0x7F, 0x00, 0xFF}}},
	{{{-4961, -4936, 1704}, 0, {-1051, -65}, {0x00, 0x7F, 0x00, 0xFF}}},
	{{{-5057, -4936, 1760}, 0, {-871, -65}, {0x00, 0x7F, 0x00, 0xFF}}},
	{{{-4961, -4936, 1442}, 0, {-1903, -65}, {0x00, 0x7F, 0x00, 0xFF}}},
	{{{-5057, -4936, 1386}, 0, {-2084, -65}, {0x00, 0x7F, 0x00, 0xFF}}},
	{{{-4734, -4936, 1311}, 0, {-2330, -65}, {0x00, 0x7F, 0x00, 0xFF}}},
	{{{-4410, -4936, 1386}, 0, {-2084, -65}, {0x4B, 0x5D, 0xD5, 0xFF}}},
	{{{-4350, -5000, 1352}, 0, {-2196, 145}, {0x4B, 0x5D, 0xD5, 0xFF}}},
	{{{-4734, -5000, 1130}, 0, {-2915, 145}, {0x00, 0x5D, 0xA9, 0xFF}}},
	{{{-4410, -4936, 1760}, 0, {-871, -65}, {0x4B, 0x5D, 0x2B, 0xFF}}},
	{{{-4350, -5000, 1795}, 0, {-758, 145}, {0x4B, 0x5D, 0x2B, 0xFF}}},
	{{{-4734, -4936, 1947}, 0, {-265, -65}, {0x00, 0x5D, 0x57, 0xFF}}},
	{{{-4734, -5000, 2016}, 0, {-39, 145}, {0x00, 0x5D, 0x57, 0xFF}}},
	{{{-5057, -4936, 1760}, 0, {-871, -65}, {0xB5, 0x5D, 0x2B, 0xFF}}},
	{{{-5118, -5000, 1795}, 0, {-758, 145}, {0xB5, 0x5D, 0x2B, 0xFF}}},
	{{{-5057, -4936, 1386}, 0, {-2084, -65}, {0xB5, 0x5D, 0xD5, 0xFF}}},
	{{{-5118, -5000, 1352}, 0, {-2196, 145}, {0xB5, 0x5D, 0xD5, 0xFF}}},
	{{{-4734, -4936, 1200}, 0, {-2690, -65}, {0x00, 0x5D, 0xA9, 0xFF}}},
	{{{-6759, -4918, 1371}, 0, {-2134, -122}, {0x00, 0x7F, 0x00, 0xFF}}},
	{{{-6637, -4918, 1300}, 0, {-2363, -122}, {0x00, 0x7F, 0x00, 0xFF}}},
	{{{-7048, -4918, 1063}, 0, {-3134, -122}, {0x00, 0x7F, 0x00, 0xFF}}},
	{{{-6759, -4918, 1704}, 0, {-1051, -122}, {0x00, 0x7F, 0x00, 0xFF}}},
	{{{-6637, -4918, 1775}, 0, {-822, -122}, {0x00, 0x7F, 0x00, 0xFF}}},
	{{{-7048, -4918, 1871}, 0, {-509, -122}, {0x00, 0x7F, 0x00, 0xFF}}},
	{{{-7048, -4918, 2012}, 0, {-51, -122}, {0x00, 0x7F, 0x00, 0xFF}}},
	{{{-7337, -4918, 1704}, 0, {-1051, -122}, {0x00, 0x7F, 0x00, 0xFF}}},
	{{{-7459, -4918, 1775}, 0, {-822, -122}, {0x00, 0x7F, 0x00, 0xFF}}},
	{{{-7337, -4918, 1371}, 0, {-2134, -122}, {0x00, 0x7F, 0x00, 0xFF}}},
	{{{-7459, -4918, 1300}, 0, {-2363, -122}, {0x00, 0x7F, 0x00, 0xFF}}},
	{{{-7048, -4918, 1204}, 0, {-2676, -122}, {0x00, 0x7F, 0x00, 0xFF}}},
	{{{-6637, -4918, 1300}, 0, {-2363, -122}, {0x4B, 0x5D, 0xD5, 0xFF}}},
	{{{-6560, -5000, 1256}, 0, {-2507, 145}, {0x4B, 0x5D, 0xD5, 0xFF}}},
	{{{-7048, -5000, 975}, 0, {-3420, 145}, {0x00, 0x5D, 0xA9, 0xFF}}},
	{{{-6637, -4918, 1775}, 0, {-822, -122}, {0x4B, 0x5D, 0x2B, 0xFF}}},
	{{{-6560, -5000, 1819}, 0, {-679, 145}, {0x4B, 0x5D, 0x2B, 0xFF}}},
	{{{-7048, -4918, 2012}, 0, {-51, -122}, {0x00, 0x5D, 0x57, 0xFF}}},
	{{{-7048, -5000, 2101}, 0, {235, 145}, {0x00, 0x5D, 0x57, 0xFF}}},
	{{{-7459, -4918, 1775}, 0, {-822, -122}, {0xB5, 0x5D, 0x2B, 0xFF}}},
	{{{-7536, -5000, 1819}, 0, {-679, 145}, {0xB5, 0x5D, 0x2B, 0xFF}}},
	{{{-7459, -4918, 1300}, 0, {-2363, -122}, {0xB5, 0x5D, 0xD5, 0xFF}}},
	{{{-7536, -5000, 1256}, 0, {-2507, 145}, {0xB5, 0x5D, 0xD5, 0xFF}}},
	{{{-7048, -4918, 1063}, 0, {-3134, -122}, {0x00, 0x5D, 0xA9, 0xFF}}},
	{{{-5516, -4986, 3655}, 0, {5281, 97}, {0x3D, 0x57, 0xBA, 0xFF}}},
	{{{-5562, -4805, 3836}, 0, {5867, -491}, {0x41, 0x5D, 0xC7, 0xFF}}},
	{{{-5437, -4841, 4144}, 0, {6866, -371}, {0x60, 0x52, 0x11, 0xFF}}},
	{{{-5821, -4841, 3703}, 0, {5435, -371}, {0xE8, 0x6A, 0xBE, 0xFF}}},
	{{{-5820, -5000, 3517}, 0, {4832, 145}, {0xF0, 0x60, 0xAE, 0xFF}}},
	{{{-6158, -5000, 3887}, 0, {6032, 145}, {0xAB, 0x4D, 0xCA, 0xFF}}},
	{{{-6068, -4841, 3974}, 0, {6315, -371}, {0xBE, 0x64, 0xD6, 0xFF}}},
	{{{-6336, -5000, 4378}, 0, {7625, 145}, {0xAB, 0x5E, 0x0A, 0xFF}}},
	{{{-6336, -5000, 4378}, 0, {7625, 145}, {0xAB, 0x5E, 0x0A, 0xFF}}},
	{{{-6156, -4841, 4234}, 0, {7157, -371}, {0xAB, 0x5D, 0xF0, 0xFF}}},
	{{{-6068, -4841, 3974}, 0, {6315, -371}, {0xBE, 0x64, 0xD6, 0xFF}}},
	{{{-5997, -4841, 4729}, 0, {8766, -371}, {0xE4, 0x68, 0x43, 0xFF}}},
	{{{-6060, -5000, 4881}, 0, {9259, 145}, {0xD7, 0x5B, 0x4E, 0xFF}}},
	{{{-5749, -5000, 4865}, 0, {9208, 145}, {0x2A, 0x60, 0x47, 0xFF}}},
	{{{-5786, -4766, 4518}, 0, {8082, -614}, {0x26, 0x74, 0x24, 0xFF}}},
	{{{-5469, -5000, 4398}, 0, {7692, 145}, {0x51, 0x51, 0x36, 0xFF}}},
	{{{-5656, -4766, 4301}, 0, {7376, -614}, {0x29, 0x76, 0x17, 0xFF}}},
	{{{-5437, -4841, 4144}, 0, {6866, -371}, {0x60, 0x52, 0x11, 0xFF}}},
	{{{-5329, -5000, 4164}, 0, {6931, 145}, {0x68, 0x48, 0x0C, 0xFF}}},
	{{{-5516, -4986, 3655}, 0, {5281, 97}, {0x3D, 0x57, 0xBA, 0xFF}}},
	{{{-5549, -4783, 4152}, 0, {6892, -561}, {0x22, 0x7A, 0x0F, 0xFF}}},
	{{{-6031, -4766, 4206}, 0, {7069, -614}, {0xE3, 0x7B, 0xEF, 0xFF}}},
	{{{-5671, -4771, 3909}, 0, {6105, -600}, {0xFA, 0x7C, 0xE8, 0xFF}}},
	{{{-5821, -4841, 3703}, 0, {5435, -371}, {0xE8, 0x6A, 0xBE, 0xFF}}},
	{{{-5562, -4805, 3836}, 0, {5867, -491}, {0x41, 0x5D, 0xC7, 0xFF}}},
	{{{-5931, -4766, 4526}, 0, {8106, -614}, {0x01, 0x7D, 0x17, 0xFF}}},
	{{{-737, -9314, 28}, 0, {-6491, 14145}, {0x00, 0x7F, 0x00, 0xFF}}},
	{{{-937, -9314, -428}, 0, {-7971, 14145}, {0x00, 0x7F, 0x00, 0xFF}}},
	{{{-1019, -9314, -147}, 0, {-7059, 14145}, {0x00, 0x7F, 0x00, 0xFF}}},
	{{{-1101, -9314, -428}, 0, {-7971, 14145}, {0x00, 0x7F, 0x00, 0xFF}}},
	{{{-1301, -9314, 28}, 0, {-6491, 14145}, {0x00, 0x7F, 0x00, 0xFF}}},
	{{{9098, -623, 3585}, 0, {5053, -14064}, {0x00, 0x81, 0x00, 0xFF}}},
	{{{9098, -623, 3632}, 0, {5205, -14064}, {0x00, 0x81, 0x00, 0xFF}}},
	{{{9075, -623, 3609}, 0, {5129, -14064}, {0x00, 0x81, 0x00, 0xFF}}},
	{{{9051, -623, 3632}, 0, {5205, -14064}, {0x00, 0x81, 0x00, 0xFF}}},
	{{{9051, -623, 3585}, 0, {5053, -14064}, {0x00, 0x81, 0x00, 0xFF}}},
};

Gfx catamesa_dl_Plane_003_mesh_layer_1_tri_0[] = {
	gsSPVertex(catamesa_dl_Plane_003_mesh_layer_1_vtx_0 + 0, 30, 0),
	gsSP2Triangles(0, 1, 2, 0, 3, 4, 5, 0),
	gsSP2Triangles(6, 7, 8, 0, 9, 10, 11, 0),
	gsSP2Triangles(12, 13, 14, 0, 15, 16, 17, 0),
	gsSP2Triangles(18, 19, 20, 0, 18, 20, 21, 0),
	gsSP2Triangles(22, 23, 24, 0, 22, 24, 25, 0),
	gsSP2Triangles(26, 27, 28, 0, 26, 28, 29, 0),
	gsSPVertex(catamesa_dl_Plane_003_mesh_layer_1_vtx_0 + 30, 32, 0),
	gsSP2Triangles(0, 1, 2, 0, 0, 2, 3, 0),
	gsSP2Triangles(4, 5, 6, 0, 4, 7, 5, 0),
	gsSP2Triangles(4, 8, 7, 0, 4, 9, 8, 0),
	gsSP2Triangles(8, 9, 10, 0, 8, 10, 11, 0),
	gsSP2Triangles(11, 10, 12, 0, 11, 12, 13, 0),
	gsSP2Triangles(7, 8, 14, 0, 7, 14, 15, 0),
	gsSP2Triangles(16, 17, 18, 0, 16, 18, 19, 0),
	gsSP2Triangles(19, 18, 20, 0, 19, 20, 21, 0),
	gsSP2Triangles(21, 20, 22, 0, 21, 22, 23, 0),
	gsSP2Triangles(24, 19, 21, 0, 24, 21, 25, 0),
	gsSP2Triangles(16, 19, 26, 0, 16, 26, 27, 0),
	gsSP2Triangles(28, 29, 30, 0, 28, 30, 31, 0),
	gsSPVertex(catamesa_dl_Plane_003_mesh_layer_1_vtx_0 + 62, 31, 0),
	gsSP2Triangles(0, 1, 2, 0, 1, 3, 2, 0),
	gsSP2Triangles(1, 4, 3, 0, 1, 5, 4, 0),
	gsSP2Triangles(3, 4, 6, 0, 3, 6, 7, 0),
	gsSP2Triangles(0, 2, 8, 0, 9, 10, 11, 0),
	gsSP2Triangles(9, 11, 12, 0, 13, 14, 15, 0),
	gsSP2Triangles(13, 15, 16, 0, 17, 18, 19, 0),
	gsSP2Triangles(17, 19, 20, 0, 20, 19, 21, 0),
	gsSP2Triangles(20, 21, 22, 0, 23, 24, 25, 0),
	gsSP2Triangles(23, 25, 26, 0, 27, 28, 29, 0),
	gsSP1Triangle(27, 29, 30, 0),
	gsSPVertex(catamesa_dl_Plane_003_mesh_layer_1_vtx_0 + 93, 32, 0),
	gsSP2Triangles(0, 1, 2, 0, 0, 2, 3, 0),
	gsSP2Triangles(4, 5, 6, 0, 4, 6, 7, 0),
	gsSP2Triangles(8, 9, 10, 0, 8, 10, 11, 0),
	gsSP2Triangles(11, 10, 12, 0, 12, 10, 13, 0),
	gsSP2Triangles(11, 12, 14, 0, 15, 16, 17, 0),
	gsSP2Triangles(15, 18, 16, 0, 19, 18, 15, 0),
	gsSP2Triangles(15, 20, 19, 0, 15, 21, 20, 0),
	gsSP2Triangles(21, 22, 20, 0, 21, 23, 22, 0),
	gsSP2Triangles(23, 24, 22, 0, 23, 25, 24, 0),
	gsSP2Triangles(25, 26, 24, 0, 25, 27, 26, 0),
	gsSP2Triangles(27, 25, 28, 0, 27, 28, 29, 0),
	gsSP2Triangles(30, 29, 28, 0, 30, 31, 29, 0),
	gsSPVertex(catamesa_dl_Plane_003_mesh_layer_1_vtx_0 + 125, 30, 0),
	gsSP2Triangles(0, 1, 2, 0, 2, 3, 0, 0),
	gsSP2Triangles(2, 4, 3, 0, 4, 5, 3, 0),
	gsSP2Triangles(4, 6, 5, 0, 6, 7, 8, 0),
	gsSP2Triangles(6, 9, 7, 0, 10, 11, 12, 0),
	gsSP2Triangles(10, 13, 11, 0, 13, 10, 14, 0),
	gsSP2Triangles(14, 10, 15, 0, 15, 16, 14, 0),
	gsSP2Triangles(15, 17, 16, 0, 17, 15, 18, 0),
	gsSP2Triangles(18, 15, 19, 0, 18, 19, 20, 0),
	gsSP2Triangles(21, 20, 19, 0, 21, 22, 20, 0),
	gsSP2Triangles(18, 23, 17, 0, 18, 24, 23, 0),
	gsSP2Triangles(24, 18, 13, 0, 13, 25, 24, 0),
	gsSP2Triangles(13, 26, 25, 0, 13, 14, 26, 0),
	gsSP2Triangles(25, 27, 24, 0, 23, 28, 17, 0),
	gsSP1Triangle(29, 16, 17, 0),
	gsSPVertex(catamesa_dl_Plane_003_mesh_layer_1_vtx_0 + 155, 32, 0),
	gsSP2Triangles(0, 1, 2, 0, 0, 3, 1, 0),
	gsSP2Triangles(4, 3, 0, 0, 4, 5, 3, 0),
	gsSP2Triangles(5, 4, 6, 0, 4, 7, 6, 0),
	gsSP2Triangles(4, 8, 7, 0, 8, 9, 7, 0),
	gsSP2Triangles(8, 10, 9, 0, 8, 11, 10, 0),
	gsSP2Triangles(8, 12, 11, 0, 13, 11, 12, 0),
	gsSP2Triangles(13, 14, 11, 0, 10, 15, 9, 0),
	gsSP2Triangles(15, 16, 9, 0, 15, 5, 16, 0),
	gsSP2Triangles(5, 6, 16, 0, 17, 18, 19, 0),
	gsSP2Triangles(17, 19, 20, 0, 21, 22, 23, 0),
	gsSP2Triangles(21, 23, 24, 0, 25, 26, 27, 0),
	gsSP2Triangles(25, 27, 28, 0, 29, 28, 27, 0),
	gsSP2Triangles(29, 30, 28, 0, 31, 30, 29, 0),
	gsSPVertex(catamesa_dl_Plane_003_mesh_layer_1_vtx_0 + 187, 31, 0),
	gsSP2Triangles(0, 1, 2, 0, 3, 1, 0, 0),
	gsSP2Triangles(4, 3, 0, 0, 4, 0, 5, 0),
	gsSP2Triangles(6, 4, 5, 0, 6, 5, 7, 0),
	gsSP2Triangles(8, 6, 7, 0, 8, 7, 1, 0),
	gsSP2Triangles(3, 8, 1, 0, 9, 10, 11, 0),
	gsSP2Triangles(9, 11, 12, 0, 13, 14, 15, 0),
	gsSP2Triangles(13, 16, 14, 0, 17, 16, 13, 0),
	gsSP2Triangles(17, 18, 16, 0, 19, 20, 21, 0),
	gsSP2Triangles(19, 21, 22, 0, 23, 24, 25, 0),
	gsSP2Triangles(23, 25, 26, 0, 27, 28, 29, 0),
	gsSP1Triangle(27, 29, 30, 0),
	gsSPVertex(catamesa_dl_Plane_003_mesh_layer_1_vtx_0 + 218, 32, 0),
	gsSP2Triangles(0, 1, 2, 0, 0, 2, 3, 0),
	gsSP2Triangles(4, 5, 6, 0, 7, 4, 6, 0),
	gsSP2Triangles(7, 6, 8, 0, 9, 7, 8, 0),
	gsSP2Triangles(9, 10, 7, 0, 11, 7, 10, 0),
	gsSP2Triangles(11, 10, 12, 0, 13, 14, 15, 0),
	gsSP2Triangles(13, 16, 14, 0, 17, 16, 13, 0),
	gsSP2Triangles(17, 13, 18, 0, 17, 18, 19, 0),
	gsSP2Triangles(17, 19, 20, 0, 21, 22, 23, 0),
	gsSP2Triangles(21, 23, 24, 0, 23, 25, 24, 0),
	gsSP2Triangles(25, 23, 26, 0, 26, 27, 25, 0),
	gsSP2Triangles(27, 28, 25, 0, 28, 27, 29, 0),
	gsSP2Triangles(28, 29, 30, 0, 30, 29, 31, 0),
	gsSPVertex(catamesa_dl_Plane_003_mesh_layer_1_vtx_0 + 250, 32, 0),
	gsSP2Triangles(0, 1, 2, 0, 3, 4, 5, 0),
	gsSP2Triangles(5, 6, 3, 0, 5, 7, 6, 0),
	gsSP2Triangles(7, 8, 6, 0, 7, 9, 8, 0),
	gsSP2Triangles(9, 10, 8, 0, 9, 11, 10, 0),
	gsSP2Triangles(12, 13, 14, 0, 12, 14, 15, 0),
	gsSP2Triangles(16, 17, 18, 0, 16, 19, 17, 0),
	gsSP2Triangles(20, 19, 16, 0, 20, 21, 19, 0),
	gsSP2Triangles(22, 23, 24, 0, 22, 25, 23, 0),
	gsSP2Triangles(26, 25, 22, 0, 26, 27, 25, 0),
	gsSP2Triangles(28, 29, 30, 0, 28, 30, 31, 0),
	gsSPVertex(catamesa_dl_Plane_003_mesh_layer_1_vtx_0 + 282, 32, 0),
	gsSP2Triangles(0, 1, 2, 0, 0, 2, 3, 0),
	gsSP2Triangles(4, 0, 3, 0, 5, 0, 4, 0),
	gsSP2Triangles(5, 6, 0, 0, 7, 8, 9, 0),
	gsSP2Triangles(7, 9, 10, 0, 11, 12, 13, 0),
	gsSP2Triangles(11, 13, 14, 0, 15, 16, 17, 0),
	gsSP2Triangles(15, 18, 16, 0, 18, 15, 19, 0),
	gsSP2Triangles(18, 19, 20, 0, 20, 19, 21, 0),
	gsSP2Triangles(20, 21, 22, 0, 22, 21, 23, 0),
	gsSP2Triangles(22, 23, 24, 0, 25, 26, 27, 0),
	gsSP2Triangles(25, 27, 28, 0, 29, 30, 31, 0),
	gsSPVertex(catamesa_dl_Plane_003_mesh_layer_1_vtx_0 + 314, 30, 0),
	gsSP2Triangles(0, 1, 2, 0, 3, 4, 5, 0),
	gsSP2Triangles(3, 5, 6, 0, 7, 8, 9, 0),
	gsSP2Triangles(7, 9, 10, 0, 11, 12, 13, 0),
	gsSP2Triangles(11, 13, 14, 0, 15, 16, 17, 0),
	gsSP2Triangles(15, 17, 18, 0, 19, 20, 21, 0),
	gsSP2Triangles(19, 21, 22, 0, 22, 21, 23, 0),
	gsSP2Triangles(22, 23, 24, 0, 25, 26, 27, 0),
	gsSP2Triangles(28, 25, 27, 0, 28, 27, 29, 0),
	gsSPVertex(catamesa_dl_Plane_003_mesh_layer_1_vtx_0 + 344, 31, 0),
	gsSP2Triangles(0, 1, 2, 0, 3, 0, 2, 0),
	gsSP2Triangles(3, 2, 4, 0, 5, 6, 7, 0),
	gsSP2Triangles(5, 7, 8, 0, 9, 5, 8, 0),
	gsSP2Triangles(10, 11, 12, 0, 10, 12, 13, 0),
	gsSP2Triangles(14, 13, 12, 0, 14, 15, 13, 0),
	gsSP2Triangles(16, 17, 18, 0, 16, 18, 19, 0),
	gsSP2Triangles(20, 19, 18, 0, 20, 21, 19, 0),
	gsSP2Triangles(21, 20, 22, 0, 21, 22, 23, 0),
	gsSP2Triangles(24, 25, 26, 0, 25, 27, 26, 0),
	gsSP2Triangles(25, 28, 27, 0, 25, 29, 28, 0),
	gsSP1Triangle(25, 30, 29, 0),
	gsSPVertex(catamesa_dl_Plane_003_mesh_layer_1_vtx_0 + 375, 32, 0),
	gsSP2Triangles(0, 1, 2, 0, 0, 2, 3, 0),
	gsSP2Triangles(4, 5, 6, 0, 4, 6, 7, 0),
	gsSP2Triangles(8, 9, 10, 0, 8, 10, 11, 0),
	gsSP2Triangles(12, 13, 14, 0, 12, 14, 15, 0),
	gsSP2Triangles(16, 17, 18, 0, 19, 16, 18, 0),
	gsSP2Triangles(19, 18, 20, 0, 21, 19, 20, 0),
	gsSP2Triangles(22, 23, 24, 0, 22, 25, 23, 0),
	gsSP2Triangles(26, 25, 22, 0, 26, 27, 25, 0),
	gsSP2Triangles(28, 29, 30, 0, 28, 30, 31, 0),
	gsSPVertex(catamesa_dl_Plane_003_mesh_layer_1_vtx_0 + 407, 32, 0),
	gsSP2Triangles(0, 1, 2, 0, 0, 3, 1, 0),
	gsSP2Triangles(4, 5, 6, 0, 5, 7, 6, 0),
	gsSP2Triangles(5, 8, 7, 0, 5, 9, 8, 0),
	gsSP2Triangles(5, 10, 9, 0, 10, 11, 9, 0),
	gsSP2Triangles(10, 12, 11, 0, 10, 13, 12, 0),
	gsSP2Triangles(13, 14, 12, 0, 13, 15, 14, 0),
	gsSP2Triangles(15, 13, 16, 0, 17, 12, 14, 0),
	gsSP2Triangles(17, 14, 18, 0, 18, 14, 19, 0),
	gsSP2Triangles(20, 18, 19, 0, 20, 19, 21, 0),
	gsSP2Triangles(22, 18, 20, 0, 22, 23, 18, 0),
	gsSP2Triangles(24, 22, 20, 0, 24, 25, 22, 0),
	gsSP2Triangles(24, 26, 25, 0, 26, 27, 25, 0),
	gsSP2Triangles(26, 28, 27, 0, 26, 29, 28, 0),
	gsSP2Triangles(29, 30, 28, 0, 29, 31, 30, 0),
	gsSPVertex(catamesa_dl_Plane_003_mesh_layer_1_vtx_0 + 439, 32, 0),
	gsSP2Triangles(0, 1, 2, 0, 1, 3, 2, 0),
	gsSP2Triangles(1, 4, 3, 0, 5, 6, 7, 0),
	gsSP2Triangles(5, 8, 6, 0, 9, 10, 11, 0),
	gsSP2Triangles(9, 11, 12, 0, 13, 9, 12, 0),
	gsSP2Triangles(14, 15, 16, 0, 14, 17, 15, 0),
	gsSP2Triangles(15, 17, 18, 0, 15, 18, 19, 0),
	gsSP2Triangles(19, 18, 20, 0, 20, 18, 21, 0),
	gsSP2Triangles(20, 21, 22, 0, 22, 21, 23, 0),
	gsSP2Triangles(23, 21, 24, 0, 23, 24, 25, 0),
	gsSP2Triangles(25, 24, 26, 0, 26, 24, 27, 0),
	gsSP2Triangles(26, 27, 28, 0, 29, 28, 27, 0),
	gsSP2Triangles(29, 27, 30, 0, 31, 25, 26, 0),
	gsSPVertex(catamesa_dl_Plane_003_mesh_layer_1_vtx_0 + 471, 31, 0),
	gsSP2Triangles(0, 1, 2, 0, 3, 4, 5, 0),
	gsSP2Triangles(3, 5, 6, 0, 7, 8, 9, 0),
	gsSP2Triangles(8, 10, 9, 0, 8, 11, 10, 0),
	gsSP2Triangles(12, 13, 14, 0, 12, 14, 15, 0),
	gsSP2Triangles(16, 17, 18, 0, 16, 18, 19, 0),
	gsSP2Triangles(19, 20, 16, 0, 19, 21, 20, 0),
	gsSP2Triangles(22, 23, 24, 0, 23, 25, 24, 0),
	gsSP2Triangles(23, 26, 25, 0, 27, 28, 29, 0),
	gsSP1Triangle(27, 29, 30, 0),
	gsSPVertex(catamesa_dl_Plane_003_mesh_layer_1_vtx_0 + 502, 32, 0),
	gsSP2Triangles(0, 1, 2, 0, 1, 3, 2, 0),
	gsSP2Triangles(1, 4, 3, 0, 5, 6, 7, 0),
	gsSP2Triangles(5, 8, 6, 0, 8, 9, 6, 0),
	gsSP2Triangles(10, 11, 12, 0, 11, 13, 12, 0),
	gsSP2Triangles(11, 14, 13, 0, 15, 16, 17, 0),
	gsSP2Triangles(15, 17, 18, 0, 19, 20, 21, 0),
	gsSP2Triangles(19, 21, 22, 0, 23, 24, 25, 0),
	gsSP2Triangles(24, 26, 25, 0, 24, 27, 26, 0),
	gsSP2Triangles(28, 29, 30, 0, 31, 28, 30, 0),
	gsSPVertex(catamesa_dl_Plane_003_mesh_layer_1_vtx_0 + 534, 32, 0),
	gsSP2Triangles(0, 1, 2, 0, 3, 4, 5, 0),
	gsSP2Triangles(3, 5, 6, 0, 7, 8, 9, 0),
	gsSP2Triangles(9, 10, 7, 0, 7, 10, 11, 0),
	gsSP2Triangles(11, 12, 7, 0, 11, 13, 12, 0),
	gsSP2Triangles(12, 13, 14, 0, 12, 14, 15, 0),
	gsSP2Triangles(12, 15, 16, 0, 16, 15, 17, 0),
	gsSP2Triangles(18, 16, 17, 0, 16, 18, 19, 0),
	gsSP2Triangles(20, 21, 22, 0, 23, 20, 22, 0),
	gsSP2Triangles(23, 22, 24, 0, 25, 26, 27, 0),
	gsSP2Triangles(25, 27, 28, 0, 29, 30, 31, 0),
	gsSPVertex(catamesa_dl_Plane_003_mesh_layer_1_vtx_0 + 566, 32, 0),
	gsSP2Triangles(0, 1, 2, 0, 3, 4, 5, 0),
	gsSP2Triangles(3, 5, 6, 0, 7, 8, 9, 0),
	gsSP2Triangles(7, 9, 10, 0, 11, 12, 13, 0),
	gsSP2Triangles(11, 13, 14, 0, 15, 16, 17, 0),
	gsSP2Triangles(16, 18, 17, 0, 16, 19, 18, 0),
	gsSP2Triangles(20, 21, 22, 0, 20, 22, 23, 0),
	gsSP2Triangles(24, 25, 26, 0, 24, 26, 27, 0),
	gsSP2Triangles(28, 29, 30, 0, 31, 28, 30, 0),
	gsSPVertex(catamesa_dl_Plane_003_mesh_layer_1_vtx_0 + 598, 32, 0),
	gsSP2Triangles(0, 1, 2, 0, 3, 4, 5, 0),
	gsSP2Triangles(3, 6, 4, 0, 6, 7, 4, 0),
	gsSP2Triangles(8, 9, 10, 0, 8, 10, 11, 0),
	gsSP2Triangles(12, 13, 14, 0, 12, 14, 15, 0),
	gsSP2Triangles(16, 17, 18, 0, 16, 18, 19, 0),
	gsSP2Triangles(20, 21, 22, 0, 20, 22, 23, 0),
	gsSP2Triangles(24, 25, 26, 0, 24, 27, 25, 0),
	gsSP2Triangles(27, 28, 25, 0, 29, 30, 31, 0),
	gsSPVertex(catamesa_dl_Plane_003_mesh_layer_1_vtx_0 + 630, 32, 0),
	gsSP2Triangles(0, 1, 2, 0, 3, 4, 5, 0),
	gsSP2Triangles(3, 5, 6, 0, 7, 8, 9, 0),
	gsSP2Triangles(7, 10, 8, 0, 10, 11, 8, 0),
	gsSP2Triangles(12, 13, 14, 0, 13, 15, 14, 0),
	gsSP2Triangles(13, 16, 15, 0, 17, 18, 19, 0),
	gsSP2Triangles(17, 19, 20, 0, 21, 22, 23, 0),
	gsSP2Triangles(21, 23, 24, 0, 25, 26, 27, 0),
	gsSP2Triangles(25, 27, 28, 0, 29, 30, 31, 0),
	gsSPVertex(catamesa_dl_Plane_003_mesh_layer_1_vtx_0 + 662, 32, 0),
	gsSP2Triangles(0, 1, 2, 0, 3, 4, 5, 0),
	gsSP2Triangles(3, 5, 6, 0, 7, 8, 9, 0),
	gsSP2Triangles(7, 9, 10, 0, 11, 12, 13, 0),
	gsSP2Triangles(11, 13, 14, 0, 15, 16, 17, 0),
	gsSP2Triangles(15, 17, 18, 0, 19, 20, 21, 0),
	gsSP2Triangles(19, 21, 22, 0, 22, 21, 23, 0),
	gsSP2Triangles(22, 23, 24, 0, 25, 26, 27, 0),
	gsSP2Triangles(25, 27, 28, 0, 29, 30, 31, 0),
	gsSPVertex(catamesa_dl_Plane_003_mesh_layer_1_vtx_0 + 694, 32, 0),
	gsSP2Triangles(0, 1, 2, 0, 3, 4, 5, 0),
	gsSP2Triangles(3, 5, 6, 0, 7, 8, 9, 0),
	gsSP2Triangles(7, 10, 8, 0, 11, 8, 10, 0),
	gsSP2Triangles(11, 10, 12, 0, 13, 14, 15, 0),
	gsSP2Triangles(13, 15, 16, 0, 17, 18, 19, 0),
	gsSP2Triangles(17, 19, 20, 0, 21, 22, 23, 0),
	gsSP2Triangles(21, 24, 22, 0, 24, 25, 22, 0),
	gsSP2Triangles(24, 26, 25, 0, 26, 27, 25, 0),
	gsSP2Triangles(26, 28, 27, 0, 29, 30, 31, 0),
	gsSPVertex(catamesa_dl_Plane_003_mesh_layer_1_vtx_0 + 726, 32, 0),
	gsSP2Triangles(0, 1, 2, 0, 3, 4, 5, 0),
	gsSP2Triangles(3, 5, 6, 0, 7, 8, 9, 0),
	gsSP2Triangles(7, 9, 10, 0, 11, 12, 13, 0),
	gsSP2Triangles(11, 13, 14, 0, 15, 16, 17, 0),
	gsSP2Triangles(15, 17, 18, 0, 19, 20, 21, 0),
	gsSP2Triangles(19, 22, 20, 0, 22, 23, 20, 0),
	gsSP2Triangles(22, 24, 23, 0, 24, 25, 23, 0),
	gsSP2Triangles(24, 26, 25, 0, 27, 28, 29, 0),
	gsSP2Triangles(27, 30, 28, 0, 28, 30, 31, 0),
	gsSPVertex(catamesa_dl_Plane_003_mesh_layer_1_vtx_0 + 758, 32, 0),
	gsSP2Triangles(0, 1, 2, 0, 3, 4, 5, 0),
	gsSP2Triangles(3, 6, 4, 0, 4, 6, 7, 0),
	gsSP2Triangles(4, 7, 8, 0, 9, 10, 11, 0),
	gsSP2Triangles(9, 11, 12, 0, 9, 12, 13, 0),
	gsSP2Triangles(9, 13, 14, 0, 15, 16, 17, 0),
	gsSP2Triangles(15, 17, 18, 0, 19, 20, 21, 0),
	gsSP2Triangles(19, 22, 20, 0, 20, 22, 23, 0),
	gsSP2Triangles(22, 24, 23, 0, 22, 25, 24, 0),
	gsSP2Triangles(25, 26, 24, 0, 25, 27, 26, 0),
	gsSP2Triangles(28, 26, 27, 0, 28, 27, 29, 0),
	gsSP2Triangles(27, 30, 29, 0, 27, 31, 30, 0),
	gsSPVertex(catamesa_dl_Plane_003_mesh_layer_1_vtx_0 + 790, 32, 0),
	gsSP2Triangles(0, 1, 2, 0, 0, 3, 1, 0),
	gsSP2Triangles(3, 4, 1, 0, 3, 5, 4, 0),
	gsSP2Triangles(5, 6, 4, 0, 6, 7, 4, 0),
	gsSP2Triangles(6, 8, 7, 0, 9, 10, 8, 0),
	gsSP2Triangles(9, 8, 11, 0, 11, 12, 9, 0),
	gsSP2Triangles(11, 13, 12, 0, 14, 15, 16, 0),
	gsSP2Triangles(14, 16, 17, 0, 18, 14, 17, 0),
	gsSP2Triangles(18, 17, 19, 0, 20, 18, 19, 0),
	gsSP2Triangles(20, 19, 21, 0, 22, 23, 24, 0),
	gsSP2Triangles(22, 25, 23, 0, 26, 23, 25, 0),
	gsSP2Triangles(27, 26, 25, 0, 26, 28, 23, 0),
	gsSP2Triangles(26, 29, 28, 0, 30, 29, 26, 0),
	gsSP1Triangle(30, 31, 29, 0),
	gsSPVertex(catamesa_dl_Plane_003_mesh_layer_1_vtx_0 + 822, 30, 0),
	gsSP2Triangles(0, 1, 2, 0, 0, 3, 1, 0),
	gsSP2Triangles(3, 4, 1, 0, 3, 5, 4, 0),
	gsSP2Triangles(6, 7, 8, 0, 6, 8, 9, 0),
	gsSP2Triangles(10, 11, 12, 0, 10, 12, 13, 0),
	gsSP2Triangles(14, 15, 16, 0, 14, 16, 17, 0),
	gsSP2Triangles(18, 14, 17, 0, 18, 17, 19, 0),
	gsSP2Triangles(20, 18, 19, 0, 20, 19, 21, 0),
	gsSP2Triangles(22, 23, 24, 0, 22, 24, 25, 0),
	gsSP2Triangles(26, 27, 28, 0, 26, 28, 29, 0),
	gsSPVertex(catamesa_dl_Plane_003_mesh_layer_1_vtx_0 + 852, 32, 0),
	gsSP2Triangles(0, 1, 2, 0, 0, 2, 3, 0),
	gsSP2Triangles(4, 5, 6, 0, 4, 6, 7, 0),
	gsSP2Triangles(8, 9, 10, 0, 8, 10, 11, 0),
	gsSP2Triangles(12, 8, 11, 0, 12, 11, 13, 0),
	gsSP2Triangles(14, 15, 16, 0, 14, 16, 17, 0),
	gsSP2Triangles(18, 19, 20, 0, 18, 20, 21, 0),
	gsSP2Triangles(22, 23, 24, 0, 22, 25, 23, 0),
	gsSP2Triangles(22, 26, 25, 0, 22, 27, 26, 0),
	gsSP2Triangles(27, 28, 26, 0, 27, 29, 28, 0),
	gsSP2Triangles(28, 29, 30, 0, 28, 30, 31, 0),
	gsSPVertex(catamesa_dl_Plane_003_mesh_layer_1_vtx_0 + 884, 30, 0),
	gsSP2Triangles(0, 1, 2, 0, 0, 2, 3, 0),
	gsSP2Triangles(4, 5, 6, 0, 7, 8, 9, 0),
	gsSP2Triangles(7, 9, 10, 0, 11, 12, 13, 0),
	gsSP2Triangles(11, 13, 14, 0, 15, 11, 14, 0),
	gsSP2Triangles(16, 17, 18, 0, 16, 19, 17, 0),
	gsSP2Triangles(20, 19, 16, 0, 21, 20, 16, 0),
	gsSP2Triangles(22, 23, 24, 0, 22, 25, 23, 0),
	gsSP2Triangles(25, 26, 23, 0, 25, 27, 26, 0),
	gsSP2Triangles(23, 26, 28, 0, 23, 28, 29, 0),
	gsSPVertex(catamesa_dl_Plane_003_mesh_layer_1_vtx_0 + 914, 32, 0),
	gsSP2Triangles(0, 1, 2, 0, 0, 2, 3, 0),
	gsSP2Triangles(4, 0, 3, 0, 4, 3, 5, 0),
	gsSP2Triangles(5, 3, 6, 0, 5, 6, 7, 0),
	gsSP2Triangles(8, 9, 10, 0, 8, 10, 11, 0),
	gsSP2Triangles(12, 13, 14, 0, 12, 14, 15, 0),
	gsSP2Triangles(16, 17, 18, 0, 16, 18, 19, 0),
	gsSP2Triangles(20, 16, 19, 0, 20, 19, 21, 0),
	gsSP2Triangles(22, 23, 24, 0, 22, 24, 25, 0),
	gsSP2Triangles(26, 22, 25, 0, 26, 25, 27, 0),
	gsSP2Triangles(28, 29, 30, 0, 28, 30, 31, 0),
	gsSPVertex(catamesa_dl_Plane_003_mesh_layer_1_vtx_0 + 946, 30, 0),
	gsSP2Triangles(0, 1, 2, 0, 0, 2, 3, 0),
	gsSP2Triangles(4, 5, 6, 0, 4, 6, 7, 0),
	gsSP2Triangles(8, 4, 7, 0, 8, 7, 9, 0),
	gsSP2Triangles(10, 11, 12, 0, 10, 13, 11, 0),
	gsSP2Triangles(14, 13, 10, 0, 14, 15, 13, 0),
	gsSP2Triangles(14, 16, 15, 0, 14, 17, 16, 0),
	gsSP2Triangles(17, 18, 16, 0, 17, 19, 18, 0),
	gsSP2Triangles(19, 20, 18, 0, 19, 21, 20, 0),
	gsSP2Triangles(20, 21, 22, 0, 20, 22, 23, 0),
	gsSP2Triangles(22, 24, 23, 0, 22, 25, 24, 0),
	gsSP2Triangles(26, 27, 28, 0, 26, 28, 29, 0),
	gsSPVertex(catamesa_dl_Plane_003_mesh_layer_1_vtx_0 + 976, 30, 0),
	gsSP2Triangles(0, 1, 2, 0, 0, 2, 3, 0),
	gsSP2Triangles(4, 5, 6, 0, 4, 6, 7, 0),
	gsSP2Triangles(8, 4, 7, 0, 8, 7, 9, 0),
	gsSP2Triangles(9, 10, 8, 0, 11, 12, 13, 0),
	gsSP2Triangles(11, 14, 12, 0, 14, 15, 12, 0),
	gsSP2Triangles(14, 16, 15, 0, 15, 16, 17, 0),
	gsSP2Triangles(18, 19, 20, 0, 18, 20, 21, 0),
	gsSP2Triangles(22, 18, 21, 0, 22, 21, 23, 0),
	gsSP2Triangles(24, 25, 26, 0, 24, 26, 27, 0),
	gsSP2Triangles(28, 24, 27, 0, 28, 27, 29, 0),
	gsSPVertex(catamesa_dl_Plane_003_mesh_layer_1_vtx_0 + 1006, 32, 0),
	gsSP2Triangles(0, 1, 2, 0, 0, 2, 3, 0),
	gsSP2Triangles(4, 5, 6, 0, 4, 6, 7, 0),
	gsSP2Triangles(8, 9, 10, 0, 8, 10, 11, 0),
	gsSP2Triangles(12, 13, 14, 0, 12, 14, 15, 0),
	gsSP2Triangles(16, 17, 18, 0, 16, 18, 19, 0),
	gsSP2Triangles(20, 21, 22, 0, 20, 22, 23, 0),
	gsSP2Triangles(24, 25, 26, 0, 24, 26, 27, 0),
	gsSP2Triangles(24, 27, 28, 0, 24, 28, 29, 0),
	gsSP2Triangles(24, 29, 30, 0, 24, 30, 31, 0),
	gsSPVertex(catamesa_dl_Plane_003_mesh_layer_1_vtx_0 + 1038, 32, 0),
	gsSP2Triangles(0, 1, 2, 0, 2, 1, 3, 0),
	gsSP2Triangles(2, 3, 4, 0, 0, 2, 5, 0),
	gsSP2Triangles(6, 7, 8, 0, 6, 9, 7, 0),
	gsSP2Triangles(10, 9, 6, 0, 10, 11, 9, 0),
	gsSP2Triangles(12, 13, 14, 0, 12, 15, 13, 0),
	gsSP2Triangles(13, 15, 16, 0, 13, 16, 17, 0),
	gsSP2Triangles(17, 16, 18, 0, 17, 18, 19, 0),
	gsSP2Triangles(17, 19, 20, 0, 17, 20, 21, 0),
	gsSP2Triangles(22, 23, 24, 0, 22, 25, 23, 0),
	gsSP2Triangles(23, 25, 26, 0, 23, 26, 27, 0),
	gsSP2Triangles(28, 29, 30, 0, 31, 29, 28, 0),
	gsSPVertex(catamesa_dl_Plane_003_mesh_layer_1_vtx_0 + 1070, 30, 0),
	gsSP2Triangles(0, 1, 2, 0, 3, 4, 5, 0),
	gsSP2Triangles(3, 5, 6, 0, 7, 8, 9, 0),
	gsSP2Triangles(7, 10, 8, 0, 11, 10, 7, 0),
	gsSP2Triangles(11, 12, 10, 0, 13, 14, 15, 0),
	gsSP2Triangles(13, 15, 16, 0, 16, 15, 17, 0),
	gsSP2Triangles(18, 19, 20, 0, 18, 20, 21, 0),
	gsSP2Triangles(22, 23, 24, 0, 22, 24, 25, 0),
	gsSP2Triangles(26, 27, 28, 0, 26, 28, 29, 0),
	gsSPVertex(catamesa_dl_Plane_003_mesh_layer_1_vtx_0 + 1100, 32, 0),
	gsSP2Triangles(0, 1, 2, 0, 0, 2, 3, 0),
	gsSP2Triangles(4, 5, 6, 0, 4, 6, 7, 0),
	gsSP2Triangles(8, 9, 10, 0, 8, 10, 11, 0),
	gsSP2Triangles(12, 13, 14, 0, 12, 14, 15, 0),
	gsSP2Triangles(16, 17, 18, 0, 16, 18, 19, 0),
	gsSP2Triangles(20, 21, 22, 0, 20, 22, 23, 0),
	gsSP2Triangles(24, 25, 26, 0, 24, 26, 27, 0),
	gsSP2Triangles(28, 29, 30, 0, 28, 30, 31, 0),
	gsSPVertex(catamesa_dl_Plane_003_mesh_layer_1_vtx_0 + 1132, 32, 0),
	gsSP2Triangles(0, 1, 2, 0, 0, 3, 1, 0),
	gsSP2Triangles(3, 4, 1, 0, 3, 5, 4, 0),
	gsSP2Triangles(4, 5, 6, 0, 4, 6, 7, 0),
	gsSP2Triangles(8, 9, 10, 0, 8, 11, 9, 0),
	gsSP2Triangles(12, 11, 8, 0, 12, 13, 11, 0),
	gsSP2Triangles(14, 13, 12, 0, 14, 12, 15, 0),
	gsSP2Triangles(16, 17, 18, 0, 16, 19, 17, 0),
	gsSP2Triangles(20, 19, 16, 0, 20, 21, 19, 0),
	gsSP2Triangles(22, 23, 24, 0, 22, 25, 23, 0),
	gsSP2Triangles(26, 25, 22, 0, 26, 27, 25, 0),
	gsSP2Triangles(28, 29, 30, 0, 28, 31, 29, 0),
	gsSPVertex(catamesa_dl_Plane_003_mesh_layer_1_vtx_0 + 1164, 31, 0),
	gsSP2Triangles(0, 1, 2, 0, 3, 4, 5, 0),
	gsSP2Triangles(3, 6, 4, 0, 7, 4, 6, 0),
	gsSP2Triangles(8, 9, 10, 0, 8, 10, 11, 0),
	gsSP2Triangles(12, 13, 14, 0, 12, 15, 13, 0),
	gsSP2Triangles(16, 13, 15, 0, 17, 18, 19, 0),
	gsSP2Triangles(17, 20, 18, 0, 17, 21, 20, 0),
	gsSP2Triangles(22, 23, 24, 0, 22, 24, 25, 0),
	gsSP2Triangles(26, 27, 28, 0, 26, 29, 27, 0),
	gsSP1Triangle(26, 30, 29, 0),
	gsSPVertex(catamesa_dl_Plane_003_mesh_layer_1_vtx_0 + 1195, 32, 0),
	gsSP2Triangles(0, 1, 2, 0, 0, 3, 1, 0),
	gsSP2Triangles(0, 4, 3, 0, 5, 6, 7, 0),
	gsSP2Triangles(5, 7, 8, 0, 9, 10, 11, 0),
	gsSP2Triangles(9, 12, 10, 0, 9, 13, 12, 0),
	gsSP2Triangles(14, 15, 16, 0, 14, 16, 17, 0),
	gsSP2Triangles(18, 19, 20, 0, 18, 20, 21, 0),
	gsSP2Triangles(21, 20, 22, 0, 21, 22, 23, 0),
	gsSP2Triangles(24, 25, 26, 0, 24, 26, 27, 0),
	gsSP2Triangles(28, 29, 30, 0, 28, 30, 31, 0),
	gsSPVertex(catamesa_dl_Plane_003_mesh_layer_1_vtx_0 + 1227, 32, 0),
	gsSP2Triangles(0, 1, 2, 0, 0, 2, 3, 0),
	gsSP2Triangles(4, 5, 6, 0, 4, 6, 7, 0),
	gsSP2Triangles(8, 9, 10, 0, 8, 10, 11, 0),
	gsSP2Triangles(12, 13, 14, 0, 12, 14, 15, 0),
	gsSP2Triangles(16, 17, 18, 0, 16, 18, 19, 0),
	gsSP2Triangles(20, 21, 22, 0, 20, 22, 23, 0),
	gsSP2Triangles(24, 25, 26, 0, 24, 27, 25, 0),
	gsSP2Triangles(27, 28, 25, 0, 27, 29, 28, 0),
	gsSP2Triangles(29, 30, 28, 0, 29, 31, 30, 0),
	gsSPVertex(catamesa_dl_Plane_003_mesh_layer_1_vtx_0 + 1259, 32, 0),
	gsSP2Triangles(0, 1, 2, 0, 0, 2, 3, 0),
	gsSP2Triangles(4, 5, 6, 0, 4, 7, 5, 0),
	gsSP2Triangles(8, 7, 4, 0, 8, 9, 7, 0),
	gsSP2Triangles(8, 10, 9, 0, 10, 8, 11, 0),
	gsSP2Triangles(10, 11, 12, 0, 11, 13, 12, 0),
	gsSP2Triangles(11, 14, 13, 0, 14, 15, 13, 0),
	gsSP2Triangles(14, 16, 15, 0, 15, 16, 17, 0),
	gsSP2Triangles(17, 16, 18, 0, 17, 18, 19, 0),
	gsSP2Triangles(19, 18, 20, 0, 19, 20, 21, 0),
	gsSP2Triangles(10, 15, 17, 0, 10, 17, 9, 0),
	gsSP2Triangles(22, 23, 24, 0, 22, 25, 23, 0),
	gsSP2Triangles(26, 25, 22, 0, 26, 27, 25, 0),
	gsSP2Triangles(26, 28, 27, 0, 28, 26, 29, 0),
	gsSP2Triangles(28, 29, 30, 0, 29, 31, 30, 0),
	gsSPVertex(catamesa_dl_Plane_003_mesh_layer_1_vtx_0 + 1291, 32, 0),
	gsSP2Triangles(0, 1, 2, 0, 1, 3, 2, 0),
	gsSP2Triangles(1, 4, 3, 0, 3, 4, 5, 0),
	gsSP2Triangles(5, 4, 6, 0, 5, 6, 7, 0),
	gsSP2Triangles(6, 8, 7, 0, 6, 9, 8, 0),
	gsSP2Triangles(10, 3, 5, 0, 10, 5, 11, 0),
	gsSP2Triangles(12, 13, 14, 0, 15, 14, 13, 0),
	gsSP2Triangles(15, 13, 16, 0, 17, 18, 19, 0),
	gsSP2Triangles(17, 19, 20, 0, 21, 22, 23, 0),
	gsSP2Triangles(21, 23, 24, 0, 25, 26, 27, 0),
	gsSP2Triangles(25, 27, 28, 0, 29, 30, 31, 0),
	gsSPVertex(catamesa_dl_Plane_003_mesh_layer_1_vtx_0 + 1323, 32, 0),
	gsSP2Triangles(0, 1, 2, 0, 3, 4, 5, 0),
	gsSP2Triangles(3, 5, 6, 0, 7, 8, 9, 0),
	gsSP2Triangles(7, 9, 10, 0, 11, 12, 13, 0),
	gsSP2Triangles(11, 13, 14, 0, 15, 16, 17, 0),
	gsSP2Triangles(15, 17, 18, 0, 19, 20, 21, 0),
	gsSP2Triangles(19, 21, 22, 0, 23, 24, 25, 0),
	gsSP2Triangles(23, 25, 26, 0, 27, 28, 29, 0),
	gsSP2Triangles(28, 30, 29, 0, 28, 31, 30, 0),
	gsSPVertex(catamesa_dl_Plane_003_mesh_layer_1_vtx_0 + 1355, 32, 0),
	gsSP2Triangles(0, 1, 2, 0, 3, 4, 5, 0),
	gsSP2Triangles(4, 6, 5, 0, 4, 7, 6, 0),
	gsSP2Triangles(7, 8, 6, 0, 9, 10, 11, 0),
	gsSP2Triangles(9, 11, 12, 0, 13, 14, 15, 0),
	gsSP2Triangles(13, 15, 16, 0, 17, 18, 19, 0),
	gsSP2Triangles(17, 19, 20, 0, 21, 22, 23, 0),
	gsSP2Triangles(21, 23, 24, 0, 25, 26, 27, 0),
	gsSP2Triangles(25, 27, 28, 0, 29, 30, 31, 0),
	gsSPVertex(catamesa_dl_Plane_003_mesh_layer_1_vtx_0 + 1387, 32, 0),
	gsSP2Triangles(0, 1, 2, 0, 3, 4, 5, 0),
	gsSP2Triangles(3, 5, 6, 0, 7, 8, 9, 0),
	gsSP2Triangles(7, 9, 10, 0, 11, 12, 13, 0),
	gsSP2Triangles(11, 13, 14, 0, 15, 16, 17, 0),
	gsSP2Triangles(15, 17, 18, 0, 19, 20, 21, 0),
	gsSP2Triangles(19, 21, 22, 0, 23, 24, 25, 0),
	gsSP2Triangles(23, 26, 24, 0, 27, 26, 23, 0),
	gsSP2Triangles(27, 28, 26, 0, 28, 27, 29, 0),
	gsSP2Triangles(28, 29, 30, 0, 30, 29, 31, 0),
	gsSPVertex(catamesa_dl_Plane_003_mesh_layer_1_vtx_0 + 1419, 32, 0),
	gsSP2Triangles(0, 1, 2, 0, 0, 3, 1, 0),
	gsSP2Triangles(1, 3, 4, 0, 1, 4, 5, 0),
	gsSP2Triangles(6, 7, 8, 0, 6, 8, 9, 0),
	gsSP2Triangles(10, 11, 12, 0, 11, 13, 12, 0),
	gsSP2Triangles(11, 14, 13, 0, 14, 15, 13, 0),
	gsSP2Triangles(14, 16, 15, 0, 16, 17, 15, 0),
	gsSP2Triangles(15, 17, 18, 0, 17, 19, 18, 0),
	gsSP2Triangles(17, 20, 19, 0, 21, 20, 17, 0),
	gsSP2Triangles(22, 21, 17, 0, 22, 17, 23, 0),
	gsSP2Triangles(24, 22, 23, 0, 25, 24, 23, 0),
	gsSP2Triangles(25, 23, 26, 0, 27, 25, 26, 0),
	gsSP2Triangles(28, 27, 26, 0, 28, 26, 29, 0),
	gsSP2Triangles(30, 28, 29, 0, 31, 30, 29, 0),
	gsSPVertex(catamesa_dl_Plane_003_mesh_layer_1_vtx_0 + 1451, 32, 0),
	gsSP2Triangles(0, 1, 2, 0, 3, 0, 2, 0),
	gsSP2Triangles(3, 2, 4, 0, 5, 3, 4, 0),
	gsSP2Triangles(5, 4, 6, 0, 7, 5, 6, 0),
	gsSP2Triangles(8, 7, 6, 0, 8, 6, 9, 0),
	gsSP2Triangles(10, 8, 9, 0, 11, 10, 9, 0),
	gsSP2Triangles(11, 9, 12, 0, 13, 11, 12, 0),
	gsSP2Triangles(14, 13, 12, 0, 14, 12, 15, 0),
	gsSP2Triangles(16, 14, 15, 0, 13, 17, 11, 0),
	gsSP2Triangles(13, 18, 17, 0, 19, 5, 7, 0),
	gsSP2Triangles(19, 7, 20, 0, 21, 8, 10, 0),
	gsSP2Triangles(21, 10, 22, 0, 23, 24, 25, 0),
	gsSP2Triangles(23, 25, 26, 0, 27, 28, 29, 0),
	gsSP2Triangles(27, 29, 30, 0, 29, 31, 30, 0),
	gsSPVertex(catamesa_dl_Plane_003_mesh_layer_1_vtx_0 + 1483, 32, 0),
	gsSP2Triangles(0, 1, 2, 0, 1, 3, 2, 0),
	gsSP2Triangles(2, 3, 4, 0, 3, 5, 4, 0),
	gsSP2Triangles(5, 6, 4, 0, 5, 7, 6, 0),
	gsSP2Triangles(7, 8, 6, 0, 7, 9, 8, 0),
	gsSP2Triangles(10, 9, 7, 0, 9, 11, 8, 0),
	gsSP2Triangles(9, 12, 11, 0, 13, 14, 15, 0),
	gsSP2Triangles(13, 16, 14, 0, 17, 16, 13, 0),
	gsSP2Triangles(18, 17, 13, 0, 18, 13, 19, 0),
	gsSP2Triangles(20, 19, 13, 0, 20, 21, 19, 0),
	gsSP2Triangles(22, 19, 21, 0, 22, 23, 19, 0),
	gsSP2Triangles(24, 23, 22, 0, 17, 25, 16, 0),
	gsSP2Triangles(26, 27, 28, 0, 26, 29, 27, 0),
	gsSP2Triangles(30, 29, 26, 0, 30, 31, 29, 0),
	gsSPVertex(catamesa_dl_Plane_003_mesh_layer_1_vtx_0 + 1515, 31, 0),
	gsSP2Triangles(0, 1, 2, 0, 0, 2, 3, 0),
	gsSP2Triangles(4, 5, 6, 0, 4, 6, 7, 0),
	gsSP2Triangles(8, 9, 10, 0, 8, 10, 11, 0),
	gsSP2Triangles(12, 13, 14, 0, 12, 14, 15, 0),
	gsSP2Triangles(16, 17, 18, 0, 17, 19, 18, 0),
	gsSP2Triangles(17, 20, 19, 0, 21, 22, 23, 0),
	gsSP2Triangles(21, 23, 24, 0, 21, 24, 25, 0),
	gsSP2Triangles(21, 25, 26, 0, 27, 28, 29, 0),
	gsSP1Triangle(27, 29, 30, 0),
	gsSPVertex(catamesa_dl_Plane_003_mesh_layer_1_vtx_0 + 1546, 30, 0),
	gsSP2Triangles(0, 1, 2, 0, 0, 2, 3, 0),
	gsSP2Triangles(4, 5, 6, 0, 4, 6, 7, 0),
	gsSP2Triangles(8, 9, 10, 0, 8, 10, 11, 0),
	gsSP2Triangles(12, 11, 10, 0, 12, 13, 11, 0),
	gsSP2Triangles(14, 15, 16, 0, 14, 16, 17, 0),
	gsSP2Triangles(18, 19, 20, 0, 18, 20, 21, 0),
	gsSP2Triangles(22, 23, 24, 0, 22, 24, 25, 0),
	gsSP2Triangles(25, 24, 26, 0, 25, 26, 27, 0),
	gsSP2Triangles(27, 26, 28, 0, 27, 28, 29, 0),
	gsSPVertex(catamesa_dl_Plane_003_mesh_layer_1_vtx_0 + 1576, 32, 0),
	gsSP2Triangles(0, 1, 2, 0, 0, 2, 3, 0),
	gsSP2Triangles(4, 5, 6, 0, 4, 6, 7, 0),
	gsSP2Triangles(7, 6, 8, 0, 7, 8, 9, 0),
	gsSP2Triangles(9, 8, 10, 0, 9, 10, 11, 0),
	gsSP2Triangles(11, 10, 12, 0, 11, 12, 13, 0),
	gsSP2Triangles(13, 12, 14, 0, 13, 14, 15, 0),
	gsSP2Triangles(16, 15, 14, 0, 16, 14, 17, 0),
	gsSP2Triangles(18, 16, 17, 0, 18, 17, 19, 0),
	gsSP2Triangles(20, 18, 19, 0, 20, 19, 21, 0),
	gsSP2Triangles(22, 20, 21, 0, 22, 21, 23, 0),
	gsSP2Triangles(24, 25, 26, 0, 24, 27, 25, 0),
	gsSP2Triangles(24, 28, 27, 0, 24, 29, 28, 0),
	gsSP2Triangles(28, 29, 30, 0, 28, 30, 31, 0),
	gsSPVertex(catamesa_dl_Plane_003_mesh_layer_1_vtx_0 + 1608, 32, 0),
	gsSP2Triangles(0, 1, 2, 0, 0, 2, 3, 0),
	gsSP2Triangles(0, 3, 4, 0, 5, 0, 4, 0),
	gsSP2Triangles(6, 5, 4, 0, 7, 5, 6, 0),
	gsSP2Triangles(7, 6, 8, 0, 5, 7, 9, 0),
	gsSP2Triangles(10, 9, 7, 0, 11, 10, 7, 0),
	gsSP2Triangles(11, 7, 12, 0, 7, 13, 12, 0),
	gsSP2Triangles(14, 10, 11, 0, 10, 14, 15, 0),
	gsSP2Triangles(16, 17, 18, 0, 16, 18, 19, 0),
	gsSP2Triangles(16, 19, 20, 0, 16, 20, 21, 0),
	gsSP2Triangles(21, 20, 22, 0, 21, 22, 23, 0),
	gsSP2Triangles(24, 25, 26, 0, 24, 26, 27, 0),
	gsSP2Triangles(28, 29, 30, 0, 28, 30, 31, 0),
	gsSPVertex(catamesa_dl_Plane_003_mesh_layer_1_vtx_0 + 1640, 30, 0),
	gsSP2Triangles(0, 1, 2, 0, 0, 2, 3, 0),
	gsSP2Triangles(3, 2, 4, 0, 3, 4, 5, 0),
	gsSP2Triangles(3, 5, 6, 0, 7, 8, 9, 0),
	gsSP2Triangles(7, 9, 10, 0, 11, 12, 13, 0),
	gsSP2Triangles(11, 13, 14, 0, 11, 14, 15, 0),
	gsSP2Triangles(15, 14, 16, 0, 15, 16, 17, 0),
	gsSP2Triangles(17, 16, 18, 0, 17, 18, 19, 0),
	gsSP2Triangles(19, 18, 20, 0, 19, 20, 21, 0),
	gsSP2Triangles(21, 20, 22, 0, 21, 22, 23, 0),
	gsSP2Triangles(24, 25, 26, 0, 24, 26, 27, 0),
	gsSP2Triangles(24, 27, 28, 0, 24, 28, 29, 0),
	gsSPVertex(catamesa_dl_Plane_003_mesh_layer_1_vtx_0 + 1670, 31, 0),
	gsSP2Triangles(0, 1, 2, 0, 0, 3, 1, 0),
	gsSP2Triangles(4, 3, 0, 0, 4, 5, 3, 0),
	gsSP2Triangles(6, 5, 4, 0, 6, 7, 5, 0),
	gsSP2Triangles(8, 7, 6, 0, 8, 9, 7, 0),
	gsSP2Triangles(10, 9, 8, 0, 11, 10, 8, 0),
	gsSP2Triangles(11, 12, 10, 0, 13, 14, 15, 0),
	gsSP2Triangles(16, 13, 15, 0, 16, 15, 17, 0),
	gsSP2Triangles(18, 19, 20, 0, 18, 20, 21, 0),
	gsSP2Triangles(22, 23, 24, 0, 22, 25, 23, 0),
	gsSP2Triangles(25, 22, 26, 0, 25, 26, 27, 0),
	gsSP2Triangles(27, 26, 28, 0, 27, 28, 29, 0),
	gsSP1Triangle(29, 30, 27, 0),
	gsSPVertex(catamesa_dl_Plane_003_mesh_layer_1_vtx_0 + 1701, 32, 0),
	gsSP2Triangles(0, 1, 2, 0, 0, 2, 3, 0),
	gsSP2Triangles(4, 5, 6, 0, 4, 7, 5, 0),
	gsSP2Triangles(7, 4, 8, 0, 7, 8, 9, 0),
	gsSP2Triangles(10, 11, 12, 0, 10, 12, 13, 0),
	gsSP2Triangles(14, 15, 16, 0, 14, 17, 15, 0),
	gsSP2Triangles(17, 14, 18, 0, 17, 18, 19, 0),
	gsSP2Triangles(20, 21, 22, 0, 20, 23, 21, 0),
	gsSP2Triangles(24, 23, 20, 0, 24, 25, 23, 0),
	gsSP2Triangles(26, 27, 28, 0, 26, 29, 27, 0),
	gsSP2Triangles(27, 29, 30, 0, 27, 30, 31, 0),
	gsSPVertex(catamesa_dl_Plane_003_mesh_layer_1_vtx_0 + 1733, 30, 0),
	gsSP2Triangles(0, 1, 2, 0, 0, 3, 1, 0),
	gsSP2Triangles(1, 3, 4, 0, 1, 4, 5, 0),
	gsSP2Triangles(6, 7, 8, 0, 6, 9, 7, 0),
	gsSP2Triangles(7, 9, 10, 0, 7, 10, 11, 0),
	gsSP2Triangles(11, 10, 12, 0, 11, 12, 13, 0),
	gsSP2Triangles(14, 15, 16, 0, 14, 16, 17, 0),
	gsSP2Triangles(17, 16, 18, 0, 17, 18, 19, 0),
	gsSP2Triangles(19, 18, 20, 0, 19, 20, 21, 0),
	gsSP2Triangles(22, 23, 24, 0, 22, 24, 25, 0),
	gsSP2Triangles(25, 24, 26, 0, 25, 26, 27, 0),
	gsSP2Triangles(27, 26, 28, 0, 27, 28, 29, 0),
	gsSPVertex(catamesa_dl_Plane_003_mesh_layer_1_vtx_0 + 1763, 32, 0),
	gsSP2Triangles(0, 1, 2, 0, 0, 3, 1, 0),
	gsSP2Triangles(1, 3, 4, 0, 3, 5, 4, 0),
	gsSP2Triangles(4, 5, 6, 0, 5, 7, 6, 0),
	gsSP2Triangles(5, 8, 7, 0, 8, 5, 9, 0),
	gsSP2Triangles(5, 10, 9, 0, 8, 9, 11, 0),
	gsSP2Triangles(11, 9, 12, 0, 11, 12, 13, 0),
	gsSP2Triangles(14, 8, 11, 0, 15, 8, 14, 0),
	gsSP2Triangles(14, 16, 15, 0, 14, 17, 16, 0),
	gsSP2Triangles(14, 11, 18, 0, 19, 20, 21, 0),
	gsSP2Triangles(19, 22, 20, 0, 23, 22, 19, 0),
	gsSP2Triangles(23, 24, 22, 0, 25, 24, 23, 0),
	gsSP2Triangles(25, 26, 24, 0, 27, 26, 25, 0),
	gsSP2Triangles(28, 27, 25, 0, 29, 26, 27, 0),
	gsSP2Triangles(29, 30, 26, 0, 31, 30, 29, 0),
	gsSPVertex(catamesa_dl_Plane_003_mesh_layer_1_vtx_0 + 1795, 32, 0),
	gsSP2Triangles(0, 1, 2, 0, 3, 0, 2, 0),
	gsSP2Triangles(3, 2, 4, 0, 4, 2, 5, 0),
	gsSP2Triangles(4, 5, 6, 0, 6, 5, 7, 0),
	gsSP2Triangles(6, 7, 8, 0, 8, 7, 9, 0),
	gsSP2Triangles(8, 9, 10, 0, 10, 9, 11, 0),
	gsSP2Triangles(10, 11, 12, 0, 12, 11, 0, 0),
	gsSP2Triangles(11, 13, 0, 0, 13, 14, 0, 0),
	gsSP2Triangles(13, 15, 14, 0, 16, 15, 13, 0),
	gsSP2Triangles(16, 13, 17, 0, 0, 14, 18, 0),
	gsSP2Triangles(12, 0, 3, 0, 19, 20, 21, 0),
	gsSP2Triangles(19, 22, 20, 0, 23, 22, 19, 0),
	gsSP2Triangles(23, 24, 22, 0, 25, 24, 23, 0),
	gsSP2Triangles(25, 26, 24, 0, 27, 26, 25, 0),
	gsSP2Triangles(28, 27, 25, 0, 29, 26, 27, 0),
	gsSP2Triangles(29, 30, 26, 0, 31, 30, 29, 0),
	gsSPVertex(catamesa_dl_Plane_003_mesh_layer_1_vtx_0 + 1827, 32, 0),
	gsSP2Triangles(0, 1, 2, 0, 3, 0, 2, 0),
	gsSP2Triangles(3, 2, 4, 0, 4, 2, 5, 0),
	gsSP2Triangles(4, 5, 6, 0, 6, 5, 7, 0),
	gsSP2Triangles(6, 7, 8, 0, 8, 7, 9, 0),
	gsSP2Triangles(8, 9, 10, 0, 10, 9, 11, 0),
	gsSP2Triangles(10, 11, 12, 0, 12, 11, 0, 0),
	gsSP2Triangles(11, 13, 0, 0, 13, 14, 0, 0),
	gsSP2Triangles(13, 15, 14, 0, 16, 15, 13, 0),
	gsSP2Triangles(16, 13, 17, 0, 0, 14, 18, 0),
	gsSP2Triangles(12, 0, 3, 0, 19, 20, 21, 0),
	gsSP2Triangles(19, 22, 20, 0, 19, 23, 22, 0),
	gsSP2Triangles(19, 24, 23, 0, 25, 23, 24, 0),
	gsSP2Triangles(25, 26, 23, 0, 25, 27, 26, 0),
	gsSP2Triangles(25, 28, 27, 0, 25, 29, 28, 0),
	gsSP2Triangles(25, 30, 29, 0, 25, 31, 30, 0),
	gsSPVertex(catamesa_dl_Plane_003_mesh_layer_1_vtx_0 + 1859, 32, 0),
	gsSP2Triangles(0, 1, 2, 0, 0, 3, 1, 0),
	gsSP2Triangles(0, 4, 3, 0, 0, 5, 4, 0),
	gsSP2Triangles(6, 5, 0, 0, 6, 7, 5, 0),
	gsSP2Triangles(6, 8, 7, 0, 9, 7, 8, 0),
	gsSP2Triangles(10, 9, 8, 0, 10, 8, 11, 0),
	gsSP2Triangles(9, 12, 7, 0, 13, 7, 12, 0),
	gsSP2Triangles(13, 14, 7, 0, 15, 14, 13, 0),
	gsSP2Triangles(15, 16, 14, 0, 17, 14, 16, 0),
	gsSP2Triangles(17, 16, 18, 0, 17, 18, 19, 0),
	gsSP2Triangles(17, 19, 20, 0, 20, 21, 17, 0),
	gsSP2Triangles(20, 22, 21, 0, 23, 21, 22, 0),
	gsSP2Triangles(23, 24, 21, 0, 25, 24, 23, 0),
	gsSP2Triangles(25, 26, 24, 0, 27, 21, 24, 0),
	gsSP2Triangles(27, 28, 21, 0, 27, 29, 28, 0),
	gsSP2Triangles(29, 30, 28, 0, 29, 31, 30, 0),
	gsSPVertex(catamesa_dl_Plane_003_mesh_layer_1_vtx_0 + 1891, 30, 0),
	gsSP2Triangles(0, 1, 2, 0, 0, 3, 1, 0),
	gsSP2Triangles(4, 3, 0, 0, 4, 5, 3, 0),
	gsSP2Triangles(4, 6, 5, 0, 4, 7, 6, 0),
	gsSP2Triangles(4, 8, 7, 0, 4, 9, 8, 0),
	gsSP2Triangles(4, 10, 9, 0, 11, 9, 10, 0),
	gsSP2Triangles(11, 12, 9, 0, 11, 13, 12, 0),
	gsSP2Triangles(11, 14, 13, 0, 13, 15, 12, 0),
	gsSP2Triangles(13, 16, 15, 0, 17, 12, 15, 0),
	gsSP2Triangles(18, 17, 15, 0, 18, 15, 19, 0),
	gsSP2Triangles(20, 21, 22, 0, 20, 23, 21, 0),
	gsSP2Triangles(24, 23, 20, 0, 24, 25, 23, 0),
	gsSP2Triangles(26, 27, 28, 0, 26, 28, 29, 0),
	gsSPVertex(catamesa_dl_Plane_003_mesh_layer_1_vtx_0 + 1921, 32, 0),
	gsSP2Triangles(0, 1, 2, 0, 0, 2, 3, 0),
	gsSP2Triangles(0, 3, 4, 0, 4, 3, 5, 0),
	gsSP2Triangles(4, 5, 6, 0, 6, 5, 7, 0),
	gsSP2Triangles(7, 5, 8, 0, 5, 9, 8, 0),
	gsSP2Triangles(9, 10, 8, 0, 9, 11, 10, 0),
	gsSP2Triangles(12, 11, 9, 0, 12, 13, 11, 0),
	gsSP2Triangles(14, 13, 12, 0, 14, 12, 15, 0),
	gsSP2Triangles(14, 15, 16, 0, 17, 18, 19, 0),
	gsSP2Triangles(17, 19, 20, 0, 17, 20, 21, 0),
	gsSP2Triangles(17, 21, 22, 0, 21, 23, 22, 0),
	gsSP2Triangles(21, 24, 23, 0, 25, 26, 27, 0),
	gsSP2Triangles(25, 28, 26, 0, 25, 29, 28, 0),
	gsSP2Triangles(30, 29, 25, 0, 31, 29, 30, 0),
	gsSPVertex(catamesa_dl_Plane_003_mesh_layer_1_vtx_0 + 1953, 32, 0),
	gsSP2Triangles(0, 1, 2, 0, 3, 0, 2, 0),
	gsSP2Triangles(3, 4, 0, 0, 3, 5, 4, 0),
	gsSP2Triangles(3, 6, 5, 0, 7, 6, 3, 0),
	gsSP2Triangles(8, 7, 3, 0, 9, 7, 8, 0),
	gsSP2Triangles(10, 9, 8, 0, 10, 11, 9, 0),
	gsSP2Triangles(0, 12, 1, 0, 13, 14, 15, 0),
	gsSP2Triangles(13, 16, 14, 0, 17, 16, 13, 0),
	gsSP2Triangles(17, 18, 16, 0, 19, 18, 17, 0),
	gsSP2Triangles(19, 20, 18, 0, 21, 22, 23, 0),
	gsSP2Triangles(21, 23, 24, 0, 25, 26, 27, 0),
	gsSP2Triangles(25, 28, 26, 0, 29, 28, 25, 0),
	gsSP2Triangles(29, 30, 28, 0, 31, 30, 29, 0),
	gsSPVertex(catamesa_dl_Plane_003_mesh_layer_1_vtx_0 + 1985, 32, 0),
	gsSP2Triangles(0, 1, 2, 0, 3, 4, 5, 0),
	gsSP2Triangles(3, 5, 6, 0, 7, 8, 9, 0),
	gsSP2Triangles(7, 10, 8, 0, 7, 11, 10, 0),
	gsSP2Triangles(11, 12, 10, 0, 11, 13, 12, 0),
	gsSP2Triangles(13, 14, 12, 0, 13, 15, 14, 0),
	gsSP2Triangles(15, 16, 14, 0, 15, 17, 16, 0),
	gsSP2Triangles(17, 18, 16, 0, 17, 19, 18, 0),
	gsSP2Triangles(20, 21, 22, 0, 20, 23, 21, 0),
	gsSP2Triangles(24, 23, 20, 0, 24, 25, 23, 0),
	gsSP2Triangles(26, 25, 24, 0, 26, 27, 25, 0),
	gsSP2Triangles(28, 29, 30, 0, 28, 30, 31, 0),
	gsSPVertex(catamesa_dl_Plane_003_mesh_layer_1_vtx_0 + 2017, 31, 0),
	gsSP2Triangles(0, 1, 2, 0, 0, 2, 3, 0),
	gsSP2Triangles(4, 0, 3, 0, 4, 3, 5, 0),
	gsSP2Triangles(6, 4, 5, 0, 6, 5, 7, 0),
	gsSP2Triangles(8, 6, 7, 0, 9, 6, 8, 0),
	gsSP2Triangles(9, 8, 10, 0, 11, 12, 13, 0),
	gsSP2Triangles(11, 13, 14, 0, 15, 11, 14, 0),
	gsSP2Triangles(15, 14, 16, 0, 17, 15, 16, 0),
	gsSP2Triangles(17, 16, 18, 0, 19, 20, 21, 0),
	gsSP2Triangles(19, 21, 22, 0, 23, 24, 25, 0),
	gsSP2Triangles(23, 25, 26, 0, 27, 23, 26, 0),
	gsSP2Triangles(27, 26, 28, 0, 29, 27, 28, 0),
	gsSP1Triangle(29, 28, 30, 0),
	gsSPVertex(catamesa_dl_Plane_003_mesh_layer_1_vtx_0 + 2048, 32, 0),
	gsSP2Triangles(0, 1, 2, 0, 0, 2, 3, 0),
	gsSP2Triangles(4, 5, 6, 0, 4, 6, 7, 0),
	gsSP2Triangles(8, 4, 7, 0, 8, 7, 9, 0),
	gsSP2Triangles(10, 8, 9, 0, 10, 9, 11, 0),
	gsSP2Triangles(12, 13, 14, 0, 12, 14, 15, 0),
	gsSP2Triangles(15, 14, 16, 0, 15, 16, 17, 0),
	gsSP2Triangles(16, 18, 17, 0, 16, 19, 18, 0),
	gsSP2Triangles(20, 19, 16, 0, 21, 19, 20, 0),
	gsSP2Triangles(22, 21, 20, 0, 22, 20, 23, 0),
	gsSP2Triangles(24, 22, 23, 0, 24, 23, 25, 0),
	gsSP2Triangles(26, 24, 25, 0, 26, 25, 27, 0),
	gsSP2Triangles(28, 26, 27, 0, 28, 27, 29, 0),
	gsSP2Triangles(30, 28, 29, 0, 30, 29, 19, 0),
	gsSP1Triangle(19, 29, 31, 0),
	gsSPVertex(catamesa_dl_Plane_003_mesh_layer_1_vtx_0 + 2080, 32, 0),
	gsSP2Triangles(0, 1, 2, 0, 1, 3, 2, 0),
	gsSP2Triangles(1, 4, 3, 0, 4, 5, 3, 0),
	gsSP2Triangles(6, 5, 4, 0, 5, 7, 3, 0),
	gsSP2Triangles(5, 8, 7, 0, 8, 9, 7, 0),
	gsSP2Triangles(8, 10, 9, 0, 0, 2, 11, 0),
	gsSP2Triangles(12, 13, 0, 0, 14, 15, 16, 0),
	gsSP2Triangles(14, 16, 17, 0, 17, 16, 18, 0),
	gsSP2Triangles(17, 18, 19, 0, 18, 20, 19, 0),
	gsSP2Triangles(18, 21, 20, 0, 22, 21, 18, 0),
	gsSP2Triangles(23, 21, 22, 0, 24, 23, 22, 0),
	gsSP2Triangles(24, 22, 25, 0, 26, 24, 25, 0),
	gsSP2Triangles(26, 25, 27, 0, 28, 26, 27, 0),
	gsSP2Triangles(28, 27, 29, 0, 30, 28, 29, 0),
	gsSP1Triangle(30, 29, 31, 0),
	gsSPVertex(catamesa_dl_Plane_003_mesh_layer_1_vtx_0 + 2112, 32, 0),
	gsSP2Triangles(0, 1, 2, 0, 0, 2, 3, 0),
	gsSP2Triangles(3, 2, 4, 0, 3, 4, 5, 0),
	gsSP2Triangles(4, 6, 5, 0, 4, 7, 6, 0),
	gsSP2Triangles(7, 8, 6, 0, 9, 8, 7, 0),
	gsSP2Triangles(8, 10, 6, 0, 8, 11, 10, 0),
	gsSP2Triangles(11, 12, 10, 0, 11, 13, 12, 0),
	gsSP2Triangles(3, 5, 14, 0, 15, 0, 3, 0),
	gsSP2Triangles(16, 17, 18, 0, 16, 18, 19, 0),
	gsSP2Triangles(20, 16, 19, 0, 20, 19, 21, 0),
	gsSP2Triangles(22, 23, 24, 0, 22, 24, 25, 0),
	gsSP2Triangles(26, 27, 28, 0, 26, 28, 29, 0),
	gsSP2Triangles(29, 28, 30, 0, 29, 30, 31, 0),
	gsSPVertex(catamesa_dl_Plane_003_mesh_layer_1_vtx_0 + 2144, 32, 0),
	gsSP2Triangles(0, 1, 2, 0, 0, 2, 3, 0),
	gsSP2Triangles(3, 2, 4, 0, 3, 4, 5, 0),
	gsSP2Triangles(5, 4, 6, 0, 5, 6, 7, 0),
	gsSP2Triangles(8, 9, 10, 0, 8, 11, 9, 0),
	gsSP2Triangles(8, 12, 11, 0, 8, 13, 12, 0),
	gsSP2Triangles(14, 15, 16, 0, 14, 16, 17, 0),
	gsSP2Triangles(18, 19, 20, 0, 18, 20, 21, 0),
	gsSP2Triangles(22, 18, 21, 0, 22, 21, 23, 0),
	gsSP2Triangles(24, 22, 23, 0, 24, 23, 25, 0),
	gsSP2Triangles(26, 24, 25, 0, 26, 25, 27, 0),
	gsSP2Triangles(28, 26, 27, 0, 28, 27, 29, 0),
	gsSP2Triangles(30, 28, 29, 0, 30, 29, 31, 0),
	gsSPVertex(catamesa_dl_Plane_003_mesh_layer_1_vtx_0 + 2176, 32, 0),
	gsSP2Triangles(0, 1, 2, 0, 0, 2, 3, 0),
	gsSP2Triangles(4, 5, 6, 0, 4, 7, 5, 0),
	gsSP2Triangles(8, 7, 4, 0, 8, 9, 7, 0),
	gsSP2Triangles(8, 10, 9, 0, 8, 11, 10, 0),
	gsSP2Triangles(12, 13, 14, 0, 12, 14, 15, 0),
	gsSP2Triangles(15, 14, 16, 0, 15, 16, 17, 0),
	gsSP2Triangles(18, 19, 20, 0, 18, 21, 19, 0),
	gsSP2Triangles(18, 22, 21, 0, 18, 23, 22, 0),
	gsSP2Triangles(18, 24, 23, 0, 25, 24, 18, 0),
	gsSP2Triangles(25, 18, 26, 0, 27, 25, 26, 0),
	gsSP2Triangles(27, 26, 28, 0, 29, 27, 28, 0),
	gsSP2Triangles(29, 28, 30, 0, 31, 29, 30, 0),
	gsSPVertex(catamesa_dl_Plane_003_mesh_layer_1_vtx_0 + 2208, 32, 0),
	gsSP2Triangles(0, 1, 2, 0, 3, 0, 2, 0),
	gsSP2Triangles(3, 2, 4, 0, 5, 6, 7, 0),
	gsSP2Triangles(5, 8, 6, 0, 5, 9, 8, 0),
	gsSP2Triangles(10, 11, 12, 0, 10, 12, 13, 0),
	gsSP2Triangles(13, 12, 14, 0, 13, 14, 15, 0),
	gsSP2Triangles(16, 15, 14, 0, 16, 17, 15, 0),
	gsSP2Triangles(17, 18, 15, 0, 19, 20, 21, 0),
	gsSP2Triangles(19, 21, 22, 0, 23, 24, 25, 0),
	gsSP2Triangles(23, 25, 26, 0, 26, 25, 27, 0),
	gsSP2Triangles(26, 27, 28, 0, 29, 30, 31, 0),
	gsSPVertex(catamesa_dl_Plane_003_mesh_layer_1_vtx_0 + 2240, 32, 0),
	gsSP2Triangles(0, 1, 2, 0, 3, 4, 5, 0),
	gsSP2Triangles(3, 6, 4, 0, 3, 7, 6, 0),
	gsSP2Triangles(3, 8, 7, 0, 8, 9, 7, 0),
	gsSP2Triangles(8, 10, 9, 0, 9, 10, 11, 0),
	gsSP2Triangles(9, 11, 12, 0, 13, 14, 15, 0),
	gsSP2Triangles(13, 16, 14, 0, 17, 16, 13, 0),
	gsSP2Triangles(17, 13, 18, 0, 19, 17, 18, 0),
	gsSP2Triangles(19, 18, 20, 0, 19, 20, 21, 0),
	gsSP2Triangles(19, 21, 22, 0, 23, 24, 25, 0),
	gsSP2Triangles(23, 25, 26, 0, 27, 28, 29, 0),
	gsSP2Triangles(27, 29, 30, 0, 30, 29, 31, 0),
	gsSPVertex(catamesa_dl_Plane_003_mesh_layer_1_vtx_0 + 2272, 31, 0),
	gsSP2Triangles(0, 1, 2, 0, 2, 1, 3, 0),
	gsSP2Triangles(2, 3, 4, 0, 4, 3, 5, 0),
	gsSP2Triangles(4, 5, 6, 0, 7, 6, 5, 0),
	gsSP2Triangles(7, 5, 8, 0, 9, 7, 8, 0),
	gsSP2Triangles(9, 8, 10, 0, 11, 9, 10, 0),
	gsSP2Triangles(11, 10, 12, 0, 13, 11, 12, 0),
	gsSP2Triangles(13, 12, 14, 0, 15, 13, 14, 0),
	gsSP2Triangles(15, 14, 16, 0, 7, 17, 6, 0),
	gsSP2Triangles(7, 18, 17, 0, 19, 20, 21, 0),
	gsSP2Triangles(19, 21, 22, 0, 22, 21, 23, 0),
	gsSP2Triangles(22, 23, 24, 0, 24, 23, 25, 0),
	gsSP2Triangles(24, 25, 26, 0, 27, 28, 29, 0),
	gsSP1Triangle(27, 29, 30, 0),
	gsSPVertex(catamesa_dl_Plane_003_mesh_layer_1_vtx_0 + 2303, 30, 0),
	gsSP2Triangles(0, 1, 2, 0, 0, 3, 1, 0),
	gsSP2Triangles(4, 3, 0, 0, 4, 5, 3, 0),
	gsSP2Triangles(6, 7, 8, 0, 9, 7, 6, 0),
	gsSP2Triangles(9, 10, 7, 0, 9, 11, 10, 0),
	gsSP2Triangles(10, 12, 7, 0, 10, 13, 12, 0),
	gsSP2Triangles(12, 13, 14, 0, 12, 14, 15, 0),
	gsSP2Triangles(16, 17, 18, 0, 16, 19, 17, 0),
	gsSP2Triangles(20, 19, 16, 0, 20, 21, 19, 0),
	gsSP2Triangles(22, 23, 24, 0, 22, 24, 25, 0),
	gsSP2Triangles(26, 27, 28, 0, 26, 28, 29, 0),
	gsSPVertex(catamesa_dl_Plane_003_mesh_layer_1_vtx_0 + 2333, 30, 0),
	gsSP2Triangles(0, 1, 2, 0, 0, 2, 3, 0),
	gsSP2Triangles(2, 4, 3, 0, 2, 5, 4, 0),
	gsSP2Triangles(6, 4, 5, 0, 6, 7, 4, 0),
	gsSP2Triangles(8, 9, 10, 0, 8, 10, 11, 0),
	gsSP2Triangles(12, 13, 14, 0, 12, 15, 13, 0),
	gsSP2Triangles(15, 16, 13, 0, 15, 17, 16, 0),
	gsSP2Triangles(17, 18, 16, 0, 17, 19, 18, 0),
	gsSP2Triangles(19, 20, 18, 0, 19, 21, 20, 0),
	gsSP2Triangles(21, 22, 20, 0, 21, 23, 22, 0),
	gsSP2Triangles(24, 25, 26, 0, 24, 26, 27, 0),
	gsSP2Triangles(24, 27, 28, 0, 24, 28, 29, 0),
	gsSPVertex(catamesa_dl_Plane_003_mesh_layer_1_vtx_0 + 2363, 31, 0),
	gsSP2Triangles(0, 1, 2, 0, 0, 2, 3, 0),
	gsSP2Triangles(4, 5, 6, 0, 4, 6, 7, 0),
	gsSP2Triangles(8, 4, 7, 0, 8, 7, 9, 0),
	gsSP2Triangles(8, 9, 10, 0, 8, 10, 11, 0),
	gsSP2Triangles(12, 13, 14, 0, 12, 15, 13, 0),
	gsSP2Triangles(15, 16, 13, 0, 15, 17, 16, 0),
	gsSP2Triangles(18, 19, 20, 0, 18, 21, 19, 0),
	gsSP2Triangles(21, 22, 19, 0, 21, 23, 22, 0),
	gsSP2Triangles(24, 22, 23, 0, 24, 23, 25, 0),
	gsSP2Triangles(25, 23, 26, 0, 27, 28, 29, 0),
	gsSP1Triangle(27, 29, 30, 0),
	gsSPVertex(catamesa_dl_Plane_003_mesh_layer_1_vtx_0 + 2394, 30, 0),
	gsSP2Triangles(0, 1, 2, 0, 0, 3, 1, 0),
	gsSP2Triangles(3, 4, 1, 0, 3, 5, 4, 0),
	gsSP2Triangles(6, 7, 8, 0, 6, 8, 9, 0),
	gsSP2Triangles(6, 9, 10, 0, 6, 10, 11, 0),
	gsSP2Triangles(11, 10, 12, 0, 11, 12, 13, 0),
	gsSP2Triangles(12, 14, 13, 0, 12, 15, 14, 0),
	gsSP2Triangles(16, 17, 18, 0, 16, 18, 19, 0),
	gsSP2Triangles(20, 16, 19, 0, 20, 21, 16, 0),
	gsSP2Triangles(22, 21, 20, 0, 22, 23, 21, 0),
	gsSP2Triangles(22, 24, 23, 0, 22, 25, 24, 0),
	gsSP2Triangles(26, 27, 28, 0, 26, 28, 29, 0),
	gsSPVertex(catamesa_dl_Plane_003_mesh_layer_1_vtx_0 + 2424, 31, 0),
	gsSP2Triangles(0, 1, 2, 0, 0, 3, 1, 0),
	gsSP2Triangles(3, 4, 1, 0, 3, 5, 4, 0),
	gsSP2Triangles(5, 6, 4, 0, 5, 7, 6, 0),
	gsSP2Triangles(8, 9, 10, 0, 8, 10, 11, 0),
	gsSP2Triangles(12, 13, 14, 0, 12, 14, 15, 0),
	gsSP2Triangles(16, 12, 15, 0, 16, 15, 17, 0),
	gsSP2Triangles(18, 19, 20, 0, 18, 20, 21, 0),
	gsSP2Triangles(22, 23, 24, 0, 22, 24, 25, 0),
	gsSP2Triangles(26, 27, 28, 0, 29, 26, 28, 0),
	gsSP1Triangle(29, 30, 26, 0),
	gsSPVertex(catamesa_dl_Plane_003_mesh_layer_1_vtx_0 + 2455, 32, 0),
	gsSP2Triangles(0, 1, 2, 0, 0, 3, 1, 0),
	gsSP2Triangles(3, 4, 1, 0, 1, 4, 5, 0),
	gsSP2Triangles(6, 1, 5, 0, 7, 6, 5, 0),
	gsSP2Triangles(7, 8, 6, 0, 9, 10, 11, 0),
	gsSP2Triangles(12, 9, 11, 0, 12, 13, 9, 0),
	gsSP2Triangles(14, 15, 16, 0, 14, 17, 15, 0),
	gsSP2Triangles(17, 18, 15, 0, 17, 19, 18, 0),
	gsSP2Triangles(19, 20, 18, 0, 19, 21, 20, 0),
	gsSP2Triangles(22, 23, 24, 0, 22, 25, 23, 0),
	gsSP2Triangles(25, 26, 23, 0, 25, 27, 26, 0),
	gsSP2Triangles(27, 28, 26, 0, 27, 29, 28, 0),
	gsSP2Triangles(29, 30, 28, 0, 29, 31, 30, 0),
	gsSPVertex(catamesa_dl_Plane_003_mesh_layer_1_vtx_0 + 2487, 30, 0),
	gsSP2Triangles(0, 1, 2, 0, 0, 3, 1, 0),
	gsSP2Triangles(3, 4, 1, 0, 3, 5, 4, 0),
	gsSP2Triangles(6, 7, 8, 0, 6, 9, 7, 0),
	gsSP2Triangles(9, 10, 7, 0, 9, 11, 10, 0),
	gsSP2Triangles(11, 12, 10, 0, 11, 13, 12, 0),
	gsSP2Triangles(14, 15, 16, 0, 14, 16, 17, 0),
	gsSP2Triangles(18, 19, 20, 0, 21, 18, 20, 0),
	gsSP2Triangles(22, 23, 24, 0, 22, 24, 25, 0),
	gsSP2Triangles(26, 27, 28, 0, 26, 28, 29, 0),
	gsSPVertex(catamesa_dl_Plane_003_mesh_layer_1_vtx_0 + 2517, 32, 0),
	gsSP2Triangles(0, 1, 2, 0, 0, 2, 3, 0),
	gsSP2Triangles(4, 5, 6, 0, 7, 4, 6, 0),
	gsSP2Triangles(8, 9, 10, 0, 8, 10, 11, 0),
	gsSP2Triangles(12, 13, 14, 0, 15, 12, 14, 0),
	gsSP2Triangles(16, 17, 18, 0, 19, 16, 18, 0),
	gsSP2Triangles(20, 21, 22, 0, 20, 22, 23, 0),
	gsSP2Triangles(24, 25, 26, 0, 24, 26, 27, 0),
	gsSP2Triangles(28, 29, 30, 0, 31, 28, 30, 0),
	gsSPVertex(catamesa_dl_Plane_003_mesh_layer_1_vtx_0 + 2549, 30, 0),
	gsSP2Triangles(0, 1, 2, 0, 3, 0, 2, 0),
	gsSP2Triangles(3, 2, 4, 0, 5, 3, 4, 0),
	gsSP2Triangles(5, 4, 6, 0, 7, 5, 6, 0),
	gsSP2Triangles(8, 7, 6, 0, 9, 8, 6, 0),
	gsSP2Triangles(10, 8, 9, 0, 11, 10, 9, 0),
	gsSP2Triangles(12, 10, 11, 0, 13, 12, 11, 0),
	gsSP2Triangles(14, 12, 13, 0, 15, 14, 13, 0),
	gsSP2Triangles(12, 14, 16, 0, 14, 0, 16, 0),
	gsSP2Triangles(0, 3, 16, 0, 16, 3, 5, 0),
	gsSP2Triangles(7, 16, 5, 0, 16, 7, 17, 0),
	gsSP2Triangles(12, 16, 17, 0, 10, 7, 8, 0),
	gsSP2Triangles(18, 19, 20, 0, 18, 20, 21, 0),
	gsSP2Triangles(22, 23, 24, 0, 22, 24, 25, 0),
	gsSP2Triangles(26, 27, 28, 0, 26, 28, 29, 0),
	gsSPVertex(catamesa_dl_Plane_003_mesh_layer_1_vtx_0 + 2579, 32, 0),
	gsSP2Triangles(0, 1, 2, 0, 0, 2, 3, 0),
	gsSP2Triangles(4, 5, 6, 0, 4, 6, 7, 0),
	gsSP2Triangles(8, 9, 10, 0, 8, 10, 11, 0),
	gsSP2Triangles(12, 13, 14, 0, 12, 14, 15, 0),
	gsSP2Triangles(16, 17, 18, 0, 16, 18, 19, 0),
	gsSP2Triangles(20, 21, 22, 0, 20, 22, 23, 0),
	gsSP2Triangles(24, 25, 26, 0, 24, 26, 27, 0),
	gsSP2Triangles(28, 29, 30, 0, 28, 30, 31, 0),
	gsSPVertex(catamesa_dl_Plane_003_mesh_layer_1_vtx_0 + 2611, 32, 0),
	gsSP2Triangles(0, 1, 2, 0, 0, 2, 3, 0),
	gsSP2Triangles(4, 5, 6, 0, 4, 6, 7, 0),
	gsSP2Triangles(8, 9, 10, 0, 10, 9, 11, 0),
	gsSP2Triangles(12, 11, 9, 0, 13, 12, 9, 0),
	gsSP2Triangles(14, 15, 16, 0, 16, 17, 14, 0),
	gsSP2Triangles(17, 18, 14, 0, 18, 19, 14, 0),
	gsSP2Triangles(19, 20, 14, 0, 19, 21, 20, 0),
	gsSP2Triangles(22, 23, 24, 0, 22, 24, 25, 0),
	gsSP2Triangles(26, 27, 25, 0, 26, 25, 28, 0),
	gsSP2Triangles(29, 30, 28, 0, 29, 28, 31, 0),
	gsSPVertex(catamesa_dl_Plane_003_mesh_layer_1_vtx_0 + 2643, 31, 0),
	gsSP2Triangles(0, 1, 2, 0, 0, 2, 3, 0),
	gsSP2Triangles(4, 5, 6, 0, 4, 6, 7, 0),
	gsSP2Triangles(8, 9, 10, 0, 8, 10, 11, 0),
	gsSP2Triangles(12, 13, 14, 0, 12, 14, 15, 0),
	gsSP2Triangles(16, 17, 18, 0, 16, 19, 17, 0),
	gsSP2Triangles(19, 16, 20, 0, 16, 21, 20, 0),
	gsSP2Triangles(22, 19, 20, 0, 23, 24, 25, 0),
	gsSP2Triangles(23, 25, 26, 0, 27, 28, 29, 0),
	gsSP1Triangle(27, 29, 30, 0),
	gsSPVertex(catamesa_dl_Plane_003_mesh_layer_1_vtx_0 + 2674, 32, 0),
	gsSP2Triangles(0, 1, 2, 0, 0, 2, 3, 0),
	gsSP2Triangles(4, 5, 6, 0, 4, 6, 7, 0),
	gsSP2Triangles(8, 9, 10, 0, 8, 10, 11, 0),
	gsSP2Triangles(12, 13, 14, 0, 12, 14, 15, 0),
	gsSP2Triangles(16, 17, 18, 0, 16, 18, 19, 0),
	gsSP2Triangles(20, 21, 22, 0, 23, 20, 22, 0),
	gsSP2Triangles(20, 23, 24, 0, 25, 20, 24, 0),
	gsSP2Triangles(26, 27, 28, 0, 26, 29, 27, 0),
	gsSP2Triangles(30, 29, 26, 0, 30, 31, 29, 0),
	gsSPVertex(catamesa_dl_Plane_003_mesh_layer_1_vtx_0 + 2706, 32, 0),
	gsSP2Triangles(0, 1, 2, 0, 0, 2, 3, 0),
	gsSP2Triangles(4, 5, 6, 0, 4, 6, 7, 0),
	gsSP2Triangles(8, 9, 10, 0, 8, 10, 11, 0),
	gsSP2Triangles(12, 13, 14, 0, 12, 14, 15, 0),
	gsSP2Triangles(16, 17, 18, 0, 16, 18, 19, 0),
	gsSP2Triangles(20, 21, 22, 0, 20, 22, 23, 0),
	gsSP2Triangles(24, 25, 26, 0, 24, 26, 27, 0),
	gsSP2Triangles(28, 29, 30, 0, 28, 30, 31, 0),
	gsSPVertex(catamesa_dl_Plane_003_mesh_layer_1_vtx_0 + 2738, 32, 0),
	gsSP2Triangles(0, 1, 2, 0, 0, 2, 3, 0),
	gsSP2Triangles(4, 5, 6, 0, 4, 6, 7, 0),
	gsSP2Triangles(8, 9, 10, 0, 8, 10, 11, 0),
	gsSP2Triangles(12, 13, 14, 0, 12, 14, 15, 0),
	gsSP2Triangles(16, 17, 18, 0, 16, 18, 19, 0),
	gsSP2Triangles(20, 21, 22, 0, 20, 22, 23, 0),
	gsSP2Triangles(24, 25, 26, 0, 24, 26, 27, 0),
	gsSP2Triangles(28, 29, 30, 0, 28, 30, 31, 0),
	gsSPVertex(catamesa_dl_Plane_003_mesh_layer_1_vtx_0 + 2770, 32, 0),
	gsSP2Triangles(0, 1, 2, 0, 0, 3, 1, 0),
	gsSP2Triangles(3, 4, 1, 0, 3, 5, 4, 0),
	gsSP2Triangles(5, 6, 4, 0, 5, 7, 6, 0),
	gsSP2Triangles(8, 9, 10, 0, 8, 10, 11, 0),
	gsSP2Triangles(12, 13, 14, 0, 12, 14, 15, 0),
	gsSP2Triangles(16, 17, 18, 0, 16, 18, 19, 0),
	gsSP2Triangles(20, 21, 22, 0, 20, 23, 21, 0),
	gsSP2Triangles(23, 24, 21, 0, 23, 25, 24, 0),
	gsSP2Triangles(25, 26, 24, 0, 25, 27, 26, 0),
	gsSP2Triangles(28, 29, 30, 0, 28, 30, 31, 0),
	gsSPVertex(catamesa_dl_Plane_003_mesh_layer_1_vtx_0 + 2802, 32, 0),
	gsSP2Triangles(0, 1, 2, 0, 0, 2, 3, 0),
	gsSP2Triangles(4, 5, 6, 0, 4, 6, 7, 0),
	gsSP2Triangles(8, 9, 10, 0, 8, 10, 11, 0),
	gsSP2Triangles(12, 13, 14, 0, 12, 14, 15, 0),
	gsSP2Triangles(16, 17, 18, 0, 16, 18, 19, 0),
	gsSP2Triangles(20, 21, 22, 0, 20, 22, 23, 0),
	gsSP2Triangles(24, 25, 26, 0, 24, 26, 27, 0),
	gsSP2Triangles(28, 29, 30, 0, 28, 30, 31, 0),
	gsSPVertex(catamesa_dl_Plane_003_mesh_layer_1_vtx_0 + 2834, 32, 0),
	gsSP2Triangles(0, 1, 2, 0, 0, 2, 3, 0),
	gsSP2Triangles(4, 5, 6, 0, 4, 6, 7, 0),
	gsSP2Triangles(8, 9, 10, 0, 8, 10, 11, 0),
	gsSP2Triangles(12, 13, 14, 0, 12, 14, 15, 0),
	gsSP2Triangles(16, 17, 18, 0, 16, 18, 19, 0),
	gsSP2Triangles(20, 21, 22, 0, 20, 22, 23, 0),
	gsSP2Triangles(24, 25, 26, 0, 24, 26, 27, 0),
	gsSP2Triangles(28, 29, 30, 0, 28, 30, 31, 0),
	gsSPVertex(catamesa_dl_Plane_003_mesh_layer_1_vtx_0 + 2866, 32, 0),
	gsSP2Triangles(0, 1, 2, 0, 0, 2, 3, 0),
	gsSP2Triangles(4, 5, 6, 0, 4, 6, 7, 0),
	gsSP2Triangles(8, 9, 10, 0, 8, 10, 11, 0),
	gsSP2Triangles(12, 13, 14, 0, 12, 15, 13, 0),
	gsSP2Triangles(15, 16, 13, 0, 15, 17, 16, 0),
	gsSP2Triangles(18, 19, 20, 0, 18, 21, 19, 0),
	gsSP2Triangles(22, 19, 21, 0, 22, 21, 23, 0),
	gsSP2Triangles(24, 25, 26, 0, 24, 26, 27, 0),
	gsSP2Triangles(28, 29, 30, 0, 28, 30, 31, 0),
	gsSPVertex(catamesa_dl_Plane_003_mesh_layer_1_vtx_0 + 2898, 32, 0),
	gsSP2Triangles(0, 1, 2, 0, 0, 2, 3, 0),
	gsSP2Triangles(4, 5, 6, 0, 4, 6, 7, 0),
	gsSP2Triangles(8, 9, 10, 0, 8, 10, 11, 0),
	gsSP2Triangles(12, 13, 14, 0, 12, 14, 15, 0),
	gsSP2Triangles(16, 17, 18, 0, 16, 18, 19, 0),
	gsSP2Triangles(20, 21, 22, 0, 20, 22, 23, 0),
	gsSP2Triangles(24, 25, 26, 0, 24, 26, 27, 0),
	gsSP2Triangles(28, 29, 30, 0, 28, 31, 29, 0),
	gsSPVertex(catamesa_dl_Plane_003_mesh_layer_1_vtx_0 + 2930, 32, 0),
	gsSP2Triangles(0, 1, 2, 0, 0, 2, 3, 0),
	gsSP2Triangles(4, 5, 6, 0, 4, 6, 7, 0),
	gsSP2Triangles(8, 9, 10, 0, 8, 10, 11, 0),
	gsSP2Triangles(12, 13, 14, 0, 12, 14, 15, 0),
	gsSP2Triangles(16, 17, 18, 0, 16, 18, 19, 0),
	gsSP2Triangles(20, 21, 22, 0, 20, 22, 23, 0),
	gsSP2Triangles(24, 25, 26, 0, 24, 26, 27, 0),
	gsSP2Triangles(28, 29, 30, 0, 28, 30, 31, 0),
	gsSPVertex(catamesa_dl_Plane_003_mesh_layer_1_vtx_0 + 2962, 32, 0),
	gsSP2Triangles(0, 1, 2, 0, 0, 2, 3, 0),
	gsSP2Triangles(4, 5, 6, 0, 4, 6, 7, 0),
	gsSP2Triangles(8, 9, 10, 0, 8, 10, 11, 0),
	gsSP2Triangles(12, 13, 14, 0, 12, 14, 15, 0),
	gsSP2Triangles(16, 17, 18, 0, 16, 18, 19, 0),
	gsSP2Triangles(20, 21, 22, 0, 20, 22, 23, 0),
	gsSP2Triangles(24, 25, 26, 0, 26, 27, 24, 0),
	gsSP2Triangles(26, 28, 27, 0, 29, 30, 31, 0),
	gsSPVertex(catamesa_dl_Plane_003_mesh_layer_1_vtx_0 + 2994, 32, 0),
	gsSP2Triangles(0, 1, 2, 0, 3, 4, 5, 0),
	gsSP2Triangles(3, 5, 6, 0, 7, 8, 9, 0),
	gsSP2Triangles(7, 9, 10, 0, 11, 12, 13, 0),
	gsSP2Triangles(11, 13, 14, 0, 15, 16, 17, 0),
	gsSP2Triangles(15, 17, 18, 0, 19, 20, 21, 0),
	gsSP2Triangles(19, 22, 20, 0, 23, 20, 22, 0),
	gsSP2Triangles(23, 22, 24, 0, 25, 26, 27, 0),
	gsSP2Triangles(25, 27, 28, 0, 29, 30, 31, 0),
	gsSPVertex(catamesa_dl_Plane_003_mesh_layer_1_vtx_0 + 3026, 30, 0),
	gsSP2Triangles(0, 1, 2, 0, 3, 4, 5, 0),
	gsSP2Triangles(3, 5, 6, 0, 7, 8, 9, 0),
	gsSP2Triangles(7, 9, 10, 0, 11, 12, 13, 0),
	gsSP2Triangles(11, 13, 14, 0, 15, 16, 17, 0),
	gsSP2Triangles(15, 17, 18, 0, 19, 20, 21, 0),
	gsSP2Triangles(22, 19, 21, 0, 22, 21, 23, 0),
	gsSP2Triangles(24, 22, 23, 0, 25, 26, 27, 0),
	gsSP2Triangles(25, 27, 28, 0, 27, 29, 28, 0),
	gsSPVertex(catamesa_dl_Plane_003_mesh_layer_1_vtx_0 + 3056, 30, 0),
	gsSP2Triangles(0, 1, 2, 0, 0, 2, 3, 0),
	gsSP2Triangles(4, 5, 6, 0, 4, 6, 7, 0),
	gsSP2Triangles(8, 9, 10, 0, 8, 10, 11, 0),
	gsSP2Triangles(12, 13, 14, 0, 12, 14, 15, 0),
	gsSP2Triangles(16, 17, 18, 0, 16, 18, 19, 0),
	gsSP2Triangles(20, 21, 22, 0, 20, 22, 23, 0),
	gsSP2Triangles(24, 25, 26, 0, 24, 26, 27, 0),
	gsSP2Triangles(28, 27, 26, 0, 28, 29, 27, 0),
	gsSPVertex(catamesa_dl_Plane_003_mesh_layer_1_vtx_0 + 3086, 32, 0),
	gsSP2Triangles(0, 1, 2, 0, 0, 2, 3, 0),
	gsSP2Triangles(4, 5, 6, 0, 4, 6, 7, 0),
	gsSP2Triangles(8, 9, 10, 0, 8, 10, 11, 0),
	gsSP2Triangles(11, 10, 12, 0, 11, 12, 13, 0),
	gsSP2Triangles(13, 12, 14, 0, 13, 14, 15, 0),
	gsSP2Triangles(16, 17, 18, 0, 16, 18, 19, 0),
	gsSP2Triangles(19, 18, 20, 0, 19, 20, 21, 0),
	gsSP2Triangles(22, 23, 24, 0, 23, 25, 24, 0),
	gsSP2Triangles(23, 26, 25, 0, 26, 27, 25, 0),
	gsSP2Triangles(28, 29, 30, 0, 28, 30, 31, 0),
	gsSPVertex(catamesa_dl_Plane_003_mesh_layer_1_vtx_0 + 3118, 32, 0),
	gsSP2Triangles(0, 1, 2, 0, 0, 2, 3, 0),
	gsSP2Triangles(4, 5, 6, 0, 4, 6, 7, 0),
	gsSP2Triangles(8, 9, 10, 0, 8, 10, 11, 0),
	gsSP2Triangles(12, 13, 14, 0, 12, 14, 15, 0),
	gsSP2Triangles(16, 17, 18, 0, 16, 18, 19, 0),
	gsSP2Triangles(20, 21, 22, 0, 20, 22, 23, 0),
	gsSP2Triangles(24, 25, 26, 0, 24, 26, 27, 0),
	gsSP2Triangles(28, 29, 30, 0, 28, 30, 31, 0),
	gsSPVertex(catamesa_dl_Plane_003_mesh_layer_1_vtx_0 + 3150, 30, 0),
	gsSP2Triangles(0, 1, 2, 0, 2, 1, 3, 0),
	gsSP2Triangles(2, 3, 4, 0, 3, 5, 4, 0),
	gsSP2Triangles(6, 7, 8, 0, 6, 8, 9, 0),
	gsSP2Triangles(10, 11, 12, 0, 10, 12, 13, 0),
	gsSP2Triangles(14, 15, 16, 0, 14, 16, 17, 0),
	gsSP2Triangles(18, 19, 20, 0, 18, 20, 21, 0),
	gsSP2Triangles(22, 23, 24, 0, 22, 24, 25, 0),
	gsSP2Triangles(26, 27, 28, 0, 26, 28, 29, 0),
	gsSPVertex(catamesa_dl_Plane_003_mesh_layer_1_vtx_0 + 3180, 30, 0),
	gsSP2Triangles(0, 1, 2, 0, 0, 3, 1, 0),
	gsSP2Triangles(4, 1, 3, 0, 4, 3, 5, 0),
	gsSP2Triangles(5, 6, 4, 0, 5, 7, 6, 0),
	gsSP2Triangles(8, 9, 10, 0, 8, 10, 11, 0),
	gsSP2Triangles(12, 13, 14, 0, 12, 14, 15, 0),
	gsSP2Triangles(16, 17, 18, 0, 16, 18, 19, 0),
	gsSP2Triangles(20, 21, 22, 0, 20, 22, 23, 0),
	gsSP2Triangles(24, 20, 23, 0, 24, 23, 25, 0),
	gsSP2Triangles(26, 27, 28, 0, 26, 28, 29, 0),
	gsSPVertex(catamesa_dl_Plane_003_mesh_layer_1_vtx_0 + 3210, 32, 0),
	gsSP2Triangles(0, 1, 2, 0, 0, 2, 3, 0),
	gsSP2Triangles(4, 5, 6, 0, 4, 6, 7, 0),
	gsSP2Triangles(8, 9, 10, 0, 8, 10, 11, 0),
	gsSP2Triangles(12, 13, 3, 0, 12, 3, 14, 0),
	gsSP2Triangles(15, 16, 17, 0, 17, 18, 15, 0),
	gsSP2Triangles(17, 19, 18, 0, 20, 21, 22, 0),
	gsSP2Triangles(22, 23, 20, 0, 22, 24, 23, 0),
	gsSP2Triangles(25, 26, 27, 0, 25, 27, 28, 0),
	gsSP2Triangles(29, 25, 28, 0, 30, 29, 28, 0),
	gsSP1Triangle(31, 30, 28, 0),
	gsSPVertex(catamesa_dl_Plane_003_mesh_layer_1_vtx_0 + 3242, 32, 0),
	gsSP2Triangles(0, 1, 2, 0, 3, 4, 5, 0),
	gsSP2Triangles(3, 6, 4, 0, 6, 7, 4, 0),
	gsSP2Triangles(8, 7, 6, 0, 9, 8, 6, 0),
	gsSP2Triangles(10, 7, 8, 0, 4, 7, 10, 0),
	gsSP2Triangles(11, 3, 5, 0, 12, 13, 14, 0),
	gsSP2Triangles(15, 12, 14, 0, 16, 17, 18, 0),
	gsSP2Triangles(17, 19, 18, 0, 17, 20, 19, 0),
	gsSP2Triangles(19, 20, 21, 0, 20, 22, 21, 0),
	gsSP2Triangles(20, 23, 22, 0, 23, 24, 22, 0),
	gsSP2Triangles(23, 25, 24, 0, 26, 24, 25, 0),
	gsSP2Triangles(26, 25, 27, 0, 27, 25, 28, 0),
	gsSP2Triangles(25, 29, 28, 0, 28, 29, 30, 0),
	gsSP1Triangle(29, 31, 30, 0),
	gsSPVertex(catamesa_dl_Plane_003_mesh_layer_1_vtx_0 + 3274, 30, 0),
	gsSP2Triangles(0, 1, 2, 0, 0, 3, 1, 0),
	gsSP2Triangles(3, 4, 1, 0, 4, 5, 1, 0),
	gsSP2Triangles(4, 6, 5, 0, 4, 7, 6, 0),
	gsSP2Triangles(6, 8, 5, 0, 6, 9, 8, 0),
	gsSP2Triangles(8, 10, 5, 0, 8, 11, 10, 0),
	gsSP2Triangles(12, 11, 8, 0, 12, 8, 13, 0),
	gsSP2Triangles(2, 13, 8, 0, 2, 14, 13, 0),
	gsSP2Triangles(2, 15, 14, 0, 16, 15, 2, 0),
	gsSP2Triangles(16, 2, 17, 0, 18, 17, 2, 0),
	gsSP2Triangles(18, 2, 1, 0, 19, 18, 1, 0),
	gsSP2Triangles(19, 1, 20, 0, 5, 20, 1, 0),
	gsSP2Triangles(5, 21, 20, 0, 5, 22, 21, 0),
	gsSP2Triangles(23, 22, 5, 0, 23, 5, 10, 0),
	gsSP2Triangles(23, 10, 24, 0, 25, 24, 10, 0),
	gsSP2Triangles(25, 10, 11, 0, 11, 26, 25, 0),
	gsSP2Triangles(12, 26, 11, 0, 15, 26, 12, 0),
	gsSP2Triangles(15, 16, 26, 0, 27, 24, 25, 0),
	gsSP2Triangles(27, 28, 24, 0, 27, 18, 28, 0),
	gsSP2Triangles(27, 17, 18, 0, 16, 17, 27, 0),
	gsSP2Triangles(18, 29, 28, 0, 19, 29, 18, 0),
	gsSP2Triangles(29, 19, 22, 0, 29, 22, 23, 0),
	gsSPVertex(catamesa_dl_Plane_003_mesh_layer_1_vtx_0 + 3304, 32, 0),
	gsSP2Triangles(0, 1, 2, 0, 0, 2, 3, 0),
	gsSP2Triangles(4, 5, 6, 0, 5, 7, 6, 0),
	gsSP2Triangles(5, 8, 7, 0, 8, 9, 7, 0),
	gsSP2Triangles(8, 10, 9, 0, 10, 11, 9, 0),
	gsSP2Triangles(10, 4, 11, 0, 4, 6, 11, 0),
	gsSP2Triangles(12, 13, 14, 0, 13, 15, 14, 0),
	gsSP2Triangles(13, 16, 15, 0, 16, 17, 15, 0),
	gsSP2Triangles(16, 18, 17, 0, 18, 19, 17, 0),
	gsSP2Triangles(18, 12, 19, 0, 12, 14, 19, 0),
	gsSP2Triangles(20, 21, 22, 0, 20, 23, 21, 0),
	gsSP2Triangles(24, 23, 20, 0, 24, 20, 25, 0),
	gsSP2Triangles(24, 25, 26, 0, 24, 26, 27, 0),
	gsSP2Triangles(26, 28, 27, 0, 26, 29, 28, 0),
	gsSP2Triangles(29, 30, 28, 0, 29, 31, 30, 0),
	gsSPVertex(catamesa_dl_Plane_003_mesh_layer_1_vtx_0 + 3336, 31, 0),
	gsSP2Triangles(0, 1, 2, 0, 1, 3, 2, 0),
	gsSP2Triangles(1, 4, 3, 0, 0, 2, 5, 0),
	gsSP2Triangles(6, 0, 5, 0, 6, 5, 7, 0),
	gsSP2Triangles(0, 8, 9, 0, 0, 10, 8, 0),
	gsSP2Triangles(10, 11, 8, 0, 11, 12, 8, 0),
	gsSP2Triangles(11, 13, 12, 0, 13, 14, 12, 0),
	gsSP2Triangles(15, 16, 17, 0, 16, 18, 17, 0),
	gsSP2Triangles(16, 19, 18, 0, 19, 20, 18, 0),
	gsSP2Triangles(19, 21, 20, 0, 21, 22, 20, 0),
	gsSP2Triangles(21, 15, 22, 0, 15, 17, 22, 0),
	gsSP2Triangles(23, 24, 25, 0, 24, 26, 25, 0),
	gsSP2Triangles(24, 27, 26, 0, 27, 28, 26, 0),
	gsSP2Triangles(27, 29, 28, 0, 29, 30, 28, 0),
	gsSP2Triangles(29, 23, 30, 0, 23, 25, 30, 0),
	gsSPVertex(catamesa_dl_Plane_003_mesh_layer_1_vtx_0 + 3367, 32, 0),
	gsSP2Triangles(0, 1, 2, 0, 1, 3, 2, 0),
	gsSP2Triangles(1, 4, 3, 0, 4, 5, 3, 0),
	gsSP2Triangles(4, 6, 5, 0, 6, 7, 5, 0),
	gsSP2Triangles(6, 0, 7, 0, 0, 2, 7, 0),
	gsSP2Triangles(8, 9, 10, 0, 9, 11, 10, 0),
	gsSP2Triangles(9, 12, 11, 0, 12, 13, 11, 0),
	gsSP2Triangles(12, 14, 13, 0, 14, 15, 13, 0),
	gsSP2Triangles(14, 8, 15, 0, 8, 10, 15, 0),
	gsSP2Triangles(16, 17, 18, 0, 17, 19, 18, 0),
	gsSP2Triangles(17, 20, 19, 0, 20, 21, 19, 0),
	gsSP2Triangles(20, 22, 21, 0, 22, 23, 21, 0),
	gsSP2Triangles(22, 24, 23, 0, 24, 25, 23, 0),
	gsSP2Triangles(24, 26, 25, 0, 26, 27, 25, 0),
	gsSP2Triangles(26, 16, 27, 0, 16, 18, 27, 0),
	gsSP2Triangles(28, 29, 30, 0, 29, 31, 30, 0),
	gsSPVertex(catamesa_dl_Plane_003_mesh_layer_1_vtx_0 + 3399, 32, 0),
	gsSP2Triangles(0, 1, 2, 0, 1, 3, 2, 0),
	gsSP2Triangles(1, 4, 3, 0, 4, 5, 3, 0),
	gsSP2Triangles(4, 6, 5, 0, 6, 7, 5, 0),
	gsSP2Triangles(6, 8, 7, 0, 8, 9, 7, 0),
	gsSP2Triangles(8, 10, 9, 0, 10, 11, 9, 0),
	gsSP2Triangles(12, 13, 14, 0, 13, 15, 14, 0),
	gsSP2Triangles(13, 16, 15, 0, 16, 17, 15, 0),
	gsSP2Triangles(16, 18, 17, 0, 18, 19, 17, 0),
	gsSP2Triangles(18, 20, 19, 0, 20, 21, 19, 0),
	gsSP2Triangles(20, 22, 21, 0, 22, 23, 21, 0),
	gsSP2Triangles(22, 12, 23, 0, 12, 14, 23, 0),
	gsSP2Triangles(24, 25, 26, 0, 25, 27, 26, 0),
	gsSP2Triangles(25, 28, 27, 0, 28, 29, 27, 0),
	gsSP2Triangles(28, 30, 29, 0, 30, 31, 29, 0),
	gsSPVertex(catamesa_dl_Plane_003_mesh_layer_1_vtx_0 + 3431, 32, 0),
	gsSP2Triangles(0, 1, 2, 0, 1, 3, 2, 0),
	gsSP2Triangles(1, 4, 3, 0, 4, 5, 3, 0),
	gsSP2Triangles(4, 6, 5, 0, 6, 7, 5, 0),
	gsSP2Triangles(8, 9, 10, 0, 11, 9, 8, 0),
	gsSP2Triangles(11, 12, 9, 0, 13, 12, 11, 0),
	gsSP2Triangles(13, 14, 12, 0, 15, 14, 13, 0),
	gsSP2Triangles(15, 16, 14, 0, 17, 16, 15, 0),
	gsSP2Triangles(17, 18, 16, 0, 19, 18, 17, 0),
	gsSP2Triangles(19, 10, 18, 0, 8, 10, 19, 0),
	gsSP2Triangles(20, 21, 22, 0, 23, 21, 20, 0),
	gsSP2Triangles(23, 24, 21, 0, 25, 24, 23, 0),
	gsSP2Triangles(25, 26, 24, 0, 27, 26, 25, 0),
	gsSP2Triangles(27, 28, 26, 0, 29, 28, 27, 0),
	gsSP2Triangles(29, 30, 28, 0, 31, 30, 29, 0),
	gsSP2Triangles(31, 22, 30, 0, 20, 22, 31, 0),
	gsSPVertex(catamesa_dl_Plane_003_mesh_layer_1_vtx_0 + 3463, 32, 0),
	gsSP2Triangles(0, 1, 2, 0, 3, 1, 0, 0),
	gsSP2Triangles(3, 4, 1, 0, 5, 4, 3, 0),
	gsSP2Triangles(5, 6, 4, 0, 7, 6, 5, 0),
	gsSP2Triangles(7, 8, 6, 0, 9, 8, 7, 0),
	gsSP2Triangles(9, 10, 8, 0, 11, 10, 9, 0),
	gsSP2Triangles(11, 2, 10, 0, 0, 2, 11, 0),
	gsSP2Triangles(12, 13, 14, 0, 15, 13, 12, 0),
	gsSP2Triangles(15, 16, 13, 0, 17, 16, 15, 0),
	gsSP2Triangles(17, 18, 16, 0, 19, 18, 17, 0),
	gsSP2Triangles(19, 20, 18, 0, 21, 20, 19, 0),
	gsSP2Triangles(21, 22, 20, 0, 23, 22, 21, 0),
	gsSP2Triangles(23, 14, 22, 0, 12, 14, 23, 0),
	gsSP2Triangles(24, 25, 26, 0, 25, 24, 27, 0),
	gsSP2Triangles(24, 28, 27, 0, 28, 29, 27, 0),
	gsSP2Triangles(29, 30, 27, 0, 29, 31, 30, 0),
	gsSPVertex(catamesa_dl_Plane_003_mesh_layer_1_vtx_0 + 3495, 28, 0),
	gsSP2Triangles(0, 1, 2, 0, 1, 0, 3, 0),
	gsSP2Triangles(0, 4, 3, 0, 4, 5, 3, 0),
	gsSP2Triangles(3, 5, 6, 0, 5, 7, 6, 0),
	gsSP2Triangles(7, 8, 6, 0, 7, 9, 8, 0),
	gsSP2Triangles(7, 10, 9, 0, 10, 11, 9, 0),
	gsSP2Triangles(9, 12, 8, 0, 12, 13, 8, 0),
	gsSP2Triangles(12, 14, 13, 0, 14, 2, 13, 0),
	gsSP2Triangles(15, 2, 14, 0, 16, 15, 14, 0),
	gsSP2Triangles(2, 1, 13, 0, 13, 17, 8, 0),
	gsSP2Triangles(17, 6, 8, 0, 17, 3, 6, 0),
	gsSP2Triangles(18, 19, 20, 0, 19, 21, 20, 0),
	gsSP2Triangles(21, 22, 20, 0, 22, 18, 20, 0),
	gsSP2Triangles(23, 24, 25, 0, 24, 26, 25, 0),
	gsSP2Triangles(26, 27, 25, 0, 27, 23, 25, 0),
	gsSPEndDisplayList(),
};

Vtx catamesa_dl_Plane_003_mesh_layer_1_vtx_1[1375] = {
	{{{8184, -3413, 5879}, 0, {7548, 983}, {0x00, 0x1E, 0x7B, 0xFF}}},
	{{{8471, -4736, 6198}, 0, {8333, 4703}, {0x00, 0x1E, 0x7B, 0xFF}}},
	{{{8255, -3285, 5848}, 0, {7741, 623}, {0x00, 0x1E, 0x7B, 0xFF}}},
	{{{7972, -3285, 5848}, 0, {6968, 623}, {0x00, 0x1E, 0x7B, 0xFF}}},
	{{{7807, -4736, 6198}, 0, {6518, 4703}, {0x00, 0x1E, 0x7B, 0xFF}}},
	{{{8043, -3413, 5879}, 0, {7161, 983}, {0x00, 0x1E, 0x7B, 0xFF}}},
	{{{6665, -3901, 5996}, 0, {3398, 2355}, {0x00, 0x1E, 0x7B, 0xFF}}},
	{{{6595, -4034, 6028}, 0, {3205, 2729}, {0x00, 0x1E, 0x7B, 0xFF}}},
	{{{6756, -4736, 6198}, 0, {3647, 4703}, {0x00, 0x1E, 0x7B, 0xFF}}},
	{{{8043, -3413, 7345}, 0, {-6169, 983}, {0x00, 0x1E, 0x85, 0xFF}}},
	{{{7807, -4736, 7026}, 0, {-5526, 4703}, {0x00, 0x1E, 0x85, 0xFF}}},
	{{{7972, -3285, 7376}, 0, {-5976, 623}, {0x00, 0x1E, 0x85, 0xFF}}},
	{{{8184, -3413, 7345}, 0, {-6556, 983}, {0x00, 0x1E, 0x85, 0xFF}}},
	{{{8255, -3285, 7376}, 0, {-6749, 623}, {0x00, 0x1E, 0x85, 0xFF}}},
	{{{8471, -4736, 7026}, 0, {-7341, 4703}, {0x00, 0x1E, 0x85, 0xFF}}},
	{{{6383, -3812, 7249}, 0, {-1634, 2106}, {0x00, 0x1E, 0x85, 0xFF}}},
	{{{6169, -4029, 7196}, 0, {-1050, 2716}, {0x00, 0x1E, 0x85, 0xFF}}},
	{{{6180, -1009, 7924}, 0, {-1079, -5773}, {0x00, 0x1E, 0x85, 0xFF}}},
	{{{2563, -7150, 3095}, 0, {6985, 7123}, {0xD2, 0x00, 0x89, 0xFF}}},
	{{{2563, -8023, 3095}, 0, {6985, 9955}, {0xD2, 0x00, 0x89, 0xFF}}},
	{{{2001, -8023, 3311}, 0, {5161, 9955}, {0xD2, 0x00, 0x89, 0xFF}}},
	{{{2001, -7150, 3311}, 0, {5161, 7123}, {0xD2, 0x00, 0x89, 0xFF}}},
	{{{6783, -7145, 2402}, 0, {20680, 7106}, {0x00, 0x00, 0x7F, 0xFF}}},
	{{{6783, -5605, 2402}, 0, {20680, 2108}, {0x00, 0x00, 0x7F, 0xFF}}},
	{{{2563, -7150, 2402}, 0, {6985, 7123}, {0x00, 0x00, 0x7F, 0xFF}}},
	{{{2563, -8023, 2402}, 0, {6985, 9955}, {0x00, 0x00, 0x7F, 0xFF}}},
	{{{6783, -5605, 3095}, 0, {20680, 2108}, {0x00, 0x00, 0x81, 0xFF}}},
	{{{6783, -7145, 3095}, 0, {20680, 7106}, {0x00, 0x00, 0x81, 0xFF}}},
	{{{2563, -8023, 3095}, 0, {6985, 9955}, {0x00, 0x00, 0x81, 0xFF}}},
	{{{2563, -7150, 3095}, 0, {6985, 7123}, {0x00, 0x00, 0x81, 0xFF}}},
	{{{2464, -6449, -4821}, 0, {6662, 4848}, {0x00, 0x00, 0x7F, 0xFF}}},
	{{{2464, -5427, -4821}, 0, {6662, 1530}, {0x00, 0x00, 0x7F, 0xFF}}},
	{{{1186, -5427, -4821}, 0, {2515, 1530}, {0x00, 0x00, 0x7F, 0xFF}}},
	{{{1186, -6449, -4821}, 0, {2515, 4848}, {0x00, 0x00, 0x7F, 0xFF}}},
	{{{1064, -5427, -4821}, 0, {2119, 1530}, {0x14, 0x00, 0x7D, 0xFF}}},
	{{{1064, -6449, -4821}, 0, {2119, 4848}, {0x29, 0x00, 0x78, 0xFF}}},
	{{{-2252, -6449, 5331}, 0, {-8605, 4848}, {0x00, 0x00, 0x81, 0xFF}}},
	{{{362, -6449, 5331}, 0, {-544, 4848}, {0x00, 0x00, 0x81, 0xFF}}},
	{{{362, -10779, 5331}, 0, {-544, 18899}, {0x00, 0x00, 0x81, 0xFF}}},
	{{{-2252, -10779, 5331}, 0, {-8605, 18899}, {0x00, 0x00, 0x81, 0xFF}}},
	{{{362, -6449, 1002}, 0, {-544, 4848}, {0x00, 0x00, 0x7F, 0xFF}}},
	{{{-2252, -6449, 1002}, 0, {-8605, 4848}, {0x00, 0x00, 0x7F, 0xFF}}},
	{{{-2252, -10779, 1002}, 0, {-8605, 18899}, {0x00, 0x00, 0x7F, 0xFF}}},
	{{{362, -10779, 1002}, 0, {-544, 18899}, {0x00, 0x00, 0x7F, 0xFF}}},
	{{{8471, -5804, 7503}, 0, {26161, 2754}, {0x00, 0x00, 0x81, 0xFF}}},
	{{{5603, -5294, 7503}, 0, {16852, 1097}, {0x00, 0x00, 0x81, 0xFF}}},
	{{{8471, -5294, 7503}, 0, {26161, 1097}, {0x00, 0x00, 0x81, 0xFF}}},
	{{{5603, -6311, 7503}, 0, {16852, 4398}, {0x00, 0x00, 0x81, 0xFF}}},
	{{{5603, -7614, 7503}, 0, {16852, 9235}, {0x00, 0x28, 0x88, 0xFF}}},
	{{{8471, -7237, 7503}, 0, {26161, 7403}, {0x00, 0x00, 0x81, 0xFF}}},
	{{{8471, -10779, 7503}, 0, {26161, 18899}, {0x00, 0x00, 0x81, 0xFF}}},
	{{{5603, -10779, 7503}, 0, {16852, 18899}, {0x00, 0x00, 0x81, 0xFF}}},
	{{{4359, -6311, 7503}, 0, {12814, 4398}, {0x00, 0x00, 0x81, 0xFF}}},
	{{{5474, -7614, 7503}, 0, {15842, 9235}, {0x00, 0x39, 0x8E, 0xFF}}},
	{{{4488, -7614, 7503}, 0, {13823, 9235}, {0x23, 0x2B, 0x8E, 0xFF}}},
	{{{4359, -7614, 7503}, 0, {12814, 9235}, {0x00, 0x5A, 0xA6, 0xFF}}},
	{{{3996, -7614, 7503}, 0, {11635, 9235}, {0x00, 0x00, 0x81, 0xFF}}},
	{{{3302, -5971, 7503}, 0, {9383, 3296}, {0x00, 0x00, 0x81, 0xFF}}},
	{{{1056, -6449, 7503}, 0, {2091, 5754}, {0x00, 0x00, 0x81, 0xFF}}},
	{{{3996, -10779, 7503}, 0, {11635, 18899}, {0x00, 0x00, 0x81, 0xFF}}},
	{{{1056, -10779, 7503}, 0, {2091, 18899}, {0x00, 0x00, 0x81, 0xFF}}},
	{{{1056, -4812, 7503}, 0, {2091, -466}, {0x00, 0x00, 0x81, 0xFF}}},
	{{{-3282, -7761, 3549}, 0, {-12055, 9104}, {0x00, 0x00, 0x81, 0xFF}}},
	{{{-3477, -7761, 3549}, 0, {-12619, 9104}, {0x00, 0x00, 0x81, 0xFF}}},
	{{{-3477, -5158, 3549}, 0, {-12619, 657}, {0x00, 0x00, 0x81, 0xFF}}},
	{{{-3048, -5158, 3549}, 0, {-11228, 657}, {0x00, 0x00, 0x81, 0xFF}}},
	{{{-3048, -7761, 3549}, 0, {-11228, 9104}, {0x00, 0x00, 0x81, 0xFF}}},
	{{{-3048, -7829, 3549}, 0, {-11228, 9325}, {0x00, 0x00, 0x81, 0xFF}}},
	{{{-3196, -8069, 3549}, 0, {-11707, 10105}, {0x00, 0x00, 0x81, 0xFF}}},
	{{{-2741, -8069, 3549}, 0, {-10233, 10105}, {0x00, 0x00, 0x81, 0xFF}}},
	{{{-2045, -7150, 3095}, 0, {-7972, 7123}, {0x00, 0x00, 0x81, 0xFF}}},
	{{{-2537, -7761, 3095}, 0, {-9570, 9104}, {0x00, 0x00, 0x81, 0xFF}}},
	{{{-2537, -7150, 3095}, 0, {-9570, 7123}, {0x00, 0x00, 0x81, 0xFF}}},
	{{{-2045, -7761, 3095}, 0, {-7972, 9104}, {0x00, 0x5A, 0xA6, 0xFF}}},
	{{{-608, -7150, 3095}, 0, {-3308, 7123}, {0x00, 0x00, 0x81, 0xFF}}},
	{{{-608, -7761, 3095}, 0, {-3308, 9104}, {0xB8, 0x49, 0xB5, 0xFF}}},
	{{{-2045, -7761, 2402}, 0, {-7972, 9104}, {0x00, 0x5A, 0x5A, 0xFF}}},
	{{{-2537, -7150, 2402}, 0, {-9570, 7123}, {0x00, 0x00, 0x7F, 0xFF}}},
	{{{-2537, -7761, 2402}, 0, {-9570, 9104}, {0x00, 0x00, 0x7F, 0xFF}}},
	{{{-2045, -7150, 2402}, 0, {-7972, 7123}, {0x00, 0x00, 0x7F, 0xFF}}},
	{{{-608, -7761, 2402}, 0, {-3308, 9104}, {0xB8, 0x49, 0x4B, 0xFF}}},
	{{{-608, -7150, 2402}, 0, {-3308, 7123}, {0x00, 0x00, 0x7F, 0xFF}}},
	{{{860, -8023, 2402}, 0, {1457, 9955}, {0x00, 0x00, 0x7F, 0xFF}}},
	{{{460, -7761, 2402}, 0, {157, 9104}, {0x00, 0x28, 0x78, 0xFF}}},
	{{{460, -8023, 2402}, 0, {157, 9955}, {0x00, 0x00, 0x7F, 0xFF}}},
	{{{860, -7150, 2402}, 0, {1457, 7123}, {0x00, 0x00, 0x7F, 0xFF}}},
	{{{-529, -7150, 2402}, 0, {-3051, 7123}, {0x00, 0x00, 0x7F, 0xFF}}},
	{{{-529, -7761, 2402}, 0, {-3051, 9104}, {0x48, 0x49, 0x4B, 0xFF}}},
	{{{-3878, -7761, 2263}, 0, {-13922, 9104}, {0x00, 0x00, 0x7F, 0xFF}}},
	{{{-3477, -7761, 2263}, 0, {-12619, 9104}, {0x00, 0x00, 0x7F, 0xFF}}},
	{{{-3477, -5158, 2263}, 0, {-12619, 657}, {0x00, 0x00, 0x7F, 0xFF}}},
	{{{-3878, -5158, 2263}, 0, {-13922, 657}, {0x00, 0x00, 0x7F, 0xFF}}},
	{{{-3477, -7761, 3234}, 0, {-12619, 9104}, {0x00, 0x00, 0x81, 0xFF}}},
	{{{-3878, -7755, 3234}, 0, {-13922, 9085}, {0x00, 0x00, 0x81, 0xFF}}},
	{{{-3878, -5158, 3234}, 0, {-13922, 657}, {0x00, 0x00, 0x81, 0xFF}}},
	{{{-3477, -5158, 3234}, 0, {-12619, 657}, {0x00, 0x00, 0x81, 0xFF}}},
	{{{-2537, -5751, 3209}, 0, {-9570, 2581}, {0x00, 0x00, 0x81, 0xFF}}},
	{{{-3048, -5158, 3209}, 0, {-11228, 657}, {0x00, 0x00, 0x81, 0xFF}}},
	{{{-2537, -5158, 3209}, 0, {-9570, 657}, {0x00, 0x00, 0x81, 0xFF}}},
	{{{-2957, -5751, 3209}, 0, {-10932, 2581}, {0x00, 0x00, 0x81, 0xFF}}},
	{{{-3048, -5906, 3209}, 0, {-11228, 3086}, {0x00, 0x00, 0x81, 0xFF}}},
	{{{-2957, -5906, 3209}, 0, {-10932, 3086}, {0x00, 0x00, 0x81, 0xFF}}},
	{{{-3048, -7761, 3209}, 0, {-11228, 9104}, {0x00, 0x00, 0x81, 0xFF}}},
	{{{-2537, -5906, 3209}, 0, {-9570, 3086}, {0x00, 0x00, 0x81, 0xFF}}},
	{{{-2537, -7761, 3209}, 0, {-9570, 9104}, {0x00, 0x00, 0x81, 0xFF}}},
	{{{-3048, -7761, 2288}, 0, {-11228, 9104}, {0x00, 0x00, 0x7F, 0xFF}}},
	{{{-2537, -7761, 2288}, 0, {-9570, 9104}, {0x00, 0x00, 0x7F, 0xFF}}},
	{{{-2537, -5906, 2288}, 0, {-9570, 3086}, {0x00, 0x00, 0x7F, 0xFF}}},
	{{{-3048, -5906, 2288}, 0, {-11228, 3086}, {0x00, 0x00, 0x7F, 0xFF}}},
	{{{-2957, -5906, 2288}, 0, {-10932, 3086}, {0x00, 0x00, 0x7F, 0xFF}}},
	{{{-3048, -5158, 2288}, 0, {-11228, 657}, {0x00, 0x00, 0x7F, 0xFF}}},
	{{{-2957, -5751, 2288}, 0, {-10932, 2581}, {0x00, 0x00, 0x7F, 0xFF}}},
	{{{-2537, -5751, 2288}, 0, {-9570, 2581}, {0x00, 0x00, 0x7F, 0xFF}}},
	{{{-2537, -5158, 2288}, 0, {-9570, 657}, {0x00, 0x00, 0x7F, 0xFF}}},
	{{{-2391, -3620, 6853}, 0, {-9097, -4336}, {0x00, 0x00, 0x81, 0xFF}}},
	{{{-2391, -3212, 6853}, 0, {-9097, -5659}, {0x00, 0x00, 0x81, 0xFF}}},
	{{{-2211, -3212, 6853}, 0, {-8510, -5659}, {0x00, 0x00, 0x81, 0xFF}}},
	{{{-2211, -3620, 6853}, 0, {-8510, -4336}, {0x00, 0x00, 0x81, 0xFF}}},
	{{{-2790, -3620, 7191}, 0, {-10391, -4336}, {0x00, 0x00, 0x81, 0xFF}}},
	{{{-3915, -3620, 7191}, 0, {-14043, -4336}, {0x00, 0x00, 0x81, 0xFF}}},
	{{{-3915, -2679, 7191}, 0, {-14043, -7391}, {0x00, 0x00, 0x81, 0xFF}}},
	{{{-2790, -2679, 7191}, 0, {-10391, -7391}, {0x00, 0x00, 0x81, 0xFF}}},
	{{{3996, -7614, 5720}, 0, {11635, 9235}, {0x00, 0x00, 0x7F, 0xFF}}},
	{{{1056, -10779, 5720}, 0, {2091, 18899}, {0x00, 0x00, 0x7F, 0xFF}}},
	{{{3996, -10779, 5720}, 0, {11635, 18899}, {0x00, 0x00, 0x7F, 0xFF}}},
	{{{1056, -6449, 5720}, 0, {2091, 5754}, {0x00, 0x00, 0x7F, 0xFF}}},
	{{{1056, -4812, 5720}, 0, {2091, -466}, {0x00, 0x00, 0x7F, 0xFF}}},
	{{{3302, -5971, 5720}, 0, {9383, 3296}, {0x00, 0x00, 0x7F, 0xFF}}},
	{{{4359, -7614, 5720}, 0, {12814, 9235}, {0x00, 0x5A, 0x5A, 0xFF}}},
	{{{4359, -6311, 5720}, 0, {12814, 4398}, {0x00, 0x00, 0x7F, 0xFF}}},
	{{{5603, -6311, 5720}, 0, {16852, 4398}, {0x00, 0x00, 0x7F, 0xFF}}},
	{{{4488, -7614, 5720}, 0, {13823, 9235}, {0x23, 0x2B, 0x72, 0xFF}}},
	{{{5474, -7614, 5720}, 0, {15842, 9235}, {0x00, 0x39, 0x72, 0xFF}}},
	{{{5603, -7614, 5720}, 0, {16852, 9235}, {0x00, 0x28, 0x78, 0xFF}}},
	{{{7086, -7914, 5720}, 0, {21666, 9603}, {0x00, 0x00, 0x7F, 0xFF}}},
	{{{5603, -10779, 5720}, 0, {16852, 18899}, {0x00, 0x00, 0x7F, 0xFF}}},
	{{{7264, -8023, 5720}, 0, {22241, 9955}, {0x00, 0x00, 0x7F, 0xFF}}},
	{{{7548, -8034, 5720}, 0, {23163, 9991}, {0x00, 0x00, 0x7F, 0xFF}}},
	{{{8471, -10779, 5720}, 0, {26161, 18899}, {0x00, 0x00, 0x7F, 0xFF}}},
	{{{7743, -7914, 5720}, 0, {23796, 9603}, {0x00, 0x00, 0x7F, 0xFF}}},
	{{{8471, -7914, 5720}, 0, {26161, 9603}, {0x00, 0x00, 0x7F, 0xFF}}},
	{{{8471, -5842, 5720}, 0, {26161, 2875}, {0x00, 0x00, 0x7F, 0xFF}}},
	{{{7743, -6940, 5720}, 0, {23796, 6439}, {0x00, 0x00, 0x7F, 0xFF}}},
	{{{8471, -5294, 5720}, 0, {26161, 1097}, {0x00, 0x00, 0x7F, 0xFF}}},
	{{{7086, -6940, 5720}, 0, {21666, 6439}, {0x00, 0x00, 0x7F, 0xFF}}},
	{{{5603, -5294, 5720}, 0, {16852, 1097}, {0x00, 0x00, 0x7F, 0xFF}}},
	{{{3115, -4452, 6031}, 0, {8776, -1636}, {0x00, 0x00, 0x7F, 0xFF}}},
	{{{1243, -4911, 6031}, 0, {2698, -144}, {0x00, 0x00, 0x7F, 0xFF}}},
	{{{3115, -5872, 6031}, 0, {8776, 2974}, {0x00, 0x00, 0x7F, 0xFF}}},
	{{{1243, -3859, 6031}, 0, {2698, -2812}, {0x00, 0x00, 0x7F, 0xFF}}},
	{{{1243, -2404, 6031}, 0, {2698, -5866}, {0x00, 0x00, 0x7F, 0xFF}}},
	{{{3115, -3510, 6031}, 0, {8776, -4691}, {0x00, 0x00, 0x7F, 0xFF}}},
	{{{4359, -4452, 6031}, 0, {12814, -1636}, {0x00, 0x00, 0x7F, 0xFF}}},
	{{{4359, -4045, 6031}, 0, {12814, -2956}, {0xF9, 0x00, 0x7F, 0xFF}}},
	{{{3115, -3510, 6031}, 0, {8776, -4691}, {0x00, 0x00, 0x7F, 0xFF}}},
	{{{4359, -4045, 6031}, 0, {12814, -2956}, {0xF9, 0x00, 0x7F, 0xFF}}},
	{{{4359, -3510, 6031}, 0, {12814, -4691}, {0xF2, 0x00, 0x7E, 0xFF}}},
	{{{5603, -4045, 6239}, 0, {16852, -2956}, {0xEB, 0x00, 0x7D, 0xFF}}},
	{{{4359, -3132, 6031}, 0, {12814, -5920}, {0xEB, 0x00, 0x7D, 0xFF}}},
	{{{5603, -3132, 6239}, 0, {16852, -5920}, {0xEB, 0x00, 0x7D, 0xFF}}},
	{{{803, -1934, 6031}, 0, {1271, -7391}, {0x00, 0x00, 0x7F, 0xFF}}},
	{{{1243, -3859, 6031}, 0, {2698, -2812}, {0x00, 0x00, 0x7F, 0xFF}}},
	{{{1243, -2404, 6031}, 0, {2698, -5866}, {0x00, 0x00, 0x7F, 0xFF}}},
	{{{605, -3005, 6031}, 0, {630, -5586}, {0x00, 0x00, 0x7F, 0xFF}}},
	{{{-32, -2679, 6031}, 0, {-1439, -7391}, {0x00, 0x00, 0x7F, 0xFF}}},
	{{{803, -1009, 6031}, 0, {1271, -12810}, {0x00, 0x00, 0x7F, 0xFF}}},
	{{{-32, -1009, 6031}, 0, {-1439, -12810}, {0x00, 0x00, 0x7F, 0xFF}}},
	{{{-2050, -2679, 6031}, 0, {-7988, -7391}, {0x00, 0x00, 0x7F, 0xFF}}},
	{{{-2050, -1009, 6031}, 0, {-7988, -12810}, {0x00, 0x00, 0x7F, 0xFF}}},
	{{{-32, -3005, 6031}, 0, {-1439, -5586}, {0x00, 0x00, 0x7F, 0xFF}}},
	{{{-2050, -3620, 6031}, 0, {-7988, -4336}, {0x00, 0x00, 0x7F, 0xFF}}},
	{{{-32, -3620, 6031}, 0, {-1439, -4336}, {0x00, 0x00, 0x7F, 0xFF}}},
	{{{-2050, -4125, 6031}, 0, {-7988, -2695}, {0x00, 0x00, 0x7F, 0xFF}}},
	{{{-32, -4125, 6031}, 0, {-1439, -2695}, {0x00, 0x00, 0x7F, 0xFF}}},
	{{{-2050, -3620, 7191}, 0, {-7988, -4336}, {0x00, 0x00, 0x81, 0xFF}}},
	{{{-32, -4125, 7191}, 0, {-1439, -2695}, {0x00, 0x00, 0x81, 0xFF}}},
	{{{-2050, -4125, 7191}, 0, {-7988, -2695}, {0x00, 0x00, 0x81, 0xFF}}},
	{{{-32, -3620, 7191}, 0, {-1439, -4336}, {0x00, 0x00, 0x81, 0xFF}}},
	{{{-32, -3005, 7191}, 0, {-1439, -5586}, {0x00, 0x00, 0x81, 0xFF}}},
	{{{-32, -2679, 7191}, 0, {-1439, -7391}, {0x00, 0x00, 0x81, 0xFF}}},
	{{{-2050, -2679, 7191}, 0, {-7988, -7391}, {0x00, 0x00, 0x81, 0xFF}}},
	{{{-2050, -1009, 7191}, 0, {-7988, -12810}, {0x00, 0x00, 0x81, 0xFF}}},
	{{{-32, -1009, 7191}, 0, {-1439, -12810}, {0x00, 0x00, 0x81, 0xFF}}},
	{{{803, -1934, 7191}, 0, {1271, -7391}, {0x00, 0x00, 0x81, 0xFF}}},
	{{{803, -1009, 7191}, 0, {1271, -12810}, {0x00, 0x00, 0x81, 0xFF}}},
	{{{605, -3005, 7191}, 0, {630, -5586}, {0x00, 0x00, 0x81, 0xFF}}},
	{{{605, -3005, 7191}, 0, {630, -5586}, {0x00, 0x00, 0x81, 0xFF}}},
	{{{803, -1934, 7191}, 0, {1271, -7391}, {0x00, 0x00, 0x81, 0xFF}}},
	{{{1243, -2404, 7191}, 0, {2698, -5866}, {0x00, 0x00, 0x81, 0xFF}}},
	{{{1243, -3859, 7191}, 0, {2698, -2812}, {0x00, 0x00, 0x81, 0xFF}}},
	{{{3115, -3510, 7191}, 0, {8776, -4691}, {0x00, 0x00, 0x81, 0xFF}}},
	{{{3115, -4452, 7191}, 0, {8776, -1636}, {0x00, 0x00, 0x81, 0xFF}}},
	{{{4359, -4452, 7191}, 0, {12814, -1636}, {0x00, 0x00, 0x81, 0xFF}}},
	{{{4359, -4045, 7191}, 0, {12814, -2956}, {0xF9, 0x00, 0x81, 0xFF}}},
	{{{4359, -3510, 7191}, 0, {12814, -4691}, {0xF2, 0x00, 0x82, 0xFF}}},
	{{{5603, -4045, 6983}, 0, {16852, -2956}, {0xEB, 0x00, 0x83, 0xFF}}},
	{{{5603, -3132, 6983}, 0, {16852, -5920}, {0xEB, 0x00, 0x83, 0xFF}}},
	{{{4359, -3132, 7191}, 0, {12814, -5920}, {0xEB, 0x00, 0x83, 0xFF}}},
	{{{3115, -5872, 7191}, 0, {8776, 2974}, {0x00, 0x00, 0x81, 0xFF}}},
	{{{1243, -4911, 7191}, 0, {2698, -144}, {0x00, 0x00, 0x81, 0xFF}}},
	{{{-32, -3620, 7191}, 0, {-1439, -4336}, {0x81, 0x00, 0x00, 0xFF}}},
	{{{-32, -3005, 7191}, 0, {-1439, -5586}, {0xA6, 0x5A, 0x00, 0xFF}}},
	{{{-32, -3005, 6911}, 0, {-1439, -5586}, {0xD4, 0x77, 0x00, 0xFF}}},
	{{{-32, -3112, 6911}, 0, {-1439, -5237}, {0x81, 0x00, 0x00, 0xFF}}},
	{{{6180, -4736, 6198}, 0, {2071, 4703}, {0x00, 0x08, 0x7F, 0xFF}}},
	{{{5603, -4736, 6198}, 0, {496, 4703}, {0x00, 0x00, 0x7F, 0xFF}}},
	{{{5603, -5002, 6198}, 0, {496, 5429}, {0x00, 0xC2, 0x6F, 0xFF}}},
	{{{6756, -5002, 6198}, 0, {3647, 5429}, {0x00, 0xC2, 0x6F, 0xFF}}},
	{{{5603, -5294, 5720}, 0, {496, 6957}, {0x00, 0x94, 0x42, 0xFF}}},
	{{{8471, -5294, 5720}, 0, {8333, 6957}, {0x00, 0x94, 0x42, 0xFF}}},
	{{{7807, -5002, 6198}, 0, {6518, 5429}, {0xD3, 0xB4, 0x5B, 0xFF}}},
	{{{8471, -5002, 6198}, 0, {8333, 5429}, {0x00, 0x94, 0x42, 0xFF}}},
	{{{7807, -4736, 6198}, 0, {6518, 4703}, {0xC7, 0x0D, 0x71, 0xFF}}},
	{{{6756, -4736, 6198}, 0, {3647, 4703}, {0x00, 0x0E, 0x7E, 0xFF}}},
	{{{7600, -3760, 5962}, 0, {5953, 1958}, {0x00, 0x1E, 0x7B, 0xFF}}},
	{{{7717, -3587, 5920}, 0, {6270, 1472}, {0x00, 0x1E, 0x7B, 0xFF}}},
	{{{7717, -3477, 5894}, 0, {6270, 1163}, {0x00, 0x1E, 0x7B, 0xFF}}},
	{{{7807, -1009, 5299}, 0, {6518, -5773}, {0x00, 0x1E, 0x7B, 0xFF}}},
	{{{7807, -1009, 5299}, 0, {6518, -5773}, {0x00, 0x1E, 0x7B, 0xFF}}},
	{{{6869, -3477, 5894}, 0, {3953, 1163}, {0x00, 0x1E, 0x7B, 0xFF}}},
	{{{7717, -3477, 5894}, 0, {6270, 1163}, {0x00, 0x1E, 0x7B, 0xFF}}},
	{{{6756, -1009, 5299}, 0, {3647, -5773}, {0x00, 0x1E, 0x7B, 0xFF}}},
	{{{6869, -3587, 5920}, 0, {3953, 1472}, {0x00, 0x1E, 0x7B, 0xFF}}},
	{{{6756, -4736, 6198}, 0, {3647, 4703}, {0x00, 0x0E, 0x7E, 0xFF}}},
	{{{6985, -3760, 5962}, 0, {4271, 1958}, {0x00, 0x1E, 0x7B, 0xFF}}},
	{{{7600, -3760, 5962}, 0, {5953, 1958}, {0x00, 0x1E, 0x7B, 0xFF}}},
	{{{6180, -4736, 6198}, 0, {2071, 4703}, {0x00, 0x08, 0x7F, 0xFF}}},
	{{{6756, -5002, 6198}, 0, {3647, 5429}, {0x00, 0xC2, 0x6F, 0xFF}}},
	{{{6453, -4034, 6028}, 0, {2819, 2729}, {0x00, 0x1E, 0x7B, 0xFF}}},
	{{{6595, -4034, 6028}, 0, {3205, 2729}, {0x00, 0x1E, 0x7B, 0xFF}}},
	{{{7807, -5002, 7026}, 0, {-5526, 5429}, {0xD3, 0xB4, 0xA5, 0xFF}}},
	{{{8471, -5002, 7026}, 0, {-7341, 5429}, {0x00, 0x94, 0xBE, 0xFF}}},
	{{{8471, -5294, 7503}, 0, {-7341, 6957}, {0x00, 0x94, 0xBE, 0xFF}}},
	{{{6756, -5002, 7026}, 0, {-2655, 5429}, {0x00, 0xC2, 0x91, 0xFF}}},
	{{{5603, -5294, 7503}, 0, {496, 6957}, {0x00, 0x94, 0xBE, 0xFF}}},
	{{{5603, -5002, 7026}, 0, {496, 5429}, {0x00, 0xC2, 0x91, 0xFF}}},
	{{{6180, -4736, 7026}, 0, {-1079, 4703}, {0x00, 0x09, 0x81, 0xFF}}},
	{{{5603, -4736, 7026}, 0, {496, 4703}, {0x00, 0x0B, 0x82, 0xFF}}},
	{{{6099, -4251, 7143}, 0, {-857, 3339}, {0x00, 0x1E, 0x85, 0xFF}}},
	{{{5957, -4251, 7143}, 0, {-471, 3339}, {0x00, 0x1E, 0x85, 0xFF}}},
	{{{6756, -4736, 7026}, 0, {-2655, 4703}, {0x00, 0x0A, 0x81, 0xFF}}},
	{{{7807, -4736, 7026}, 0, {-5526, 4703}, {0xC8, 0x0E, 0x8F, 0xFF}}},
	{{{6985, -3760, 7261}, 0, {-3279, 1958}, {0x00, 0x1E, 0x85, 0xFF}}},
	{{{6869, -3587, 7303}, 0, {-2961, 1472}, {0x00, 0x1E, 0x85, 0xFF}}},
	{{{6869, -3477, 7330}, 0, {-2961, 1163}, {0x00, 0x1E, 0x85, 0xFF}}},
	{{{6756, -1009, 7924}, 0, {-2655, -5773}, {0x00, 0xB1, 0x9C, 0xFF}}},
	{{{6665, -3812, 7249}, 0, {-2406, 2106}, {0x00, 0x1E, 0x85, 0xFF}}},
	{{{6665, -3906, 7226}, 0, {-2406, 2369}, {0x00, 0x1E, 0x85, 0xFF}}},
	{{{6383, -3812, 7249}, 0, {-1634, 2106}, {0x00, 0x1E, 0x85, 0xFF}}},
	{{{6180, -1009, 7924}, 0, {-1079, -5773}, {0x00, 0xB0, 0x9D, 0xFF}}},
	{{{8471, -3200, 6983}, 0, {26161, -5700}, {0x00, 0x00, 0x81, 0xFF}}},
	{{{8471, -2287, 6983}, 0, {26161, -8663}, {0x00, 0x00, 0x81, 0xFF}}},
	{{{8702, -2287, 6983}, 0, {26910, -8663}, {0x00, 0x00, 0x81, 0xFF}}},
	{{{8702, -3200, 6983}, 0, {26910, -5700}, {0x00, 0x00, 0x81, 0xFF}}},
	{{{9448, -2287, 6983}, 0, {29330, -8663}, {0x00, 0x00, 0x81, 0xFF}}},
	{{{9448, -3200, 6983}, 0, {29330, -5700}, {0x00, 0x00, 0x81, 0xFF}}},
	{{{9448, -2287, 6239}, 0, {29330, -8663}, {0x00, 0x83, 0xEB, 0xFF}}},
	{{{8702, -2287, 6239}, 0, {26910, -8663}, {0x00, 0x82, 0xF2, 0xFF}}},
	{{{8702, -2021, 5481}, 0, {26910, -9526}, {0x00, 0x88, 0xD6, 0xFF}}},
	{{{9448, -2021, 5481}, 0, {29330, -9526}, {0x00, 0x88, 0xD6, 0xFF}}},
	{{{9448, -2021, 4840}, 0, {29330, -9526}, {0x00, 0x00, 0x81, 0xFF}}},
	{{{8702, -2021, 4840}, 0, {26910, -9526}, {0x00, 0x00, 0x81, 0xFF}}},
	{{{8702, -1755, 4840}, 0, {26910, -10389}, {0x00, 0x00, 0x81, 0xFF}}},
	{{{9448, -1755, 4840}, 0, {29330, -10389}, {0x00, 0x00, 0x81, 0xFF}}},
	{{{9075, -2877, 3240}, 0, {28120, -7083}, {0x00, 0x00, 0x7F, 0xFF}}},
	{{{9285, -2877, 3240}, 0, {28803, -7083}, {0x00, 0x00, 0x7F, 0xFF}}},
	{{{9285, -1394, 3240}, 0, {28803, -11560}, {0x00, 0x00, 0x7F, 0xFF}}},
	{{{8864, -2877, 3240}, 0, {27437, -7083}, {0x00, 0x00, 0x7F, 0xFF}}},
	{{{8864, -1394, 3240}, 0, {27437, -11560}, {0x00, 0x00, 0x7F, 0xFF}}},
	{{{9335, -2877, 3953}, 0, {28965, -7083}, {0x00, 0x00, 0x81, 0xFF}}},
	{{{8814, -2877, 3953}, 0, {27274, -7083}, {0x00, 0x00, 0x81, 0xFF}}},
	{{{8814, -2749, 3953}, 0, {27274, -7354}, {0x00, 0x00, 0x81, 0xFF}}},
	{{{9335, -2749, 3953}, 0, {28965, -7354}, {0x00, 0x00, 0x81, 0xFF}}},
	{{{9291, -2303, 5091}, 0, {28820, -8609}, {0x00, 0xAC, 0xA1, 0xFF}}},
	{{{8859, -2303, 5091}, 0, {27420, -8609}, {0x00, 0xAC, 0xA1, 0xFF}}},
	{{{8702, -2021, 4840}, 0, {26910, -9526}, {0x00, 0xAC, 0xA1, 0xFF}}},
	{{{9448, -2021, 4840}, 0, {29330, -9526}, {0x00, 0xAC, 0xA1, 0xFF}}},
	{{{8702, -3200, 5481}, 0, {26910, -5700}, {0x00, 0x00, 0x7F, 0xFF}}},
	{{{9448, -3200, 5481}, 0, {29330, -5700}, {0x00, 0x00, 0x7F, 0xFF}}},
	{{{9448, -2877, 5481}, 0, {29330, -7083}, {0x00, 0x00, 0x7F, 0xFF}}},
	{{{8702, -2877, 5481}, 0, {26910, -7083}, {0x00, 0x00, 0x7F, 0xFF}}},
	{{{9252, -2749, 4030}, 0, {28695, -7354}, {0x00, 0x00, 0x7F, 0xFF}}},
	{{{8898, -2749, 4030}, 0, {27544, -7354}, {0x00, 0x00, 0x7F, 0xFF}}},
	{{{8898, -3294, 4030}, 0, {27544, -5392}, {0x00, 0x00, 0x7F, 0xFF}}},
	{{{9252, -3294, 4030}, 0, {28695, -5392}, {0x00, 0x00, 0x7F, 0xFF}}},
	{{{8898, -2749, 4359}, 0, {27544, -7354}, {0x00, 0x00, 0x81, 0xFF}}},
	{{{9252, -2749, 4359}, 0, {28695, -7354}, {0x00, 0x00, 0x81, 0xFF}}},
	{{{9252, -3294, 4359}, 0, {28695, -5392}, {0x00, 0x00, 0x81, 0xFF}}},
	{{{8898, -3294, 4359}, 0, {27544, -5392}, {0x00, 0x00, 0x81, 0xFF}}},
	{{{10015, -4077, 3324}, 0, {31171, -2851}, {0x00, 0x00, 0x7F, 0xFF}}},
	{{{8135, -5343, 3324}, 0, {25068, 1258}, {0x00, 0x00, 0x7F, 0xFF}}},
	{{{10015, -5343, 3324}, 0, {31171, 1258}, {0x00, 0x00, 0x7F, 0xFF}}},
	{{{8135, -4077, 3324}, 0, {25068, -2851}, {0x00, 0x00, 0x7F, 0xFF}}},
	{{{10015, -3294, 3324}, 0, {31171, -5392}, {0x00, 0x00, 0x7F, 0xFF}}},
	{{{8135, -3294, 3324}, 0, {25068, -5392}, {0x00, 0x00, 0x7F, 0xFF}}},
	{{{8135, -4077, 5065}, 0, {25068, -2851}, {0x00, 0x00, 0x81, 0xFF}}},
	{{{10015, -5343, 5065}, 0, {31171, 1258}, {0x00, 0x00, 0x81, 0xFF}}},
	{{{8135, -5343, 5065}, 0, {25068, 1258}, {0x00, 0x00, 0x81, 0xFF}}},
	{{{10015, -4077, 5065}, 0, {31171, -2851}, {0x00, 0x00, 0x81, 0xFF}}},
	{{{8135, -3294, 5065}, 0, {25068, -5392}, {0x00, 0x00, 0x81, 0xFF}}},
	{{{10015, -3294, 5065}, 0, {31171, -5392}, {0x00, 0x00, 0x81, 0xFF}}},
	{{{8179, -3756, 1156}, 0, {25213, -3895}, {0xA9, 0x00, 0x5C, 0xFF}}},
	{{{8179, -2944, 1156}, 0, {25213, -6531}, {0x9C, 0x00, 0x4E, 0xFF}}},
	{{{6874, -3732, 292}, 0, {20976, -3971}, {0xD3, 0x00, 0x77, 0xFF}}},
	{{{6874, -4606, 292}, 0, {20976, -1136}, {0xE6, 0x00, 0x7C, 0xFF}}},
	{{{7711, -2875, 1655}, 0, {23693, -6753}, {0x6B, 0x00, 0xBB, 0xFF}}},
	{{{7711, -3756, 1655}, 0, {23693, -3895}, {0x58, 0x00, 0xA4, 0xFF}}},
	{{{6874, -4606, 1094}, 0, {20976, -1136}, {0x17, 0x00, 0x83, 0xFF}}},
	{{{6874, -3732, 1094}, 0, {20976, -3971}, {0x2F, 0x00, 0x8A, 0xFF}}},
	{{{343, -8685, 652}, 0, {-222, 12105}, {0x00, 0x00, 0x81, 0xFF}}},
	{{{-2382, -6646, 652}, 0, {-9064, 5485}, {0x00, 0x00, 0x81, 0xFF}}},
	{{{343, -6646, 652}, 0, {-222, 5485}, {0x00, 0x00, 0x81, 0xFF}}},
	{{{-2382, -8685, 652}, 0, {-9064, 12105}, {0x00, 0x00, 0x81, 0xFF}}},
	{{{-115, -9010, 652}, 0, {-1709, 13159}, {0x00, 0x00, 0x81, 0xFF}}},
	{{{-2382, -8685, 652}, 0, {-9064, 12105}, {0x00, 0x00, 0x81, 0xFF}}},
	{{{343, -8685, 652}, 0, {-222, 12105}, {0x00, 0x00, 0x81, 0xFF}}},
	{{{-1923, -9010, 652}, 0, {-7577, 13159}, {0x00, 0x00, 0x81, 0xFF}}},
	{{{-115, -10115, 652}, 0, {-1709, 16746}, {0x00, 0x00, 0x81, 0xFF}}},
	{{{-1923, -10115, 652}, 0, {-7577, 16746}, {0x00, 0x00, 0x81, 0xFF}}},
	{{{362, -4812, 2217}, 0, {-544, -466}, {0x00, 0x00, 0x81, 0xFF}}},
	{{{-2252, -4812, 2217}, 0, {-8605, -466}, {0x00, 0x00, 0x81, 0xFF}}},
	{{{-2252, -2051, 2217}, 0, {-8605, -9427}, {0x00, 0x00, 0x81, 0xFF}}},
	{{{362, -2051, 2217}, 0, {-544, -9427}, {0x00, 0x00, 0x81, 0xFF}}},
	{{{356, -4609, 268}, 0, {-179, -1126}, {0x00, 0x00, 0x7F, 0xFF}}},
	{{{356, -3725, 268}, 0, {-179, -3994}, {0x00, 0x00, 0x7F, 0xFF}}},
	{{{-2344, -3725, 268}, 0, {-8944, -3994}, {0x00, 0x00, 0x7F, 0xFF}}},
	{{{-2344, -4609, 268}, 0, {-8944, -1126}, {0x00, 0x00, 0x7F, 0xFF}}},
	{{{-2575, -3725, 268}, 0, {-9694, -3994}, {0x00, 0x00, 0x7F, 0xFF}}},
	{{{-2575, -4316, 268}, 0, {-9694, -2077}, {0x00, 0x00, 0x7F, 0xFF}}},
	{{{-3349, -5000, 268}, 0, {-12205, 145}, {0x00, 0x00, 0x7F, 0xFF}}},
	{{{-3349, -4803, 268}, 0, {-12205, -494}, {0x00, 0x00, 0x7F, 0xFF}}},
	{{{-3620, -4803, 268}, 0, {-13083, -494}, {0x00, 0x00, 0x7F, 0xFF}}},
	{{{-3620, -5000, 268}, 0, {-13083, 145}, {0x00, 0x00, 0x7F, 0xFF}}},
	{{{356, -3725, 1095}, 0, {-179, -3994}, {0x00, 0x00, 0x81, 0xFF}}},
	{{{356, -4609, 1095}, 0, {-179, -1126}, {0x00, 0x00, 0x81, 0xFF}}},
	{{{-2344, -4609, 1095}, 0, {-8944, -1126}, {0x00, 0x00, 0x81, 0xFF}}},
	{{{-2344, -3725, 1095}, 0, {-8944, -3994}, {0x00, 0x00, 0x81, 0xFF}}},
	{{{-2575, -4316, 1095}, 0, {-9694, -2077}, {0x00, 0x00, 0x81, 0xFF}}},
	{{{-3349, -4803, 1095}, 0, {-12205, -494}, {0x00, 0x00, 0x81, 0xFF}}},
	{{{-3349, -5000, 1095}, 0, {-12205, 145}, {0x00, 0x00, 0x81, 0xFF}}},
	{{{-3620, -5000, 1095}, 0, {-13083, 145}, {0x00, 0x00, 0x81, 0xFF}}},
	{{{-3620, -4803, 1095}, 0, {-13083, -494}, {0x00, 0x00, 0x81, 0xFF}}},
	{{{-2575, -3725, 1095}, 0, {-9694, -3994}, {0x00, 0x00, 0x81, 0xFF}}},
	{{{-2344, -5000, 1183}, 0, {-8944, 145}, {0x00, 0x00, 0x7F, 0xFF}}},
	{{{-2344, -3631, 1183}, 0, {-8944, -4299}, {0x00, 0x00, 0x7F, 0xFF}}},
	{{{-2575, -3631, 1183}, 0, {-9694, -4299}, {0x00, 0x00, 0x7F, 0xFF}}},
	{{{-2575, -4316, 1183}, 0, {-9694, -2077}, {0x00, 0x00, 0x7F, 0xFF}}},
	{{{-3349, -5000, 1183}, 0, {-12205, 145}, {0x00, 0x00, 0x7F, 0xFF}}},
	{{{-3349, -4803, 1183}, 0, {-12205, -494}, {0x00, 0x00, 0x7F, 0xFF}}},
	{{{-3620, -5000, 1183}, 0, {-13083, 145}, {0x00, 0x00, 0x7F, 0xFF}}},
	{{{-3620, -4803, 1183}, 0, {-13083, -494}, {0x00, 0x00, 0x7F, 0xFF}}},
	{{{-2344, -3631, 180}, 0, {-8944, -4299}, {0x00, 0x00, 0x81, 0xFF}}},
	{{{-2575, -4316, 180}, 0, {-9694, -2077}, {0x00, 0x00, 0x81, 0xFF}}},
	{{{-2575, -3631, 180}, 0, {-9694, -4299}, {0x00, 0x00, 0x81, 0xFF}}},
	{{{-2344, -5000, 180}, 0, {-8944, 145}, {0x00, 0x00, 0x81, 0xFF}}},
	{{{-3349, -4803, 180}, 0, {-12205, -494}, {0x00, 0x00, 0x81, 0xFF}}},
	{{{-3349, -5000, 180}, 0, {-12205, 145}, {0x00, 0x00, 0x81, 0xFF}}},
	{{{-3620, -4803, 180}, 0, {-13083, -494}, {0x00, 0x00, 0x81, 0xFF}}},
	{{{-3620, -5000, 180}, 0, {-13083, 145}, {0x00, 0x00, 0x81, 0xFF}}},
	{{{860, -8023, 3095}, 0, {1457, 9955}, {0x17, 0x00, 0x83, 0xFF}}},
	{{{1422, -7150, 3311}, 0, {3281, 7123}, {0x2E, 0x00, 0x89, 0xFF}}},
	{{{1422, -8023, 3311}, 0, {3281, 9955}, {0x2E, 0x00, 0x89, 0xFF}}},
	{{{860, -7150, 3095}, 0, {1457, 7123}, {0x17, 0x00, 0x83, 0xFF}}},
	{{{460, -8023, 3095}, 0, {157, 9955}, {0x00, 0x00, 0x81, 0xFF}}},
	{{{460, -7761, 3095}, 0, {157, 9104}, {0x00, 0x28, 0x88, 0xFF}}},
	{{{-529, -7761, 3095}, 0, {-3051, 9104}, {0x48, 0x49, 0xB5, 0xFF}}},
	{{{-529, -7150, 3095}, 0, {-3051, 7123}, {0x00, 0x00, 0x81, 0xFF}}},
	{{{1422, -7150, 3514}, 0, {3281, 7123}, {0x00, 0x00, 0x7F, 0xFF}}},
	{{{2001, -6111, 3514}, 0, {5161, 3750}, {0x00, 0x00, 0x7F, 0xFF}}},
	{{{1422, -6111, 3514}, 0, {3281, 3750}, {0x00, 0x00, 0x7F, 0xFF}}},
	{{{2001, -7150, 3514}, 0, {5161, 7123}, {0x00, 0x00, 0x7F, 0xFF}}},
	{{{1526, -7751, 3514}, 0, {3281, 7123}, {0x00, 0x00, 0x7F, 0xFF}}},
	{{{1897, -7751, 3514}, 0, {5161, 7123}, {0x00, 0x00, 0x7F, 0xFF}}},
	{{{2001, -8023, 3514}, 0, {5161, 9955}, {0x00, 0x5A, 0x5A, 0xFF}}},
	{{{1897, -8023, 3514}, 0, {5161, 9955}, {0x00, 0x78, 0x28, 0xFF}}},
	{{{2001, -7150, 3514}, 0, {5161, 7123}, {0x00, 0x00, 0x7F, 0xFF}}},
	{{{2001, -8023, 3514}, 0, {5161, 9955}, {0x00, 0x5A, 0x5A, 0xFF}}},
	{{{6566, -8023, 3514}, 0, {19975, 9955}, {0x00, 0x00, 0x7F, 0xFF}}},
	{{{6566, -7150, 3514}, 0, {19975, 7123}, {0x00, 0x00, 0x7F, 0xFF}}},
	{{{2001, -6111, 3514}, 0, {5161, 3750}, {0x00, 0x00, 0x7F, 0xFF}}},
	{{{6566, -6111, 3514}, 0, {19975, 3750}, {0x00, 0x00, 0x7F, 0xFF}}},
	{{{2001, -8023, 5121}, 0, {5161, 9955}, {0x00, 0x00, 0x81, 0xFF}}},
	{{{6566, -7150, 5121}, 0, {19975, 7123}, {0x00, 0x00, 0x81, 0xFF}}},
	{{{6566, -8023, 5121}, 0, {19975, 9955}, {0x00, 0x00, 0x81, 0xFF}}},
	{{{2001, -7150, 5121}, 0, {5161, 7123}, {0x00, 0x00, 0x81, 0xFF}}},
	{{{1422, -8023, 5121}, 0, {3281, 9955}, {0x00, 0x00, 0x81, 0xFF}}},
	{{{1422, -7150, 5121}, 0, {3281, 7123}, {0x00, 0x00, 0x81, 0xFF}}},
	{{{1422, -6111, 5121}, 0, {3281, 3750}, {0x00, 0x00, 0x81, 0xFF}}},
	{{{2001, -6111, 5121}, 0, {5161, 3750}, {0x00, 0x00, 0x81, 0xFF}}},
	{{{6566, -6111, 5121}, 0, {19975, 3750}, {0x00, 0x00, 0x81, 0xFF}}},
	{{{244, -4126, -3857}, 0, {-544, -2692}, {0x00, 0x00, 0x81, 0xFF}}},
	{{{-1302, -2051, -3857}, 0, {-5562, -9427}, {0x00, 0x00, 0x81, 0xFF}}},
	{{{244, -2051, -3857}, 0, {-544, -9427}, {0x00, 0x00, 0x81, 0xFF}}},
	{{{-1302, -4126, -3857}, 0, {-5562, -2692}, {0x00, 0x00, 0x81, 0xFF}}},
	{{{-2240, -2051, -3857}, 0, {-8605, -9427}, {0x00, 0x00, 0x81, 0xFF}}},
	{{{-2240, -4126, -3857}, 0, {-8605, -2692}, {0x00, 0x00, 0x81, 0xFF}}},
	{{{-2240, -5427, -3857}, 0, {-8605, 1530}, {0x00, 0x00, 0x81, 0xFF}}},
	{{{-1302, -5036, -3857}, 0, {-5562, 261}, {0x00, 0x00, 0x81, 0xFF}}},
	{{{-2240, -6449, -3857}, 0, {-8605, 4848}, {0x00, 0x00, 0x81, 0xFF}}},
	{{{-1302, -6449, -3857}, 0, {-5562, 4848}, {0x00, 0x00, 0x81, 0xFF}}},
	{{{-386, -5592, -3857}, 0, {-2586, 2066}, {0x00, 0x00, 0x81, 0xFF}}},
	{{{244, -5036, -3857}, 0, {-544, 261}, {0x00, 0x00, 0x81, 0xFF}}},
	{{{244, -5592, -3857}, 0, {-544, 2066}, {0x00, 0x00, 0x81, 0xFF}}},
	{{{-386, -6449, -3857}, 0, {-2586, 4848}, {0x00, 0x00, 0x81, 0xFF}}},
	{{{244, -6449, -3857}, 0, {-544, 4848}, {0x00, 0x00, 0x81, 0xFF}}},
	{{{356, -5592, -3857}, 0, {-179, 2066}, {0x00, 0x00, 0x81, 0xFF}}},
	{{{356, -6449, -3857}, 0, {-179, 4848}, {0x00, 0x00, 0x81, 0xFF}}},
	{{{-1302, -6449, -3857}, 0, {-5562, 4848}, {0x00, 0x00, 0x81, 0xFF}}},
	{{{-386, -6449, -3857}, 0, {-2586, 4848}, {0x00, 0x00, 0x81, 0xFF}}},
	{{{-1123, -8163, -3857}, 0, {-4981, 10410}, {0x00, 0x00, 0x81, 0xFF}}},
	{{{-386, -7864, -3857}, 0, {-2586, 9438}, {0x00, 0x00, 0x81, 0xFF}}},
	{{{-1302, -8325, -3857}, 0, {-5562, 10934}, {0x00, 0x00, 0x81, 0xFF}}},
	{{{-2240, -6449, -3857}, 0, {-8605, 4848}, {0x00, 0x00, 0x81, 0xFF}}},
	{{{-2240, -8173, -3857}, 0, {-8605, 10443}, {0x00, 0x00, 0x81, 0xFF}}},
	{{{-2240, -10779, -3857}, 0, {-8605, 18899}, {0x00, 0x00, 0x81, 0xFF}}},
	{{{-1302, -10779, -3857}, 0, {-5562, 18899}, {0x00, 0x00, 0x81, 0xFF}}},
	{{{244, -6449, -5620}, 0, {-544, 4848}, {0x00, 0x00, 0x7F, 0xFF}}},
	{{{-2240, -5036, -5620}, 0, {-8605, 261}, {0x00, 0x00, 0x7F, 0xFF}}},
	{{{-2240, -6449, -5620}, 0, {-8605, 4848}, {0x00, 0x00, 0x7F, 0xFF}}},
	{{{244, -5036, -5620}, 0, {-544, 261}, {0x00, 0x00, 0x7F, 0xFF}}},
	{{{-2240, -4126, -5620}, 0, {-8605, -2692}, {0x00, 0x00, 0x7F, 0xFF}}},
	{{{244, -4126, -5620}, 0, {-544, -2692}, {0x00, 0x00, 0x7F, 0xFF}}},
	{{{244, -2051, -5620}, 0, {-544, -9427}, {0x00, 0x00, 0x7F, 0xFF}}},
	{{{-2240, -2051, -5620}, 0, {-8605, -9427}, {0x00, 0x00, 0x7F, 0xFF}}},
	{{{800, -6449, -4484}, 0, {1263, 4848}, {0x00, 0x00, 0x7F, 0xFF}}},
	{{{800, -6170, -4484}, 0, {1263, 3942}, {0x00, 0x00, 0x7F, 0xFF}}},
	{{{708, -6170, -4484}, 0, {962, 3942}, {0x00, 0x00, 0x7F, 0xFF}}},
	{{{708, -6449, -4484}, 0, {962, 4848}, {0x00, 0x00, 0x7F, 0xFF}}},
	{{{800, -6170, -4194}, 0, {1263, 3942}, {0x00, 0x00, 0x81, 0xFF}}},
	{{{800, -6449, -4194}, 0, {1263, 4848}, {0x00, 0x00, 0x81, 0xFF}}},
	{{{708, -6449, -4194}, 0, {962, 4848}, {0x00, 0x00, 0x81, 0xFF}}},
	{{{708, -6170, -4194}, 0, {962, 3942}, {0x00, 0x00, 0x81, 0xFF}}},
	{{{356, -6449, -3857}, 0, {-179, 4848}, {0xC0, 0x00, 0x92, 0xFF}}},
	{{{356, -5592, -3857}, 0, {-179, 2066}, {0x9A, 0xC6, 0xCF, 0xFF}}},
	{{{708, -6033, -4062}, 0, {962, 3495}, {0xA1, 0xD6, 0xB7, 0xFF}}},
	{{{708, -6449, -4062}, 0, {962, 4848}, {0xC0, 0x00, 0x92, 0xFF}}},
	{{{-1565, -10115, -1725}, 0, {-6415, 16746}, {0x00, 0x00, 0x81, 0xFF}}},
	{{{-1565, -9526, -1725}, 0, {-6415, 14835}, {0x00, 0x00, 0x81, 0xFF}}},
	{{{-1218, -9526, -1725}, 0, {-5289, 14835}, {0x00, 0x00, 0x81, 0xFF}}},
	{{{-473, -10115, -1725}, 0, {-2871, 16746}, {0x00, 0x00, 0x81, 0xFF}}},
	{{{-1565, -10115, -1725}, 0, {-6415, 16746}, {0x00, 0x00, 0x81, 0xFF}}},
	{{{-1218, -9526, -1725}, 0, {-5289, 14835}, {0x00, 0x00, 0x81, 0xFF}}},
	{{{-820, -9526, -1725}, 0, {-3997, 14835}, {0x00, 0x00, 0x81, 0xFF}}},
	{{{-473, -9526, -1725}, 0, {-2871, 14835}, {0x00, 0x00, 0x81, 0xFF}}},
	{{{-1565, -9526, 266}, 0, {-6415, 14835}, {0x00, 0x00, 0x7F, 0xFF}}},
	{{{-473, -9255, 266}, 0, {-2871, 13953}, {0x00, 0x00, 0x7F, 0xFF}}},
	{{{-1565, -9255, 266}, 0, {-6415, 13953}, {0x00, 0x00, 0x7F, 0xFF}}},
	{{{-473, -9526, 266}, 0, {-2871, 14835}, {0x00, 0x00, 0x7F, 0xFF}}},
	{{{-1565, -10115, 266}, 0, {-6415, 16746}, {0x00, 0x00, 0x7F, 0xFF}}},
	{{{-473, -10115, 266}, 0, {-2871, 16746}, {0x00, 0x00, 0x7F, 0xFF}}},
	{{{2682, -5427, -3357}, 0, {7370, 1530}, {0x60, 0x00, 0xAD, 0xFF}}},
	{{{2682, -6449, -3357}, 0, {7370, 4848}, {0x60, 0x00, 0xAD, 0xFF}}},
	{{{2464, -6449, -3607}, 0, {6662, 4848}, {0x35, 0x00, 0x8C, 0xFF}}},
	{{{2464, -5427, -3607}, 0, {6662, 1530}, {0x35, 0x00, 0x8C, 0xFF}}},
	{{{1186, -6449, -3607}, 0, {2515, 4848}, {0x00, 0x00, 0x81, 0xFF}}},
	{{{1186, -5427, -3607}, 0, {2515, 1530}, {0x00, 0x00, 0x81, 0xFF}}},
	{{{4069, -6449, -5653}, 0, {11871, 4848}, {0x00, 0x00, 0x7F, 0xFF}}},
	{{{4069, -5960, -5653}, 0, {11871, 3261}, {0x00, 0x00, 0x7F, 0xFF}}},
	{{{3030, -5960, -5653}, 0, {8501, 3261}, {0x00, 0x00, 0x7F, 0xFF}}},
	{{{3030, -6449, -5653}, 0, {8501, 4848}, {0x00, 0x00, 0x7F, 0xFF}}},
	{{{4635, -5427, -4821}, 0, {13710, 1530}, {0x00, 0x95, 0x45, 0xFF}}},
	{{{2464, -5427, -4821}, 0, {6662, 1530}, {0x00, 0x95, 0x45, 0xFF}}},
	{{{3030, -5960, -5653}, 0, {8501, 3261}, {0x00, 0x95, 0x45, 0xFF}}},
	{{{4069, -5960, -5653}, 0, {11871, 3261}, {0x00, 0x95, 0x45, 0xFF}}},
	{{{8898, -2420, 431}, 0, {27544, -8229}, {0x00, 0x00, 0x7F, 0xFF}}},
	{{{9252, -2914, 431}, 0, {28695, -6627}, {0x00, 0x00, 0x7F, 0xFF}}},
	{{{9252, -2420, 431}, 0, {28695, -8229}, {0x00, 0x00, 0x7F, 0xFF}}},
	{{{8898, -2914, 431}, 0, {27544, -6627}, {0x00, 0x00, 0x7F, 0xFF}}},
	{{{6874, -2611, 431}, 0, {20976, -7611}, {0x00, 0x00, 0x7F, 0xFF}}},
	{{{6874, -3105, 431}, 0, {20976, -6008}, {0x00, 0x00, 0x7F, 0xFF}}},
	{{{6874, -3105, 933}, 0, {20976, -6008}, {0x00, 0x00, 0x81, 0xFF}}},
	{{{6874, -2611, 933}, 0, {20976, -7611}, {0x00, 0x00, 0x81, 0xFF}}},
	{{{8898, -2420, 933}, 0, {27544, -8229}, {0x00, 0x00, 0x81, 0xFF}}},
	{{{8898, -2914, 933}, 0, {27544, -6627}, {0x00, 0x00, 0x81, 0xFF}}},
	{{{8898, -2914, 1571}, 0, {27544, -6627}, {0x00, 0x00, 0x81, 0xFF}}},
	{{{9252, -2420, 1571}, 0, {28695, -8229}, {0x00, 0x00, 0x81, 0xFF}}},
	{{{9252, -2914, 1571}, 0, {28695, -6627}, {0x00, 0x00, 0x81, 0xFF}}},
	{{{8898, -2420, 1571}, 0, {27544, -8229}, {0x00, 0x00, 0x81, 0xFF}}},
	{{{8898, -905, 1571}, 0, {27544, -13147}, {0x00, 0x00, 0x81, 0xFF}}},
	{{{9252, -905, 1571}, 0, {28695, -13147}, {0x00, 0x00, 0x81, 0xFF}}},
	{{{8898, -2420, 933}, 0, {27544, -8229}, {0x00, 0x00, 0x7F, 0xFF}}},
	{{{9252, -2420, 933}, 0, {28695, -8229}, {0x00, 0x00, 0x7F, 0xFF}}},
	{{{9252, -905, 933}, 0, {28695, -13147}, {0x00, 0x00, 0x7F, 0xFF}}},
	{{{8898, -905, 933}, 0, {27544, -13147}, {0x00, 0x00, 0x7F, 0xFF}}},
	{{{9252, -313, 933}, 0, {28695, -15070}, {0x00, 0x00, 0x7F, 0xFF}}},
	{{{8898, -313, 933}, 0, {27544, -15070}, {0x00, 0x00, 0x7F, 0xFF}}},
	{{{8898, -905, 2924}, 0, {27544, -13147}, {0x00, 0x00, 0x7F, 0xFF}}},
	{{{8377, -224, 2924}, 0, {25855, -15357}, {0x00, 0x00, 0x7F, 0xFF}}},
	{{{8377, -905, 2924}, 0, {25855, -13147}, {0x00, 0x00, 0x7F, 0xFF}}},
	{{{8898, -313, 2924}, 0, {27544, -15070}, {0x00, 0x00, 0x7F, 0xFF}}},
	{{{8828, -224, 2924}, 0, {27317, -15357}, {0x00, 0x00, 0x7F, 0xFF}}},
	{{{9322, -224, 2924}, 0, {28922, -15357}, {0x00, 0x00, 0x7F, 0xFF}}},
	{{{9252, -313, 2924}, 0, {28695, -15070}, {0x00, 0x00, 0x7F, 0xFF}}},
	{{{9773, -224, 2924}, 0, {30385, -15357}, {0x00, 0x00, 0x7F, 0xFF}}},
	{{{9252, -905, 2924}, 0, {28695, -13147}, {0x00, 0x00, 0x7F, 0xFF}}},
	{{{9773, -905, 2924}, 0, {30385, -13147}, {0x00, 0x00, 0x7F, 0xFF}}},
	{{{9773, 169, 2924}, 0, {30385, -16632}, {0x00, 0xE7, 0x7C, 0xFF}}},
	{{{9322, 169, 2924}, 0, {28922, -16632}, {0x00, 0xE1, 0x7B, 0xFF}}},
	{{{9547, 582, 3143}, 0, {29653, -17973}, {0x00, 0xC5, 0x70, 0xFF}}},
	{{{9322, 582, 3143}, 0, {28922, -17973}, {0x00, 0xC5, 0x70, 0xFF}}},
	{{{9237, -1394, 3773}, 0, {28646, -11560}, {0x00, 0x00, 0x81, 0xFF}}},
	{{{8898, -1394, 3773}, 0, {27544, -11560}, {0x00, 0x00, 0x81, 0xFF}}},
	{{{8898, -770, 3773}, 0, {27544, -13587}, {0x00, 0x00, 0x81, 0xFF}}},
	{{{9252, -770, 3773}, 0, {28695, -13587}, {0x00, 0x00, 0x81, 0xFF}}},
	{{{8898, -833, 3444}, 0, {27544, -13381}, {0x00, 0x00, 0x7F, 0xFF}}},
	{{{8898, -1394, 3444}, 0, {27544, -11560}, {0x00, 0x00, 0x7F, 0xFF}}},
	{{{9252, -1394, 3444}, 0, {28695, -11560}, {0x00, 0x00, 0x7F, 0xFF}}},
	{{{9252, -833, 3444}, 0, {28695, -13381}, {0x00, 0x00, 0x7F, 0xFF}}},
	{{{8814, -2877, 4436}, 0, {27274, -7083}, {0x00, 0x00, 0x7F, 0xFF}}},
	{{{9335, -2877, 4436}, 0, {28965, -7083}, {0x00, 0x00, 0x7F, 0xFF}}},
	{{{9335, -2749, 4436}, 0, {28965, -7354}, {0x00, 0x00, 0x7F, 0xFF}}},
	{{{8814, -2749, 4436}, 0, {27274, -7354}, {0x00, 0x00, 0x7F, 0xFF}}},
	{{{8377, -802, 3296}, 0, {25855, -13481}, {0x00, 0x1A, 0x7C, 0xFF}}},
	{{{8377, -313, 3194}, 0, {25855, -15070}, {0x00, 0x1A, 0x7C, 0xFF}}},
	{{{8134, -313, 3194}, 0, {25067, -15070}, {0x00, 0x1A, 0x7C, 0xFF}}},
	{{{8134, -802, 3296}, 0, {25067, -13481}, {0x00, 0x1A, 0x7C, 0xFF}}},
	{{{9773, -802, 3922}, 0, {30385, -13481}, {0x00, 0x1A, 0x84, 0xFF}}},
	{{{9773, -313, 4023}, 0, {30385, -15070}, {0x00, 0x1A, 0x84, 0xFF}}},
	{{{10015, -313, 4023}, 0, {31172, -15070}, {0x00, 0x1A, 0x84, 0xFF}}},
	{{{10015, -802, 3922}, 0, {31172, -13481}, {0x00, 0x1A, 0x84, 0xFF}}},
	{{{9773, -313, 3194}, 0, {30385, -15070}, {0x00, 0x1A, 0x7C, 0xFF}}},
	{{{9773, -802, 3296}, 0, {30385, -13481}, {0x00, 0x1A, 0x7C, 0xFF}}},
	{{{10015, -802, 3296}, 0, {31172, -13481}, {0x00, 0x1A, 0x7C, 0xFF}}},
	{{{10015, -313, 3194}, 0, {31172, -15070}, {0x00, 0x1A, 0x7C, 0xFF}}},
	{{{8377, -313, 4023}, 0, {25855, -15070}, {0x00, 0x1A, 0x84, 0xFF}}},
	{{{8377, -802, 3922}, 0, {25855, -13481}, {0x00, 0x1A, 0x84, 0xFF}}},
	{{{8134, -802, 3922}, 0, {25067, -13481}, {0x00, 0x1A, 0x84, 0xFF}}},
	{{{8134, -313, 4023}, 0, {25067, -15070}, {0x00, 0x1A, 0x84, 0xFF}}},
	{{{8377, -224, 2924}, 0, {25855, -15357}, {0x00, 0x00, 0x7F, 0xFF}}},
	{{{8828, -224, 2924}, 0, {27317, -15357}, {0x00, 0x00, 0x7F, 0xFF}}},
	{{{8828, 169, 2924}, 0, {27317, -16632}, {0x00, 0xE1, 0x7B, 0xFF}}},
	{{{8377, 169, 2924}, 0, {25855, -16632}, {0x00, 0xE7, 0x7C, 0xFF}}},
	{{{8828, 169, 2924}, 0, {27317, -16632}, {0x00, 0xE1, 0x7B, 0xFF}}},
	{{{8602, 582, 3143}, 0, {26586, -17973}, {0x00, 0xC5, 0x70, 0xFF}}},
	{{{8377, 169, 2924}, 0, {25855, -16632}, {0x00, 0xE7, 0x7C, 0xFF}}},
	{{{8828, 582, 3143}, 0, {27317, -17973}, {0x00, 0xC5, 0x70, 0xFF}}},
	{{{8898, -833, 3444}, 0, {27544, -13381}, {0x00, 0x00, 0x81, 0xFF}}},
	{{{8811, -833, 3444}, 0, {27262, -13381}, {0x00, 0x00, 0x81, 0xFF}}},
	{{{8811, -770, 3444}, 0, {27262, -13587}, {0x00, 0x00, 0x81, 0xFF}}},
	{{{8898, -770, 3444}, 0, {27544, -13587}, {0x00, 0x00, 0x81, 0xFF}}},
	{{{8811, -833, 3853}, 0, {27262, -13381}, {0x00, 0x00, 0x7F, 0xFF}}},
	{{{9339, -833, 3853}, 0, {28977, -13381}, {0x00, 0x00, 0x7F, 0xFF}}},
	{{{9339, -770, 3853}, 0, {28977, -13587}, {0x00, 0x00, 0x7F, 0xFF}}},
	{{{8811, -770, 3853}, 0, {27262, -13587}, {0x00, 0x00, 0x7F, 0xFF}}},
	{{{9339, -833, 3444}, 0, {28977, -13381}, {0x00, 0x00, 0x81, 0xFF}}},
	{{{9252, -833, 3444}, 0, {28695, -13381}, {0x00, 0x00, 0x81, 0xFF}}},
	{{{9252, -770, 3444}, 0, {28695, -13587}, {0x00, 0x00, 0x81, 0xFF}}},
	{{{9339, -770, 3444}, 0, {28977, -13587}, {0x00, 0x00, 0x81, 0xFF}}},
	{{{9773, 169, 4293}, 0, {30385, -16632}, {0x00, 0xE7, 0x84, 0xFF}}},
	{{{9322, 582, 4075}, 0, {28922, -17973}, {0x00, 0xC5, 0x90, 0xFF}}},
	{{{9547, 582, 4075}, 0, {29653, -17973}, {0x00, 0xC5, 0x90, 0xFF}}},
	{{{9322, 169, 4293}, 0, {28922, -16632}, {0x00, 0xE1, 0x85, 0xFF}}},
	{{{9773, -224, 4293}, 0, {30385, -15357}, {0x00, 0x00, 0x81, 0xFF}}},
	{{{9322, -224, 4293}, 0, {28922, -15357}, {0x00, 0x00, 0x81, 0xFF}}},
	{{{9773, -905, 4293}, 0, {30385, -13147}, {0x00, 0x00, 0x81, 0xFF}}},
	{{{8377, -905, 4293}, 0, {25855, -13147}, {0x00, 0x00, 0x81, 0xFF}}},
	{{{8828, -224, 4293}, 0, {27317, -15357}, {0x00, 0x00, 0x81, 0xFF}}},
	{{{8377, -224, 4293}, 0, {25855, -15357}, {0x00, 0x00, 0x81, 0xFF}}},
	{{{8377, 169, 4293}, 0, {25855, -16632}, {0x00, 0xE7, 0x84, 0xFF}}},
	{{{8828, 169, 4293}, 0, {27317, -16632}, {0x00, 0xE1, 0x85, 0xFF}}},
	{{{8602, 582, 4075}, 0, {26586, -17973}, {0x00, 0xC5, 0x90, 0xFF}}},
	{{{8828, 582, 4075}, 0, {27317, -17973}, {0x00, 0xC5, 0x90, 0xFF}}},
	{{{9014, -6995, 6992}, 0, {27620, 6619}, {0xA7, 0x4F, 0xD4, 0xFF}}},
	{{{9014, -6564, 6994}, 0, {27620, 4075}, {0x81, 0x00, 0x00, 0xFF}}},
	{{{9014, -6763, 6701}, 0, {27620, 3538}, {0x81, 0x00, 0x00, 0xFF}}},
	{{{9014, -6995, 6701}, 0, {27620, 6619}, {0xC7, 0x72, 0x00, 0xFF}}},
	{{{9014, -6763, 6523}, 0, {27620, 3538}, {0x81, 0x00, 0x00, 0xFF}}},
	{{{9014, -6564, 6229}, 0, {27620, 4075}, {0x81, 0x00, 0x00, 0xFF}}},
	{{{9014, -6995, 6232}, 0, {27620, 6619}, {0xA7, 0x4F, 0x2C, 0xFF}}},
	{{{9014, -6995, 6523}, 0, {27620, 6619}, {0xC7, 0x72, 0x00, 0xFF}}},
	{{{465, -968, -3357}, 0, {175, -8092}, {0x00, 0x00, 0x7F, 0xFF}}},
	{{{465, -10779, -3357}, 0, {175, 18899}, {0x00, 0x00, 0x7F, 0xFF}}},
	{{{2271, -10779, -3357}, 0, {6035, 18899}, {0x00, 0x00, 0x7F, 0xFF}}},
	{{{2271, -968, -3357}, 0, {6035, -8092}, {0x00, 0x00, 0x7F, 0xFF}}},
	{{{6874, -10779, -3357}, 0, {20976, 18899}, {0x00, 0x00, 0x7F, 0xFF}}},
	{{{6874, -968, -3357}, 0, {20976, -8092}, {0x00, 0x00, 0x7F, 0xFF}}},
	{{{4884, -968, -3357}, 0, {14518, -8092}, {0x00, 0x00, 0x7F, 0xFF}}},
	{{{4884, -10779, -3357}, 0, {14518, 18899}, {0x00, 0x00, 0x7F, 0xFF}}},
	{{{4473, -968, -3357}, 0, {13183, -8092}, {0x00, 0x00, 0x7F, 0xFF}}},
	{{{2682, -968, -3357}, 0, {7370, -8092}, {0x00, 0x00, 0x7F, 0xFF}}},
	{{{2682, -5427, -3357}, 0, {7370, 1530}, {0x00, 0x00, 0x7F, 0xFF}}},
	{{{4473, -5427, -3357}, 0, {13183, 1530}, {0x00, 0x00, 0x7F, 0xFF}}},
	{{{2682, -10779, -3357}, 0, {7370, 18899}, {0x00, 0x00, 0x7F, 0xFF}}},
	{{{4473, -10779, -3357}, 0, {13183, 18899}, {0x00, 0x00, 0x7F, 0xFF}}},
	{{{4473, -6449, -3357}, 0, {13183, 4848}, {0x00, 0x00, 0x7F, 0xFF}}},
	{{{2682, -6449, -3357}, 0, {7370, 4848}, {0x00, 0x00, 0x7F, 0xFF}}},
	{{{2271, -968, -3126}, 0, {6035, -8092}, {0x00, 0x00, 0x7F, 0xFF}}},
	{{{2271, -10779, -3126}, 0, {6035, 18899}, {0x00, 0x00, 0x7F, 0xFF}}},
	{{{2682, -10779, -3126}, 0, {7370, 18899}, {0x00, 0x00, 0x7F, 0xFF}}},
	{{{2682, -968, -3126}, 0, {7370, -8092}, {0x00, 0x00, 0x7F, 0xFF}}},
	{{{4884, -10779, -3126}, 0, {14518, 18899}, {0x00, 0x00, 0x7F, 0xFF}}},
	{{{4884, -968, -3126}, 0, {14518, -8092}, {0x00, 0x00, 0x7F, 0xFF}}},
	{{{4473, -968, -3126}, 0, {13183, -8092}, {0x00, 0x00, 0x7F, 0xFF}}},
	{{{4473, -10779, -3126}, 0, {13183, 18899}, {0x00, 0x00, 0x7F, 0xFF}}},
	{{{2682, -968, -888}, 0, {7370, -8092}, {0x00, 0x00, 0x7F, 0xFF}}},
	{{{2271, -968, -888}, 0, {6035, -8092}, {0x00, 0x00, 0x7F, 0xFF}}},
	{{{2271, -6264, -888}, 0, {6035, 4247}, {0x00, 0x00, 0x7F, 0xFF}}},
	{{{2682, -6264, -888}, 0, {7370, 4247}, {0x00, 0x00, 0x7F, 0xFF}}},
	{{{2271, -968, -1299}, 0, {6035, -8092}, {0x00, 0x00, 0x81, 0xFF}}},
	{{{2682, -968, -1299}, 0, {7370, -8092}, {0x00, 0x00, 0x81, 0xFF}}},
	{{{2682, -6264, -1299}, 0, {7370, 4247}, {0x00, 0x00, 0x81, 0xFF}}},
	{{{2271, -6264, -1299}, 0, {6035, 4247}, {0x00, 0x00, 0x81, 0xFF}}},
	{{{2682, -968, 85}, 0, {7370, -8092}, {0x00, 0x00, 0x7F, 0xFF}}},
	{{{2271, -968, 85}, 0, {6035, -8092}, {0x00, 0x00, 0x7F, 0xFF}}},
	{{{2271, -10779, 85}, 0, {6035, 18899}, {0x00, 0x00, 0x7F, 0xFF}}},
	{{{2682, -10779, 85}, 0, {7370, 18899}, {0x00, 0x00, 0x7F, 0xFF}}},
	{{{2271, -968, -327}, 0, {6035, -8092}, {0x00, 0x00, 0x81, 0xFF}}},
	{{{2682, -968, -327}, 0, {7370, -8092}, {0x00, 0x00, 0x81, 0xFF}}},
	{{{2682, -10779, -327}, 0, {7370, 18899}, {0x00, 0x00, 0x81, 0xFF}}},
	{{{2271, -10779, -327}, 0, {6035, 18899}, {0x00, 0x00, 0x81, 0xFF}}},
	{{{4884, -968, -888}, 0, {14518, -8092}, {0x00, 0x00, 0x7F, 0xFF}}},
	{{{4473, -968, -888}, 0, {13183, -8092}, {0x00, 0x00, 0x7F, 0xFF}}},
	{{{4473, -10779, -888}, 0, {13183, 18899}, {0x00, 0x00, 0x7F, 0xFF}}},
	{{{4884, -10779, -888}, 0, {14518, 18899}, {0x00, 0x00, 0x7F, 0xFF}}},
	{{{4473, -968, -1299}, 0, {13183, -8092}, {0x00, 0x00, 0x81, 0xFF}}},
	{{{4884, -968, -1299}, 0, {14518, -8092}, {0x00, 0x00, 0x81, 0xFF}}},
	{{{4884, -10779, -1299}, 0, {14518, 18899}, {0x00, 0x00, 0x81, 0xFF}}},
	{{{4473, -10779, -1299}, 0, {13183, 18899}, {0x00, 0x00, 0x81, 0xFF}}},
	{{{4884, -10779, -327}, 0, {14518, 18899}, {0x00, 0x00, 0x81, 0xFF}}},
	{{{4473, -10779, -327}, 0, {13183, 18899}, {0x00, 0x00, 0x81, 0xFF}}},
	{{{4473, -4354, -327}, 0, {13183, -1954}, {0x00, 0x00, 0x81, 0xFF}}},
	{{{4884, -4354, -327}, 0, {14518, -1954}, {0x00, 0x00, 0x81, 0xFF}}},
	{{{4473, -10779, 85}, 0, {13183, 18899}, {0x00, 0x00, 0x7F, 0xFF}}},
	{{{4884, -10779, 85}, 0, {14518, 18899}, {0x00, 0x00, 0x7F, 0xFF}}},
	{{{4884, -4354, 85}, 0, {14518, -1954}, {0x00, 0x00, 0x7F, 0xFF}}},
	{{{4473, -4354, 85}, 0, {13183, -1954}, {0x00, 0x00, 0x7F, 0xFF}}},
	{{{2682, -10779, -1299}, 0, {7370, 18899}, {0x00, 0x00, 0x81, 0xFF}}},
	{{{2271, -10779, -1299}, 0, {6035, 18899}, {0x00, 0x00, 0x81, 0xFF}}},
	{{{2271, -7301, -1299}, 0, {6035, 7611}, {0x00, 0x00, 0x81, 0xFF}}},
	{{{2682, -7301, -1299}, 0, {7370, 7611}, {0x00, 0x00, 0x81, 0xFF}}},
	{{{2271, -10779, -888}, 0, {6035, 18899}, {0x00, 0x00, 0x7F, 0xFF}}},
	{{{2682, -10779, -888}, 0, {7370, 18899}, {0x00, 0x00, 0x7F, 0xFF}}},
	{{{2682, -7315, -888}, 0, {7370, 7657}, {0x00, 0x00, 0x7F, 0xFF}}},
	{{{2271, -7249, -888}, 0, {6035, 7442}, {0x00, 0x00, 0x7F, 0xFF}}},
	{{{-2504, -8069, 3897}, 0, {-9461, 10105}, {0x00, 0x00, 0x81, 0xFF}}},
	{{{-2504, -9301, 3897}, 0, {-9461, 14104}, {0x00, 0x00, 0x81, 0xFF}}},
	{{{-3446, -9301, 3897}, 0, {-12521, 14104}, {0x00, 0x00, 0x81, 0xFF}}},
	{{{-3446, -8069, 3897}, 0, {-12521, 10105}, {0x00, 0x00, 0x81, 0xFF}}},
	{{{-3477, -7761, 1948}, 0, {-12619, 9104}, {0x00, 0x00, 0x7F, 0xFF}}},
	{{{-3048, -5158, 1948}, 0, {-11228, 657}, {0x00, 0x00, 0x7F, 0xFF}}},
	{{{-3477, -5158, 1948}, 0, {-12619, 657}, {0x00, 0x00, 0x7F, 0xFF}}},
	{{{-3282, -7761, 1948}, 0, {-12055, 9104}, {0x00, 0x00, 0x7F, 0xFF}}},
	{{{-3048, -7761, 1948}, 0, {-11228, 9104}, {0x00, 0x00, 0x7F, 0xFF}}},
	{{{-3048, -7829, 1948}, 0, {-11228, 9325}, {0x00, 0x00, 0x7F, 0xFF}}},
	{{{-3196, -8069, 1948}, 0, {-11707, 10105}, {0x00, 0x00, 0x7F, 0xFF}}},
	{{{-2741, -8069, 1948}, 0, {-10233, 10105}, {0x00, 0x00, 0x7F, 0xFF}}},
	{{{-2504, -7761, 2589}, 0, {-9461, 9104}, {0x00, 0x00, 0x7F, 0xFF}}},
	{{{-3048, -7761, 2589}, 0, {-11228, 9104}, {0x00, 0x00, 0x7F, 0xFF}}},
	{{{-3048, -7829, 2589}, 0, {-11228, 9325}, {0x00, 0x00, 0x7F, 0xFF}}},
	{{{-2741, -8069, 2589}, 0, {-10233, 10105}, {0x00, 0x00, 0x7F, 0xFF}}},
	{{{-2504, -9301, 2589}, 0, {-9461, 14104}, {0x00, 0x00, 0x7F, 0xFF}}},
	{{{-2741, -9301, 2589}, 0, {-10233, 14104}, {0x00, 0x00, 0x7F, 0xFF}}},
	{{{-2504, -7761, 2908}, 0, {-9461, 9104}, {0x00, 0x00, 0x81, 0xFF}}},
	{{{-3048, -7829, 2908}, 0, {-11228, 9325}, {0x00, 0x00, 0x81, 0xFF}}},
	{{{-3048, -7761, 2908}, 0, {-11228, 9104}, {0x00, 0x00, 0x81, 0xFF}}},
	{{{-2741, -8069, 2908}, 0, {-10233, 10105}, {0x00, 0x00, 0x81, 0xFF}}},
	{{{-2741, -9301, 2908}, 0, {-10233, 14104}, {0x00, 0x00, 0x81, 0xFF}}},
	{{{-2504, -9301, 2908}, 0, {-9461, 14104}, {0x00, 0x00, 0x81, 0xFF}}},
	{{{-2504, -9301, 3217}, 0, {-9461, 14104}, {0x00, 0x00, 0x7F, 0xFF}}},
	{{{-2504, -8069, 3217}, 0, {-9461, 10105}, {0x00, 0x00, 0x7F, 0xFF}}},
	{{{-2741, -8069, 3217}, 0, {-10233, 10105}, {0x00, 0x00, 0x7F, 0xFF}}},
	{{{-2741, -9301, 3217}, 0, {-10233, 14104}, {0x00, 0x00, 0x7F, 0xFF}}},
	{{{-2741, -9301, 2280}, 0, {-10233, 14104}, {0x00, 0x00, 0x81, 0xFF}}},
	{{{-2741, -8069, 2280}, 0, {-10233, 10105}, {0x00, 0x00, 0x81, 0xFF}}},
	{{{-2504, -8069, 2280}, 0, {-9461, 10105}, {0x00, 0x00, 0x81, 0xFF}}},
	{{{-2504, -9301, 2280}, 0, {-9461, 14104}, {0x00, 0x00, 0x81, 0xFF}}},
	{{{-1357, -4126, -3129}, 0, {-5738, -2692}, {0x00, 0x00, 0x7F, 0xFF}}},
	{{{244, -4126, -3129}, 0, {-544, -2692}, {0x00, 0x00, 0x7F, 0xFF}}},
	{{{244, -2730, -3129}, 0, {-544, -7223}, {0x00, 0x00, 0x7F, 0xFF}}},
	{{{-1357, -2730, -3129}, 0, {-5738, -7223}, {0x00, 0x00, 0x7F, 0xFF}}},
	{{{362, -2051, -2401}, 0, {-544, -9427}, {0x00, 0x89, 0x2D, 0xFF}}},
	{{{-1357, -2051, -2401}, 0, {-5738, -9427}, {0x00, 0x88, 0x29, 0xFF}}},
	{{{-1357, -2730, -3129}, 0, {-5738, -7223}, {0x00, 0xA3, 0x57, 0xFF}}},
	{{{244, -2730, -3129}, 0, {-544, -7223}, {0x00, 0xA3, 0x57, 0xFF}}},
	{{{-2344, -3725, 4402}, 0, {-8944, -3994}, {0x00, 0x00, 0x7F, 0xFF}}},
	{{{-2575, -3725, 4402}, 0, {-9694, -3994}, {0x00, 0x00, 0x7F, 0xFF}}},
	{{{-2575, -4316, 4402}, 0, {-9694, -2077}, {0x00, 0x00, 0x7F, 0xFF}}},
	{{{-2344, -4609, 4402}, 0, {-8944, -1126}, {0x00, 0x00, 0x7F, 0xFF}}},
	{{{-3349, -4803, 4402}, 0, {-12205, -494}, {0x00, 0x00, 0x7F, 0xFF}}},
	{{{-3349, -5000, 4402}, 0, {-12205, 145}, {0x00, 0x00, 0x7F, 0xFF}}},
	{{{-3620, -5000, 4402}, 0, {-13083, 145}, {0x00, 0x00, 0x7F, 0xFF}}},
	{{{-3620, -4803, 4402}, 0, {-13083, -494}, {0x00, 0x00, 0x7F, 0xFF}}},
	{{{1422, -4609, 4402}, 0, {3281, -1126}, {0x00, 0x00, 0x7F, 0xFF}}},
	{{{1422, -3725, 4402}, 0, {3281, -3994}, {0x00, 0x00, 0x7F, 0xFF}}},
	{{{-2344, -5000, 4314}, 0, {-8944, 145}, {0x00, 0x00, 0x81, 0xFF}}},
	{{{-2575, -3631, 4314}, 0, {-9694, -4299}, {0x00, 0x00, 0x81, 0xFF}}},
	{{{-2344, -3631, 4314}, 0, {-8944, -4299}, {0x00, 0x00, 0x81, 0xFF}}},
	{{{-2575, -4316, 4314}, 0, {-9694, -2077}, {0x00, 0x00, 0x81, 0xFF}}},
	{{{-3349, -5000, 4314}, 0, {-12205, 145}, {0x00, 0x00, 0x81, 0xFF}}},
	{{{-3349, -4803, 4314}, 0, {-12205, -494}, {0x00, 0x00, 0x81, 0xFF}}},
	{{{-3620, -5000, 4314}, 0, {-13083, 145}, {0x00, 0x00, 0x81, 0xFF}}},
	{{{-3349, -4803, 4314}, 0, {-12205, -494}, {0x00, 0x00, 0x81, 0xFF}}},
	{{{-3349, -5000, 4314}, 0, {-12205, 145}, {0x00, 0x00, 0x81, 0xFF}}},
	{{{-3620, -4803, 4314}, 0, {-13083, -494}, {0x00, 0x00, 0x81, 0xFF}}},
	{{{-2344, -3631, 5317}, 0, {-8944, -4299}, {0x00, 0x00, 0x7F, 0xFF}}},
	{{{-2575, -3631, 5317}, 0, {-9694, -4299}, {0x00, 0x00, 0x7F, 0xFF}}},
	{{{-2575, -4316, 5317}, 0, {-9694, -2077}, {0x00, 0x00, 0x7F, 0xFF}}},
	{{{-2344, -5000, 5317}, 0, {-8944, 145}, {0x00, 0x00, 0x7F, 0xFF}}},
	{{{-3349, -4803, 5317}, 0, {-12205, -494}, {0x00, 0x00, 0x7F, 0xFF}}},
	{{{-3349, -5000, 5317}, 0, {-12205, 145}, {0x00, 0x00, 0x7F, 0xFF}}},
	{{{-3620, -4803, 5317}, 0, {-13083, -494}, {0x00, 0x00, 0x7F, 0xFF}}},
	{{{-3620, -5000, 5317}, 0, {-13083, 145}, {0x00, 0x00, 0x7F, 0xFF}}},
	{{{-3349, -5000, 5229}, 0, {-12205, 145}, {0x00, 0x00, 0x81, 0xFF}}},
	{{{-3620, -5000, 5229}, 0, {-13083, 145}, {0x00, 0x00, 0x81, 0xFF}}},
	{{{-3620, -4803, 5229}, 0, {-13083, -494}, {0x00, 0x00, 0x81, 0xFF}}},
	{{{-3349, -4803, 5229}, 0, {-12205, -494}, {0x00, 0x00, 0x81, 0xFF}}},
	{{{-2575, -4316, 5229}, 0, {-9694, -2077}, {0x00, 0x00, 0x81, 0xFF}}},
	{{{-2344, -4609, 5229}, 0, {-8944, -1126}, {0x00, 0x00, 0x81, 0xFF}}},
	{{{-2575, -3725, 5229}, 0, {-9694, -3994}, {0x00, 0x00, 0x81, 0xFF}}},
	{{{-2344, -3725, 5229}, 0, {-8944, -3994}, {0x00, 0x00, 0x81, 0xFF}}},
	{{{1422, -3725, 5229}, 0, {3281, -3994}, {0x00, 0x00, 0x81, 0xFF}}},
	{{{1422, -4609, 5229}, 0, {3281, -1126}, {0x00, 0x00, 0x81, 0xFF}}},
	{{{-4350, -5000, 5691}, 0, {-15454, 145}, {0x0B, 0x00, 0x81, 0xFF}}},
	{{{-6149, -4656, 5534}, 0, {-21294, -972}, {0x05, 0x00, 0x81, 0xFF}}},
	{{{-4350, -4837, 5691}, 0, {-15454, -385}, {0x0B, 0x00, 0x81, 0xFF}}},
	{{{-6149, -5000, 5534}, 0, {-21294, 145}, {0x06, 0x00, 0x81, 0xFF}}},
	{{{-8397, -4656, 5534}, 0, {-28590, -972}, {0x00, 0x00, 0x81, 0xFF}}},
	{{{-8397, -5000, 5534}, 0, {-28590, 145}, {0x00, 0x00, 0x81, 0xFF}}},
	{{{-8885, -4656, 5534}, 0, {-30172, -972}, {0x00, 0x00, 0x81, 0xFF}}},
	{{{-8885, -5000, 5534}, 0, {-30172, 145}, {0x00, 0x00, 0x81, 0xFF}}},
	{{{-8885, -3718, 5534}, 0, {-30172, -4018}, {0x00, 0xF3, 0x82, 0xFF}}},
	{{{-8397, -3718, 5534}, 0, {-28590, -4018}, {0x00, 0xF3, 0x82, 0xFF}}},
	{{{-8397, -3718, 5534}, 0, {-28590, -4018}, {0x00, 0xF3, 0x82, 0xFF}}},
	{{{-8885, -3718, 5534}, 0, {-30172, -4018}, {0x00, 0xF3, 0x82, 0xFF}}},
	{{{-8885, -2265, 5229}, 0, {-30172, -8732}, {0x00, 0xC1, 0x92, 0xFF}}},
	{{{-8397, -2265, 5229}, 0, {-28590, -8732}, {0x00, 0xC1, 0x92, 0xFF}}},
	{{{-8885, -884, 3721}, 0, {-30172, -13215}, {0x00, 0x8A, 0xD2, 0xFF}}},
	{{{-8397, -884, 3721}, 0, {-28590, -13215}, {0x00, 0x8A, 0xD2, 0xFF}}},
	{{{-6149, -4656, 5840}, 0, {12371, -972}, {0xFD, 0x00, 0x81, 0xFF}}},
	{{{-8397, -4656, 5965}, 0, {12779, -972}, {0xF9, 0x00, 0x81, 0xFF}}},
	{{{-8397, -2265, 5965}, 0, {12779, -8732}, {0xF9, 0x00, 0x81, 0xFF}}},
	{{{-6149, -2265, 5840}, 0, {12371, -8732}, {0xFC, 0x00, 0x81, 0xFF}}},
	{{{-4350, -4837, 5840}, 0, {-15454, -385}, {0x00, 0x00, 0x81, 0xFF}}},
	{{{-6149, -4656, 5840}, 0, {-21294, -972}, {0xFD, 0x00, 0x81, 0xFF}}},
	{{{-6149, -2265, 5840}, 0, {-21294, -8732}, {0xFC, 0x00, 0x81, 0xFF}}},
	{{{-4350, -2265, 5840}, 0, {-15454, -8732}, {0x00, 0x00, 0x81, 0xFF}}},
	{{{-3915, -2679, 5840}, 0, {-14043, -7391}, {0x00, 0x00, 0x81, 0xFF}}},
	{{{-2790, -2679, 5840}, 0, {-10391, -7391}, {0x00, 0x00, 0x81, 0xFF}}},
	{{{-2344, -2265, 5840}, 0, {-8944, -8732}, {0x00, 0x00, 0x81, 0xFF}}},
	{{{-2790, -3620, 5840}, 0, {-10391, -4336}, {0x00, 0x00, 0x81, 0xFF}}},
	{{{-2344, -5000, 5840}, 0, {-8944, 145}, {0x00, 0x00, 0x81, 0xFF}}},
	{{{-3915, -3620, 5840}, 0, {-14043, -4336}, {0x00, 0x00, 0x81, 0xFF}}},
	{{{-4350, -5000, 5840}, 0, {-15454, 145}, {0x00, 0x00, 0x81, 0xFF}}},
	{{{-4350, -5000, -194}, 0, {-15454, 145}, {0x0B, 0x00, 0x7F, 0xFF}}},
	{{{-4350, -4837, -194}, 0, {-15454, -385}, {0x0B, 0x00, 0x7F, 0xFF}}},
	{{{-6149, -4656, -37}, 0, {-21294, -972}, {0x05, 0x00, 0x7F, 0xFF}}},
	{{{-6149, -5000, -37}, 0, {-21294, 145}, {0x06, 0x00, 0x7F, 0xFF}}},
	{{{-8397, -4656, -37}, 0, {-28590, -972}, {0x00, 0x00, 0x7F, 0xFF}}},
	{{{-8397, -5000, -37}, 0, {-28590, 145}, {0x00, 0x00, 0x7F, 0xFF}}},
	{{{-8885, -4656, -37}, 0, {-30172, -972}, {0x00, 0x00, 0x7F, 0xFF}}},
	{{{-8885, -3718, -37}, 0, {-30172, -4018}, {0x00, 0x00, 0x7F, 0xFF}}},
	{{{-8397, -3718, -37}, 0, {-28590, -4018}, {0x00, 0x00, 0x7F, 0xFF}}},
	{{{-8885, -5000, -37}, 0, {-30172, 145}, {0x00, 0x00, 0x7F, 0xFF}}},
	{{{-8397, -3718, -37}, 0, {-28590, -4018}, {0x00, 0xE6, 0x7C, 0xFF}}},
	{{{-8885, -2265, 268}, 0, {-30172, -8732}, {0x00, 0xC1, 0x6E, 0xFF}}},
	{{{-8885, -3718, -37}, 0, {-30172, -4018}, {0x00, 0xE6, 0x7C, 0xFF}}},
	{{{-8397, -2265, 268}, 0, {-28590, -8732}, {0x00, 0xC1, 0x6E, 0xFF}}},
	{{{-8397, -884, 1776}, 0, {-28590, -13215}, {0x00, 0x8A, 0x2E, 0xFF}}},
	{{{-8885, -884, 1776}, 0, {-30172, -13215}, {0x00, 0x8A, 0x2E, 0xFF}}},
	{{{-6149, -4656, -343}, 0, {-21294, -972}, {0xFD, 0x00, 0x7F, 0xFF}}},
	{{{-8397, -2265, -469}, 0, {-28590, -8732}, {0xF9, 0x00, 0x7F, 0xFF}}},
	{{{-8397, -4656, -469}, 0, {-28590, -972}, {0xF9, 0x00, 0x7F, 0xFF}}},
	{{{-6149, -2265, -343}, 0, {-21294, -8732}, {0xFC, 0x00, 0x7F, 0xFF}}},
	{{{-4350, -4837, -343}, 0, {-15454, -385}, {0x00, 0x00, 0x7F, 0xFF}}},
	{{{-4350, -2265, -343}, 0, {-15454, -8732}, {0x00, 0x00, 0x7F, 0xFF}}},
	{{{-3915, -3620, -343}, 0, {-14043, -4336}, {0x00, 0x00, 0x7F, 0xFF}}},
	{{{-4350, -5000, -343}, 0, {-15454, 145}, {0x00, 0x00, 0x7F, 0xFF}}},
	{{{-2344, -5000, -343}, 0, {-8944, 145}, {0x00, 0x00, 0x7F, 0xFF}}},
	{{{-2790, -3620, -343}, 0, {-10391, -4336}, {0x00, 0x00, 0x7F, 0xFF}}},
	{{{-2790, -2679, -343}, 0, {-10391, -7390}, {0x00, 0x00, 0x7F, 0xFF}}},
	{{{-2344, -2265, -343}, 0, {-8944, -8732}, {0x00, 0x00, 0x7F, 0xFF}}},
	{{{-3915, -2679, -343}, 0, {-14043, -7390}, {0x00, 0x00, 0x7F, 0xFF}}},
	{{{-7828, -5000, 3596}, 0, {-26742, 145}, {0x13, 0x00, 0x7E, 0xFF}}},
	{{{-8885, -4800, 3596}, 0, {-30172, -504}, {0x00, 0x00, 0x7F, 0xFF}}},
	{{{-8885, -5000, 3596}, 0, {-30172, 145}, {0x00, 0x00, 0x7F, 0xFF}}},
	{{{-7828, -4800, 3596}, 0, {-26742, -504}, {0x12, 0x00, 0x7E, 0xFF}}},
	{{{-7057, -5000, 3353}, 0, {-24240, 145}, {0x26, 0x00, 0x79, 0xFF}}},
	{{{-7828, -5000, 1901}, 0, {-26742, 145}, {0x13, 0x00, 0x82, 0xFF}}},
	{{{-8885, -5000, 1901}, 0, {-30172, 145}, {0x00, 0x00, 0x81, 0xFF}}},
	{{{-8885, -4800, 1901}, 0, {-30172, -504}, {0x00, 0x00, 0x81, 0xFF}}},
	{{{-7828, -4800, 1901}, 0, {-26742, -504}, {0x12, 0x00, 0x82, 0xFF}}},
	{{{-7057, -5000, 2144}, 0, {-24240, 145}, {0x26, 0x00, 0x87, 0xFF}}},
	{{{-2844, -682, 838}, 0, {-10567, -13871}, {0x00, 0x00, 0x81, 0xFF}}},
	{{{-3850, -682, 838}, 0, {-13831, -13871}, {0x00, 0x00, 0x81, 0xFF}}},
	{{{-3850, -356, 838}, 0, {-13831, -14931}, {0x00, 0x00, 0x81, 0xFF}}},
	{{{-2844, -682, 838}, 0, {-10567, -13871}, {0x00, 0x00, 0x81, 0xFF}}},
	{{{-3850, -356, 838}, 0, {-13831, -14931}, {0x00, 0x00, 0x81, 0xFF}}},
	{{{-2844, -356, 838}, 0, {-10567, -14931}, {0x00, 0x00, 0x81, 0xFF}}},
	{{{-7898, -683, 4658}, 0, {-26968, -13868}, {0xFE, 0x00, 0x7F, 0xFF}}},
	{{{-6649, -669, 4676}, 0, {-22916, -13912}, {0xFE, 0x00, 0x7F, 0xFF}}},
	{{{-6649, -356, 4676}, 0, {-22916, -14931}, {0xFE, 0x00, 0x7F, 0xFF}}},
	{{{-7898, -356, 4658}, 0, {-26968, -14931}, {0xFE, 0x00, 0x7F, 0xFF}}},
	{{{-2844, -1865, 5541}, 0, {-10567, -10033}, {0x00, 0x00, 0x81, 0xFF}}},
	{{{-3850, -1865, 5541}, 0, {-13831, -10033}, {0x00, 0x00, 0x81, 0xFF}}},
	{{{-3850, -356, 5541}, 0, {-13831, -14931}, {0x00, 0x00, 0x81, 0xFF}}},
	{{{-2844, -356, 5541}, 0, {-10567, -14931}, {0x00, 0x00, 0x81, 0xFF}}},
	{{{-6649, -669, 821}, 0, {-22916, -13912}, {0xFE, 0x00, 0x81, 0xFF}}},
	{{{-7898, -683, 839}, 0, {-26968, -13868}, {0xFE, 0x00, 0x81, 0xFF}}},
	{{{-7898, -356, 839}, 0, {-26968, -14931}, {0xFE, 0x00, 0x81, 0xFF}}},
	{{{-6649, -356, 821}, 0, {-22916, -14931}, {0xFE, 0x00, 0x81, 0xFF}}},
	{{{-4850, -1865, 5541}, 0, {-17077, -10033}, {0x00, 0x00, 0x81, 0xFF}}},
	{{{-5649, -1865, 5541}, 0, {-19671, -10033}, {0x00, 0x00, 0x81, 0xFF}}},
	{{{-5649, -356, 5541}, 0, {-19671, -14931}, {0x00, 0x00, 0x81, 0xFF}}},
	{{{-4850, -356, 5541}, 0, {-17077, -14931}, {0x00, 0x00, 0x81, 0xFF}}},
	{{{-5649, -682, 4659}, 0, {-19671, -13871}, {0x00, 0x00, 0x7F, 0xFF}}},
	{{{-4850, -682, 4659}, 0, {-17077, -13871}, {0x00, 0x00, 0x7F, 0xFF}}},
	{{{-4850, -356, 4659}, 0, {-17077, -14931}, {0x00, 0x00, 0x7F, 0xFF}}},
	{{{-5649, -356, 4659}, 0, {-19671, -14931}, {0x00, 0x00, 0x7F, 0xFF}}},
	{{{-6649, -1877, 5552}, 0, {-22917, -9992}, {0xF7, 0x00, 0x81, 0xFF}}},
	{{{-7897, -1864, 5639}, 0, {-26967, -10036}, {0xF7, 0x00, 0x81, 0xFF}}},
	{{{-7897, -356, 5639}, 0, {-26967, -14931}, {0xF7, 0x00, 0x81, 0xFF}}},
	{{{-6649, -356, 5552}, 0, {-22917, -14931}, {0xF7, 0x00, 0x81, 0xFF}}},
	{{{-5649, -1865, -44}, 0, {-19671, -10033}, {0x00, 0x00, 0x7F, 0xFF}}},
	{{{-4850, -1865, -44}, 0, {-17077, -10033}, {0x00, 0x00, 0x7F, 0xFF}}},
	{{{-4850, -356, -44}, 0, {-17077, -14931}, {0x00, 0x00, 0x7F, 0xFF}}},
	{{{-5649, -356, -44}, 0, {-19671, -14931}, {0x00, 0x00, 0x7F, 0xFF}}},
	{{{-4850, -682, 838}, 0, {-17077, -13871}, {0x00, 0x00, 0x81, 0xFF}}},
	{{{-5649, -682, 838}, 0, {-19671, -13871}, {0x00, 0x00, 0x81, 0xFF}}},
	{{{-5649, -356, 838}, 0, {-19671, -14931}, {0x00, 0x00, 0x81, 0xFF}}},
	{{{-4850, -356, 838}, 0, {-17077, -14931}, {0x00, 0x00, 0x81, 0xFF}}},
	{{{-7897, -1864, -142}, 0, {-26967, -10036}, {0xF7, 0x00, 0x7F, 0xFF}}},
	{{{-6649, -1877, -55}, 0, {-22917, -9992}, {0xF7, 0x00, 0x7F, 0xFF}}},
	{{{-6649, -356, -55}, 0, {-22917, -14931}, {0xF7, 0x00, 0x7F, 0xFF}}},
	{{{-7897, -356, -142}, 0, {-26967, -14931}, {0xF7, 0x00, 0x7F, 0xFF}}},
	{{{-3850, -1865, -44}, 0, {-13831, -10033}, {0x00, 0x00, 0x7F, 0xFF}}},
	{{{-2844, -1865, -44}, 0, {-10567, -10033}, {0x00, 0x00, 0x7F, 0xFF}}},
	{{{-2844, -356, -44}, 0, {-10567, -14931}, {0x00, 0x00, 0x7F, 0xFF}}},
	{{{-3850, -356, -44}, 0, {-13831, -14931}, {0x00, 0x00, 0x7F, 0xFF}}},
	{{{-3850, -682, 4659}, 0, {-13831, -13871}, {0x00, 0x00, 0x7F, 0xFF}}},
	{{{-2844, -682, 4659}, 0, {-10567, -13871}, {0x00, 0x00, 0x7F, 0xFF}}},
	{{{-2844, -356, 4659}, 0, {-10567, -14931}, {0x00, 0x00, 0x7F, 0xFF}}},
	{{{-3850, -356, 4659}, 0, {-13831, -14931}, {0x00, 0x00, 0x7F, 0xFF}}},
	{{{-2050, -3620, 6031}, 0, {-7988, -4336}, {0x73, 0x00, 0x37, 0xFF}}},
	{{{-2050, -2679, 6031}, 0, {-7988, -7391}, {0x73, 0x00, 0x37, 0xFF}}},
	{{{-2211, -3212, 6370}, 0, {-8510, -5659}, {0x73, 0x00, 0x37, 0xFF}}},
	{{{-2211, -3620, 6370}, 0, {-8510, -4336}, {0x73, 0x00, 0x37, 0xFF}}},
	{{{-2391, -3212, 6370}, 0, {-9097, -5659}, {0x00, 0x00, 0x7F, 0xFF}}},
	{{{-2391, -3620, 6370}, 0, {-9097, -4336}, {0x00, 0x00, 0x7F, 0xFF}}},
	{{{-2211, -3620, 6370}, 0, {-8510, -4336}, {0x00, 0x00, 0x7F, 0xFF}}},
	{{{-2211, -3212, 6370}, 0, {-8510, -5659}, {0x00, 0x00, 0x7F, 0xFF}}},
	{{{-2790, -3620, 7191}, 0, {-10391, -4336}, {0x8D, 0x00, 0xC9, 0xFF}}},
	{{{-2790, -2679, 7191}, 0, {-10391, -7391}, {0x8D, 0x00, 0xC9, 0xFF}}},
	{{{-2629, -3212, 6853}, 0, {-9868, -5659}, {0x8D, 0x00, 0xC9, 0xFF}}},
	{{{-2629, -3620, 6853}, 0, {-9868, -4336}, {0x8D, 0x00, 0xC9, 0xFF}}},
	{{{-2050, -2679, 7191}, 0, {-7988, -7391}, {0x73, 0x00, 0xC9, 0xFF}}},
	{{{-2050, -3620, 7191}, 0, {-7988, -4336}, {0x73, 0x00, 0xC9, 0xFF}}},
	{{{-2211, -3620, 6853}, 0, {-8510, -4336}, {0x73, 0x00, 0xC9, 0xFF}}},
	{{{-2211, -3212, 6853}, 0, {-8510, -5659}, {0x73, 0x00, 0xC9, 0xFF}}},
	{{{-2629, -3212, 6370}, 0, {-9868, -5659}, {0x00, 0x00, 0x7F, 0xFF}}},
	{{{-2629, -3620, 6370}, 0, {-9868, -4336}, {0x00, 0x00, 0x7F, 0xFF}}},
	{{{-2449, -3620, 6370}, 0, {-9282, -4336}, {0x00, 0x00, 0x7F, 0xFF}}},
	{{{-2449, -3212, 6370}, 0, {-9282, -5659}, {0x00, 0x00, 0x7F, 0xFF}}},
	{{{-2449, -3620, 6853}, 0, {-9282, -4336}, {0x81, 0x00, 0x00, 0xFF}}},
	{{{-2449, -3212, 6853}, 0, {-9282, -5659}, {0x81, 0x00, 0x00, 0xFF}}},
	{{{-2449, -3312, 6782}, 0, {-9282, -5335}, {0x81, 0x00, 0x00, 0xFF}}},
	{{{-2449, -3620, 6782}, 0, {-9282, -4336}, {0x81, 0x00, 0x00, 0xFF}}},
	{{{-2629, -3620, 6853}, 0, {-9868, -4336}, {0x00, 0x00, 0x81, 0xFF}}},
	{{{-2629, -3212, 6853}, 0, {-9868, -5659}, {0x00, 0x00, 0x81, 0xFF}}},
	{{{-2449, -3212, 6853}, 0, {-9282, -5659}, {0x00, 0x00, 0x81, 0xFF}}},
	{{{-2449, -3620, 6853}, 0, {-9282, -4336}, {0x00, 0x00, 0x81, 0xFF}}},
	{{{-2449, -3312, 6441}, 0, {-9282, -5335}, {0x00, 0x00, 0x7F, 0xFF}}},
	{{{-2449, -3620, 6441}, 0, {-9282, -4336}, {0x00, 0x00, 0x7F, 0xFF}}},
	{{{-2391, -3620, 6441}, 0, {-9097, -4336}, {0x00, 0x00, 0x7F, 0xFF}}},
	{{{-2391, -3312, 6441}, 0, {-9097, -5335}, {0x00, 0x00, 0x7F, 0xFF}}},
	{{{-2449, -3620, 6782}, 0, {-9282, -4336}, {0x00, 0x00, 0x81, 0xFF}}},
	{{{-2449, -3312, 6782}, 0, {-9282, -5335}, {0x00, 0x00, 0x81, 0xFF}}},
	{{{-2391, -3312, 6782}, 0, {-9097, -5335}, {0x00, 0x00, 0x81, 0xFF}}},
	{{{-2391, -3620, 6782}, 0, {-9097, -4336}, {0x00, 0x00, 0x81, 0xFF}}},
	{{{-2449, -3212, 6370}, 0, {-9282, -5659}, {0x81, 0x00, 0x00, 0xFF}}},
	{{{-2449, -3620, 6370}, 0, {-9282, -4336}, {0x81, 0x00, 0x00, 0xFF}}},
	{{{-2449, -3620, 6441}, 0, {-9282, -4336}, {0x81, 0x00, 0x00, 0xFF}}},
	{{{-2449, -3312, 6441}, 0, {-9282, -5335}, {0x81, 0x00, 0x00, 0xFF}}},
	{{{-2391, -3212, 6853}, 0, {-9097, -5659}, {0x7F, 0x00, 0x00, 0xFF}}},
	{{{-2391, -3620, 6853}, 0, {-9097, -4336}, {0x7F, 0x00, 0x00, 0xFF}}},
	{{{-2391, -3620, 6782}, 0, {-9097, -4336}, {0x7F, 0x00, 0x00, 0xFF}}},
	{{{-2391, -3312, 6782}, 0, {-9097, -5335}, {0x7F, 0x00, 0x00, 0xFF}}},
	{{{-2391, -3620, 6370}, 0, {-9097, -4336}, {0x7F, 0x00, 0x00, 0xFF}}},
	{{{-2391, -3212, 6370}, 0, {-9097, -5659}, {0x7F, 0x00, 0x00, 0xFF}}},
	{{{-2391, -3312, 6441}, 0, {-9097, -5335}, {0x7F, 0x00, 0x00, 0xFF}}},
	{{{-2391, -3620, 6441}, 0, {-9097, -4336}, {0x7F, 0x00, 0x00, 0xFF}}},
	{{{-847, -4125, 6501}, 0, {-4084, -2695}, {0x00, 0x09, 0x7F, 0xFF}}},
	{{{-647, -4125, 6501}, 0, {-3435, -2695}, {0x00, 0x09, 0x7F, 0xFF}}},
	{{{-688, -3568, 6460}, 0, {-3569, -4503}, {0x00, 0x09, 0x7F, 0xFF}}},
	{{{-806, -3568, 6460}, 0, {-3950, -4503}, {0x00, 0x09, 0x7F, 0xFF}}},
	{{{-32, -3005, 6031}, 0, {-1439, -5586}, {0xA6, 0x5A, 0x00, 0xFF}}},
	{{{-32, -3620, 6031}, 0, {-1439, -4336}, {0x81, 0x00, 0x00, 0xFF}}},
	{{{-32, -3112, 6312}, 0, {-1439, -5237}, {0x81, 0x00, 0x00, 0xFF}}},
	{{{-32, -3005, 6312}, 0, {-1439, -5586}, {0xD4, 0x77, 0x00, 0xFF}}},
	{{{-32, -3005, 6312}, 0, {-1439, -5586}, {0xC8, 0x00, 0x8E, 0xFF}}},
	{{{-32, -3112, 6312}, 0, {-1439, -5237}, {0xC8, 0x00, 0x8E, 0xFF}}},
	{{{-283, -3087, 6434}, 0, {-2253, -5319}, {0xAA, 0x00, 0xA3, 0xFF}}},
	{{{-283, -3005, 6434}, 0, {-2253, -5586}, {0xA9, 0x00, 0xA3, 0xFF}}},
	{{{-32, -3112, 6911}, 0, {-1439, -5237}, {0xC8, 0x00, 0x72, 0xFF}}},
	{{{-32, -3005, 6911}, 0, {-1439, -5586}, {0xC8, 0x00, 0x72, 0xFF}}},
	{{{-283, -3005, 6789}, 0, {-2253, -5586}, {0xA9, 0x00, 0x5D, 0xFF}}},
	{{{-283, -3087, 6789}, 0, {-2253, -5319}, {0xAA, 0x00, 0x5D, 0xFF}}},
	{{{-688, -3568, 6342}, 0, {-3569, -4503}, {0x00, 0x86, 0xDD, 0xFF}}},
	{{{-806, -3568, 6342}, 0, {-3950, -4503}, {0x00, 0x86, 0xDD, 0xFF}}},
	{{{-941, -3529, 6207}, 0, {-4389, -4631}, {0x00, 0x86, 0xDD, 0xFF}}},
	{{{-553, -3529, 6207}, 0, {-3130, -4631}, {0x00, 0x86, 0xDD, 0xFF}}},
	{{{-1531, -4125, 6752}, 0, {-6304, -2695}, {0x00, 0x0D, 0x7E, 0xFF}}},
	{{{-1331, -4125, 6752}, 0, {-5655, -2695}, {0x00, 0x0D, 0x7E, 0xFF}}},
	{{{-1372, -3718, 6711}, 0, {-5789, -4018}, {0x00, 0x0D, 0x7E, 0xFF}}},
	{{{-1490, -3718, 6711}, 0, {-6170, -4018}, {0x00, 0x0D, 0x7E, 0xFF}}},
	{{{-1331, -4125, 6552}, 0, {-5655, -2695}, {0x00, 0x0D, 0x82, 0xFF}}},
	{{{-1531, -4125, 6552}, 0, {-6304, -2695}, {0x00, 0x0D, 0x82, 0xFF}}},
	{{{-1490, -3718, 6594}, 0, {-6170, -4018}, {0x00, 0x0D, 0x82, 0xFF}}},
	{{{-1372, -3718, 6594}, 0, {-5789, -4018}, {0x00, 0x0D, 0x82, 0xFF}}},
	{{{-647, -4125, 6301}, 0, {-3435, -2695}, {0x00, 0x09, 0x81, 0xFF}}},
	{{{-847, -4125, 6301}, 0, {-4084, -2695}, {0x00, 0x09, 0x81, 0xFF}}},
	{{{-806, -3568, 6342}, 0, {-3950, -4503}, {0x00, 0x09, 0x81, 0xFF}}},
	{{{-688, -3568, 6342}, 0, {-3569, -4503}, {0x00, 0x09, 0x81, 0xFF}}},
	{{{-1237, -3679, 6458}, 0, {-5349, -4145}, {0x00, 0x00, 0x81, 0xFF}}},
	{{{-1625, -3679, 6458}, 0, {-6609, -4145}, {0x00, 0x00, 0x81, 0xFF}}},
	{{{-1625, -3638, 6458}, 0, {-6609, -4278}, {0x00, 0x00, 0x81, 0xFF}}},
	{{{-1237, -3638, 6458}, 0, {-5349, -4278}, {0x00, 0x00, 0x81, 0xFF}}},
	{{{-1490, -3718, 6711}, 0, {-6170, -4018}, {0x00, 0x86, 0x23, 0xFF}}},
	{{{-1372, -3718, 6711}, 0, {-5789, -4018}, {0x00, 0x86, 0x23, 0xFF}}},
	{{{-1237, -3679, 6846}, 0, {-5349, -4145}, {0x00, 0x86, 0x23, 0xFF}}},
	{{{-1625, -3679, 6846}, 0, {-6609, -4145}, {0x00, 0x86, 0x23, 0xFF}}},
	{{{-1372, -3718, 6594}, 0, {-5789, -4018}, {0x00, 0x86, 0xDD, 0xFF}}},
	{{{-1490, -3718, 6594}, 0, {-6170, -4018}, {0x00, 0x86, 0xDD, 0xFF}}},
	{{{-1625, -3679, 6458}, 0, {-6609, -4145}, {0x00, 0x86, 0xDD, 0xFF}}},
	{{{-1237, -3679, 6458}, 0, {-5349, -4145}, {0x00, 0x86, 0xDD, 0xFF}}},
	{{{-1625, -3679, 6846}, 0, {-6609, -4145}, {0x00, 0x00, 0x7F, 0xFF}}},
	{{{-1237, -3679, 6846}, 0, {-5349, -4145}, {0x00, 0x00, 0x7F, 0xFF}}},
	{{{-1237, -3638, 6846}, 0, {-5349, -4278}, {0x00, 0x00, 0x7F, 0xFF}}},
	{{{-1625, -3638, 6846}, 0, {-6609, -4278}, {0x00, 0x00, 0x7F, 0xFF}}},
	{{{-941, -3529, 6595}, 0, {-4389, -4631}, {0x00, 0x00, 0x7F, 0xFF}}},
	{{{-553, -3529, 6595}, 0, {-3130, -4631}, {0x00, 0x00, 0x7F, 0xFF}}},
	{{{-553, -3488, 6595}, 0, {-3130, -4764}, {0x00, 0x00, 0x7F, 0xFF}}},
	{{{-941, -3488, 6595}, 0, {-4389, -4764}, {0x00, 0x00, 0x7F, 0xFF}}},
	{{{-806, -3568, 6460}, 0, {-3950, -4503}, {0x00, 0x86, 0x23, 0xFF}}},
	{{{-688, -3568, 6460}, 0, {-3569, -4503}, {0x00, 0x86, 0x23, 0xFF}}},
	{{{-553, -3529, 6595}, 0, {-3130, -4631}, {0x00, 0x86, 0x23, 0xFF}}},
	{{{-941, -3529, 6595}, 0, {-4389, -4631}, {0x00, 0x86, 0x23, 0xFF}}},
	{{{-553, -3529, 6207}, 0, {-3130, -4631}, {0x00, 0x00, 0x81, 0xFF}}},
	{{{-941, -3529, 6207}, 0, {-4389, -4631}, {0x00, 0x00, 0x81, 0xFF}}},
	{{{-941, -3488, 6207}, 0, {-4389, -4764}, {0x00, 0x00, 0x81, 0xFF}}},
	{{{-553, -3488, 6207}, 0, {-3130, -4764}, {0x00, 0x00, 0x81, 0xFF}}},
	{{{-2705, -9301, -3987}, 0, {-10115, 14104}, {0x00, 0x00, 0x7F, 0xFF}}},
	{{{-2705, -8712, -3987}, 0, {-10115, 12191}, {0x00, 0x00, 0x7F, 0xFF}}},
	{{{-3245, -8712, -3987}, 0, {-11867, 12191}, {0x00, 0x00, 0x7F, 0xFF}}},
	{{{-3245, -9301, -3987}, 0, {-11867, 14104}, {0x00, 0x00, 0x7F, 0xFF}}},
	{{{9448, -2021, 5481}, 0, {29330, -9526}, {0x00, 0xAC, 0x5F, 0xFF}}},
	{{{8702, -2021, 5481}, 0, {26910, -9526}, {0x00, 0xAC, 0x5F, 0xFF}}},
	{{{8859, -2303, 5230}, 0, {27420, -8609}, {0x00, 0xAC, 0x5F, 0xFF}}},
	{{{9291, -2303, 5230}, 0, {28820, -8609}, {0x00, 0xAC, 0x5F, 0xFF}}},
	{{{8859, -2303, 5091}, 0, {27420, -8609}, {0x00, 0x00, 0x81, 0xFF}}},
	{{{9291, -2303, 5091}, 0, {28820, -8609}, {0x00, 0x00, 0x81, 0xFF}}},
	{{{9226, -2548, 5091}, 0, {28612, -8125}, {0x00, 0x00, 0x81, 0xFF}}},
	{{{8923, -2548, 5091}, 0, {27628, -8125}, {0x00, 0x00, 0x81, 0xFF}}},
	{{{9226, -2548, 5230}, 0, {28612, -8125}, {0x00, 0x81, 0x00, 0xFF}}},
	{{{8923, -2548, 5230}, 0, {27628, -8125}, {0x00, 0x81, 0x00, 0xFF}}},
	{{{8923, -2548, 5091}, 0, {27628, -8125}, {0x00, 0x81, 0x00, 0xFF}}},
	{{{9226, -2548, 5091}, 0, {28612, -8125}, {0x00, 0x81, 0x00, 0xFF}}},
	{{{9291, -2303, 5230}, 0, {28820, -8609}, {0x00, 0x00, 0x7F, 0xFF}}},
	{{{8859, -2303, 5230}, 0, {27420, -8609}, {0x00, 0x00, 0x7F, 0xFF}}},
	{{{8923, -2548, 5230}, 0, {27628, -8125}, {0x00, 0x00, 0x7F, 0xFF}}},
	{{{9226, -2548, 5230}, 0, {28612, -8125}, {0x00, 0x00, 0x7F, 0xFF}}},
	{{{356, -4609, 1095}, 0, {-179, -1126}, {0xA6, 0x5A, 0x00, 0xFF}}},
	{{{356, -3725, 1095}, 0, {-179, -3994}, {0x81, 0x00, 0x00, 0xFF}}},
	{{{356, -4198, 927}, 0, {-179, -2459}, {0x81, 0x00, 0x00, 0xFF}}},
	{{{356, -4609, 927}, 0, {-179, -1126}, {0xD8, 0x78, 0x00, 0xFF}}},
	{{{465, -4198, 927}, 0, {175, -2459}, {0x00, 0x00, 0x81, 0xFF}}},
	{{{465, -4609, 927}, 0, {175, -1126}, {0x00, 0x00, 0x81, 0xFF}}},
	{{{356, -4609, 927}, 0, {-179, -1126}, {0x00, 0x00, 0x81, 0xFF}}},
	{{{356, -4198, 927}, 0, {-179, -2459}, {0x00, 0x00, 0x81, 0xFF}}},
	{{{465, -4609, 436}, 0, {175, -1126}, {0x00, 0x00, 0x7F, 0xFF}}},
	{{{465, -4198, 436}, 0, {175, -2459}, {0x00, 0x00, 0x7F, 0xFF}}},
	{{{356, -4198, 436}, 0, {-179, -2459}, {0x00, 0x00, 0x7F, 0xFF}}},
	{{{356, -4609, 436}, 0, {-179, -1126}, {0x00, 0x00, 0x7F, 0xFF}}},
	{{{356, -3725, 268}, 0, {-179, -3994}, {0x81, 0x00, 0x00, 0xFF}}},
	{{{356, -4609, 268}, 0, {-179, -1126}, {0xA6, 0x5A, 0x00, 0xFF}}},
	{{{356, -4609, 436}, 0, {-179, -1126}, {0xD8, 0x78, 0x00, 0xFF}}},
	{{{356, -4198, 436}, 0, {-179, -2459}, {0x81, 0x00, 0x00, 0xFF}}},
	{{{465, -3725, 1095}, 0, {175, -3994}, {0x7F, 0x00, 0x00, 0xFF}}},
	{{{465, -4609, 1095}, 0, {175, -1126}, {0x5A, 0x5A, 0x00, 0xFF}}},
	{{{465, -4609, 927}, 0, {175, -1126}, {0x28, 0x78, 0x00, 0xFF}}},
	{{{465, -4198, 927}, 0, {175, -2459}, {0x7F, 0x00, 0x00, 0xFF}}},
	{{{465, -4609, 268}, 0, {175, -1126}, {0x5A, 0x5A, 0x00, 0xFF}}},
	{{{465, -3725, 268}, 0, {175, -3994}, {0x7F, 0x00, 0x00, 0xFF}}},
	{{{465, -4198, 436}, 0, {175, -2459}, {0x7F, 0x00, 0x00, 0xFF}}},
	{{{465, -4609, 436}, 0, {175, -1126}, {0x28, 0x78, 0x00, 0xFF}}},
	{{{-608, -7761, 3095}, 0, {-3308, 9104}, {0xB8, 0x49, 0xB5, 0xFF}}},
	{{{-608, -7150, 3095}, 0, {-3308, 7123}, {0x81, 0xFE, 0xFE, 0xFF}}},
	{{{-597, -7491, 2926}, 0, {-3272, 8229}, {0x81, 0xFF, 0xFD, 0xFF}}},
	{{{-608, -7761, 2926}, 0, {-3308, 9104}, {0xDA, 0x73, 0xD9, 0xFF}}},
	{{{-529, -7761, 2402}, 0, {-3051, 9104}, {0x48, 0x49, 0x4B, 0xFF}}},
	{{{-529, -7150, 2402}, 0, {-3051, 7123}, {0x7F, 0xFE, 0x02, 0xFF}}},
	{{{-540, -7491, 2571}, 0, {-3087, 8229}, {0x7F, 0xFF, 0x03, 0xFF}}},
	{{{-529, -7761, 2571}, 0, {-3051, 9104}, {0x26, 0x73, 0x27, 0xFF}}},
	{{{-540, -7491, 2926}, 0, {-3087, 8229}, {0x00, 0x00, 0x81, 0xFF}}},
	{{{-529, -7761, 2926}, 0, {-3051, 9104}, {0x26, 0x73, 0xD9, 0xFF}}},
	{{{-597, -7491, 2926}, 0, {-3272, 8229}, {0x00, 0x00, 0x81, 0xFF}}},
	{{{-540, -7491, 2571}, 0, {-3087, 8229}, {0x00, 0x00, 0x7F, 0xFF}}},
	{{{-597, -7491, 2571}, 0, {-3272, 8229}, {0x00, 0x00, 0x7F, 0xFF}}},
	{{{-608, -7761, 2571}, 0, {-3308, 9104}, {0xDA, 0x73, 0x27, 0xFF}}},
	{{{-608, -7150, 2402}, 0, {-3308, 7123}, {0x81, 0xFE, 0x02, 0xFF}}},
	{{{-608, -7761, 2402}, 0, {-3308, 9104}, {0xB8, 0x49, 0x4B, 0xFF}}},
	{{{-597, -7491, 2571}, 0, {-3272, 8229}, {0x81, 0xFF, 0x03, 0xFF}}},
	{{{-529, -7150, 3095}, 0, {-3051, 7123}, {0x7F, 0xFE, 0xFE, 0xFF}}},
	{{{-529, -7761, 3095}, 0, {-3051, 9104}, {0x48, 0x49, 0xB5, 0xFF}}},
	{{{-540, -7491, 2926}, 0, {-3087, 8229}, {0x7F, 0xFF, 0xFD, 0xFF}}},
	{{{-2957, -5751, 3209}, 0, {-10932, 2581}, {0x81, 0x00, 0x00, 0xFF}}},
	{{{-2957, -5751, 2288}, 0, {-10932, 2581}, {0x81, 0x00, 0x00, 0xFF}}},
	{{{-2957, -5906, 2288}, 0, {-10932, 3086}, {0x81, 0x00, 0x00, 0xFF}}},
	{{{-2957, -5906, 3209}, 0, {-10932, 3086}, {0x81, 0x00, 0x00, 0xFF}}},
	{{{417, -6449, 6269}, 0, {444, 5188}, {0x7F, 0x00, 0x00, 0xFF}}},
	{{{417, -4812, 6269}, 0, {444, -466}, {0x7F, 0x00, 0x00, 0xFF}}},
	{{{417, -4812, 7503}, 0, {774, -466}, {0x5A, 0x00, 0xA6, 0xFF}}},
	{{{417, -6449, 7503}, 0, {774, 5301}, {0x5A, 0x00, 0xA6, 0xFF}}},
	{{{1056, -4812, 7503}, 0, {1433, -466}, {0x00, 0x00, 0x81, 0xFF}}},
	{{{1056, -6449, 7503}, 0, {1433, 5527}, {0x00, 0x00, 0x81, 0xFF}}},
	{{{5887, -4123, 7174}, 0, {-278, 2979}, {0x00, 0x1E, 0x85, 0xFF}}},
	{{{5957, -4251, 7143}, 0, {-471, 3339}, {0x00, 0x1E, 0x85, 0xFF}}},
	{{{5603, -4736, 7026}, 0, {496, 4703}, {0x00, 0x1E, 0x85, 0xFF}}},
	{{{5887, -4029, 7196}, 0, {-278, 2716}, {0x00, 0x1E, 0x85, 0xFF}}},
	{{{5603, -1009, 7924}, 0, {496, -5773}, {0x00, 0xB1, 0x9C, 0xFF}}},
	{{{6180, -1009, 7924}, 0, {-1079, -5773}, {0x00, 0xB0, 0x9D, 0xFF}}},
	{{{6169, -4029, 7196}, 0, {-1050, 2716}, {0x00, 0x1E, 0x85, 0xFF}}},
	{{{6595, -4034, 7195}, 0, {-2213, 2729}, {0x00, 0x1E, 0x85, 0xFF}}},
	{{{6665, -3906, 7226}, 0, {-2406, 2369}, {0x00, 0x1E, 0x85, 0xFF}}},
	{{{6756, -4736, 7026}, 0, {-2655, 4703}, {0x00, 0x1E, 0x85, 0xFF}}},
	{{{6180, -4736, 7026}, 0, {-1079, 4703}, {0x00, 0x1E, 0x85, 0xFF}}},
	{{{6453, -4034, 7195}, 0, {-1827, 2729}, {0x00, 0x1E, 0x85, 0xFF}}},
	{{{6169, -4123, 7174}, 0, {-1050, 2979}, {0x00, 0x1E, 0x85, 0xFF}}},
	{{{6099, -4251, 7143}, 0, {-857, 3339}, {0x00, 0x1E, 0x85, 0xFF}}},
	{{{6985, -3760, 7261}, 0, {-3279, 1958}, {0x00, 0x1E, 0x85, 0xFF}}},
	{{{7600, -3760, 7261}, 0, {-4961, 1958}, {0x00, 0x1E, 0x85, 0xFF}}},
	{{{7807, -4736, 7026}, 0, {-5526, 4703}, {0xC8, 0x0E, 0x8F, 0xFF}}},
	{{{7717, -3587, 7303}, 0, {-5278, 1472}, {0x00, 0x1E, 0x85, 0xFF}}},
	{{{7807, -1009, 7924}, 0, {-5526, -5773}, {0x00, 0x1E, 0x85, 0xFF}}},
	{{{7717, -3477, 7330}, 0, {-5278, 1163}, {0x00, 0x1E, 0x85, 0xFF}}},
	{{{6869, -3477, 7330}, 0, {-2961, 1163}, {0x00, 0x1E, 0x85, 0xFF}}},
	{{{6756, -1009, 7924}, 0, {-2655, -5773}, {0x00, 0xB1, 0x9C, 0xFF}}},
	{{{7972, -3191, 7398}, 0, {-5976, 360}, {0x00, 0x1E, 0x85, 0xFF}}},
	{{{7972, -3285, 7376}, 0, {-5976, 623}, {0x00, 0x1E, 0x85, 0xFF}}},
	{{{8471, -1009, 7924}, 0, {-7341, -5773}, {0x00, 0x1E, 0x85, 0xFF}}},
	{{{8255, -3191, 7398}, 0, {-6749, 360}, {0x00, 0x1E, 0x85, 0xFF}}},
	{{{8255, -3191, 7398}, 0, {-6749, 360}, {0x00, 0x1E, 0x85, 0xFF}}},
	{{{8471, -1009, 7924}, 0, {-7341, -5773}, {0x00, 0x1E, 0x85, 0xFF}}},
	{{{8471, -4736, 7026}, 0, {-7341, 4703}, {0x00, 0x1E, 0x85, 0xFF}}},
	{{{8255, -3285, 7376}, 0, {-6749, 623}, {0x00, 0x1E, 0x85, 0xFF}}},
	{{{7807, -4736, 7026}, 0, {-5526, 4703}, {0x00, 0x1E, 0x85, 0xFF}}},
	{{{8043, -3413, 7345}, 0, {-6169, 983}, {0x00, 0x1E, 0x85, 0xFF}}},
	{{{8184, -3413, 7345}, 0, {-6556, 983}, {0x00, 0x1E, 0x85, 0xFF}}},
	{{{7807, -4736, 6198}, 0, {6518, 4703}, {0x00, 0x1E, 0x7B, 0xFF}}},
	{{{8471, -4736, 6198}, 0, {8333, 4703}, {0x00, 0x1E, 0x7B, 0xFF}}},
	{{{8184, -3413, 5879}, 0, {7548, 983}, {0x00, 0x1E, 0x7B, 0xFF}}},
	{{{8043, -3413, 5879}, 0, {7161, 983}, {0x00, 0x1E, 0x7B, 0xFF}}},
	{{{6099, -4251, 6081}, 0, {1849, 3339}, {0x00, 0x1E, 0x7B, 0xFF}}},
	{{{6453, -4034, 6028}, 0, {2819, 2729}, {0x00, 0x1E, 0x7B, 0xFF}}},
	{{{6169, -4123, 6050}, 0, {2042, 2979}, {0x00, 0x1E, 0x7B, 0xFF}}},
	{{{6180, -4736, 6198}, 0, {2071, 4703}, {0x00, 0x1E, 0x7B, 0xFF}}},
	{{{5957, -4251, 6081}, 0, {1463, 3339}, {0x00, 0x1E, 0x7B, 0xFF}}},
	{{{5603, -4736, 6198}, 0, {496, 4703}, {0x00, 0x1E, 0x7B, 0xFF}}},
	{{{5887, -4123, 6050}, 0, {1270, 2979}, {0x00, 0x1E, 0x7B, 0xFF}}},
	{{{5603, -1009, 5299}, 0, {496, -5773}, {0x00, 0x1E, 0x7B, 0xFF}}},
	{{{5887, -4029, 6027}, 0, {1270, 2716}, {0x00, 0x1E, 0x7B, 0xFF}}},
	{{{6169, -4029, 6027}, 0, {2042, 2716}, {0x00, 0x1E, 0x7B, 0xFF}}},
	{{{6180, -1009, 5299}, 0, {2071, -5773}, {0x00, 0x1E, 0x7B, 0xFF}}},
	{{{6383, -3812, 5975}, 0, {2626, 2106}, {0x00, 0x1E, 0x7B, 0xFF}}},
	{{{6756, -1009, 5299}, 0, {3647, -5773}, {0x00, 0x1E, 0x7B, 0xFF}}},
	{{{6665, -3812, 5975}, 0, {3398, 2106}, {0x00, 0x1E, 0x7B, 0xFF}}},
	{{{6665, -3901, 5996}, 0, {3398, 2355}, {0x00, 0x1E, 0x7B, 0xFF}}},
	{{{6756, -4736, 6198}, 0, {3647, 4703}, {0x00, 0x1E, 0x7B, 0xFF}}},
	{{{6169, -4029, 7196}, 0, {-1050, 2716}, {0x00, 0x1E, 0x85, 0xFF}}},
	{{{6383, -3812, 7249}, 0, {-1634, 2106}, {0x00, 0x1E, 0x85, 0xFF}}},
	{{{6383, -3906, 7226}, 0, {-1634, 2369}, {0x00, 0x1E, 0x85, 0xFF}}},
	{{{6169, -4123, 7174}, 0, {-1050, 2979}, {0x00, 0x1E, 0x85, 0xFF}}},
	{{{6453, -4034, 7195}, 0, {-1827, 2729}, {0x00, 0x1E, 0x85, 0xFF}}},
	{{{6383, -3812, 5975}, 0, {2626, 2106}, {0x00, 0x1E, 0x7B, 0xFF}}},
	{{{6169, -4029, 6027}, 0, {2042, 2716}, {0x00, 0x1E, 0x7B, 0xFF}}},
	{{{6169, -4123, 6050}, 0, {2042, 2979}, {0x00, 0x1E, 0x7B, 0xFF}}},
	{{{6383, -3901, 5996}, 0, {2626, 2355}, {0x00, 0x1E, 0x7B, 0xFF}}},
	{{{6453, -4034, 6028}, 0, {2819, 2729}, {0x00, 0x1E, 0x7B, 0xFF}}},
	{{{7807, -1009, 5299}, 0, {6518, -5773}, {0x00, 0x1E, 0x7B, 0xFF}}},
	{{{7807, -4736, 6198}, 0, {6518, 4703}, {0x00, 0x1E, 0x7B, 0xFF}}},
	{{{7972, -3285, 5848}, 0, {6968, 623}, {0x00, 0x1E, 0x7B, 0xFF}}},
	{{{7972, -3191, 5825}, 0, {6968, 360}, {0x00, 0x1E, 0x7B, 0xFF}}},
	{{{8471, -1009, 5299}, 0, {8333, -5773}, {0x00, 0x1E, 0x7B, 0xFF}}},
	{{{8255, -3191, 5825}, 0, {7741, 360}, {0x00, 0x1E, 0x7B, 0xFF}}},
	{{{8255, -3285, 5848}, 0, {7741, 623}, {0x00, 0x1E, 0x7B, 0xFF}}},
	{{{8471, -4736, 6198}, 0, {8333, 4703}, {0x00, 0x1E, 0x7B, 0xFF}}},
	{{{8135, -3294, 5065}, 0, {25068, -5392}, {0x7F, 0x00, 0x00, 0xFF}}},
	{{{8135, -4077, 5065}, 0, {25068, -2851}, {0x7F, 0x00, 0x00, 0xFF}}},
	{{{8135, -4077, 4654}, 0, {25068, -2851}, {0x7F, 0x00, 0x00, 0xFF}}},
	{{{8135, -3550, 4654}, 0, {25068, -5392}, {0x7F, 0x00, 0x00, 0xFF}}},
	{{{8135, -4077, 3324}, 0, {25068, -2851}, {0x7F, 0x00, 0x00, 0xFF}}},
	{{{8135, -3294, 3324}, 0, {25068, -5392}, {0x7F, 0x00, 0x00, 0xFF}}},
	{{{8135, -3550, 3735}, 0, {25068, -5392}, {0x7F, 0x00, 0x00, 0xFF}}},
	{{{8135, -4077, 3735}, 0, {25068, -2851}, {0x7F, 0x00, 0x00, 0xFF}}},
	{{{8135, -3550, 4654}, 0, {25068, -5392}, {0x00, 0x00, 0x81, 0xFF}}},
	{{{8135, -4077, 4654}, 0, {25068, -2851}, {0x00, 0x00, 0x81, 0xFF}}},
	{{{6566, -4077, 4654}, 0, {25068, -2851}, {0x00, 0x00, 0x81, 0xFF}}},
	{{{6566, -3550, 4654}, 0, {25068, -5392}, {0x00, 0x00, 0x81, 0xFF}}},
	{{{8135, -4077, 3735}, 0, {25068, -2851}, {0x00, 0x00, 0x7F, 0xFF}}},
	{{{8135, -3550, 3735}, 0, {25068, -5392}, {0x00, 0x00, 0x7F, 0xFF}}},
	{{{6566, -3550, 3735}, 0, {25068, -5392}, {0x00, 0x00, 0x7F, 0xFF}}},
	{{{6566, -4077, 3735}, 0, {25068, -2851}, {0x00, 0x00, 0x7F, 0xFF}}},
	{{{6702, -3552, 4390}, 0, {-8944, -3994}, {0x00, 0xA6, 0xA6, 0xFF}}},
	{{{6810, -3552, 4390}, 0, {-9694, -3994}, {0x00, 0xA6, 0xA6, 0xFF}}},
	{{{6810, -3795, 4390}, 0, {-9694, -2077}, {0x00, 0x00, 0x81, 0xFF}}},
	{{{6702, -3552, 4390}, 0, {-8944, -3994}, {0x00, 0xA6, 0xA6, 0xFF}}},
	{{{6810, -3795, 4390}, 0, {-9694, -2077}, {0x00, 0x00, 0x81, 0xFF}}},
	{{{6702, -3916, 4390}, 0, {-8944, -1126}, {0x00, 0x00, 0x81, 0xFF}}},
	{{{7170, -3996, 4390}, 0, {-12205, -494}, {0x00, 0x00, 0x81, 0xFF}}},
	{{{7170, -4077, 4390}, 0, {-12205, 145}, {0x00, 0x00, 0x81, 0xFF}}},
	{{{7296, -4077, 4390}, 0, {-13083, 145}, {0x00, 0x00, 0x81, 0xFF}}},
	{{{7296, -3996, 4390}, 0, {-13083, -494}, {0x00, 0x00, 0x81, 0xFF}}},
	{{{6566, -3916, 4390}, 0, {-8944, -1126}, {0x00, 0x00, 0x81, 0xFF}}},
	{{{6566, -3552, 4390}, 0, {-8944, -3994}, {0x00, 0x00, 0x81, 0xFF}}},
	{{{6810, -3795, 4443}, 0, {-9694, -2077}, {0xFC, 0x00, 0x7F, 0xFF}}},
	{{{6810, -3513, 4443}, 0, {-9694, -4299}, {0x00, 0x00, 0x7F, 0xFF}}},
	{{{6566, -3513, 4443}, 0, {-8944, -4299}, {0x00, 0x00, 0x7F, 0xFF}}},
	{{{6566, -4077, 4443}, 0, {-8944, 145}, {0x00, 0x00, 0x7F, 0xFF}}},
	{{{6810, -4077, 4443}, 0, {-10574, 145}, {0xF8, 0x00, 0x7F, 0xFF}}},
	{{{7170, -4077, 4485}, 0, {-12205, 145}, {0xF8, 0x00, 0x7F, 0xFF}}},
	{{{7170, -3996, 4485}, 0, {-12205, -494}, {0xF7, 0x00, 0x7F, 0xFF}}},
	{{{7296, -4077, 4485}, 0, {-13083, 145}, {0x00, 0x00, 0x7F, 0xFF}}},
	{{{7296, -3996, 4485}, 0, {-13083, -494}, {0x00, 0x00, 0x7F, 0xFF}}},
	{{{6566, -3513, 3946}, 0, {-8944, -4299}, {0x00, 0x00, 0x81, 0xFF}}},
	{{{6810, -3513, 3946}, 0, {-9694, -4299}, {0x00, 0x00, 0x81, 0xFF}}},
	{{{6810, -3795, 3946}, 0, {-9694, -2077}, {0xFC, 0x00, 0x81, 0xFF}}},
	{{{6566, -4077, 3946}, 0, {-8944, 145}, {0x00, 0x00, 0x81, 0xFF}}},
	{{{6810, -4077, 3946}, 0, {-10574, 145}, {0xF8, 0x00, 0x81, 0xFF}}},
	{{{7170, -4077, 3903}, 0, {-12205, 145}, {0xF8, 0x00, 0x81, 0xFF}}},
	{{{7170, -3996, 3903}, 0, {-12205, -494}, {0xF7, 0x00, 0x81, 0xFF}}},
	{{{7296, -3996, 3903}, 0, {-13083, -494}, {0x00, 0x00, 0x81, 0xFF}}},
	{{{7296, -4077, 3903}, 0, {-13083, 145}, {0x00, 0x00, 0x81, 0xFF}}},
	{{{7170, -4077, 3999}, 0, {-12205, 145}, {0x00, 0x00, 0x7F, 0xFF}}},
	{{{7296, -4077, 3999}, 0, {-13083, 145}, {0x00, 0x00, 0x7F, 0xFF}}},
	{{{7296, -3996, 3999}, 0, {-13083, -494}, {0x00, 0x00, 0x7F, 0xFF}}},
	{{{7170, -3996, 3999}, 0, {-12205, -494}, {0x00, 0x00, 0x7F, 0xFF}}},
	{{{6810, -3795, 3999}, 0, {-9694, -2077}, {0x00, 0x00, 0x7F, 0xFF}}},
	{{{7170, -4077, 3999}, 0, {-12205, 145}, {0x00, 0x00, 0x7F, 0xFF}}},
	{{{6810, -3795, 3999}, 0, {-9694, -2077}, {0x00, 0x00, 0x7F, 0xFF}}},
	{{{6702, -3916, 3999}, 0, {-8944, -1126}, {0x00, 0x00, 0x7F, 0xFF}}},
	{{{6810, -3552, 3999}, 0, {-9694, -3994}, {0x00, 0xA6, 0x5A, 0xFF}}},
	{{{6702, -3552, 3999}, 0, {-8944, -3994}, {0x00, 0xA6, 0x5A, 0xFF}}},
	{{{6566, -3552, 3999}, 0, {-8944, -3994}, {0x00, 0x00, 0x7F, 0xFF}}},
	{{{6566, -3916, 3999}, 0, {-8944, -1126}, {0x00, 0x00, 0x7F, 0xFF}}},
	{{{8135, -4077, 4654}, 0, {8522, -2851}, {0x00, 0x7F, 0x00, 0xFF}}},
	{{{7296, -4077, 4485}, 0, {7418, 145}, {0x00, 0x7F, 0x00, 0xFF}}},
	{{{7170, -4077, 4485}, 0, {-12205, 145}, {0x00, 0x7F, 0x00, 0xFF}}},
	{{{6566, -4077, 4654}, 0, {25068, -2851}, {0x00, 0x7F, 0x00, 0xFF}}},
	{{{6566, -4077, 4443}, 0, {-8944, 145}, {0x00, 0x7F, 0x00, 0xFF}}},
	{{{6810, -4077, 4443}, 0, {-10574, 145}, {0x00, 0x7F, 0x00, 0xFF}}},
	{{{6566, -4077, 3735}, 0, {25068, -2851}, {0x00, 0x7F, 0x00, 0xFF}}},
	{{{7296, -4077, 3903}, 0, {-13083, 145}, {0x00, 0x7F, 0x00, 0xFF}}},
	{{{8135, -4077, 3735}, 0, {5539, -2851}, {0x00, 0x7F, 0x00, 0xFF}}},
	{{{7170, -4077, 3903}, 0, {-12205, 145}, {0x00, 0x7F, 0x00, 0xFF}}},
	{{{6810, -4077, 3946}, 0, {-10574, 145}, {0x00, 0x7F, 0x00, 0xFF}}},
	{{{6566, -4077, 3946}, 0, {-8944, 145}, {0x00, 0x7F, 0x00, 0xFF}}},
	{{{6566, -3550, 4654}, 0, {9855, -5392}, {0x7F, 0x00, 0x00, 0xFF}}},
	{{{6566, -4077, 4654}, 0, {25068, -2851}, {0x7F, 0x00, 0x00, 0xFF}}},
	{{{6566, -4077, 4443}, 0, {-8944, 145}, {0x7F, 0x00, 0x00, 0xFF}}},
	{{{6566, -3513, 4443}, 0, {7418, -4299}, {0x7F, 0x00, 0x00, 0xFF}}},
	{{{6566, -4077, 3735}, 0, {25068, -2851}, {0x7F, 0x00, 0x00, 0xFF}}},
	{{{6566, -3550, 3735}, 0, {4205, -5392}, {0x7F, 0x00, 0x00, 0xFF}}},
	{{{6566, -3513, 3946}, 0, {-8944, -4299}, {0x7F, 0x00, 0x00, 0xFF}}},
	{{{6566, -4077, 3946}, 0, {-8944, 145}, {0x7F, 0x00, 0x00, 0xFF}}},
	{{{6566, -3552, 4390}, 0, {-8944, -3994}, {0x7F, 0x00, 0x00, 0xFF}}},
	{{{6566, -3916, 4390}, 0, {-8944, -1126}, {0x5A, 0x5A, 0x00, 0xFF}}},
	{{{6566, -3916, 4266}, 0, {-8944, -1126}, {0x39, 0x72, 0x00, 0xFF}}},
	{{{6566, -3670, 4266}, 0, {-8944, -3994}, {0x7F, 0x00, 0x00, 0xFF}}},
	{{{6566, -3916, 3999}, 0, {-8944, -1126}, {0x5A, 0x5A, 0x00, 0xFF}}},
	{{{6566, -3552, 3999}, 0, {-8944, -3994}, {0x7F, 0x00, 0x00, 0xFF}}},
	{{{6566, -3670, 4123}, 0, {-8944, -3994}, {0x7F, 0x00, 0x00, 0xFF}}},
	{{{6566, -3916, 4123}, 0, {-8944, -1126}, {0x39, 0x72, 0x00, 0xFF}}},
	{{{6566, -3670, 4266}, 0, {-8944, -3994}, {0x00, 0xA6, 0xA6, 0xFF}}},
	{{{6566, -3916, 4266}, 0, {-8944, -1126}, {0x00, 0x5A, 0xA6, 0xFF}}},
	{{{6525, -3916, 4266}, 0, {-8944, -1126}, {0x00, 0x5A, 0xA6, 0xFF}}},
	{{{6525, -3670, 4266}, 0, {-8944, -3994}, {0x00, 0xA6, 0xA6, 0xFF}}},
	{{{6566, -3916, 4123}, 0, {-8944, -1126}, {0x00, 0x5A, 0x5A, 0xFF}}},
	{{{6566, -3670, 4123}, 0, {-8944, -3994}, {0x00, 0xA6, 0x5A, 0xFF}}},
	{{{6525, -3670, 4123}, 0, {-8944, -3994}, {0x00, 0xA6, 0x5A, 0xFF}}},
	{{{6525, -3916, 4123}, 0, {-8944, -1126}, {0x00, 0x5A, 0x5A, 0xFF}}},
	{{{6525, -3916, 4123}, 0, {-8944, -1126}, {0xC7, 0x72, 0x00, 0xFF}}},
	{{{6525, -3670, 4123}, 0, {-8944, -3994}, {0x81, 0x00, 0x00, 0xFF}}},
	{{{6525, -3524, 3927}, 0, {-8944, -3994}, {0x81, 0x00, 0x00, 0xFF}}},
	{{{6525, -3916, 3927}, 0, {-8944, -1126}, {0xB7, 0x49, 0x49, 0xFF}}},
	{{{6065, -3916, 3927}, 0, {-8944, -1126}, {0x00, 0x5A, 0x5A, 0xFF}}},
	{{{6065, -3524, 3927}, 0, {-8944, -3994}, {0x00, 0xA6, 0x5A, 0xFF}}},
	{{{6525, -3524, 3927}, 0, {-8944, -3994}, {0x00, 0xA6, 0x5A, 0xFF}}},
	{{{6525, -3670, 4266}, 0, {-8944, -3994}, {0x81, 0x00, 0x00, 0xFF}}},
	{{{6525, -3916, 4461}, 0, {-8944, -1126}, {0xB7, 0x49, 0xB7, 0xFF}}},
	{{{6525, -3524, 4461}, 0, {-8944, -3994}, {0x81, 0x00, 0x00, 0xFF}}},
	{{{6525, -3916, 4266}, 0, {-8944, -1126}, {0xC7, 0x72, 0x00, 0xFF}}},
	{{{6065, -3916, 4461}, 0, {-8944, -1126}, {0x00, 0x5A, 0xA6, 0xFF}}},
	{{{6525, -3524, 4461}, 0, {-8944, -3994}, {0x00, 0xA6, 0xA6, 0xFF}}},
	{{{6065, -3524, 4461}, 0, {-8944, -3994}, {0x00, 0xA6, 0xA6, 0xFF}}},
	{{{5474, -7614, 5720}, 0, {16852, 9235}, {0xAA, 0x0D, 0x5D, 0xFF}}},
	{{{4488, -7614, 5720}, 0, {12814, 9235}, {0x23, 0x2B, 0x72, 0xFF}}},
	{{{4488, -8930, 5905}, 0, {12814, 9235}, {0x4A, 0x4E, 0x44, 0xFF}}},
	{{{5474, -8930, 5905}, 0, {16852, 9235}, {0xA2, 0x0C, 0x55, 0xFF}}},
	{{{4488, -7614, 7503}, 0, {12814, 9235}, {0x23, 0x2B, 0x8E, 0xFF}}},
	{{{5474, -7614, 7503}, 0, {16852, 9235}, {0xAA, 0x0D, 0xA3, 0xFF}}},
	{{{5474, -8930, 7319}, 0, {16852, 9235}, {0xA2, 0x0C, 0xAB, 0xFF}}},
	{{{4488, -8930, 7319}, 0, {12814, 9235}, {0x4A, 0x4E, 0xBC, 0xFF}}},
	{{{9014, -6763, 6523}, 0, {27620, 3538}, {0x00, 0xA6, 0x5A, 0xFF}}},
	{{{9014, -6995, 6523}, 0, {27620, 6619}, {0x00, 0x5A, 0x5A, 0xFF}}},
	{{{9079, -6995, 6523}, 0, {27620, 6619}, {0x00, 0x5A, 0x5A, 0xFF}}},
	{{{9079, -6763, 6523}, 0, {27620, 3538}, {0x00, 0xA6, 0x5A, 0xFF}}},
	{{{8471, -6995, 7203}, 0, {26161, 6619}, {0x00, 0x00, 0x81, 0xFF}}},
	{{{8471, -6380, 7203}, 0, {26161, 4621}, {0x00, 0x00, 0x81, 0xFF}}},
	{{{8740, -6380, 7203}, 0, {26883, 4621}, {0x00, 0x00, 0x81, 0xFF}}},
	{{{8740, -6995, 7203}, 0, {26883, 6619}, {0x00, 0x00, 0x81, 0xFF}}},
	{{{9079, -6763, 6523}, 0, {27620, 3538}, {0x7F, 0x00, 0x00, 0xFF}}},
	{{{9079, -6995, 6321}, 0, {27620, 6619}, {0x49, 0x49, 0x49, 0xFF}}},
	{{{9079, -6541, 6321}, 0, {27620, 3538}, {0x7F, 0x00, 0x00, 0xFF}}},
	{{{9079, -6995, 6523}, 0, {27620, 6619}, {0x39, 0x72, 0x00, 0xFF}}},
	{{{9525, -6995, 6321}, 0, {27620, 6619}, {0x00, 0x5A, 0x5A, 0xFF}}},
	{{{9079, -6541, 6321}, 0, {27620, 3538}, {0x00, 0xA6, 0x5A, 0xFF}}},
	{{{9525, -6541, 6321}, 0, {27620, 3538}, {0x00, 0xA6, 0x5A, 0xFF}}},
	{{{9014, -6995, 6701}, 0, {27620, 6619}, {0x00, 0x5A, 0xA6, 0xFF}}},
	{{{9014, -6763, 6701}, 0, {27620, 3538}, {0x00, 0xA6, 0xA6, 0xFF}}},
	{{{9079, -6763, 6701}, 0, {27620, 3538}, {0x00, 0xA6, 0xA6, 0xFF}}},
	{{{9079, -6995, 6701}, 0, {27620, 6619}, {0x00, 0x5A, 0xA6, 0xFF}}},
	{{{9079, -6995, 6701}, 0, {27620, 6619}, {0x39, 0x72, 0x00, 0xFF}}},
	{{{9079, -6763, 6701}, 0, {27620, 3538}, {0x7F, 0x00, 0x00, 0xFF}}},
	{{{9079, -6541, 6903}, 0, {27620, 3538}, {0x7F, 0x00, 0x00, 0xFF}}},
	{{{9079, -6995, 6903}, 0, {27620, 6619}, {0x49, 0x49, 0xB7, 0xFF}}},
	{{{9525, -6995, 6903}, 0, {27620, 6619}, {0x00, 0x5A, 0xA6, 0xFF}}},
	{{{9525, -6541, 6903}, 0, {27620, 3538}, {0x00, 0xA6, 0xA6, 0xFF}}},
	{{{9079, -6541, 6903}, 0, {27620, 3538}, {0x00, 0xA6, 0xA6, 0xFF}}},
	{{{9014, -6564, 6994}, 0, {27620, 4075}, {0xAA, 0xE3, 0xA8, 0xFF}}},
	{{{9014, -6995, 6992}, 0, {27620, 6619}, {0xA7, 0x4F, 0xD4, 0xFF}}},
	{{{8740, -6995, 7203}, 0, {26883, 6619}, {0xD7, 0x6B, 0xCA, 0xFF}}},
	{{{8740, -6380, 7203}, 0, {26883, 4621}, {0xA8, 0xDA, 0xAD, 0xFF}}},
	{{{9014, -6995, 6232}, 0, {27620, 6619}, {0xA7, 0x4F, 0x2C, 0xFF}}},
	{{{9014, -6564, 6229}, 0, {27620, 4075}, {0xAA, 0xE3, 0x58, 0xFF}}},
	{{{8740, -6380, 6021}, 0, {26883, 4621}, {0xA8, 0xDA, 0x53, 0xFF}}},
	{{{8740, -6995, 6021}, 0, {26883, 6619}, {0xD7, 0x6B, 0x36, 0xFF}}},
	{{{8471, -6380, 6021}, 0, {26161, 4621}, {0x00, 0x00, 0x7F, 0xFF}}},
	{{{8471, -6995, 6021}, 0, {26161, 6619}, {0x00, 0x00, 0x7F, 0xFF}}},
	{{{8740, -6995, 6021}, 0, {26883, 6619}, {0x00, 0x00, 0x7F, 0xFF}}},
	{{{8740, -6380, 6021}, 0, {26883, 4621}, {0x00, 0x00, 0x7F, 0xFF}}},
	{{{362, -4812, 5331}, 0, {-544, -466}, {0xBB, 0x00, 0x6B, 0xFF}}},
	{{{362, -6449, 5331}, 0, {-544, 4848}, {0xBB, 0x00, 0x6B, 0xFF}}},
	{{{966, -6449, 5720}, 0, {1775, 5645}, {0xBB, 0x00, 0x6B, 0xFF}}},
	{{{966, -5990, 5720}, 0, {1775, 2590}, {0xBB, 0x00, 0x6B, 0xFF}}},
	{{{966, -4812, 5720}, 0, {1775, -466}, {0xBB, 0x00, 0x6B, 0xFF}}},
	{{{1056, -4812, 6612}, 0, {14877, -466}, {0x00, 0x01, 0x7F, 0xFF}}},
	{{{966, -4812, 6612}, 0, {14877, -466}, {0x00, 0x01, 0x7F, 0xFF}}},
	{{{966, -6449, 6619}, 0, {-612, -17025}, {0x00, 0x01, 0x7F, 0xFF}}},
	{{{1056, -6449, 6619}, 0, {-1324, -17097}, {0x00, 0x01, 0x7F, 0xFF}}},
	{{{312, -4812, 5840}, 0, {-544, -466}, {0x00, 0x00, 0x81, 0xFF}}},
	{{{-2252, -6449, 5840}, 0, {-8605, 4848}, {0x00, 0x00, 0x81, 0xFF}}},
	{{{-2252, -4812, 5840}, 0, {-8605, -466}, {0x00, 0x00, 0x81, 0xFF}}},
	{{{312, -5990, 5840}, 0, {-544, 2191}, {0x39, 0x00, 0x8E, 0xFF}}},
	{{{312, -6449, 5840}, 0, {-544, 4848}, {0x5A, 0x00, 0xA6, 0xFF}}},
	{{{312, -5990, 6170}, 0, {115, 2304}, {0x7F, 0x00, 0x00, 0xFF}}},
	{{{312, -6449, 6170}, 0, {115, 5075}, {0x7F, 0x00, 0x00, 0xFF}}},
	{{{574, -6449, 6170}, 0, {115, 5075}, {0x7F, 0x00, 0x00, 0xFF}}},
	{{{574, -6213, 6170}, 0, {115, -466}, {0x7F, 0x00, 0x00, 0xFF}}},
	{{{574, -6213, 6269}, 0, {444, -466}, {0x7F, 0x00, 0x00, 0xFF}}},
	{{{574, -6449, 6269}, 0, {444, 5188}, {0x7F, 0x00, 0x00, 0xFF}}},
	{{{417, -4812, 6269}, 0, {444, -466}, {0x02, 0x00, 0x7F, 0xFF}}},
	{{{417, -6449, 6269}, 0, {444, 5188}, {0x00, 0x5A, 0x5A, 0xFF}}},
	{{{574, -6449, 6269}, 0, {444, 5188}, {0x00, 0x78, 0x28, 0xFF}}},
	{{{574, -6213, 6269}, 0, {444, -466}, {0x01, 0x00, 0x7F, 0xFF}}},
	{{{966, -5990, 5720}, 0, {5467, -7333}, {0x00, 0x81, 0x00, 0xFF}}},
	{{{966, -5990, 6168}, 0, {6300, -8039}, {0x00, 0x81, 0x00, 0xFF}}},
	{{{312, -5990, 6170}, 0, {115, 2304}, {0x00, 0x81, 0x00, 0xFF}}},
	{{{312, -5990, 5840}, 0, {-544, 2191}, {0x00, 0x81, 0x00, 0xFF}}},
	{{{312, -6449, 6170}, 0, {115, 5075}, {0x00, 0x5A, 0xA6, 0xFF}}},
	{{{312, -5990, 6170}, 0, {115, -466}, {0x00, 0x00, 0x81, 0xFF}}},
	{{{574, -6213, 6170}, 0, {115, -466}, {0x00, 0x00, 0x81, 0xFF}}},
	{{{574, -6449, 6170}, 0, {115, 5075}, {0x00, 0x78, 0xD8, 0xFF}}},
	{{{966, -4812, 5720}, 0, {1775, -466}, {0xE9, 0x00, 0x83, 0xFF}}},
	{{{966, -5990, 5720}, 0, {1775, 2590}, {0xE9, 0x00, 0x83, 0xFF}}},
	{{{312, -5990, 5840}, 0, {-544, 2191}, {0xE9, 0x00, 0x83, 0xFF}}},
	{{{312, -4812, 5840}, 0, {-544, -466}, {0xE9, 0x00, 0x83, 0xFF}}},
	{{{4473, -2500, -327}, 0, {13183, -8092}, {0x00, 0x1A, 0x84, 0xFF}}},
	{{{4884, -2500, -327}, 0, {14518, -8092}, {0x00, 0x1A, 0x84, 0xFF}}},
	{{{4884, -3165, -464}, 0, {14518, -5934}, {0x00, 0x1A, 0x84, 0xFF}}},
	{{{4473, -3165, -464}, 0, {13183, -5934}, {0x00, 0x1A, 0x84, 0xFF}}},
	{{{4473, -2500, 85}, 0, {13183, -8092}, {0x03, 0xE5, 0x7C, 0xFF}}},
	{{{4473, -3124, -38}, 0, {13183, -6068}, {0x03, 0xE7, 0x7D, 0xFF}}},
	{{{4776, -3165, -53}, 0, {14168, -5934}, {0x0B, 0xEB, 0x7D, 0xFF}}},
	{{{4884, -3057, -53}, 0, {14518, -6285}, {0x0D, 0xEB, 0x7D, 0xFF}}},
	{{{4884, -2500, 85}, 0, {14518, -8092}, {0x00, 0xE2, 0x7B, 0xFF}}},
	{{{2563, -7150, 2217}, 0, {6985, 7123}, {0x00, 0x00, 0x81, 0xFF}}},
	{{{860, -7150, 2217}, 0, {1457, 7123}, {0x00, 0x00, 0x81, 0xFF}}},
	{{{465, -968, 2217}, 0, {175, -8092}, {0x00, 0x00, 0x81, 0xFF}}},
	{{{465, -7150, 2217}, 0, {175, 7123}, {0x00, 0x00, 0x81, 0xFF}}},
	{{{465, -10779, 2217}, 0, {175, 18899}, {0x00, 0x00, 0x81, 0xFF}}},
	{{{860, -8023, 2217}, 0, {1457, 9955}, {0x00, 0x00, 0x81, 0xFF}}},
	{{{3669, -10779, 2217}, 0, {10575, 18899}, {0x00, 0x00, 0x81, 0xFF}}},
	{{{860, -8023, 2217}, 0, {1457, 9955}, {0x00, 0x00, 0x81, 0xFF}}},
	{{{2563, -8023, 2217}, 0, {6985, 9955}, {0x00, 0x00, 0x81, 0xFF}}},
	{{{3669, -10779, 2217}, 0, {10575, 18899}, {0x00, 0x00, 0x81, 0xFF}}},
	{{{6874, -10779, 2217}, 0, {20976, 18899}, {0x00, 0x00, 0x81, 0xFF}}},
	{{{6874, -968, 2217}, 0, {20976, -8092}, {0x00, 0x00, 0x81, 0xFF}}},
	{{{2563, -7150, 2217}, 0, {6985, 7123}, {0x00, 0x00, 0x81, 0xFF}}},
	{{{465, -968, 2217}, 0, {175, -8092}, {0x00, 0x00, 0x81, 0xFF}}},
	{{{8228, -1394, 3773}, 0, {25371, -11560}, {0x00, 0x84, 0xE6, 0xFF}}},
	{{{8898, -1394, 3444}, 0, {27544, -11560}, {0x00, 0x81, 0x00, 0xFF}}},
	{{{8898, -1394, 3773}, 0, {27544, -11560}, {0x00, 0x84, 0xE5, 0xFF}}},
	{{{8864, -1394, 3240}, 0, {27437, -11560}, {0x00, 0x81, 0x00, 0xFF}}},
	{{{9252, -1394, 3444}, 0, {28695, -11560}, {0x00, 0x81, 0x00, 0xFF}}},
	{{{9285, -1394, 3240}, 0, {28803, -11560}, {0x00, 0x81, 0x00, 0xFF}}},
	{{{9922, -1394, 3773}, 0, {30868, -11560}, {0x00, 0x84, 0xE6, 0xFF}}},
	{{{9237, -1394, 3773}, 0, {28646, -11560}, {0x00, 0x84, 0xE4, 0xFF}}},
	{{{9448, -1755, 4840}, 0, {29330, -10389}, {0x00, 0x88, 0xD7, 0xFF}}},
	{{{8702, -1755, 4840}, 0, {26910, -10389}, {0x00, 0x88, 0xD7, 0xFF}}},
	{{{-1264, -8930, -2308}, 0, {-5438, 12898}, {0x00, 0x00, 0x7F, 0xFF}}},
	{{{-1155, -8854, -2308}, 0, {-5085, 12652}, {0x00, 0x00, 0x7F, 0xFF}}},
	{{{-2382, -6646, -2308}, 0, {-9064, 5485}, {0x00, 0x00, 0x7F, 0xFF}}},
	{{{343, -6646, -2308}, 0, {-222, 5485}, {0x00, 0x00, 0x7F, 0xFF}}},
	{{{-883, -8854, -2308}, 0, {-4202, 12652}, {0x00, 0x00, 0x7F, 0xFF}}},
	{{{343, -8685, -2308}, 0, {-222, 12105}, {0x00, 0x00, 0x7F, 0xFF}}},
	{{{-774, -8930, -2308}, 0, {-3848, 12898}, {0x00, 0x00, 0x7F, 0xFF}}},
	{{{-115, -9010, -2308}, 0, {-1709, 13159}, {0x00, 0x00, 0x7F, 0xFF}}},
	{{{-703, -9089, -2308}, 0, {-3618, 13416}, {0x00, 0x00, 0x7F, 0xFF}}},
	{{{-115, -10115, -2308}, 0, {-1709, 16746}, {0x00, 0x00, 0x7F, 0xFF}}},
	{{{-703, -9421, -2308}, 0, {-3618, 14493}, {0x00, 0x00, 0x7F, 0xFF}}},
	{{{-1923, -10115, -2308}, 0, {-7577, 16746}, {0x00, 0x00, 0x7F, 0xFF}}},
	{{{-1335, -9421, -2308}, 0, {-5669, 14493}, {0x00, 0x00, 0x7F, 0xFF}}},
	{{{-1923, -9010, -2308}, 0, {-7577, 13159}, {0x00, 0x00, 0x7F, 0xFF}}},
	{{{-1335, -9089, -2308}, 0, {-5669, 13416}, {0x00, 0x00, 0x7F, 0xFF}}},
	{{{-1335, -9089, -2308}, 0, {-5669, 13416}, {0x00, 0x00, 0x7F, 0xFF}}},
	{{{-2382, -8685, -2308}, 0, {-9064, 12105}, {0x00, 0x00, 0x7F, 0xFF}}},
	{{{-1923, -9010, -2308}, 0, {-7577, 13159}, {0x00, 0x00, 0x7F, 0xFF}}},
	{{{-1264, -8930, -2308}, 0, {-5438, 12898}, {0x00, 0x00, 0x7F, 0xFF}}},
	{{{-2382, -6646, -2308}, 0, {-9064, 5485}, {0x00, 0x00, 0x7F, 0xFF}}},
	{{{-2344, -2265, 5840}, 0, {-8944, -8732}, {0x00, 0xB4, 0x9A, 0xFF}}},
	{{{-4350, -2265, 5840}, 0, {-15454, -8732}, {0x00, 0xB4, 0x9A, 0xFF}}},
	{{{-3850, -1865, 5541}, 0, {-13831, -10033}, {0x00, 0xB4, 0x9A, 0xFF}}},
	{{{-3850, -682, 4659}, 0, {-13831, -13871}, {0x00, 0xB4, 0x9A, 0xFF}}},
	{{{-4734, -281, 4360}, 0, {-16700, -15171}, {0x00, 0xB4, 0x9A, 0xFF}}},
	{{{-4850, -1865, 5541}, 0, {-17077, -10033}, {0x00, 0xB4, 0x9A, 0xFF}}},
	{{{-5649, -1865, 5541}, 0, {-19671, -10033}, {0x00, 0xB4, 0x9A, 0xFF}}},
	{{{-6149, -2265, 5840}, 0, {-21294, -8732}, {0xFE, 0xB4, 0x9A, 0xFF}}},
	{{{-5649, -682, 4659}, 0, {-19671, -13871}, {0x00, 0xB4, 0x9A, 0xFF}}},
	{{{-5857, -281, 4360}, 0, {-20346, -15171}, {0x00, 0xB4, 0x9A, 0xFF}}},
	{{{-6649, -1877, 5552}, 0, {-22917, -9992}, {0xFC, 0xB3, 0x9B, 0xFF}}},
	{{{-7897, -1864, 5639}, 0, {-26967, -10036}, {0xFB, 0xB1, 0x9D, 0xFF}}},
	{{{-8397, -2265, 5965}, 0, {-28590, -8732}, {0xFB, 0xB1, 0x9D, 0xFF}}},
	{{{-7898, -683, 4658}, 0, {-26968, -13868}, {0xFF, 0xB1, 0x9D, 0xFF}}},
	{{{-8397, -281, 4360}, 0, {-28590, -15171}, {0xFF, 0xB1, 0x9D, 0xFF}}},
	{{{-6649, -669, 4676}, 0, {-22916, -13912}, {0xFF, 0xB3, 0x9B, 0xFF}}},
	{{{-4850, -682, 4659}, 0, {-17077, -13871}, {0x00, 0xB4, 0x9A, 0xFF}}},
	{{{-2844, -1865, 5541}, 0, {-10567, -10033}, {0x00, 0xB4, 0x9A, 0xFF}}},
	{{{-2344, -281, 4360}, 0, {-8944, -15171}, {0x00, 0xB4, 0x9A, 0xFF}}},
	{{{-2844, -682, 4659}, 0, {-10567, -13871}, {0x00, 0xB4, 0x9A, 0xFF}}},
	{{{-6149, -2265, -343}, 0, {-21294, -8732}, {0xFE, 0xB4, 0x66, 0xFF}}},
	{{{-4350, -2265, -343}, 0, {-15454, -8732}, {0x00, 0xB4, 0x66, 0xFF}}},
	{{{-4850, -1865, -44}, 0, {-17077, -10033}, {0x00, 0xB4, 0x66, 0xFF}}},
	{{{-4850, -682, 838}, 0, {-17077, -13871}, {0x00, 0xB4, 0x66, 0xFF}}},
	{{{-4734, -281, 1137}, 0, {-16700, -15171}, {0x00, 0xB4, 0x66, 0xFF}}},
	{{{-3850, -1865, -44}, 0, {-13831, -10033}, {0x00, 0xB4, 0x66, 0xFF}}},
	{{{-2844, -1865, -44}, 0, {-10567, -10033}, {0x00, 0xB4, 0x66, 0xFF}}},
	{{{-4350, -2265, -343}, 0, {-15454, -8732}, {0x00, 0xB4, 0x66, 0xFF}}},
	{{{-2344, -2265, -343}, 0, {-8944, -8732}, {0x00, 0xB4, 0x66, 0xFF}}},
	{{{-2844, -1865, -44}, 0, {-10567, -10033}, {0x00, 0xB4, 0x66, 0xFF}}},
	{{{-2844, -682, 838}, 0, {-10567, -13871}, {0x00, 0xB4, 0x66, 0xFF}}},
	{{{-2344, -281, 1137}, 0, {-8944, -15171}, {0x00, 0xB4, 0x66, 0xFF}}},
	{{{-3850, -682, 838}, 0, {-13831, -13871}, {0x00, 0xB4, 0x66, 0xFF}}},
	{{{-4734, -281, 1137}, 0, {-16700, -15171}, {0x00, 0xB4, 0x66, 0xFF}}},
	{{{-3850, -1865, -44}, 0, {-13831, -10033}, {0x00, 0xB4, 0x66, 0xFF}}},
	{{{-5649, -682, 838}, 0, {-19671, -13871}, {0x00, 0xB4, 0x66, 0xFF}}},
	{{{-4850, -682, 838}, 0, {-17077, -13871}, {0x00, 0xB4, 0x66, 0xFF}}},
	{{{-5857, -281, 1137}, 0, {-20346, -15171}, {0x00, 0xB4, 0x66, 0xFF}}},
	{{{-5649, -1865, -44}, 0, {-19671, -10033}, {0x00, 0xB4, 0x66, 0xFF}}},
	{{{-6149, -2265, -343}, 0, {-21294, -8732}, {0xFE, 0xB4, 0x66, 0xFF}}},
	{{{-6649, -669, 821}, 0, {-22916, -13912}, {0xFF, 0xB3, 0x65, 0xFF}}},
	{{{-7898, -683, 839}, 0, {-26968, -13868}, {0xFF, 0xB1, 0x63, 0xFF}}},
	{{{-8397, -281, 1137}, 0, {-28590, -15171}, {0xFF, 0xB1, 0x63, 0xFF}}},
	{{{-7897, -1864, -142}, 0, {-26967, -10036}, {0xFB, 0xB1, 0x63, 0xFF}}},
	{{{-8397, -2265, -469}, 0, {-28590, -8732}, {0xFB, 0xB1, 0x63, 0xFF}}},
	{{{-6649, -1877, -55}, 0, {-22917, -9992}, {0xFC, 0xB3, 0x65, 0xFF}}},
	{{{-4850, -1865, -44}, 0, {-17077, -10033}, {0x00, 0xB4, 0x66, 0xFF}}},
};

Gfx catamesa_dl_Plane_003_mesh_layer_1_tri_1[] = {
	gsSPVertex(catamesa_dl_Plane_003_mesh_layer_1_vtx_1 + 0, 30, 0),
	gsSP2Triangles(0, 1, 2, 0, 3, 4, 5, 0),
	gsSP2Triangles(6, 7, 8, 0, 9, 10, 11, 0),
	gsSP2Triangles(12, 13, 14, 0, 15, 16, 17, 0),
	gsSP2Triangles(18, 19, 20, 0, 18, 20, 21, 0),
	gsSP2Triangles(22, 23, 24, 0, 22, 24, 25, 0),
	gsSP2Triangles(26, 27, 28, 0, 26, 28, 29, 0),
	gsSPVertex(catamesa_dl_Plane_003_mesh_layer_1_vtx_1 + 30, 32, 0),
	gsSP2Triangles(0, 1, 2, 0, 0, 2, 3, 0),
	gsSP2Triangles(3, 2, 4, 0, 3, 4, 5, 0),
	gsSP2Triangles(6, 7, 8, 0, 6, 8, 9, 0),
	gsSP2Triangles(10, 11, 12, 0, 10, 12, 13, 0),
	gsSP2Triangles(14, 15, 16, 0, 14, 17, 15, 0),
	gsSP2Triangles(18, 17, 14, 0, 18, 14, 19, 0),
	gsSP2Triangles(18, 19, 20, 0, 18, 20, 21, 0),
	gsSP2Triangles(22, 17, 18, 0, 22, 18, 23, 0),
	gsSP2Triangles(23, 24, 22, 0, 24, 25, 22, 0),
	gsSP2Triangles(26, 22, 25, 0, 26, 27, 22, 0),
	gsSP2Triangles(28, 27, 26, 0, 28, 26, 29, 0),
	gsSP2Triangles(28, 29, 30, 0, 28, 31, 27, 0),
	gsSPVertex(catamesa_dl_Plane_003_mesh_layer_1_vtx_1 + 62, 30, 0),
	gsSP2Triangles(0, 1, 2, 0, 0, 2, 3, 0),
	gsSP2Triangles(4, 0, 3, 0, 0, 4, 5, 0),
	gsSP2Triangles(0, 5, 6, 0, 6, 5, 7, 0),
	gsSP2Triangles(8, 9, 10, 0, 8, 11, 9, 0),
	gsSP2Triangles(12, 11, 8, 0, 12, 13, 11, 0),
	gsSP2Triangles(14, 15, 16, 0, 14, 17, 15, 0),
	gsSP2Triangles(18, 17, 14, 0, 18, 19, 17, 0),
	gsSP2Triangles(20, 21, 22, 0, 20, 23, 21, 0),
	gsSP2Triangles(21, 23, 24, 0, 21, 24, 25, 0),
	gsSP2Triangles(26, 27, 28, 0, 26, 28, 29, 0),
	gsSPVertex(catamesa_dl_Plane_003_mesh_layer_1_vtx_1 + 92, 30, 0),
	gsSP2Triangles(0, 1, 2, 0, 0, 2, 3, 0),
	gsSP2Triangles(4, 5, 6, 0, 4, 7, 5, 0),
	gsSP2Triangles(8, 5, 7, 0, 8, 7, 9, 0),
	gsSP2Triangles(10, 8, 9, 0, 10, 9, 11, 0),
	gsSP2Triangles(12, 10, 11, 0, 13, 14, 15, 0),
	gsSP2Triangles(15, 16, 13, 0, 15, 17, 16, 0),
	gsSP2Triangles(18, 16, 17, 0, 18, 17, 19, 0),
	gsSP2Triangles(18, 19, 20, 0, 18, 20, 21, 0),
	gsSP2Triangles(22, 23, 24, 0, 22, 24, 25, 0),
	gsSP2Triangles(26, 27, 28, 0, 26, 28, 29, 0),
	gsSPVertex(catamesa_dl_Plane_003_mesh_layer_1_vtx_1 + 122, 32, 0),
	gsSP2Triangles(0, 1, 2, 0, 0, 3, 1, 0),
	gsSP2Triangles(4, 3, 0, 0, 4, 0, 5, 0),
	gsSP2Triangles(5, 0, 6, 0, 5, 6, 7, 0),
	gsSP2Triangles(8, 7, 6, 0, 8, 6, 9, 0),
	gsSP2Triangles(9, 10, 8, 0, 10, 11, 8, 0),
	gsSP2Triangles(8, 11, 12, 0, 12, 11, 13, 0),
	gsSP2Triangles(12, 13, 14, 0, 13, 15, 14, 0),
	gsSP2Triangles(13, 16, 15, 0, 16, 17, 15, 0),
	gsSP2Triangles(16, 18, 17, 0, 19, 17, 18, 0),
	gsSP2Triangles(19, 20, 17, 0, 19, 21, 20, 0),
	gsSP2Triangles(22, 20, 21, 0, 22, 21, 23, 0),
	gsSP2Triangles(22, 23, 8, 0, 8, 12, 22, 0),
	gsSP2Triangles(24, 25, 26, 0, 24, 27, 25, 0),
	gsSP2Triangles(28, 27, 24, 0, 28, 24, 29, 0),
	gsSP2Triangles(29, 24, 30, 0, 29, 30, 31, 0),
	gsSPVertex(catamesa_dl_Plane_003_mesh_layer_1_vtx_1 + 154, 32, 0),
	gsSP2Triangles(0, 1, 2, 0, 2, 1, 3, 0),
	gsSP2Triangles(4, 2, 3, 0, 4, 3, 5, 0),
	gsSP2Triangles(6, 7, 8, 0, 6, 9, 7, 0),
	gsSP2Triangles(10, 9, 6, 0, 10, 6, 11, 0),
	gsSP2Triangles(10, 11, 12, 0, 13, 10, 12, 0),
	gsSP2Triangles(13, 12, 14, 0, 13, 15, 10, 0),
	gsSP2Triangles(13, 16, 15, 0, 15, 16, 17, 0),
	gsSP2Triangles(17, 16, 18, 0, 17, 18, 19, 0),
	gsSP2Triangles(10, 15, 9, 0, 20, 21, 22, 0),
	gsSP2Triangles(20, 23, 21, 0, 20, 24, 23, 0),
	gsSP2Triangles(20, 25, 24, 0, 20, 26, 25, 0),
	gsSP2Triangles(25, 26, 27, 0, 25, 27, 28, 0),
	gsSP2Triangles(29, 25, 28, 0, 29, 28, 30, 0),
	gsSP2Triangles(24, 25, 29, 0, 24, 29, 31, 0),
	gsSPVertex(catamesa_dl_Plane_003_mesh_layer_1_vtx_1 + 186, 32, 0),
	gsSP2Triangles(0, 1, 2, 0, 0, 2, 3, 0),
	gsSP2Triangles(3, 2, 4, 0, 3, 4, 5, 0),
	gsSP2Triangles(5, 4, 6, 0, 6, 4, 7, 0),
	gsSP2Triangles(4, 8, 7, 0, 7, 8, 9, 0),
	gsSP2Triangles(8, 10, 9, 0, 8, 11, 10, 0),
	gsSP2Triangles(12, 3, 5, 0, 12, 13, 3, 0),
	gsSP2Triangles(14, 15, 16, 0, 14, 16, 17, 0),
	gsSP2Triangles(18, 19, 20, 0, 21, 18, 20, 0),
	gsSP2Triangles(21, 20, 22, 0, 21, 22, 23, 0),
	gsSP2Triangles(23, 24, 21, 0, 25, 24, 23, 0),
	gsSP2Triangles(26, 21, 24, 0, 26, 27, 21, 0),
	gsSP2Triangles(28, 27, 26, 0, 28, 26, 29, 0),
	gsSP2Triangles(26, 30, 29, 0, 26, 31, 30, 0),
	gsSPVertex(catamesa_dl_Plane_003_mesh_layer_1_vtx_1 + 218, 32, 0),
	gsSP2Triangles(0, 1, 2, 0, 0, 3, 1, 0),
	gsSP2Triangles(3, 4, 1, 0, 3, 5, 4, 0),
	gsSP2Triangles(4, 5, 6, 0, 7, 6, 5, 0),
	gsSP2Triangles(5, 8, 9, 0, 10, 8, 5, 0),
	gsSP2Triangles(10, 5, 11, 0, 12, 13, 14, 0),
	gsSP2Triangles(15, 12, 14, 0, 15, 14, 16, 0),
	gsSP2Triangles(16, 17, 15, 0, 17, 18, 15, 0),
	gsSP2Triangles(19, 18, 17, 0, 20, 18, 19, 0),
	gsSP2Triangles(20, 19, 21, 0, 18, 22, 15, 0),
	gsSP2Triangles(22, 12, 15, 0, 22, 23, 12, 0),
	gsSP2Triangles(24, 23, 22, 0, 22, 25, 24, 0),
	gsSP2Triangles(22, 26, 25, 0, 22, 27, 26, 0),
	gsSP2Triangles(28, 27, 22, 0, 28, 22, 29, 0),
	gsSP2Triangles(27, 28, 30, 0, 27, 30, 31, 0),
	gsSPVertex(catamesa_dl_Plane_003_mesh_layer_1_vtx_1 + 250, 31, 0),
	gsSP2Triangles(0, 1, 2, 0, 0, 2, 3, 0),
	gsSP2Triangles(3, 2, 4, 0, 3, 4, 5, 0),
	gsSP2Triangles(6, 7, 8, 0, 6, 8, 9, 0),
	gsSP2Triangles(10, 11, 12, 0, 10, 12, 13, 0),
	gsSP2Triangles(14, 15, 16, 0, 16, 17, 14, 0),
	gsSP2Triangles(16, 18, 17, 0, 19, 20, 21, 0),
	gsSP2Triangles(19, 21, 22, 0, 23, 24, 25, 0),
	gsSP2Triangles(23, 25, 26, 0, 27, 28, 29, 0),
	gsSP1Triangle(27, 29, 30, 0),
	gsSPVertex(catamesa_dl_Plane_003_mesh_layer_1_vtx_1 + 281, 32, 0),
	gsSP2Triangles(0, 1, 2, 0, 0, 2, 3, 0),
	gsSP2Triangles(4, 5, 6, 0, 4, 6, 7, 0),
	gsSP2Triangles(8, 9, 10, 0, 8, 11, 9, 0),
	gsSP2Triangles(12, 11, 8, 0, 12, 13, 11, 0),
	gsSP2Triangles(14, 15, 16, 0, 14, 17, 15, 0),
	gsSP2Triangles(18, 17, 14, 0, 18, 19, 17, 0),
	gsSP2Triangles(20, 21, 22, 0, 20, 22, 23, 0),
	gsSP2Triangles(24, 25, 26, 0, 24, 26, 27, 0),
	gsSP2Triangles(28, 29, 30, 0, 28, 31, 29, 0),
	gsSPVertex(catamesa_dl_Plane_003_mesh_layer_1_vtx_1 + 313, 30, 0),
	gsSP2Triangles(0, 1, 2, 0, 0, 3, 1, 0),
	gsSP2Triangles(4, 3, 0, 0, 4, 5, 3, 0),
	gsSP2Triangles(6, 7, 8, 0, 6, 8, 9, 0),
	gsSP2Triangles(10, 11, 12, 0, 10, 12, 13, 0),
	gsSP2Triangles(13, 12, 14, 0, 13, 14, 15, 0),
	gsSP2Triangles(16, 13, 15, 0, 16, 15, 17, 0),
	gsSP2Triangles(16, 17, 18, 0, 16, 18, 19, 0),
	gsSP2Triangles(20, 21, 22, 0, 20, 22, 23, 0),
	gsSP2Triangles(23, 22, 24, 0, 22, 25, 24, 0),
	gsSP2Triangles(22, 26, 25, 0, 27, 25, 26, 0),
	gsSP2Triangles(27, 28, 25, 0, 23, 24, 29, 0),
	gsSPVertex(catamesa_dl_Plane_003_mesh_layer_1_vtx_1 + 343, 32, 0),
	gsSP2Triangles(0, 1, 2, 0, 0, 2, 3, 0),
	gsSP2Triangles(4, 0, 3, 0, 4, 3, 5, 0),
	gsSP2Triangles(6, 4, 5, 0, 6, 5, 7, 0),
	gsSP2Triangles(8, 9, 10, 0, 8, 11, 9, 0),
	gsSP2Triangles(11, 12, 9, 0, 11, 13, 12, 0),
	gsSP2Triangles(13, 14, 12, 0, 13, 15, 14, 0),
	gsSP2Triangles(16, 17, 18, 0, 16, 19, 17, 0),
	gsSP2Triangles(19, 16, 20, 0, 19, 20, 21, 0),
	gsSP2Triangles(19, 21, 22, 0, 19, 22, 23, 0),
	gsSP2Triangles(24, 25, 26, 0, 24, 27, 25, 0),
	gsSP2Triangles(27, 24, 28, 0, 27, 28, 29, 0),
	gsSP2Triangles(30, 27, 29, 0, 30, 29, 31, 0),
	gsSPVertex(catamesa_dl_Plane_003_mesh_layer_1_vtx_1 + 375, 32, 0),
	gsSP2Triangles(0, 1, 2, 0, 0, 2, 3, 0),
	gsSP2Triangles(4, 0, 3, 0, 4, 3, 5, 0),
	gsSP2Triangles(6, 7, 8, 0, 6, 9, 7, 0),
	gsSP2Triangles(9, 6, 10, 0, 9, 10, 11, 0),
	gsSP2Triangles(9, 11, 12, 0, 9, 12, 13, 0),
	gsSP2Triangles(9, 13, 14, 0, 9, 14, 7, 0),
	gsSP2Triangles(15, 16, 17, 0, 15, 18, 16, 0),
	gsSP2Triangles(18, 19, 16, 0, 18, 20, 19, 0),
	gsSP2Triangles(21, 20, 18, 0, 21, 18, 22, 0),
	gsSP2Triangles(22, 23, 21, 0, 22, 24, 23, 0),
	gsSP2Triangles(25, 24, 22, 0, 26, 25, 22, 0),
	gsSP2Triangles(26, 27, 25, 0, 27, 28, 25, 0),
	gsSP2Triangles(27, 29, 28, 0, 30, 29, 27, 0),
	gsSP2Triangles(30, 31, 29, 0, 25, 28, 24, 0),
	gsSPVertex(catamesa_dl_Plane_003_mesh_layer_1_vtx_1 + 407, 32, 0),
	gsSP2Triangles(0, 1, 2, 0, 1, 3, 2, 0),
	gsSP2Triangles(0, 2, 4, 0, 5, 0, 4, 0),
	gsSP2Triangles(6, 5, 4, 0, 6, 4, 7, 0),
	gsSP2Triangles(4, 8, 7, 0, 9, 10, 11, 0),
	gsSP2Triangles(9, 12, 10, 0, 12, 13, 10, 0),
	gsSP2Triangles(12, 14, 13, 0, 13, 14, 15, 0),
	gsSP2Triangles(13, 15, 16, 0, 17, 18, 19, 0),
	gsSP2Triangles(17, 19, 20, 0, 21, 22, 23, 0),
	gsSP2Triangles(21, 23, 24, 0, 25, 26, 27, 0),
	gsSP2Triangles(25, 27, 28, 0, 29, 30, 31, 0),
	gsSPVertex(catamesa_dl_Plane_003_mesh_layer_1_vtx_1 + 439, 31, 0),
	gsSP2Triangles(0, 1, 2, 0, 0, 2, 3, 0),
	gsSP2Triangles(4, 0, 3, 0, 5, 6, 7, 0),
	gsSP2Triangles(5, 8, 6, 0, 9, 8, 5, 0),
	gsSP2Triangles(9, 10, 8, 0, 11, 12, 13, 0),
	gsSP2Triangles(11, 13, 14, 0, 14, 13, 15, 0),
	gsSP2Triangles(14, 15, 16, 0, 17, 18, 19, 0),
	gsSP2Triangles(17, 19, 20, 0, 21, 22, 23, 0),
	gsSP2Triangles(21, 23, 24, 0, 25, 26, 27, 0),
	gsSP2Triangles(25, 28, 26, 0, 29, 28, 25, 0),
	gsSP1Triangle(29, 30, 28, 0),
	gsSPVertex(catamesa_dl_Plane_003_mesh_layer_1_vtx_1 + 470, 30, 0),
	gsSP2Triangles(0, 1, 2, 0, 0, 2, 3, 0),
	gsSP2Triangles(4, 5, 6, 0, 4, 7, 5, 0),
	gsSP2Triangles(5, 7, 8, 0, 5, 8, 9, 0),
	gsSP2Triangles(10, 11, 12, 0, 10, 12, 13, 0),
	gsSP2Triangles(13, 12, 14, 0, 13, 14, 15, 0),
	gsSP2Triangles(16, 17, 18, 0, 16, 19, 17, 0),
	gsSP2Triangles(17, 19, 20, 0, 19, 21, 20, 0),
	gsSP2Triangles(19, 22, 21, 0, 22, 23, 21, 0),
	gsSP2Triangles(23, 22, 24, 0, 23, 24, 25, 0),
	gsSP2Triangles(21, 23, 26, 0, 21, 26, 27, 0),
	gsSP2Triangles(27, 26, 28, 0, 27, 28, 29, 0),
	gsSPVertex(catamesa_dl_Plane_003_mesh_layer_1_vtx_1 + 500, 32, 0),
	gsSP2Triangles(0, 1, 2, 0, 0, 2, 3, 0),
	gsSP2Triangles(4, 5, 6, 0, 4, 6, 7, 0),
	gsSP2Triangles(8, 9, 10, 0, 8, 10, 11, 0),
	gsSP2Triangles(12, 13, 14, 0, 12, 14, 15, 0),
	gsSP2Triangles(16, 17, 18, 0, 16, 18, 19, 0),
	gsSP2Triangles(20, 21, 22, 0, 20, 22, 23, 0),
	gsSP2Triangles(24, 25, 26, 0, 24, 26, 27, 0),
	gsSP2Triangles(28, 29, 30, 0, 28, 30, 31, 0),
	gsSPVertex(catamesa_dl_Plane_003_mesh_layer_1_vtx_1 + 532, 30, 0),
	gsSP2Triangles(0, 1, 2, 0, 0, 3, 1, 0),
	gsSP2Triangles(4, 5, 6, 0, 4, 6, 7, 0),
	gsSP2Triangles(8, 9, 10, 0, 8, 10, 11, 0),
	gsSP2Triangles(12, 13, 14, 0, 12, 14, 15, 0),
	gsSP2Triangles(16, 17, 18, 0, 16, 19, 17, 0),
	gsSP2Triangles(20, 19, 16, 0, 20, 21, 19, 0),
	gsSP2Triangles(22, 21, 20, 0, 21, 22, 23, 0),
	gsSP2Triangles(21, 23, 24, 0, 24, 23, 25, 0),
	gsSP2Triangles(24, 25, 26, 0, 24, 26, 27, 0),
	gsSP2Triangles(27, 26, 28, 0, 27, 28, 29, 0),
	gsSPVertex(catamesa_dl_Plane_003_mesh_layer_1_vtx_1 + 562, 32, 0),
	gsSP2Triangles(0, 1, 2, 0, 0, 2, 3, 0),
	gsSP2Triangles(4, 5, 6, 0, 4, 6, 7, 0),
	gsSP2Triangles(8, 9, 10, 0, 8, 10, 11, 0),
	gsSP2Triangles(12, 13, 14, 0, 12, 14, 15, 0),
	gsSP2Triangles(16, 17, 18, 0, 16, 18, 19, 0),
	gsSP2Triangles(20, 21, 22, 0, 20, 22, 23, 0),
	gsSP2Triangles(24, 25, 26, 0, 24, 26, 27, 0),
	gsSP2Triangles(28, 29, 30, 0, 28, 30, 31, 0),
	gsSPVertex(catamesa_dl_Plane_003_mesh_layer_1_vtx_1 + 594, 32, 0),
	gsSP2Triangles(0, 1, 2, 0, 0, 2, 3, 0),
	gsSP2Triangles(4, 5, 6, 0, 4, 6, 7, 0),
	gsSP2Triangles(8, 9, 10, 0, 8, 10, 11, 0),
	gsSP2Triangles(12, 13, 14, 0, 12, 14, 15, 0),
	gsSP2Triangles(16, 17, 18, 0, 16, 18, 19, 0),
	gsSP2Triangles(20, 21, 22, 0, 20, 22, 23, 0),
	gsSP2Triangles(24, 25, 26, 0, 24, 26, 27, 0),
	gsSP2Triangles(28, 29, 30, 0, 28, 30, 31, 0),
	gsSPVertex(catamesa_dl_Plane_003_mesh_layer_1_vtx_1 + 626, 32, 0),
	gsSP2Triangles(0, 1, 2, 0, 0, 2, 3, 0),
	gsSP2Triangles(4, 5, 6, 0, 4, 6, 7, 0),
	gsSP2Triangles(8, 9, 10, 0, 8, 10, 11, 0),
	gsSP2Triangles(12, 13, 14, 0, 12, 15, 13, 0),
	gsSP2Triangles(15, 16, 13, 0, 15, 17, 16, 0),
	gsSP2Triangles(15, 18, 17, 0, 18, 19, 17, 0),
	gsSP2Triangles(20, 21, 22, 0, 20, 22, 23, 0),
	gsSP2Triangles(24, 20, 23, 0, 24, 23, 25, 0),
	gsSP2Triangles(26, 27, 28, 0, 26, 29, 27, 0),
	gsSP2Triangles(30, 29, 26, 0, 30, 26, 31, 0),
	gsSPVertex(catamesa_dl_Plane_003_mesh_layer_1_vtx_1 + 658, 32, 0),
	gsSP2Triangles(0, 1, 2, 0, 0, 2, 3, 0),
	gsSP2Triangles(4, 5, 6, 0, 4, 6, 7, 0),
	gsSP2Triangles(8, 9, 10, 0, 8, 10, 11, 0),
	gsSP2Triangles(12, 13, 14, 0, 12, 14, 15, 0),
	gsSP2Triangles(16, 17, 18, 0, 16, 18, 19, 0),
	gsSP2Triangles(19, 18, 20, 0, 19, 20, 21, 0),
	gsSP2Triangles(22, 21, 20, 0, 22, 20, 23, 0),
	gsSP2Triangles(16, 19, 24, 0, 16, 24, 25, 0),
	gsSP2Triangles(26, 27, 28, 0, 26, 29, 27, 0),
	gsSP2Triangles(30, 29, 26, 0, 30, 31, 29, 0),
	gsSPVertex(catamesa_dl_Plane_003_mesh_layer_1_vtx_1 + 690, 32, 0),
	gsSP2Triangles(0, 1, 2, 0, 0, 3, 1, 0),
	gsSP2Triangles(4, 5, 6, 0, 4, 6, 7, 0),
	gsSP2Triangles(7, 6, 8, 0, 7, 8, 9, 0),
	gsSP2Triangles(9, 8, 10, 0, 9, 10, 11, 0),
	gsSP2Triangles(12, 13, 14, 0, 12, 14, 15, 0),
	gsSP2Triangles(12, 15, 16, 0, 12, 16, 17, 0),
	gsSP2Triangles(17, 16, 18, 0, 17, 18, 19, 0),
	gsSP2Triangles(17, 19, 20, 0, 17, 20, 21, 0),
	gsSP2Triangles(22, 23, 24, 0, 22, 25, 23, 0),
	gsSP2Triangles(25, 26, 23, 0, 25, 27, 26, 0),
	gsSP2Triangles(27, 28, 26, 0, 27, 29, 28, 0),
	gsSP2Triangles(26, 28, 30, 0, 26, 30, 31, 0),
	gsSPVertex(catamesa_dl_Plane_003_mesh_layer_1_vtx_1 + 722, 31, 0),
	gsSP2Triangles(0, 1, 2, 0, 0, 2, 3, 0),
	gsSP2Triangles(3, 2, 4, 0, 3, 4, 5, 0),
	gsSP2Triangles(6, 7, 8, 0, 6, 8, 9, 0),
	gsSP2Triangles(10, 11, 12, 0, 10, 12, 13, 0),
	gsSP2Triangles(10, 13, 14, 0, 13, 15, 14, 0),
	gsSP2Triangles(13, 16, 15, 0, 16, 17, 15, 0),
	gsSP2Triangles(16, 18, 17, 0, 17, 18, 19, 0),
	gsSP2Triangles(20, 19, 18, 0, 20, 10, 19, 0),
	gsSP2Triangles(10, 14, 19, 0, 21, 22, 23, 0),
	gsSP2Triangles(21, 23, 24, 0, 24, 23, 25, 0),
	gsSP2Triangles(24, 25, 26, 0, 26, 25, 27, 0),
	gsSP2Triangles(25, 28, 27, 0, 25, 29, 28, 0),
	gsSP1Triangle(26, 27, 30, 0),
	gsSPVertex(catamesa_dl_Plane_003_mesh_layer_1_vtx_1 + 753, 32, 0),
	gsSP2Triangles(0, 1, 2, 0, 0, 3, 1, 0),
	gsSP2Triangles(1, 3, 4, 0, 1, 4, 5, 0),
	gsSP2Triangles(6, 7, 8, 0, 6, 9, 7, 0),
	gsSP2Triangles(10, 9, 6, 0, 10, 11, 9, 0),
	gsSP2Triangles(12, 11, 10, 0, 12, 10, 13, 0),
	gsSP2Triangles(12, 13, 14, 0, 14, 15, 12, 0),
	gsSP2Triangles(14, 16, 15, 0, 14, 17, 16, 0),
	gsSP2Triangles(18, 16, 17, 0, 18, 17, 11, 0),
	gsSP2Triangles(12, 18, 11, 0, 19, 20, 21, 0),
	gsSP2Triangles(19, 22, 20, 0, 22, 19, 23, 0),
	gsSP2Triangles(24, 25, 26, 0, 24, 26, 27, 0),
	gsSP2Triangles(27, 28, 24, 0, 29, 30, 31, 0),
	gsSPVertex(catamesa_dl_Plane_003_mesh_layer_1_vtx_1 + 785, 31, 0),
	gsSP2Triangles(0, 1, 2, 0, 3, 4, 5, 0),
	gsSP2Triangles(3, 5, 6, 0, 7, 8, 9, 0),
	gsSP2Triangles(7, 9, 10, 0, 11, 12, 13, 0),
	gsSP2Triangles(11, 13, 14, 0, 15, 16, 17, 0),
	gsSP2Triangles(15, 17, 18, 0, 19, 20, 21, 0),
	gsSP2Triangles(19, 21, 22, 0, 23, 24, 25, 0),
	gsSP2Triangles(23, 25, 26, 0, 27, 28, 29, 0),
	gsSP1Triangle(27, 29, 30, 0),
	gsSPVertex(catamesa_dl_Plane_003_mesh_layer_1_vtx_1 + 816, 32, 0),
	gsSP2Triangles(0, 1, 2, 0, 0, 2, 3, 0),
	gsSP2Triangles(4, 5, 6, 0, 4, 6, 7, 0),
	gsSP2Triangles(8, 9, 10, 0, 8, 10, 11, 0),
	gsSP2Triangles(12, 13, 14, 0, 12, 14, 15, 0),
	gsSP2Triangles(16, 17, 18, 0, 16, 18, 19, 0),
	gsSP2Triangles(20, 21, 22, 0, 20, 22, 23, 0),
	gsSP2Triangles(24, 25, 26, 0, 24, 26, 27, 0),
	gsSP2Triangles(28, 29, 30, 0, 28, 30, 31, 0),
	gsSPVertex(catamesa_dl_Plane_003_mesh_layer_1_vtx_1 + 848, 32, 0),
	gsSP2Triangles(0, 1, 2, 0, 0, 2, 3, 0),
	gsSP2Triangles(4, 5, 6, 0, 4, 6, 7, 0),
	gsSP2Triangles(8, 9, 10, 0, 8, 10, 11, 0),
	gsSP2Triangles(12, 13, 14, 0, 12, 14, 15, 0),
	gsSP2Triangles(16, 17, 18, 0, 16, 18, 19, 0),
	gsSP2Triangles(20, 21, 22, 0, 20, 22, 23, 0),
	gsSP2Triangles(24, 25, 26, 0, 24, 26, 27, 0),
	gsSP2Triangles(28, 29, 30, 0, 28, 30, 31, 0),
	gsSPVertex(catamesa_dl_Plane_003_mesh_layer_1_vtx_1 + 880, 32, 0),
	gsSP2Triangles(0, 1, 2, 0, 0, 2, 3, 0),
	gsSP2Triangles(4, 5, 6, 0, 4, 6, 7, 0),
	gsSP2Triangles(8, 9, 10, 0, 8, 10, 11, 0),
	gsSP2Triangles(12, 13, 14, 0, 12, 14, 15, 0),
	gsSP2Triangles(16, 17, 18, 0, 16, 18, 19, 0),
	gsSP2Triangles(20, 21, 22, 0, 20, 22, 23, 0),
	gsSP2Triangles(24, 25, 26, 0, 24, 26, 27, 0),
	gsSP2Triangles(28, 29, 30, 0, 28, 30, 31, 0),
	gsSPVertex(catamesa_dl_Plane_003_mesh_layer_1_vtx_1 + 912, 32, 0),
	gsSP2Triangles(0, 1, 2, 0, 0, 2, 3, 0),
	gsSP2Triangles(4, 5, 6, 0, 4, 6, 7, 0),
	gsSP2Triangles(8, 9, 10, 0, 8, 10, 11, 0),
	gsSP2Triangles(12, 13, 14, 0, 12, 14, 15, 0),
	gsSP2Triangles(16, 17, 18, 0, 16, 18, 19, 0),
	gsSP2Triangles(20, 21, 22, 0, 20, 22, 23, 0),
	gsSP2Triangles(24, 25, 26, 0, 24, 26, 27, 0),
	gsSP2Triangles(28, 29, 30, 0, 28, 30, 31, 0),
	gsSPVertex(catamesa_dl_Plane_003_mesh_layer_1_vtx_1 + 944, 32, 0),
	gsSP2Triangles(0, 1, 2, 0, 0, 2, 3, 0),
	gsSP2Triangles(4, 5, 6, 0, 4, 6, 7, 0),
	gsSP2Triangles(8, 9, 10, 0, 8, 10, 11, 0),
	gsSP2Triangles(12, 13, 14, 0, 12, 14, 15, 0),
	gsSP2Triangles(16, 17, 18, 0, 16, 18, 19, 0),
	gsSP2Triangles(20, 21, 22, 0, 20, 22, 23, 0),
	gsSP2Triangles(24, 25, 26, 0, 24, 26, 27, 0),
	gsSP2Triangles(28, 29, 30, 0, 28, 30, 31, 0),
	gsSPVertex(catamesa_dl_Plane_003_mesh_layer_1_vtx_1 + 976, 32, 0),
	gsSP2Triangles(0, 1, 2, 0, 0, 2, 3, 0),
	gsSP2Triangles(4, 5, 6, 0, 4, 6, 7, 0),
	gsSP2Triangles(8, 9, 10, 0, 8, 10, 11, 0),
	gsSP2Triangles(12, 13, 14, 0, 12, 14, 15, 0),
	gsSP2Triangles(16, 17, 11, 0, 16, 11, 18, 0),
	gsSP2Triangles(15, 19, 20, 0, 15, 20, 21, 0),
	gsSP2Triangles(22, 23, 21, 0, 22, 21, 24, 0),
	gsSP2Triangles(25, 26, 17, 0, 25, 17, 27, 0),
	gsSP2Triangles(28, 29, 30, 0, 28, 30, 31, 0),
	gsSPVertex(catamesa_dl_Plane_003_mesh_layer_1_vtx_1 + 1008, 32, 0),
	gsSP2Triangles(0, 1, 2, 0, 0, 2, 3, 0),
	gsSP2Triangles(3, 2, 4, 0, 3, 4, 5, 0),
	gsSP2Triangles(6, 7, 8, 0, 9, 6, 8, 0),
	gsSP2Triangles(9, 8, 10, 0, 9, 10, 11, 0),
	gsSP2Triangles(9, 11, 12, 0, 13, 14, 15, 0),
	gsSP2Triangles(16, 13, 15, 0, 16, 17, 13, 0),
	gsSP2Triangles(18, 17, 16, 0, 18, 16, 19, 0),
	gsSP2Triangles(20, 21, 22, 0, 22, 21, 23, 0),
	gsSP2Triangles(24, 22, 23, 0, 24, 23, 25, 0),
	gsSP2Triangles(24, 25, 26, 0, 24, 26, 27, 0),
	gsSP2Triangles(28, 22, 24, 0, 28, 29, 22, 0),
	gsSP2Triangles(30, 28, 24, 0, 30, 31, 28, 0),
	gsSPVertex(catamesa_dl_Plane_003_mesh_layer_1_vtx_1 + 1040, 32, 0),
	gsSP2Triangles(0, 1, 2, 0, 0, 2, 3, 0),
	gsSP2Triangles(2, 4, 5, 0, 2, 5, 6, 0),
	gsSP2Triangles(7, 8, 9, 0, 7, 9, 10, 0),
	gsSP2Triangles(11, 12, 13, 0, 11, 14, 12, 0),
	gsSP2Triangles(14, 11, 15, 0, 14, 15, 16, 0),
	gsSP2Triangles(15, 17, 16, 0, 18, 16, 17, 0),
	gsSP2Triangles(18, 17, 19, 0, 18, 19, 20, 0),
	gsSP2Triangles(18, 20, 21, 0, 20, 22, 21, 0),
	gsSP2Triangles(23, 21, 22, 0, 23, 22, 24, 0),
	gsSP2Triangles(23, 24, 25, 0, 23, 25, 26, 0),
	gsSP2Triangles(27, 28, 29, 0, 27, 29, 30, 0),
	gsSP1Triangle(29, 31, 30, 0),
	gsSPVertex(catamesa_dl_Plane_003_mesh_layer_1_vtx_1 + 1072, 32, 0),
	gsSP2Triangles(0, 1, 2, 0, 0, 2, 3, 0),
	gsSP2Triangles(3, 2, 4, 0, 5, 6, 7, 0),
	gsSP2Triangles(5, 7, 8, 0, 9, 5, 8, 0),
	gsSP2Triangles(9, 8, 10, 0, 9, 10, 11, 0),
	gsSP2Triangles(9, 11, 12, 0, 13, 14, 15, 0),
	gsSP2Triangles(13, 15, 16, 0, 17, 18, 19, 0),
	gsSP2Triangles(17, 19, 20, 0, 21, 22, 23, 0),
	gsSP2Triangles(21, 23, 24, 0, 25, 26, 27, 0),
	gsSP2Triangles(25, 27, 28, 0, 29, 30, 31, 0),
	gsSPVertex(catamesa_dl_Plane_003_mesh_layer_1_vtx_1 + 1104, 32, 0),
	gsSP2Triangles(0, 1, 2, 0, 2, 1, 3, 0),
	gsSP2Triangles(2, 3, 4, 0, 5, 4, 3, 0),
	gsSP2Triangles(5, 3, 6, 0, 0, 2, 7, 0),
	gsSP2Triangles(0, 7, 8, 0, 9, 10, 11, 0),
	gsSP2Triangles(9, 11, 12, 0, 9, 12, 13, 0),
	gsSP2Triangles(14, 9, 13, 0, 14, 15, 9, 0),
	gsSP2Triangles(16, 15, 14, 0, 16, 17, 15, 0),
	gsSP2Triangles(18, 19, 20, 0, 21, 18, 20, 0),
	gsSP2Triangles(21, 20, 22, 0, 20, 23, 22, 0),
	gsSP2Triangles(20, 24, 23, 0, 23, 24, 25, 0),
	gsSP2Triangles(23, 25, 26, 0, 27, 28, 29, 0),
	gsSP2Triangles(27, 29, 30, 0, 27, 30, 31, 0),
	gsSPVertex(catamesa_dl_Plane_003_mesh_layer_1_vtx_1 + 1136, 31, 0),
	gsSP2Triangles(0, 1, 2, 0, 2, 1, 3, 0),
	gsSP2Triangles(2, 3, 4, 0, 2, 4, 5, 0),
	gsSP2Triangles(2, 5, 6, 0, 7, 8, 9, 0),
	gsSP2Triangles(7, 9, 10, 0, 9, 11, 10, 0),
	gsSP2Triangles(9, 12, 11, 0, 13, 14, 15, 0),
	gsSP2Triangles(13, 16, 14, 0, 17, 16, 13, 0),
	gsSP2Triangles(17, 13, 18, 0, 19, 20, 21, 0),
	gsSP2Triangles(19, 21, 22, 0, 23, 24, 25, 0),
	gsSP2Triangles(23, 25, 26, 0, 27, 28, 29, 0),
	gsSP1Triangle(27, 29, 30, 0),
	gsSPVertex(catamesa_dl_Plane_003_mesh_layer_1_vtx_1 + 1167, 30, 0),
	gsSP2Triangles(0, 1, 2, 0, 0, 2, 3, 0),
	gsSP2Triangles(4, 5, 6, 0, 4, 6, 7, 0),
	gsSP2Triangles(8, 9, 10, 0, 8, 10, 11, 0),
	gsSP2Triangles(12, 13, 14, 0, 12, 14, 15, 0),
	gsSP2Triangles(12, 15, 16, 0, 15, 17, 16, 0),
	gsSP2Triangles(15, 18, 17, 0, 19, 20, 21, 0),
	gsSP2Triangles(19, 22, 20, 0, 20, 22, 23, 0),
	gsSP2Triangles(24, 20, 23, 0, 24, 23, 25, 0),
	gsSP2Triangles(26, 27, 28, 0, 26, 28, 29, 0),
	gsSPVertex(catamesa_dl_Plane_003_mesh_layer_1_vtx_1 + 1197, 30, 0),
	gsSP2Triangles(0, 1, 2, 0, 0, 2, 3, 0),
	gsSP2Triangles(4, 5, 6, 0, 4, 6, 7, 0),
	gsSP2Triangles(8, 9, 10, 0, 8, 10, 11, 0),
	gsSP2Triangles(12, 13, 14, 0, 12, 15, 13, 0),
	gsSP2Triangles(13, 15, 16, 0, 17, 13, 16, 0),
	gsSP2Triangles(17, 16, 18, 0, 19, 20, 21, 0),
	gsSP2Triangles(19, 21, 22, 0, 23, 24, 25, 0),
	gsSP2Triangles(23, 25, 26, 0, 23, 26, 27, 0),
	gsSP2Triangles(26, 28, 27, 0, 26, 29, 28, 0),
	gsSPVertex(catamesa_dl_Plane_003_mesh_layer_1_vtx_1 + 1227, 32, 0),
	gsSP2Triangles(0, 1, 2, 0, 0, 2, 3, 0),
	gsSP2Triangles(4, 5, 6, 0, 4, 6, 7, 0),
	gsSP2Triangles(8, 9, 10, 0, 8, 10, 11, 0),
	gsSP2Triangles(12, 13, 14, 0, 12, 14, 15, 0),
	gsSP2Triangles(16, 12, 15, 0, 17, 18, 19, 0),
	gsSP2Triangles(17, 19, 20, 0, 21, 22, 23, 0),
	gsSP2Triangles(21, 24, 22, 0, 24, 25, 22, 0),
	gsSP2Triangles(25, 24, 26, 0, 25, 26, 27, 0),
	gsSP2Triangles(28, 29, 30, 0, 28, 30, 31, 0),
	gsSPVertex(catamesa_dl_Plane_003_mesh_layer_1_vtx_1 + 1259, 32, 0),
	gsSP2Triangles(0, 1, 2, 0, 0, 2, 3, 0),
	gsSP2Triangles(4, 5, 6, 0, 4, 6, 7, 0),
	gsSP2Triangles(8, 9, 10, 0, 8, 10, 11, 0),
	gsSP2Triangles(12, 13, 14, 0, 12, 14, 15, 0),
	gsSP2Triangles(16, 17, 18, 0, 16, 18, 19, 0),
	gsSP2Triangles(20, 21, 22, 0, 20, 22, 23, 0),
	gsSP2Triangles(24, 20, 23, 0, 25, 26, 27, 0),
	gsSP2Triangles(27, 26, 28, 0, 26, 29, 28, 0),
	gsSP2Triangles(26, 30, 29, 0, 30, 31, 29, 0),
	gsSPVertex(catamesa_dl_Plane_003_mesh_layer_1_vtx_1 + 1291, 32, 0),
	gsSP2Triangles(0, 1, 2, 0, 1, 3, 2, 0),
	gsSP2Triangles(1, 4, 3, 0, 1, 5, 4, 0),
	gsSP2Triangles(5, 6, 4, 0, 7, 8, 9, 0),
	gsSP2Triangles(10, 8, 7, 0, 10, 11, 8, 0),
	gsSP2Triangles(10, 12, 11, 0, 12, 13, 11, 0),
	gsSP2Triangles(11, 13, 14, 0, 13, 15, 14, 0),
	gsSP2Triangles(15, 9, 14, 0, 15, 16, 9, 0),
	gsSP2Triangles(16, 7, 9, 0, 17, 18, 19, 0),
	gsSP2Triangles(18, 20, 19, 0, 18, 21, 20, 0),
	gsSP2Triangles(21, 22, 20, 0, 21, 23, 22, 0),
	gsSP2Triangles(23, 24, 22, 0, 23, 25, 24, 0),
	gsSP2Triangles(25, 26, 24, 0, 25, 27, 26, 0),
	gsSP2Triangles(27, 28, 26, 0, 27, 29, 28, 0),
	gsSP2Triangles(29, 30, 28, 0, 29, 31, 30, 0),
	gsSPVertex(catamesa_dl_Plane_003_mesh_layer_1_vtx_1 + 1323, 32, 0),
	gsSP2Triangles(0, 1, 2, 0, 0, 3, 1, 0),
	gsSP2Triangles(3, 4, 1, 0, 5, 6, 7, 0),
	gsSP2Triangles(6, 8, 7, 0, 6, 9, 8, 0),
	gsSP2Triangles(9, 6, 10, 0, 6, 11, 10, 0),
	gsSP2Triangles(6, 12, 11, 0, 12, 13, 11, 0),
	gsSP2Triangles(12, 14, 13, 0, 14, 12, 15, 0),
	gsSP2Triangles(12, 16, 15, 0, 12, 17, 16, 0),
	gsSP2Triangles(17, 18, 16, 0, 17, 19, 18, 0),
	gsSP2Triangles(19, 20, 18, 0, 19, 14, 20, 0),
	gsSP2Triangles(14, 15, 20, 0, 14, 21, 13, 0),
	gsSP2Triangles(14, 9, 21, 0, 9, 10, 21, 0),
	gsSP2Triangles(5, 7, 22, 0, 23, 5, 22, 0),
	gsSP2Triangles(23, 22, 24, 0, 9, 23, 24, 0),
	gsSP2Triangles(9, 24, 8, 0, 25, 26, 27, 0),
	gsSP2Triangles(26, 28, 27, 0, 26, 29, 28, 0),
	gsSP2Triangles(29, 26, 30, 0, 26, 31, 30, 0),
	gsSPVertex(catamesa_dl_Plane_003_mesh_layer_1_vtx_1 + 1355, 20, 0),
	gsSP2Triangles(0, 1, 2, 0, 1, 3, 2, 0),
	gsSP2Triangles(1, 4, 3, 0, 4, 5, 3, 0),
	gsSP2Triangles(4, 6, 5, 0, 6, 7, 5, 0),
	gsSP2Triangles(6, 8, 9, 0, 6, 10, 8, 0),
	gsSP2Triangles(10, 11, 8, 0, 10, 12, 11, 0),
	gsSP2Triangles(12, 10, 13, 0, 10, 14, 13, 0),
	gsSP2Triangles(10, 15, 14, 0, 15, 16, 14, 0),
	gsSP2Triangles(15, 17, 16, 0, 17, 18, 16, 0),
	gsSP2Triangles(17, 12, 18, 0, 12, 13, 18, 0),
	gsSP1Triangle(12, 19, 11, 0),
	gsSPEndDisplayList(),
};

Vtx catamesa_dl_Plane_003_mesh_layer_1_vtx_2[103] = {
	{{{6939, -5023, -3940}, 0, {-2260, -1894}, {0x34, 0x73, 0xF6, 0xFF}}},
	{{{7086, -4911, -3734}, 0, {-2162, -1951}, {0x52, 0x5A, 0xDB, 0xFF}}},
	{{{7281, -5143, -3891}, 0, {-2260, -2114}, {0x16, 0x78, 0x23, 0xFF}}},
	{{{-2790, -3620, -537}, 0, {-2286, -1518}, {0xE6, 0x6E, 0x3A, 0xFF}}},
	{{{-2993, -3511, -835}, 0, {-2162, -1705}, {0xF9, 0x69, 0x47, 0xFF}}},
	{{{-3350, -3620, -787}, 0, {-2286, -1894}, {0x01, 0x43, 0x6C, 0xFF}}},
	{{{2806, -2020, -4040}, 0, {7019, 3068}, {0x5A, 0x59, 0xF9, 0xFF}}},
	{{{2886, -2064, -4247}, 0, {6894, 3027}, {0x4C, 0x5B, 0x2D, 0xFF}}},
	{{{2886, -1956, -4436}, 0, {6771, 3080}, {0x4E, 0x56, 0x34, 0xFF}}},
	{{{910, 0, -4269}, 0, {6771, 4255}, {0x56, 0x4B, 0xC8, 0xFF}}},
	{{{1620, 0, -3371}, 0, {7304, 4330}, {0x54, 0x47, 0xC0, 0xFF}}},
	{{{2886, -1956, -3734}, 0, {7199, 3130}, {0x56, 0x4E, 0xCC, 0xFF}}},
	{{{2886, -2079, -3948}, 0, {7077, 3040}, {0x52, 0x5E, 0xE8, 0xFF}}},
	{{{7263, -7359, 2402}, 0, {3597, -4240}, {0x2C, 0x71, 0x24, 0xFF}}},
	{{{7086, -7145, 2402}, 0, {3692, -4216}, {0x5F, 0x50, 0x1A, 0xFF}}},
	{{{7086, -7719, 4114}, 0, {3819, -5291}, {0x4C, 0x64, 0x15, 0xFF}}},
	{{{7264, -7828, 4114}, 0, {3717, -5309}, {0x28, 0x76, 0x17, 0xFF}}},
	{{{7086, -7914, 5720}, 0, {3917, -6278}, {0x42, 0x6C, 0x0D, 0xFF}}},
	{{{7264, -8023, 5720}, 0, {3816, -6296}, {0x24, 0x79, 0x0F, 0xFF}}},
	{{{7548, -7839, 4114}, 0, {3545, -5327}, {0xDC, 0x77, 0x18, 0xFF}}},
	{{{7548, -8034, 5720}, 0, {3644, -6314}, {0xE1, 0x7A, 0x0F, 0xFF}}},
	{{{7743, -7719, 4114}, 0, {3420, -5331}, {0xB6, 0x65, 0x16, 0xFF}}},
	{{{7743, -7914, 5720}, 0, {3518, -6318}, {0xBE, 0x6C, 0x0D, 0xFF}}},
	{{{7743, -7145, 2402}, 0, {3293, -4256}, {0xB9, 0x65, 0x1F, 0xFF}}},
	{{{7547, -7359, 2402}, 0, {3424, -4257}, {0xD4, 0x72, 0x24, 0xFF}}},
	{{{8427, -4883, -3734}, 0, {2411, -431}, {0xD2, 0x72, 0x20, 0xFF}}},
	{{{8096, -4990, -3734}, 0, {2618, -418}, {0xD9, 0x73, 0x25, 0xFF}}},
	{{{8298, -4690, -4717}, 0, {2424, 185}, {0xF0, 0x70, 0x39, 0xFF}}},
	{{{7998, -4798, -4474}, 0, {2626, 49}, {0xF1, 0x72, 0x36, 0xFF}}},
	{{{7086, -4351, -5097}, 0, {3120, 510}, {0x24, 0x5D, 0x4F, 0xFF}}},
	{{{7086, -4649, -4835}, 0, {3152, 332}, {0x1F, 0x68, 0x42, 0xFF}}},
	{{{2886, -1956, -4436}, 0, {5567, 510}, {0x4E, 0x56, 0x34, 0xFF}}},
	{{{2886, -1956, -4436}, 0, {5567, 510}, {0x4E, 0x56, 0x34, 0xFF}}},
	{{{2886, -2064, -4247}, 0, {5583, 388}, {0x4C, 0x5B, 0x2D, 0xFF}}},
	{{{7086, -4649, -4835}, 0, {3152, 332}, {0x1F, 0x68, 0x42, 0xFF}}},
	{{{2886, -2079, -3948}, 0, {5600, 206}, {0x52, 0x5E, 0xE8, 0xFF}}},
	{{{2806, -2020, -4040}, 0, {5641, 270}, {0x5A, 0x59, 0xF9, 0xFF}}},
	{{{6939, -5023, -3940}, 0, {3312, -225}, {0x34, 0x73, 0xF6, 0xFF}}},
	{{{7086, -4911, -3734}, 0, {3227, -353}, {0x52, 0x5A, 0xDB, 0xFF}}},
	{{{2886, -1956, -3734}, 0, {5605, 83}, {0x56, 0x4E, 0xCC, 0xFF}}},
	{{{7998, -4798, -4474}, 0, {2626, 49}, {0xF1, 0x72, 0x36, 0xFF}}},
	{{{7281, -5143, -3891}, 0, {3114, -283}, {0x16, 0x78, 0x23, 0xFF}}},
	{{{7281, -5143, -3891}, 0, {1792, -726}, {0x16, 0x78, 0x23, 0xFF}}},
	{{{7086, -4911, -3734}, 0, {1957, -773}, {0x52, 0x5A, 0xDB, 0xFF}}},
	{{{7281, -5373, -3364}, 0, {1770, -1078}, {0x2C, 0x70, 0x28, 0xFF}}},
	{{{7086, -7145, 2402}, 0, {1957, -4774}, {0x5F, 0x50, 0x1A, 0xFF}}},
	{{{7263, -7359, 2402}, 0, {1835, -4815}, {0x2C, 0x71, 0x24, 0xFF}}},
	{{{7547, -7359, 2402}, 0, {3424, -4257}, {0xD4, 0x72, 0x24, 0xFF}}},
	{{{7264, -7828, 4114}, 0, {3717, -5309}, {0x28, 0x76, 0x17, 0xFF}}},
	{{{7548, -7839, 4114}, 0, {3545, -5327}, {0xDC, 0x77, 0x18, 0xFF}}},
	{{{7263, -7359, 2402}, 0, {3597, -4240}, {0x2C, 0x71, 0x24, 0xFF}}},
	{{{8096, -4990, -3734}, 0, {2618, -418}, {0xD9, 0x73, 0x25, 0xFF}}},
	{{{7281, -5373, -3364}, 0, {3157, -618}, {0x2C, 0x70, 0x28, 0xFF}}},
	{{{7281, -5143, -3891}, 0, {3114, -283}, {0x16, 0x78, 0x23, 0xFF}}},
	{{{8228, -2877, 3773}, 0, {-3698, -1154}, {0xEC, 0x78, 0xDC, 0xFF}}},
	{{{8864, -2877, 3240}, 0, {-3215, -1009}, {0xEC, 0x78, 0xDC, 0xFF}}},
	{{{8864, -3183, 2388}, 0, {-2818, -1301}, {0xE8, 0x76, 0xD7, 0xFF}}},
	{{{8149, -3183, 2615}, 0, {-3173, -1590}, {0xE8, 0x76, 0xD7, 0xFF}}},
	{{{8179, -3756, 1156}, 0, {-2472, -2073}, {0xCF, 0x70, 0xDD, 0xFF}}},
	{{{7711, -3756, 1655}, 0, {-2882, -2143}, {0xD1, 0x70, 0xDC, 0xFF}}},
	{{{6874, -4606, 292}, 0, {-2544, -3039}, {0xCC, 0x73, 0xF6, 0xFF}}},
	{{{6874, -4606, 1094}, 0, {-2951, -2767}, {0xC8, 0x71, 0xF2, 0xFF}}},
	{{{4819, -5299, 292}, 0, {-3291, -4094}, {0xD7, 0x78, 0x00, 0xFF}}},
	{{{4819, -5299, 1094}, 0, {-3698, -3823}, {0xD7, 0x78, 0x00, 0xFF}}},
	{{{9285, -2877, 3240}, 0, {-2025, 7190}, {0x15, 0x7B, 0xE7, 0xFF}}},
	{{{9922, -2877, 3773}, 0, {-2161, 7680}, {0x15, 0x7B, 0xE7, 0xFF}}},
	{{{10351, -3168, 2694}, 0, {-1489, 7637}, {0x0D, 0x7A, 0xDF, 0xFF}}},
	{{{9715, -3168, 2192}, 0, {-1370, 7154}, {0x07, 0x79, 0xDA, 0xFF}}},
	{{{10710, -4014, -71}, 0, {61, 7115}, {0xF1, 0x75, 0xD1, 0xFF}}},
	{{{9937, -4217, -71}, 0, {-149, 6680}, {0xEF, 0x75, 0xD1, 0xFF}}},
	{{{10507, -5221, -2762}, 0, {1400, 6291}, {0xD7, 0x71, 0xD8, 0xFF}}},
	{{{9666, -5354, -2522}, 0, {1046, 5880}, {0xD6, 0x71, 0xD9, 0xFF}}},
	{{{8974, -6467, -5467}, 0, {2411, 4722}, {0xD2, 0x75, 0xF0, 0xFF}}},
	{{{8361, -6734, -4755}, 0, {1841, 4556}, {0xD3, 0x76, 0xF3, 0xFF}}},
	{{{6423, -7339, -6060}, 0, {2029, 3131}, {0xDF, 0x7A, 0x07, 0xFF}}},
	{{{6173, -7383, -5420}, 0, {1611, 3153}, {0xE1, 0x7B, 0x09, 0xFF}}},
	{{{589, -8384, -6043}, 0, {495, -134}, {0xEB, 0x7C, 0x11, 0xFF}}},
	{{{635, -8523, -5411}, 0, {153, 52}, {0xEC, 0x7C, 0x13, 0xFF}}},
	{{{-1002, -8852, -4837}, 0, {-620, -726}, {0xF0, 0x7B, 0x19, 0xFF}}},
	{{{-514, -8824, -4430}, 0, {-721, -350}, {0xF1, 0x7B, 0x1A, 0xFF}}},
	{{{-1335, -9421, -2308}, 0, {-2161, -282}, {0xF2, 0x7B, 0x1D, 0xFF}}},
	{{{-703, -9421, -2308}, 0, {-2003, 70}, {0xF2, 0x7B, 0x1D, 0xFF}}},
	{{{-1024, -7981, -4400}, 0, {4667, 894}, {0xB6, 0x66, 0x13, 0xFF}}},
	{{{-1123, -8163, -3857}, 0, {4328, 808}, {0xB7, 0x66, 0x13, 0xFF}}},
	{{{-386, -7864, -3857}, 0, {4323, 1275}, {0xD2, 0x72, 0x1E, 0xFF}}},
	{{{-1156, -8110, -4512}, 0, {4731, 809}, {0x8C, 0x34, 0xF8, 0xFF}}},
	{{{-1302, -8325, -3857}, 0, {4323, 690}, {0x88, 0x26, 0xF2, 0xFF}}},
	{{{-2993, -3511, -835}, 0, {4858, 1275}, {0xF9, 0x69, 0x47, 0xFF}}},
	{{{-3196, -3320, -1133}, 0, {4974, 1081}, {0xE7, 0x75, 0x2B, 0xFF}}},
	{{{-3350, -3477, -787}, 0, {4731, 1098}, {0xF4, 0x3F, 0x6D, 0xFF}}},
	{{{-3440, -3275, -1519}, 0, {5112, 836}, {0x07, 0x74, 0x34, 0xFF}}},
	{{{-3083, -3155, -1504}, 0, {5218, 1034}, {0xD9, 0x6D, 0x34, 0xFF}}},
	{{{-3508, -3123, -1736}, 0, {5221, 738}, {0x0D, 0x6A, 0x45, 0xFF}}},
	{{{-3696, -3151, -1503}, 0, {5040, 705}, {0x2A, 0x70, 0x2B, 0xFF}}},
	{{{-3806, -3374, -1020}, 0, {4731, 786}, {0x03, 0x70, 0x3C, 0xFF}}},
	{{{-3806, -3374, -1020}, 0, {-2286, -1009}, {0x03, 0x70, 0x3C, 0xFF}}},
	{{{-3350, -3620, -787}, 0, {-2184, -1315}, {0x01, 0x43, 0x6C, 0xFF}}},
	{{{-3350, -3477, -787}, 0, {-2271, -1300}, {0xF4, 0x3F, 0x6D, 0xFF}}},
	{{{-2993, -3511, -835}, 0, {-2286, -1518}, {0xF9, 0x69, 0x47, 0xFF}}},
	{{{-3806, -3374, -1020}, 0, {-2165, -3632}, {0x03, 0x70, 0x3C, 0xFF}}},
	{{{-3915, -3620, -537}, 0, {-2472, -3539}, {0x07, 0x70, 0x3B, 0xFF}}},
	{{{-3500, -3620, -585}, 0, {-2318, -3336}, {0x1B, 0x73, 0x2E, 0xFF}}},
	{{{-3350, -3620, -787}, 0, {-2165, -3321}, {0x01, 0x43, 0x6C, 0xFF}}},
};

Gfx catamesa_dl_Plane_003_mesh_layer_1_tri_2[] = {
	gsSPVertex(catamesa_dl_Plane_003_mesh_layer_1_vtx_2 + 0, 32, 0),
	gsSP2Triangles(0, 1, 2, 0, 3, 4, 5, 0),
	gsSP2Triangles(6, 7, 8, 0, 6, 8, 9, 0),
	gsSP2Triangles(6, 9, 10, 0, 11, 6, 10, 0),
	gsSP2Triangles(11, 12, 6, 0, 13, 14, 15, 0),
	gsSP2Triangles(13, 15, 16, 0, 16, 15, 17, 0),
	gsSP2Triangles(16, 17, 18, 0, 19, 16, 18, 0),
	gsSP2Triangles(19, 18, 20, 0, 21, 19, 20, 0),
	gsSP2Triangles(21, 20, 22, 0, 23, 19, 21, 0),
	gsSP2Triangles(23, 24, 19, 0, 25, 24, 23, 0),
	gsSP2Triangles(25, 26, 24, 0, 27, 26, 25, 0),
	gsSP2Triangles(27, 28, 26, 0, 29, 28, 27, 0),
	gsSP2Triangles(29, 30, 28, 0, 31, 30, 29, 0),
	gsSPVertex(catamesa_dl_Plane_003_mesh_layer_1_vtx_2 + 32, 32, 0),
	gsSP2Triangles(0, 1, 2, 0, 3, 2, 1, 0),
	gsSP2Triangles(3, 1, 4, 0, 3, 5, 2, 0),
	gsSP2Triangles(3, 6, 5, 0, 3, 7, 6, 0),
	gsSP2Triangles(5, 8, 2, 0, 5, 9, 8, 0),
	gsSP2Triangles(10, 11, 12, 0, 12, 11, 13, 0),
	gsSP2Triangles(12, 13, 14, 0, 15, 16, 17, 0),
	gsSP2Triangles(15, 18, 16, 0, 18, 15, 19, 0),
	gsSP2Triangles(18, 19, 20, 0, 21, 20, 19, 0),
	gsSP2Triangles(21, 19, 8, 0, 22, 23, 24, 0),
	gsSP2Triangles(22, 24, 25, 0, 26, 25, 24, 0),
	gsSP2Triangles(26, 27, 25, 0, 27, 26, 28, 0),
	gsSP2Triangles(27, 28, 29, 0, 29, 28, 30, 0),
	gsSP1Triangle(29, 30, 31, 0),
	gsSPVertex(catamesa_dl_Plane_003_mesh_layer_1_vtx_2 + 64, 31, 0),
	gsSP2Triangles(0, 1, 2, 0, 0, 2, 3, 0),
	gsSP2Triangles(3, 2, 4, 0, 3, 4, 5, 0),
	gsSP2Triangles(5, 4, 6, 0, 5, 6, 7, 0),
	gsSP2Triangles(7, 6, 8, 0, 7, 8, 9, 0),
	gsSP2Triangles(9, 8, 10, 0, 9, 10, 11, 0),
	gsSP2Triangles(11, 10, 12, 0, 11, 12, 13, 0),
	gsSP2Triangles(13, 12, 14, 0, 13, 14, 15, 0),
	gsSP2Triangles(15, 14, 16, 0, 15, 16, 17, 0),
	gsSP2Triangles(18, 19, 20, 0, 19, 18, 21, 0),
	gsSP2Triangles(19, 21, 22, 0, 23, 24, 25, 0),
	gsSP2Triangles(26, 25, 24, 0, 27, 26, 24, 0),
	gsSP2Triangles(26, 27, 28, 0, 29, 26, 28, 0),
	gsSP2Triangles(29, 25, 26, 0, 29, 30, 25, 0),
	gsSPVertex(catamesa_dl_Plane_003_mesh_layer_1_vtx_2 + 95, 8, 0),
	gsSP2Triangles(0, 1, 2, 0, 1, 3, 2, 0),
	gsSP2Triangles(4, 5, 6, 0, 7, 4, 6, 0),
	gsSPEndDisplayList(),
};

Vtx catamesa_dl_Plane_003_mesh_layer_1_vtx_3[178] = {
	{{{2886, -1956, -4436}, 0, {6771, 4939}, {0x11, 0x00, 0x7E, 0xFF}}},
	{{{910, 2533, -4269}, 0, {5538, 7680}, {0x0B, 0x00, 0x7F, 0xFF}}},
	{{{910, 0, -4269}, 0, {6690, 6638}, {0x0B, 0x00, 0x7F, 0xFF}}},
	{{{2886, -100, -4436}, 0, {5926, 5702}, {0x0D, 0x00, 0x7E, 0xFF}}},
	{{{7086, -2345, -5097}, 0, {5232, 2880}, {0xFB, 0x00, 0x7F, 0xFF}}},
	{{{7086, -4351, -5097}, 0, {6144, 2056}, {0xEF, 0x00, 0x7E, 0xFF}}},
	{{{8298, -4690, -4717}, 0, {5795, 1359}, {0x98, 0x00, 0x48, 0xFF}}},
	{{{8298, -2345, -4717}, 0, {4729, 2323}, {0x9F, 0x00, 0x52, 0xFF}}},
	{{{2886, 2533, -4436}, 0, {4729, 6785}, {0x0B, 0x00, 0x7F, 0xFF}}},
	{{{2886, -100, -3734}, 0, {1172, -6000}, {0xC4, 0x90, 0x00, 0xFF}}},
	{{{2886, -100, -4436}, 0, {1088, -6422}, {0xC4, 0x90, 0x00, 0xFF}}},
	{{{7086, -2345, -5097}, 0, {-1478, -6422}, {0xDF, 0x85, 0x00, 0xFF}}},
	{{{7086, -2345, -3734}, 0, {-1316, -5604}, {0xEB, 0x85, 0xEB, 0xFF}}},
	{{{8298, -2345, -4717}, 0, {-2161, -6052}, {0x00, 0x81, 0x00, 0xFF}}},
	{{{8427, -2345, -3734}, 0, {-2122, -5446}, {0x00, 0x85, 0xE1, 0xFF}}},
	{{{7086, -5605, 2402}, 0, {-530, -2061}, {0x00, 0x85, 0xE1, 0xFF}}},
	{{{7743, -5605, 2402}, 0, {-925, -1984}, {0x00, 0x85, 0xE0, 0xFF}}},
	{{{7743, -5605, 3095}, 0, {-843, -1569}, {0x00, 0x81, 0x00, 0xFF}}},
	{{{7086, -5605, 3095}, 0, {-448, -1646}, {0x00, 0x81, 0x00, 0xFF}}},
	{{{7743, -5605, 4498}, 0, {-676, -726}, {0x00, 0x81, 0x00, 0xFF}}},
	{{{7086, -5605, 4498}, 0, {-281, -803}, {0x00, 0x81, 0x00, 0xFF}}},
	{{{2886, -1956, -3734}, 0, {-6883, -3610}, {0xF8, 0x00, 0x81, 0xFF}}},
	{{{7086, -2345, -3734}, 0, {-5087, -5469}, {0x00, 0x00, 0x81, 0xFF}}},
	{{{7086, -4911, -3734}, 0, {-6113, -6659}, {0x00, 0x00, 0x81, 0xFF}}},
	{{{2886, -100, -3734}, 0, {-6140, -2749}, {0xE6, 0x00, 0x84, 0xFF}}},
	{{{1620, 0, -3371}, 0, {-6688, -2184}, {0xDD, 0x00, 0x86, 0xFF}}},
	{{{1620, 2533, -3371}, 0, {-5674, -1009}, {0xDD, 0x00, 0x86, 0xFF}}},
	{{{2886, 2533, -3734}, 0, {-5087, -1527}, {0xDD, 0x00, 0x86, 0xFF}}},
	{{{8298, -2345, -4717}, 0, {2602, 7680}, {0x9F, 0x00, 0x52, 0xFF}}},
	{{{8298, -4690, -4717}, 0, {3961, 7214}, {0x98, 0x00, 0x48, 0xFF}}},
	{{{8427, -4883, -3734}, 0, {3882, 6608}, {0x81, 0x00, 0xFF, 0xFF}}},
	{{{8427, -2345, -3734}, 0, {2411, 7113}, {0x81, 0x00, 0x04, 0xFF}}},
	{{{8427, -4883, -3734}, 0, {3882, 6608}, {0x81, 0x00, 0xFF, 0xFF}}},
	{{{7743, -5605, 2402}, 0, {3069, 2892}, {0x81, 0x00, 0xF8, 0xFF}}},
	{{{8427, -2345, -3734}, 0, {2411, 7113}, {0x81, 0x00, 0x04, 0xFF}}},
	{{{7743, -7145, 2402}, 0, {3961, 2586}, {0x81, 0x00, 0xFA, 0xFF}}},
	{{{7743, -7072, 3318}, 0, {3738, 2069}, {0x81, 0x00, 0x00, 0xFF}}},
	{{{7743, -7163, 3318}, 0, {3791, 2051}, {0x81, 0x00, 0x00, 0xFF}}},
	{{{7743, -7719, 4114}, 0, {3955, 1479}, {0x81, 0x00, 0x00, 0xFF}}},
	{{{7743, -7255, 4114}, 0, {3686, 1571}, {0x81, 0x00, 0x00, 0xFF}}},
	{{{7743, -6940, 5720}, 0, {3185, 704}, {0x81, 0x00, 0x00, 0xFF}}},
	{{{7743, -7914, 5720}, 0, {3751, 510}, {0x81, 0x00, 0x00, 0xFF}}},
	{{{7743, -5605, 3095}, 0, {2931, 2491}, {0x81, 0x00, 0x00, 0xFF}}},
	{{{7743, -5605, 4498}, 0, {2654, 1677}, {0x81, 0x00, 0x00, 0xFF}}},
	{{{7743, -7072, 3946}, 0, {3613, 1706}, {0x81, 0x00, 0x00, 0xFF}}},
	{{{7086, -7145, 3095}, 0, {-2286, -2896}, {0x00, 0x00, 0x81, 0xFF}}},
	{{{6783, -7145, 3095}, 0, {-2472, -2897}, {0x00, 0x00, 0x81, 0xFF}}},
	{{{6783, -5605, 3095}, 0, {-2472, -1953}, {0x00, 0x00, 0x81, 0xFF}}},
	{{{7086, -5605, 3095}, 0, {-2286, -1953}, {0x00, 0x00, 0x81, 0xFF}}},
	{{{7086, -5605, 2402}, 0, {-2472, -3321}, {0x00, 0x81, 0x00, 0xFF}}},
	{{{7086, -5605, 3095}, 0, {-2472, -2897}, {0x00, 0x81, 0x00, 0xFF}}},
	{{{6783, -5605, 3095}, 0, {-2286, -2897}, {0x00, 0x81, 0x00, 0xFF}}},
	{{{6783, -5605, 2402}, 0, {-2286, -3320}, {0x00, 0x81, 0x00, 0xFF}}},
	{{{7086, -7145, 2402}, 0, {-2472, -1953}, {0x00, 0x00, 0x7F, 0xFF}}},
	{{{7086, -5605, 2402}, 0, {-2472, -1009}, {0x00, 0x00, 0x7F, 0xFF}}},
	{{{6783, -5605, 2402}, 0, {-2286, -1009}, {0x00, 0x00, 0x7F, 0xFF}}},
	{{{6783, -7145, 2402}, 0, {-2286, -1953}, {0x00, 0x00, 0x7F, 0xFF}}},
	{{{7086, -7145, 2402}, 0, {-3698, -4094}, {0x7F, 0x00, 0x00, 0xFF}}},
	{{{7086, -7145, 3095}, 0, {-3563, -4497}, {0x7F, 0x00, 0x00, 0xFF}}},
	{{{7086, -7719, 4114}, 0, {-3698, -5201}, {0x7F, 0x00, 0x00, 0xFF}}},
	{{{7086, -7163, 3318}, 0, {-3530, -4630}, {0x7F, 0x00, 0x00, 0xFF}}},
	{{{7086, -7072, 3318}, 0, {-3477, -4612}, {0x7F, 0x00, 0x00, 0xFF}}},
	{{{7086, -5605, 3095}, 0, {-2668, -4197}, {0x7F, 0x00, 0x00, 0xFF}}},
	{{{7086, -5605, 4498}, 0, {-2394, -5013}, {0x7F, 0x00, 0x00, 0xFF}}},
	{{{7086, -7072, 3318}, 0, {-3477, -4612}, {0x7F, 0x00, 0x00, 0xFF}}},
	{{{7086, -5605, 4498}, 0, {-2394, -5013}, {0x7F, 0x00, 0x00, 0xFF}}},
	{{{7086, -7072, 3946}, 0, {-3354, -4977}, {0x7F, 0x00, 0x00, 0xFF}}},
	{{{7086, -7719, 4114}, 0, {-3698, -5201}, {0x7F, 0x00, 0x00, 0xFF}}},
	{{{7086, -7163, 3318}, 0, {-3530, -4630}, {0x7F, 0x00, 0x00, 0xFF}}},
	{{{7086, -7255, 4114}, 0, {-3428, -5111}, {0x7F, 0x00, 0x00, 0xFF}}},
	{{{7086, -6940, 5720}, 0, {-2932, -5983}, {0x7F, 0x00, 0x00, 0xFF}}},
	{{{7086, -7914, 5720}, 0, {-3498, -6172}, {0x7F, 0x00, 0x00, 0xFF}}},
	{{{7743, -5605, 4498}, 0, {7100, -5370}, {0x00, 0x2D, 0x89, 0xFF}}},
	{{{7743, -7072, 3946}, 0, {7100, -6284}, {0x00, 0x2D, 0x89, 0xFF}}},
	{{{7086, -7072, 3946}, 0, {6698, -6280}, {0x00, 0x2D, 0x89, 0xFF}}},
	{{{7086, -5605, 4498}, 0, {6698, -5366}, {0x00, 0x2D, 0x89, 0xFF}}},
	{{{7743, -7255, 4114}, 0, {6296, -6361}, {0x00, 0x81, 0x05, 0xFF}}},
	{{{7743, -6940, 5720}, 0, {6296, -5366}, {0x00, 0x83, 0x18, 0xFF}}},
	{{{7086, -6940, 5720}, 0, {6698, -5368}, {0x00, 0x83, 0x18, 0xFF}}},
	{{{7086, -7255, 4114}, 0, {6698, -6363}, {0x00, 0x81, 0x05, 0xFF}}},
	{{{9922, -2877, 3773}, 0, {3961, 7324}, {0x8A, 0x00, 0xD1, 0xFF}}},
	{{{9922, -1394, 3773}, 0, {4729, 7680}, {0x8A, 0x00, 0xD1, 0xFF}}},
	{{{10351, -1903, 2694}, 0, {4724, 6935}, {0x86, 0x00, 0xDC, 0xFF}}},
	{{{10351, -3168, 2694}, 0, {4020, 6608}, {0x84, 0x00, 0xE3, 0xFF}}},
	{{{10710, -3276, -71}, 0, {4673, 5033}, {0x81, 0x00, 0xF9, 0xFF}}},
	{{{10710, -4014, -71}, 0, {4263, 4842}, {0x81, 0x00, 0xFF, 0xFF}}},
	{{{10507, -4475, -2762}, 0, {4702, 3236}, {0x85, 0x00, 0x1E, 0xFF}}},
	{{{10507, -5221, -2762}, 0, {4287, 3044}, {0x89, 0x00, 0x2C, 0xFF}}},
	{{{8974, -5687, -5467}, 0, {4729, 1476}, {0xAA, 0x00, 0x5D, 0xFF}}},
	{{{8974, -6467, -5467}, 0, {4295, 1275}, {0xBE, 0x00, 0x6D, 0xFF}}},
	{{{9285, -1394, 3240}, 0, {6355, 510}, {0x76, 0x00, 0x30, 0xFF}}},
	{{{9285, -2877, 3240}, 0, {7088, 88}, {0x76, 0x00, 0x30, 0xFF}}},
	{{{9715, -3168, 2192}, 0, {6968, -593}, {0x7C, 0x00, 0x1B, 0xFF}}},
	{{{9715, -1903, 2192}, 0, {6296, -206}, {0x7A, 0x00, 0x24, 0xFF}}},
	{{{9937, -4217, -71}, 0, {6830, -2118}, {0x7F, 0x00, 0xFC, 0xFF}}},
	{{{9937, -3276, -71}, 0, {6330, -1831}, {0x7F, 0x00, 0x04, 0xFF}}},
	{{{9937, -3276, -71}, 0, {6330, -1831}, {0x7F, 0x00, 0x04, 0xFF}}},
	{{{9937, -4217, -71}, 0, {6830, -2118}, {0x7F, 0x00, 0xFC, 0xFF}}},
	{{{9666, -5354, -2522}, 0, {6692, -3767}, {0x76, 0x00, 0xD1, 0xFF}}},
	{{{9666, -4608, -2522}, 0, {6296, -3539}, {0x7B, 0x00, 0xE0, 0xFF}}},
	{{{8361, -6734, -4755}, 0, {6774, -5366}, {0x44, 0x00, 0x95, 0xFF}}},
	{{{8361, -5954, -4755}, 0, {6359, -5127}, {0x57, 0x00, 0xA4, 0xFF}}},
	{{{9922, -1394, 3773}, 0, {-2161, 7680}, {0xDE, 0x8D, 0x29, 0xFF}}},
	{{{9285, -1394, 3240}, 0, {-2251, 7181}, {0xDE, 0x8D, 0x29, 0xFF}}},
	{{{9715, -1903, 2192}, 0, {-2950, 7072}, {0xE6, 0x8F, 0x34, 0xFF}}},
	{{{10351, -1903, 2694}, 0, {-2877, 7562}, {0xE3, 0x8E, 0x30, 0xFF}}},
	{{{9937, -3276, -71}, 0, {-4252, 6450}, {0xFE, 0x8E, 0x39, 0xFF}}},
	{{{10710, -3276, -71}, 0, {-4487, 6861}, {0xFF, 0x8E, 0x39, 0xFF}}},
	{{{9666, -4608, -2522}, 0, {-5503, 5510}, {0x23, 0x8D, 0x2A, 0xFF}}},
	{{{10507, -4475, -2762}, 0, {-5884, 5891}, {0x21, 0x8D, 0x2B, 0xFF}}},
	{{{8361, -5954, -4755}, 0, {-6324, 4086}, {0x2E, 0x8B, 0x12, 0xFF}}},
	{{{8974, -5687, -5467}, 0, {-6883, 4208}, {0x2F, 0x8C, 0x15, 0xFF}}},
	{{{6173, -6646, -5420}, 0, {-6028, 2692}, {0x20, 0x86, 0x0D, 0xFF}}},
	{{{6423, -6713, -6060}, 0, {-6446, 2629}, {0x22, 0x86, 0x0C, 0xFF}}},
	{{{635, -7797, -5411}, 0, {-4358, -285}, {0x1B, 0x84, 0x04, 0xFF}}},
	{{{589, -7853, -6043}, 0, {-4681, -503}, {0x1B, 0x84, 0x07, 0xFF}}},
	{{{-514, -8173, -4430}, 0, {-3500, -625}, {0x18, 0x85, 0xEC, 0xFF}}},
	{{{-1002, -8201, -4837}, 0, {-3569, -1009}, {0x1B, 0x85, 0xEF, 0xFF}}},
	{{{-883, -8854, -2308}, 0, {-2275, -213}, {0xE9, 0x8A, 0xD8, 0xFF}}},
	{{{-774, -8930, -2308}, 0, {-2310, -158}, {0xBC, 0x9E, 0xD5, 0xFF}}},
	{{{-1155, -8854, -2308}, 0, {-2193, -358}, {0x32, 0x8E, 0xE5, 0xFF}}},
	{{{-1264, -8930, -2308}, 0, {-2161, -419}, {0x48, 0x99, 0xEA, 0xFF}}},
	{{{8974, -6467, -5467}, 0, {5828, 408}, {0xBE, 0x00, 0x6D, 0xFF}}},
	{{{8974, -5687, -5467}, 0, {6296, 510}, {0xAA, 0x00, 0x5D, 0xFF}}},
	{{{6423, -6713, -6060}, 0, {6016, -1165}, {0xEF, 0x00, 0x7E, 0xFF}}},
	{{{6423, -7339, -6060}, 0, {5641, -1246}, {0xF4, 0x00, 0x7E, 0xFF}}},
	{{{589, -7853, -6043}, 0, {6296, -4763}, {0x24, 0x00, 0x7A, 0xFF}}},
	{{{589, -8384, -6043}, 0, {5921, -4844}, {0x2E, 0x00, 0x76, 0xFF}}},
	{{{589, -8384, -6043}, 0, {5921, -4844}, {0x2E, 0x00, 0x76, 0xFF}}},
	{{{589, -7853, -6043}, 0, {6296, -4763}, {0x24, 0x00, 0x7A, 0xFF}}},
	{{{-1002, -8201, -4837}, 0, {6148, -5764}, {0x6A, 0xFF, 0x46, 0xFF}}},
	{{{-1002, -8852, -4837}, 0, {5765, -5847}, {0x71, 0x00, 0x39, 0xFF}}},
	{{{8361, -5954, -4755}, 0, {1172, -726}, {0x57, 0x00, 0xA4, 0xFF}}},
	{{{8361, -6734, -4755}, 0, {1640, -820}, {0x44, 0x00, 0x95, 0xFF}}},
	{{{6173, -7383, -5420}, 0, {1770, -2200}, {0x10, 0x00, 0x82, 0xFF}}},
	{{{6173, -6646, -5420}, 0, {1346, -2115}, {0x15, 0x00, 0x83, 0xFF}}},
	{{{635, -8523, -5411}, 0, {1608, -5629}, {0xCE, 0x00, 0x8B, 0xFF}}},
	{{{635, -7797, -5411}, 0, {1172, -5542}, {0xDA, 0x00, 0x87, 0xFF}}},
	{{{-514, -8824, -4430}, 0, {1754, -6397}, {0x8C, 0x00, 0xCD, 0xFF}}},
	{{{-514, -8173, -4430}, 0, {1370, -6320}, {0x94, 0xFF, 0xBD, 0xFF}}},
	{{{-514, -8173, -4430}, 0, {6861, 5865}, {0x94, 0xFF, 0xBD, 0xFF}}},
	{{{-514, -8824, -4430}, 0, {7215, 5696}, {0x8C, 0x00, 0xCD, 0xFF}}},
	{{{-703, -9421, -2308}, 0, {7045, 4330}, {0x82, 0x00, 0xF5, 0xFF}}},
	{{{-703, -9089, -2308}, 0, {6861, 4418}, {0x84, 0xEC, 0xEC, 0xFF}}},
	{{{-774, -8930, -2308}, 0, {6771, 4459}, {0x90, 0xCE, 0xE0, 0xFF}}},
	{{{-1002, -8852, -4837}, 0, {1957, -849}, {0x71, 0x00, 0x39, 0xFF}}},
	{{{-1335, -9089, -2308}, 0, {2235, -2397}, {0x7D, 0xEB, 0x09, 0xFF}}},
	{{{-1335, -9421, -2308}, 0, {2042, -2461}, {0x7E, 0x00, 0x11, 0xFF}}},
	{{{-1002, -8201, -4837}, 0, {2329, -726}, {0x6A, 0xFF, 0x46, 0xFF}}},
	{{{-1264, -8930, -2308}, 0, {2329, -2364}, {0x74, 0xCC, 0xFD, 0xFF}}},
	{{{910, 0, -4269}, 0, {1770, -6380}, {0x64, 0x00, 0xB1, 0xFF}}},
	{{{910, 2533, -4269}, 0, {1770, -4827}, {0x64, 0x00, 0xB1, 0xFF}}},
	{{{1620, 2533, -3371}, 0, {2308, -4815}, {0x64, 0x00, 0xB1, 0xFF}}},
	{{{1620, 0, -3371}, 0, {2308, -6368}, {0x64, 0x00, 0xB1, 0xFF}}},
	{{{2886, -100, -4436}, 0, {2388, -4075}, {0x81, 0x00, 0x00, 0xFF}}},
	{{{2886, -100, -3734}, 0, {1957, -4075}, {0x81, 0x00, 0x00, 0xFF}}},
	{{{2886, 2533, -3734}, 0, {1957, -2461}, {0x81, 0x00, 0x00, 0xFF}}},
	{{{2886, 2533, -4436}, 0, {2388, -2461}, {0x81, 0x00, 0x00, 0xFF}}},
	{{{7086, -2345, -3734}, 0, {-3698, -1009}, {0x7F, 0x00, 0x00, 0xFF}}},
	{{{7086, -5605, 2402}, 0, {-3698, -5266}, {0x7F, 0x00, 0x00, 0xFF}}},
	{{{7090, -4832, -453}, 0, {-4101, -3499}, {0x7F, 0x00, 0x00, 0xFF}}},
	{{{7090, -5742, -453}, 0, {-4593, -3760}, {0x7F, 0xFF, 0x00, 0xFF}}},
	{{{7086, -7145, 2402}, 0, {-4532, -5709}, {0x7F, 0x00, 0x00, 0xFF}}},
	{{{7090, -5036, -2401}, 0, {-4771, -2503}, {0x7F, 0xFF, 0x00, 0xFF}}},
	{{{7086, -4911, -3734}, 0, {-5087, -1746}, {0x7F, 0x00, 0x00, 0xFF}}},
	{{{7090, -4126, -2401}, 0, {-4279, -2241}, {0x7F, 0x00, 0x00, 0xFF}}},
	{{{-1923, -10115, -2308}, 0, {7875, 7680}, {0x00, 0x7F, 0x00, 0xFF}}},
	{{{-1923, -10115, -931}, 0, {7875, 6841}, {0x00, 0x7F, 0x00, 0xFF}}},
	{{{-1565, -10115, -761}, 0, {7657, 6735}, {0x00, 0x7F, 0x00, 0xFF}}},
	{{{-1565, -10115, 266}, 0, {7657, 6109}, {0x00, 0x7F, 0x00, 0xFF}}},
	{{{-1923, -10115, 652}, 0, {7875, 5876}, {0x00, 0x7F, 0x00, 0xFF}}},
	{{{-473, -10115, 266}, 0, {6990, 6103}, {0x00, 0x7F, 0x00, 0xFF}}},
	{{{-115, -10115, 652}, 0, {6771, 5865}, {0x00, 0x7F, 0x00, 0xFF}}},
	{{{-473, -10115, -761}, 0, {6990, 6728}, {0x00, 0x7F, 0x00, 0xFF}}},
	{{{-115, -10115, -931}, 0, {6771, 6830}, {0x00, 0x7F, 0x00, 0xFF}}},
	{{{-473, -10115, -1725}, 0, {6990, 7316}, {0x00, 0x7F, 0x00, 0xFF}}},
	{{{-115, -10115, -2308}, 0, {6771, 7669}, {0x00, 0x7F, 0x00, 0xFF}}},
	{{{-1565, -10115, -1725}, 0, {7657, 7322}, {0x00, 0x7F, 0x00, 0xFF}}},
};

Gfx catamesa_dl_Plane_003_mesh_layer_1_tri_3[] = {
	gsSPVertex(catamesa_dl_Plane_003_mesh_layer_1_vtx_3 + 0, 32, 0),
	gsSP2Triangles(0, 1, 2, 0, 0, 3, 1, 0),
	gsSP2Triangles(3, 0, 4, 0, 4, 0, 5, 0),
	gsSP2Triangles(4, 5, 6, 0, 4, 6, 7, 0),
	gsSP2Triangles(1, 3, 8, 0, 9, 10, 11, 0),
	gsSP2Triangles(9, 11, 12, 0, 12, 11, 13, 0),
	gsSP2Triangles(12, 13, 14, 0, 15, 12, 14, 0),
	gsSP2Triangles(15, 14, 16, 0, 15, 16, 17, 0),
	gsSP2Triangles(15, 17, 18, 0, 18, 17, 19, 0),
	gsSP2Triangles(18, 19, 20, 0, 21, 22, 23, 0),
	gsSP2Triangles(21, 24, 22, 0, 24, 21, 25, 0),
	gsSP2Triangles(24, 25, 26, 0, 24, 26, 27, 0),
	gsSP2Triangles(28, 29, 30, 0, 28, 30, 31, 0),
	gsSPVertex(catamesa_dl_Plane_003_mesh_layer_1_vtx_3 + 32, 32, 0),
	gsSP2Triangles(0, 1, 2, 0, 0, 3, 1, 0),
	gsSP2Triangles(1, 3, 4, 0, 3, 5, 4, 0),
	gsSP2Triangles(5, 3, 6, 0, 5, 6, 7, 0),
	gsSP2Triangles(6, 8, 7, 0, 6, 9, 8, 0),
	gsSP2Triangles(1, 4, 10, 0, 11, 10, 4, 0),
	gsSP2Triangles(4, 12, 11, 0, 13, 14, 15, 0),
	gsSP2Triangles(13, 15, 16, 0, 17, 18, 19, 0),
	gsSP2Triangles(17, 19, 20, 0, 21, 22, 23, 0),
	gsSP2Triangles(21, 23, 24, 0, 25, 26, 27, 0),
	gsSP2Triangles(27, 26, 28, 0, 28, 26, 29, 0),
	gsSP2Triangles(26, 30, 29, 0, 30, 31, 29, 0),
	gsSPVertex(catamesa_dl_Plane_003_mesh_layer_1_vtx_3 + 64, 32, 0),
	gsSP2Triangles(0, 1, 2, 0, 3, 4, 5, 0),
	gsSP2Triangles(3, 5, 6, 0, 3, 6, 7, 0),
	gsSP2Triangles(8, 9, 10, 0, 8, 10, 11, 0),
	gsSP2Triangles(12, 13, 14, 0, 12, 14, 15, 0),
	gsSP2Triangles(16, 17, 18, 0, 16, 18, 19, 0),
	gsSP2Triangles(19, 18, 20, 0, 19, 20, 21, 0),
	gsSP2Triangles(21, 20, 22, 0, 21, 22, 23, 0),
	gsSP2Triangles(23, 22, 24, 0, 23, 24, 25, 0),
	gsSP2Triangles(26, 27, 28, 0, 26, 28, 29, 0),
	gsSP2Triangles(29, 28, 30, 0, 29, 30, 31, 0),
	gsSPVertex(catamesa_dl_Plane_003_mesh_layer_1_vtx_3 + 96, 32, 0),
	gsSP2Triangles(0, 1, 2, 0, 0, 2, 3, 0),
	gsSP2Triangles(3, 2, 4, 0, 3, 4, 5, 0),
	gsSP2Triangles(6, 7, 8, 0, 6, 8, 9, 0),
	gsSP2Triangles(9, 8, 10, 0, 9, 10, 11, 0),
	gsSP2Triangles(11, 10, 12, 0, 11, 12, 13, 0),
	gsSP2Triangles(13, 12, 14, 0, 13, 14, 15, 0),
	gsSP2Triangles(15, 14, 16, 0, 15, 16, 17, 0),
	gsSP2Triangles(17, 16, 18, 0, 17, 18, 19, 0),
	gsSP2Triangles(19, 18, 20, 0, 19, 20, 21, 0),
	gsSP2Triangles(21, 20, 22, 0, 22, 20, 23, 0),
	gsSP2Triangles(21, 22, 24, 0, 21, 24, 25, 0),
	gsSP2Triangles(26, 27, 28, 0, 26, 28, 29, 0),
	gsSP2Triangles(29, 28, 30, 0, 29, 30, 31, 0),
	gsSPVertex(catamesa_dl_Plane_003_mesh_layer_1_vtx_3 + 128, 30, 0),
	gsSP2Triangles(0, 1, 2, 0, 0, 2, 3, 0),
	gsSP2Triangles(4, 5, 6, 0, 4, 6, 7, 0),
	gsSP2Triangles(7, 6, 8, 0, 7, 8, 9, 0),
	gsSP2Triangles(9, 8, 10, 0, 9, 10, 11, 0),
	gsSP2Triangles(12, 13, 14, 0, 12, 14, 15, 0),
	gsSP2Triangles(12, 15, 16, 0, 17, 18, 19, 0),
	gsSP2Triangles(17, 20, 18, 0, 18, 20, 21, 0),
	gsSP2Triangles(22, 23, 24, 0, 22, 24, 25, 0),
	gsSP2Triangles(26, 27, 28, 0, 26, 28, 29, 0),
	gsSPVertex(catamesa_dl_Plane_003_mesh_layer_1_vtx_3 + 158, 20, 0),
	gsSP2Triangles(0, 1, 2, 0, 1, 3, 2, 0),
	gsSP2Triangles(1, 4, 3, 0, 4, 5, 3, 0),
	gsSP2Triangles(4, 6, 5, 0, 6, 7, 5, 0),
	gsSP2Triangles(6, 0, 7, 0, 0, 2, 7, 0),
	gsSP2Triangles(8, 9, 10, 0, 9, 11, 10, 0),
	gsSP2Triangles(9, 12, 11, 0, 12, 13, 11, 0),
	gsSP2Triangles(12, 14, 13, 0, 14, 15, 13, 0),
	gsSP2Triangles(14, 16, 15, 0, 16, 17, 15, 0),
	gsSP2Triangles(16, 18, 17, 0, 18, 19, 17, 0),
	gsSP2Triangles(18, 8, 19, 0, 8, 10, 19, 0),
	gsSPEndDisplayList(),
};

Vtx catamesa_dl_Plane_003_mesh_layer_1_vtx_4[59] = {
	{{{362, -10779, 1002}, 0, {253, 24775}, {0x00, 0x7F, 0x00, 0xFF}}},
	{{{-2252, -10779, 1002}, 0, {253, 24775}, {0x00, 0x7F, 0x00, 0xFF}}},
	{{{-2252, -10779, 5331}, 0, {-16990, 24775}, {0x00, 0x7F, 0x00, 0xFF}}},
	{{{362, -10779, 5331}, 0, {-16990, 24775}, {0x00, 0x7F, 0x00, 0xFF}}},
	{{{5603, -10779, 5720}, 0, {-16990, 24775}, {0x00, 0x7F, 0x00, 0xFF}}},
	{{{5603, -10779, 7503}, 0, {-23507, 24775}, {0x00, 0x7F, 0x00, 0xFF}}},
	{{{8471, -10779, 7503}, 0, {-23507, 24775}, {0x00, 0x7F, 0x00, 0xFF}}},
	{{{8471, -10779, 5720}, 0, {-16990, 24775}, {0x00, 0x7F, 0x00, 0xFF}}},
	{{{1056, -10779, 5720}, 0, {-16990, 24775}, {0x00, 0x7F, 0x00, 0xFF}}},
	{{{1056, -10779, 7503}, 0, {-23507, 24775}, {0x00, 0x7F, 0x00, 0xFF}}},
	{{{3996, -10779, 7503}, 0, {-23507, 24775}, {0x00, 0x7F, 0x00, 0xFF}}},
	{{{3996, -10779, 5720}, 0, {-16990, 24775}, {0x00, 0x7F, 0x00, 0xFF}}},
	{{{2271, -10779, -3357}, 0, {16185, 24775}, {0x00, 0x7F, 0x00, 0xFF}}},
	{{{465, -10779, -3357}, 0, {16185, 24775}, {0x00, 0x7F, 0x00, 0xFF}}},
	{{{465, -10779, -2308}, 0, {12352, 24775}, {0x00, 0x7F, 0x00, 0xFF}}},
	{{{2271, -10779, -3126}, 0, {15343, 24775}, {0x00, 0x7F, 0x00, 0xFF}}},
	{{{2271, -10779, -1299}, 0, {8666, 24775}, {0x00, 0x7F, 0x00, 0xFF}}},
	{{{2271, -10779, -888}, 0, {7162, 24775}, {0x00, 0x7F, 0x00, 0xFF}}},
	{{{465, -10779, -545}, 0, {5909, 24775}, {0x00, 0x7F, 0x00, 0xFF}}},
	{{{2271, -10779, -327}, 0, {5111, 24775}, {0x00, 0x7F, 0x00, 0xFF}}},
	{{{2271, -10779, 85}, 0, {3608, 24775}, {0x00, 0x7F, 0x00, 0xFF}}},
	{{{465, -10779, 2217}, 0, {-4185, 24775}, {0x00, 0x7F, 0x00, 0xFF}}},
	{{{2682, -10779, 85}, 0, {3608, 24775}, {0x00, 0x7F, 0x00, 0xFF}}},
	{{{3669, -10779, 2217}, 0, {-4185, 24775}, {0x00, 0x7F, 0x00, 0xFF}}},
	{{{4473, -10779, 85}, 0, {3608, 24775}, {0x00, 0x7F, 0x00, 0xFF}}},
	{{{6874, -10779, 2217}, 0, {-4185, 24775}, {0x00, 0x7F, 0x00, 0xFF}}},
	{{{4884, -10779, 85}, 0, {3608, 24775}, {0x00, 0x7F, 0x00, 0xFF}}},
	{{{6874, -10779, -545}, 0, {5909, 24775}, {0x00, 0x7F, 0x00, 0xFF}}},
	{{{4884, -10779, -327}, 0, {5111, 24775}, {0x00, 0x7F, 0x00, 0xFF}}},
	{{{4884, -10779, -888}, 0, {7162, 24775}, {0x00, 0x7F, 0x00, 0xFF}}},
	{{{6874, -10779, -2308}, 0, {12352, 24775}, {0x00, 0x7F, 0x00, 0xFF}}},
	{{{4884, -10779, -1299}, 0, {8666, 24775}, {0x00, 0x7F, 0x00, 0xFF}}},
	{{{6874, -10779, -2308}, 0, {12352, 24775}, {0x00, 0x7F, 0x00, 0xFF}}},
	{{{4884, -10779, -3126}, 0, {15343, 24775}, {0x00, 0x7F, 0x00, 0xFF}}},
	{{{4884, -10779, -1299}, 0, {8666, 24775}, {0x00, 0x7F, 0x00, 0xFF}}},
	{{{6874, -10779, -3357}, 0, {16185, 24775}, {0x00, 0x7F, 0x00, 0xFF}}},
	{{{4884, -10779, -3357}, 0, {16185, 24775}, {0x00, 0x7F, 0x00, 0xFF}}},
	{{{4473, -10779, -1299}, 0, {8666, 24775}, {0x00, 0x7F, 0x00, 0xFF}}},
	{{{4473, -10779, -3126}, 0, {15343, 24775}, {0x00, 0x7F, 0x00, 0xFF}}},
	{{{2682, -10779, -1299}, 0, {8666, 24775}, {0x00, 0x7F, 0x00, 0xFF}}},
	{{{2682, -10779, -3126}, 0, {15343, 24775}, {0x00, 0x7F, 0x00, 0xFF}}},
	{{{4473, -10779, -3357}, 0, {16185, 24775}, {0x00, 0x7F, 0x00, 0xFF}}},
	{{{2682, -10779, -3357}, 0, {16185, 24775}, {0x00, 0x7F, 0x00, 0xFF}}},
	{{{2271, -10779, -1299}, 0, {8666, 24775}, {0x00, 0x7F, 0x00, 0xFF}}},
	{{{2271, -10779, -3126}, 0, {15343, 24775}, {0x00, 0x7F, 0x00, 0xFF}}},
	{{{-1302, -10779, -3857}, 0, {18014, 24775}, {0x00, 0x7F, 0x00, 0xFF}}},
	{{{-1156, -10779, -4512}, 0, {20410, 24775}, {0x00, 0x7F, 0x00, 0xFF}}},
	{{{-2240, -10779, -4749}, 0, {21276, 24775}, {0x00, 0x7F, 0x00, 0xFF}}},
	{{{-2240, -10779, -3857}, 0, {18014, 24775}, {0x00, 0x7F, 0x00, 0xFF}}},
	{{{2682, -10779, -888}, 0, {7162, 24775}, {0x00, 0x7F, 0x00, 0xFF}}},
	{{{4473, -10779, -888}, 0, {7162, 24775}, {0x00, 0x7F, 0x00, 0xFF}}},
	{{{2682, -10779, -327}, 0, {5111, 24775}, {0x00, 0x7F, 0x00, 0xFF}}},
	{{{2271, -10779, -888}, 0, {7162, 24775}, {0x00, 0x7F, 0x00, 0xFF}}},
	{{{2271, -10779, -327}, 0, {5111, 24775}, {0x00, 0x7F, 0x00, 0xFF}}},
	{{{4473, -10779, -327}, 0, {5111, 24775}, {0x00, 0x7F, 0x00, 0xFF}}},
	{{{2682, -10779, 85}, 0, {3608, 24775}, {0x00, 0x7F, 0x00, 0xFF}}},
	{{{4473, -10779, 85}, 0, {3608, 24775}, {0x00, 0x7F, 0x00, 0xFF}}},
	{{{4884, -10779, -327}, 0, {5111, 24775}, {0x00, 0x7F, 0x00, 0xFF}}},
	{{{4884, -10779, -888}, 0, {7162, 24775}, {0x00, 0x7F, 0x00, 0xFF}}},
};

Gfx catamesa_dl_Plane_003_mesh_layer_1_tri_4[] = {
	gsSPVertex(catamesa_dl_Plane_003_mesh_layer_1_vtx_4 + 0, 32, 0),
	gsSP2Triangles(0, 1, 2, 0, 0, 2, 3, 0),
	gsSP2Triangles(4, 5, 6, 0, 4, 6, 7, 0),
	gsSP2Triangles(8, 9, 10, 0, 8, 10, 11, 0),
	gsSP2Triangles(12, 13, 14, 0, 12, 14, 15, 0),
	gsSP2Triangles(15, 14, 16, 0, 14, 17, 16, 0),
	gsSP2Triangles(14, 18, 17, 0, 19, 17, 18, 0),
	gsSP2Triangles(18, 20, 19, 0, 18, 21, 20, 0),
	gsSP2Triangles(21, 22, 20, 0, 21, 23, 22, 0),
	gsSP2Triangles(24, 22, 23, 0, 24, 23, 25, 0),
	gsSP2Triangles(24, 25, 26, 0, 27, 26, 25, 0),
	gsSP2Triangles(27, 28, 26, 0, 29, 28, 27, 0),
	gsSP2Triangles(30, 29, 27, 0, 30, 31, 29, 0),
	gsSPVertex(catamesa_dl_Plane_003_mesh_layer_1_vtx_4 + 32, 27, 0),
	gsSP2Triangles(0, 1, 2, 0, 3, 1, 0, 0),
	gsSP2Triangles(3, 4, 1, 0, 1, 5, 2, 0),
	gsSP2Triangles(1, 6, 5, 0, 6, 7, 5, 0),
	gsSP2Triangles(6, 8, 7, 0, 9, 8, 6, 0),
	gsSP2Triangles(9, 10, 8, 0, 8, 11, 7, 0),
	gsSP2Triangles(8, 12, 11, 0, 13, 14, 15, 0),
	gsSP2Triangles(13, 15, 16, 0, 5, 7, 17, 0),
	gsSP2Triangles(5, 17, 18, 0, 18, 17, 19, 0),
	gsSP2Triangles(19, 17, 20, 0, 19, 20, 21, 0),
	gsSP2Triangles(18, 19, 22, 0, 22, 19, 23, 0),
	gsSP2Triangles(22, 23, 24, 0, 18, 22, 25, 0),
	gsSP1Triangle(18, 25, 26, 0),
	gsSPEndDisplayList(),
};

Vtx catamesa_dl_Plane_003_mesh_layer_1_vtx_5[168] = {
	{{{7807, -1009, 7924}, 0, {-25046, -10932}, {0x00, 0x81, 0x00, 0xFF}}},
	{{{8471, -1009, 5299}, 0, {-15451, -10932}, {0x00, 0x81, 0x00, 0xFF}}},
	{{{8471, -1009, 7924}, 0, {-25046, -10932}, {0x00, 0x81, 0x00, 0xFF}}},
	{{{7807, -1009, 5299}, 0, {-15451, -10932}, {0x00, 0x81, 0x00, 0xFF}}},
	{{{6756, -1009, 7924}, 0, {-25046, -10932}, {0x00, 0xB1, 0x9C, 0xFF}}},
	{{{6756, -1009, 5299}, 0, {-15451, -10932}, {0x00, 0x81, 0x00, 0xFF}}},
	{{{6180, -1009, 7924}, 0, {-25046, -10932}, {0x00, 0xB0, 0x9D, 0xFF}}},
	{{{6180, -1009, 5299}, 0, {-15451, -10932}, {0x00, 0x81, 0x00, 0xFF}}},
	{{{5603, -1009, 7924}, 0, {-25046, -10932}, {0x00, 0xB1, 0x9C, 0xFF}}},
	{{{5603, -1009, 5299}, 0, {-15451, -10932}, {0x00, 0x81, 0x00, 0xFF}}},
	{{{-2382, -6646, -373}, 0, {5278, 9669}, {0x00, 0x81, 0x00, 0xFF}}},
	{{{343, -6646, 652}, 0, {1535, 9669}, {0x00, 0x81, 0x00, 0xFF}}},
	{{{-2382, -6646, 652}, 0, {1535, 9669}, {0x00, 0x81, 0x00, 0xFF}}},
	{{{343, -6646, -373}, 0, {5278, 9669}, {0x00, 0x81, 0x00, 0xFF}}},
	{{{-2382, -6646, -931}, 0, {7320, 9669}, {0x00, 0x81, 0x00, 0xFF}}},
	{{{343, -6646, -931}, 0, {7320, 9669}, {0x00, 0x81, 0x00, 0xFF}}},
	{{{-2382, -6646, -1490}, 0, {9361, 9669}, {0x00, 0x81, 0x00, 0xFF}}},
	{{{343, -6646, -1490}, 0, {9361, 9669}, {0x00, 0x81, 0x00, 0xFF}}},
	{{{-2382, -6646, -2308}, 0, {12352, 9669}, {0x00, 0x81, 0x00, 0xFF}}},
	{{{343, -6646, -2308}, 0, {12352, 9669}, {0x00, 0x81, 0x00, 0xFF}}},
	{{{-2252, -2051, -453}, 0, {5574, -7124}, {0x00, 0x81, 0x00, 0xFF}}},
	{{{362, -2051, 2217}, 0, {-4185, -7124}, {0x00, 0x81, 0x00, 0xFF}}},
	{{{-2252, -2051, 2217}, 0, {-4185, -7124}, {0x00, 0x81, 0x00, 0xFF}}},
	{{{362, -2051, -453}, 0, {5574, -7124}, {0x00, 0x81, 0x00, 0xFF}}},
	{{{362, -2051, -2401}, 0, {12694, -7124}, {0x00, 0x89, 0x2D, 0xFF}}},
	{{{-1357, -2051, -2401}, 0, {12694, -7124}, {0x00, 0x88, 0x29, 0xFF}}},
	{{{-1302, -2051, -3857}, 0, {18014, -7124}, {0x00, 0x81, 0x00, 0xFF}}},
	{{{-2240, -2051, -3857}, 0, {18014, -7124}, {0x00, 0x81, 0x00, 0xFF}}},
	{{{-2240, -2051, -5620}, 0, {24458, -7124}, {0x00, 0x81, 0x00, 0xFF}}},
	{{{244, -2051, -3857}, 0, {18014, -7124}, {0x00, 0x81, 0x00, 0xFF}}},
	{{{244, -2051, -5620}, 0, {24458, -7124}, {0x00, 0x81, 0x00, 0xFF}}},
	{{{910, 2533, -4269}, 0, {19519, -23880}, {0x00, 0x81, 0x00, 0xFF}}},
	{{{2886, 2533, -4436}, 0, {20132, -23880}, {0x00, 0x81, 0x00, 0xFF}}},
	{{{2886, 2533, -3734}, 0, {17563, -23880}, {0x00, 0x81, 0x00, 0xFF}}},
	{{{1620, 2533, -3371}, 0, {16236, -23880}, {0x00, 0x81, 0x00, 0xFF}}},
	{{{9547, 582, 3856}, 0, {5932, -17973}, {0x00, 0x81, 0x00, 0xFF}}},
	{{{9547, 582, 4075}, 0, {6642, -17973}, {0x00, 0x81, 0x00, 0xFF}}},
	{{{9322, 582, 4075}, 0, {6642, -17973}, {0x00, 0x81, 0x00, 0xFF}}},
	{{{9322, 582, 3856}, 0, {5932, -17973}, {0x00, 0x81, 0x00, 0xFF}}},
	{{{8828, 582, 3143}, 0, {3617, -17973}, {0x00, 0x81, 0x00, 0xFF}}},
	{{{8828, 582, 3361}, 0, {4327, -17973}, {0x00, 0x81, 0x00, 0xFF}}},
	{{{8602, 582, 3361}, 0, {4327, -17973}, {0x00, 0x81, 0x00, 0xFF}}},
	{{{8602, 582, 3143}, 0, {3617, -17973}, {0x00, 0x81, 0x00, 0xFF}}},
	{{{8828, 582, 4075}, 0, {6642, -17973}, {0x00, 0x81, 0x00, 0xFF}}},
	{{{8602, 582, 4075}, 0, {6642, -17973}, {0x00, 0x81, 0x00, 0xFF}}},
	{{{8602, 582, 3856}, 0, {5932, -17973}, {0x00, 0x81, 0x00, 0xFF}}},
	{{{8828, 582, 3856}, 0, {5932, -17973}, {0x00, 0x81, 0x00, 0xFF}}},
	{{{9322, 582, 3143}, 0, {3617, -17973}, {0x00, 0x81, 0x00, 0xFF}}},
	{{{9547, 582, 3143}, 0, {3617, -17973}, {0x00, 0x81, 0x00, 0xFF}}},
	{{{9547, 582, 3361}, 0, {4327, -17973}, {0x00, 0x81, 0x00, 0xFF}}},
	{{{9322, 582, 3361}, 0, {4327, -17973}, {0x00, 0x81, 0x00, 0xFF}}},
	{{{2271, -968, -3357}, 0, {16185, -5620}, {0x00, 0x81, 0x00, 0xFF}}},
	{{{465, -968, -2308}, 0, {12352, -5620}, {0x00, 0x81, 0x00, 0xFF}}},
	{{{465, -968, -3357}, 0, {16185, -5620}, {0x00, 0x81, 0x00, 0xFF}}},
	{{{2271, -968, -3126}, 0, {15343, -5620}, {0x00, 0x81, 0x00, 0xFF}}},
	{{{2271, -968, -1299}, 0, {8666, -5620}, {0x00, 0x81, 0x00, 0xFF}}},
	{{{2682, -968, -3126}, 0, {15343, -5620}, {0x00, 0x81, 0x00, 0xFF}}},
	{{{2682, -968, -1299}, 0, {8666, -5620}, {0x00, 0x81, 0x00, 0xFF}}},
	{{{4473, -968, -3126}, 0, {15343, -5620}, {0x00, 0x81, 0x00, 0xFF}}},
	{{{4473, -968, -3357}, 0, {16185, -5620}, {0x00, 0x81, 0x00, 0xFF}}},
	{{{2682, -968, -3357}, 0, {16185, -5620}, {0x00, 0x81, 0x00, 0xFF}}},
	{{{4473, -968, -1299}, 0, {8666, -5620}, {0x00, 0x81, 0x00, 0xFF}}},
	{{{4884, -968, -3126}, 0, {15343, -5620}, {0x00, 0x81, 0x00, 0xFF}}},
	{{{4884, -968, -3126}, 0, {15343, -5620}, {0x00, 0x81, 0x00, 0xFF}}},
	{{{4884, -968, -1299}, 0, {8666, -5620}, {0x00, 0x81, 0x00, 0xFF}}},
	{{{4473, -968, -1299}, 0, {8666, -5620}, {0x00, 0x81, 0x00, 0xFF}}},
	{{{6874, -968, -2308}, 0, {12352, -5620}, {0x00, 0x81, 0x00, 0xFF}}},
	{{{6874, -968, -3357}, 0, {16185, -5620}, {0x00, 0x81, 0x00, 0xFF}}},
	{{{4884, -968, -3357}, 0, {16185, -5620}, {0x00, 0x81, 0x00, 0xFF}}},
	{{{4884, -968, -888}, 0, {7162, -5620}, {0x00, 0x81, 0x00, 0xFF}}},
	{{{6874, -968, -545}, 0, {5909, -5620}, {0x00, 0x81, 0x00, 0xFF}}},
	{{{4884, -968, -327}, 0, {5111, -5620}, {0x00, 0x81, 0x00, 0xFF}}},
	{{{4884, -968, 85}, 0, {3608, -5620}, {0x00, 0x81, 0x00, 0xFF}}},
	{{{6874, -968, 2217}, 0, {-4185, -5620}, {0x00, 0x81, 0x00, 0xFF}}},
	{{{4473, -968, 85}, 0, {3608, -5620}, {0x00, 0x81, 0x00, 0xFF}}},
	{{{3669, -968, 2217}, 0, {-4185, -5620}, {0x00, 0x81, 0x00, 0xFF}}},
	{{{2682, -968, 85}, 0, {3608, -5620}, {0x00, 0x81, 0x00, 0xFF}}},
	{{{465, -968, 2217}, 0, {-4185, -5620}, {0x00, 0x81, 0x00, 0xFF}}},
	{{{2271, -968, 85}, 0, {3608, -5620}, {0x00, 0x81, 0x00, 0xFF}}},
	{{{465, -968, -453}, 0, {5909, -5620}, {0x00, 0x81, 0x00, 0xFF}}},
	{{{2271, -968, -327}, 0, {5111, -5620}, {0x00, 0x81, 0x00, 0xFF}}},
	{{{2271, -968, -888}, 0, {7162, -5620}, {0x00, 0x81, 0x00, 0xFF}}},
	{{{465, -968, -2308}, 0, {12352, -5620}, {0x00, 0x81, 0x00, 0xFF}}},
	{{{2271, -968, -1299}, 0, {8666, -5620}, {0x00, 0x81, 0x00, 0xFF}}},
	{{{2682, -968, -327}, 0, {5111, -5620}, {0x00, 0x81, 0x00, 0xFF}}},
	{{{2682, -968, -888}, 0, {7162, -5620}, {0x00, 0x81, 0x00, 0xFF}}},
	{{{4473, -968, -888}, 0, {7162, -5620}, {0x00, 0x81, 0x00, 0xFF}}},
	{{{2682, -968, -1299}, 0, {8666, -5620}, {0x00, 0x81, 0x00, 0xFF}}},
	{{{4473, -968, -327}, 0, {5111, -5620}, {0x00, 0x81, 0x00, 0xFF}}},
	{{{-2844, -356, 5541}, 0, {-16335, -13321}, {0x00, 0x81, 0x00, 0xFF}}},
	{{{-3850, -356, 5541}, 0, {-16335, -13321}, {0x00, 0x81, 0x00, 0xFF}}},
	{{{-3850, -356, 4659}, 0, {-13111, -13321}, {0x00, 0x81, 0x00, 0xFF}}},
	{{{-2844, -356, 4659}, 0, {-13111, -13321}, {0x00, 0x81, 0x00, 0xFF}}},
	{{{-4850, -356, 5541}, 0, {-16335, -13321}, {0x00, 0x81, 0x00, 0xFF}}},
	{{{-5649, -356, 5541}, 0, {-16335, -13321}, {0x00, 0x81, 0x00, 0xFF}}},
	{{{-5649, -356, 4659}, 0, {-13111, -13321}, {0x00, 0x81, 0x00, 0xFF}}},
	{{{-4850, -356, 4659}, 0, {-13111, -13321}, {0x00, 0x81, 0x00, 0xFF}}},
	{{{-6649, -356, 5552}, 0, {-16375, -13321}, {0x00, 0x81, 0x00, 0xFF}}},
	{{{-7897, -356, 5639}, 0, {-16694, -13321}, {0x00, 0x81, 0x00, 0xFF}}},
	{{{-7898, -356, 4658}, 0, {-13109, -13321}, {0x00, 0x81, 0x00, 0xFF}}},
	{{{-6649, -356, 4676}, 0, {-13172, -13321}, {0x00, 0x81, 0x00, 0xFF}}},
	{{{-5649, -356, -44}, 0, {4078, -13321}, {0x00, 0x81, 0x00, 0xFF}}},
	{{{-4850, -356, -44}, 0, {4078, -13321}, {0x00, 0x81, 0x00, 0xFF}}},
	{{{-4850, -356, 838}, 0, {854, -13321}, {0x00, 0x81, 0x00, 0xFF}}},
	{{{-5649, -356, 838}, 0, {854, -13321}, {0x00, 0x81, 0x00, 0xFF}}},
	{{{-7897, -356, -142}, 0, {4437, -13321}, {0x00, 0x81, 0x00, 0xFF}}},
	{{{-6649, -356, -55}, 0, {4118, -13321}, {0x00, 0x81, 0x00, 0xFF}}},
	{{{-6649, -356, 821}, 0, {915, -13321}, {0x00, 0x81, 0x00, 0xFF}}},
	{{{-7898, -356, 839}, 0, {851, -13321}, {0x00, 0x81, 0x00, 0xFF}}},
	{{{-3850, -356, -44}, 0, {4078, -13321}, {0x00, 0x81, 0x00, 0xFF}}},
	{{{-2844, -356, -44}, 0, {4078, -13321}, {0x00, 0x81, 0x00, 0xFF}}},
	{{{-2844, -356, 838}, 0, {854, -13321}, {0x00, 0x81, 0x00, 0xFF}}},
	{{{-3850, -356, 838}, 0, {854, -13321}, {0x00, 0x81, 0x00, 0xFF}}},
	{{{-2050, -1009, 7191}, 0, {-22367, -4830}, {0x00, 0x81, 0x00, 0xFF}}},
	{{{-2050, -1009, 6031}, 0, {-18127, -4830}, {0x00, 0x81, 0x00, 0xFF}}},
	{{{-32, -1009, 6031}, 0, {-18127, -4830}, {0x00, 0x81, 0x00, 0xFF}}},
	{{{-32, -1009, 7191}, 0, {-22367, -4830}, {0x00, 0x81, 0x00, 0xFF}}},
	{{{803, -1009, 6031}, 0, {-18127, -4830}, {0x00, 0x81, 0x00, 0xFF}}},
	{{{803, -1009, 7191}, 0, {-22367, -4830}, {0x00, 0x81, 0x00, 0xFF}}},
	{{{-4734, -281, 4186}, 0, {-11384, -13592}, {0x00, 0x81, 0x00, 0xFF}}},
	{{{-4506, -281, 4055}, 0, {-10904, -13592}, {0x00, 0x81, 0x00, 0xFF}}},
	{{{-2344, -281, 4360}, 0, {-12018, -13592}, {0x00, 0x81, 0x00, 0xFF}}},
	{{{-4506, -281, 3792}, 0, {-9944, -13592}, {0x00, 0x81, 0x00, 0xFF}}},
	{{{-2344, -281, 2748}, 0, {-6129, -13592}, {0x00, 0x81, 0x00, 0xFF}}},
	{{{-4734, -281, 2748}, 0, {-6129, -13592}, {0x00, 0x81, 0x00, 0xFF}}},
	{{{-4734, -281, 2748}, 0, {-6129, -13592}, {0x00, 0x81, 0x00, 0xFF}}},
	{{{-4506, -281, 3792}, 0, {-9944, -13592}, {0x00, 0x81, 0x00, 0xFF}}},
	{{{-4734, -281, 3661}, 0, {-9465, -13592}, {0x00, 0x81, 0x00, 0xFF}}},
	{{{-5862, -281, 2748}, 0, {-6129, -13592}, {0x00, 0x81, 0x00, 0xFF}}},
	{{{-4961, -281, 3792}, 0, {-9944, -13592}, {0x00, 0x81, 0x00, 0xFF}}},
	{{{-5857, -281, 4360}, 0, {-12018, -13592}, {0x00, 0x81, 0x00, 0xFF}}},
	{{{-4961, -281, 4055}, 0, {-10904, -13592}, {0x00, 0x81, 0x00, 0xFF}}},
	{{{-4734, -281, 4186}, 0, {-11384, -13592}, {0x00, 0x81, 0x00, 0xFF}}},
	{{{-4734, -281, 4360}, 0, {-12018, -13592}, {0x00, 0x81, 0x00, 0xFF}}},
	{{{-2344, -281, 4360}, 0, {-12018, -13592}, {0x00, 0x81, 0x00, 0xFF}}},
	{{{-6759, -281, 4126}, 0, {-11164, -13592}, {0x00, 0x81, 0x00, 0xFF}}},
	{{{-6759, -281, 3792}, 0, {-9944, -13592}, {0x00, 0x81, 0x00, 0xFF}}},
	{{{-7048, -281, 2748}, 0, {-6129, -13592}, {0x00, 0x81, 0x00, 0xFF}}},
	{{{-7048, -281, 3626}, 0, {-9334, -13592}, {0x00, 0x81, 0x00, 0xFF}}},
	{{{-8397, -281, 2748}, 0, {-6129, -13592}, {0x00, 0x81, 0x00, 0xFF}}},
	{{{-7337, -281, 3792}, 0, {-9944, -13592}, {0x00, 0x81, 0x00, 0xFF}}},
	{{{-8397, -281, 3554}, 0, {-9074, -13592}, {0x00, 0x81, 0x00, 0xFF}}},
	{{{-8397, -281, 4360}, 0, {-12018, -13592}, {0x00, 0x81, 0x00, 0xFF}}},
	{{{-7337, -281, 4126}, 0, {-11164, -13592}, {0x00, 0x81, 0x00, 0xFF}}},
	{{{-7048, -281, 4293}, 0, {-11774, -13592}, {0x00, 0x81, 0x00, 0xFF}}},
	{{{-7337, -281, 1704}, 0, {-2313, -13592}, {0x00, 0x81, 0x00, 0xFF}}},
	{{{-7048, -281, 1871}, 0, {-2923, -13592}, {0x00, 0x81, 0x00, 0xFF}}},
	{{{-6759, -281, 1704}, 0, {-2313, -13592}, {0x00, 0x81, 0x00, 0xFF}}},
	{{{-5857, -281, 1137}, 0, {-239, -13592}, {0x00, 0x81, 0x00, 0xFF}}},
	{{{-6759, -281, 1371}, 0, {-1093, -13592}, {0x00, 0x81, 0x00, 0xFF}}},
	{{{-7048, -281, 1204}, 0, {-483, -13592}, {0x00, 0x81, 0x00, 0xFF}}},
	{{{-8397, -281, 1137}, 0, {-239, -13592}, {0x00, 0x81, 0x00, 0xFF}}},
	{{{-7337, -281, 1371}, 0, {-1093, -13592}, {0x00, 0x81, 0x00, 0xFF}}},
	{{{-8397, -281, 1943}, 0, {-3184, -13592}, {0x00, 0x81, 0x00, 0xFF}}},
	{{{-4961, -281, 1442}, 0, {-1353, -13592}, {0x00, 0x81, 0x00, 0xFF}}},
	{{{-4734, -281, 1311}, 0, {-873, -13592}, {0x00, 0x81, 0x00, 0xFF}}},
	{{{-4734, -281, 1137}, 0, {-239, -13592}, {0x00, 0x81, 0x00, 0xFF}}},
	{{{-4734, -281, 1311}, 0, {-873, -13592}, {0x00, 0x81, 0x00, 0xFF}}},
	{{{-4734, -281, 1137}, 0, {-239, -13592}, {0x00, 0x81, 0x00, 0xFF}}},
	{{{-2344, -281, 1137}, 0, {-239, -13592}, {0x00, 0x81, 0x00, 0xFF}}},
	{{{-4506, -281, 1442}, 0, {-1353, -13592}, {0x00, 0x81, 0x00, 0xFF}}},
	{{{-2344, -281, 2748}, 0, {-6129, -13592}, {0x00, 0x81, 0x00, 0xFF}}},
	{{{-4506, -281, 1704}, 0, {-2313, -13592}, {0x00, 0x81, 0x00, 0xFF}}},
	{{{-4734, -281, 1836}, 0, {-2793, -13592}, {0x00, 0x81, 0x00, 0xFF}}},
	{{{-4734, -281, 2748}, 0, {-6129, -13592}, {0x00, 0x81, 0x00, 0xFF}}},
	{{{-4961, -281, 1704}, 0, {-2313, -13592}, {0x00, 0x81, 0x00, 0xFF}}},
	{{{-5862, -281, 2748}, 0, {-6129, -13592}, {0x00, 0x81, 0x00, 0xFF}}},
	{{{-4961, -281, 1442}, 0, {-1353, -13592}, {0x00, 0x81, 0x00, 0xFF}}},
};

Gfx catamesa_dl_Plane_003_mesh_layer_1_tri_5[] = {
	gsSPVertex(catamesa_dl_Plane_003_mesh_layer_1_vtx_5 + 0, 31, 0),
	gsSP2Triangles(0, 1, 2, 0, 0, 3, 1, 0),
	gsSP2Triangles(4, 3, 0, 0, 4, 5, 3, 0),
	gsSP2Triangles(6, 5, 4, 0, 6, 7, 5, 0),
	gsSP2Triangles(8, 7, 6, 0, 8, 9, 7, 0),
	gsSP2Triangles(10, 11, 12, 0, 10, 13, 11, 0),
	gsSP2Triangles(14, 13, 10, 0, 14, 15, 13, 0),
	gsSP2Triangles(16, 15, 14, 0, 16, 17, 15, 0),
	gsSP2Triangles(18, 17, 16, 0, 18, 19, 17, 0),
	gsSP2Triangles(20, 21, 22, 0, 20, 23, 21, 0),
	gsSP2Triangles(24, 23, 20, 0, 24, 20, 25, 0),
	gsSP2Triangles(26, 27, 28, 0, 29, 26, 28, 0),
	gsSP1Triangle(29, 28, 30, 0),
	gsSPVertex(catamesa_dl_Plane_003_mesh_layer_1_vtx_5 + 31, 32, 0),
	gsSP2Triangles(0, 1, 2, 0, 0, 2, 3, 0),
	gsSP2Triangles(4, 5, 6, 0, 4, 6, 7, 0),
	gsSP2Triangles(8, 9, 10, 0, 8, 10, 11, 0),
	gsSP2Triangles(12, 13, 14, 0, 12, 14, 15, 0),
	gsSP2Triangles(16, 17, 18, 0, 16, 18, 19, 0),
	gsSP2Triangles(20, 21, 22, 0, 20, 23, 21, 0),
	gsSP2Triangles(23, 24, 21, 0, 25, 24, 23, 0),
	gsSP2Triangles(25, 26, 24, 0, 27, 26, 25, 0),
	gsSP2Triangles(28, 27, 25, 0, 28, 25, 29, 0),
	gsSP2Triangles(27, 30, 26, 0, 31, 30, 27, 0),
	gsSPVertex(catamesa_dl_Plane_003_mesh_layer_1_vtx_5 + 63, 30, 0),
	gsSP2Triangles(0, 1, 2, 0, 3, 1, 0, 0),
	gsSP2Triangles(4, 3, 0, 0, 4, 0, 5, 0),
	gsSP2Triangles(3, 6, 1, 0, 3, 7, 6, 0),
	gsSP2Triangles(6, 7, 8, 0, 7, 9, 8, 0),
	gsSP2Triangles(7, 10, 9, 0, 11, 9, 10, 0),
	gsSP2Triangles(11, 10, 12, 0, 11, 12, 13, 0),
	gsSP2Triangles(14, 13, 12, 0, 14, 15, 13, 0),
	gsSP2Triangles(16, 15, 14, 0, 16, 17, 15, 0),
	gsSP2Triangles(17, 16, 18, 0, 19, 18, 16, 0),
	gsSP2Triangles(19, 20, 18, 0, 21, 17, 18, 0),
	gsSP2Triangles(21, 18, 22, 0, 23, 21, 22, 0),
	gsSP2Triangles(2, 23, 22, 0, 2, 22, 24, 0),
	gsSP2Triangles(23, 25, 21, 0, 23, 8, 25, 0),
	gsSP2Triangles(23, 6, 8, 0, 25, 13, 21, 0),
	gsSP2Triangles(25, 11, 13, 0, 26, 27, 28, 0),
	gsSP1Triangle(26, 28, 29, 0),
	gsSPVertex(catamesa_dl_Plane_003_mesh_layer_1_vtx_5 + 93, 32, 0),
	gsSP2Triangles(0, 1, 2, 0, 0, 2, 3, 0),
	gsSP2Triangles(4, 5, 6, 0, 4, 6, 7, 0),
	gsSP2Triangles(8, 9, 10, 0, 8, 10, 11, 0),
	gsSP2Triangles(12, 13, 14, 0, 12, 14, 15, 0),
	gsSP2Triangles(16, 17, 18, 0, 16, 18, 19, 0),
	gsSP2Triangles(20, 21, 22, 0, 20, 22, 23, 0),
	gsSP2Triangles(23, 22, 24, 0, 23, 24, 25, 0),
	gsSP2Triangles(26, 27, 28, 0, 29, 28, 27, 0),
	gsSP2Triangles(29, 30, 28, 0, 31, 30, 29, 0),
	gsSPVertex(catamesa_dl_Plane_003_mesh_layer_1_vtx_5 + 125, 32, 0),
	gsSP2Triangles(0, 1, 2, 0, 3, 0, 2, 0),
	gsSP2Triangles(3, 2, 4, 0, 5, 3, 4, 0),
	gsSP2Triangles(5, 4, 6, 0, 5, 6, 7, 0),
	gsSP2Triangles(5, 7, 8, 0, 7, 9, 8, 0),
	gsSP2Triangles(10, 3, 5, 0, 10, 11, 3, 0),
	gsSP2Triangles(12, 3, 11, 0, 12, 11, 13, 0),
	gsSP2Triangles(14, 12, 13, 0, 14, 13, 15, 0),
	gsSP2Triangles(16, 14, 15, 0, 15, 17, 16, 0),
	gsSP2Triangles(15, 18, 17, 0, 19, 17, 18, 0),
	gsSP2Triangles(19, 5, 17, 0, 10, 5, 19, 0),
	gsSP2Triangles(20, 12, 14, 0, 20, 21, 12, 0),
	gsSP2Triangles(21, 3, 12, 0, 21, 22, 3, 0),
	gsSP2Triangles(22, 23, 3, 0, 22, 24, 23, 0),
	gsSP2Triangles(24, 25, 23, 0, 26, 23, 25, 0),
	gsSP2Triangles(25, 27, 26, 0, 27, 28, 26, 0),
	gsSP2Triangles(27, 20, 28, 0, 14, 28, 20, 0),
	gsSP2Triangles(3, 23, 29, 0, 30, 29, 23, 0),
	gsSP1Triangle(30, 23, 31, 0),
	gsSPVertex(catamesa_dl_Plane_003_mesh_layer_1_vtx_5 + 157, 11, 0),
	gsSP2Triangles(0, 1, 2, 0, 0, 2, 3, 0),
	gsSP2Triangles(4, 3, 2, 0, 4, 5, 3, 0),
	gsSP2Triangles(6, 5, 4, 0, 6, 4, 7, 0),
	gsSP2Triangles(8, 6, 7, 0, 8, 7, 9, 0),
	gsSP1Triangle(9, 10, 8, 0),
	gsSPEndDisplayList(),
};

Vtx catamesa_dl_Plane_003_mesh_layer_1_vtx_6[497] = {
	{{{966, -6449, 6619}, 0, {-612, -17025}, {0x00, 0x7F, 0x00, 0xFF}}},
	{{{1056, -6449, 7503}, 0, {-1324, -19851}, {0x00, 0x7F, 0x00, 0xFF}}},
	{{{1056, -6449, 6619}, 0, {-1324, -17097}, {0x00, 0x7F, 0x00, 0xFF}}},
	{{{6783, -7145, 3095}, 0, {-19012, -6235}, {0xE6, 0x7C, 0x00, 0xFF}}},
	{{{6783, -7145, 2402}, 0, {-19012, -4096}, {0xE6, 0x7C, 0x00, 0xFF}}},
	{{{2563, -8023, 2402}, 0, {-5981, -4096}, {0xE6, 0x7C, 0x00, 0xFF}}},
	{{{2563, -8023, 3095}, 0, {-5981, -6235}, {0xE6, 0x7C, 0x00, 0xFF}}},
	{{{860, -8023, 2402}, 0, {-720, -4096}, {0x00, 0x7F, 0x00, 0xFF}}},
	{{{2563, -8023, 2217}, 0, {-5981, -3523}, {0x00, 0x7F, 0x00, 0xFF}}},
	{{{860, -8023, 2217}, 0, {-720, -3523}, {0x00, 0x7F, 0x00, 0xFF}}},
	{{{2563, -8023, 2402}, 0, {-5981, -4096}, {0x00, 0x7F, 0x00, 0xFF}}},
	{{{2563, -8023, 3095}, 0, {-5981, -6235}, {0x00, 0x7F, 0x00, 0xFF}}},
	{{{860, -8023, 3095}, 0, {-720, -6235}, {0x00, 0x7F, 0x00, 0xFF}}},
	{{{460, -8023, 2402}, 0, {517, -4096}, {0x00, 0x7F, 0x00, 0xFF}}},
	{{{460, -8023, 3095}, 0, {517, -6235}, {0x00, 0x7F, 0x00, 0xFF}}},
	{{{1422, -8023, 3311}, 0, {-2456, -6903}, {0x00, 0x7F, 0x00, 0xFF}}},
	{{{2001, -8023, 3311}, 0, {-4245, -6903}, {0x00, 0x7F, 0x00, 0xFF}}},
	{{{2001, -8023, 3460}, 0, {-4245, -7363}, {0x00, 0x5A, 0xA6, 0xFF}}},
	{{{1897, -8023, 3460}, 0, {-3924, -7363}, {0x00, 0x78, 0xD8, 0xFF}}},
	{{{1526, -8023, 3460}, 0, {-2777, -7363}, {0x00, 0x78, 0xD8, 0xFF}}},
	{{{1422, -8023, 3460}, 0, {-2456, -7363}, {0x00, 0x5A, 0xA6, 0xFF}}},
	{{{1526, -8023, 3514}, 0, {-2777, -7530}, {0x00, 0x78, 0x28, 0xFF}}},
	{{{1897, -8023, 3514}, 0, {-3924, -7530}, {0x00, 0x78, 0x28, 0xFF}}},
	{{{2001, -8023, 5121}, 0, {-4245, -12493}, {0x00, 0x7F, 0x00, 0xFF}}},
	{{{1422, -8023, 5121}, 0, {-2456, -12493}, {0x00, 0x7F, 0x00, 0xFF}}},
	{{{1422, -8023, 3514}, 0, {-2456, -7530}, {0x00, 0x5A, 0x5A, 0xFF}}},
	{{{2001, -8023, 3514}, 0, {-4245, -7530}, {0x00, 0x5A, 0x5A, 0xFF}}},
	{{{6566, -8023, 5121}, 0, {-18341, -12493}, {0x00, 0x7F, 0x00, 0xFF}}},
	{{{6566, -8023, 3514}, 0, {-18341, -7530}, {0x00, 0x7F, 0x00, 0xFF}}},
	{{{2464, -6449, -3607}, 0, {-5673, 14463}, {0x00, 0x7F, 0x00, 0xFF}}},
	{{{1186, -6449, -3857}, 0, {-1727, 15235}, {0x00, 0x7F, 0x00, 0xFF}}},
	{{{1186, -6449, -3607}, 0, {-1727, 14463}, {0x00, 0x7F, 0x00, 0xFF}}},
	{{{1186, -6449, -3857}, 0, {-1727, 15235}, {0x00, 0x7F, 0x00, 0xFF}}},
	{{{2464, -6449, -3607}, 0, {-5673, 14463}, {0x00, 0x7F, 0x00, 0xFF}}},
	{{{2464, -6449, -4821}, 0, {-5673, 18213}, {0x00, 0x7F, 0x00, 0xFF}}},
	{{{4635, -6449, -4821}, 0, {-12379, 18213}, {0x00, 0x7F, 0x00, 0xFF}}},
	{{{4635, -6449, -3607}, 0, {-12379, 14463}, {0x00, 0x7F, 0x00, 0xFF}}},
	{{{2682, -6449, -3357}, 0, {-6346, 13690}, {0x00, 0x7F, 0x00, 0xFF}}},
	{{{4473, -6449, -3357}, 0, {-11878, 13690}, {0x00, 0x7F, 0x00, 0xFF}}},
	{{{4069, -6449, -5653}, 0, {-10630, 20782}, {0x00, 0x7F, 0x00, 0xFF}}},
	{{{3030, -6449, -5653}, 0, {-7423, 20782}, {0x00, 0x7F, 0x00, 0xFF}}},
	{{{362, -5742, -453}, 0, {819, 4723}, {0x00, 0x75, 0x31, 0xFF}}},
	{{{-2252, -6449, 1002}, 0, {8854, 227}, {0x00, 0x72, 0x38, 0xFF}}},
	{{{362, -6449, 1002}, 0, {819, 227}, {0x00, 0x72, 0x38, 0xFF}}},
	{{{-2252, -5742, -453}, 0, {8854, 4723}, {0x00, 0x75, 0x32, 0xFF}}},
	{{{-1357, -5036, -2401}, 0, {6126, 10740}, {0x00, 0x7D, 0x18, 0xFF}}},
	{{{362, -5036, -2401}, 0, {819, 10740}, {0x00, 0x7D, 0x17, 0xFF}}},
	{{{-1357, -5036, -3129}, 0, {6126, 12988}, {0x00, 0x7F, 0x00, 0xFF}}},
	{{{244, -5036, -3129}, 0, {1184, 12988}, {0x00, 0x7F, 0x00, 0xFF}}},
	{{{-1302, -5036, -3857}, 0, {5959, 15235}, {0x00, 0x7F, 0x00, 0xFF}}},
	{{{244, -5036, -3857}, 0, {1184, 15235}, {0x00, 0x7F, 0x00, 0xFF}}},
	{{{362, -6449, 5331}, 0, {972, -13143}, {0x00, 0x7F, 0x00, 0xFF}}},
	{{{-2252, -6449, 5331}, 0, {9007, -13143}, {0x00, 0x7F, 0x00, 0xFF}}},
	{{{-2252, -6449, 5840}, 0, {9007, -14713}, {0x00, 0x7F, 0x00, 0xFF}}},
	{{{312, -6449, 5840}, 0, {972, -14713}, {0x00, 0x7F, 0x00, 0xFF}}},
	{{{966, -6449, 5720}, 0, {-1048, -14200}, {0x00, 0x7F, 0x00, 0xFF}}},
	{{{312, -6449, 6170}, 0, {972, -17282}, {0x00, 0x5A, 0xA6, 0xFF}}},
	{{{574, -6449, 6170}, 0, {521, -16865}, {0x00, 0x78, 0xD8, 0xFF}}},
	{{{771, -6449, 6170}, 0, {-380, -16030}, {0x00, 0x78, 0xD8, 0xFF}}},
	{{{966, -6449, 6170}, 0, {-830, -15612}, {0x01, 0x5A, 0xA6, 0xFF}}},
	{{{3996, -7614, 5720}, 0, {-10405, -14344}, {0x00, 0x7F, 0x00, 0xFF}}},
	{{{3996, -7614, 7503}, 0, {-10405, -19851}, {0x00, 0x7F, 0x00, 0xFF}}},
	{{{4359, -7614, 7503}, 0, {-11527, -19851}, {0x00, 0x5A, 0xA6, 0xFF}}},
	{{{4359, -7614, 5720}, 0, {-11527, -14344}, {0x00, 0x5A, 0x5A, 0xFF}}},
	{{{4359, -7614, 5720}, 0, {-11527, -14344}, {0x00, 0x5A, 0x5A, 0xFF}}},
	{{{4359, -7614, 7503}, 0, {-11527, -19851}, {0x00, 0x5A, 0xA6, 0xFF}}},
	{{{4488, -7614, 7503}, 0, {-11924, -19851}, {0x23, 0x2B, 0x8E, 0xFF}}},
	{{{4488, -7614, 5720}, 0, {-11924, -14344}, {0x23, 0x2B, 0x72, 0xFF}}},
	{{{4488, -8930, 7319}, 0, {-11924, -19281}, {0x4A, 0x4E, 0xBC, 0xFF}}},
	{{{4488, -8930, 5905}, 0, {-11924, -14914}, {0x4A, 0x4E, 0x44, 0xFF}}},
	{{{5474, -8930, 7319}, 0, {-14972, -19281}, {0x00, 0x7F, 0x00, 0xFF}}},
	{{{5474, -8930, 5905}, 0, {-14972, -14914}, {0x00, 0x7F, 0x00, 0xFF}}},
	{{{6783, -7145, 3095}, 0, {-19012, -6235}, {0x00, 0x7F, 0x00, 0xFF}}},
	{{{7086, -7145, 3095}, 0, {-19950, -6235}, {0x00, 0x7F, 0x00, 0xFF}}},
	{{{7086, -7145, 2402}, 0, {-19950, -4096}, {0x00, 0x7F, 0x00, 0xFF}}},
	{{{6783, -7145, 2402}, 0, {-19012, -4096}, {0x00, 0x7F, 0x00, 0xFF}}},
	{{{7743, -7072, 3318}, 0, {-21977, -6925}, {0x00, 0x7F, 0x00, 0xFF}}},
	{{{7086, -7072, 3318}, 0, {-19950, -6925}, {0x00, 0x7F, 0x00, 0xFF}}},
	{{{7086, -7072, 3946}, 0, {-19950, -8863}, {0x00, 0x7F, 0x00, 0xFF}}},
	{{{7743, -7072, 3946}, 0, {-21977, -8863}, {0x00, 0x7F, 0x00, 0xFF}}},
	{{{-3477, -7761, 3234}, 0, {12674, -6665}, {0x00, 0x7F, 0x00, 0xFF}}},
	{{{-3878, -7761, 2263}, 0, {13914, -3666}, {0x01, 0x7F, 0x00, 0xFF}}},
	{{{-3878, -7755, 3234}, 0, {13914, -6665}, {0x01, 0x7F, 0x00, 0xFF}}},
	{{{-3477, -7761, 2263}, 0, {12674, -3666}, {0x00, 0x7F, 0x00, 0xFF}}},
	{{{-3282, -7761, 3549}, 0, {12073, -7637}, {0x00, 0x7F, 0x00, 0xFF}}},
	{{{-3477, -7761, 3549}, 0, {12674, -7637}, {0x00, 0x7F, 0x00, 0xFF}}},
	{{{-3282, -7761, 1948}, 0, {12073, -2695}, {0x00, 0x7F, 0x00, 0xFF}}},
	{{{-3477, -7761, 1948}, 0, {12674, -2695}, {0x00, 0x7F, 0x00, 0xFF}}},
	{{{-2045, -7761, 2402}, 0, {8252, -4096}, {0x00, 0x5A, 0x5A, 0xFF}}},
	{{{-2537, -7761, 2402}, 0, {9773, -4096}, {0x00, 0x7F, 0x00, 0xFF}}},
	{{{-2504, -7761, 2589}, 0, {9669, -4674}, {0x00, 0x7F, 0x00, 0xFF}}},
	{{{-3048, -7761, 2288}, 0, {11350, -3743}, {0x00, 0x7F, 0x00, 0xFF}}},
	{{{-2537, -7761, 2288}, 0, {9773, -3743}, {0x00, 0x7F, 0x00, 0xFF}}},
	{{{-3048, -7761, 2589}, 0, {11350, -4674}, {0x00, 0x7F, 0x00, 0xFF}}},
	{{{-3477, -5158, 3549}, 0, {12674, -7637}, {0x00, 0x7F, 0x00, 0xFF}}},
	{{{-3477, -5158, 3234}, 0, {12674, -6665}, {0x00, 0x7F, 0x00, 0xFF}}},
	{{{-3878, -5158, 3234}, 0, {13914, -6665}, {0x00, 0x7F, 0x00, 0xFF}}},
	{{{-4057, -5158, 3771}, 0, {14467, -8322}, {0x00, 0x7F, 0x00, 0xFF}}},
	{{{-4057, -5158, 1726}, 0, {14467, -2009}, {0x00, 0x7F, 0x00, 0xFF}}},
	{{{-3878, -5158, 2263}, 0, {13914, -3666}, {0x00, 0x7F, 0x00, 0xFF}}},
	{{{-3477, -5158, 2263}, 0, {12674, -3666}, {0x00, 0x7F, 0x00, 0xFF}}},
	{{{-3477, -5158, 1948}, 0, {12674, -2695}, {0x00, 0x7F, 0x00, 0xFF}}},
	{{{-2344, -5158, 1726}, 0, {9177, -2009}, {0x00, 0x7F, 0x00, 0xFF}}},
	{{{-3048, -5158, 1948}, 0, {11350, -2695}, {0x00, 0x7F, 0x00, 0xFF}}},
	{{{-3048, -5158, 2288}, 0, {11350, -3743}, {0x00, 0x7F, 0x00, 0xFF}}},
	{{{-2537, -5158, 2288}, 0, {9773, -3743}, {0x00, 0x7F, 0x00, 0xFF}}},
	{{{-2344, -5158, 3771}, 0, {9177, -8322}, {0x00, 0x7F, 0x00, 0xFF}}},
	{{{-2537, -5158, 3209}, 0, {9773, -6588}, {0x00, 0x7F, 0x00, 0xFF}}},
	{{{-3048, -5158, 3549}, 0, {11350, -7637}, {0x00, 0x7F, 0x00, 0xFF}}},
	{{{-3048, -5158, 3209}, 0, {11350, -6588}, {0x00, 0x7F, 0x00, 0xFF}}},
	{{{-2537, -7761, 3095}, 0, {9773, -6235}, {0x00, 0x7F, 0x00, 0xFF}}},
	{{{-3048, -7761, 3209}, 0, {11350, -6588}, {0x00, 0x7F, 0x00, 0xFF}}},
	{{{-2537, -7761, 3209}, 0, {9773, -6588}, {0x00, 0x7F, 0x00, 0xFF}}},
	{{{-3048, -7761, 2908}, 0, {11350, -5657}, {0x00, 0x7F, 0x00, 0xFF}}},
	{{{-2504, -7761, 2908}, 0, {9669, -5657}, {0x00, 0x7F, 0x00, 0xFF}}},
	{{{-2045, -7761, 3095}, 0, {8252, -6235}, {0x00, 0x5A, 0xA6, 0xFF}}},
	{{{-2504, -7761, 2589}, 0, {9669, -4674}, {0x00, 0x7F, 0x00, 0xFF}}},
	{{{-2045, -7761, 2402}, 0, {8252, -4096}, {0x00, 0x5A, 0x5A, 0xFF}}},
	{{{-608, -7761, 2926}, 0, {3814, -5715}, {0xDA, 0x73, 0xD9, 0xFF}}},
	{{{-608, -7761, 3095}, 0, {3814, -6235}, {0xB8, 0x49, 0xB5, 0xFF}}},
	{{{-608, -7761, 2571}, 0, {3814, -4616}, {0xDA, 0x73, 0x27, 0xFF}}},
	{{{-529, -7761, 2926}, 0, {3569, -5715}, {0x26, 0x73, 0xD9, 0xFF}}},
	{{{-529, -7761, 2571}, 0, {3569, -4616}, {0x26, 0x73, 0x27, 0xFF}}},
	{{{460, -7761, 3095}, 0, {517, -6235}, {0x00, 0x28, 0x88, 0xFF}}},
	{{{-529, -7761, 3095}, 0, {3569, -6235}, {0x48, 0x49, 0xB5, 0xFF}}},
	{{{460, -7761, 2402}, 0, {517, -4096}, {0x00, 0x28, 0x78, 0xFF}}},
	{{{460, -7761, 2402}, 0, {517, -4096}, {0x00, 0x28, 0x78, 0xFF}}},
	{{{-529, -7761, 2402}, 0, {3569, -4096}, {0x48, 0x49, 0x4B, 0xFF}}},
	{{{-529, -7761, 2571}, 0, {3569, -4616}, {0x26, 0x73, 0x27, 0xFF}}},
	{{{-2045, -7761, 2402}, 0, {8252, -4096}, {0x00, 0x5A, 0x5A, 0xFF}}},
	{{{-608, -7761, 2571}, 0, {3814, -4616}, {0xDA, 0x73, 0x27, 0xFF}}},
	{{{-608, -7761, 2402}, 0, {3814, -4096}, {0xB8, 0x49, 0x4B, 0xFF}}},
	{{{-2344, -5158, 3771}, 0, {9177, -8322}, {0x00, 0x61, 0xAF, 0xFF}}},
	{{{-4057, -5158, 3771}, 0, {14467, -8322}, {0x00, 0x61, 0xAF, 0xFF}}},
	{{{-4296, -5000, 3959}, 0, {15204, -8905}, {0x00, 0x61, 0xAF, 0xFF}}},
	{{{-2344, -5000, 3959}, 0, {9177, -8905}, {0x00, 0x61, 0xAF, 0xFF}}},
	{{{-4057, -5158, 1726}, 0, {14467, -2009}, {0x00, 0x61, 0x51, 0xFF}}},
	{{{-2344, -5158, 1726}, 0, {9177, -2009}, {0x00, 0x61, 0x51, 0xFF}}},
	{{{-2344, -5000, 1538}, 0, {9177, -1426}, {0x00, 0x61, 0x51, 0xFF}}},
	{{{-4296, -5000, 1538}, 0, {15204, -1426}, {0x00, 0x61, 0x51, 0xFF}}},
	{{{8135, -5343, 5065}, 0, {-23188, -12319}, {0x00, 0x7F, 0x00, 0xFF}}},
	{{{10015, -5343, 5065}, 0, {-28995, -12319}, {0x00, 0x7F, 0x00, 0xFF}}},
	{{{10015, -5343, 3324}, 0, {-28995, -6943}, {0x00, 0x7F, 0x00, 0xFF}}},
	{{{8135, -5343, 3324}, 0, {-23188, -6943}, {0x00, 0x7F, 0x00, 0xFF}}},
	{{{356, -4609, 436}, 0, {836, 1977}, {0xD8, 0x78, 0x00, 0xFF}}},
	{{{356, -4609, 268}, 0, {836, 2496}, {0xA6, 0x5A, 0x00, 0xFF}}},
	{{{-2344, -4609, 268}, 0, {9177, 2496}, {0x00, 0x7F, 0x00, 0xFF}}},
	{{{356, -4609, 927}, 0, {836, 460}, {0xD8, 0x78, 0x00, 0xFF}}},
	{{{-2344, -4609, 1095}, 0, {9177, -59}, {0x00, 0x7F, 0x00, 0xFF}}},
	{{{356, -4609, 1095}, 0, {836, -59}, {0xA6, 0x5A, 0x00, 0xFF}}},
	{{{465, -4609, 927}, 0, {500, 460}, {0x28, 0x78, 0x00, 0xFF}}},
	{{{465, -4609, 436}, 0, {500, 1977}, {0x28, 0x78, 0x00, 0xFF}}},
	{{{-2344, -4609, 1095}, 0, {9177, -59}, {0xD2, 0x76, 0x00, 0xFF}}},
	{{{-2344, -4609, 268}, 0, {9177, 2496}, {0xD2, 0x76, 0x00, 0xFF}}},
	{{{-3349, -5000, 268}, 0, {12280, 2496}, {0xD2, 0x76, 0x00, 0xFF}}},
	{{{-3349, -5000, 1095}, 0, {12280, -59}, {0xD2, 0x76, 0x00, 0xFF}}},
	{{{-3349, -5000, 1183}, 0, {12280, -332}, {0x00, 0x7F, 0x00, 0xFF}}},
	{{{-2344, -5000, 1538}, 0, {9177, -1426}, {0x00, 0x7F, 0x00, 0xFF}}},
	{{{-2344, -5000, 1183}, 0, {9177, -332}, {0x00, 0x7F, 0x00, 0xFF}}},
	{{{-3620, -5000, 1183}, 0, {13116, -332}, {0x00, 0x7F, 0x00, 0xFF}}},
	{{{-4296, -5000, 1538}, 0, {15204, -1426}, {0x0C, 0x7E, 0x00, 0xFF}}},
	{{{-4350, -5000, 1352}, 0, {15372, -852}, {0x00, 0x7F, 0x00, 0xFF}}},
	{{{-3620, -5000, 1095}, 0, {13116, -59}, {0x00, 0x7F, 0x00, 0xFF}}},
	{{{-4350, -5000, -194}, 0, {15372, 3923}, {0x00, 0x7F, 0x00, 0xFF}}},
	{{{-3620, -5000, 268}, 0, {13116, 2496}, {0x00, 0x7F, 0x00, 0xFF}}},
	{{{-3349, -5000, 268}, 0, {12280, 2496}, {0x00, 0x7F, 0x00, 0xFF}}},
	{{{-3349, -5000, 1095}, 0, {12280, -59}, {0x00, 0x7F, 0x00, 0xFF}}},
	{{{-4350, -5000, -343}, 0, {15372, 4382}, {0x00, 0x7F, 0x00, 0xFF}}},
	{{{-3620, -5000, 180}, 0, {13116, 2768}, {0x00, 0x7F, 0x00, 0xFF}}},
	{{{-3349, -5000, 180}, 0, {12280, 2768}, {0x00, 0x7F, 0x00, 0xFF}}},
	{{{-2344, -5000, -343}, 0, {9177, 4382}, {0x00, 0x7F, 0x00, 0xFF}}},
	{{{-2344, -5000, 180}, 0, {9177, 2768}, {0x00, 0x7F, 0x00, 0xFF}}},
	{{{356, -6449, -3857}, 0, {837, 15235}, {0x00, 0x7F, 0x00, 0xFF}}},
	{{{708, -6449, -4062}, 0, {-249, 15869}, {0x00, 0x7F, 0x00, 0xFF}}},
	{{{708, -6449, -4194}, 0, {-249, 16276}, {0x00, 0x7F, 0x00, 0xFF}}},
	{{{244, -6449, -3857}, 0, {1184, 15235}, {0x00, 0x7F, 0x00, 0xFF}}},
	{{{244, -6449, -4821}, 0, {1184, 18213}, {0x00, 0x7F, 0x00, 0xFF}}},
	{{{708, -6449, -4484}, 0, {-249, 17172}, {0x00, 0x7F, 0x00, 0xFF}}},
	{{{800, -6449, -4194}, 0, {-535, 16276}, {0x00, 0x7F, 0x00, 0xFF}}},
	{{{800, -6449, -4484}, 0, {-535, 17172}, {0x00, 0x7F, 0x00, 0xFF}}},
	{{{1186, -6449, -3857}, 0, {-1727, 15235}, {0x00, 0x7F, 0x00, 0xFF}}},
	{{{800, -6449, -4062}, 0, {-535, 15869}, {0x00, 0x7F, 0x00, 0xFF}}},
	{{{1064, -6449, -3857}, 0, {-1350, 15235}, {0x00, 0x7F, 0x00, 0xFF}}},
	{{{1186, -6449, -4821}, 0, {-1727, 18213}, {0x00, 0x7F, 0x00, 0xFF}}},
	{{{2464, -6449, -4821}, 0, {-5673, 18213}, {0x00, 0x7F, 0x00, 0xFF}}},
	{{{800, -6449, -4616}, 0, {-535, 17579}, {0x00, 0x7F, 0x00, 0xFF}}},
	{{{1064, -6449, -4821}, 0, {-1350, 18213}, {0x00, 0x7F, 0x00, 0xFF}}},
	{{{708, -6449, -4484}, 0, {-249, 17172}, {0x00, 0x7F, 0x00, 0xFF}}},
	{{{708, -6449, -4616}, 0, {-249, 17579}, {0x00, 0x7F, 0x00, 0xFF}}},
	{{{356, -6449, -4821}, 0, {837, 18213}, {0x00, 0x7F, 0x00, 0xFF}}},
	{{{244, -6449, -4821}, 0, {1184, 18213}, {0x00, 0x7F, 0x00, 0xFF}}},
	{{{-2240, -6449, -4749}, 0, {8854, 17992}, {0x00, 0x7F, 0x00, 0xFF}}},
	{{{-1156, -6449, -4512}, 0, {5506, 17260}, {0x00, 0x7F, 0x00, 0xFF}}},
	{{{-2240, -6449, -5620}, 0, {8854, 20680}, {0x00, 0x7F, 0x00, 0xFF}}},
	{{{244, -6449, -3857}, 0, {1184, 15235}, {0x00, 0x7F, 0x00, 0xFF}}},
	{{{-386, -6449, -3857}, 0, {3127, 15235}, {0x00, 0x7F, 0x00, 0xFF}}},
	{{{244, -6449, -5620}, 0, {1184, 20680}, {0x00, 0x7F, 0x00, 0xFF}}},
	{{{8898, -2914, 431}, 0, {-25543, 1991}, {0xFA, 0x7F, 0x00, 0xFF}}},
	{{{9252, -2914, 933}, 0, {-26639, 441}, {0x00, 0x7F, 0x00, 0xFF}}},
	{{{9252, -2914, 431}, 0, {-26639, 1991}, {0x00, 0x7F, 0x00, 0xFF}}},
	{{{8898, -2914, 933}, 0, {-25543, 441}, {0xFC, 0x7F, 0x00, 0xFF}}},
	{{{6874, -3105, 431}, 0, {-19294, 1991}, {0xF4, 0x7E, 0x00, 0xFF}}},
	{{{6874, -3105, 933}, 0, {-19294, 441}, {0xF4, 0x7E, 0x00, 0xFF}}},
	{{{8898, -2914, 1571}, 0, {-25543, -1528}, {0x00, 0x7F, 0x00, 0xFF}}},
	{{{9252, -2914, 1571}, 0, {-26639, -1528}, {0x00, 0x7F, 0x00, 0xFF}}},
	{{{8134, -802, 3922}, 0, {-23186, -8789}, {0x00, 0x7F, 0x00, 0xFF}}},
	{{{8250, -802, 3791}, 0, {-23544, -8385}, {0x00, 0x7F, 0x00, 0xFF}}},
	{{{8134, -802, 3791}, 0, {-23186, -8385}, {0x00, 0x7F, 0x00, 0xFF}}},
	{{{8377, -802, 3922}, 0, {-23936, -8789}, {0x00, 0x7F, 0x00, 0xFF}}},
	{{{8250, -802, 3426}, 0, {-23544, -7259}, {0x00, 0x7F, 0x00, 0xFF}}},
	{{{8377, -802, 3296}, 0, {-23936, -6855}, {0x00, 0x7F, 0x00, 0xFF}}},
	{{{8134, -802, 3296}, 0, {-23186, -6855}, {0x00, 0x7F, 0x00, 0xFF}}},
	{{{8134, -802, 3426}, 0, {-23186, -7259}, {0x00, 0x7F, 0x00, 0xFF}}},
	{{{9899, -802, 3791}, 0, {-28638, -8385}, {0x00, 0x7F, 0x00, 0xFF}}},
	{{{10015, -802, 3922}, 0, {-28996, -8789}, {0x00, 0x7F, 0x00, 0xFF}}},
	{{{10015, -802, 3791}, 0, {-28996, -8385}, {0x00, 0x7F, 0x00, 0xFF}}},
	{{{9773, -802, 3922}, 0, {-28246, -8789}, {0x00, 0x7F, 0x00, 0xFF}}},
	{{{9773, -802, 3296}, 0, {-28246, -6855}, {0x00, 0x7F, 0x00, 0xFF}}},
	{{{9899, -802, 3426}, 0, {-28638, -7259}, {0x00, 0x7F, 0x00, 0xFF}}},
	{{{10015, -802, 3296}, 0, {-28996, -6855}, {0x00, 0x7F, 0x00, 0xFF}}},
	{{{9773, -802, 3296}, 0, {-28246, -6855}, {0x00, 0x7F, 0x00, 0xFF}}},
	{{{9899, -802, 3426}, 0, {-28638, -7259}, {0x00, 0x7F, 0x00, 0xFF}}},
	{{{10015, -802, 3426}, 0, {-28996, -7259}, {0x00, 0x7F, 0x00, 0xFF}}},
	{{{-4296, -5000, 3959}, 0, {15204, -8905}, {0x46, 0x6A, 0x00, 0xFF}}},
	{{{-4057, -5158, 3771}, 0, {14467, -8322}, {0x46, 0x6A, 0x00, 0xFF}}},
	{{{-4296, -5000, 2845}, 0, {15204, -5463}, {0x46, 0x6A, 0x00, 0xFF}}},
	{{{-4296, -5000, 2652}, 0, {15204, -4868}, {0x31, 0x75, 0x00, 0xFF}}},
	{{{-4057, -5158, 1726}, 0, {14467, -2009}, {0x46, 0x6A, 0x00, 0xFF}}},
	{{{-4296, -5000, 1538}, 0, {15204, -1426}, {0x0C, 0x7E, 0x00, 0xFF}}},
	{{{-4350, -5000, 1795}, 0, {15372, -2220}, {0x00, 0x7F, 0x00, 0xFF}}},
	{{{-4350, -5000, 1352}, 0, {15372, -852}, {0x00, 0x7F, 0x00, 0xFF}}},
	{{{-4734, -5000, 2016}, 0, {16557, -2904}, {0x00, 0x7F, 0x00, 0xFF}}},
	{{{-5845, -5000, 2652}, 0, {19989, -4868}, {0x00, 0x7F, 0x00, 0xFF}}},
	{{{-5845, -5000, 2301}, 0, {19989, -3784}, {0x00, 0x7F, 0x00, 0xFF}}},
	{{{-6560, -5000, 1819}, 0, {22198, -2295}, {0x00, 0x7F, 0x00, 0xFF}}},
	{{{-5118, -5000, 1795}, 0, {17742, -2220}, {0x00, 0x7F, 0x00, 0xFF}}},
	{{{-5118, -5000, 1352}, 0, {17742, -852}, {0x00, 0x7F, 0x00, 0xFF}}},
	{{{-6560, -5000, 1256}, 0, {22198, -556}, {0x00, 0x7F, 0x00, 0xFF}}},
	{{{-7048, -5000, 975}, 0, {23704, 313}, {0x00, 0x7F, 0x00, 0xFF}}},
	{{{-6149, -5000, -37}, 0, {20928, 3437}, {0x00, 0x7F, 0x00, 0xFF}}},
	{{{-4350, -5000, -194}, 0, {15372, 3923}, {0x00, 0x7F, 0x00, 0xFF}}},
	{{{-4734, -5000, 1130}, 0, {16557, -167}, {0x00, 0x7F, 0x00, 0xFF}}},
	{{{-8397, -5000, -37}, 0, {27871, 3437}, {0x00, 0x7F, 0x00, 0xFF}}},
	{{{-7536, -5000, 1256}, 0, {25210, -556}, {0x00, 0x7F, 0x00, 0xFF}}},
	{{{-8885, -5000, -37}, 0, {29377, 3437}, {0x00, 0x7F, 0x00, 0xFF}}},
	{{{-7536, -5000, 1819}, 0, {25210, -2295}, {0x00, 0x7F, 0x00, 0xFF}}},
	{{{-7828, -5000, 1901}, 0, {26112, -2548}, {0x00, 0x7F, 0x00, 0xFF}}},
	{{{-8885, -5000, 1901}, 0, {29377, -2548}, {0x00, 0x7F, 0x00, 0xFF}}},
	{{{-7057, -5000, 2144}, 0, {23732, -3299}, {0x00, 0x7F, 0x00, 0xFF}}},
	{{{-7048, -5000, 2101}, 0, {23704, -3165}, {0x00, 0x7F, 0x00, 0xFF}}},
	{{{-6751, -5000, 2223}, 0, {22785, -3542}, {0x00, 0x7F, 0x00, 0xFF}}},
	{{{-6751, -5000, 2223}, 0, {22785, -3542}, {0x00, 0x7F, 0x00, 0xFF}}},
	{{{-6751, -5000, 2301}, 0, {22785, -3784}, {0x00, 0x7F, 0x00, 0xFF}}},
	{{{-5845, -5000, 2301}, 0, {19989, -3784}, {0x00, 0x7F, 0x00, 0xFF}}},
	{{{-5845, -5000, 2652}, 0, {19989, -4868}, {0x00, 0x7F, 0x00, 0xFF}}},
	{{{-7057, -5000, 2652}, 0, {23732, -4868}, {0x00, 0x7F, 0x00, 0xFF}}},
	{{{-7057, -5000, 2301}, 0, {23732, -3784}, {0x00, 0x7F, 0x00, 0xFF}}},
	{{{8740, -6995, 6021}, 0, {-25773, -15273}, {0xD7, 0x6B, 0x36, 0xFF}}},
	{{{8471, -6995, 6021}, 0, {-24227, -15273}, {0x00, 0x7F, 0x00, 0xFF}}},
	{{{8471, -6995, 7203}, 0, {-24227, -18922}, {0x00, 0x7F, 0x00, 0xFF}}},
	{{{9014, -6995, 6232}, 0, {-27348, -15738}, {0xA7, 0x4F, 0x2C, 0xFF}}},
	{{{9014, -6995, 6523}, 0, {-27348, -16185}, {0xC7, 0x72, 0x00, 0xFF}}},
	{{{9014, -6995, 6701}, 0, {-27348, -18010}, {0xC7, 0x72, 0x00, 0xFF}}},
	{{{9014, -6995, 6992}, 0, {-27348, -18456}, {0xA7, 0x4F, 0xD4, 0xFF}}},
	{{{8740, -6995, 7203}, 0, {-25773, -18922}, {0xD7, 0x6B, 0xCA, 0xFF}}},
	{{{-2504, -9301, 2908}, 0, {9669, -5657}, {0x00, 0x7F, 0x00, 0xFF}}},
	{{{-2504, -9301, 2589}, 0, {9669, -4674}, {0x00, 0x7F, 0x00, 0xFF}}},
	{{{-2741, -9301, 2589}, 0, {10403, -4674}, {0xD9, 0x79, 0x00, 0xFF}}},
	{{{-2741, -9301, 2908}, 0, {10403, -5657}, {0xD9, 0x79, 0x00, 0xFF}}},
	{{{-2887, -9374, 2586}, 0, {10854, -4663}, {0xC7, 0x72, 0x00, 0xFF}}},
	{{{-2887, -9374, 2167}, 0, {10854, -3369}, {0xC7, 0x72, 0x00, 0xFF}}},
	{{{-2741, -9301, 2280}, 0, {10403, -3720}, {0xC7, 0x72, 0x00, 0xFF}}},
	{{{-2887, -9374, 2878}, 0, {10854, -5566}, {0xC7, 0x72, 0x00, 0xFF}}},
	{{{-2741, -9301, 3217}, 0, {10403, -6611}, {0xC7, 0x72, 0x00, 0xFF}}},
	{{{-2887, -9374, 3299}, 0, {10854, -6866}, {0xC7, 0x72, 0x00, 0xFF}}},
	{{{-3446, -9301, 2748}, 0, {12580, -5166}, {0x29, 0x78, 0x00, 0xFF}}},
	{{{-3446, -9301, 3897}, 0, {12580, -8711}, {0x29, 0x78, 0x00, 0xFF}}},
	{{{-3232, -9374, 3779}, 0, {11920, -8348}, {0x29, 0x78, 0x00, 0xFF}}},
	{{{-3232, -9374, 2732}, 0, {11920, -5115}, {0x29, 0x78, 0x00, 0xFF}}},
	{{{-3446, -9301, 1302}, 0, {12580, -697}, {0x29, 0x78, 0x00, 0xFF}}},
	{{{-3232, -9374, 1409}, 0, {11920, -1028}, {0x29, 0x78, 0x00, 0xFF}}},
	{{{-2504, -9301, 1302}, 0, {9669, -697}, {0x00, 0x7F, 0x00, 0xFF}}},
	{{{-3446, -9301, 323}, 0, {12580, 2325}, {0x00, 0x7F, 0x00, 0xFF}}},
	{{{-3446, -9301, 1302}, 0, {12580, -697}, {0x00, 0x7F, 0x00, 0xFF}}},
	{{{-2504, -9301, 323}, 0, {9669, 2325}, {0x00, 0x7F, 0x00, 0xFF}}},
	{{{-2504, -9301, -373}, 0, {9669, 4474}, {0x00, 0x7F, 0x00, 0xFF}}},
	{{{-3446, -9301, -931}, 0, {12580, 6199}, {0x00, 0x7F, 0x00, 0xFF}}},
	{{{-2504, -9301, -982}, 0, {9669, 6357}, {0x00, 0x7F, 0x00, 0xFF}}},
	{{{-3446, -9301, -3101}, 0, {12580, 12900}, {0x00, 0x7F, 0x00, 0xFF}}},
	{{{-2504, -9301, -1490}, 0, {9669, 7924}, {0x00, 0x7F, 0x00, 0xFF}}},
	{{{-2504, -9301, -3101}, 0, {9669, 12900}, {0x00, 0x7F, 0x00, 0xFF}}},
	{{{-2810, -9301, -3375}, 0, {10615, 13747}, {0x00, 0x78, 0x28, 0xFF}}},
	{{{-2699, -9301, -3375}, 0, {10272, 13747}, {0x00, 0x67, 0x4A, 0xFF}}},
	{{{-3140, -9301, -3375}, 0, {11634, 13747}, {0x00, 0x78, 0x28, 0xFF}}},
	{{{-2810, -9301, -3450}, 0, {10615, 13978}, {0x00, 0x78, 0xD8, 0xFF}}},
	{{{-3140, -9301, -3450}, 0, {11634, 13978}, {0x00, 0x78, 0xD8, 0xFF}}},
	{{{-2705, -9301, -3987}, 0, {10291, 15637}, {0x00, 0x7F, 0x00, 0xFF}}},
	{{{-2705, -9301, -3450}, 0, {10291, 13978}, {0x00, 0x5A, 0xA6, 0xFF}}},
	{{{-3245, -9301, -3987}, 0, {11958, 15637}, {0x00, 0x7F, 0x00, 0xFF}}},
	{{{-3245, -9301, -3450}, 0, {11958, 13978}, {0x00, 0x5A, 0xA6, 0xFF}}},
	{{{-3251, -9301, -3375}, 0, {11977, 13747}, {0x00, 0x67, 0x4A, 0xFF}}},
	{{{-2344, -4609, 4402}, 0, {9177, -10272}, {0xD2, 0x76, 0x00, 0xFF}}},
	{{{-3349, -5000, 4402}, 0, {12280, -10272}, {0xD2, 0x76, 0x00, 0xFF}}},
	{{{-3349, -5000, 5229}, 0, {12280, -12827}, {0xD2, 0x76, 0x00, 0xFF}}},
	{{{-2344, -4609, 5229}, 0, {9177, -12827}, {0xD2, 0x76, 0x00, 0xFF}}},
	{{{-3349, -5000, 4314}, 0, {12280, -10000}, {0x00, 0x7F, 0x00, 0xFF}}},
	{{{-2344, -5000, 4314}, 0, {9177, -10000}, {0x00, 0x7F, 0x00, 0xFF}}},
	{{{-2344, -5000, 3959}, 0, {9177, -8905}, {0x00, 0x7F, 0x00, 0xFF}}},
	{{{-3620, -5000, 4314}, 0, {13116, -10000}, {0x00, 0x7F, 0x00, 0xFF}}},
	{{{-4296, -5000, 3959}, 0, {15204, -8905}, {0x00, 0x7F, 0x00, 0xFF}}},
	{{{-4350, -5000, 4145}, 0, {15372, -9480}, {0x00, 0x7F, 0x00, 0xFF}}},
	{{{-4350, -5000, 3702}, 0, {15372, -8111}, {0x00, 0x7F, 0x00, 0xFF}}},
	{{{-4296, -5000, 2845}, 0, {15204, -5463}, {0x00, 0x7F, 0x00, 0xFF}}},
	{{{-4734, -5000, 3481}, 0, {16557, -7427}, {0x00, 0x7F, 0x00, 0xFF}}},
	{{{-4350, -5000, 3702}, 0, {15372, -8111}, {0x00, 0x7F, 0x00, 0xFF}}},
	{{{-4296, -5000, 2845}, 0, {15204, -5463}, {0x00, 0x7F, 0x00, 0xFF}}},
	{{{-5820, -5000, 3517}, 0, {19912, -7540}, {0x00, 0x7F, 0xFF, 0xFF}}},
	{{{-5845, -5000, 2845}, 0, {19989, -5463}, {0x00, 0x7F, 0x00, 0xFF}}},
	{{{-5845, -5000, 3196}, 0, {19989, -6547}, {0x00, 0x7F, 0x00, 0xFF}}},
	{{{-6751, -5000, 3196}, 0, {22785, -6547}, {0x00, 0x7F, 0x00, 0xFF}}},
	{{{-7057, -5000, 2845}, 0, {23732, -5463}, {0x00, 0x7F, 0x00, 0xFF}}},
	{{{-7057, -5000, 3196}, 0, {23732, -6547}, {0x00, 0x7F, 0x00, 0xFF}}},
	{{{-6751, -5000, 3274}, 0, {22785, -6790}, {0x00, 0x7F, 0x00, 0xFF}}},
	{{{-6560, -5000, 3678}, 0, {22198, -8036}, {0x00, 0x7F, 0x00, 0xFF}}},
	{{{-7048, -5000, 3396}, 0, {23704, -7166}, {0x00, 0x7F, 0x00, 0xFF}}},
	{{{-7057, -5000, 3353}, 0, {23732, -7032}, {0x00, 0x7F, 0x00, 0xFF}}},
	{{{-7536, -5000, 3678}, 0, {25210, -8036}, {0x00, 0x7F, 0x00, 0xFF}}},
	{{{-7828, -5000, 3596}, 0, {26112, -7783}, {0x00, 0x7F, 0x00, 0xFF}}},
	{{{-8885, -5000, 5534}, 0, {29377, -13768}, {0x00, 0x7F, 0x00, 0xFF}}},
	{{{-8885, -5000, 3596}, 0, {29377, -7783}, {0x00, 0x7F, 0x00, 0xFF}}},
	{{{-7536, -5000, 4241}, 0, {25210, -9775}, {0x00, 0x7F, 0x00, 0xFF}}},
	{{{-8397, -5000, 5534}, 0, {27871, -13768}, {0x00, 0x7F, 0x00, 0xFF}}},
	{{{-7048, -5000, 4522}, 0, {23704, -10644}, {0x00, 0x7F, 0x00, 0xFF}}},
	{{{-6149, -5000, 5534}, 0, {20928, -13768}, {0x00, 0x7F, 0x00, 0xFF}}},
	{{{-6060, -5000, 4881}, 0, {20654, -11752}, {0x00, 0x7F, 0x00, 0xFF}}},
	{{{-5749, -5000, 4865}, 0, {19692, -11703}, {0x00, 0x7F, 0x00, 0xFF}}},
	{{{-4350, -5000, 5691}, 0, {15372, -14254}, {0x00, 0x7F, 0x00, 0xFF}}},
	{{{-5469, -5000, 4398}, 0, {18827, -10261}, {0x00, 0x7F, 0x00, 0xFF}}},
	{{{-5118, -5000, 4145}, 0, {17742, -9480}, {0x01, 0x7F, 0x01, 0xFF}}},
	{{{-4734, -5000, 4367}, 0, {16557, -10164}, {0x00, 0x7F, 0x00, 0xFF}}},
	{{{-4350, -5000, 4145}, 0, {15372, -9480}, {0x00, 0x7F, 0x00, 0xFF}}},
	{{{-3620, -5000, 4402}, 0, {13116, -10272}, {0x00, 0x7F, 0x00, 0xFF}}},
	{{{-3620, -5000, 5229}, 0, {13116, -12827}, {0x00, 0x7F, 0x00, 0xFF}}},
	{{{-4350, -5000, 5840}, 0, {15372, -14713}, {0x00, 0x7F, 0x00, 0xFF}}},
	{{{-3620, -5000, 5317}, 0, {13116, -13100}, {0x00, 0x7F, 0x00, 0xFF}}},
	{{{-4350, -5000, 5840}, 0, {15372, -14713}, {0x00, 0x7F, 0x00, 0xFF}}},
	{{{-3349, -5000, 5317}, 0, {12280, -13100}, {0x00, 0x7F, 0x00, 0xFF}}},
	{{{-3620, -5000, 5317}, 0, {13116, -13100}, {0x00, 0x7F, 0x00, 0xFF}}},
	{{{-2344, -5000, 5840}, 0, {9177, -14713}, {0x00, 0x7F, 0x00, 0xFF}}},
	{{{-2344, -5000, 5317}, 0, {9177, -13100}, {0x00, 0x7F, 0x00, 0xFF}}},
	{{{-3349, -5000, 5229}, 0, {12280, -12827}, {0x00, 0x7F, 0x00, 0xFF}}},
	{{{-3620, -5000, 4402}, 0, {13116, -10272}, {0x00, 0x7F, 0x00, 0xFF}}},
	{{{-3620, -5000, 5229}, 0, {13116, -12827}, {0x00, 0x7F, 0x00, 0xFF}}},
	{{{-3349, -5000, 4402}, 0, {12280, -10272}, {0x00, 0x7F, 0x00, 0xFF}}},
	{{{-4350, -5000, 4145}, 0, {15372, -9480}, {0x00, 0x7F, 0x00, 0xFF}}},
	{{{-3620, -5000, 4314}, 0, {13116, -10000}, {0x00, 0x7F, 0x00, 0xFF}}},
	{{{-2344, -4609, 4402}, 0, {9177, -10272}, {0x00, 0x7F, 0x00, 0xFF}}},
	{{{-2344, -4609, 5229}, 0, {9177, -12827}, {0x00, 0x7F, 0x00, 0xFF}}},
	{{{1422, -4609, 5229}, 0, {-2456, -12827}, {0x00, 0x7F, 0x00, 0xFF}}},
	{{{1422, -4609, 4402}, 0, {-2456, -10272}, {0x00, 0x7F, 0x00, 0xFF}}},
	{{{-4734, -5000, 3481}, 0, {16557, -7427}, {0x00, 0x7F, 0x00, 0xFF}}},
	{{{-5820, -5000, 3517}, 0, {19912, -7540}, {0x00, 0x7F, 0xFF, 0xFF}}},
	{{{-5516, -4986, 3655}, 0, {18974, -7967}, {0x01, 0x7F, 0xF9, 0xFF}}},
	{{{-5118, -5000, 3702}, 0, {17742, -8111}, {0x04, 0x7F, 0x05, 0xFF}}},
	{{{-5118, -5000, 4145}, 0, {17742, -9480}, {0x01, 0x7F, 0x01, 0xFF}}},
	{{{-5329, -5000, 4164}, 0, {18395, -9537}, {0x01, 0x7F, 0x01, 0xFF}}},
	{{{-5469, -5000, 4398}, 0, {18827, -10261}, {0x00, 0x7F, 0x00, 0xFF}}},
	{{{-8385, -4800, 2887}, 0, {27832, -5593}, {0x00, 0x7F, 0x00, 0xFF}}},
	{{{-7828, -4800, 2845}, 0, {26112, -5463}, {0x10, 0x7E, 0x00, 0xFF}}},
	{{{-8385, -4800, 2845}, 0, {27832, -5463}, {0x00, 0x7F, 0x00, 0xFF}}},
	{{{-7828, -4800, 3376}, 0, {26112, -7104}, {0x0F, 0x7E, 0x00, 0xFF}}},
	{{{-9017, -4800, 3376}, 0, {29785, -7104}, {0x00, 0x7F, 0x00, 0xFF}}},
	{{{-8716, -4800, 2887}, 0, {28854, -5593}, {0x00, 0x7F, 0x00, 0xFF}}},
	{{{-8716, -4800, 2610}, 0, {28854, -4738}, {0x00, 0x7F, 0x00, 0xFF}}},
	{{{-9017, -4800, 2121}, 0, {29785, -3228}, {0x00, 0x7F, 0x00, 0xFF}}},
	{{{-8385, -4800, 2610}, 0, {27832, -4738}, {0x00, 0x7F, 0x00, 0xFF}}},
	{{{-7828, -4800, 2121}, 0, {26112, -3228}, {0x0F, 0x7E, 0x00, 0xFF}}},
	{{{-8385, -4800, 2610}, 0, {27832, -4738}, {0x00, 0x7F, 0x00, 0xFF}}},
	{{{-7828, -4800, 2652}, 0, {26112, -4868}, {0x10, 0x7E, 0x00, 0xFF}}},
	{{{-7828, -4800, 2121}, 0, {26112, -3228}, {0x0F, 0x7E, 0x00, 0xFF}}},
	{{{-8385, -4800, 2652}, 0, {27832, -4868}, {0x00, 0x7F, 0x00, 0xFF}}},
	{{{-7057, -5000, 2652}, 0, {23732, -4868}, {0x20, 0x7B, 0x00, 0xFF}}},
	{{{-7057, -5000, 2301}, 0, {23732, -3784}, {0x20, 0x7B, 0x00, 0xFF}}},
	{{{-7057, -5000, 2845}, 0, {23732, -5463}, {0x20, 0x7B, 0x00, 0xFF}}},
	{{{-7828, -4800, 2845}, 0, {26112, -5463}, {0x10, 0x7E, 0x00, 0xFF}}},
	{{{-7828, -4800, 3376}, 0, {26112, -7104}, {0x0F, 0x7E, 0x00, 0xFF}}},
	{{{-7057, -5000, 3196}, 0, {23732, -6547}, {0x20, 0x7B, 0x00, 0xFF}}},
	{{{-6158, -5000, 3887}, 0, {20954, -8681}, {0x00, 0x7F, 0x00, 0xFF}}},
	{{{-5820, -5000, 3517}, 0, {19912, -7540}, {0x00, 0x7F, 0xFF, 0xFF}}},
	{{{-5845, -5000, 3196}, 0, {19989, -6547}, {0x00, 0x7F, 0x00, 0xFF}}},
	{{{-6560, -5000, 3678}, 0, {22198, -8036}, {0x00, 0x7F, 0x00, 0xFF}}},
	{{{-6336, -5000, 4378}, 0, {21505, -10197}, {0x00, 0x7F, 0x00, 0xFF}}},
	{{{-6560, -5000, 4241}, 0, {22198, -9775}, {0x00, 0x7F, 0x00, 0xFF}}},
	{{{-6060, -5000, 4881}, 0, {20654, -11752}, {0x00, 0x7F, 0x00, 0xFF}}},
	{{{-7048, -5000, 4522}, 0, {23704, -10644}, {0x00, 0x7F, 0x00, 0xFF}}},
	{{{-2504, -9301, 3217}, 0, {9669, -6611}, {0x00, 0x5F, 0x54, 0xFF}}},
	{{{-2741, -9301, 3217}, 0, {10403, -6611}, {0x00, 0x5F, 0x54, 0xFF}}},
	{{{-2887, -9374, 3299}, 0, {10854, -6866}, {0x00, 0x5F, 0x54, 0xFF}}},
	{{{-2698, -9374, 3299}, 0, {10270, -6866}, {0x00, 0x5F, 0x54, 0xFF}}},
	{{{-2504, -9301, 3897}, 0, {9669, -8711}, {0xD3, 0x77, 0x00, 0xFF}}},
	{{{-2504, -9301, 3217}, 0, {9669, -6611}, {0xD3, 0x77, 0x00, 0xFF}}},
	{{{-2698, -9374, 3299}, 0, {10270, -6866}, {0xD3, 0x77, 0x00, 0xFF}}},
	{{{-2698, -9374, 3779}, 0, {10270, -8348}, {0xD3, 0x77, 0x00, 0xFF}}},
	{{{-2698, -9374, 3779}, 0, {10270, -8348}, {0x00, 0x7F, 0x00, 0xFF}}},
	{{{-2698, -9374, 3299}, 0, {10270, -6866}, {0x00, 0x7F, 0x00, 0xFF}}},
	{{{-2887, -9374, 3299}, 0, {10854, -6866}, {0x00, 0x7F, 0x00, 0xFF}}},
	{{{-3232, -9374, 3779}, 0, {11920, -8348}, {0x00, 0x7F, 0x00, 0xFF}}},
	{{{-2887, -9374, 2878}, 0, {10854, -5566}, {0x00, 0x7F, 0x00, 0xFF}}},
	{{{-3232, -9374, 2732}, 0, {11920, -5115}, {0x00, 0x7F, 0x00, 0xFF}}},
	{{{-2887, -9374, 2586}, 0, {10854, -4663}, {0x00, 0x7F, 0x00, 0xFF}}},
	{{{-3232, -9374, 2732}, 0, {11920, -5115}, {0x00, 0x7F, 0x00, 0xFF}}},
	{{{-2887, -9374, 2878}, 0, {10854, -5566}, {0x00, 0x7F, 0x00, 0xFF}}},
	{{{-3232, -9374, 1409}, 0, {11920, -1028}, {0x00, 0x7F, 0x00, 0xFF}}},
	{{{-2887, -9374, 2167}, 0, {10854, -3369}, {0x00, 0x7F, 0x00, 0xFF}}},
	{{{-2698, -9374, 2167}, 0, {10270, -3369}, {0x00, 0x7F, 0x00, 0xFF}}},
	{{{-2698, -9374, 1409}, 0, {10270, -1028}, {0x00, 0x7F, 0x00, 0xFF}}},
	{{{-2504, -9301, 1302}, 0, {9669, -697}, {0x00, 0x69, 0x48, 0xFF}}},
	{{{-3446, -9301, 1302}, 0, {12580, -697}, {0x00, 0x69, 0x48, 0xFF}}},
	{{{-3232, -9374, 1409}, 0, {11920, -1028}, {0x00, 0x69, 0x48, 0xFF}}},
	{{{-2698, -9374, 1409}, 0, {10270, -1028}, {0x00, 0x69, 0x48, 0xFF}}},
	{{{-3446, -9301, 3897}, 0, {12580, -8711}, {0x00, 0x6C, 0xBD, 0xFF}}},
	{{{-2504, -9301, 3897}, 0, {9669, -8711}, {0x00, 0x6C, 0xBD, 0xFF}}},
	{{{-2698, -9374, 3779}, 0, {10270, -8348}, {0x00, 0x6C, 0xBD, 0xFF}}},
	{{{-3232, -9374, 3779}, 0, {11920, -8348}, {0x00, 0x6C, 0xBD, 0xFF}}},
	{{{-2504, -9301, 2280}, 0, {9669, -3720}, {0xD3, 0x77, 0x00, 0xFF}}},
	{{{-2504, -9301, 1302}, 0, {9669, -697}, {0xD3, 0x77, 0x00, 0xFF}}},
	{{{-2698, -9374, 1409}, 0, {10270, -1028}, {0xD3, 0x77, 0x00, 0xFF}}},
	{{{-2698, -9374, 2167}, 0, {10270, -3369}, {0xD3, 0x77, 0x00, 0xFF}}},
	{{{-2741, -9301, 2280}, 0, {10403, -3720}, {0x00, 0x6B, 0xBB, 0xFF}}},
	{{{-2504, -9301, 2280}, 0, {9669, -3720}, {0x00, 0x6B, 0xBB, 0xFF}}},
	{{{-2698, -9374, 2167}, 0, {10270, -3369}, {0x00, 0x6B, 0xBB, 0xFF}}},
	{{{-2887, -9374, 2167}, 0, {10854, -3369}, {0x00, 0x6B, 0xBB, 0xFF}}},
	{{{6702, -3916, 4390}, 0, {-18764, -10235}, {0x29, 0x78, 0x00, 0xFF}}},
	{{{7170, -4077, 4390}, 0, {-20209, -10235}, {0x29, 0x78, 0x00, 0xFF}}},
	{{{7170, -4077, 3999}, 0, {-20209, -9027}, {0x29, 0x78, 0x00, 0xFF}}},
	{{{6702, -3916, 3999}, 0, {-18764, -9027}, {0x29, 0x78, 0x00, 0xFF}}},
	{{{7170, -4077, 3999}, 0, {-20209, -9027}, {0x00, 0x7F, 0x00, 0xFF}}},
	{{{7170, -4077, 4390}, 0, {-20209, -10235}, {0x00, 0x7F, 0x00, 0xFF}}},
	{{{7296, -4077, 4390}, 0, {-20598, -10235}, {0x00, 0x7F, 0x00, 0xFF}}},
	{{{7296, -4077, 3999}, 0, {-20598, -9027}, {0x00, 0x7F, 0x00, 0xFF}}},
	{{{6566, -3916, 4390}, 0, {-18341, -10235}, {0x5A, 0x5A, 0x00, 0xFF}}},
	{{{6702, -3916, 4390}, 0, {-18764, -10235}, {0x00, 0x7F, 0x00, 0xFF}}},
	{{{6702, -3916, 3999}, 0, {-18764, -9027}, {0x00, 0x7F, 0x00, 0xFF}}},
	{{{6566, -3916, 4266}, 0, {-18341, -9852}, {0x39, 0x72, 0x00, 0xFF}}},
	{{{6566, -3916, 4123}, 0, {-18341, -9410}, {0x39, 0x72, 0x00, 0xFF}}},
	{{{6566, -3916, 3999}, 0, {-18341, -9027}, {0x5A, 0x5A, 0x00, 0xFF}}},
	{{{6566, -3916, 4266}, 0, {-18341, -9852}, {0x00, 0x5A, 0xA6, 0xFF}}},
	{{{6566, -3916, 4123}, 0, {-18341, -9410}, {0x00, 0x5A, 0x5A, 0xFF}}},
	{{{6525, -3916, 4123}, 0, {-18216, -9410}, {0x00, 0x5A, 0x5A, 0xFF}}},
	{{{6525, -3916, 4266}, 0, {-18216, -9852}, {0x00, 0x5A, 0xA6, 0xFF}}},
	{{{6525, -3916, 4266}, 0, {-18216, -9852}, {0xC7, 0x72, 0x00, 0xFF}}},
	{{{6525, -3916, 4123}, 0, {-18216, -9410}, {0xC7, 0x72, 0x00, 0xFF}}},
	{{{6065, -3916, 3927}, 0, {-16795, -8806}, {0x00, 0x5A, 0x5A, 0xFF}}},
	{{{6065, -3916, 4461}, 0, {-16795, -10456}, {0x00, 0x5A, 0xA6, 0xFF}}},
	{{{6065, -3916, 3927}, 0, {-16795, -8806}, {0x7F, 0x00, 0x00, 0xFF}}},
	{{{6065, -3524, 3927}, 0, {-16795, -8806}, {0x7F, 0x00, 0x00, 0xFF}}},
	{{{6065, -3524, 4461}, 0, {-16795, -10456}, {0x7F, 0x00, 0x00, 0xFF}}},
	{{{6065, -3916, 4461}, 0, {-16795, -10456}, {0x7F, 0x00, 0x00, 0xFF}}},
	{{{5603, -7614, 7503}, 0, {-15369, -19851}, {0x00, 0x28, 0x88, 0xFF}}},
	{{{5603, -7614, 5720}, 0, {-15369, -14344}, {0x00, 0x28, 0x78, 0xFF}}},
	{{{5474, -7614, 5720}, 0, {-14972, -14344}, {0x00, 0x39, 0x72, 0xFF}}},
	{{{5474, -7614, 7503}, 0, {-14972, -19851}, {0x00, 0x39, 0x8E, 0xFF}}},
	{{{5474, -7614, 7503}, 0, {-14972, -19851}, {0xAA, 0x0D, 0xA3, 0xFF}}},
	{{{5474, -7614, 5720}, 0, {-14972, -14344}, {0xAA, 0x0D, 0x5D, 0xFF}}},
	{{{5474, -8930, 5905}, 0, {-14972, -14914}, {0xA2, 0x0C, 0x55, 0xFF}}},
	{{{5474, -8930, 7319}, 0, {-14972, -19281}, {0xA2, 0x0C, 0xAB, 0xFF}}},
	{{{9014, -6995, 6523}, 0, {-27348, -16185}, {0x00, 0x5A, 0x5A, 0xFF}}},
	{{{9014, -6995, 6701}, 0, {-27348, -18010}, {0x00, 0x5A, 0xA6, 0xFF}}},
	{{{9079, -6995, 6701}, 0, {-27348, -18010}, {0x00, 0x5A, 0xA6, 0xFF}}},
	{{{9079, -6995, 6523}, 0, {-27348, -16185}, {0x00, 0x5A, 0x5A, 0xFF}}},
	{{{9079, -6995, 6523}, 0, {-27348, -16185}, {0x39, 0x72, 0x00, 0xFF}}},
	{{{9079, -6995, 6701}, 0, {-27348, -18010}, {0x39, 0x72, 0x00, 0xFF}}},
	{{{9525, -6995, 6903}, 0, {-27348, -18010}, {0x00, 0x5A, 0xA6, 0xFF}}},
	{{{9525, -6995, 6321}, 0, {-27348, -16185}, {0x00, 0x5A, 0x5A, 0xFF}}},
	{{{966, -6449, 6619}, 0, {-612, -17025}, {0x00, 0x7F, 0x00, 0xFF}}},
	{{{417, -6449, 7503}, 0, {972, -19851}, {0x00, 0x7F, 0x00, 0xFF}}},
	{{{1056, -6449, 7503}, 0, {-176, -19851}, {0x00, 0x7F, 0x00, 0xFF}}},
	{{{966, -6449, 6269}, 0, {-721, -16319}, {0xFF, 0x5A, 0x5A, 0xFF}}},
	{{{771, -6449, 6269}, 0, {-298, -16881}, {0xFF, 0x79, 0x28, 0xFF}}},
	{{{574, -6449, 6269}, 0, {548, -18004}, {0x00, 0x78, 0x28, 0xFF}}},
	{{{417, -6449, 6269}, 0, {972, -18566}, {0x00, 0x5A, 0x5A, 0xFF}}},
	{{{574, -6449, 6170}, 0, {972, -17282}, {0x00, 0x78, 0xD8, 0xFF}}},
	{{{574, -6449, 6269}, 0, {972, -18566}, {0x00, 0x78, 0x28, 0xFF}}},
	{{{771, -6449, 6269}, 0, {-721, -16319}, {0xFF, 0x79, 0x28, 0xFF}}},
	{{{771, -6449, 6170}, 0, {-830, -15612}, {0x00, 0x78, 0xD8, 0xFF}}},
	{{{-2050, -4125, 6031}, 0, {8267, -15305}, {0x00, 0x7F, 0x00, 0xFF}}},
	{{{-2050, -4125, 7191}, 0, {8267, -18887}, {0x00, 0x7F, 0x00, 0xFF}}},
	{{{-1531, -4125, 6752}, 0, {6665, -17531}, {0x00, 0x7F, 0x00, 0xFF}}},
	{{{-1331, -4125, 6752}, 0, {6047, -17531}, {0x00, 0x7F, 0x00, 0xFF}}},
	{{{-32, -4125, 7191}, 0, {2035, -18887}, {0x00, 0x7F, 0x00, 0xFF}}},
	{{{-847, -4125, 6501}, 0, {4552, -16755}, {0x00, 0x7F, 0x00, 0xFF}}},
	{{{-647, -4125, 6501}, 0, {3935, -16755}, {0x00, 0x7F, 0x00, 0xFF}}},
	{{{-647, -4125, 6301}, 0, {3935, -16138}, {0x00, 0x7F, 0x00, 0xFF}}},
	{{{-32, -4125, 6031}, 0, {2035, -15305}, {0x00, 0x7F, 0x00, 0xFF}}},
	{{{-847, -4125, 6301}, 0, {4552, -16138}, {0x00, 0x7F, 0x00, 0xFF}}},
	{{{-1331, -4125, 6552}, 0, {6047, -16913}, {0x00, 0x7F, 0x00, 0xFF}}},
	{{{-1531, -4125, 6552}, 0, {6665, -16913}, {0x00, 0x7F, 0x00, 0xFF}}},
};

Gfx catamesa_dl_Plane_003_mesh_layer_1_tri_6[] = {
	gsSPVertex(catamesa_dl_Plane_003_mesh_layer_1_vtx_6 + 0, 32, 0),
	gsSP2Triangles(0, 1, 2, 0, 3, 4, 5, 0),
	gsSP2Triangles(3, 5, 6, 0, 7, 8, 9, 0),
	gsSP2Triangles(7, 10, 8, 0, 11, 10, 7, 0),
	gsSP2Triangles(11, 7, 12, 0, 12, 7, 13, 0),
	gsSP2Triangles(12, 13, 14, 0, 11, 12, 15, 0),
	gsSP2Triangles(11, 15, 16, 0, 17, 16, 15, 0),
	gsSP2Triangles(18, 17, 15, 0, 15, 19, 18, 0),
	gsSP2Triangles(15, 20, 19, 0, 18, 19, 21, 0),
	gsSP2Triangles(18, 21, 22, 0, 23, 22, 21, 0),
	gsSP2Triangles(21, 24, 23, 0, 21, 25, 24, 0),
	gsSP2Triangles(23, 26, 22, 0, 26, 23, 27, 0),
	gsSP2Triangles(26, 27, 28, 0, 29, 30, 31, 0),
	gsSPVertex(catamesa_dl_Plane_003_mesh_layer_1_vtx_6 + 32, 32, 0),
	gsSP2Triangles(0, 1, 2, 0, 1, 3, 2, 0),
	gsSP2Triangles(1, 4, 3, 0, 5, 4, 1, 0),
	gsSP2Triangles(5, 6, 4, 0, 2, 3, 7, 0),
	gsSP2Triangles(2, 7, 8, 0, 9, 10, 11, 0),
	gsSP2Triangles(9, 12, 10, 0, 9, 13, 12, 0),
	gsSP2Triangles(9, 14, 13, 0, 15, 13, 14, 0),
	gsSP2Triangles(15, 14, 16, 0, 17, 15, 16, 0),
	gsSP2Triangles(17, 16, 18, 0, 19, 20, 21, 0),
	gsSP2Triangles(19, 21, 22, 0, 19, 22, 23, 0),
	gsSP2Triangles(23, 22, 24, 0, 23, 24, 25, 0),
	gsSP2Triangles(25, 26, 23, 0, 26, 27, 23, 0),
	gsSP2Triangles(28, 29, 30, 0, 28, 30, 31, 0),
	gsSPVertex(catamesa_dl_Plane_003_mesh_layer_1_vtx_6 + 64, 30, 0),
	gsSP2Triangles(0, 1, 2, 0, 0, 2, 3, 0),
	gsSP2Triangles(3, 2, 4, 0, 3, 4, 5, 0),
	gsSP2Triangles(5, 4, 6, 0, 5, 6, 7, 0),
	gsSP2Triangles(8, 9, 10, 0, 8, 10, 11, 0),
	gsSP2Triangles(12, 13, 14, 0, 12, 14, 15, 0),
	gsSP2Triangles(16, 17, 18, 0, 16, 19, 17, 0),
	gsSP2Triangles(19, 16, 20, 0, 16, 21, 20, 0),
	gsSP2Triangles(19, 20, 22, 0, 23, 19, 22, 0),
	gsSP2Triangles(24, 25, 26, 0, 26, 25, 27, 0),
	gsSP2Triangles(27, 25, 28, 0, 26, 27, 29, 0),
	gsSPVertex(catamesa_dl_Plane_003_mesh_layer_1_vtx_6 + 94, 32, 0),
	gsSP2Triangles(0, 1, 2, 0, 0, 2, 3, 0),
	gsSP2Triangles(2, 4, 3, 0, 2, 5, 4, 0),
	gsSP2Triangles(6, 4, 5, 0, 6, 7, 4, 0),
	gsSP2Triangles(7, 8, 4, 0, 7, 9, 8, 0),
	gsSP2Triangles(10, 8, 9, 0, 10, 11, 8, 0),
	gsSP2Triangles(11, 12, 8, 0, 11, 13, 12, 0),
	gsSP2Triangles(13, 14, 12, 0, 13, 15, 14, 0),
	gsSP2Triangles(14, 3, 12, 0, 14, 0, 3, 0),
	gsSP2Triangles(16, 17, 18, 0, 16, 19, 17, 0),
	gsSP2Triangles(16, 20, 19, 0, 16, 21, 20, 0),
	gsSP2Triangles(21, 22, 20, 0, 21, 23, 22, 0),
	gsSP2Triangles(24, 23, 21, 0, 25, 24, 21, 0),
	gsSP2Triangles(24, 26, 23, 0, 27, 26, 24, 0),
	gsSP2Triangles(27, 28, 26, 0, 29, 28, 27, 0),
	gsSP2Triangles(30, 29, 27, 0, 29, 31, 28, 0),
	gsSPVertex(catamesa_dl_Plane_003_mesh_layer_1_vtx_6 + 126, 30, 0),
	gsSP2Triangles(0, 1, 2, 0, 3, 4, 5, 0),
	gsSP2Triangles(6, 7, 8, 0, 6, 8, 9, 0),
	gsSP2Triangles(10, 11, 12, 0, 10, 12, 13, 0),
	gsSP2Triangles(14, 15, 16, 0, 14, 16, 17, 0),
	gsSP2Triangles(18, 19, 20, 0, 21, 18, 20, 0),
	gsSP2Triangles(21, 20, 22, 0, 23, 21, 22, 0),
	gsSP2Triangles(24, 18, 21, 0, 24, 25, 18, 0),
	gsSP2Triangles(26, 27, 28, 0, 26, 28, 29, 0),
	gsSPVertex(catamesa_dl_Plane_003_mesh_layer_1_vtx_6 + 156, 31, 0),
	gsSP2Triangles(0, 1, 2, 0, 3, 1, 0, 0),
	gsSP2Triangles(3, 4, 1, 0, 5, 4, 3, 0),
	gsSP2Triangles(5, 3, 6, 0, 7, 5, 6, 0),
	gsSP2Triangles(7, 6, 8, 0, 9, 8, 6, 0),
	gsSP2Triangles(9, 6, 10, 0, 11, 7, 8, 0),
	gsSP2Triangles(11, 8, 12, 0, 11, 12, 13, 0),
	gsSP2Triangles(11, 13, 14, 0, 14, 13, 15, 0),
	gsSP2Triangles(16, 17, 18, 0, 16, 18, 19, 0),
	gsSP2Triangles(18, 20, 19, 0, 18, 21, 20, 0),
	gsSP2Triangles(22, 21, 18, 0, 22, 23, 21, 0),
	gsSP2Triangles(24, 23, 22, 0, 25, 24, 22, 0),
	gsSP2Triangles(25, 26, 24, 0, 24, 27, 23, 0),
	gsSP2Triangles(24, 28, 27, 0, 27, 29, 23, 0),
	gsSP1Triangle(27, 30, 29, 0),
	gsSPVertex(catamesa_dl_Plane_003_mesh_layer_1_vtx_6 + 187, 32, 0),
	gsSP2Triangles(0, 1, 2, 0, 0, 2, 3, 0),
	gsSP2Triangles(4, 5, 6, 0, 6, 5, 3, 0),
	gsSP2Triangles(7, 3, 5, 0, 7, 5, 8, 0),
	gsSP2Triangles(6, 3, 9, 0, 10, 11, 12, 0),
	gsSP2Triangles(10, 13, 11, 0, 14, 13, 10, 0),
	gsSP2Triangles(14, 15, 13, 0, 11, 13, 16, 0),
	gsSP2Triangles(11, 16, 17, 0, 18, 19, 20, 0),
	gsSP2Triangles(18, 21, 19, 0, 21, 22, 19, 0),
	gsSP2Triangles(21, 23, 22, 0, 23, 24, 22, 0),
	gsSP2Triangles(22, 24, 25, 0, 26, 27, 28, 0),
	gsSP2Triangles(29, 27, 26, 0, 30, 29, 26, 0),
	gsSP1Triangle(30, 26, 31, 0),
	gsSPVertex(catamesa_dl_Plane_003_mesh_layer_1_vtx_6 + 219, 32, 0),
	gsSP2Triangles(0, 1, 2, 0, 0, 2, 3, 0),
	gsSP2Triangles(4, 5, 6, 0, 5, 7, 6, 0),
	gsSP2Triangles(5, 8, 7, 0, 8, 9, 7, 0),
	gsSP2Triangles(10, 7, 9, 0, 10, 9, 11, 0),
	gsSP2Triangles(12, 7, 10, 0, 12, 13, 7, 0),
	gsSP2Triangles(12, 14, 13, 0, 12, 15, 14, 0),
	gsSP2Triangles(12, 16, 15, 0, 17, 15, 16, 0),
	gsSP2Triangles(17, 18, 15, 0, 19, 18, 17, 0),
	gsSP2Triangles(19, 17, 20, 0, 17, 21, 20, 0),
	gsSP2Triangles(17, 22, 21, 0, 22, 11, 21, 0),
	gsSP2Triangles(19, 20, 23, 0, 24, 19, 23, 0),
	gsSP2Triangles(24, 23, 25, 0, 26, 24, 25, 0),
	gsSP2Triangles(26, 25, 27, 0, 25, 28, 27, 0),
	gsSP2Triangles(26, 27, 29, 0, 26, 29, 30, 0),
	gsSP2Triangles(30, 29, 31, 0, 30, 31, 15, 0),
	gsSP1Triangle(31, 14, 15, 0),
	gsSPVertex(catamesa_dl_Plane_003_mesh_layer_1_vtx_6 + 251, 30, 0),
	gsSP2Triangles(0, 1, 2, 0, 1, 3, 2, 0),
	gsSP2Triangles(1, 4, 3, 0, 1, 5, 4, 0),
	gsSP2Triangles(6, 7, 8, 0, 9, 6, 8, 0),
	gsSP2Triangles(8, 10, 9, 0, 8, 11, 10, 0),
	gsSP2Triangles(8, 12, 11, 0, 8, 13, 12, 0),
	gsSP2Triangles(14, 15, 16, 0, 14, 16, 17, 0),
	gsSP2Triangles(17, 16, 18, 0, 16, 19, 18, 0),
	gsSP2Triangles(16, 20, 19, 0, 17, 18, 21, 0),
	gsSP2Triangles(22, 17, 21, 0, 22, 21, 23, 0),
	gsSP2Triangles(24, 25, 26, 0, 24, 26, 27, 0),
	gsSP2Triangles(28, 24, 27, 0, 28, 27, 29, 0),
	gsSPVertex(catamesa_dl_Plane_003_mesh_layer_1_vtx_6 + 281, 32, 0),
	gsSP2Triangles(0, 1, 2, 0, 0, 3, 1, 0),
	gsSP2Triangles(3, 4, 1, 0, 4, 5, 1, 0),
	gsSP2Triangles(4, 6, 5, 0, 6, 7, 5, 0),
	gsSP2Triangles(6, 8, 7, 0, 8, 9, 7, 0),
	gsSP2Triangles(7, 9, 10, 0, 9, 11, 10, 0),
	gsSP2Triangles(7, 10, 12, 0, 12, 10, 13, 0),
	gsSP2Triangles(12, 13, 14, 0, 14, 13, 15, 0),
	gsSP2Triangles(15, 13, 16, 0, 14, 15, 17, 0),
	gsSP2Triangles(18, 14, 17, 0, 19, 7, 12, 0),
	gsSP2Triangles(20, 21, 22, 0, 20, 22, 23, 0),
	gsSP2Triangles(24, 25, 26, 0, 27, 24, 26, 0),
	gsSP2Triangles(27, 26, 28, 0, 29, 27, 28, 0),
	gsSP2Triangles(30, 29, 28, 0, 30, 28, 31, 0),
	gsSPVertex(catamesa_dl_Plane_003_mesh_layer_1_vtx_6 + 313, 32, 0),
	gsSP2Triangles(0, 1, 2, 0, 0, 2, 3, 0),
	gsSP2Triangles(3, 2, 4, 0, 3, 4, 5, 0),
	gsSP2Triangles(6, 5, 4, 0, 6, 4, 7, 0),
	gsSP2Triangles(6, 7, 8, 0, 9, 5, 6, 0),
	gsSP2Triangles(9, 10, 5, 0, 11, 10, 9, 0),
	gsSP2Triangles(11, 9, 12, 0, 13, 11, 12, 0),
	gsSP2Triangles(13, 12, 14, 0, 13, 14, 15, 0),
	gsSP2Triangles(15, 14, 16, 0, 13, 15, 17, 0),
	gsSP2Triangles(17, 15, 18, 0, 17, 18, 19, 0),
	gsSP2Triangles(19, 18, 20, 0, 19, 20, 21, 0),
	gsSP2Triangles(21, 20, 22, 0, 20, 23, 22, 0),
	gsSP2Triangles(23, 24, 22, 0, 25, 24, 23, 0),
	gsSP2Triangles(25, 23, 26, 0, 26, 23, 27, 0),
	gsSP2Triangles(23, 28, 27, 0, 23, 29, 28, 0),
	gsSP2Triangles(30, 29, 23, 0, 30, 31, 29, 0),
	gsSPVertex(catamesa_dl_Plane_003_mesh_layer_1_vtx_6 + 345, 32, 0),
	gsSP2Triangles(0, 1, 2, 0, 0, 3, 1, 0),
	gsSP2Triangles(3, 4, 1, 0, 5, 6, 7, 0),
	gsSP2Triangles(5, 8, 6, 0, 9, 6, 10, 0),
	gsSP2Triangles(11, 12, 13, 0, 11, 13, 14, 0),
	gsSP2Triangles(15, 16, 17, 0, 17, 18, 15, 0),
	gsSP2Triangles(19, 18, 17, 0, 19, 17, 20, 0),
	gsSP2Triangles(20, 21, 19, 0, 22, 23, 24, 0),
	gsSP2Triangles(22, 25, 23, 0, 26, 25, 22, 0),
	gsSP2Triangles(26, 22, 27, 0, 28, 26, 27, 0),
	gsSP2Triangles(28, 29, 26, 0, 29, 28, 30, 0),
	gsSP1Triangle(29, 30, 31, 0),
	gsSPVertex(catamesa_dl_Plane_003_mesh_layer_1_vtx_6 + 377, 32, 0),
	gsSP2Triangles(0, 1, 2, 0, 0, 3, 1, 0),
	gsSP2Triangles(4, 2, 1, 0, 4, 5, 2, 0),
	gsSP2Triangles(6, 7, 8, 0, 6, 8, 9, 0),
	gsSP2Triangles(10, 11, 12, 0, 10, 12, 13, 0),
	gsSP2Triangles(14, 10, 13, 0, 14, 13, 15, 0),
	gsSP2Triangles(15, 16, 14, 0, 15, 17, 16, 0),
	gsSP2Triangles(18, 19, 20, 0, 18, 20, 21, 0),
	gsSP2Triangles(22, 23, 24, 0, 22, 24, 25, 0),
	gsSP2Triangles(26, 27, 28, 0, 26, 28, 29, 0),
	gsSP2Triangles(29, 28, 30, 0, 29, 30, 31, 0),
	gsSPVertex(catamesa_dl_Plane_003_mesh_layer_1_vtx_6 + 409, 31, 0),
	gsSP2Triangles(0, 1, 2, 0, 0, 3, 1, 0),
	gsSP2Triangles(0, 4, 3, 0, 5, 3, 4, 0),
	gsSP2Triangles(5, 6, 3, 0, 7, 8, 9, 0),
	gsSP2Triangles(7, 9, 10, 0, 11, 12, 13, 0),
	gsSP2Triangles(11, 13, 14, 0, 15, 16, 17, 0),
	gsSP2Triangles(15, 17, 18, 0, 19, 20, 21, 0),
	gsSP2Triangles(19, 21, 22, 0, 23, 24, 25, 0),
	gsSP2Triangles(23, 25, 26, 0, 27, 28, 29, 0),
	gsSP1Triangle(27, 29, 30, 0),
	gsSPVertex(catamesa_dl_Plane_003_mesh_layer_1_vtx_6 + 440, 30, 0),
	gsSP2Triangles(0, 1, 2, 0, 3, 0, 2, 0),
	gsSP2Triangles(2, 4, 3, 0, 2, 5, 4, 0),
	gsSP2Triangles(6, 7, 8, 0, 6, 8, 9, 0),
	gsSP2Triangles(10, 11, 12, 0, 10, 12, 13, 0),
	gsSP2Triangles(14, 15, 16, 0, 14, 16, 17, 0),
	gsSP2Triangles(18, 19, 20, 0, 18, 20, 21, 0),
	gsSP2Triangles(22, 23, 24, 0, 22, 24, 25, 0),
	gsSP2Triangles(26, 27, 28, 0, 26, 28, 29, 0),
	gsSPVertex(catamesa_dl_Plane_003_mesh_layer_1_vtx_6 + 470, 27, 0),
	gsSP2Triangles(0, 1, 2, 0, 0, 2, 3, 0),
	gsSP2Triangles(4, 5, 6, 0, 5, 4, 7, 0),
	gsSP2Triangles(5, 7, 8, 0, 8, 9, 5, 0),
	gsSP2Triangles(9, 10, 5, 0, 11, 12, 13, 0),
	gsSP2Triangles(11, 13, 14, 0, 15, 16, 17, 0),
	gsSP2Triangles(16, 18, 17, 0, 16, 19, 18, 0),
	gsSP2Triangles(18, 19, 20, 0, 19, 21, 20, 0),
	gsSP2Triangles(19, 22, 21, 0, 19, 23, 22, 0),
	gsSP2Triangles(22, 23, 24, 0, 23, 15, 24, 0),
	gsSP2Triangles(15, 25, 24, 0, 15, 26, 25, 0),
	gsSP2Triangles(15, 17, 26, 0, 25, 20, 24, 0),
	gsSP1Triangle(25, 18, 20, 0),
	gsSPEndDisplayList(),
};

Vtx catamesa_dl_Plane_003_mesh_layer_1_vtx_7[207] = {
	{{{-2790, -3620, 5840}, 0, {10554, -14713}, {0x00, 0x7F, 0x00, 0xFF}}},
	{{{-3915, -3620, 5840}, 0, {14029, -14713}, {0x00, 0x7F, 0x00, 0xFF}}},
	{{{-3915, -3620, 6031}, 0, {14029, -15305}, {0x00, 0x7F, 0x00, 0xFF}}},
	{{{-2790, -3620, 6031}, 0, {10554, -15305}, {0x00, 0x7F, 0x00, 0xFF}}},
	{{{-3915, -3620, 7191}, 0, {14029, -18887}, {0x00, 0x7F, 0x00, 0xFF}}},
	{{{-2790, -3620, 7191}, 0, {10554, -18887}, {0x00, 0x7F, 0x00, 0xFF}}},
	{{{-2629, -3620, 6853}, 0, {10057, -17841}, {0x00, 0x7F, 0x00, 0xFF}}},
	{{{-2629, -3620, 6370}, 0, {10057, -16350}, {0x00, 0x7F, 0x00, 0xFF}}},
	{{{-2449, -3620, 6441}, 0, {9498, -16570}, {0x00, 0x7F, 0x00, 0xFF}}},
	{{{-2449, -3620, 6782}, 0, {9498, -17622}, {0x00, 0x7F, 0x00, 0xFF}}},
	{{{-2449, -3620, 6853}, 0, {9498, -17841}, {0x00, 0x7F, 0x00, 0xFF}}},
	{{{-2391, -3620, 6441}, 0, {9322, -16570}, {0x00, 0x7F, 0x00, 0xFF}}},
	{{{-2391, -3620, 6782}, 0, {9322, -17622}, {0x00, 0x7F, 0x00, 0xFF}}},
	{{{-2211, -3620, 6370}, 0, {8764, -16350}, {0x00, 0x7F, 0x00, 0xFF}}},
	{{{-2211, -3620, 6853}, 0, {8764, -17841}, {0x00, 0x7F, 0x00, 0xFF}}},
	{{{-2391, -3620, 6853}, 0, {9322, -17841}, {0x00, 0x7F, 0x00, 0xFF}}},
	{{{-2050, -3620, 7191}, 0, {8267, -18887}, {0x00, 0x7F, 0x00, 0xFF}}},
	{{{-2050, -3620, 6031}, 0, {8267, -15305}, {0x00, 0x7F, 0x00, 0xFF}}},
	{{{-2449, -3620, 6370}, 0, {9498, -16350}, {0x00, 0x7F, 0x00, 0xFF}}},
	{{{-2391, -3620, 6370}, 0, {9322, -16350}, {0x00, 0x7F, 0x00, 0xFF}}},
	{{{605, -3005, 7191}, 0, {67, -18887}, {0x66, 0x4C, 0x00, 0xFF}}},
	{{{1243, -3859, 7191}, 0, {-1902, -18887}, {0x66, 0x4C, 0x00, 0xFF}}},
	{{{1243, -3859, 6031}, 0, {-1902, -15305}, {0x66, 0x4C, 0x00, 0xFF}}},
	{{{605, -3005, 6031}, 0, {67, -15305}, {0x66, 0x4C, 0x00, 0xFF}}},
	{{{4359, -4045, 6031}, 0, {-11527, -15305}, {0x00, 0x7F, 0x00, 0xFF}}},
	{{{4359, -4045, 7191}, 0, {-11527, -18887}, {0x00, 0x7F, 0x00, 0xFF}}},
	{{{5603, -4045, 6983}, 0, {-15369, -18245}, {0x00, 0x7F, 0x00, 0xFF}}},
	{{{5603, -4045, 6239}, 0, {-15369, -15947}, {0x00, 0x7F, 0x00, 0xFF}}},
	{{{3115, -4452, 6031}, 0, {-7684, -15305}, {0x00, 0x7F, 0x00, 0xFF}}},
	{{{3115, -4452, 7191}, 0, {-7684, -18887}, {0x00, 0x7F, 0x00, 0xFF}}},
	{{{4359, -4452, 7191}, 0, {-11527, -18887}, {0x00, 0x7F, 0x00, 0xFF}}},
	{{{4359, -4452, 6031}, 0, {-11527, -15305}, {0x00, 0x7F, 0x00, 0xFF}}},
	{{{605, -3005, 6031}, 0, {67, -15305}, {0x00, 0x7F, 0x00, 0xFF}}},
	{{{-32, -3005, 6031}, 0, {2035, -15305}, {0xA6, 0x5A, 0x00, 0xFF}}},
	{{{-32, -3005, 6312}, 0, {2035, -16170}, {0xD4, 0x77, 0x00, 0xFF}}},
	{{{-32, -3005, 6611}, 0, {2035, -17096}, {0x00, 0x7F, 0x00, 0xFF}}},
	{{{-283, -3005, 6434}, 0, {2810, -16547}, {0x00, 0x7F, 0x00, 0xFF}}},
	{{{-384, -3005, 6611}, 0, {3122, -17096}, {0x00, 0x7F, 0x00, 0xFF}}},
	{{{-32, -3005, 6911}, 0, {2035, -18022}, {0xD4, 0x77, 0x00, 0xFF}}},
	{{{-283, -3005, 6789}, 0, {2810, -17645}, {0x00, 0x7F, 0x00, 0xFF}}},
	{{{605, -3005, 7191}, 0, {67, -18887}, {0x00, 0x7F, 0x00, 0xFF}}},
	{{{-32, -3005, 7191}, 0, {2035, -18887}, {0xA6, 0x5A, 0x00, 0xFF}}},
	{{{8471, -3200, 6239}, 0, {-24227, -15947}, {0x00, 0x7F, 0x00, 0xFF}}},
	{{{8471, -3200, 6983}, 0, {-24227, -18245}, {0x00, 0x7F, 0x00, 0xFF}}},
	{{{8702, -3200, 6983}, 0, {-24940, -18245}, {0x00, 0x7F, 0x00, 0xFF}}},
	{{{8702, -3200, 6239}, 0, {-24940, -15947}, {0x00, 0x7F, 0x00, 0xFF}}},
	{{{9448, -3200, 6983}, 0, {-27243, -18245}, {0x00, 0x7F, 0x00, 0xFF}}},
	{{{9448, -3200, 6239}, 0, {-27243, -15947}, {0x00, 0x7F, 0x00, 0xFF}}},
	{{{9448, -3200, 5481}, 0, {-27243, -13604}, {0x00, 0x7F, 0x00, 0xFF}}},
	{{{8702, -3200, 5481}, 0, {-24940, -13604}, {0x00, 0x7F, 0x00, 0xFF}}},
	{{{9448, -2877, 4840}, 0, {-27243, -11625}, {0x00, 0x7F, 0x00, 0xFF}}},
	{{{9226, -2877, 5091}, 0, {-26559, -12399}, {0x00, 0x78, 0xD8, 0xFF}}},
	{{{9291, -2877, 5091}, 0, {-26757, -12399}, {0x00, 0x66, 0xB5, 0xFF}}},
	{{{8923, -2877, 5091}, 0, {-25623, -12399}, {0x00, 0x78, 0xD8, 0xFF}}},
	{{{8702, -2877, 4840}, 0, {-24940, -11625}, {0x00, 0x7F, 0x00, 0xFF}}},
	{{{9335, -2877, 4436}, 0, {-26896, -10376}, {0x00, 0x7F, 0x00, 0xFF}}},
	{{{9335, -2877, 3953}, 0, {-26896, -8886}, {0x00, 0x7F, 0x00, 0xFF}}},
	{{{9922, -2877, 3773}, 0, {-28706, -8329}, {0x00, 0x7F, 0x00, 0xFF}}},
	{{{8814, -2877, 3953}, 0, {-25287, -8886}, {0x00, 0x7F, 0x00, 0xFF}}},
	{{{8228, -2877, 3773}, 0, {-23476, -8329}, {0x00, 0x7F, 0x00, 0xFF}}},
	{{{8864, -2877, 3240}, 0, {-25441, -6685}, {0x00, 0x7F, 0x00, 0xFF}}},
	{{{9075, -2877, 3240}, 0, {-26091, -6685}, {0x00, 0x7F, 0x00, 0xFF}}},
	{{{9285, -2877, 3240}, 0, {-26741, -6685}, {0x00, 0x7F, 0x00, 0xFF}}},
	{{{8814, -2877, 4436}, 0, {-25287, -10376}, {0x00, 0x7F, 0x00, 0xFF}}},
	{{{8859, -2877, 5091}, 0, {-25425, -12399}, {0x00, 0x66, 0xB5, 0xFF}}},
	{{{8923, -2877, 5091}, 0, {-25623, -12399}, {0x00, 0x78, 0xD8, 0xFF}}},
	{{{8702, -2877, 4840}, 0, {-24940, -11625}, {0x00, 0x7F, 0x00, 0xFF}}},
	{{{-473, -9526, -761}, 0, {3398, 5672}, {0x00, 0x7F, 0x00, 0xFF}}},
	{{{-693, -9526, -973}, 0, {4078, 6327}, {0x00, 0x7F, 0x00, 0xFF}}},
	{{{-693, -9526, -761}, 0, {4078, 5672}, {0x00, 0x7F, 0x00, 0xFF}}},
	{{{-473, -9526, -1725}, 0, {3398, 8649}, {0x00, 0x7F, 0x00, 0xFF}}},
	{{{-693, -9526, -1185}, 0, {4078, 6983}, {0x00, 0x7F, 0x00, 0xFF}}},
	{{{-820, -9526, -1725}, 0, {4470, 8649}, {0x00, 0x7F, 0x00, 0xFF}}},
	{{{-820, -9526, -1185}, 0, {4470, 6983}, {0x00, 0x7E, 0xF2, 0xFF}}},
	{{{-1218, -9526, -1725}, 0, {5699, 8649}, {0x00, 0x7F, 0x00, 0xFF}}},
	{{{-1218, -9526, -1185}, 0, {5699, 6983}, {0x00, 0x7E, 0xF2, 0xFF}}},
	{{{-1565, -9526, -1725}, 0, {6770, 8649}, {0x00, 0x7F, 0x00, 0xFF}}},
	{{{-1345, -9526, -1185}, 0, {6091, 6983}, {0x00, 0x7F, 0x00, 0xFF}}},
	{{{-1565, -9526, -761}, 0, {6770, 5672}, {0x00, 0x7F, 0x00, 0xFF}}},
	{{{-1345, -9526, -973}, 0, {6091, 6327}, {0x00, 0x7F, 0x00, 0xFF}}},
	{{{-1345, -9526, -761}, 0, {6091, 5672}, {0x00, 0x7F, 0x00, 0xFF}}},
	{{{-1218, -9440, -941}, 0, {5699, 6230}, {0x00, 0x78, 0xD6, 0xFF}}},
	{{{-820, -9440, -941}, 0, {4470, 6230}, {0x00, 0x78, 0xD6, 0xFF}}},
	{{{-1218, -9354, -698}, 0, {5699, 5478}, {0x00, 0x7E, 0xF2, 0xFF}}},
	{{{-820, -9354, -698}, 0, {4470, 5478}, {0x00, 0x7E, 0xF2, 0xFF}}},
	{{{-1114, -9354, -463}, 0, {5376, 4753}, {0x00, 0x7F, 0x00, 0xFF}}},
	{{{-1345, -9354, 64}, 0, {6091, 3126}, {0x00, 0x7F, 0x00, 0xFF}}},
	{{{-1345, -9354, -698}, 0, {6091, 5478}, {0x00, 0x7F, 0x00, 0xFF}}},
	{{{-1503, -9354, 203}, 0, {6580, 2695}, {0x00, 0x7F, 0x00, 0xFF}}},
	{{{-1503, -9354, -698}, 0, {6580, 5478}, {0x00, 0x7F, 0x00, 0xFF}}},
	{{{-535, -9354, 203}, 0, {3589, 2695}, {0x00, 0x7F, 0x00, 0xFF}}},
	{{{-693, -9354, 64}, 0, {4078, 3126}, {0x00, 0x7F, 0x00, 0xFF}}},
	{{{-535, -9354, -698}, 0, {3589, 5478}, {0x00, 0x7F, 0x00, 0xFF}}},
	{{{-693, -9354, -698}, 0, {4078, 5478}, {0x00, 0x7F, 0x00, 0xFF}}},
	{{{-925, -9354, -463}, 0, {4792, 4753}, {0x00, 0x7F, 0x00, 0xFF}}},
	{{{9252, -905, 1571}, 0, {-26639, -1528}, {0x00, 0x7F, 0x00, 0xFF}}},
	{{{8898, -905, 1571}, 0, {-25543, -1528}, {0x00, 0x7F, 0x00, 0xFF}}},
	{{{8898, -905, 2924}, 0, {-25543, -5708}, {0x00, 0x7F, 0x00, 0xFF}}},
	{{{9252, -905, 2924}, 0, {-26639, -5708}, {0x00, 0x7F, 0x00, 0xFF}}},
	{{{8746, -905, 3220}, 0, {-25075, -6622}, {0x00, 0x7F, 0x00, 0xFF}}},
	{{{8377, -905, 2924}, 0, {-23936, -5708}, {0x00, 0x7F, 0x00, 0xFF}}},
	{{{8746, -905, 3913}, 0, {-25075, -8763}, {0x00, 0x7F, 0x00, 0xFF}}},
	{{{8377, -905, 4293}, 0, {-23936, -9937}, {0x00, 0x7F, 0x00, 0xFF}}},
	{{{9773, -905, 4293}, 0, {-28246, -9937}, {0x00, 0x7F, 0x00, 0xFF}}},
	{{{9404, -905, 3913}, 0, {-27108, -8763}, {0x00, 0x7F, 0x00, 0xFF}}},
	{{{9404, -905, 3220}, 0, {-27108, -6622}, {0x00, 0x7F, 0x00, 0xFF}}},
	{{{9773, -905, 2924}, 0, {-28246, -5708}, {0x00, 0x7F, 0x00, 0xFF}}},
	{{{9339, -833, 3853}, 0, {-26907, -8577}, {0x00, 0x52, 0x61, 0xFF}}},
	{{{8811, -833, 3853}, 0, {-25275, -8577}, {0x00, 0x52, 0x61, 0xFF}}},
	{{{8746, -905, 3913}, 0, {-25075, -8763}, {0x00, 0x52, 0x61, 0xFF}}},
	{{{9404, -905, 3913}, 0, {-27108, -8763}, {0x00, 0x52, 0x61, 0xFF}}},
	{{{9339, -833, 3444}, 0, {-26907, -7315}, {0x5E, 0x55, 0x00, 0xFF}}},
	{{{9339, -833, 3853}, 0, {-26907, -8577}, {0x5E, 0x55, 0x00, 0xFF}}},
	{{{9404, -905, 3913}, 0, {-27108, -8763}, {0x5E, 0x55, 0x00, 0xFF}}},
	{{{9404, -905, 3220}, 0, {-27108, -6622}, {0x5E, 0x55, 0x00, 0xFF}}},
	{{{9339, -833, 3364}, 0, {-26907, -7067}, {0x5E, 0x55, 0x00, 0xFF}}},
	{{{8898, -833, 3444}, 0, {-25543, -7315}, {0x00, 0x7F, 0x00, 0xFF}}},
	{{{8811, -833, 3364}, 0, {-25275, -7067}, {0x00, 0x7F, 0x00, 0xFF}}},
	{{{8811, -833, 3444}, 0, {-25275, -7315}, {0x00, 0x7F, 0x00, 0xFF}}},
	{{{9339, -833, 3364}, 0, {-26907, -7067}, {0x00, 0x7F, 0x00, 0xFF}}},
	{{{9252, -833, 3444}, 0, {-26639, -7315}, {0x00, 0x7F, 0x00, 0xFF}}},
	{{{9339, -833, 3444}, 0, {-26907, -7315}, {0x00, 0x7F, 0x00, 0xFF}}},
	{{{8811, -833, 3444}, 0, {-25275, -7315}, {0xA2, 0x55, 0x00, 0xFF}}},
	{{{8811, -833, 3364}, 0, {-25275, -7067}, {0xA2, 0x55, 0x00, 0xFF}}},
	{{{8746, -905, 3220}, 0, {-25075, -6622}, {0xA2, 0x55, 0x00, 0xFF}}},
	{{{8811, -833, 3853}, 0, {-25275, -8577}, {0xA2, 0x55, 0x00, 0xFF}}},
	{{{8746, -905, 3913}, 0, {-25075, -8763}, {0xA2, 0x55, 0x00, 0xFF}}},
	{{{8811, -833, 3364}, 0, {-25275, -7067}, {0x00, 0x72, 0xC7, 0xFF}}},
	{{{9339, -833, 3364}, 0, {-26907, -7067}, {0x00, 0x72, 0xC7, 0xFF}}},
	{{{9404, -905, 3220}, 0, {-27108, -6622}, {0x00, 0x72, 0xC7, 0xFF}}},
	{{{8746, -905, 3220}, 0, {-25075, -6622}, {0x00, 0x72, 0xC7, 0xFF}}},
	{{{-3182, -3620, 5191}, 0, {11763, -12709}, {0x00, 0x7F, 0x00, 0xFF}}},
	{{{-3182, -3620, 3877}, 0, {11763, -8652}, {0x00, 0x7F, 0x00, 0xFF}}},
	{{{-4506, -3620, 3877}, 0, {15854, -8652}, {0x00, 0x7F, 0x00, 0xFF}}},
	{{{-4506, -3620, 4055}, 0, {15854, -9201}, {0x00, 0x7F, 0x00, 0xFF}}},
	{{{-4734, -3620, 4186}, 0, {16557, -9606}, {0x00, 0x7F, 0x00, 0xFF}}},
	{{{-5280, -3620, 5191}, 0, {18243, -12709}, {0xE8, 0x7D, 0x00, 0xFF}}},
	{{{-4961, -3620, 4055}, 0, {17259, -9201}, {0x00, 0x7F, 0x00, 0xFF}}},
	{{{-5283, -3620, 3877}, 0, {18253, -8652}, {0xE6, 0x7C, 0x00, 0xFF}}},
	{{{-4961, -3620, 3877}, 0, {17259, -8652}, {0x00, 0x7F, 0x00, 0xFF}}},
	{{{-5409, -3671, 4534}, 0, {18643, -10681}, {0xCC, 0x74, 0x00, 0xFF}}},
	{{{-5571, -3748, 4063}, 0, {19141, -9224}, {0xCC, 0x74, 0x00, 0xFF}}},
	{{{-5411, -3671, 3877}, 0, {18648, -8652}, {0xCC, 0x74, 0x00, 0xFF}}},
	{{{-5408, -3670, 5191}, 0, {18638, -12709}, {0xCD, 0x74, 0xFC, 0xFF}}},
	{{{-5623, -3816, 4849}, 0, {19303, -11654}, {0xC1, 0x6E, 0xF9, 0xFF}}},
	{{{-5622, -3770, 5027}, 0, {19301, -12202}, {0xE0, 0x77, 0xE1, 0xFF}}},
	{{{-8885, -3620, 3877}, 0, {29377, -8652}, {0x00, 0x7F, 0x00, 0xFF}}},
	{{{-7337, -3620, 4126}, 0, {24597, -9421}, {0x00, 0x7F, 0x00, 0xFF}}},
	{{{-7337, -3620, 3877}, 0, {24597, -8652}, {0x00, 0x7F, 0x00, 0xFF}}},
	{{{-8885, -3620, 5191}, 0, {29377, -12709}, {0x00, 0x7F, 0x00, 0xFF}}},
	{{{-7048, -3620, 4293}, 0, {23704, -9936}, {0x00, 0x7F, 0x00, 0xFF}}},
	{{{-6547, -3620, 5191}, 0, {22155, -12709}, {0x0E, 0x7E, 0xFE, 0xFF}}},
	{{{-6759, -3620, 4126}, 0, {22811, -9421}, {0x00, 0x7F, 0x00, 0xFF}}},
	{{{-6759, -3620, 3877}, 0, {22811, -8652}, {0x00, 0x7F, 0x00, 0xFF}}},
	{{{-6547, -3620, 3877}, 0, {22155, -8652}, {0x13, 0x7E, 0x02, 0xFF}}},
	{{{-6287, -3686, 5046}, 0, {21354, -12261}, {0x22, 0x7A, 0xFC, 0xFF}}},
	{{{-6220, -3686, 5146}, 0, {21146, -12572}, {0x17, 0x7C, 0xF1, 0xFF}}},
	{{{-6287, -3665, 4490}, 0, {21354, -10543}, {0x1F, 0x7B, 0x01, 0xFF}}},
	{{{-6137, -3763, 3997}, 0, {20890, -9022}, {0x30, 0x75, 0x01, 0xFF}}},
	{{{-6137, -3763, 3997}, 0, {20890, -9022}, {0x30, 0x75, 0x01, 0xFF}}},
	{{{-6287, -3665, 4490}, 0, {21354, -10543}, {0x1F, 0x7B, 0x01, 0xFF}}},
	{{{-6013, -3827, 4304}, 0, {20509, -9971}, {0x3D, 0x6F, 0xFF, 0xFF}}},
	{{{-5982, -3840, 4161}, 0, {20411, -9529}, {0x37, 0x73, 0x02, 0xFF}}},
	{{{-6255, -3686, 3833}, 0, {21256, -8515}, {0x20, 0x77, 0x21, 0xFF}}},
	{{{-6547, -3620, 3877}, 0, {22155, -8652}, {0x13, 0x7E, 0x02, 0xFF}}},
	{{{-6287, -3686, 5046}, 0, {21354, -12261}, {0x22, 0x7A, 0xFC, 0xFF}}},
	{{{-6064, -3801, 4861}, 0, {20664, -11689}, {0x3D, 0x6F, 0x04, 0xFF}}},
	{{{-3182, -3620, 306}, 0, {11763, 2378}, {0x00, 0x7F, 0x00, 0xFF}}},
	{{{-4506, -3620, 1620}, 0, {15854, -1679}, {0x00, 0x7F, 0x00, 0xFF}}},
	{{{-3182, -3620, 1620}, 0, {11763, -1679}, {0x00, 0x7F, 0x00, 0xFF}}},
	{{{-4506, -3620, 1442}, 0, {15854, -1130}, {0x00, 0x7F, 0x00, 0xFF}}},
	{{{-4734, -3620, 1311}, 0, {16557, -725}, {0x00, 0x7F, 0x00, 0xFF}}},
	{{{-6024, -3620, 306}, 0, {20541, 2378}, {0x00, 0x7F, 0x00, 0xFF}}},
	{{{-4961, -3620, 1442}, 0, {17259, -1130}, {0x00, 0x7F, 0x00, 0xFF}}},
	{{{-6027, -3620, 1620}, 0, {20551, -1679}, {0x00, 0x7F, 0x00, 0xFF}}},
	{{{-6149, -3620, 306}, 0, {20928, 2378}, {0x00, 0x7F, 0x00, 0xFF}}},
	{{{-6149, -3620, 1620}, 0, {20928, -1679}, {0x00, 0x7F, 0x00, 0xFF}}},
	{{{-6759, -3620, 1620}, 0, {22811, -1679}, {0x00, 0x7F, 0x00, 0xFF}}},
	{{{-6759, -3620, 1371}, 0, {22811, -910}, {0x00, 0x7F, 0x00, 0xFF}}},
	{{{-7048, -3620, 1204}, 0, {23704, -395}, {0x00, 0x7F, 0x00, 0xFF}}},
	{{{-8885, -3620, 306}, 0, {29377, 2378}, {0x00, 0x7F, 0x00, 0xFF}}},
	{{{-7337, -3620, 1371}, 0, {24597, -910}, {0x00, 0x7F, 0x00, 0xFF}}},
	{{{-8885, -3620, 1620}, 0, {29377, -1679}, {0x00, 0x7F, 0x00, 0xFF}}},
	{{{-7337, -3620, 1620}, 0, {24597, -1679}, {0x00, 0x7F, 0x00, 0xFF}}},
	{{{-4961, -3620, 1620}, 0, {17259, -1679}, {0x00, 0x7F, 0x00, 0xFF}}},
	{{{-3915, -3620, -343}, 0, {14029, 4382}, {0x00, 0x7F, 0x00, 0xFF}}},
	{{{-2790, -3620, -343}, 0, {10554, 4382}, {0x00, 0x7F, 0x00, 0xFF}}},
	{{{-2790, -3620, -537}, 0, {10554, 4980}, {0x00, 0x7F, 0x00, 0xFF}}},
	{{{-3500, -3620, -585}, 0, {12746, 5129}, {0x00, 0x7F, 0x00, 0xFF}}},
	{{{-3350, -3620, -787}, 0, {12282, 5753}, {0x00, 0x7F, 0x00, 0xFF}}},
	{{{-3915, -3620, -537}, 0, {14029, 4980}, {0x00, 0x7F, 0x00, 0xFF}}},
	{{{9448, -2877, 5481}, 0, {-27243, -13604}, {0x00, 0x7F, 0x00, 0xFF}}},
	{{{9291, -2877, 5230}, 0, {-26757, -12830}, {0x00, 0x66, 0x4B, 0xFF}}},
	{{{9226, -2877, 5230}, 0, {-26559, -12830}, {0x00, 0x78, 0x28, 0xFF}}},
	{{{8702, -2877, 5481}, 0, {-24940, -13604}, {0x00, 0x7F, 0x00, 0xFF}}},
	{{{8923, -2877, 5230}, 0, {-25623, -12830}, {0x00, 0x78, 0x28, 0xFF}}},
	{{{8923, -2877, 5091}, 0, {-25623, -12399}, {0x00, 0x78, 0xD8, 0xFF}}},
	{{{9226, -2877, 5091}, 0, {-26559, -12399}, {0x00, 0x78, 0xD8, 0xFF}}},
	{{{8859, -2877, 5230}, 0, {-25425, -12830}, {0x00, 0x66, 0x4B, 0xFF}}},
	{{{-2957, -5751, 2288}, 0, {11069, -3743}, {0x00, 0x7F, 0x00, 0xFF}}},
	{{{-2957, -5751, 3209}, 0, {11069, -6588}, {0x00, 0x7F, 0x00, 0xFF}}},
	{{{-2537, -5751, 3209}, 0, {9773, -6588}, {0x00, 0x7F, 0x00, 0xFF}}},
	{{{-2537, -5751, 2288}, 0, {9773, -3743}, {0x00, 0x7F, 0x00, 0xFF}}},
	{{{7807, -4736, 7026}, 0, {-22176, -18377}, {0x00, 0x7F, 0x00, 0xFF}}},
	{{{8471, -4736, 7026}, 0, {-24227, -18377}, {0x00, 0x7F, 0x00, 0xFF}}},
	{{{8471, -4736, 6198}, 0, {-24227, -15818}, {0x00, 0x7F, 0x00, 0xFF}}},
	{{{7807, -4736, 6198}, 0, {-22176, -15818}, {0x00, 0x7F, 0x00, 0xFF}}},
};

Gfx catamesa_dl_Plane_003_mesh_layer_1_tri_7[] = {
	gsSPVertex(catamesa_dl_Plane_003_mesh_layer_1_vtx_7 + 0, 32, 0),
	gsSP2Triangles(0, 1, 2, 0, 0, 2, 3, 0),
	gsSP2Triangles(3, 2, 4, 0, 3, 4, 5, 0),
	gsSP2Triangles(3, 5, 6, 0, 3, 6, 7, 0),
	gsSP2Triangles(6, 8, 7, 0, 6, 9, 8, 0),
	gsSP2Triangles(10, 9, 6, 0, 11, 8, 9, 0),
	gsSP2Triangles(11, 9, 12, 0, 13, 11, 12, 0),
	gsSP2Triangles(13, 12, 14, 0, 15, 14, 12, 0),
	gsSP2Triangles(16, 13, 14, 0, 16, 17, 13, 0),
	gsSP2Triangles(18, 7, 8, 0, 19, 11, 13, 0),
	gsSP2Triangles(20, 21, 22, 0, 20, 22, 23, 0),
	gsSP2Triangles(24, 25, 26, 0, 24, 26, 27, 0),
	gsSP2Triangles(28, 29, 30, 0, 28, 30, 31, 0),
	gsSPVertex(catamesa_dl_Plane_003_mesh_layer_1_vtx_7 + 32, 32, 0),
	gsSP2Triangles(0, 1, 2, 0, 0, 2, 3, 0),
	gsSP2Triangles(3, 2, 4, 0, 3, 4, 5, 0),
	gsSP2Triangles(6, 3, 5, 0, 6, 5, 7, 0),
	gsSP2Triangles(6, 8, 3, 0, 9, 8, 6, 0),
	gsSP2Triangles(8, 0, 3, 0, 10, 11, 12, 0),
	gsSP2Triangles(10, 12, 13, 0, 13, 12, 14, 0),
	gsSP2Triangles(13, 14, 15, 0, 13, 15, 16, 0),
	gsSP2Triangles(13, 16, 17, 0, 18, 19, 20, 0),
	gsSP2Triangles(21, 19, 18, 0, 21, 18, 22, 0),
	gsSP2Triangles(22, 18, 23, 0, 18, 24, 23, 0),
	gsSP2Triangles(18, 25, 24, 0, 25, 26, 24, 0),
	gsSP2Triangles(25, 27, 26, 0, 28, 27, 25, 0),
	gsSP2Triangles(25, 29, 28, 0, 25, 30, 29, 0),
	gsSP2Triangles(27, 31, 26, 0, 27, 22, 31, 0),
	gsSP1Triangle(22, 23, 31, 0),
	gsSPVertex(catamesa_dl_Plane_003_mesh_layer_1_vtx_7 + 64, 31, 0),
	gsSP2Triangles(0, 1, 2, 0, 3, 4, 5, 0),
	gsSP2Triangles(6, 4, 3, 0, 6, 7, 4, 0),
	gsSP2Triangles(7, 6, 8, 0, 7, 8, 9, 0),
	gsSP2Triangles(9, 8, 10, 0, 9, 10, 11, 0),
	gsSP2Triangles(11, 10, 12, 0, 11, 12, 13, 0),
	gsSP2Triangles(13, 12, 14, 0, 13, 14, 15, 0),
	gsSP2Triangles(15, 14, 16, 0, 9, 11, 17, 0),
	gsSP2Triangles(9, 17, 18, 0, 18, 17, 19, 0),
	gsSP2Triangles(18, 19, 20, 0, 20, 19, 21, 0),
	gsSP2Triangles(19, 22, 21, 0, 19, 23, 22, 0),
	gsSP2Triangles(23, 24, 22, 0, 23, 25, 24, 0),
	gsSP2Triangles(26, 22, 24, 0, 26, 27, 22, 0),
	gsSP2Triangles(28, 27, 26, 0, 28, 29, 27, 0),
	gsSP2Triangles(29, 30, 27, 0, 29, 20, 30, 0),
	gsSP1Triangle(20, 21, 30, 0),
	gsSPVertex(catamesa_dl_Plane_003_mesh_layer_1_vtx_7 + 95, 32, 0),
	gsSP2Triangles(0, 1, 2, 0, 0, 2, 3, 0),
	gsSP2Triangles(3, 2, 4, 0, 2, 5, 4, 0),
	gsSP2Triangles(5, 6, 4, 0, 5, 7, 6, 0),
	gsSP2Triangles(8, 6, 7, 0, 8, 9, 6, 0),
	gsSP2Triangles(8, 10, 9, 0, 8, 11, 10, 0),
	gsSP2Triangles(11, 3, 10, 0, 3, 4, 10, 0),
	gsSP2Triangles(12, 13, 14, 0, 12, 14, 15, 0),
	gsSP2Triangles(16, 17, 18, 0, 16, 18, 19, 0),
	gsSP2Triangles(20, 16, 19, 0, 21, 22, 23, 0),
	gsSP2Triangles(21, 24, 22, 0, 21, 25, 24, 0),
	gsSP2Triangles(24, 25, 26, 0, 27, 28, 29, 0),
	gsSP2Triangles(30, 27, 29, 0, 30, 29, 31, 0),
	gsSPVertex(catamesa_dl_Plane_003_mesh_layer_1_vtx_7 + 127, 32, 0),
	gsSP2Triangles(0, 1, 2, 0, 0, 2, 3, 0),
	gsSP2Triangles(4, 5, 6, 0, 4, 6, 7, 0),
	gsSP2Triangles(4, 7, 8, 0, 9, 4, 8, 0),
	gsSP2Triangles(10, 9, 8, 0, 11, 9, 10, 0),
	gsSP2Triangles(11, 10, 12, 0, 9, 11, 13, 0),
	gsSP2Triangles(11, 14, 13, 0, 11, 15, 14, 0),
	gsSP2Triangles(16, 9, 13, 0, 16, 13, 17, 0),
	gsSP2Triangles(16, 17, 18, 0, 19, 20, 21, 0),
	gsSP2Triangles(19, 22, 20, 0, 20, 22, 23, 0),
	gsSP2Triangles(22, 24, 23, 0, 24, 25, 23, 0),
	gsSP2Triangles(24, 26, 25, 0, 24, 27, 26, 0),
	gsSP2Triangles(27, 24, 28, 0, 24, 29, 28, 0),
	gsSP2Triangles(30, 27, 28, 0, 27, 30, 31, 0),
	gsSPVertex(catamesa_dl_Plane_003_mesh_layer_1_vtx_7 + 159, 32, 0),
	gsSP2Triangles(0, 1, 2, 0, 3, 0, 2, 0),
	gsSP2Triangles(4, 5, 0, 0, 1, 6, 7, 0),
	gsSP2Triangles(8, 9, 10, 0, 8, 11, 9, 0),
	gsSP2Triangles(8, 12, 11, 0, 13, 12, 8, 0),
	gsSP2Triangles(14, 12, 13, 0, 15, 14, 13, 0),
	gsSP2Triangles(16, 15, 13, 0, 16, 17, 15, 0),
	gsSP2Triangles(16, 18, 17, 0, 16, 19, 18, 0),
	gsSP2Triangles(16, 20, 19, 0, 21, 20, 16, 0),
	gsSP2Triangles(22, 20, 21, 0, 23, 22, 21, 0),
	gsSP2Triangles(23, 24, 22, 0, 15, 25, 14, 0),
	gsSP2Triangles(26, 27, 28, 0, 26, 28, 29, 0),
	gsSP2Triangles(29, 28, 30, 0, 31, 26, 29, 0),
	gsSPVertex(catamesa_dl_Plane_003_mesh_layer_1_vtx_7 + 191, 16, 0),
	gsSP2Triangles(0, 1, 2, 0, 3, 0, 2, 0),
	gsSP2Triangles(3, 2, 4, 0, 5, 4, 2, 0),
	gsSP2Triangles(5, 2, 6, 0, 7, 3, 4, 0),
	gsSP2Triangles(8, 9, 10, 0, 8, 10, 11, 0),
	gsSP2Triangles(12, 13, 14, 0, 12, 14, 15, 0),
	gsSPEndDisplayList(),
};

Vtx catamesa_dl_Plane_003_mesh_layer_1_vtx_8[110] = {
	{{{6874, -3732, 1094}, 0, {20976, -3971}, {0x2F, 0x00, 0x8A, 0xFF}}},
	{{{6874, -4606, 1094}, 0, {20976, -1136}, {0x17, 0x00, 0x83, 0xFF}}},
	{{{4819, -5299, 1094}, 0, {14305, 1113}, {0x00, 0x00, 0x81, 0xFF}}},
	{{{4610, -4450, 1094}, 0, {13628, -1641}, {0x00, 0x00, 0x81, 0xFF}}},
	{{{-2252, -7871, 3198}, 0, {3797, 9464}, {0x00, 0x81, 0x00, 0xFF}}},
	{{{-2252, -7871, 2299}, 0, {878, 9464}, {0x00, 0x81, 0x00, 0xFF}}},
	{{{362, -7871, 2299}, 0, {878, 9464}, {0x00, 0x81, 0x00, 0xFF}}},
	{{{362, -7871, 3198}, 0, {3797, 9464}, {0x00, 0x81, 0x00, 0xFF}}},
	{{{-2252, -7039, 3198}, 0, {3797, 6763}, {0x00, 0x00, 0x7F, 0xFF}}},
	{{{-2252, -7871, 3198}, 0, {3797, 9464}, {0x00, 0x00, 0x7F, 0xFF}}},
	{{{362, -7871, 3198}, 0, {3797, 9464}, {0x00, 0x00, 0x7F, 0xFF}}},
	{{{362, -7039, 3198}, 0, {3797, 6763}, {0x00, 0x00, 0x7F, 0xFF}}},
	{{{-2252, -7871, 2299}, 0, {878, 9464}, {0x00, 0x00, 0x81, 0xFF}}},
	{{{-2252, -7039, 2299}, 0, {878, 6763}, {0x00, 0x00, 0x81, 0xFF}}},
	{{{362, -7039, 2299}, 0, {878, 6763}, {0x00, 0x00, 0x81, 0xFF}}},
	{{{362, -7871, 2299}, 0, {878, 9464}, {0x00, 0x00, 0x81, 0xFF}}},
	{{{-2252, -7039, 2299}, 0, {878, 6763}, {0x00, 0x7F, 0x00, 0xFF}}},
	{{{-2252, -7039, 3198}, 0, {3797, 6763}, {0x00, 0x7F, 0x00, 0xFF}}},
	{{{362, -7039, 3198}, 0, {3797, 6763}, {0x00, 0x7F, 0x00, 0xFF}}},
	{{{362, -7039, 2299}, 0, {878, 6763}, {0x00, 0x7F, 0x00, 0xFF}}},
	{{{6874, -3732, 292}, 0, {-5635, -3971}, {0x31, 0x8B, 0x0C, 0xFF}}},
	{{{6874, -3732, 1094}, 0, {-3033, -3971}, {0x35, 0x8E, 0x10, 0xFF}}},
	{{{4610, -4450, 1094}, 0, {-3033, -1641}, {0x26, 0x87, 0x00, 0xFF}}},
	{{{4610, -4450, 292}, 0, {-5635, -1641}, {0x26, 0x87, 0x00, 0xFF}}},
	{{{6874, -3631, 1183}, 0, {-2743, -4299}, {0xDA, 0x79, 0x00, 0xFF}}},
	{{{6874, -3631, 180}, 0, {-6000, -4299}, {0xDA, 0x79, 0x00, 0xFF}}},
	{{{4586, -4352, 180}, 0, {-6000, -1959}, {0xDA, 0x79, 0x00, 0xFF}}},
	{{{4586, -4352, 1183}, 0, {-2743, -1959}, {0xDA, 0x79, 0x00, 0xFF}}},
	{{{6874, -3631, 180}, 0, {20976, -4299}, {0x00, 0x00, 0x81, 0xFF}}},
	{{{6874, -4703, 180}, 0, {20976, -821}, {0x00, 0x00, 0x81, 0xFF}}},
	{{{4842, -5393, 180}, 0, {14380, 1418}, {0x00, 0x00, 0x81, 0xFF}}},
	{{{4586, -4352, 180}, 0, {13550, -1959}, {0x00, 0x00, 0x81, 0xFF}}},
	{{{6874, -4703, 180}, 0, {-6001, -821}, {0x29, 0x88, 0x00, 0xFF}}},
	{{{6874, -4703, 1183}, 0, {-2743, -821}, {0x29, 0x88, 0x00, 0xFF}}},
	{{{4842, -5393, 1183}, 0, {-2743, 1418}, {0x29, 0x88, 0x00, 0xFF}}},
	{{{4842, -5393, 180}, 0, {-6000, 1418}, {0x29, 0x88, 0x00, 0xFF}}},
	{{{6874, -4703, 1183}, 0, {-2743, -821}, {0x00, 0x00, 0x7F, 0xFF}}},
	{{{6874, -3631, 1183}, 0, {-2743, -4299}, {0x00, 0x00, 0x7F, 0xFF}}},
	{{{4586, -4352, 1183}, 0, {-2743, -1959}, {0x00, 0x00, 0x7F, 0xFF}}},
	{{{4842, -5393, 1183}, 0, {-2743, 1418}, {0x00, 0x00, 0x7F, 0xFF}}},
	{{{6874, -4606, 292}, 0, {20976, -1136}, {0xE6, 0x00, 0x7C, 0xFF}}},
	{{{6874, -3732, 292}, 0, {20976, -3971}, {0xD3, 0x00, 0x77, 0xFF}}},
	{{{4610, -4450, 292}, 0, {13628, -1641}, {0x00, 0x00, 0x7F, 0xFF}}},
	{{{4819, -5299, 292}, 0, {14305, 1113}, {0x00, 0x00, 0x7F, 0xFF}}},
	{{{465, -3631, 180}, 0, {-6000, -4299}, {0x00, 0x7F, 0x00, 0xFF}}},
	{{{465, -3631, 1183}, 0, {-2743, -4299}, {0x00, 0x7F, 0x00, 0xFF}}},
	{{{2404, -3631, 1183}, 0, {-2743, -4299}, {0x00, 0x7F, 0x00, 0xFF}}},
	{{{2404, -3631, 180}, 0, {-6000, -4299}, {0x00, 0x7F, 0x00, 0xFF}}},
	{{{362, -3631, 1183}, 0, {-2743, -4299}, {0x00, 0x7F, 0x00, 0xFF}}},
	{{{362, -3631, 180}, 0, {-6000, -4299}, {0x00, 0x7F, 0x00, 0xFF}}},
	{{{-2252, -3631, 180}, 0, {-6000, -4299}, {0x00, 0x7F, 0x00, 0xFF}}},
	{{{-2252, -3631, 1183}, 0, {-2743, -4299}, {0x00, 0x7F, 0x00, 0xFF}}},
	{{{362, -3631, 180}, 0, {-6000, -4299}, {0x00, 0x00, 0x81, 0xFF}}},
	{{{362, -4703, 180}, 0, {-6001, -821}, {0x00, 0x00, 0x81, 0xFF}}},
	{{{-2252, -4703, 180}, 0, {-6001, -821}, {0x00, 0x00, 0x81, 0xFF}}},
	{{{-2252, -3631, 180}, 0, {-6000, -4299}, {0x00, 0x00, 0x81, 0xFF}}},
	{{{362, -4703, 180}, 0, {-6001, -821}, {0x00, 0x81, 0x00, 0xFF}}},
	{{{362, -4703, 1183}, 0, {-2743, -821}, {0x00, 0x81, 0x00, 0xFF}}},
	{{{-2252, -4703, 1183}, 0, {-2743, -821}, {0x00, 0x81, 0x00, 0xFF}}},
	{{{-2252, -4703, 180}, 0, {-6001, -821}, {0x00, 0x81, 0x00, 0xFF}}},
	{{{362, -4703, 1183}, 0, {-2743, -821}, {0x00, 0x00, 0x7F, 0xFF}}},
	{{{362, -3631, 1183}, 0, {-2743, -4299}, {0x00, 0x00, 0x7F, 0xFF}}},
	{{{-2252, -3631, 1183}, 0, {-2743, -4299}, {0x00, 0x00, 0x7F, 0xFF}}},
	{{{-2252, -4703, 1183}, 0, {-2743, -821}, {0x00, 0x00, 0x7F, 0xFF}}},
	{{{465, -3631, 1183}, 0, {-2743, -4299}, {0x00, 0x00, 0x7F, 0xFF}}},
	{{{465, -4703, 1183}, 0, {-2743, -821}, {0x00, 0x00, 0x7F, 0xFF}}},
	{{{2404, -4703, 1183}, 0, {-2743, -821}, {0x00, 0x00, 0x7F, 0xFF}}},
	{{{2404, -3631, 1183}, 0, {-2743, -4299}, {0x00, 0x00, 0x7F, 0xFF}}},
	{{{465, -4703, 180}, 0, {-6001, -821}, {0x00, 0x00, 0x81, 0xFF}}},
	{{{465, -3631, 180}, 0, {-6000, -4299}, {0x00, 0x00, 0x81, 0xFF}}},
	{{{2404, -3631, 180}, 0, {-6000, -4299}, {0x00, 0x00, 0x81, 0xFF}}},
	{{{2404, -4703, 180}, 0, {-6001, -821}, {0x00, 0x00, 0x81, 0xFF}}},
	{{{465, -4703, 1183}, 0, {-2743, -821}, {0x00, 0x81, 0x00, 0xFF}}},
	{{{465, -4703, 180}, 0, {-6001, -821}, {0x00, 0x81, 0x00, 0xFF}}},
	{{{2404, -4703, 180}, 0, {-6001, -821}, {0x00, 0x81, 0x00, 0xFF}}},
	{{{2404, -4703, 1183}, 0, {-2743, -821}, {0x00, 0x81, 0x00, 0xFF}}},
	{{{2404, -3725, 1095}, 0, {6469, -3994}, {0x00, 0x00, 0x81, 0xFF}}},
	{{{2404, -4609, 1095}, 0, {6469, -1126}, {0x00, 0x00, 0x81, 0xFF}}},
	{{{465, -4609, 1095}, 0, {175, -1126}, {0x00, 0x00, 0x81, 0xFF}}},
	{{{465, -3725, 1095}, 0, {175, -3994}, {0x00, 0x00, 0x81, 0xFF}}},
	{{{2404, -3725, 268}, 0, {-5714, -3994}, {0x00, 0x81, 0x00, 0xFF}}},
	{{{2404, -3725, 1095}, 0, {-3029, -3994}, {0x00, 0x81, 0x00, 0xFF}}},
	{{{465, -3725, 1095}, 0, {-3029, -3994}, {0x00, 0x81, 0x00, 0xFF}}},
	{{{465, -3725, 268}, 0, {-5714, -3994}, {0x00, 0x81, 0x00, 0xFF}}},
	{{{2404, -4609, 268}, 0, {5957, -1418}, {0x00, 0x7F, 0x00, 0xFF}}},
	{{{465, -4609, 268}, 0, {444, -1418}, {0x5A, 0x5A, 0x00, 0xFF}}},
	{{{465, -4609, 436}, 0, {444, -940}, {0x28, 0x78, 0x00, 0xFF}}},
	{{{2404, -4609, 1095}, 0, {5957, 935}, {0x00, 0x7F, 0x00, 0xFF}}},
	{{{465, -4609, 927}, 0, {444, 457}, {0x28, 0x78, 0x00, 0xFF}}},
	{{{465, -4609, 1095}, 0, {444, 935}, {0x5A, 0x5A, 0x00, 0xFF}}},
	{{{2404, -4609, 268}, 0, {6469, -1126}, {0x00, 0x00, 0x7F, 0xFF}}},
	{{{2404, -3725, 268}, 0, {6469, -3994}, {0x00, 0x00, 0x7F, 0xFF}}},
	{{{465, -3725, 268}, 0, {175, -3994}, {0x00, 0x00, 0x7F, 0xFF}}},
	{{{465, -4609, 268}, 0, {175, -1126}, {0x00, 0x00, 0x7F, 0xFF}}},
	{{{4842, -5393, 180}, 0, {-6000, 1418}, {0x85, 0xE2, 0x00, 0xFF}}},
	{{{4842, -5393, 1183}, 0, {-2743, 1418}, {0x85, 0xE2, 0x00, 0xFF}}},
	{{{4819, -5299, 1094}, 0, {-3033, 1113}, {0x85, 0xE2, 0x00, 0xFF}}},
	{{{4610, -4450, 1094}, 0, {-3033, -1641}, {0x85, 0xE2, 0x00, 0xFF}}},
	{{{4586, -4352, 1183}, 0, {-2743, -1959}, {0x85, 0xE2, 0x00, 0xFF}}},
	{{{4610, -4450, 292}, 0, {-5635, -1641}, {0x85, 0xE2, 0x00, 0xFF}}},
	{{{4586, -4352, 180}, 0, {-6000, -1959}, {0x85, 0xE2, 0x00, 0xFF}}},
	{{{4819, -5299, 292}, 0, {-5635, 1113}, {0x85, 0xE2, 0x00, 0xFF}}},
	{{{2404, -3631, 1183}, 0, {-2743, -4299}, {0x7F, 0x00, 0x00, 0xFF}}},
	{{{2404, -4703, 1183}, 0, {-2743, -821}, {0x7F, 0x00, 0x00, 0xFF}}},
	{{{2404, -4609, 1095}, 0, {-3029, -1126}, {0x7F, 0x00, 0x00, 0xFF}}},
	{{{2404, -4609, 268}, 0, {-5714, -1126}, {0x7F, 0x00, 0x00, 0xFF}}},
	{{{2404, -4703, 180}, 0, {-6001, -821}, {0x7F, 0x00, 0x00, 0xFF}}},
	{{{2404, -3725, 268}, 0, {-5714, -3994}, {0x7F, 0x00, 0x00, 0xFF}}},
	{{{2404, -3631, 180}, 0, {-6000, -4299}, {0x7F, 0x00, 0x00, 0xFF}}},
	{{{2404, -3725, 1095}, 0, {-3029, -3994}, {0x7F, 0x00, 0x00, 0xFF}}},
};

Gfx catamesa_dl_Plane_003_mesh_layer_1_tri_8[] = {
	gsSPVertex(catamesa_dl_Plane_003_mesh_layer_1_vtx_8 + 0, 32, 0),
	gsSP2Triangles(0, 1, 2, 0, 0, 2, 3, 0),
	gsSP2Triangles(4, 5, 6, 0, 4, 6, 7, 0),
	gsSP2Triangles(8, 9, 10, 0, 8, 10, 11, 0),
	gsSP2Triangles(12, 13, 14, 0, 12, 14, 15, 0),
	gsSP2Triangles(16, 17, 18, 0, 16, 18, 19, 0),
	gsSP2Triangles(20, 21, 22, 0, 20, 22, 23, 0),
	gsSP2Triangles(24, 25, 26, 0, 24, 26, 27, 0),
	gsSP2Triangles(28, 29, 30, 0, 28, 30, 31, 0),
	gsSPVertex(catamesa_dl_Plane_003_mesh_layer_1_vtx_8 + 32, 32, 0),
	gsSP2Triangles(0, 1, 2, 0, 0, 2, 3, 0),
	gsSP2Triangles(4, 5, 6, 0, 4, 6, 7, 0),
	gsSP2Triangles(8, 9, 10, 0, 8, 10, 11, 0),
	gsSP2Triangles(12, 13, 14, 0, 12, 14, 15, 0),
	gsSP2Triangles(16, 17, 18, 0, 16, 18, 19, 0),
	gsSP2Triangles(20, 21, 22, 0, 20, 22, 23, 0),
	gsSP2Triangles(24, 25, 26, 0, 24, 26, 27, 0),
	gsSP2Triangles(28, 29, 30, 0, 28, 30, 31, 0),
	gsSPVertex(catamesa_dl_Plane_003_mesh_layer_1_vtx_8 + 64, 30, 0),
	gsSP2Triangles(0, 1, 2, 0, 0, 2, 3, 0),
	gsSP2Triangles(4, 5, 6, 0, 4, 6, 7, 0),
	gsSP2Triangles(8, 9, 10, 0, 8, 10, 11, 0),
	gsSP2Triangles(12, 13, 14, 0, 12, 14, 15, 0),
	gsSP2Triangles(16, 17, 18, 0, 16, 18, 19, 0),
	gsSP2Triangles(20, 21, 22, 0, 23, 20, 22, 0),
	gsSP2Triangles(23, 22, 24, 0, 25, 23, 24, 0),
	gsSP2Triangles(26, 27, 28, 0, 26, 28, 29, 0),
	gsSPVertex(catamesa_dl_Plane_003_mesh_layer_1_vtx_8 + 94, 16, 0),
	gsSP2Triangles(0, 1, 2, 0, 1, 3, 2, 0),
	gsSP2Triangles(1, 4, 3, 0, 4, 5, 3, 0),
	gsSP2Triangles(4, 6, 5, 0, 6, 7, 5, 0),
	gsSP2Triangles(6, 0, 7, 0, 0, 2, 7, 0),
	gsSP2Triangles(8, 9, 10, 0, 9, 11, 10, 0),
	gsSP2Triangles(9, 12, 11, 0, 12, 13, 11, 0),
	gsSP2Triangles(12, 14, 13, 0, 14, 15, 13, 0),
	gsSP2Triangles(14, 8, 15, 0, 8, 10, 15, 0),
	gsSPEndDisplayList(),
};

Vtx catamesa_dl_shadows_mesh_layer_5_vtx_cull[8] = {
	{{{-10586, -3643, 11744}, 0, {0, 0}, {0x00, 0x00, 0x00, 0x00}}},
	{{{-10586, 9684, 11744}, 0, {0, 0}, {0x00, 0x00, 0x00, 0x00}}},
	{{{-10586, 9684, -1771}, 0, {0, 0}, {0x00, 0x00, 0x00, 0x00}}},
	{{{-10586, -3643, -1771}, 0, {0, 0}, {0x00, 0x00, 0x00, 0x00}}},
	{{{7571, -3643, 11744}, 0, {0, 0}, {0x00, 0x00, 0x00, 0x00}}},
	{{{7571, 9684, 11744}, 0, {0, 0}, {0x00, 0x00, 0x00, 0x00}}},
	{{{7571, 9684, -1771}, 0, {0, 0}, {0x00, 0x00, 0x00, 0x00}}},
	{{{7571, -3643, -1771}, 0, {0, 0}, {0x00, 0x00, 0x00, 0x00}}},
};

Vtx catamesa_dl_shadows_mesh_layer_5_vtx_0[688] = {
	{{{2271, 7037, 6463}, 0, {-94, 988}, {0x81, 0x00, 0x00, 0xFF}}},
	{{{2271, 9669, 6463}, 0, {-94, 17}, {0x81, 0x00, 0x00, 0xFF}}},
	{{{2271, 9669, 6042}, 0, {1196, 17}, {0x81, 0x00, 0x00, 0xFF}}},
	{{{2271, 7037, 6042}, 0, {1196, 988}, {0x81, 0x00, 0x00, 0xFF}}},
	{{{2692, 7037, 6042}, 0, {-94, 988}, {0x7F, 0x00, 0x00, 0xFF}}},
	{{{2692, 9669, 6042}, 0, {-94, 17}, {0x7F, 0x00, 0x00, 0xFF}}},
	{{{2692, 9669, 6463}, 0, {1196, 17}, {0x7F, 0x00, 0x00, 0xFF}}},
	{{{2692, 7037, 6463}, 0, {1196, 988}, {0x7F, 0x00, 0x00, 0xFF}}},
	{{{2271, 7037, 6042}, 0, {-1404, 988}, {0x00, 0x00, 0x81, 0xFF}}},
	{{{2271, 9669, 6042}, 0, {-1404, 17}, {0x00, 0x00, 0x81, 0xFF}}},
	{{{2692, 9669, 6042}, 0, {1752, 17}, {0x00, 0x00, 0x81, 0xFF}}},
	{{{2692, 7037, 6042}, 0, {1752, 988}, {0x00, 0x00, 0x81, 0xFF}}},
	{{{2692, 7037, 6463}, 0, {-437, 988}, {0x00, 0x00, 0x7F, 0xFF}}},
	{{{2692, 9669, 6463}, 0, {-437, 17}, {0x00, 0x00, 0x7F, 0xFF}}},
	{{{2271, 9669, 6463}, 0, {2719, 17}, {0x00, 0x00, 0x7F, 0xFF}}},
	{{{2271, 7037, 6463}, 0, {2719, 988}, {0x00, 0x00, 0x7F, 0xFF}}},
	{{{2271, 7037, 7436}, 0, {-94, 988}, {0x81, 0x00, 0x00, 0xFF}}},
	{{{2271, 9669, 7436}, 0, {-94, 17}, {0x81, 0x00, 0x00, 0xFF}}},
	{{{2271, 9669, 7015}, 0, {1196, 17}, {0x81, 0x00, 0x00, 0xFF}}},
	{{{2271, 7037, 7015}, 0, {1196, 988}, {0x81, 0x00, 0x00, 0xFF}}},
	{{{2692, 7037, 7015}, 0, {-94, 988}, {0x7F, 0x00, 0x00, 0xFF}}},
	{{{2692, 9669, 7015}, 0, {-94, 17}, {0x7F, 0x00, 0x00, 0xFF}}},
	{{{2692, 9669, 7436}, 0, {1196, 17}, {0x7F, 0x00, 0x00, 0xFF}}},
	{{{2692, 7037, 7436}, 0, {1196, 988}, {0x7F, 0x00, 0x00, 0xFF}}},
	{{{2271, 7037, 7015}, 0, {-1404, 988}, {0x00, 0x00, 0x81, 0xFF}}},
	{{{2271, 9669, 7015}, 0, {-1404, 17}, {0x00, 0x00, 0x81, 0xFF}}},
	{{{2692, 9669, 7015}, 0, {1752, 17}, {0x00, 0x00, 0x81, 0xFF}}},
	{{{2692, 7037, 7015}, 0, {1752, 988}, {0x00, 0x00, 0x81, 0xFF}}},
	{{{2692, 7037, 7436}, 0, {-437, 988}, {0x00, 0x00, 0x7F, 0xFF}}},
	{{{2692, 9669, 7436}, 0, {-437, 17}, {0x00, 0x00, 0x7F, 0xFF}}},
	{{{2271, 9669, 7436}, 0, {2719, 17}, {0x00, 0x00, 0x7F, 0xFF}}},
	{{{2271, 7037, 7436}, 0, {2719, 988}, {0x00, 0x00, 0x7F, 0xFF}}},
	{{{67, 7037, 7436}, 0, {-94, 988}, {0x81, 0x00, 0x00, 0xFF}}},
	{{{67, 9669, 7436}, 0, {-94, 17}, {0x81, 0x00, 0x00, 0xFF}}},
	{{{67, 9669, 7015}, 0, {1196, 17}, {0x81, 0x00, 0x00, 0xFF}}},
	{{{67, 7037, 7015}, 0, {1196, 988}, {0x81, 0x00, 0x00, 0xFF}}},
	{{{487, 7037, 7015}, 0, {-94, 988}, {0x7F, 0x00, 0x00, 0xFF}}},
	{{{487, 9669, 7015}, 0, {-94, 17}, {0x7F, 0x00, 0x00, 0xFF}}},
	{{{487, 9669, 7436}, 0, {1196, 17}, {0x7F, 0x00, 0x00, 0xFF}}},
	{{{487, 7037, 7436}, 0, {1196, 988}, {0x7F, 0x00, 0x00, 0xFF}}},
	{{{67, 7037, 7015}, 0, {-1404, 988}, {0x00, 0x00, 0x81, 0xFF}}},
	{{{67, 9669, 7015}, 0, {-1404, 17}, {0x00, 0x00, 0x81, 0xFF}}},
	{{{487, 9669, 7015}, 0, {1752, 17}, {0x00, 0x00, 0x81, 0xFF}}},
	{{{487, 7037, 7015}, 0, {1752, 988}, {0x00, 0x00, 0x81, 0xFF}}},
	{{{487, 7037, 7436}, 0, {-437, 988}, {0x00, 0x00, 0x7F, 0xFF}}},
	{{{487, 9669, 7436}, 0, {-437, 17}, {0x00, 0x00, 0x7F, 0xFF}}},
	{{{67, 9669, 7436}, 0, {2719, 17}, {0x00, 0x00, 0x7F, 0xFF}}},
	{{{67, 7037, 7436}, 0, {2719, 988}, {0x00, 0x00, 0x7F, 0xFF}}},
	{{{67, 7037, 6462}, 0, {-94, 988}, {0x81, 0x00, 0x00, 0xFF}}},
	{{{67, 9669, 6462}, 0, {-94, 17}, {0x81, 0x00, 0x00, 0xFF}}},
	{{{67, 9669, 6042}, 0, {1196, 17}, {0x81, 0x00, 0x00, 0xFF}}},
	{{{67, 7037, 6042}, 0, {1196, 988}, {0x81, 0x00, 0x00, 0xFF}}},
	{{{487, 7037, 6042}, 0, {-94, 988}, {0x7F, 0x00, 0x00, 0xFF}}},
	{{{487, 9669, 6042}, 0, {-94, 17}, {0x7F, 0x00, 0x00, 0xFF}}},
	{{{487, 9669, 6462}, 0, {1196, 17}, {0x7F, 0x00, 0x00, 0xFF}}},
	{{{487, 7037, 6462}, 0, {1196, 988}, {0x7F, 0x00, 0x00, 0xFF}}},
	{{{67, 7037, 6042}, 0, {-1404, 988}, {0x00, 0x00, 0x81, 0xFF}}},
	{{{67, 9669, 6042}, 0, {-1404, 17}, {0x00, 0x00, 0x81, 0xFF}}},
	{{{487, 9669, 6042}, 0, {1752, 17}, {0x00, 0x00, 0x81, 0xFF}}},
	{{{487, 7037, 6042}, 0, {1752, 988}, {0x00, 0x00, 0x81, 0xFF}}},
	{{{487, 7037, 6462}, 0, {-437, 988}, {0x00, 0x00, 0x7F, 0xFF}}},
	{{{487, 9669, 6462}, 0, {-437, 17}, {0x00, 0x00, 0x7F, 0xFF}}},
	{{{67, 9669, 6462}, 0, {2719, 17}, {0x00, 0x00, 0x7F, 0xFF}}},
	{{{67, 7037, 6462}, 0, {2719, 988}, {0x00, 0x00, 0x7F, 0xFF}}},
	{{{-6699, 1173, 4424}, 0, {1141, 988}, {0x3F, 0x00, 0x92, 0xFF}}},
	{{{-6699, -854, 4424}, 0, {1141, 17}, {0x3F, 0x00, 0x92, 0xFF}}},
	{{{-6931, -854, 4290}, 0, {2719, 17}, {0x3F, 0x00, 0x92, 0xFF}}},
	{{{-6931, 1173, 4290}, 0, {2719, 988}, {0x3F, 0x00, 0x92, 0xFF}}},
	{{{-7163, 1173, 4692}, 0, {766, 988}, {0xC1, 0x00, 0x6E, 0xFF}}},
	{{{-7163, -854, 4692}, 0, {766, 17}, {0xC1, 0x00, 0x6E, 0xFF}}},
	{{{-6931, -854, 4826}, 0, {1196, 17}, {0xC1, 0x00, 0x6E, 0xFF}}},
	{{{-6931, 1173, 4826}, 0, {1196, 988}, {0xC1, 0x00, 0x6E, 0xFF}}},
	{{{-6931, 1173, 4290}, 0, {-94, 988}, {0xC1, 0x00, 0x92, 0xFF}}},
	{{{-6931, -854, 4290}, 0, {-94, 17}, {0xC1, 0x00, 0x92, 0xFF}}},
	{{{-7163, -854, 4424}, 0, {336, 17}, {0xC1, 0x00, 0x92, 0xFF}}},
	{{{-7163, 1173, 4424}, 0, {336, 988}, {0xC1, 0x00, 0x92, 0xFF}}},
	{{{-7163, 1173, 4424}, 0, {336, 988}, {0x81, 0x00, 0x00, 0xFF}}},
	{{{-7163, -854, 4424}, 0, {336, 17}, {0x81, 0x00, 0x00, 0xFF}}},
	{{{-7163, -854, 4692}, 0, {766, 17}, {0x81, 0x00, 0x00, 0xFF}}},
	{{{-7163, 1173, 4692}, 0, {766, 988}, {0x81, 0x00, 0x00, 0xFF}}},
	{{{-6699, 1173, 4424}, 0, {1141, 988}, {0x7F, 0x00, 0x00, 0xFF}}},
	{{{-6699, 1173, 4692}, 0, {174, 988}, {0x7F, 0x00, 0x00, 0xFF}}},
	{{{-6699, -854, 4692}, 0, {174, 17}, {0x7F, 0x00, 0x00, 0xFF}}},
	{{{-6699, -854, 4424}, 0, {1141, 17}, {0x7F, 0x00, 0x00, 0xFF}}},
	{{{-6931, 1173, 4826}, 0, {-1404, 988}, {0x3F, 0x00, 0x6E, 0xFF}}},
	{{{-6931, -854, 4826}, 0, {-1404, 17}, {0x3F, 0x00, 0x6E, 0xFF}}},
	{{{-6699, -854, 4692}, 0, {174, 17}, {0x3F, 0x00, 0x6E, 0xFF}}},
	{{{-6699, 1173, 4692}, 0, {174, 988}, {0x3F, 0x00, 0x6E, 0xFF}}},
	{{{-6699, 1171, 2074}, 0, {1141, 988}, {0x3F, 0x00, 0x92, 0xFF}}},
	{{{-6699, -852, 2074}, 0, {1141, 17}, {0x3F, 0x00, 0x92, 0xFF}}},
	{{{-6931, -852, 1940}, 0, {2719, 17}, {0x3F, 0x00, 0x92, 0xFF}}},
	{{{-6931, 1171, 1940}, 0, {2719, 988}, {0x3F, 0x00, 0x92, 0xFF}}},
	{{{-7163, 1171, 2341}, 0, {766, 988}, {0xC1, 0x00, 0x6E, 0xFF}}},
	{{{-7163, -852, 2341}, 0, {766, 17}, {0xC1, 0x00, 0x6E, 0xFF}}},
	{{{-6931, -852, 2475}, 0, {1196, 17}, {0xC1, 0x00, 0x6E, 0xFF}}},
	{{{-6931, 1171, 2475}, 0, {1196, 988}, {0xC1, 0x00, 0x6E, 0xFF}}},
	{{{-6931, 1171, 1940}, 0, {-94, 988}, {0xC1, 0x00, 0x92, 0xFF}}},
	{{{-6931, -852, 1940}, 0, {-94, 17}, {0xC1, 0x00, 0x92, 0xFF}}},
	{{{-7163, -852, 2074}, 0, {336, 17}, {0xC1, 0x00, 0x92, 0xFF}}},
	{{{-7163, 1171, 2074}, 0, {336, 988}, {0xC1, 0x00, 0x92, 0xFF}}},
	{{{-7163, 1171, 2074}, 0, {336, 988}, {0x81, 0x00, 0x00, 0xFF}}},
	{{{-7163, -852, 2074}, 0, {336, 17}, {0x81, 0x00, 0x00, 0xFF}}},
	{{{-7163, -852, 2341}, 0, {766, 17}, {0x81, 0x00, 0x00, 0xFF}}},
	{{{-7163, 1171, 2341}, 0, {766, 988}, {0x81, 0x00, 0x00, 0xFF}}},
	{{{-6699, 1171, 2074}, 0, {1141, 988}, {0x7F, 0x00, 0x00, 0xFF}}},
	{{{-6699, 1171, 2341}, 0, {174, 988}, {0x7F, 0x00, 0x00, 0xFF}}},
	{{{-6699, -852, 2341}, 0, {174, 17}, {0x7F, 0x00, 0x00, 0xFF}}},
	{{{-6699, -852, 2074}, 0, {1141, 17}, {0x7F, 0x00, 0x00, 0xFF}}},
	{{{-6931, 1171, 2475}, 0, {-1404, 988}, {0x3F, 0x00, 0x6E, 0xFF}}},
	{{{-6931, -852, 2475}, 0, {-1404, 17}, {0x3F, 0x00, 0x6E, 0xFF}}},
	{{{-6699, -852, 2341}, 0, {174, 17}, {0x3F, 0x00, 0x6E, 0xFF}}},
	{{{-6699, 1171, 2341}, 0, {174, 988}, {0x3F, 0x00, 0x6E, 0xFF}}},
	{{{-8950, 1173, 2002}, 0, {1141, 988}, {0x3F, 0x00, 0x92, 0xFF}}},
	{{{-8950, -854, 2002}, 0, {1141, 17}, {0x3F, 0x00, 0x92, 0xFF}}},
	{{{-9245, -854, 1832}, 0, {2719, 17}, {0x3F, 0x00, 0x92, 0xFF}}},
	{{{-9245, 1173, 1832}, 0, {2719, 988}, {0x3F, 0x00, 0x92, 0xFF}}},
	{{{-9540, 1173, 2342}, 0, {766, 988}, {0xC1, 0x00, 0x6E, 0xFF}}},
	{{{-9540, -854, 2342}, 0, {766, 17}, {0xC1, 0x00, 0x6E, 0xFF}}},
	{{{-9245, -854, 2512}, 0, {1196, 17}, {0xC1, 0x00, 0x6E, 0xFF}}},
	{{{-9245, 1173, 2512}, 0, {1196, 988}, {0xC1, 0x00, 0x6E, 0xFF}}},
	{{{-9245, 1173, 1832}, 0, {-94, 988}, {0xC1, 0x00, 0x92, 0xFF}}},
	{{{-9245, -854, 1832}, 0, {-94, 17}, {0xC1, 0x00, 0x92, 0xFF}}},
	{{{-9540, -854, 2002}, 0, {336, 17}, {0xC1, 0x00, 0x92, 0xFF}}},
	{{{-9540, 1173, 2002}, 0, {336, 988}, {0xC1, 0x00, 0x92, 0xFF}}},
	{{{-9540, 1173, 2002}, 0, {336, 988}, {0x81, 0x00, 0x00, 0xFF}}},
	{{{-9540, -854, 2002}, 0, {336, 17}, {0x81, 0x00, 0x00, 0xFF}}},
	{{{-9540, -854, 2342}, 0, {766, 17}, {0x81, 0x00, 0x00, 0xFF}}},
	{{{-9540, 1173, 2342}, 0, {766, 988}, {0x81, 0x00, 0x00, 0xFF}}},
	{{{-8950, 1173, 2002}, 0, {1141, 988}, {0x7F, 0x00, 0x00, 0xFF}}},
	{{{-8950, 1173, 2342}, 0, {174, 988}, {0x7F, 0x00, 0x00, 0xFF}}},
	{{{-8950, -854, 2342}, 0, {174, 17}, {0x7F, 0x00, 0x00, 0xFF}}},
	{{{-8950, -854, 2002}, 0, {1141, 17}, {0x7F, 0x00, 0x00, 0xFF}}},
	{{{-9245, 1173, 2512}, 0, {-1404, 988}, {0x3F, 0x00, 0x6E, 0xFF}}},
	{{{-9245, -854, 2512}, 0, {-1404, 17}, {0x3F, 0x00, 0x6E, 0xFF}}},
	{{{-8950, -854, 2342}, 0, {174, 17}, {0x3F, 0x00, 0x6E, 0xFF}}},
	{{{-8950, 1173, 2342}, 0, {174, 988}, {0x3F, 0x00, 0x6E, 0xFF}}},
	{{{-8954, 1158, 4425}, 0, {1141, 988}, {0x3F, 0x00, 0x92, 0xFF}}},
	{{{-8954, -839, 4425}, 0, {1141, 17}, {0x3F, 0x00, 0x92, 0xFF}}},
	{{{-9245, -839, 4257}, 0, {2719, 17}, {0x3F, 0x00, 0x92, 0xFF}}},
	{{{-9245, 1158, 4257}, 0, {2719, 988}, {0x3F, 0x00, 0x92, 0xFF}}},
	{{{-9537, 1158, 4762}, 0, {766, 988}, {0xC1, 0x00, 0x6E, 0xFF}}},
	{{{-9537, -839, 4762}, 0, {766, 17}, {0xC1, 0x00, 0x6E, 0xFF}}},
	{{{-9245, -839, 4930}, 0, {1196, 17}, {0xC1, 0x00, 0x6E, 0xFF}}},
	{{{-9245, 1158, 4930}, 0, {1196, 988}, {0xC1, 0x00, 0x6E, 0xFF}}},
	{{{-9245, 1158, 4257}, 0, {-94, 988}, {0xC1, 0x00, 0x92, 0xFF}}},
	{{{-9245, -839, 4257}, 0, {-94, 17}, {0xC1, 0x00, 0x92, 0xFF}}},
	{{{-9537, -839, 4425}, 0, {336, 17}, {0xC1, 0x00, 0x92, 0xFF}}},
	{{{-9537, 1158, 4425}, 0, {336, 988}, {0xC1, 0x00, 0x92, 0xFF}}},
	{{{-9537, 1158, 4425}, 0, {336, 988}, {0x81, 0x00, 0x00, 0xFF}}},
	{{{-9537, -839, 4425}, 0, {336, 17}, {0x81, 0x00, 0x00, 0xFF}}},
	{{{-9537, -839, 4762}, 0, {766, 17}, {0x81, 0x00, 0x00, 0xFF}}},
	{{{-9537, 1158, 4762}, 0, {766, 988}, {0x81, 0x00, 0x00, 0xFF}}},
	{{{-8954, 1158, 4425}, 0, {1141, 988}, {0x7F, 0x00, 0x00, 0xFF}}},
	{{{-8954, 1158, 4762}, 0, {174, 988}, {0x7F, 0x00, 0x00, 0xFF}}},
	{{{-8954, -839, 4762}, 0, {174, 17}, {0x7F, 0x00, 0x00, 0xFF}}},
	{{{-8954, -839, 4425}, 0, {1141, 17}, {0x7F, 0x00, 0x00, 0xFF}}},
	{{{-9245, 1158, 4930}, 0, {-1404, 988}, {0x3F, 0x00, 0x6E, 0xFF}}},
	{{{-9245, -839, 4930}, 0, {-1404, 17}, {0x3F, 0x00, 0x6E, 0xFF}}},
	{{{-8954, -839, 4762}, 0, {174, 17}, {0x3F, 0x00, 0x6E, 0xFF}}},
	{{{-8954, 1158, 4762}, 0, {174, 988}, {0x3F, 0x00, 0x6E, 0xFF}}},
	{{{2271, 2096, 7015}, 0, {-94, 988}, {0x7F, 0x00, 0x00, 0xFF}}},
	{{{2271, 2096, 7435}, 0, {1196, 988}, {0x7F, 0x00, 0x00, 0xFF}}},
	{{{2271, -141, 7435}, 0, {1196, 17}, {0x7F, 0x00, 0x00, 0xFF}}},
	{{{2271, -141, 7015}, 0, {-94, 17}, {0x7F, 0x00, 0x00, 0xFF}}},
	{{{2692, 2096, 7435}, 0, {-94, 988}, {0x81, 0x00, 0x00, 0xFF}}},
	{{{2692, 2096, 7015}, 0, {1196, 988}, {0x81, 0x00, 0x00, 0xFF}}},
	{{{2692, -141, 7015}, 0, {1196, 17}, {0x81, 0x00, 0x00, 0xFF}}},
	{{{2692, -141, 7435}, 0, {-94, 17}, {0x81, 0x00, 0x00, 0xFF}}},
	{{{2271, 2096, 7435}, 0, {-1404, 988}, {0x00, 0x00, 0x81, 0xFF}}},
	{{{2692, 2096, 7435}, 0, {1752, 988}, {0x00, 0x00, 0x81, 0xFF}}},
	{{{2692, -141, 7435}, 0, {1752, 17}, {0x00, 0x00, 0x81, 0xFF}}},
	{{{2271, -141, 7435}, 0, {-1404, 17}, {0x00, 0x00, 0x81, 0xFF}}},
	{{{2692, 2096, 7015}, 0, {-437, 988}, {0x00, 0x00, 0x7F, 0xFF}}},
	{{{2271, 2096, 7015}, 0, {2719, 988}, {0x00, 0x00, 0x7F, 0xFF}}},
	{{{2271, -141, 7015}, 0, {2719, 17}, {0x00, 0x00, 0x7F, 0xFF}}},
	{{{2692, -141, 7015}, 0, {-437, 17}, {0x00, 0x00, 0x7F, 0xFF}}},
	{{{2271, 1406, 6042}, 0, {-94, 988}, {0x7F, 0x00, 0x00, 0xFF}}},
	{{{2271, 1406, 6463}, 0, {1196, 988}, {0x7F, 0x00, 0x00, 0xFF}}},
	{{{2271, -141, 6463}, 0, {1196, 17}, {0x7F, 0x00, 0x00, 0xFF}}},
	{{{2271, -141, 6042}, 0, {-94, 17}, {0x7F, 0x00, 0x00, 0xFF}}},
	{{{2692, 1406, 6463}, 0, {-94, 988}, {0x81, 0x00, 0x00, 0xFF}}},
	{{{2692, 1406, 6042}, 0, {1196, 988}, {0x81, 0x00, 0x00, 0xFF}}},
	{{{2692, -141, 6042}, 0, {1196, 17}, {0x81, 0x00, 0x00, 0xFF}}},
	{{{2692, -141, 6463}, 0, {-94, 17}, {0x81, 0x00, 0x00, 0xFF}}},
	{{{2271, 1406, 6463}, 0, {-1404, 988}, {0x00, 0x00, 0x81, 0xFF}}},
	{{{2692, 1406, 6463}, 0, {1752, 988}, {0x00, 0x00, 0x81, 0xFF}}},
	{{{2692, -141, 6463}, 0, {1752, 17}, {0x00, 0x00, 0x81, 0xFF}}},
	{{{2271, -141, 6463}, 0, {-1404, 17}, {0x00, 0x00, 0x81, 0xFF}}},
	{{{2692, 1406, 6042}, 0, {-437, 988}, {0x00, 0x00, 0x7F, 0xFF}}},
	{{{2271, 1406, 6042}, 0, {2719, 988}, {0x00, 0x00, 0x7F, 0xFF}}},
	{{{2271, -141, 6042}, 0, {2719, 17}, {0x00, 0x00, 0x7F, 0xFF}}},
	{{{2692, -141, 6042}, 0, {-437, 17}, {0x00, 0x00, 0x7F, 0xFF}}},
	{{{67, 2096, 6042}, 0, {-94, 988}, {0x7F, 0x00, 0x00, 0xFF}}},
	{{{67, 2096, 6463}, 0, {1196, 988}, {0x7F, 0x00, 0x00, 0xFF}}},
	{{{67, -141, 6463}, 0, {1196, 17}, {0x7F, 0x00, 0x00, 0xFF}}},
	{{{67, -141, 6042}, 0, {-94, 17}, {0x7F, 0x00, 0x00, 0xFF}}},
	{{{487, 2096, 6463}, 0, {-94, 988}, {0x81, 0x00, 0x00, 0xFF}}},
	{{{487, 2096, 6042}, 0, {1196, 988}, {0x81, 0x00, 0x00, 0xFF}}},
	{{{487, -141, 6042}, 0, {1196, 17}, {0x81, 0x00, 0x00, 0xFF}}},
	{{{487, -141, 6463}, 0, {-94, 17}, {0x81, 0x00, 0x00, 0xFF}}},
	{{{67, 2096, 6463}, 0, {-1404, 988}, {0x00, 0x00, 0x81, 0xFF}}},
	{{{487, 2096, 6463}, 0, {1752, 988}, {0x00, 0x00, 0x81, 0xFF}}},
	{{{487, -141, 6463}, 0, {1752, 17}, {0x00, 0x00, 0x81, 0xFF}}},
	{{{67, -141, 6463}, 0, {-1404, 17}, {0x00, 0x00, 0x81, 0xFF}}},
	{{{487, 2096, 6042}, 0, {-437, 988}, {0x00, 0x00, 0x7F, 0xFF}}},
	{{{67, 2096, 6042}, 0, {2719, 988}, {0x00, 0x00, 0x7F, 0xFF}}},
	{{{67, -141, 6042}, 0, {2719, 17}, {0x00, 0x00, 0x7F, 0xFF}}},
	{{{487, -141, 6042}, 0, {-437, 17}, {0x00, 0x00, 0x7F, 0xFF}}},
	{{{67, 2096, 7015}, 0, {-94, 988}, {0x7F, 0x00, 0x00, 0xFF}}},
	{{{67, 2096, 7436}, 0, {1196, 988}, {0x7F, 0x00, 0x00, 0xFF}}},
	{{{67, -141, 7436}, 0, {1196, 17}, {0x7F, 0x00, 0x00, 0xFF}}},
	{{{67, -141, 7015}, 0, {-94, 17}, {0x7F, 0x00, 0x00, 0xFF}}},
	{{{487, 2096, 7436}, 0, {-94, 988}, {0x81, 0x00, 0x00, 0xFF}}},
	{{{487, 2096, 7015}, 0, {1196, 988}, {0x81, 0x00, 0x00, 0xFF}}},
	{{{487, -141, 7015}, 0, {1196, 17}, {0x81, 0x00, 0x00, 0xFF}}},
	{{{487, -141, 7436}, 0, {-94, 17}, {0x81, 0x00, 0x00, 0xFF}}},
	{{{67, 2096, 7436}, 0, {-1404, 988}, {0x00, 0x00, 0x81, 0xFF}}},
	{{{487, 2096, 7436}, 0, {1752, 988}, {0x00, 0x00, 0x81, 0xFF}}},
	{{{487, -141, 7436}, 0, {1752, 17}, {0x00, 0x00, 0x81, 0xFF}}},
	{{{67, -141, 7436}, 0, {-1404, 17}, {0x00, 0x00, 0x81, 0xFF}}},
	{{{487, 2096, 7015}, 0, {-437, 988}, {0x00, 0x00, 0x7F, 0xFF}}},
	{{{67, 2096, 7015}, 0, {2719, 988}, {0x00, 0x00, 0x7F, 0xFF}}},
	{{{67, -141, 7015}, 0, {2719, 17}, {0x00, 0x00, 0x7F, 0xFF}}},
	{{{487, -141, 7015}, 0, {-437, 17}, {0x00, 0x00, 0x7F, 0xFF}}},
	{{{-4237, 1570, -1051}, 0, {-94, 988}, {0x7F, 0x00, 0x00, 0xFF}}},
	{{{-4237, 1570, 91}, 0, {1196, 988}, {0x7F, 0x00, 0x00, 0xFF}}},
	{{{-4237, -100, 91}, 0, {1196, 17}, {0x7F, 0x00, 0x00, 0xFF}}},
	{{{-4237, -100, -1051}, 0, {-94, 17}, {0x7F, 0x00, 0x00, 0xFF}}},
	{{{-1404, 788, 91}, 0, {-94, 988}, {0x81, 0x00, 0x00, 0xFF}}},
	{{{-1404, 788, -1051}, 0, {1196, 988}, {0x81, 0x00, 0x00, 0xFF}}},
	{{{-1404, -100, -1051}, 0, {1196, 17}, {0x81, 0x00, 0x00, 0xFF}}},
	{{{-1404, -100, 91}, 0, {-94, 17}, {0x81, 0x00, 0x00, 0xFF}}},
	{{{-4237, 1570, 91}, 0, {-1404, 988}, {0x00, 0x00, 0x81, 0xFF}}},
	{{{-1404, 788, 91}, 0, {1752, 988}, {0x00, 0x00, 0x81, 0xFF}}},
	{{{-1404, -100, 91}, 0, {1752, 17}, {0x00, 0x00, 0x81, 0xFF}}},
	{{{-4237, -100, 91}, 0, {-1404, 17}, {0x00, 0x00, 0x81, 0xFF}}},
	{{{-1404, 788, -1051}, 0, {-437, 988}, {0x00, 0x00, 0x7F, 0xFF}}},
	{{{-4237, 1570, -1051}, 0, {2719, 988}, {0x00, 0x00, 0x7F, 0xFF}}},
	{{{-4237, -100, -1051}, 0, {2719, 17}, {0x00, 0x00, 0x7F, 0xFF}}},
	{{{-1404, -100, -1051}, 0, {-437, 17}, {0x00, 0x00, 0x7F, 0xFF}}},
	{{{-5050, 735, 597}, 0, {-437, 988}, {0x00, 0x00, 0x7F, 0xFF}}},
	{{{-6039, 735, 597}, 0, {2719, 988}, {0x00, 0x00, 0x7F, 0xFF}}},
	{{{-6039, -390, 597}, 0, {2719, 17}, {0x00, 0x00, 0x7F, 0xFF}}},
	{{{-5050, -390, 597}, 0, {-437, 17}, {0x00, 0x00, 0x7F, 0xFF}}},
	{{{-5050, -485, 1462}, 0, {-94, 988}, {0x81, 0x00, 0x00, 0xFF}}},
	{{{-5050, 735, 597}, 0, {1196, 988}, {0x81, 0x00, 0x00, 0xFF}}},
	{{{-5050, -390, 597}, 0, {1196, 17}, {0x81, 0x00, 0x00, 0xFF}}},
	{{{-5050, -754, 1462}, 0, {-94, 17}, {0x81, 0x00, 0x00, 0xFF}}},
	{{{-6039, -485, 1462}, 0, {-1404, 988}, {0x00, 0x00, 0x81, 0xFF}}},
	{{{-5050, -485, 1462}, 0, {1752, 988}, {0x00, 0x00, 0x81, 0xFF}}},
	{{{-5050, -754, 1462}, 0, {1752, 17}, {0x00, 0x00, 0x81, 0xFF}}},
	{{{-6039, -754, 1462}, 0, {-1404, 17}, {0x00, 0x00, 0x81, 0xFF}}},
	{{{-6039, 735, 597}, 0, {-94, 988}, {0x7F, 0x00, 0x00, 0xFF}}},
	{{{-6039, -485, 1462}, 0, {1196, 988}, {0x7F, 0x00, 0x00, 0xFF}}},
	{{{-6039, -754, 1462}, 0, {1196, 17}, {0x7F, 0x00, 0x00, 0xFF}}},
	{{{-6039, -390, 597}, 0, {-94, 17}, {0x7F, 0x00, 0x00, 0xFF}}},
	{{{-7054, 735, 597}, 0, {-437, 988}, {0x00, 0x00, 0x7F, 0xFF}}},
	{{{-7838, 735, 597}, 0, {2719, 988}, {0x00, 0x00, 0x7F, 0xFF}}},
	{{{-7838, -390, 597}, 0, {2719, 17}, {0x00, 0x00, 0x7F, 0xFF}}},
	{{{-7054, -390, 597}, 0, {-437, 17}, {0x00, 0x00, 0x7F, 0xFF}}},
	{{{-7054, -485, 1462}, 0, {-94, 988}, {0x81, 0x00, 0x00, 0xFF}}},
	{{{-7054, 735, 597}, 0, {1196, 988}, {0x81, 0x00, 0x00, 0xFF}}},
	{{{-7054, -390, 597}, 0, {1196, 17}, {0x81, 0x00, 0x00, 0xFF}}},
	{{{-7054, -754, 1462}, 0, {-94, 17}, {0x81, 0x00, 0x00, 0xFF}}},
	{{{-7838, -485, 1462}, 0, {-1404, 988}, {0x00, 0x00, 0x81, 0xFF}}},
	{{{-7054, -485, 1462}, 0, {1752, 988}, {0x00, 0x00, 0x81, 0xFF}}},
	{{{-7054, -754, 1462}, 0, {1752, 17}, {0x00, 0x00, 0x81, 0xFF}}},
	{{{-7838, -754, 1462}, 0, {-1404, 17}, {0x00, 0x00, 0x81, 0xFF}}},
	{{{-7838, 735, 597}, 0, {-94, 988}, {0x7F, 0x00, 0x00, 0xFF}}},
	{{{-7838, -485, 1462}, 0, {1196, 988}, {0x7F, 0x00, 0x00, 0xFF}}},
	{{{-7838, -754, 1462}, 0, {1196, 17}, {0x7F, 0x00, 0x00, 0xFF}}},
	{{{-7838, -390, 597}, 0, {-94, 17}, {0x7F, 0x00, 0x00, 0xFF}}},
	{{{-8861, 735, 596}, 0, {-437, 988}, {0xF7, 0x00, 0x7F, 0xFF}}},
	{{{-10088, 735, 511}, 0, {2719, 988}, {0xF7, 0x00, 0x7F, 0xFF}}},
	{{{-10088, -390, 511}, 0, {2719, 17}, {0xF7, 0x00, 0x7F, 0xFF}}},
	{{{-8861, -390, 596}, 0, {-437, 17}, {0xF7, 0x00, 0x7F, 0xFF}}},
	{{{-8852, -485, 1448}, 0, {-94, 988}, {0x81, 0x00, 0x01, 0xFF}}},
	{{{-8861, 735, 596}, 0, {1196, 988}, {0x81, 0x00, 0x01, 0xFF}}},
	{{{-8861, -390, 596}, 0, {1196, 17}, {0x81, 0x00, 0x01, 0xFF}}},
	{{{-8852, -754, 1448}, 0, {-94, 17}, {0x81, 0x00, 0x01, 0xFF}}},
	{{{-10088, -485, 1465}, 0, {-1404, 988}, {0xFE, 0x00, 0x81, 0xFF}}},
	{{{-8852, -485, 1448}, 0, {1752, 988}, {0xFE, 0x00, 0x81, 0xFF}}},
	{{{-8852, -754, 1448}, 0, {1752, 17}, {0xFE, 0x00, 0x81, 0xFF}}},
	{{{-10088, -754, 1465}, 0, {-1404, 17}, {0xFE, 0x00, 0x81, 0xFF}}},
	{{{-10088, 735, 511}, 0, {-94, 988}, {0x7F, 0x00, 0x00, 0xFF}}},
	{{{-10088, -485, 1465}, 0, {1196, 988}, {0x7F, 0x00, 0x00, 0xFF}}},
	{{{-10088, -754, 1465}, 0, {1196, 17}, {0x7F, 0x00, 0x00, 0xFF}}},
	{{{-10088, -390, 511}, 0, {-94, 17}, {0x7F, 0x00, 0x00, 0xFF}}},
	{{{6267, 1109, -1486}, 0, {-437, 988}, {0x00, 0xE3, 0x7C, 0xFF}}},
	{{{3416, 1109, -1486}, 0, {2719, 988}, {0x00, 0xE3, 0x7C, 0xFF}}},
	{{{3416, -100, -1771}, 0, {2719, 17}, {0x00, 0xE3, 0x7C, 0xFF}}},
	{{{6267, -100, -1771}, 0, {-437, 17}, {0x00, 0xE3, 0x7C, 0xFF}}},
	{{{6267, 1109, 529}, 0, {-94, 988}, {0x81, 0x00, 0x00, 0xFF}}},
	{{{6267, 1109, -1486}, 0, {1196, 988}, {0x81, 0x00, 0x00, 0xFF}}},
	{{{6267, -100, -1771}, 0, {1196, 17}, {0x81, 0x00, 0x00, 0xFF}}},
	{{{6267, -100, 813}, 0, {-94, 17}, {0x81, 0x00, 0x00, 0xFF}}},
	{{{3416, 1109, 529}, 0, {-1404, 988}, {0x00, 0xE3, 0x84, 0xFF}}},
	{{{6267, 1109, 529}, 0, {1752, 988}, {0x00, 0xE3, 0x84, 0xFF}}},
	{{{6267, -100, 813}, 0, {1752, 17}, {0x00, 0xE3, 0x84, 0xFF}}},
	{{{3416, -100, 813}, 0, {-1404, 17}, {0x00, 0xE3, 0x84, 0xFF}}},
	{{{3416, 1109, -1486}, 0, {-94, 988}, {0x7F, 0x00, 0x00, 0xFF}}},
	{{{3416, 1109, 529}, 0, {1196, 988}, {0x7F, 0x00, 0x00, 0xFF}}},
	{{{3416, -100, 813}, 0, {1196, 17}, {0x7F, 0x00, 0x00, 0xFF}}},
	{{{3416, -100, -1771}, 0, {-94, 17}, {0x7F, 0x00, 0x00, 0xFF}}},
	{{{-1725, 2039, 3930}, 0, {-94, 988}, {0x7F, 0x00, 0x00, 0xFF}}},
	{{{-1725, 2039, 9472}, 0, {1196, 988}, {0x7F, 0x00, 0x00, 0xFF}}},
	{{{-1725, -141, 9472}, 0, {1196, 17}, {0x7F, 0x00, 0x00, 0xFF}}},
	{{{-1725, -141, 3930}, 0, {-94, 17}, {0x7F, 0x00, 0x00, 0xFF}}},
	{{{4669, 1589, 4948}, 0, {873, 988}, {0x81, 0x00, 0x00, 0xFF}}},
	{{{4669, 2039, 3930}, 0, {1196, 988}, {0x81, 0x00, 0x00, 0xFF}}},
	{{{4669, -141, 3930}, 0, {1196, 17}, {0x81, 0x00, 0x00, 0xFF}}},
	{{{4669, -141, 4948}, 0, {873, 17}, {0x81, 0x00, 0x00, 0xFF}}},
	{{{4669, 1589, 5952}, 0, {551, 988}, {0x81, 0x00, 0x00, 0xFF}}},
	{{{4669, -141, 5952}, 0, {551, 17}, {0x81, 0x00, 0x00, 0xFF}}},
	{{{4669, 2039, 9472}, 0, {-94, 988}, {0x81, 0x00, 0x00, 0xFF}}},
	{{{4669, -141, 9472}, 0, {-94, 17}, {0x81, 0x00, 0x00, 0xFF}}},
	{{{2701, 2039, 9472}, 0, {962, 988}, {0x00, 0x00, 0x81, 0xFF}}},
	{{{4669, 2039, 9472}, 0, {1752, 988}, {0x00, 0x00, 0x81, 0xFF}}},
	{{{4669, -141, 9472}, 0, {1752, 17}, {0x00, 0x00, 0x81, 0xFF}}},
	{{{2701, -141, 9472}, 0, {962, 17}, {0x00, 0x00, 0x81, 0xFF}}},
	{{{4669, 2039, 3930}, 0, {-437, 988}, {0x00, 0x00, 0x7F, 0xFF}}},
	{{{-1725, 2039, 3930}, 0, {2719, 988}, {0x00, 0x00, 0x7F, 0xFF}}},
	{{{-1725, -141, 3930}, 0, {2719, 17}, {0x00, 0x00, 0x7F, 0xFF}}},
	{{{4669, -141, 3930}, 0, {-437, 17}, {0x00, 0x00, 0x7F, 0xFF}}},
	{{{60, 2039, 9245}, 0, {-615, 988}, {0x00, 0x00, 0x81, 0xFF}}},
	{{{499, 2039, 9245}, 0, {-221, 988}, {0x00, 0x00, 0x81, 0xFF}}},
	{{{499, -141, 9245}, 0, {-221, 17}, {0x00, 0x00, 0x81, 0xFF}}},
	{{{60, -141, 9245}, 0, {-615, 17}, {0x00, 0x00, 0x81, 0xFF}}},
	{{{-1725, 2039, 9472}, 0, {-1404, 988}, {0x00, 0x00, 0x81, 0xFF}}},
	{{{60, 2039, 9472}, 0, {-615, 988}, {0x00, 0x00, 0x81, 0xFF}}},
	{{{60, -141, 9472}, 0, {-615, 17}, {0x00, 0x00, 0x81, 0xFF}}},
	{{{-1725, -141, 9472}, 0, {-1404, 17}, {0x00, 0x00, 0x81, 0xFF}}},
	{{{2262, 2039, 9245}, 0, {568, 988}, {0x00, 0x00, 0x81, 0xFF}}},
	{{{2701, 2039, 9245}, 0, {962, 988}, {0x00, 0x00, 0x81, 0xFF}}},
	{{{2701, -141, 9245}, 0, {962, 17}, {0x00, 0x00, 0x81, 0xFF}}},
	{{{2262, -141, 9245}, 0, {568, 17}, {0x00, 0x00, 0x81, 0xFF}}},
	{{{499, 2039, 9472}, 0, {-221, 988}, {0x00, 0x00, 0x81, 0xFF}}},
	{{{2262, 2039, 9472}, 0, {568, 988}, {0x00, 0x00, 0x81, 0xFF}}},
	{{{2262, -141, 9472}, 0, {568, 17}, {0x00, 0x00, 0x81, 0xFF}}},
	{{{499, -141, 9472}, 0, {-221, 17}, {0x00, 0x00, 0x81, 0xFF}}},
	{{{499, 2039, 9472}, 0, {-221, 988}, {0x7F, 0x00, 0x00, 0xFF}}},
	{{{499, -141, 9472}, 0, {-221, 17}, {0x7F, 0x00, 0x00, 0xFF}}},
	{{{499, -141, 9245}, 0, {-221, 17}, {0x7F, 0x00, 0x00, 0xFF}}},
	{{{499, 2039, 9245}, 0, {-221, 988}, {0x7F, 0x00, 0x00, 0xFF}}},
	{{{60, -141, 9472}, 0, {-615, 17}, {0x81, 0x00, 0x00, 0xFF}}},
	{{{60, 2039, 9472}, 0, {-615, 988}, {0x81, 0x00, 0x00, 0xFF}}},
	{{{60, 2039, 9245}, 0, {-615, 988}, {0x81, 0x00, 0x00, 0xFF}}},
	{{{60, -141, 9245}, 0, {-615, 17}, {0x81, 0x00, 0x00, 0xFF}}},
	{{{2262, -141, 9472}, 0, {568, 17}, {0x81, 0x00, 0x00, 0xFF}}},
	{{{2262, 2039, 9472}, 0, {568, 988}, {0x81, 0x00, 0x00, 0xFF}}},
	{{{2262, 2039, 9245}, 0, {568, 988}, {0x81, 0x00, 0x00, 0xFF}}},
	{{{2262, -141, 9245}, 0, {568, 17}, {0x81, 0x00, 0x00, 0xFF}}},
	{{{2701, 2039, 9472}, 0, {962, 988}, {0x7F, 0x00, 0x00, 0xFF}}},
	{{{2701, -141, 9472}, 0, {962, 17}, {0x7F, 0x00, 0x00, 0xFF}}},
	{{{2701, -141, 9245}, 0, {962, 17}, {0x7F, 0x00, 0x00, 0xFF}}},
	{{{2701, 2039, 9245}, 0, {962, 988}, {0x7F, 0x00, 0x00, 0xFF}}},
	{{{-1848, 2352, 3921}, 0, {-437, 988}, {0x00, 0x00, 0x7F, 0xFF}}},
	{{{-4429, 2352, 3921}, 0, {2719, 988}, {0x00, 0x00, 0x7F, 0xFF}}},
	{{{-4429, 942, 3921}, 0, {2719, 17}, {0x00, 0x00, 0x7F, 0xFF}}},
	{{{-1848, 942, 3921}, 0, {-437, 17}, {0x00, 0x00, 0x7F, 0xFF}}},
	{{{-1848, 2754, 8533}, 0, {551, 988}, {0x81, 0x00, 0x00, 0xFF}}},
	{{{-1848, 2352, 3921}, 0, {1196, 988}, {0x81, 0x00, 0x00, 0xFF}}},
	{{{-1848, 942, 3921}, 0, {1196, 17}, {0x81, 0x00, 0x00, 0xFF}}},
	{{{-1848, 942, 8533}, 0, {551, 17}, {0x81, 0x00, 0x00, 0xFF}}},
	{{{-3546, 3004, 9254}, 0, {174, 988}, {0x00, 0x02, 0x81, 0xFF}}},
	{{{-1966, 3004, 9254}, 0, {1752, 988}, {0x00, 0x02, 0x81, 0xFF}}},
	{{{-1966, 1621, 9237}, 0, {1752, 17}, {0x00, 0x02, 0x81, 0xFF}}},
	{{{-3546, 1621, 9237}, 0, {174, 17}, {0x00, 0x02, 0x81, 0xFF}}},
	{{{-4429, 2640, 6585}, 0, {551, 988}, {0x74, 0x00, 0xCC, 0xFF}}},
	{{{-3546, 2989, 8533}, 0, {1196, 988}, {0x74, 0x00, 0xCC, 0xFF}}},
	{{{-3546, 1942, 8533}, 0, {1196, 17}, {0x74, 0x00, 0xCC, 0xFF}}},
	{{{-4429, 942, 6585}, 0, {551, 17}, {0x74, 0x00, 0xCC, 0xFF}}},
	{{{-1966, 3004, 9254}, 0, {-94, 988}, {0x83, 0x00, 0xEB, 0xFF}}},
	{{{-1848, 2754, 8533}, 0, {551, 988}, {0x83, 0x00, 0xEB, 0xFF}}},
	{{{-1848, 942, 8533}, 0, {551, 17}, {0x83, 0x00, 0xEB, 0xFF}}},
	{{{-1966, 1621, 9237}, 0, {-94, 17}, {0x83, 0x00, 0xEB, 0xFF}}},
	{{{-4429, 2352, 3921}, 0, {-94, 988}, {0x7F, 0x00, 0x00, 0xFF}}},
	{{{-4429, 2640, 6585}, 0, {551, 988}, {0x7F, 0x00, 0x00, 0xFF}}},
	{{{-4429, 942, 6585}, 0, {551, 17}, {0x7F, 0x00, 0x00, 0xFF}}},
	{{{-4429, 942, 3921}, 0, {-94, 17}, {0x7F, 0x00, 0x00, 0xFF}}},
	{{{-3546, 2989, 8533}, 0, {-1404, 988}, {0x7F, 0x00, 0x00, 0xFF}}},
	{{{-3546, 3004, 9254}, 0, {174, 988}, {0x7F, 0x00, 0x00, 0xFF}}},
	{{{-3546, 1621, 9237}, 0, {174, 17}, {0x7F, 0x00, 0x00, 0xFF}}},
	{{{-3546, 1942, 8533}, 0, {-1404, 17}, {0x7F, 0x00, 0x00, 0xFF}}},
	{{{-1867, 7206, 5493}, 0, {-437, 988}, {0x00, 0x00, 0x7F, 0xFF}}},
	{{{-4566, 7206, 5493}, 0, {2719, 988}, {0x00, 0x00, 0x7F, 0xFF}}},
	{{{-4566, 5983, 5493}, 0, {2719, 17}, {0x00, 0x00, 0x7F, 0xFF}}},
	{{{-1867, 5983, 5493}, 0, {-437, 17}, {0x00, 0x00, 0x7F, 0xFF}}},
	{{{-1867, 7206, 8425}, 0, {-94, 988}, {0x81, 0x00, 0x00, 0xFF}}},
	{{{-1867, 7206, 5493}, 0, {1196, 988}, {0x81, 0x00, 0x00, 0xFF}}},
	{{{-1867, 5983, 5493}, 0, {1196, 17}, {0x81, 0x00, 0x00, 0xFF}}},
	{{{-1867, 5983, 8425}, 0, {-94, 17}, {0x81, 0x00, 0x00, 0xFF}}},
	{{{-4566, 7206, 8425}, 0, {-1404, 988}, {0x00, 0x00, 0x81, 0xFF}}},
	{{{-1867, 7206, 8425}, 0, {1752, 988}, {0x00, 0x00, 0x81, 0xFF}}},
	{{{-1867, 5983, 8425}, 0, {1752, 17}, {0x00, 0x00, 0x81, 0xFF}}},
	{{{-4566, 5983, 8425}, 0, {-1404, 17}, {0x00, 0x00, 0x81, 0xFF}}},
	{{{-4566, 7206, 5493}, 0, {-94, 988}, {0x7F, 0x00, 0x00, 0xFF}}},
	{{{-4566, 7206, 8425}, 0, {1196, 988}, {0x7F, 0x00, 0x00, 0xFF}}},
	{{{-4566, 5983, 8425}, 0, {1196, 17}, {0x7F, 0x00, 0x00, 0xFF}}},
	{{{-4566, 5983, 5493}, 0, {-94, 17}, {0x7F, 0x00, 0x00, 0xFF}}},
	{{{-10586, -427, 1501}, 0, {-94, 988}, {0x7F, 0x00, 0x00, 0xFF}}},
	{{{-10586, -427, 5264}, 0, {1196, 988}, {0x7F, 0x00, 0x00, 0xFF}}},
	{{{-10586, -828, 4970}, 0, {1196, 17}, {0x7F, 0x00, 0x00, 0xFF}}},
	{{{-10586, -828, 1796}, 0, {-94, 17}, {0x7F, 0x00, 0x00, 0xFF}}},
	{{{-4547, -427, 5264}, 0, {-94, 988}, {0x81, 0x00, 0x00, 0xFF}}},
	{{{-4547, -427, 1501}, 0, {1196, 988}, {0x81, 0x00, 0x00, 0xFF}}},
	{{{-4547, -828, 1796}, 0, {1196, 17}, {0x81, 0x00, 0x00, 0xFF}}},
	{{{-4547, -828, 4970}, 0, {-94, 17}, {0x81, 0x00, 0x00, 0xFF}}},
	{{{-10586, -427, 5264}, 0, {-1404, 988}, {0x00, 0x4B, 0x9A, 0xFF}}},
	{{{-4547, -427, 5264}, 0, {1752, 988}, {0x00, 0x4B, 0x9A, 0xFF}}},
	{{{-4547, -828, 4970}, 0, {1752, 17}, {0x00, 0x4B, 0x9A, 0xFF}}},
	{{{-10586, -828, 4970}, 0, {-1404, 17}, {0x00, 0x4B, 0x9A, 0xFF}}},
	{{{-4547, -427, 1501}, 0, {-437, 988}, {0x00, 0x4B, 0x66, 0xFF}}},
	{{{-10586, -427, 1501}, 0, {2719, 988}, {0x00, 0x4B, 0x66, 0xFF}}},
	{{{-10586, -828, 1796}, 0, {2719, 17}, {0x00, 0x4B, 0x66, 0xFF}}},
	{{{-4547, -828, 1796}, 0, {-437, 17}, {0x00, 0x4B, 0x66, 0xFF}}},
	{{{4669, 7932, 3930}, 0, {-94, 988}, {0x81, 0x00, 0x00, 0xFF}}},
	{{{4669, 7932, 9472}, 0, {1196, 988}, {0x81, 0x00, 0x00, 0xFF}}},
	{{{4669, 9684, 9472}, 0, {1196, 17}, {0x81, 0x00, 0x00, 0xFF}}},
	{{{4669, 9684, 3930}, 0, {-94, 17}, {0x81, 0x00, 0x00, 0xFF}}},
	{{{65, 7932, 9472}, 0, {962, 988}, {0x00, 0x00, 0x81, 0xFF}}},
	{{{-1724, 7932, 9472}, 0, {1752, 988}, {0x00, 0x00, 0x81, 0xFF}}},
	{{{-1724, 9684, 9472}, 0, {1752, 17}, {0x00, 0x00, 0x81, 0xFF}}},
	{{{65, 9684, 9472}, 0, {962, 17}, {0x00, 0x00, 0x81, 0xFF}}},
	{{{-1724, 7932, 3930}, 0, {-437, 988}, {0x00, 0x00, 0x7F, 0xFF}}},
	{{{4669, 7932, 3930}, 0, {2719, 988}, {0x00, 0x00, 0x7F, 0xFF}}},
	{{{4669, 9684, 3930}, 0, {2719, 17}, {0x00, 0x00, 0x7F, 0xFF}}},
	{{{-1724, 9684, 3930}, 0, {-437, 17}, {0x00, 0x00, 0x7F, 0xFF}}},
	{{{-1724, 7932, 9472}, 0, {-94, 988}, {0x7F, 0x00, 0x00, 0xFF}}},
	{{{-1724, 7932, 3930}, 0, {1196, 988}, {0x7F, 0x00, 0x00, 0xFF}}},
	{{{-1724, 9684, 3930}, 0, {1196, 17}, {0x7F, 0x00, 0x00, 0xFF}}},
	{{{-1724, 9684, 9472}, 0, {-94, 17}, {0x7F, 0x00, 0x00, 0xFF}}},
	{{{2706, 7932, 9245}, 0, {-615, 988}, {0x00, 0x00, 0x81, 0xFF}}},
	{{{2267, 7932, 9245}, 0, {-221, 988}, {0x00, 0x00, 0x81, 0xFF}}},
	{{{2267, 9684, 9245}, 0, {-221, 17}, {0x00, 0x00, 0x81, 0xFF}}},
	{{{2706, 9684, 9245}, 0, {-615, 17}, {0x00, 0x00, 0x81, 0xFF}}},
	{{{4669, 7932, 9472}, 0, {-1404, 988}, {0x00, 0x00, 0x81, 0xFF}}},
	{{{2706, 7932, 9472}, 0, {-615, 988}, {0x00, 0x00, 0x81, 0xFF}}},
	{{{2706, 9684, 9472}, 0, {-615, 17}, {0x00, 0x00, 0x81, 0xFF}}},
	{{{4669, 9684, 9472}, 0, {-1404, 17}, {0x00, 0x00, 0x81, 0xFF}}},
	{{{504, 7932, 9245}, 0, {568, 988}, {0x00, 0x00, 0x81, 0xFF}}},
	{{{65, 7932, 9245}, 0, {962, 988}, {0x00, 0x00, 0x81, 0xFF}}},
	{{{65, 9684, 9245}, 0, {962, 17}, {0x00, 0x00, 0x81, 0xFF}}},
	{{{504, 9684, 9245}, 0, {568, 17}, {0x00, 0x00, 0x81, 0xFF}}},
	{{{2267, 7932, 9472}, 0, {-221, 988}, {0x00, 0x00, 0x81, 0xFF}}},
	{{{504, 7932, 9472}, 0, {568, 988}, {0x00, 0x00, 0x81, 0xFF}}},
	{{{504, 9684, 9472}, 0, {568, 17}, {0x00, 0x00, 0x81, 0xFF}}},
	{{{2267, 9684, 9472}, 0, {-221, 17}, {0x00, 0x00, 0x81, 0xFF}}},
	{{{2267, 7932, 9472}, 0, {-221, 988}, {0x81, 0x00, 0x00, 0xFF}}},
	{{{2267, 9684, 9472}, 0, {-221, 17}, {0x81, 0x00, 0x00, 0xFF}}},
	{{{2267, 9684, 9245}, 0, {-221, 17}, {0x81, 0x00, 0x00, 0xFF}}},
	{{{2267, 7932, 9245}, 0, {-221, 988}, {0x81, 0x00, 0x00, 0xFF}}},
	{{{2706, 9684, 9472}, 0, {-615, 17}, {0x7F, 0x00, 0x00, 0xFF}}},
	{{{2706, 7932, 9472}, 0, {-615, 988}, {0x7F, 0x00, 0x00, 0xFF}}},
	{{{2706, 7932, 9245}, 0, {-615, 988}, {0x7F, 0x00, 0x00, 0xFF}}},
	{{{2706, 9684, 9245}, 0, {-615, 17}, {0x7F, 0x00, 0x00, 0xFF}}},
	{{{504, 9684, 9472}, 0, {568, 17}, {0x7F, 0x00, 0x00, 0xFF}}},
	{{{504, 7932, 9472}, 0, {568, 988}, {0x7F, 0x00, 0x00, 0xFF}}},
	{{{504, 7932, 9245}, 0, {568, 988}, {0x7F, 0x00, 0x00, 0xFF}}},
	{{{504, 9684, 9245}, 0, {568, 17}, {0x7F, 0x00, 0x00, 0xFF}}},
	{{{65, 7932, 9472}, 0, {962, 988}, {0x81, 0x00, 0x00, 0xFF}}},
	{{{65, 9684, 9472}, 0, {962, 17}, {0x81, 0x00, 0x00, 0xFF}}},
	{{{65, 9684, 9245}, 0, {962, 17}, {0x81, 0x00, 0x00, 0xFF}}},
	{{{65, 7932, 9245}, 0, {962, 988}, {0x81, 0x00, 0x00, 0xFF}}},
	{{{3412, 6931, 408}, 0, {-94, 988}, {0x7F, 0x00, 0x00, 0xFF}}},
	{{{3412, 6931, -1368}, 0, {1196, 988}, {0x7F, 0x00, 0x00, 0xFF}}},
	{{{3412, 9664, -1368}, 0, {1196, 17}, {0x7F, 0x00, 0x00, 0xFF}}},
	{{{3412, 9664, 408}, 0, {-94, 17}, {0x7F, 0x00, 0x00, 0xFF}}},
	{{{6269, 6931, -1368}, 0, {-94, 988}, {0x81, 0x00, 0x00, 0xFF}}},
	{{{6269, 6931, 408}, 0, {1196, 988}, {0x81, 0x00, 0x00, 0xFF}}},
	{{{6269, 9664, 408}, 0, {1196, 17}, {0x81, 0x00, 0x00, 0xFF}}},
	{{{6269, 9664, -1368}, 0, {-94, 17}, {0x81, 0x00, 0x00, 0xFF}}},
	{{{3412, 6931, -1368}, 0, {-1404, 988}, {0x00, 0x00, 0x7F, 0xFF}}},
	{{{6269, 6931, -1368}, 0, {1752, 988}, {0x00, 0x00, 0x7F, 0xFF}}},
	{{{6269, 9664, -1368}, 0, {1752, 17}, {0x00, 0x00, 0x7F, 0xFF}}},
	{{{3412, 9664, -1368}, 0, {-1404, 17}, {0x00, 0x00, 0x7F, 0xFF}}},
	{{{6269, 6931, 408}, 0, {-437, 988}, {0x00, 0x00, 0x81, 0xFF}}},
	{{{3412, 6931, 408}, 0, {2719, 988}, {0x00, 0x00, 0x81, 0xFF}}},
	{{{3412, 9664, 408}, 0, {2719, 17}, {0x00, 0x00, 0x81, 0xFF}}},
	{{{6269, 9664, 408}, 0, {-437, 17}, {0x00, 0x00, 0x81, 0xFF}}},
	{{{-1123, 6931, 408}, 0, {-94, 988}, {0x7F, 0x00, 0x00, 0xFF}}},
	{{{-1123, 6931, -1368}, 0, {1196, 988}, {0x7F, 0x00, 0x00, 0xFF}}},
	{{{-1123, 9664, -1368}, 0, {1196, 17}, {0x7F, 0x00, 0x00, 0xFF}}},
	{{{-1123, 9664, 408}, 0, {-94, 17}, {0x7F, 0x00, 0x00, 0xFF}}},
	{{{1786, 6931, -1368}, 0, {-94, 988}, {0x81, 0x00, 0x00, 0xFF}}},
	{{{1786, 6931, 408}, 0, {1196, 988}, {0x81, 0x00, 0x00, 0xFF}}},
	{{{1786, 9664, 408}, 0, {1196, 17}, {0x81, 0x00, 0x00, 0xFF}}},
	{{{1786, 9664, -1368}, 0, {-94, 17}, {0x81, 0x00, 0x00, 0xFF}}},
	{{{-1123, 6931, -1368}, 0, {-1404, 988}, {0x00, 0x00, 0x7F, 0xFF}}},
	{{{1786, 6931, -1368}, 0, {1752, 988}, {0x00, 0x00, 0x7F, 0xFF}}},
	{{{1786, 9664, -1368}, 0, {1752, 17}, {0x00, 0x00, 0x7F, 0xFF}}},
	{{{-1123, 9664, -1368}, 0, {-1404, 17}, {0x00, 0x00, 0x7F, 0xFF}}},
	{{{1786, 6931, 408}, 0, {-437, 988}, {0x00, 0x00, 0x81, 0xFF}}},
	{{{-1123, 6931, 408}, 0, {2719, 988}, {0x00, 0x00, 0x81, 0xFF}}},
	{{{-1123, 9664, 408}, 0, {2719, 17}, {0x00, 0x00, 0x81, 0xFF}}},
	{{{1786, 9664, 408}, 0, {-437, 17}, {0x00, 0x00, 0x81, 0xFF}}},
	{{{-4442, 6661, 5123}, 0, {-94, 988}, {0x7F, 0x00, 0x00, 0xFF}}},
	{{{-4442, 6661, 814}, 0, {1196, 988}, {0x7F, 0x00, 0x00, 0xFF}}},
	{{{-4442, 9664, 814}, 0, {1196, 17}, {0x7F, 0x00, 0x00, 0xFF}}},
	{{{-4442, 9664, 5123}, 0, {-94, 17}, {0x7F, 0x00, 0x00, 0xFF}}},
	{{{-1843, 6661, 814}, 0, {-94, 988}, {0x81, 0x00, 0x00, 0xFF}}},
	{{{-1843, 6661, 5123}, 0, {1196, 988}, {0x81, 0x00, 0x00, 0xFF}}},
	{{{-1843, 9664, 5123}, 0, {1196, 17}, {0x81, 0x00, 0x00, 0xFF}}},
	{{{-1843, 9664, 814}, 0, {-94, 17}, {0x81, 0x00, 0x00, 0xFF}}},
	{{{-4442, 6661, 814}, 0, {-1404, 988}, {0x00, 0x00, 0x7F, 0xFF}}},
	{{{-1843, 6661, 814}, 0, {1752, 988}, {0x00, 0x00, 0x7F, 0xFF}}},
	{{{-1843, 9664, 814}, 0, {1752, 17}, {0x00, 0x00, 0x7F, 0xFF}}},
	{{{-4442, 9664, 814}, 0, {-1404, 17}, {0x00, 0x00, 0x7F, 0xFF}}},
	{{{-1843, 6661, 5123}, 0, {-437, 988}, {0x00, 0x00, 0x81, 0xFF}}},
	{{{-4442, 6661, 5123}, 0, {2719, 988}, {0x00, 0x00, 0x81, 0xFF}}},
	{{{-4442, 9664, 5123}, 0, {2719, 17}, {0x00, 0x00, 0x81, 0xFF}}},
	{{{-1843, 9664, 5123}, 0, {-437, 17}, {0x00, 0x00, 0x81, 0xFF}}},
	{{{-4430, 7230, 10874}, 0, {-94, 988}, {0x7F, 0x00, 0x00, 0xFF}}},
	{{{-4430, 7230, 9994}, 0, {1196, 988}, {0x7F, 0x00, 0x00, 0xFF}}},
	{{{-4430, 9669, 9994}, 0, {1196, 17}, {0x7F, 0x00, 0x00, 0xFF}}},
	{{{-4430, 9669, 10874}, 0, {-94, 17}, {0x7F, 0x00, 0x00, 0xFF}}},
	{{{-3506, 7230, 9994}, 0, {-94, 988}, {0x84, 0x00, 0x1C, 0xFF}}},
	{{{-3361, 7230, 10640}, 0, {1196, 988}, {0x84, 0x00, 0x1C, 0xFF}}},
	{{{-3361, 9669, 10640}, 0, {1196, 17}, {0x84, 0x00, 0x1C, 0xFF}}},
	{{{-3506, 9669, 9994}, 0, {-94, 17}, {0x84, 0x00, 0x1C, 0xFF}}},
	{{{-4430, 7230, 9994}, 0, {-1404, 988}, {0x00, 0x00, 0x7F, 0xFF}}},
	{{{-3506, 7230, 9994}, 0, {1752, 988}, {0x00, 0x00, 0x7F, 0xFF}}},
	{{{-3506, 9669, 9994}, 0, {1752, 17}, {0x00, 0x00, 0x7F, 0xFF}}},
	{{{-4430, 9669, 9994}, 0, {-1404, 17}, {0x00, 0x00, 0x7F, 0xFF}}},
	{{{-3361, 7230, 10640}, 0, {-437, 988}, {0xE5, 0x00, 0x84, 0xFF}}},
	{{{-4430, 7230, 10874}, 0, {2719, 988}, {0xE5, 0x00, 0x84, 0xFF}}},
	{{{-4430, 9669, 10874}, 0, {2719, 17}, {0xE5, 0x00, 0x84, 0xFF}}},
	{{{-3361, 9669, 10640}, 0, {-437, 17}, {0xE5, 0x00, 0x84, 0xFF}}},
	{{{-1963, 2845, 9995}, 0, {-437, 988}, {0x00, 0x00, 0x7F, 0xFF}}},
	{{{-4427, 2845, 9995}, 0, {2719, 988}, {0x00, 0x00, 0x7F, 0xFF}}},
	{{{-4427, 1615, 9995}, 0, {2719, 17}, {0x00, 0x00, 0x7F, 0xFF}}},
	{{{-1963, 1615, 9995}, 0, {-437, 17}, {0x00, 0x00, 0x7F, 0xFF}}},
	{{{-1963, 2845, 11744}, 0, {-94, 988}, {0x81, 0x00, 0x00, 0xFF}}},
	{{{-1963, 2845, 9995}, 0, {1196, 988}, {0x81, 0x00, 0x00, 0xFF}}},
	{{{-1963, 1615, 9995}, 0, {1196, 17}, {0x81, 0x00, 0x00, 0xFF}}},
	{{{-1963, 1615, 11744}, 0, {-94, 17}, {0x81, 0x00, 0x00, 0xFF}}},
	{{{-4427, 2845, 11744}, 0, {-1404, 988}, {0x00, 0x00, 0x81, 0xFF}}},
	{{{-1963, 2845, 11744}, 0, {1752, 988}, {0x00, 0x00, 0x81, 0xFF}}},
	{{{-1963, 1615, 11744}, 0, {1752, 17}, {0x00, 0x00, 0x81, 0xFF}}},
	{{{-4427, 1615, 11744}, 0, {-1404, 17}, {0x00, 0x00, 0x81, 0xFF}}},
	{{{-4427, 2845, 9995}, 0, {-94, 988}, {0x7F, 0x00, 0x00, 0xFF}}},
	{{{-4427, 2845, 11744}, 0, {1196, 988}, {0x7F, 0x00, 0x00, 0xFF}}},
	{{{-4427, 1615, 11744}, 0, {1196, 17}, {0x7F, 0x00, 0x00, 0xFF}}},
	{{{-4427, 1615, 9995}, 0, {-94, 17}, {0x7F, 0x00, 0x00, 0xFF}}},
	{{{7128, -1272, 1843}, 0, {-94, 988}, {0x7F, 0x00, 0x00, 0xFF}}},
	{{{7128, -1250, 2273}, 0, {1196, 988}, {0x7F, 0x00, 0x00, 0xFF}}},
	{{{7128, -1687, 2273}, 0, {1196, 17}, {0x7F, 0x00, 0x00, 0xFF}}},
	{{{7128, -1687, 2058}, 0, {-94, 17}, {0x7F, 0x00, 0x00, 0xFF}}},
	{{{7571, -1272, 2273}, 0, {-94, 988}, {0x90, 0x3C, 0x00, 0xFF}}},
	{{{7571, -1274, 1843}, 0, {1196, 988}, {0x90, 0x3C, 0x00, 0xFF}}},
	{{{7349, -1687, 2058}, 0, {1196, 17}, {0x90, 0x3C, 0x00, 0xFF}}},
	{{{7349, -1687, 2273}, 0, {-94, 17}, {0x90, 0x3C, 0x00, 0xFF}}},
	{{{7128, -1250, 2273}, 0, {-1404, 988}, {0x00, 0x00, 0x81, 0xFF}}},
	{{{7571, -1272, 2273}, 0, {1752, 988}, {0x00, 0x00, 0x81, 0xFF}}},
	{{{7349, -1687, 2273}, 0, {1752, 17}, {0x00, 0x00, 0x81, 0xFF}}},
	{{{7128, -1687, 2273}, 0, {-1404, 17}, {0x00, 0x00, 0x81, 0xFF}}},
	{{{7571, -1274, 1843}, 0, {-437, 988}, {0x00, 0x3A, 0x71, 0xFF}}},
	{{{7128, -1272, 1843}, 0, {2719, 988}, {0x00, 0x3A, 0x71, 0xFF}}},
	{{{7128, -1687, 2058}, 0, {2719, 17}, {0x00, 0x3A, 0x71, 0xFF}}},
	{{{7349, -1687, 2058}, 0, {-437, 17}, {0x00, 0x3A, 0x71, 0xFF}}},
	{{{6628, -1272, 1843}, 0, {-94, 988}, {0x81, 0x00, 0x00, 0xFF}}},
	{{{6628, -1687, 2058}, 0, {-94, 17}, {0x81, 0x00, 0x00, 0xFF}}},
	{{{6628, -1687, 2273}, 0, {1196, 17}, {0x81, 0x00, 0x00, 0xFF}}},
	{{{6628, -1250, 2273}, 0, {1196, 988}, {0x81, 0x00, 0x00, 0xFF}}},
	{{{6185, -1272, 2273}, 0, {-94, 988}, {0x70, 0x3C, 0x00, 0xFF}}},
	{{{6406, -1687, 2273}, 0, {-94, 17}, {0x70, 0x3C, 0x00, 0xFF}}},
	{{{6406, -1687, 2058}, 0, {1196, 17}, {0x70, 0x3C, 0x00, 0xFF}}},
	{{{6185, -1274, 1843}, 0, {1196, 988}, {0x70, 0x3C, 0x00, 0xFF}}},
	{{{6628, -1250, 2273}, 0, {-1404, 988}, {0x00, 0x00, 0x81, 0xFF}}},
	{{{6628, -1687, 2273}, 0, {-1404, 17}, {0x00, 0x00, 0x81, 0xFF}}},
	{{{6406, -1687, 2273}, 0, {1752, 17}, {0x00, 0x00, 0x81, 0xFF}}},
	{{{6185, -1272, 2273}, 0, {1752, 988}, {0x00, 0x00, 0x81, 0xFF}}},
	{{{6185, -1274, 1843}, 0, {-437, 988}, {0x00, 0x3A, 0x71, 0xFF}}},
	{{{6406, -1687, 2058}, 0, {-437, 17}, {0x00, 0x3A, 0x71, 0xFF}}},
	{{{6628, -1687, 2058}, 0, {2719, 17}, {0x00, 0x3A, 0x71, 0xFF}}},
	{{{6628, -1272, 1843}, 0, {2719, 988}, {0x00, 0x3A, 0x71, 0xFF}}},
	{{{7128, -1272, 3203}, 0, {-94, 988}, {0x7F, 0x00, 0x00, 0xFF}}},
	{{{7128, -1687, 2988}, 0, {-94, 17}, {0x7F, 0x00, 0x00, 0xFF}}},
	{{{7128, -1687, 2773}, 0, {1196, 17}, {0x7F, 0x00, 0x00, 0xFF}}},
	{{{7128, -1250, 2773}, 0, {1196, 988}, {0x7F, 0x00, 0x00, 0xFF}}},
	{{{7571, -1272, 2773}, 0, {-94, 988}, {0x90, 0x3C, 0x00, 0xFF}}},
	{{{7349, -1687, 2773}, 0, {-94, 17}, {0x90, 0x3C, 0x00, 0xFF}}},
	{{{7349, -1687, 2988}, 0, {1196, 17}, {0x90, 0x3C, 0x00, 0xFF}}},
	{{{7571, -1274, 3203}, 0, {1196, 988}, {0x90, 0x3C, 0x00, 0xFF}}},
	{{{7128, -1250, 2773}, 0, {-1404, 988}, {0x00, 0x00, 0x7F, 0xFF}}},
	{{{7128, -1687, 2773}, 0, {-1404, 17}, {0x00, 0x00, 0x7F, 0xFF}}},
	{{{7349, -1687, 2773}, 0, {1752, 17}, {0x00, 0x00, 0x7F, 0xFF}}},
	{{{7571, -1272, 2773}, 0, {1752, 988}, {0x00, 0x00, 0x7F, 0xFF}}},
	{{{7571, -1274, 3203}, 0, {-437, 988}, {0x00, 0x3A, 0x8F, 0xFF}}},
	{{{7349, -1687, 2988}, 0, {-437, 17}, {0x00, 0x3A, 0x8F, 0xFF}}},
	{{{7128, -1687, 2988}, 0, {2719, 17}, {0x00, 0x3A, 0x8F, 0xFF}}},
	{{{7128, -1272, 3203}, 0, {2719, 988}, {0x00, 0x3A, 0x8F, 0xFF}}},
	{{{6628, -1272, 3203}, 0, {-94, 988}, {0x81, 0x00, 0x00, 0xFF}}},
	{{{6628, -1250, 2773}, 0, {1196, 988}, {0x81, 0x00, 0x00, 0xFF}}},
	{{{6628, -1687, 2773}, 0, {1196, 17}, {0x81, 0x00, 0x00, 0xFF}}},
	{{{6628, -1687, 2988}, 0, {-94, 17}, {0x81, 0x00, 0x00, 0xFF}}},
	{{{6185, -1272, 2773}, 0, {-94, 988}, {0x70, 0x3C, 0x00, 0xFF}}},
	{{{6185, -1274, 3203}, 0, {1196, 988}, {0x70, 0x3C, 0x00, 0xFF}}},
	{{{6406, -1687, 2988}, 0, {1196, 17}, {0x70, 0x3C, 0x00, 0xFF}}},
	{{{6406, -1687, 2773}, 0, {-94, 17}, {0x70, 0x3C, 0x00, 0xFF}}},
	{{{6628, -1250, 2773}, 0, {-1404, 988}, {0x00, 0x00, 0x7F, 0xFF}}},
	{{{6185, -1272, 2773}, 0, {1752, 988}, {0x00, 0x00, 0x7F, 0xFF}}},
	{{{6406, -1687, 2773}, 0, {1752, 17}, {0x00, 0x00, 0x7F, 0xFF}}},
	{{{6628, -1687, 2773}, 0, {-1404, 17}, {0x00, 0x00, 0x7F, 0xFF}}},
	{{{6185, -1274, 3203}, 0, {-437, 988}, {0x00, 0x3A, 0x8F, 0xFF}}},
	{{{6628, -1272, 3203}, 0, {2719, 988}, {0x00, 0x3A, 0x8F, 0xFF}}},
	{{{6628, -1687, 2988}, 0, {2719, 17}, {0x00, 0x3A, 0x8F, 0xFF}}},
	{{{6406, -1687, 2988}, 0, {-437, 17}, {0x00, 0x3A, 0x8F, 0xFF}}},
	{{{7052, 2185, 1776}, 0, {-437, 988}, {0x00, 0x00, 0x7F, 0xFF}}},
	{{{6704, 2185, 1776}, 0, {2719, 988}, {0x00, 0x00, 0x7F, 0xFF}}},
	{{{6704, 1927, 1776}, 0, {2719, 17}, {0x00, 0x00, 0x7F, 0xFF}}},
	{{{7052, 1927, 1776}, 0, {-437, 17}, {0x00, 0x00, 0x7F, 0xFF}}},
	{{{7052, 2185, 2098}, 0, {-94, 988}, {0x81, 0x00, 0x00, 0xFF}}},
	{{{7052, 2185, 1776}, 0, {1196, 988}, {0x81, 0x00, 0x00, 0xFF}}},
	{{{7052, 1927, 1776}, 0, {1196, 17}, {0x81, 0x00, 0x00, 0xFF}}},
	{{{7052, 1927, 2098}, 0, {-94, 17}, {0x81, 0x00, 0x00, 0xFF}}},
	{{{6704, 2185, 2098}, 0, {-1404, 988}, {0x00, 0x00, 0x81, 0xFF}}},
	{{{7052, 2185, 2098}, 0, {1752, 988}, {0x00, 0x00, 0x81, 0xFF}}},
	{{{7052, 1927, 2098}, 0, {1752, 17}, {0x00, 0x00, 0x81, 0xFF}}},
	{{{6704, 1927, 2098}, 0, {-1404, 17}, {0x00, 0x00, 0x81, 0xFF}}},
	{{{6704, 2185, 1776}, 0, {-94, 988}, {0x7F, 0x00, 0x00, 0xFF}}},
	{{{6704, 2185, 2098}, 0, {1196, 988}, {0x7F, 0x00, 0x00, 0xFF}}},
	{{{6704, 1927, 2098}, 0, {1196, 17}, {0x7F, 0x00, 0x00, 0xFF}}},
	{{{6704, 1927, 1776}, 0, {-94, 17}, {0x7F, 0x00, 0x00, 0xFF}}},
	{{{7052, 1640, 2098}, 0, {-437, 988}, {0x00, 0x00, 0x81, 0xFF}}},
	{{{6704, 1640, 2098}, 0, {2719, 988}, {0x00, 0x00, 0x81, 0xFF}}},
	{{{6704, 1919, 2098}, 0, {2719, 17}, {0x00, 0x00, 0x81, 0xFF}}},
	{{{7052, 1919, 2098}, 0, {-437, 17}, {0x00, 0x00, 0x81, 0xFF}}},
	{{{7052, 1640, 1776}, 0, {-94, 988}, {0x81, 0x00, 0x00, 0xFF}}},
	{{{7052, 1640, 2098}, 0, {1196, 988}, {0x81, 0x00, 0x00, 0xFF}}},
	{{{7052, 1919, 2098}, 0, {1196, 17}, {0x81, 0x00, 0x00, 0xFF}}},
	{{{7052, 1919, 1776}, 0, {-94, 17}, {0x81, 0x00, 0x00, 0xFF}}},
	{{{6704, 1640, 1776}, 0, {-1404, 988}, {0x00, 0x00, 0x7F, 0xFF}}},
	{{{7052, 1640, 1776}, 0, {1752, 988}, {0x00, 0x00, 0x7F, 0xFF}}},
	{{{7052, 1919, 1776}, 0, {1752, 17}, {0x00, 0x00, 0x7F, 0xFF}}},
	{{{6704, 1919, 1776}, 0, {-1404, 17}, {0x00, 0x00, 0x7F, 0xFF}}},
	{{{6704, 1640, 2098}, 0, {-94, 988}, {0x7F, 0x00, 0x00, 0xFF}}},
	{{{6704, 1640, 1776}, 0, {1196, 988}, {0x7F, 0x00, 0x00, 0xFF}}},
	{{{6704, 1919, 1776}, 0, {1196, 17}, {0x7F, 0x00, 0x00, 0xFF}}},
	{{{6704, 1919, 2098}, 0, {-94, 17}, {0x7F, 0x00, 0x00, 0xFF}}},
	{{{7052, 285, 2361}, 0, {-437, 988}, {0x00, 0x00, 0x7F, 0xFF}}},
	{{{6704, 285, 2361}, 0, {2719, 988}, {0x00, 0x00, 0x7F, 0xFF}}},
	{{{6704, 26, 2361}, 0, {2719, 17}, {0x00, 0x00, 0x7F, 0xFF}}},
	{{{7052, 26, 2361}, 0, {-437, 17}, {0x00, 0x00, 0x7F, 0xFF}}},
	{{{7052, 285, 2683}, 0, {-94, 988}, {0x81, 0x00, 0x00, 0xFF}}},
	{{{7052, 285, 2361}, 0, {1196, 988}, {0x81, 0x00, 0x00, 0xFF}}},
	{{{7052, 26, 2361}, 0, {1196, 17}, {0x81, 0x00, 0x00, 0xFF}}},
	{{{7052, 26, 2683}, 0, {-94, 17}, {0x81, 0x00, 0x00, 0xFF}}},
	{{{6704, 285, 2683}, 0, {-1404, 988}, {0x00, 0x00, 0x81, 0xFF}}},
	{{{7052, 285, 2683}, 0, {1752, 988}, {0x00, 0x00, 0x81, 0xFF}}},
	{{{7052, 26, 2683}, 0, {1752, 17}, {0x00, 0x00, 0x81, 0xFF}}},
	{{{6704, 26, 2683}, 0, {-1404, 17}, {0x00, 0x00, 0x81, 0xFF}}},
	{{{6704, 285, 2361}, 0, {-94, 988}, {0x7F, 0x00, 0x00, 0xFF}}},
	{{{6704, 285, 2683}, 0, {1196, 988}, {0x7F, 0x00, 0x00, 0xFF}}},
	{{{6704, 26, 2683}, 0, {1196, 17}, {0x7F, 0x00, 0x00, 0xFF}}},
	{{{6704, 26, 2361}, 0, {-94, 17}, {0x7F, 0x00, 0x00, 0xFF}}},
	{{{7052, -276, 2687}, 0, {-437, 988}, {0x00, 0xFF, 0x81, 0xFF}}},
	{{{6704, -276, 2687}, 0, {2719, 988}, {0x00, 0xFF, 0x81, 0xFF}}},
	{{{6704, 19, 2683}, 0, {2719, 17}, {0x00, 0xFF, 0x81, 0xFF}}},
	{{{7052, 19, 2683}, 0, {-437, 17}, {0x00, 0xFF, 0x81, 0xFF}}},
	{{{7052, -276, 2361}, 0, {-94, 988}, {0x81, 0x00, 0x00, 0xFF}}},
	{{{7052, -276, 2687}, 0, {1196, 988}, {0x81, 0x00, 0x00, 0xFF}}},
	{{{7052, 19, 2683}, 0, {1196, 17}, {0x81, 0x00, 0x00, 0xFF}}},
	{{{7052, 19, 2361}, 0, {-94, 17}, {0x81, 0x00, 0x00, 0xFF}}},
	{{{6704, -276, 2361}, 0, {-1404, 988}, {0x00, 0x00, 0x7F, 0xFF}}},
	{{{7052, -276, 2361}, 0, {1752, 988}, {0x00, 0x00, 0x7F, 0xFF}}},
	{{{7052, 19, 2361}, 0, {1752, 17}, {0x00, 0x00, 0x7F, 0xFF}}},
	{{{6704, 19, 2361}, 0, {-1404, 17}, {0x00, 0x00, 0x7F, 0xFF}}},
	{{{6704, -276, 2687}, 0, {-94, 988}, {0x7F, 0x00, 0x00, 0xFF}}},
	{{{6704, -276, 2361}, 0, {1196, 988}, {0x7F, 0x00, 0x00, 0xFF}}},
	{{{6704, 19, 2361}, 0, {1196, 17}, {0x7F, 0x00, 0x00, 0xFF}}},
	{{{6704, 19, 2683}, 0, {-94, 17}, {0x7F, 0x00, 0x00, 0xFF}}},
	{{{-572, -1109, 9508}, 0, {-94, 988}, {0x64, 0x00, 0x4F, 0xFF}}},
	{{{-1274, -1109, 10397}, 0, {1196, 988}, {0x64, 0x00, 0x4F, 0xFF}}},
	{{{-1274, -3643, 10397}, 0, {1196, 17}, {0x64, 0x00, 0x4F, 0xFF}}},
	{{{-572, -3643, 9508}, 0, {-94, 17}, {0x64, 0x00, 0x4F, 0xFF}}},
	{{{681, -1010, 10563}, 0, {-94, 988}, {0x81, 0x00, 0x00, 0xFF}}},
	{{{681, -1010, 9867}, 0, {1196, 988}, {0x81, 0x00, 0x00, 0xFF}}},
	{{{681, -3643, 9867}, 0, {1196, 17}, {0x81, 0x00, 0x00, 0xFF}}},
	{{{681, -3643, 10563}, 0, {-94, 17}, {0x81, 0x00, 0x00, 0xFF}}},
	{{{-1274, -1109, 10397}, 0, {-1404, 988}, {0x0B, 0x00, 0x81, 0xFF}}},
	{{{681, -1010, 10563}, 0, {1752, 988}, {0x0B, 0x00, 0x81, 0xFF}}},
	{{{681, -3643, 10563}, 0, {1752, 17}, {0x0B, 0x00, 0x81, 0xFF}}},
	{{{-1274, -3643, 10397}, 0, {-1404, 17}, {0x0B, 0x00, 0x81, 0xFF}}},
	{{{681, -1010, 9867}, 0, {-437, 988}, {0xDD, 0x00, 0x7A, 0xFF}}},
	{{{-572, -1109, 9508}, 0, {2719, 988}, {0xDD, 0x00, 0x7A, 0xFF}}},
	{{{-572, -3643, 9508}, 0, {2719, 17}, {0xDD, 0x00, 0x7A, 0xFF}}},
	{{{681, -3643, 9867}, 0, {-437, 17}, {0xDD, 0x00, 0x7A, 0xFF}}},
};

Gfx catamesa_dl_shadows_mesh_layer_5_tri_0[] = {
	gsSPVertex(catamesa_dl_shadows_mesh_layer_5_vtx_0 + 0, 32, 0),
	gsSP2Triangles(0, 1, 2, 0, 0, 2, 3, 0),
	gsSP2Triangles(4, 5, 6, 0, 4, 6, 7, 0),
	gsSP2Triangles(8, 9, 10, 0, 8, 10, 11, 0),
	gsSP2Triangles(12, 13, 14, 0, 12, 14, 15, 0),
	gsSP2Triangles(16, 17, 18, 0, 16, 18, 19, 0),
	gsSP2Triangles(20, 21, 22, 0, 20, 22, 23, 0),
	gsSP2Triangles(24, 25, 26, 0, 24, 26, 27, 0),
	gsSP2Triangles(28, 29, 30, 0, 28, 30, 31, 0),
	gsSPVertex(catamesa_dl_shadows_mesh_layer_5_vtx_0 + 32, 32, 0),
	gsSP2Triangles(0, 1, 2, 0, 0, 2, 3, 0),
	gsSP2Triangles(4, 5, 6, 0, 4, 6, 7, 0),
	gsSP2Triangles(8, 9, 10, 0, 8, 10, 11, 0),
	gsSP2Triangles(12, 13, 14, 0, 12, 14, 15, 0),
	gsSP2Triangles(16, 17, 18, 0, 16, 18, 19, 0),
	gsSP2Triangles(20, 21, 22, 0, 20, 22, 23, 0),
	gsSP2Triangles(24, 25, 26, 0, 24, 26, 27, 0),
	gsSP2Triangles(28, 29, 30, 0, 28, 30, 31, 0),
	gsSPVertex(catamesa_dl_shadows_mesh_layer_5_vtx_0 + 64, 32, 0),
	gsSP2Triangles(0, 1, 2, 0, 0, 2, 3, 0),
	gsSP2Triangles(4, 5, 6, 0, 4, 6, 7, 0),
	gsSP2Triangles(8, 9, 10, 0, 8, 10, 11, 0),
	gsSP2Triangles(12, 13, 14, 0, 12, 14, 15, 0),
	gsSP2Triangles(16, 17, 18, 0, 16, 18, 19, 0),
	gsSP2Triangles(20, 21, 22, 0, 20, 22, 23, 0),
	gsSP2Triangles(24, 25, 26, 0, 24, 26, 27, 0),
	gsSP2Triangles(28, 29, 30, 0, 28, 30, 31, 0),
	gsSPVertex(catamesa_dl_shadows_mesh_layer_5_vtx_0 + 96, 32, 0),
	gsSP2Triangles(0, 1, 2, 0, 0, 2, 3, 0),
	gsSP2Triangles(4, 5, 6, 0, 4, 6, 7, 0),
	gsSP2Triangles(8, 9, 10, 0, 8, 10, 11, 0),
	gsSP2Triangles(12, 13, 14, 0, 12, 14, 15, 0),
	gsSP2Triangles(16, 17, 18, 0, 16, 18, 19, 0),
	gsSP2Triangles(20, 21, 22, 0, 20, 22, 23, 0),
	gsSP2Triangles(24, 25, 26, 0, 24, 26, 27, 0),
	gsSP2Triangles(28, 29, 30, 0, 28, 30, 31, 0),
	gsSPVertex(catamesa_dl_shadows_mesh_layer_5_vtx_0 + 128, 32, 0),
	gsSP2Triangles(0, 1, 2, 0, 0, 2, 3, 0),
	gsSP2Triangles(4, 5, 6, 0, 4, 6, 7, 0),
	gsSP2Triangles(8, 9, 10, 0, 8, 10, 11, 0),
	gsSP2Triangles(12, 13, 14, 0, 12, 14, 15, 0),
	gsSP2Triangles(16, 17, 18, 0, 16, 18, 19, 0),
	gsSP2Triangles(20, 21, 22, 0, 20, 22, 23, 0),
	gsSP2Triangles(24, 25, 26, 0, 24, 26, 27, 0),
	gsSP2Triangles(28, 29, 30, 0, 28, 30, 31, 0),
	gsSPVertex(catamesa_dl_shadows_mesh_layer_5_vtx_0 + 160, 32, 0),
	gsSP2Triangles(0, 1, 2, 0, 0, 2, 3, 0),
	gsSP2Triangles(4, 5, 6, 0, 4, 6, 7, 0),
	gsSP2Triangles(8, 9, 10, 0, 8, 10, 11, 0),
	gsSP2Triangles(12, 13, 14, 0, 12, 14, 15, 0),
	gsSP2Triangles(16, 17, 18, 0, 16, 18, 19, 0),
	gsSP2Triangles(20, 21, 22, 0, 20, 22, 23, 0),
	gsSP2Triangles(24, 25, 26, 0, 24, 26, 27, 0),
	gsSP2Triangles(28, 29, 30, 0, 28, 30, 31, 0),
	gsSPVertex(catamesa_dl_shadows_mesh_layer_5_vtx_0 + 192, 32, 0),
	gsSP2Triangles(0, 1, 2, 0, 0, 2, 3, 0),
	gsSP2Triangles(4, 5, 6, 0, 4, 6, 7, 0),
	gsSP2Triangles(8, 9, 10, 0, 8, 10, 11, 0),
	gsSP2Triangles(12, 13, 14, 0, 12, 14, 15, 0),
	gsSP2Triangles(16, 17, 18, 0, 16, 18, 19, 0),
	gsSP2Triangles(20, 21, 22, 0, 20, 22, 23, 0),
	gsSP2Triangles(24, 25, 26, 0, 24, 26, 27, 0),
	gsSP2Triangles(28, 29, 30, 0, 28, 30, 31, 0),
	gsSPVertex(catamesa_dl_shadows_mesh_layer_5_vtx_0 + 224, 32, 0),
	gsSP2Triangles(0, 1, 2, 0, 0, 2, 3, 0),
	gsSP2Triangles(4, 5, 6, 0, 4, 6, 7, 0),
	gsSP2Triangles(8, 9, 10, 0, 8, 10, 11, 0),
	gsSP2Triangles(12, 13, 14, 0, 12, 14, 15, 0),
	gsSP2Triangles(16, 17, 18, 0, 16, 18, 19, 0),
	gsSP2Triangles(20, 21, 22, 0, 20, 22, 23, 0),
	gsSP2Triangles(24, 25, 26, 0, 24, 26, 27, 0),
	gsSP2Triangles(28, 29, 30, 0, 28, 30, 31, 0),
	gsSPVertex(catamesa_dl_shadows_mesh_layer_5_vtx_0 + 256, 32, 0),
	gsSP2Triangles(0, 1, 2, 0, 0, 2, 3, 0),
	gsSP2Triangles(4, 5, 6, 0, 4, 6, 7, 0),
	gsSP2Triangles(8, 9, 10, 0, 8, 10, 11, 0),
	gsSP2Triangles(12, 13, 14, 0, 12, 14, 15, 0),
	gsSP2Triangles(16, 17, 18, 0, 16, 18, 19, 0),
	gsSP2Triangles(20, 21, 22, 0, 20, 22, 23, 0),
	gsSP2Triangles(24, 25, 26, 0, 24, 26, 27, 0),
	gsSP2Triangles(28, 29, 30, 0, 28, 30, 31, 0),
	gsSPVertex(catamesa_dl_shadows_mesh_layer_5_vtx_0 + 288, 32, 0),
	gsSP2Triangles(0, 1, 2, 0, 0, 2, 3, 0),
	gsSP2Triangles(4, 5, 6, 0, 4, 6, 7, 0),
	gsSP2Triangles(8, 9, 10, 0, 8, 10, 11, 0),
	gsSP2Triangles(12, 13, 14, 0, 12, 14, 15, 0),
	gsSP2Triangles(16, 17, 18, 0, 16, 18, 19, 0),
	gsSP2Triangles(20, 21, 22, 0, 20, 22, 23, 0),
	gsSP2Triangles(24, 20, 23, 0, 24, 23, 25, 0),
	gsSP2Triangles(26, 24, 25, 0, 26, 25, 27, 0),
	gsSP2Triangles(28, 29, 30, 0, 28, 30, 31, 0),
	gsSPVertex(catamesa_dl_shadows_mesh_layer_5_vtx_0 + 320, 32, 0),
	gsSP2Triangles(0, 1, 2, 0, 0, 2, 3, 0),
	gsSP2Triangles(4, 5, 6, 0, 4, 6, 7, 0),
	gsSP2Triangles(8, 9, 10, 0, 8, 10, 11, 0),
	gsSP2Triangles(12, 13, 14, 0, 12, 14, 15, 0),
	gsSP2Triangles(16, 17, 18, 0, 16, 18, 19, 0),
	gsSP2Triangles(20, 21, 22, 0, 20, 22, 23, 0),
	gsSP2Triangles(24, 25, 26, 0, 24, 26, 27, 0),
	gsSP2Triangles(28, 29, 30, 0, 28, 30, 31, 0),
	gsSPVertex(catamesa_dl_shadows_mesh_layer_5_vtx_0 + 352, 32, 0),
	gsSP2Triangles(0, 1, 2, 0, 0, 2, 3, 0),
	gsSP2Triangles(4, 5, 6, 0, 4, 6, 7, 0),
	gsSP2Triangles(8, 9, 10, 0, 8, 10, 11, 0),
	gsSP2Triangles(12, 13, 14, 0, 12, 14, 15, 0),
	gsSP2Triangles(16, 17, 18, 0, 16, 18, 19, 0),
	gsSP2Triangles(20, 21, 22, 0, 20, 22, 23, 0),
	gsSP2Triangles(24, 25, 26, 0, 24, 26, 27, 0),
	gsSP2Triangles(28, 29, 30, 0, 28, 30, 31, 0),
	gsSPVertex(catamesa_dl_shadows_mesh_layer_5_vtx_0 + 384, 32, 0),
	gsSP2Triangles(0, 1, 2, 0, 0, 2, 3, 0),
	gsSP2Triangles(4, 5, 6, 0, 4, 6, 7, 0),
	gsSP2Triangles(8, 9, 10, 0, 8, 10, 11, 0),
	gsSP2Triangles(12, 13, 14, 0, 12, 14, 15, 0),
	gsSP2Triangles(16, 17, 18, 0, 16, 18, 19, 0),
	gsSP2Triangles(20, 21, 22, 0, 20, 22, 23, 0),
	gsSP2Triangles(24, 25, 26, 0, 24, 26, 27, 0),
	gsSP2Triangles(28, 29, 30, 0, 28, 30, 31, 0),
	gsSPVertex(catamesa_dl_shadows_mesh_layer_5_vtx_0 + 416, 32, 0),
	gsSP2Triangles(0, 1, 2, 0, 0, 2, 3, 0),
	gsSP2Triangles(4, 5, 6, 0, 4, 6, 7, 0),
	gsSP2Triangles(8, 9, 10, 0, 8, 10, 11, 0),
	gsSP2Triangles(12, 13, 14, 0, 12, 14, 15, 0),
	gsSP2Triangles(16, 17, 18, 0, 16, 18, 19, 0),
	gsSP2Triangles(20, 21, 22, 0, 20, 22, 23, 0),
	gsSP2Triangles(24, 25, 26, 0, 24, 26, 27, 0),
	gsSP2Triangles(28, 29, 30, 0, 28, 30, 31, 0),
	gsSPVertex(catamesa_dl_shadows_mesh_layer_5_vtx_0 + 448, 32, 0),
	gsSP2Triangles(0, 1, 2, 0, 0, 2, 3, 0),
	gsSP2Triangles(4, 5, 6, 0, 4, 6, 7, 0),
	gsSP2Triangles(8, 9, 10, 0, 8, 10, 11, 0),
	gsSP2Triangles(12, 13, 14, 0, 12, 14, 15, 0),
	gsSP2Triangles(16, 17, 18, 0, 16, 18, 19, 0),
	gsSP2Triangles(20, 21, 22, 0, 20, 22, 23, 0),
	gsSP2Triangles(24, 25, 26, 0, 24, 26, 27, 0),
	gsSP2Triangles(28, 29, 30, 0, 28, 30, 31, 0),
	gsSPVertex(catamesa_dl_shadows_mesh_layer_5_vtx_0 + 480, 32, 0),
	gsSP2Triangles(0, 1, 2, 0, 0, 2, 3, 0),
	gsSP2Triangles(4, 5, 6, 0, 4, 6, 7, 0),
	gsSP2Triangles(8, 9, 10, 0, 8, 10, 11, 0),
	gsSP2Triangles(12, 13, 14, 0, 12, 14, 15, 0),
	gsSP2Triangles(16, 17, 18, 0, 16, 18, 19, 0),
	gsSP2Triangles(20, 21, 22, 0, 20, 22, 23, 0),
	gsSP2Triangles(24, 25, 26, 0, 24, 26, 27, 0),
	gsSP2Triangles(28, 29, 30, 0, 28, 30, 31, 0),
	gsSPVertex(catamesa_dl_shadows_mesh_layer_5_vtx_0 + 512, 32, 0),
	gsSP2Triangles(0, 1, 2, 0, 0, 2, 3, 0),
	gsSP2Triangles(4, 5, 6, 0, 4, 6, 7, 0),
	gsSP2Triangles(8, 9, 10, 0, 8, 10, 11, 0),
	gsSP2Triangles(12, 13, 14, 0, 12, 14, 15, 0),
	gsSP2Triangles(16, 17, 18, 0, 16, 18, 19, 0),
	gsSP2Triangles(20, 21, 22, 0, 20, 22, 23, 0),
	gsSP2Triangles(24, 25, 26, 0, 24, 26, 27, 0),
	gsSP2Triangles(28, 29, 30, 0, 28, 30, 31, 0),
	gsSPVertex(catamesa_dl_shadows_mesh_layer_5_vtx_0 + 544, 32, 0),
	gsSP2Triangles(0, 1, 2, 0, 0, 2, 3, 0),
	gsSP2Triangles(4, 5, 6, 0, 4, 6, 7, 0),
	gsSP2Triangles(8, 9, 10, 0, 8, 10, 11, 0),
	gsSP2Triangles(12, 13, 14, 0, 12, 14, 15, 0),
	gsSP2Triangles(16, 17, 18, 0, 16, 18, 19, 0),
	gsSP2Triangles(20, 21, 22, 0, 20, 22, 23, 0),
	gsSP2Triangles(24, 25, 26, 0, 24, 26, 27, 0),
	gsSP2Triangles(28, 29, 30, 0, 28, 30, 31, 0),
	gsSPVertex(catamesa_dl_shadows_mesh_layer_5_vtx_0 + 576, 32, 0),
	gsSP2Triangles(0, 1, 2, 0, 0, 2, 3, 0),
	gsSP2Triangles(4, 5, 6, 0, 4, 6, 7, 0),
	gsSP2Triangles(8, 9, 10, 0, 8, 10, 11, 0),
	gsSP2Triangles(12, 13, 14, 0, 12, 14, 15, 0),
	gsSP2Triangles(16, 17, 18, 0, 16, 18, 19, 0),
	gsSP2Triangles(20, 21, 22, 0, 20, 22, 23, 0),
	gsSP2Triangles(24, 25, 26, 0, 24, 26, 27, 0),
	gsSP2Triangles(28, 29, 30, 0, 28, 30, 31, 0),
	gsSPVertex(catamesa_dl_shadows_mesh_layer_5_vtx_0 + 608, 32, 0),
	gsSP2Triangles(0, 1, 2, 0, 0, 2, 3, 0),
	gsSP2Triangles(4, 5, 6, 0, 4, 6, 7, 0),
	gsSP2Triangles(8, 9, 10, 0, 8, 10, 11, 0),
	gsSP2Triangles(12, 13, 14, 0, 12, 14, 15, 0),
	gsSP2Triangles(16, 17, 18, 0, 16, 18, 19, 0),
	gsSP2Triangles(20, 21, 22, 0, 20, 22, 23, 0),
	gsSP2Triangles(24, 25, 26, 0, 24, 26, 27, 0),
	gsSP2Triangles(28, 29, 30, 0, 28, 30, 31, 0),
	gsSPVertex(catamesa_dl_shadows_mesh_layer_5_vtx_0 + 640, 32, 0),
	gsSP2Triangles(0, 1, 2, 0, 0, 2, 3, 0),
	gsSP2Triangles(4, 5, 6, 0, 4, 6, 7, 0),
	gsSP2Triangles(8, 9, 10, 0, 8, 10, 11, 0),
	gsSP2Triangles(12, 13, 14, 0, 12, 14, 15, 0),
	gsSP2Triangles(16, 17, 18, 0, 16, 18, 19, 0),
	gsSP2Triangles(20, 21, 22, 0, 20, 22, 23, 0),
	gsSP2Triangles(24, 25, 26, 0, 24, 26, 27, 0),
	gsSP2Triangles(28, 29, 30, 0, 28, 30, 31, 0),
	gsSPVertex(catamesa_dl_shadows_mesh_layer_5_vtx_0 + 672, 16, 0),
	gsSP2Triangles(0, 1, 2, 0, 0, 2, 3, 0),
	gsSP2Triangles(4, 5, 6, 0, 4, 6, 7, 0),
	gsSP2Triangles(8, 9, 10, 0, 8, 10, 11, 0),
	gsSP2Triangles(12, 13, 14, 0, 12, 14, 15, 0),
	gsSPEndDisplayList(),
};

Vtx catamesa_dl_shadows_mesh_layer_1_vtx_cull[8] = {
	{{{-10586, -3643, 11744}, 0, {0, 0}, {0x00, 0x00, 0x00, 0x00}}},
	{{{-10586, 9684, 11744}, 0, {0, 0}, {0x00, 0x00, 0x00, 0x00}}},
	{{{-10586, 9684, -1771}, 0, {0, 0}, {0x00, 0x00, 0x00, 0x00}}},
	{{{-10586, -3643, -1771}, 0, {0, 0}, {0x00, 0x00, 0x00, 0x00}}},
	{{{7571, -3643, 11744}, 0, {0, 0}, {0x00, 0x00, 0x00, 0x00}}},
	{{{7571, 9684, 11744}, 0, {0, 0}, {0x00, 0x00, 0x00, 0x00}}},
	{{{7571, 9684, -1771}, 0, {0, 0}, {0x00, 0x00, 0x00, 0x00}}},
	{{{7571, -3643, -1771}, 0, {0, 0}, {0x00, 0x00, 0x00, 0x00}}},
};

Vtx catamesa_dl_shadows_mesh_layer_1_vtx_0[88] = {
	{{{-6039, -390, 597}, 0, {-94, 437}, {0x7F, 0x00, 0x00, 0xFF}}},
	{{{-6039, -754, 1462}, 0, {1196, -6}, {0x7F, 0x00, 0x00, 0xFF}}},
	{{{-6039, -754, 597}, 0, {-94, -6}, {0x7F, 0x00, 0x00, 0xFF}}},
	{{{-5050, -754, 1462}, 0, {-94, 437}, {0x81, 0x00, 0x00, 0xFF}}},
	{{{-5050, -390, 597}, 0, {1196, 437}, {0x81, 0x00, 0x00, 0xFF}}},
	{{{-5050, -754, 597}, 0, {1196, -6}, {0x81, 0x00, 0x00, 0xFF}}},
	{{{-7838, -390, 597}, 0, {-94, 437}, {0x7F, 0x00, 0x00, 0xFF}}},
	{{{-7838, -754, 1462}, 0, {1196, -6}, {0x7F, 0x00, 0x00, 0xFF}}},
	{{{-7838, -754, 597}, 0, {-94, -6}, {0x7F, 0x00, 0x00, 0xFF}}},
	{{{-7054, -754, 1462}, 0, {-94, 437}, {0x81, 0x00, 0x00, 0xFF}}},
	{{{-7054, -390, 597}, 0, {1196, 437}, {0x81, 0x00, 0x00, 0xFF}}},
	{{{-7054, -754, 597}, 0, {1196, -6}, {0x81, 0x00, 0x00, 0xFF}}},
	{{{-10088, -390, 511}, 0, {-94, 437}, {0x7F, 0x00, 0x00, 0xFF}}},
	{{{-10088, -754, 1465}, 0, {1196, -6}, {0x7F, 0x00, 0x00, 0xFF}}},
	{{{-10088, -754, 511}, 0, {-94, -6}, {0x7F, 0x00, 0x00, 0xFF}}},
	{{{-8852, -754, 1448}, 0, {-94, 437}, {0x81, 0x00, 0x01, 0xFF}}},
	{{{-8861, -390, 596}, 0, {1196, 437}, {0x81, 0x00, 0x01, 0xFF}}},
	{{{-8861, -754, 596}, 0, {1196, -6}, {0x81, 0x00, 0x01, 0xFF}}},
	{{{-4429, 942, 6585}, 0, {551, 17}, {0x74, 0x00, 0xCC, 0xFF}}},
	{{{-3546, 1942, 8533}, 0, {1196, 17}, {0x74, 0x00, 0xCC, 0xFF}}},
	{{{-3546, 942, 8533}, 0, {1196, 17}, {0x74, 0x00, 0xCC, 0xFF}}},
	{{{-3546, 1942, 8533}, 0, {-1404, 17}, {0x7F, 0x00, 0x00, 0xFF}}},
	{{{-3546, 1621, 9237}, 0, {174, 17}, {0x7F, 0x00, 0x00, 0xFF}}},
	{{{-3546, 942, 8533}, 0, {-1404, 17}, {0x7F, 0x00, 0x00, 0xFF}}},
	{{{-5050, -390, 597}, 0, {-437, 437}, {0x00, 0x00, 0x7F, 0xFF}}},
	{{{-6039, -390, 597}, 0, {2719, 437}, {0x00, 0x00, 0x7F, 0xFF}}},
	{{{-6039, -754, 597}, 0, {2719, -6}, {0x00, 0x00, 0x7F, 0xFF}}},
	{{{-5050, -754, 597}, 0, {-437, -6}, {0x00, 0x00, 0x7F, 0xFF}}},
	{{{-7054, -390, 597}, 0, {-437, 437}, {0x00, 0x00, 0x7F, 0xFF}}},
	{{{-7838, -390, 597}, 0, {2719, 437}, {0x00, 0x00, 0x7F, 0xFF}}},
	{{{-7838, -754, 597}, 0, {2719, -6}, {0x00, 0x00, 0x7F, 0xFF}}},
	{{{-7054, -754, 597}, 0, {-437, -6}, {0x00, 0x00, 0x7F, 0xFF}}},
	{{{-8861, -390, 596}, 0, {-437, 437}, {0xF7, 0x00, 0x7F, 0xFF}}},
	{{{-10088, -390, 511}, 0, {2719, 437}, {0xF7, 0x00, 0x7F, 0xFF}}},
	{{{-10088, -754, 511}, 0, {2719, -6}, {0xF7, 0x00, 0x7F, 0xFF}}},
	{{{-8861, -754, 596}, 0, {-437, -6}, {0xF7, 0x00, 0x7F, 0xFF}}},
	{{{-3546, 1621, 9237}, 0, {174, 17}, {0x00, 0x5B, 0xA8, 0xFF}}},
	{{{-1966, 1621, 9237}, 0, {1752, 17}, {0x00, 0x5B, 0xA8, 0xFF}}},
	{{{-1848, 942, 8533}, 0, {1752, 17}, {0x00, 0x5B, 0xA8, 0xFF}}},
	{{{-3546, 942, 8533}, 0, {174, 17}, {0x00, 0x5B, 0xA8, 0xFF}}},
	{{{-4566, 5983, 8425}, 0, {-1404, 17}, {0x00, 0x00, 0x81, 0xFF}}},
	{{{-1867, 5983, 8425}, 0, {1752, 17}, {0x00, 0x00, 0x81, 0xFF}}},
	{{{-1867, 5544, 8425}, 0, {1752, 17}, {0x00, 0x00, 0x81, 0xFF}}},
	{{{-4566, 5544, 8425}, 0, {-1404, 17}, {0x00, 0x00, 0x81, 0xFF}}},
	{{{-1867, 5983, 8425}, 0, {-94, 17}, {0x81, 0x00, 0x00, 0xFF}}},
	{{{-1867, 5983, 5493}, 0, {1196, 17}, {0x81, 0x00, 0x00, 0xFF}}},
	{{{-1867, 5544, 5493}, 0, {1196, 17}, {0x81, 0x00, 0x00, 0xFF}}},
	{{{-1867, 5544, 8425}, 0, {-94, 17}, {0x81, 0x00, 0x00, 0xFF}}},
	{{{-4566, 5983, 5493}, 0, {-94, 17}, {0x7F, 0x00, 0x00, 0xFF}}},
	{{{-4566, 5983, 8425}, 0, {1196, 17}, {0x7F, 0x00, 0x00, 0xFF}}},
	{{{-4566, 5544, 8425}, 0, {1196, 17}, {0x7F, 0x00, 0x00, 0xFF}}},
	{{{-4566, 5544, 5493}, 0, {-94, 17}, {0x7F, 0x00, 0x00, 0xFF}}},
	{{{-1867, 5983, 5493}, 0, {-437, 17}, {0x00, 0x00, 0x7F, 0xFF}}},
	{{{-4566, 5983, 5493}, 0, {2719, 17}, {0x00, 0x00, 0x7F, 0xFF}}},
	{{{-4566, 5544, 5493}, 0, {2719, 17}, {0x00, 0x00, 0x7F, 0xFF}}},
	{{{-1867, 5544, 5493}, 0, {-437, 17}, {0x00, 0x00, 0x7F, 0xFF}}},
	{{{-4427, 1615, 11744}, 0, {-1404, 17}, {0x00, 0x00, 0x81, 0xFF}}},
	{{{-1963, 1615, 11744}, 0, {1752, 17}, {0x00, 0x00, 0x81, 0xFF}}},
	{{{-1963, 942, 11744}, 0, {1752, 17}, {0x00, 0x00, 0x81, 0xFF}}},
	{{{-4427, 942, 11744}, 0, {-1404, 17}, {0x00, 0x00, 0x81, 0xFF}}},
	{{{-1963, 1615, 11744}, 0, {-94, 17}, {0x81, 0x00, 0x00, 0xFF}}},
	{{{-1963, 1615, 9995}, 0, {1196, 17}, {0x81, 0x00, 0x00, 0xFF}}},
	{{{-1963, 942, 9995}, 0, {1196, 17}, {0x81, 0x00, 0x00, 0xFF}}},
	{{{-1963, 942, 11744}, 0, {-94, 17}, {0x81, 0x00, 0x00, 0xFF}}},
	{{{-4427, 1615, 9995}, 0, {-94, 17}, {0x7F, 0x00, 0x00, 0xFF}}},
	{{{-4427, 1615, 11744}, 0, {1196, 17}, {0x7F, 0x00, 0x00, 0xFF}}},
	{{{-4427, 942, 11744}, 0, {1196, 17}, {0x7F, 0x00, 0x00, 0xFF}}},
	{{{-4427, 942, 9995}, 0, {-94, 17}, {0x7F, 0x00, 0x00, 0xFF}}},
	{{{-1963, 1615, 9995}, 0, {-437, 17}, {0x00, 0x00, 0x7F, 0xFF}}},
	{{{-4427, 1615, 9995}, 0, {2719, 17}, {0x00, 0x00, 0x7F, 0xFF}}},
	{{{-4427, 942, 9995}, 0, {2719, 17}, {0x00, 0x00, 0x7F, 0xFF}}},
	{{{-1963, 942, 9995}, 0, {-437, 17}, {0x00, 0x00, 0x7F, 0xFF}}},
	{{{6704, 1927, 1776}, 0, {-94, 17}, {0x00, 0x7F, 0x00, 0xFF}}},
	{{{6704, 1927, 2098}, 0, {1196, 17}, {0x00, 0x7F, 0x00, 0xFF}}},
	{{{7052, 1927, 2098}, 0, {1752, 17}, {0x00, 0x7F, 0x00, 0xFF}}},
	{{{7052, 1927, 1776}, 0, {1196, 17}, {0x00, 0x7F, 0x00, 0xFF}}},
	{{{6704, 1919, 2098}, 0, {-94, 17}, {0x00, 0x81, 0x00, 0xFF}}},
	{{{6704, 1919, 1776}, 0, {1196, 17}, {0x00, 0x81, 0x00, 0xFF}}},
	{{{7052, 1919, 1776}, 0, {1752, 17}, {0x00, 0x81, 0x00, 0xFF}}},
	{{{7052, 1919, 2098}, 0, {1196, 17}, {0x00, 0x81, 0x00, 0xFF}}},
	{{{6704, 26, 2361}, 0, {-94, 17}, {0x00, 0x7F, 0x00, 0xFF}}},
	{{{6704, 26, 2683}, 0, {1196, 17}, {0x00, 0x7F, 0x00, 0xFF}}},
	{{{7052, 26, 2683}, 0, {1752, 17}, {0x00, 0x7F, 0x00, 0xFF}}},
	{{{7052, 26, 2361}, 0, {1196, 17}, {0x00, 0x7F, 0x00, 0xFF}}},
	{{{6704, 19, 2683}, 0, {-94, 17}, {0x00, 0x81, 0x00, 0xFF}}},
	{{{6704, 19, 2361}, 0, {1196, 17}, {0x00, 0x81, 0x00, 0xFF}}},
	{{{7052, 19, 2361}, 0, {1752, 17}, {0x00, 0x81, 0x00, 0xFF}}},
	{{{7052, 19, 2683}, 0, {1196, 17}, {0x00, 0x81, 0x00, 0xFF}}},
};

Gfx catamesa_dl_shadows_mesh_layer_1_tri_0[] = {
	gsSPVertex(catamesa_dl_shadows_mesh_layer_1_vtx_0 + 0, 32, 0),
	gsSP2Triangles(0, 1, 2, 0, 3, 4, 5, 0),
	gsSP2Triangles(6, 7, 8, 0, 9, 10, 11, 0),
	gsSP2Triangles(12, 13, 14, 0, 15, 16, 17, 0),
	gsSP2Triangles(18, 19, 20, 0, 21, 22, 23, 0),
	gsSP2Triangles(24, 25, 26, 0, 24, 26, 27, 0),
	gsSP2Triangles(28, 29, 30, 0, 28, 30, 31, 0),
	gsSPVertex(catamesa_dl_shadows_mesh_layer_1_vtx_0 + 32, 32, 0),
	gsSP2Triangles(0, 1, 2, 0, 0, 2, 3, 0),
	gsSP2Triangles(4, 5, 6, 0, 4, 6, 7, 0),
	gsSP2Triangles(8, 9, 10, 0, 8, 10, 11, 0),
	gsSP2Triangles(12, 13, 14, 0, 12, 14, 15, 0),
	gsSP2Triangles(16, 17, 18, 0, 16, 18, 19, 0),
	gsSP2Triangles(20, 21, 22, 0, 20, 22, 23, 0),
	gsSP2Triangles(24, 25, 26, 0, 24, 26, 27, 0),
	gsSP2Triangles(28, 29, 30, 0, 28, 30, 31, 0),
	gsSPVertex(catamesa_dl_shadows_mesh_layer_1_vtx_0 + 64, 24, 0),
	gsSP2Triangles(0, 1, 2, 0, 0, 2, 3, 0),
	gsSP2Triangles(4, 5, 6, 0, 4, 6, 7, 0),
	gsSP2Triangles(8, 9, 10, 0, 8, 10, 11, 0),
	gsSP2Triangles(12, 13, 14, 0, 12, 14, 15, 0),
	gsSP2Triangles(16, 17, 18, 0, 16, 18, 19, 0),
	gsSP2Triangles(20, 21, 22, 0, 20, 22, 23, 0),
	gsSPEndDisplayList(),
};

Vtx catamesa_dl_Plane_004_mesh_layer_1_vtx_cull[8] = {
	{{{-486, 0, 1302}, 0, {0, 0}, {0x00, 0x00, 0x00, 0x00}}},
	{{{-486, 0, 1302}, 0, {0, 0}, {0x00, 0x00, 0x00, 0x00}}},
	{{{-486, 0, -1302}, 0, {0, 0}, {0x00, 0x00, 0x00, 0x00}}},
	{{{-486, 0, -1302}, 0, {0, 0}, {0x00, 0x00, 0x00, 0x00}}},
	{{{486, 0, 1302}, 0, {0, 0}, {0x00, 0x00, 0x00, 0x00}}},
	{{{486, 0, 1302}, 0, {0, 0}, {0x00, 0x00, 0x00, 0x00}}},
	{{{486, 0, -1302}, 0, {0, 0}, {0x00, 0x00, 0x00, 0x00}}},
	{{{486, 0, -1302}, 0, {0, 0}, {0x00, 0x00, 0x00, 0x00}}},
};

Vtx catamesa_dl_Plane_004_mesh_layer_1_vtx_0[4] = {
	{{{-486, 0, 1302}, 0, {-16, 1008}, {0x00, 0x7F, 0x00, 0xFF}}},
	{{{486, 0, 1302}, 0, {1008, 1008}, {0x00, 0x7F, 0x00, 0xFF}}},
	{{{486, 0, -1302}, 0, {1008, -16}, {0x00, 0x7F, 0x00, 0xFF}}},
	{{{-486, 0, -1302}, 0, {-16, -16}, {0x00, 0x7F, 0x00, 0xFF}}},
};

Gfx catamesa_dl_Plane_004_mesh_layer_1_tri_0[] = {
	gsSPVertex(catamesa_dl_Plane_004_mesh_layer_1_vtx_0 + 0, 4, 0),
	gsSP2Triangles(0, 1, 2, 0, 0, 2, 3, 0),
	gsSPEndDisplayList(),
};

Vtx catamesa_dl_Plane_005_mesh_layer_1_vtx_cull[8] = {
	{{{-1002, 0, 1555}, 0, {0, 0}, {0x00, 0x00, 0x00, 0x00}}},
	{{{-1002, 0, 1555}, 0, {0, 0}, {0x00, 0x00, 0x00, 0x00}}},
	{{{-1002, 0, -1555}, 0, {0, 0}, {0x00, 0x00, 0x00, 0x00}}},
	{{{-1002, 0, -1555}, 0, {0, 0}, {0x00, 0x00, 0x00, 0x00}}},
	{{{1002, 0, 1555}, 0, {0, 0}, {0x00, 0x00, 0x00, 0x00}}},
	{{{1002, 0, 1555}, 0, {0, 0}, {0x00, 0x00, 0x00, 0x00}}},
	{{{1002, 0, -1555}, 0, {0, 0}, {0x00, 0x00, 0x00, 0x00}}},
	{{{1002, 0, -1555}, 0, {0, 0}, {0x00, 0x00, 0x00, 0x00}}},
};

Vtx catamesa_dl_Plane_005_mesh_layer_1_vtx_0[4] = {
	{{{-1002, 0, 1555}, 0, {-16, 1008}, {0x00, 0x7F, 0x00, 0xFF}}},
	{{{1002, 0, 1555}, 0, {1008, 1008}, {0x00, 0x7F, 0x00, 0xFF}}},
	{{{1002, 0, -1555}, 0, {1008, -16}, {0x00, 0x7F, 0x00, 0xFF}}},
	{{{-1002, 0, -1555}, 0, {-16, -16}, {0x00, 0x7F, 0x00, 0xFF}}},
};

Gfx catamesa_dl_Plane_005_mesh_layer_1_tri_0[] = {
	gsSPVertex(catamesa_dl_Plane_005_mesh_layer_1_vtx_0 + 0, 4, 0),
	gsSP2Triangles(0, 1, 2, 0, 0, 2, 3, 0),
	gsSPEndDisplayList(),
};

Vtx catamesa_dl_Plane_006_mesh_layer_1_vtx_cull[8] = {
	{{{-998, 0, 897}, 0, {0, 0}, {0x00, 0x00, 0x00, 0x00}}},
	{{{-998, 0, 897}, 0, {0, 0}, {0x00, 0x00, 0x00, 0x00}}},
	{{{-998, 0, -897}, 0, {0, 0}, {0x00, 0x00, 0x00, 0x00}}},
	{{{-998, 0, -897}, 0, {0, 0}, {0x00, 0x00, 0x00, 0x00}}},
	{{{998, 0, 897}, 0, {0, 0}, {0x00, 0x00, 0x00, 0x00}}},
	{{{998, 0, 897}, 0, {0, 0}, {0x00, 0x00, 0x00, 0x00}}},
	{{{998, 0, -897}, 0, {0, 0}, {0x00, 0x00, 0x00, 0x00}}},
	{{{998, 0, -897}, 0, {0, 0}, {0x00, 0x00, 0x00, 0x00}}},
};

Vtx catamesa_dl_Plane_006_mesh_layer_1_vtx_0[4] = {
	{{{-998, 0, 897}, 0, {-16, 1008}, {0x00, 0x7F, 0x00, 0xFF}}},
	{{{998, 0, 897}, 0, {1008, 1008}, {0x00, 0x7F, 0x00, 0xFF}}},
	{{{998, 0, -897}, 0, {1008, -16}, {0x00, 0x7F, 0x00, 0xFF}}},
	{{{-998, 0, -897}, 0, {-16, -16}, {0x00, 0x7F, 0x00, 0xFF}}},
};

Gfx catamesa_dl_Plane_006_mesh_layer_1_tri_0[] = {
	gsSPVertex(catamesa_dl_Plane_006_mesh_layer_1_vtx_0 + 0, 4, 0),
	gsSP2Triangles(0, 1, 2, 0, 0, 2, 3, 0),
	gsSPEndDisplayList(),
};

Vtx catamesa_dl_Plane_007_mesh_layer_1_vtx_cull[8] = {
	{{{-1421, 0, 618}, 0, {0, 0}, {0x00, 0x00, 0x00, 0x00}}},
	{{{-1421, 0, 618}, 0, {0, 0}, {0x00, 0x00, 0x00, 0x00}}},
	{{{-1421, 0, -618}, 0, {0, 0}, {0x00, 0x00, 0x00, 0x00}}},
	{{{-1421, 0, -618}, 0, {0, 0}, {0x00, 0x00, 0x00, 0x00}}},
	{{{1421, 0, 618}, 0, {0, 0}, {0x00, 0x00, 0x00, 0x00}}},
	{{{1421, 0, 618}, 0, {0, 0}, {0x00, 0x00, 0x00, 0x00}}},
	{{{1421, 0, -618}, 0, {0, 0}, {0x00, 0x00, 0x00, 0x00}}},
	{{{1421, 0, -618}, 0, {0, 0}, {0x00, 0x00, 0x00, 0x00}}},
};

Vtx catamesa_dl_Plane_007_mesh_layer_1_vtx_0[4] = {
	{{{-1421, 0, 618}, 0, {-16, 1008}, {0x00, 0x7F, 0x00, 0xFF}}},
	{{{1421, 0, 618}, 0, {1008, 1008}, {0x00, 0x7F, 0x00, 0xFF}}},
	{{{1421, 0, -618}, 0, {1008, -16}, {0x00, 0x7F, 0x00, 0xFF}}},
	{{{-1421, 0, -618}, 0, {-16, -16}, {0x00, 0x7F, 0x00, 0xFF}}},
};

Gfx catamesa_dl_Plane_007_mesh_layer_1_tri_0[] = {
	gsSPVertex(catamesa_dl_Plane_007_mesh_layer_1_vtx_0 + 0, 4, 0),
	gsSP2Triangles(0, 1, 2, 0, 0, 2, 3, 0),
	gsSPEndDisplayList(),
};

Gfx mat_catamesa_dl_mat_mesasand[] = {
	gsSPLightColor(LIGHT_1, 0xFFFFFFFF),
	gsSPLightColor(LIGHT_2, 0x7F7F7FFF),
	gsDPPipeSync(),
	gsDPSetCombineLERP(TEXEL0, 0, SHADE, 0, 0, 0, 0, ENVIRONMENT, TEXEL0, 0, SHADE, 0, 0, 0, 0, ENVIRONMENT),
	gsDPSetAlphaDither(G_AD_NOISE),
	gsDPSetTextureLUT(G_TT_RGBA16),
	gsSPTexture(65535, 65535, 0, 0, 1),
	gsDPSetTextureImage(G_IM_FMT_RGBA, G_IM_SIZ_16b, 1, catamesa_dl_t_mesasand_pal_rgba16),
	gsDPSetTile(0, 0, 0, 256, 5, 0, G_TX_WRAP | G_TX_NOMIRROR, 0, 0, G_TX_WRAP | G_TX_NOMIRROR, 0, 0),
	gsDPLoadTLUTCmd(5, 29),
	gsDPSetTextureImage(G_IM_FMT_CI, G_IM_SIZ_8b_LOAD_BLOCK, 1, catamesa_dl_t_mesasand_ci8),
	gsDPSetTile(G_IM_FMT_CI, G_IM_SIZ_8b_LOAD_BLOCK, 0, 0, 7, 0, G_TX_WRAP | G_TX_NOMIRROR, 0, 0, G_TX_WRAP | G_TX_NOMIRROR, 0, 0),
	gsDPLoadBlock(7, 0, 0, 511, 512),
	gsDPSetTile(G_IM_FMT_CI, G_IM_SIZ_8b, 4, 0, 0, 0, G_TX_WRAP | G_TX_NOMIRROR, 5, 0, G_TX_WRAP | G_TX_NOMIRROR, 5, 0),
	gsDPSetTileSize(0, 0, 0, 124, 124),
	gsSPEndDisplayList(),
};

Gfx mat_revert_catamesa_dl_mat_mesasand[] = {
	gsDPPipeSync(),
	gsDPSetAlphaDither(G_AD_DISABLE),
	gsDPSetTextureLUT(G_TT_NONE),
	gsSPEndDisplayList(),
};

Gfx mat_catamesa_dl_mat_mesasand_slide[] = {
	gsSPLightColor(LIGHT_1, 0xFFFFFFFF),
	gsSPLightColor(LIGHT_2, 0x7F7F7FFF),
	gsDPPipeSync(),
	gsDPSetCombineLERP(TEXEL0, 0, SHADE, 0, 0, 0, 0, ENVIRONMENT, TEXEL0, 0, SHADE, 0, 0, 0, 0, ENVIRONMENT),
	gsDPSetAlphaDither(G_AD_NOISE),
	gsDPSetTextureLUT(G_TT_RGBA16),
	gsSPTexture(65535, 65535, 0, 0, 1),
	gsDPSetTextureImage(G_IM_FMT_RGBA, G_IM_SIZ_16b, 1, catamesa_dl_t_mesasand_pal_rgba16),
	gsDPSetTile(0, 0, 0, 256, 5, 0, G_TX_WRAP | G_TX_NOMIRROR, 0, 0, G_TX_WRAP | G_TX_NOMIRROR, 0, 0),
	gsDPLoadTLUTCmd(5, 29),
	gsDPSetTextureImage(G_IM_FMT_CI, G_IM_SIZ_8b_LOAD_BLOCK, 1, catamesa_dl_t_mesasand_ci8),
	gsDPSetTile(G_IM_FMT_CI, G_IM_SIZ_8b_LOAD_BLOCK, 0, 0, 7, 0, G_TX_WRAP | G_TX_NOMIRROR, 0, 0, G_TX_WRAP | G_TX_NOMIRROR, 0, 0),
	gsDPLoadBlock(7, 0, 0, 511, 512),
	gsDPSetTile(G_IM_FMT_CI, G_IM_SIZ_8b, 4, 0, 0, 0, G_TX_WRAP | G_TX_NOMIRROR, 5, 0, G_TX_WRAP | G_TX_NOMIRROR, 5, 0),
	gsDPSetTileSize(0, 0, 0, 124, 124),
	gsSPEndDisplayList(),
};

Gfx mat_revert_catamesa_dl_mat_mesasand_slide[] = {
	gsDPPipeSync(),
	gsDPSetAlphaDither(G_AD_DISABLE),
	gsDPSetTextureLUT(G_TT_NONE),
	gsSPEndDisplayList(),
};

Gfx mat_catamesa_dl_mat_mesastone[] = {
	gsSPLightColor(LIGHT_1, 0x914520FF),
	gsSPLightColor(LIGHT_2, 0x451E0AFF),
	gsDPPipeSync(),
	gsDPSetCombineLERP(0, 0, 0, SHADE, 0, 0, 0, ENVIRONMENT, 0, 0, 0, SHADE, 0, 0, 0, ENVIRONMENT),
	gsDPSetAlphaDither(G_AD_NOISE),
	gsSPTexture(65535, 65535, 0, 0, 1),
	gsSPEndDisplayList(),
};

Gfx mat_revert_catamesa_dl_mat_mesastone[] = {
	gsDPPipeSync(),
	gsDPSetAlphaDither(G_AD_DISABLE),
	gsSPEndDisplayList(),
};

Gfx mat_catamesa_dl_mat_water[] = {
	gsSPLightColor(LIGHT_1, 0x8CA1FFFF),
	gsSPLightColor(LIGHT_2, 0x434E7FFF),
	gsDPPipeSync(),
	gsDPSetCombineLERP(0, 0, 0, SHADE, 0, 0, 0, ENVIRONMENT, 0, 0, 0, SHADE, 0, 0, 0, ENVIRONMENT),
	gsDPSetAlphaDither(G_AD_NOISE),
	gsSPTexture(65535, 65535, 0, 0, 1),
	gsSPEndDisplayList(),
};

Gfx mat_revert_catamesa_dl_mat_water[] = {
	gsDPPipeSync(),
	gsDPSetAlphaDither(G_AD_DISABLE),
	gsSPEndDisplayList(),
};

Gfx mat_catamesa_dl_mat_cavestone[] = {
	gsSPLightColor(LIGHT_1, 0xFFFFFFFF),
	gsSPLightColor(LIGHT_2, 0x7F7F7FFF),
	gsDPPipeSync(),
	gsDPSetCombineLERP(TEXEL0, 0, SHADE, 0, 0, 0, 0, ENVIRONMENT, TEXEL0, 0, SHADE, 0, 0, 0, 0, ENVIRONMENT),
	gsDPSetAlphaDither(G_AD_NOISE),
	gsDPSetTextureLUT(G_TT_RGBA16),
	gsSPTexture(65535, 65535, 0, 0, 1),
	gsDPSetTextureImage(G_IM_FMT_RGBA, G_IM_SIZ_16b, 1, catamesa_dl_t_understone_pal_rgba16),
	gsDPSetTile(0, 0, 0, 256, 5, 0, G_TX_WRAP | G_TX_NOMIRROR, 0, 0, G_TX_WRAP | G_TX_NOMIRROR, 0, 0),
	gsDPLoadTLUTCmd(5, 64),
	gsDPSetTextureImage(G_IM_FMT_CI, G_IM_SIZ_8b_LOAD_BLOCK, 1, catamesa_dl_t_understone_ci8),
	gsDPSetTile(G_IM_FMT_CI, G_IM_SIZ_8b_LOAD_BLOCK, 0, 0, 7, 0, G_TX_WRAP | G_TX_NOMIRROR, 0, 0, G_TX_WRAP | G_TX_NOMIRROR, 0, 0),
	gsDPLoadBlock(7, 0, 0, 511, 512),
	gsDPSetTile(G_IM_FMT_CI, G_IM_SIZ_8b, 4, 0, 0, 0, G_TX_WRAP | G_TX_NOMIRROR, 5, 0, G_TX_WRAP | G_TX_NOMIRROR, 5, 0),
	gsDPSetTileSize(0, 0, 0, 124, 124),
	gsSPEndDisplayList(),
};

Gfx mat_revert_catamesa_dl_mat_cavestone[] = {
	gsDPPipeSync(),
	gsDPSetAlphaDither(G_AD_DISABLE),
	gsDPSetTextureLUT(G_TT_NONE),
	gsSPEndDisplayList(),
};

Gfx mat_catamesa_dl_mat_rockyhillside[] = {
	gsSPLightColor(LIGHT_1, 0xFFFFFFFF),
	gsSPLightColor(LIGHT_2, 0x7F7F7FFF),
	gsDPPipeSync(),
	gsDPSetCombineLERP(TEXEL0, 0, SHADE, 0, 0, 0, 0, ENVIRONMENT, TEXEL0, 0, SHADE, 0, 0, 0, 0, ENVIRONMENT),
	gsDPSetAlphaDither(G_AD_NOISE),
	gsDPSetTextureLUT(G_TT_RGBA16),
	gsSPTexture(65535, 65535, 0, 0, 1),
	gsDPSetTextureImage(G_IM_FMT_RGBA, G_IM_SIZ_16b, 1, catamesa_dl_t_0_rockyhillside_pal_rgba16),
	gsDPSetTile(0, 0, 0, 256, 5, 0, G_TX_WRAP | G_TX_NOMIRROR, 0, 0, G_TX_WRAP | G_TX_NOMIRROR, 0, 0),
	gsDPLoadTLUTCmd(5, 50),
	gsDPSetTextureImage(G_IM_FMT_CI, G_IM_SIZ_8b_LOAD_BLOCK, 1, catamesa_dl_t_0_rockyhillside_ci8),
	gsDPSetTile(G_IM_FMT_CI, G_IM_SIZ_8b_LOAD_BLOCK, 0, 0, 7, 0, G_TX_WRAP | G_TX_NOMIRROR, 0, 0, G_TX_WRAP | G_TX_NOMIRROR, 0, 0),
	gsDPLoadBlock(7, 0, 0, 511, 512),
	gsDPSetTile(G_IM_FMT_CI, G_IM_SIZ_8b, 4, 0, 0, 0, G_TX_WRAP | G_TX_NOMIRROR, 5, 0, G_TX_WRAP | G_TX_NOMIRROR, 5, 0),
	gsDPSetTileSize(0, 0, 0, 124, 124),
	gsSPEndDisplayList(),
};

Gfx mat_revert_catamesa_dl_mat_rockyhillside[] = {
	gsDPPipeSync(),
	gsDPSetAlphaDither(G_AD_DISABLE),
	gsDPSetTextureLUT(G_TT_NONE),
	gsSPEndDisplayList(),
};

Gfx mat_catamesa_dl_mat_grid[] = {
	gsSPClearGeometryMode(G_SHADING_SMOOTH),
	gsSPLightColor(LIGHT_1, 0xFFFFFFFF),
	gsSPLightColor(LIGHT_2, 0x7F7F7FFF),
	gsDPPipeSync(),
	gsDPSetCombineLERP(TEXEL0, 0, SHADE, 0, TEXEL0, 0, ENVIRONMENT, 0, TEXEL0, 0, SHADE, 0, TEXEL0, 0, ENVIRONMENT, 0),
	gsDPSetAlphaDither(G_AD_NOISE),
	gsDPSetTextureLUT(G_TT_RGBA16),
	gsSPTexture(65535, 65535, 0, 0, 1),
	gsDPSetTextureImage(G_IM_FMT_RGBA, G_IM_SIZ_16b, 1, catamesa_dl_bbh_textures_00000_rgba16_pal_rgba16),
	gsDPSetTile(0, 0, 0, 256, 5, 0, G_TX_WRAP | G_TX_NOMIRROR, 0, 0, G_TX_WRAP | G_TX_NOMIRROR, 0, 0),
	gsDPLoadTLUTCmd(5, 24),
	gsDPSetTextureImage(G_IM_FMT_CI, G_IM_SIZ_8b_LOAD_BLOCK, 1, catamesa_dl_bbh_textures_00000_rgba16_ci8),
	gsDPSetTile(G_IM_FMT_CI, G_IM_SIZ_8b_LOAD_BLOCK, 0, 0, 7, 0, G_TX_WRAP | G_TX_NOMIRROR, 0, 0, G_TX_WRAP | G_TX_NOMIRROR, 0, 0),
	gsDPLoadBlock(7, 0, 0, 511, 512),
	gsDPSetTile(G_IM_FMT_CI, G_IM_SIZ_8b, 4, 0, 0, 0, G_TX_WRAP | G_TX_NOMIRROR, 5, 0, G_TX_WRAP | G_TX_NOMIRROR, 5, 0),
	gsDPSetTileSize(0, 0, 0, 124, 124),
	gsSPEndDisplayList(),
};

Gfx mat_revert_catamesa_dl_mat_grid[] = {
	gsSPSetGeometryMode(G_SHADING_SMOOTH),
	gsDPPipeSync(),
	gsDPSetAlphaDither(G_AD_DISABLE),
	gsDPSetTextureLUT(G_TT_NONE),
	gsSPEndDisplayList(),
};

Gfx mat_catamesa_dl_mat_tombbricks[] = {
	gsSPLightColor(LIGHT_1, 0xFFFFFFFF),
	gsSPLightColor(LIGHT_2, 0x7F7F7FFF),
	gsDPPipeSync(),
	gsDPSetCombineLERP(TEXEL0, 0, SHADE, 0, 0, 0, 0, ENVIRONMENT, TEXEL0, 0, SHADE, 0, 0, 0, 0, ENVIRONMENT),
	gsDPSetAlphaDither(G_AD_NOISE),
	gsDPSetTextureLUT(G_TT_RGBA16),
	gsSPTexture(65535, 65535, 0, 0, 1),
	gsDPSetTextureImage(G_IM_FMT_RGBA, G_IM_SIZ_16b, 1, catamesa_dl_t_tombbricks_pal_rgba16),
	gsDPSetTile(0, 0, 0, 256, 5, 0, G_TX_WRAP | G_TX_NOMIRROR, 0, 0, G_TX_WRAP | G_TX_NOMIRROR, 0, 0),
	gsDPLoadTLUTCmd(5, 58),
	gsDPSetTextureImage(G_IM_FMT_CI, G_IM_SIZ_8b_LOAD_BLOCK, 1, catamesa_dl_t_tombbricks_ci8),
	gsDPSetTile(G_IM_FMT_CI, G_IM_SIZ_8b_LOAD_BLOCK, 0, 0, 7, 0, G_TX_WRAP | G_TX_NOMIRROR, 0, 0, G_TX_WRAP | G_TX_NOMIRROR, 0, 0),
	gsDPLoadBlock(7, 0, 0, 511, 512),
	gsDPSetTile(G_IM_FMT_CI, G_IM_SIZ_8b, 4, 0, 0, 0, G_TX_WRAP | G_TX_NOMIRROR, 5, 0, G_TX_WRAP | G_TX_NOMIRROR, 5, 0),
	gsDPSetTileSize(0, 0, 0, 124, 124),
	gsSPEndDisplayList(),
};

Gfx mat_revert_catamesa_dl_mat_tombbricks[] = {
	gsDPPipeSync(),
	gsDPSetAlphaDither(G_AD_DISABLE),
	gsDPSetTextureLUT(G_TT_NONE),
	gsSPEndDisplayList(),
};

Gfx mat_catamesa_dl_mat_tombbricks_opposite[] = {
	gsSPLightColor(LIGHT_1, 0xFFFFFFFF),
	gsSPLightColor(LIGHT_2, 0x7F7F7FFF),
	gsDPPipeSync(),
	gsDPSetCombineLERP(TEXEL0, 0, SHADE, 0, 0, 0, 0, ENVIRONMENT, TEXEL0, 0, SHADE, 0, 0, 0, 0, ENVIRONMENT),
	gsDPSetAlphaDither(G_AD_NOISE),
	gsDPSetTextureLUT(G_TT_RGBA16),
	gsSPTexture(65535, 65535, 0, 0, 1),
	gsDPSetTextureImage(G_IM_FMT_RGBA, G_IM_SIZ_16b, 1, catamesa_dl_t_tombbricks_pal_rgba16),
	gsDPSetTile(0, 0, 0, 256, 5, 0, G_TX_WRAP | G_TX_NOMIRROR, 0, 0, G_TX_WRAP | G_TX_NOMIRROR, 0, 0),
	gsDPLoadTLUTCmd(5, 58),
	gsDPSetTextureImage(G_IM_FMT_CI, G_IM_SIZ_8b_LOAD_BLOCK, 1, catamesa_dl_t_tombbricks_ci8),
	gsDPSetTile(G_IM_FMT_CI, G_IM_SIZ_8b_LOAD_BLOCK, 0, 0, 7, 0, G_TX_WRAP | G_TX_NOMIRROR, 0, 0, G_TX_WRAP | G_TX_NOMIRROR, 0, 0),
	gsDPLoadBlock(7, 0, 0, 511, 512),
	gsDPSetTile(G_IM_FMT_CI, G_IM_SIZ_8b, 4, 0, 0, 0, G_TX_WRAP | G_TX_NOMIRROR, 5, 0, G_TX_WRAP | G_TX_NOMIRROR, 5, 0),
	gsDPSetTileSize(0, 0, 0, 124, 124),
	gsSPEndDisplayList(),
};

Gfx mat_revert_catamesa_dl_mat_tombbricks_opposite[] = {
	gsDPPipeSync(),
	gsDPSetAlphaDither(G_AD_DISABLE),
	gsDPSetTextureLUT(G_TT_NONE),
	gsSPEndDisplayList(),
};

Gfx mat_catamesa_dl_mat_tombslide[] = {
	gsSPLightColor(LIGHT_1, 0xFFFFFFFF),
	gsSPLightColor(LIGHT_2, 0x7F7F7FFF),
	gsDPPipeSync(),
	gsDPSetCombineLERP(TEXEL0, 0, SHADE, 0, 0, 0, 0, ENVIRONMENT, TEXEL0, 0, SHADE, 0, 0, 0, 0, ENVIRONMENT),
	gsDPSetAlphaDither(G_AD_NOISE),
	gsDPSetTextureLUT(G_TT_RGBA16),
	gsSPTexture(65535, 65535, 0, 0, 1),
	gsDPSetTextureImage(G_IM_FMT_RGBA, G_IM_SIZ_16b, 1, catamesa_dl_t_understone_pal_rgba16),
	gsDPSetTile(0, 0, 0, 256, 5, 0, G_TX_WRAP | G_TX_NOMIRROR, 0, 0, G_TX_WRAP | G_TX_NOMIRROR, 0, 0),
	gsDPLoadTLUTCmd(5, 64),
	gsDPSetTextureImage(G_IM_FMT_CI, G_IM_SIZ_8b_LOAD_BLOCK, 1, catamesa_dl_t_understone_ci8),
	gsDPSetTile(G_IM_FMT_CI, G_IM_SIZ_8b_LOAD_BLOCK, 0, 0, 7, 0, G_TX_WRAP | G_TX_NOMIRROR, 0, 0, G_TX_WRAP | G_TX_NOMIRROR, 0, 0),
	gsDPLoadBlock(7, 0, 0, 511, 512),
	gsDPSetTile(G_IM_FMT_CI, G_IM_SIZ_8b, 4, 0, 0, 0, G_TX_WRAP | G_TX_NOMIRROR, 5, 0, G_TX_WRAP | G_TX_NOMIRROR, 5, 0),
	gsDPSetTileSize(0, 0, 0, 124, 124),
	gsSPEndDisplayList(),
};

Gfx mat_revert_catamesa_dl_mat_tombslide[] = {
	gsDPPipeSync(),
	gsDPSetAlphaDither(G_AD_DISABLE),
	gsDPSetTextureLUT(G_TT_NONE),
	gsSPEndDisplayList(),
};

Gfx mat_catamesa_dl_mat_deathpit[] = {
	gsSPLightColor(LIGHT_1, 0x000000FF),
	gsSPLightColor(LIGHT_2, 0x000000FF),
	gsDPPipeSync(),
	gsDPSetCombineLERP(0, 0, 0, SHADE, 0, 0, 0, ENVIRONMENT, 0, 0, 0, SHADE, 0, 0, 0, ENVIRONMENT),
	gsDPSetAlphaDither(G_AD_NOISE),
	gsSPTexture(65535, 65535, 0, 0, 1),
	gsSPEndDisplayList(),
};

Gfx mat_revert_catamesa_dl_mat_deathpit[] = {
	gsDPPipeSync(),
	gsDPSetAlphaDither(G_AD_DISABLE),
	gsSPEndDisplayList(),
};

Gfx mat_catamesa_dl_mat_dark[] = {
	gsSPLightColor(LIGHT_1, 0x000000FF),
	gsSPLightColor(LIGHT_2, 0x000000FF),
	gsDPPipeSync(),
	gsDPSetCombineLERP(0, 0, 0, SHADE, 0, 0, 0, ENVIRONMENT, 0, 0, 0, SHADE, 0, 0, 0, ENVIRONMENT),
	gsDPSetAlphaDither(G_AD_NOISE),
	gsSPTexture(65535, 65535, 0, 0, 1),
	gsSPEndDisplayList(),
};

Gfx mat_revert_catamesa_dl_mat_dark[] = {
	gsDPPipeSync(),
	gsDPSetAlphaDither(G_AD_DISABLE),
	gsSPEndDisplayList(),
};

Gfx mat_catamesa_dl_mat_tombfloor_mainfloor[] = {
	gsSPLightColor(LIGHT_1, 0xFFFFFFFF),
	gsSPLightColor(LIGHT_2, 0x7F7F7FFF),
	gsDPPipeSync(),
	gsDPSetCombineLERP(TEXEL0, 0, SHADE, 0, 0, 0, 0, ENVIRONMENT, TEXEL0, 0, SHADE, 0, 0, 0, 0, ENVIRONMENT),
	gsDPSetAlphaDither(G_AD_NOISE),
	gsDPSetTextureLUT(G_TT_RGBA16),
	gsSPTexture(65535, 65535, 0, 0, 1),
	gsDPSetTextureImage(G_IM_FMT_RGBA, G_IM_SIZ_16b, 1, catamesa_dl_t_tombfloor_green_pal_rgba16),
	gsDPSetTile(0, 0, 0, 256, 5, 0, G_TX_WRAP | G_TX_NOMIRROR, 0, 0, G_TX_WRAP | G_TX_NOMIRROR, 0, 0),
	gsDPLoadTLUTCmd(5, 28),
	gsDPSetTextureImage(G_IM_FMT_CI, G_IM_SIZ_8b_LOAD_BLOCK, 1, catamesa_dl_t_tombfloor_green_ci8),
	gsDPSetTile(G_IM_FMT_CI, G_IM_SIZ_8b_LOAD_BLOCK, 0, 0, 7, 0, G_TX_WRAP | G_TX_NOMIRROR, 0, 0, G_TX_WRAP | G_TX_NOMIRROR, 0, 0),
	gsDPLoadBlock(7, 0, 0, 511, 512),
	gsDPSetTile(G_IM_FMT_CI, G_IM_SIZ_8b, 4, 0, 0, 0, G_TX_WRAP | G_TX_NOMIRROR, 5, 0, G_TX_WRAP | G_TX_NOMIRROR, 5, 0),
	gsDPSetTileSize(0, 0, 0, 124, 124),
	gsSPEndDisplayList(),
};

Gfx mat_revert_catamesa_dl_mat_tombfloor_mainfloor[] = {
	gsDPPipeSync(),
	gsDPSetAlphaDither(G_AD_DISABLE),
	gsDPSetTextureLUT(G_TT_NONE),
	gsSPEndDisplayList(),
};

Gfx mat_catamesa_dl_mat_tombfloor_secondfloor[] = {
	gsSPLightColor(LIGHT_1, 0xFFFFFFFF),
	gsSPLightColor(LIGHT_2, 0x7F7F7FFF),
	gsDPPipeSync(),
	gsDPSetCombineLERP(TEXEL0, 0, SHADE, 0, 0, 0, 0, ENVIRONMENT, TEXEL0, 0, SHADE, 0, 0, 0, 0, ENVIRONMENT),
	gsDPSetAlphaDither(G_AD_NOISE),
	gsDPSetTextureLUT(G_TT_RGBA16),
	gsSPTexture(65535, 65535, 0, 0, 1),
	gsDPSetTextureImage(G_IM_FMT_RGBA, G_IM_SIZ_16b, 1, catamesa_dl_t_tombfloor_brown_pal_rgba16),
	gsDPSetTile(0, 0, 0, 256, 5, 0, G_TX_WRAP | G_TX_NOMIRROR, 0, 0, G_TX_WRAP | G_TX_NOMIRROR, 0, 0),
	gsDPLoadTLUTCmd(5, 29),
	gsDPSetTextureImage(G_IM_FMT_CI, G_IM_SIZ_8b_LOAD_BLOCK, 1, catamesa_dl_t_tombfloor_brown_ci8),
	gsDPSetTile(G_IM_FMT_CI, G_IM_SIZ_8b_LOAD_BLOCK, 0, 0, 7, 0, G_TX_WRAP | G_TX_NOMIRROR, 0, 0, G_TX_WRAP | G_TX_NOMIRROR, 0, 0),
	gsDPLoadBlock(7, 0, 0, 511, 512),
	gsDPSetTile(G_IM_FMT_CI, G_IM_SIZ_8b, 4, 0, 0, 0, G_TX_WRAP | G_TX_NOMIRROR, 5, 0, G_TX_WRAP | G_TX_NOMIRROR, 5, 0),
	gsDPSetTileSize(0, 0, 0, 124, 124),
	gsSPEndDisplayList(),
};

Gfx mat_revert_catamesa_dl_mat_tombfloor_secondfloor[] = {
	gsDPPipeSync(),
	gsDPSetAlphaDither(G_AD_DISABLE),
	gsDPSetTextureLUT(G_TT_NONE),
	gsSPEndDisplayList(),
};

Gfx mat_catamesa_dl_mat_metalboards[] = {
	gsSPLightColor(LIGHT_1, 0x2F3212FF),
	gsSPLightColor(LIGHT_2, 0x121404FF),
	gsDPPipeSync(),
	gsDPSetCombineLERP(0, 0, 0, SHADE, 0, 0, 0, ENVIRONMENT, 0, 0, 0, SHADE, 0, 0, 0, ENVIRONMENT),
	gsDPSetAlphaDither(G_AD_NOISE),
	gsSPTexture(65535, 65535, 0, 0, 1),
	gsSPEndDisplayList(),
};

Gfx mat_revert_catamesa_dl_mat_metalboards[] = {
	gsDPPipeSync(),
	gsDPSetAlphaDither(G_AD_DISABLE),
	gsSPEndDisplayList(),
};

Gfx mat_catamesa_dl_mat_gradient_shadow[] = {
	gsSPClearGeometryMode(G_CULL_BACK),
	gsSPLightColor(LIGHT_1, 0xFFFFFFFF),
	gsSPLightColor(LIGHT_2, 0x7F7F7FFF),
	gsDPPipeSync(),
	gsDPSetCombineLERP(TEXEL0, 0, SHADE, 0, TEXEL0, 0, PRIMITIVE, 0, TEXEL0, 0, SHADE, 0, TEXEL0, 0, PRIMITIVE, 0),
	gsDPSetAlphaDither(G_AD_NOISE),
	gsSPTexture(65535, 65535, 0, 0, 1),
	gsDPSetPrimColor(0, 0, 255, 255, 255, 255),
	gsDPSetTextureImage(G_IM_FMT_IA, G_IM_SIZ_16b, 1, catamesa_dl_t_gradient_shadow_ia4),
	gsDPSetTile(G_IM_FMT_IA, G_IM_SIZ_16b, 0, 0, 7, 0, G_TX_WRAP | G_TX_NOMIRROR, 0, 0, G_TX_WRAP | G_TX_NOMIRROR, 0, 0),
	gsDPLoadBlock(7, 0, 0, 255, 1024),
	gsDPSetTile(G_IM_FMT_IA, G_IM_SIZ_4b, 2, 0, 0, 0, G_TX_WRAP | G_TX_NOMIRROR, 5, 0, G_TX_WRAP | G_TX_NOMIRROR, 5, 0),
	gsDPSetTileSize(0, 0, 0, 124, 124),
	gsSPEndDisplayList(),
};

Gfx mat_revert_catamesa_dl_mat_gradient_shadow[] = {
	gsSPSetGeometryMode(G_CULL_BACK),
	gsDPPipeSync(),
	gsDPSetAlphaDither(G_AD_DISABLE),
	gsSPEndDisplayList(),
};

Gfx mat_catamesa_dl_mat_water_underground[] = {
	gsSPLightColor(LIGHT_1, 0x8CFFF3FF),
	gsSPLightColor(LIGHT_2, 0x437F79FF),
	gsDPPipeSync(),
	gsDPSetCombineLERP(0, 0, 0, SHADE, 0, 0, 0, ENVIRONMENT, 0, 0, 0, SHADE, 0, 0, 0, ENVIRONMENT),
	gsDPSetAlphaDither(G_AD_NOISE),
	gsSPTexture(65535, 65535, 0, 0, 1),
	gsSPEndDisplayList(),
};

Gfx mat_revert_catamesa_dl_mat_water_underground[] = {
	gsDPPipeSync(),
	gsDPSetAlphaDither(G_AD_DISABLE),
	gsSPEndDisplayList(),
};

Gfx catamesa_dl_Cube_mesh_layer_1[] = {
	gsSPClearGeometryMode(G_LIGHTING),
	gsSPVertex(catamesa_dl_Cube_mesh_layer_1_vtx_cull + 0, 8, 0),
	gsSPSetGeometryMode(G_LIGHTING),
	gsSPCullDisplayList(0, 7),
	gsSPDisplayList(mat_catamesa_dl_mat_mesasand),
	gsSPDisplayList(catamesa_dl_Cube_mesh_layer_1_tri_0),
	gsSPDisplayList(mat_revert_catamesa_dl_mat_mesasand),
	gsSPEndDisplayList(),
};

Gfx catamesa_dl_Plane_mesh_layer_1[] = {
	gsSPClearGeometryMode(G_LIGHTING),
	gsSPVertex(catamesa_dl_Plane_mesh_layer_1_vtx_cull + 0, 8, 0),
	gsSPSetGeometryMode(G_LIGHTING),
	gsSPCullDisplayList(0, 7),
	gsSPDisplayList(mat_catamesa_dl_mat_mesasand),
	gsSPDisplayList(catamesa_dl_Plane_mesh_layer_1_tri_0),
	gsSPDisplayList(mat_revert_catamesa_dl_mat_mesasand),
	gsSPDisplayList(mat_catamesa_dl_mat_mesasand_slide),
	gsSPDisplayList(catamesa_dl_Plane_mesh_layer_1_tri_1),
	gsSPDisplayList(mat_revert_catamesa_dl_mat_mesasand_slide),
	gsSPDisplayList(mat_catamesa_dl_mat_mesastone),
	gsSPDisplayList(catamesa_dl_Plane_mesh_layer_1_tri_2),
	gsSPDisplayList(mat_revert_catamesa_dl_mat_mesastone),
	gsSPEndDisplayList(),
};

Gfx catamesa_dl_Plane_001_mesh_layer_1[] = {
	gsSPClearGeometryMode(G_LIGHTING),
	gsSPVertex(catamesa_dl_Plane_001_mesh_layer_1_vtx_cull + 0, 8, 0),
	gsSPSetGeometryMode(G_LIGHTING),
	gsSPCullDisplayList(0, 7),
	gsSPDisplayList(mat_catamesa_dl_mat_water),
	gsSPDisplayList(catamesa_dl_Plane_001_mesh_layer_1_tri_0),
	gsSPDisplayList(mat_revert_catamesa_dl_mat_water),
	gsSPEndDisplayList(),
};

Gfx catamesa_dl_final_revert_mesh_layer_1[] = {
	gsDPPipeSync(),
	gsSPSetGeometryMode(G_LIGHTING),
	gsSPClearGeometryMode(G_TEXTURE_GEN),
	gsDPSetCombineLERP(0, 0, 0, SHADE, 0, 0, 0, ENVIRONMENT, 0, 0, 0, SHADE, 0, 0, 0, ENVIRONMENT),
	gsSPTexture(65535, 65535, 0, 0, 0),
	gsDPSetEnvColor(255, 255, 255, 255),
	gsDPSetAlphaCompare(G_AC_NONE),
	gsSPEndDisplayList(),
};

Gfx catamesa_dl_Cube_001_mesh_layer_1[] = {
	gsSPClearGeometryMode(G_LIGHTING),
	gsSPVertex(catamesa_dl_Cube_001_mesh_layer_1_vtx_cull + 0, 8, 0),
	gsSPSetGeometryMode(G_LIGHTING),
	gsSPCullDisplayList(0, 7),
	gsSPDisplayList(mat_catamesa_dl_mat_cavestone),
	gsSPDisplayList(catamesa_dl_Cube_001_mesh_layer_1_tri_0),
	gsSPDisplayList(mat_revert_catamesa_dl_mat_cavestone),
	gsSPEndDisplayList(),
};

Gfx catamesa_dl_Cube_002_mesh_layer_1[] = {
	gsSPClearGeometryMode(G_LIGHTING),
	gsSPVertex(catamesa_dl_Cube_002_mesh_layer_1_vtx_cull + 0, 8, 0),
	gsSPSetGeometryMode(G_LIGHTING),
	gsSPCullDisplayList(0, 7),
	gsSPDisplayList(mat_catamesa_dl_mat_rockyhillside),
	gsSPDisplayList(catamesa_dl_Cube_002_mesh_layer_1_tri_0),
	gsSPDisplayList(mat_revert_catamesa_dl_mat_rockyhillside),
	gsSPEndDisplayList(),
};

Gfx catamesa_dl_Cube_003_mesh_layer_4[] = {
	gsSPClearGeometryMode(G_LIGHTING),
	gsSPVertex(catamesa_dl_Cube_003_mesh_layer_4_vtx_cull + 0, 8, 0),
	gsSPSetGeometryMode(G_LIGHTING),
	gsSPCullDisplayList(0, 7),
	gsSPDisplayList(mat_catamesa_dl_mat_grid),
	gsSPDisplayList(catamesa_dl_Cube_003_mesh_layer_4_tri_0),
	gsSPDisplayList(mat_revert_catamesa_dl_mat_grid),
	gsSPEndDisplayList(),
};

Gfx catamesa_dl_Cube_004_mesh_layer_1[] = {
	gsSPClearGeometryMode(G_LIGHTING),
	gsSPVertex(catamesa_dl_Cube_004_mesh_layer_1_vtx_cull + 0, 8, 0),
	gsSPSetGeometryMode(G_LIGHTING),
	gsSPCullDisplayList(0, 7),
	gsSPDisplayList(mat_catamesa_dl_mat_rockyhillside),
	gsSPDisplayList(catamesa_dl_Cube_004_mesh_layer_1_tri_0),
	gsSPDisplayList(mat_revert_catamesa_dl_mat_rockyhillside),
	gsSPEndDisplayList(),
};

Gfx catamesa_dl_Cube_010_mesh_layer_1[] = {
	gsSPClearGeometryMode(G_LIGHTING),
	gsSPVertex(catamesa_dl_Cube_010_mesh_layer_1_vtx_cull + 0, 8, 0),
	gsSPSetGeometryMode(G_LIGHTING),
	gsSPCullDisplayList(0, 7),
	gsSPDisplayList(mat_catamesa_dl_mat_rockyhillside),
	gsSPDisplayList(catamesa_dl_Cube_010_mesh_layer_1_tri_0),
	gsSPDisplayList(mat_revert_catamesa_dl_mat_rockyhillside),
	gsSPEndDisplayList(),
};

Gfx catamesa_dl_Plane_002_mesh_layer_4[] = {
	gsSPClearGeometryMode(G_LIGHTING),
	gsSPVertex(catamesa_dl_Plane_002_mesh_layer_4_vtx_cull + 0, 8, 0),
	gsSPSetGeometryMode(G_LIGHTING),
	gsSPCullDisplayList(0, 7),
	gsSPDisplayList(mat_catamesa_dl_mat_grid),
	gsSPDisplayList(catamesa_dl_Plane_002_mesh_layer_4_tri_0),
	gsSPDisplayList(mat_revert_catamesa_dl_mat_grid),
	gsSPEndDisplayList(),
};

Gfx catamesa_dl_Plane_003_mesh_layer_1[] = {
	gsSPClearGeometryMode(G_LIGHTING),
	gsSPVertex(catamesa_dl_Plane_003_mesh_layer_1_vtx_cull + 0, 8, 0),
	gsSPSetGeometryMode(G_LIGHTING),
	gsSPCullDisplayList(0, 7),
	gsSPDisplayList(mat_catamesa_dl_mat_tombbricks),
	gsSPDisplayList(catamesa_dl_Plane_003_mesh_layer_1_tri_0),
	gsSPDisplayList(mat_revert_catamesa_dl_mat_tombbricks),
	gsSPDisplayList(mat_catamesa_dl_mat_tombbricks_opposite),
	gsSPDisplayList(catamesa_dl_Plane_003_mesh_layer_1_tri_1),
	gsSPDisplayList(mat_revert_catamesa_dl_mat_tombbricks_opposite),
	gsSPDisplayList(mat_catamesa_dl_mat_tombslide),
	gsSPDisplayList(catamesa_dl_Plane_003_mesh_layer_1_tri_2),
	gsSPDisplayList(mat_revert_catamesa_dl_mat_tombslide),
	gsSPDisplayList(mat_catamesa_dl_mat_cavestone),
	gsSPDisplayList(catamesa_dl_Plane_003_mesh_layer_1_tri_3),
	gsSPDisplayList(mat_revert_catamesa_dl_mat_cavestone),
	gsSPDisplayList(mat_catamesa_dl_mat_deathpit),
	gsSPDisplayList(catamesa_dl_Plane_003_mesh_layer_1_tri_4),
	gsSPDisplayList(mat_revert_catamesa_dl_mat_deathpit),
	gsSPDisplayList(mat_catamesa_dl_mat_dark),
	gsSPDisplayList(catamesa_dl_Plane_003_mesh_layer_1_tri_5),
	gsSPDisplayList(mat_revert_catamesa_dl_mat_dark),
	gsSPDisplayList(mat_catamesa_dl_mat_tombfloor_mainfloor),
	gsSPDisplayList(catamesa_dl_Plane_003_mesh_layer_1_tri_6),
	gsSPDisplayList(mat_revert_catamesa_dl_mat_tombfloor_mainfloor),
	gsSPDisplayList(mat_catamesa_dl_mat_tombfloor_secondfloor),
	gsSPDisplayList(catamesa_dl_Plane_003_mesh_layer_1_tri_7),
	gsSPDisplayList(mat_revert_catamesa_dl_mat_tombfloor_secondfloor),
	gsSPDisplayList(mat_catamesa_dl_mat_metalboards),
	gsSPDisplayList(catamesa_dl_Plane_003_mesh_layer_1_tri_8),
	gsSPDisplayList(mat_revert_catamesa_dl_mat_metalboards),
	gsSPEndDisplayList(),
};

Gfx catamesa_dl_shadows_mesh_layer_5[] = {
	gsSPClearGeometryMode(G_LIGHTING),
	gsSPVertex(catamesa_dl_shadows_mesh_layer_5_vtx_cull + 0, 8, 0),
	gsSPSetGeometryMode(G_LIGHTING),
	gsSPCullDisplayList(0, 7),
	gsSPDisplayList(mat_catamesa_dl_mat_gradient_shadow),
	gsSPDisplayList(catamesa_dl_shadows_mesh_layer_5_tri_0),
	gsSPDisplayList(mat_revert_catamesa_dl_mat_gradient_shadow),
	gsSPEndDisplayList(),
};

Gfx catamesa_dl_shadows_mesh_layer_1[] = {
	gsSPClearGeometryMode(G_LIGHTING),
	gsSPVertex(catamesa_dl_shadows_mesh_layer_1_vtx_cull + 0, 8, 0),
	gsSPSetGeometryMode(G_LIGHTING),
	gsSPCullDisplayList(0, 7),
	gsSPDisplayList(mat_catamesa_dl_mat_dark),
	gsSPDisplayList(catamesa_dl_shadows_mesh_layer_1_tri_0),
	gsSPDisplayList(mat_revert_catamesa_dl_mat_dark),
	gsSPEndDisplayList(),
};

Gfx catamesa_dl_Plane_004_mesh_layer_1[] = {
	gsSPClearGeometryMode(G_LIGHTING),
	gsSPVertex(catamesa_dl_Plane_004_mesh_layer_1_vtx_cull + 0, 8, 0),
	gsSPSetGeometryMode(G_LIGHTING),
	gsSPCullDisplayList(0, 7),
	gsSPDisplayList(mat_catamesa_dl_mat_water_underground),
	gsSPDisplayList(catamesa_dl_Plane_004_mesh_layer_1_tri_0),
	gsSPDisplayList(mat_revert_catamesa_dl_mat_water_underground),
	gsSPEndDisplayList(),
};

Gfx catamesa_dl_Plane_005_mesh_layer_1[] = {
	gsSPClearGeometryMode(G_LIGHTING),
	gsSPVertex(catamesa_dl_Plane_005_mesh_layer_1_vtx_cull + 0, 8, 0),
	gsSPSetGeometryMode(G_LIGHTING),
	gsSPCullDisplayList(0, 7),
	gsSPDisplayList(mat_catamesa_dl_mat_water_underground),
	gsSPDisplayList(catamesa_dl_Plane_005_mesh_layer_1_tri_0),
	gsSPDisplayList(mat_revert_catamesa_dl_mat_water_underground),
	gsSPEndDisplayList(),
};

Gfx catamesa_dl_Plane_006_mesh_layer_1[] = {
	gsSPClearGeometryMode(G_LIGHTING),
	gsSPVertex(catamesa_dl_Plane_006_mesh_layer_1_vtx_cull + 0, 8, 0),
	gsSPSetGeometryMode(G_LIGHTING),
	gsSPCullDisplayList(0, 7),
	gsSPDisplayList(mat_catamesa_dl_mat_water_underground),
	gsSPDisplayList(catamesa_dl_Plane_006_mesh_layer_1_tri_0),
	gsSPDisplayList(mat_revert_catamesa_dl_mat_water_underground),
	gsSPEndDisplayList(),
};

Gfx catamesa_dl_Plane_007_mesh_layer_1[] = {
	gsSPClearGeometryMode(G_LIGHTING),
	gsSPVertex(catamesa_dl_Plane_007_mesh_layer_1_vtx_cull + 0, 8, 0),
	gsSPSetGeometryMode(G_LIGHTING),
	gsSPCullDisplayList(0, 7),
	gsSPDisplayList(mat_catamesa_dl_mat_water_underground),
	gsSPDisplayList(catamesa_dl_Plane_007_mesh_layer_1_tri_0),
	gsSPDisplayList(mat_revert_catamesa_dl_mat_water_underground),
	gsSPEndDisplayList(),
};

Gfx catamesa_dl_final_revert_mesh_layer_1_001[] = {
	gsDPPipeSync(),
	gsSPSetGeometryMode(G_LIGHTING),
	gsSPClearGeometryMode(G_TEXTURE_GEN),
	gsDPSetCombineLERP(0, 0, 0, SHADE, 0, 0, 0, ENVIRONMENT, 0, 0, 0, SHADE, 0, 0, 0, ENVIRONMENT),
	gsSPTexture(65535, 65535, 0, 0, 0),
	gsDPSetEnvColor(255, 255, 255, 255),
	gsDPSetAlphaCompare(G_AC_NONE),
	gsSPEndDisplayList(),
};

Gfx catamesa_dl_final_revert_mesh_layer_4[] = {
	gsDPPipeSync(),
	gsSPSetGeometryMode(G_LIGHTING),
	gsSPClearGeometryMode(G_TEXTURE_GEN),
	gsDPSetCombineLERP(0, 0, 0, SHADE, 0, 0, 0, ENVIRONMENT, 0, 0, 0, SHADE, 0, 0, 0, ENVIRONMENT),
	gsSPTexture(65535, 65535, 0, 0, 0),
	gsDPSetEnvColor(255, 255, 255, 255),
	gsDPSetAlphaCompare(G_AC_NONE),
	gsSPEndDisplayList(),
};

Gfx catamesa_dl_final_revert_mesh_layer_5[] = {
	gsDPPipeSync(),
	gsSPSetGeometryMode(G_LIGHTING),
	gsSPClearGeometryMode(G_TEXTURE_GEN),
	gsDPSetCombineLERP(0, 0, 0, SHADE, 0, 0, 0, ENVIRONMENT, 0, 0, 0, SHADE, 0, 0, 0, ENVIRONMENT),
	gsSPTexture(65535, 65535, 0, 0, 0),
	gsDPSetEnvColor(255, 255, 255, 255),
	gsDPSetAlphaCompare(G_AC_NONE),
	gsSPEndDisplayList(),
};

