Gfx wellwa_t_wellwa_crown_details_ci4_aligner[] = {gsSPEndDisplayList()};
u8 wellwa_t_wellwa_crown_details_ci4[] = {
	0x00, 0x00, 0x00, 0x00, 0x00, 0x00, 0x00, 0x00, 
	0x00, 0x00, 0x00, 0x00, 0x00, 0x00, 0x00, 0x00, 
	0x01, 0x11, 0x11, 0x11, 0x00, 0x00, 0x01, 0x11, 
	0x10, 0x00, 0x01, 0x01, 0x11, 0x10, 0x10, 0x10, 
	0x00, 0x00, 0x01, 0x10, 0x00, 0x00, 0x00, 0x00, 
	0x00, 0x00, 0x00, 0x00, 0x00, 0x00, 0x12, 0x10, 
	0x00, 0x00, 0x00, 0x01, 0x11, 0x00, 0x00, 0x00, 
	0x00, 0x00, 0x00, 0x00, 0x00, 0x00, 0x02, 0x00, 
	0x00, 0x00, 0x00, 0x00, 0x01, 0x00, 0x00, 0x00, 
	0x00, 0x00, 0x00, 0x00, 0x00, 0x00, 0x12, 0x10, 
	0x00, 0x00, 0x00, 0x00, 0x10, 0x00, 0x00, 0x00, 
	0x00, 0x00, 0x00, 0x00, 0x00, 0x00, 0x10, 0x10, 
	0x00, 0x00, 0x00, 0x00, 0x00, 0x00, 0x00, 0x00, 
	0x00, 0x00, 0x00, 0x00, 0x00, 0x00, 0x12, 0x10, 
	0x00, 0x00, 0x00, 0x01, 0x00, 0x00, 0x00, 0x00, 
	0x00, 0x00, 0x00, 0x00, 0x00, 0x00, 0x02, 0x00, 
	0x00, 0x00, 0x00, 0x01, 0x00, 0x00, 0x00, 0x00, 
	0x00, 0x00, 0x01, 0x00, 0x00, 0x00, 0x12, 0x10, 
	0x00, 0x00, 0x00, 0x00, 0x10, 0x00, 0x00, 0x00, 
	0x00, 0x00, 0x10, 0x00, 0x00, 0x00, 0x10, 0x10, 
	0x00, 0x00, 0x00, 0x00, 0x10, 0x00, 0x00, 0x00, 
	0x00, 0x00, 0x00, 0x00, 0x00, 0x00, 0x12, 0x10, 
	0x00, 0x00, 0x00, 0x00, 0x00, 0x00, 0x00, 0x00, 
	0x00, 0x00, 0x00, 0x00, 0x01, 0x00, 0x02, 0x00, 
	0x00, 0x00, 0x00, 0x00, 0x01, 0x00, 0x00, 0x00, 
	0x00, 0x00, 0x00, 0x00, 0x10, 0x00, 0x12, 0x10, 
	0x00, 0x00, 0x00, 0x00, 0x01, 0x00, 0x00, 0x00, 
	0x00, 0x00, 0x00, 0x01, 0x00, 0x00, 0x10, 0x10, 
	0x00, 0x00, 0x00, 0x00, 0x00, 0x00, 0x00, 0x00, 
	0x00, 0x00, 0x00, 0x00, 0x00, 0x00, 0x12, 0x10, 
	0x00, 0x11, 0x11, 0x11, 0x00, 0x10, 0x00, 0x00, 
	0x11, 0x11, 0x10, 0x00, 0x01, 0x00, 0x00, 0x00, 
	0x00, 0x00, 0x00, 0x00, 0x00, 0x00, 0x00, 0x00, 
	0x00, 0x00, 0x00, 0x00, 0x00, 0x02, 0x00, 0x00, 
	0x00, 0x00, 0x01, 0x10, 0x00, 0x01, 0x10, 0x00, 
	0x00, 0x00, 0x00, 0x00, 0x00, 0x03, 0x00, 0x00, 
	0x00, 0x01, 0x11, 0x11, 0x00, 0x11, 0x11, 0x10, 
	0x00, 0x00, 0x11, 0x00, 0x00, 0x03, 0x00, 0x00, 
	0x01, 0x11, 0x11, 0x11, 0x10, 0x11, 0x11, 0x11, 
	0x11, 0x01, 0x11, 0x10, 0x00, 0x03, 0x00, 0x00, 
	0x00, 0x00, 0x00, 0x00, 0x00, 0x00, 0x00, 0x00, 
	0x00, 0x00, 0x00, 0x00, 0x00, 0x45, 0x30, 0x00, 
	0x00, 0x00, 0x00, 0x00, 0x00, 0x00, 0x00, 0x00, 
	0x00, 0x10, 0x00, 0x00, 0x00, 0x45, 0x30, 0x00, 
	0x00, 0x00, 0x00, 0x06, 0x00, 0x00, 0x00, 0x00, 
	0x01, 0x10, 0x00, 0x00, 0x04, 0x78, 0x53, 0x00, 
	0x00, 0x00, 0x00, 0x66, 0x60, 0x00, 0x00, 0x00, 
	0x11, 0x11, 0x00, 0x00, 0x04, 0x74, 0x53, 0x00, 
	0x00, 0x00, 0x06, 0x66, 0x66, 0x00, 0x00, 0x00, 
	0x11, 0x11, 0x10, 0x00, 0x87, 0x44, 0x45, 0x30, 
	0x00, 0x00, 0x99, 0x22, 0x20, 0x00, 0x00, 0x11, 
	0x11, 0x11, 0x10, 0x00, 0x08, 0x74, 0x74, 0x00, 
	0x00, 0x09, 0x99, 0x2a, 0x20, 0x00, 0x99, 0x91, 
	0x11, 0x11, 0x11, 0x00, 0x08, 0x78, 0x74, 0x00, 
	0x00, 0x99, 0x99, 0x22, 0x29, 0x99, 0x99, 0x99, 
	0x99, 0x99, 0x11, 0x10, 0x00, 0x87, 0x40, 0x00, 
	0x00, 0x99, 0x99, 0x22, 0x29, 0x99, 0x91, 0x19, 
	0x99, 0x99, 0x91, 0x10, 0x00, 0x87, 0x40, 0x00, 
	0x09, 0x99, 0x99, 0x99, 0x99, 0x99, 0x99, 0x11, 
	0x11, 0x19, 0x99, 0x10, 0x00, 0x08, 0x00, 0x00, 
	0x09, 0x99, 0x99, 0x99, 0x99, 0x99, 0x99, 0x91, 
	0x19, 0x99, 0x99, 0x90, 0x00, 0x08, 0x00, 0x00, 
	0x09, 0x99, 0x99, 0x99, 0x99, 0x99, 0x99, 0x99, 
	0x99, 0x99, 0x99, 0x90, 0x00, 0x08, 0x00, 0x00, 
	
};

Gfx wellwa_t_wellwa_crown_details_pal_rgba16_aligner[] = {gsSPEndDisplayList()};
u8 wellwa_t_wellwa_crown_details_pal_rgba16[] = {
	0x00, 0x00, 0xff, 0xff, 0x83, 0xe1, 0xff, 0x6f, 
	0xfc, 0xd7, 0xfe, 0xab, 0x5b, 0x77, 0xfc, 0x49, 
	0xdb, 0x8b, 0x6d, 0xcd, 0xff, 0x4f, 
};

Gfx wellwa_t_wellwa_eye_1_ci8_aligner[] = {gsSPEndDisplayList()};
u8 wellwa_t_wellwa_eye_1_ci8[] = {
	0x00, 0x00, 0x00, 0x00, 0x00, 0x00, 0x00, 0x00, 
	0x00, 0x00, 0x00, 0x00, 0x00, 0x00, 0x00, 0x00, 
	0x00, 0x00, 0x00, 0x00, 0x00, 0x00, 0x00, 0x00, 
	0x00, 0x00, 0x00, 0x00, 0x00, 0x00, 0x00, 0x00, 
	0x00, 0x00, 0x00, 0x00, 0x00, 0x00, 0x00, 0x00, 
	0x00, 0x00, 0x00, 0x00, 0x00, 0x00, 0x00, 0x00, 
	0x00, 0x00, 0x00, 0x00, 0x00, 0x00, 0x00, 0x00, 
	0x00, 0x00, 0x00, 0x00, 0x00, 0x00, 0x00, 0x00, 
	0x00, 0x00, 0x00, 0x00, 0x00, 0x00, 0x00, 0x01, 
	0x01, 0x01, 0x01, 0x01, 0x01, 0x01, 0x01, 0x01, 
	0x00, 0x00, 0x00, 0x00, 0x00, 0x00, 0x00, 0x00, 
	0x00, 0x00, 0x00, 0x00, 0x00, 0x00, 0x00, 0x00, 
	0x00, 0x00, 0x00, 0x00, 0x00, 0x00, 0x00, 0x02, 
	0x03, 0x03, 0x03, 0x03, 0x04, 0x04, 0x05, 0x06, 
	0x07, 0x02, 0x00, 0x00, 0x00, 0x00, 0x00, 0x00, 
	0x00, 0x00, 0x00, 0x00, 0x00, 0x00, 0x00, 0x00, 
	0x00, 0x00, 0x00, 0x00, 0x00, 0x00, 0x07, 0x06, 
	0x06, 0x06, 0x05, 0x04, 0x07, 0x07, 0x07, 0x02, 
	0x00, 0x00, 0x00, 0x00, 0x00, 0x00, 0x00, 0x00, 
	0x00, 0x00, 0x00, 0x00, 0x00, 0x00, 0x00, 0x00, 
	0x00, 0x00, 0x00, 0x00, 0x00, 0x00, 0x07, 0x07, 
	0x07, 0x07, 0x07, 0x02, 0x00, 0x00, 0x00, 0x00, 
	0x00, 0x00, 0x00, 0x00, 0x00, 0x00, 0x00, 0x00, 
	0x00, 0x00, 0x00, 0x00, 0x00, 0x00, 0x00, 0x00, 
	0x00, 0x00, 0x00, 0x00, 0x00, 0x00, 0x00, 0x00, 
	0x00, 0x00, 0x00, 0x00, 0x00, 0x00, 0x00, 0x00, 
	0x00, 0x00, 0x00, 0x00, 0x00, 0x00, 0x00, 0x00, 
	0x00, 0x00, 0x00, 0x00, 0x00, 0x00, 0x00, 0x00, 
	0x00, 0x00, 0x00, 0x00, 0x00, 0x00, 0x00, 0x00, 
	0x00, 0x00, 0x00, 0x00, 0x00, 0x00, 0x00, 0x00, 
	0x00, 0x00, 0x00, 0x00, 0x00, 0x00, 0x00, 0x00, 
	0x00, 0x00, 0x00, 0x00, 0x00, 0x00, 0x00, 0x00, 
	0x00, 0x00, 0x00, 0x00, 0x00, 0x00, 0x00, 0x00, 
	0x00, 0x00, 0x00, 0x00, 0x00, 0x00, 0x00, 0x00, 
	0x00, 0x00, 0x00, 0x00, 0x00, 0x00, 0x00, 0x00, 
	0x00, 0x00, 0x00, 0x00, 0x00, 0x00, 0x00, 0x00, 
	0x00, 0x00, 0x00, 0x00, 0x00, 0x00, 0x00, 0x00, 
	0x00, 0x00, 0x00, 0x00, 0x00, 0x00, 0x00, 0x00, 
	0x00, 0x00, 0x00, 0x00, 0x00, 0x00, 0x00, 0x00, 
	0x00, 0x00, 0x00, 0x00, 0x00, 0x00, 0x00, 0x00, 
	0x00, 0x00, 0x00, 0x00, 0x00, 0x00, 0x00, 0x00, 
	0x08, 0x08, 0x08, 0x08, 0x08, 0x08, 0x08, 0x08, 
	0x08, 0x08, 0x00, 0x00, 0x00, 0x00, 0x00, 0x00, 
	0x00, 0x00, 0x00, 0x00, 0x00, 0x00, 0x00, 0x00, 
	0x00, 0x00, 0x00, 0x00, 0x00, 0x00, 0x08, 0x08, 
	0x08, 0x08, 0x08, 0x08, 0x08, 0x08, 0x08, 0x08, 
	0x08, 0x08, 0x08, 0x08, 0x08, 0x00, 0x00, 0x00, 
	0x00, 0x00, 0x00, 0x00, 0x00, 0x00, 0x00, 0x00, 
	0x00, 0x00, 0x00, 0x00, 0x00, 0x00, 0x08, 0x08, 
	0x08, 0x08, 0x08, 0x08, 0x08, 0x08, 0x08, 0x08, 
	0x08, 0x08, 0x08, 0x08, 0x08, 0x08, 0x08, 0x00, 
	0x00, 0x00, 0x00, 0x00, 0x00, 0x00, 0x00, 0x00, 
	0x00, 0x00, 0x00, 0x00, 0x00, 0x08, 0x08, 0x08, 
	0x08, 0x08, 0x04, 0x04, 0x08, 0x08, 0x08, 0x08, 
	0x08, 0x08, 0x08, 0x08, 0x08, 0x08, 0x08, 0x08, 
	0x00, 0x00, 0x00, 0x00, 0x00, 0x00, 0x00, 0x00, 
	0x00, 0x00, 0x00, 0x00, 0x00, 0x08, 0x08, 0x04, 
	0x04, 0x08, 0x08, 0x08, 0x08, 0x08, 0x08, 0x08, 
	0x08, 0x04, 0x04, 0x01, 0x01, 0x08, 0x08, 0x08, 
	0x00, 0x09, 0x00, 0x00, 0x00, 0x00, 0x00, 0x00, 
	0x00, 0x00, 0x00, 0x00, 0x08, 0x08, 0x01, 0x08, 
	0x08, 0x08, 0x08, 0x08, 0x08, 0x09, 0x08, 0x08, 
	0x08, 0x08, 0x08, 0x08, 0x08, 0x01, 0x08, 0x08, 
	0x00, 0x09, 0x00, 0x00, 0x00, 0x00, 0x00, 0x00, 
	0x00, 0x00, 0x00, 0x00, 0x08, 0x01, 0x08, 0x08, 
	0x08, 0x08, 0x08, 0x08, 0x08, 0x09, 0x08, 0x08, 
	0x08, 0x08, 0x08, 0x08, 0x08, 0x08, 0x08, 0x08, 
	0x09, 0x00, 0x00, 0x00, 0x00, 0x00, 0x00, 0x00, 
	0x00, 0x00, 0x00, 0x00, 0x08, 0x08, 0x08, 0x08, 
	0x08, 0x09, 0x09, 0x09, 0x09, 0x09, 0x09, 0x09, 
	0x09, 0x08, 0x08, 0x08, 0x08, 0x08, 0x08, 0x09, 
	0x08, 0x08, 0x00, 0x00, 0x00, 0x00, 0x00, 0x00, 
	0x00, 0x00, 0x00, 0x00, 0x08, 0x08, 0x08, 0x09, 
	0x09, 0x09, 0x09, 0x09, 0x09, 0x09, 0x09, 0x09, 
	0x09, 0x09, 0x09, 0x09, 0x08, 0x09, 0x09, 0x08, 
	0x08, 0x08, 0x00, 0x00, 0x00, 0x00, 0x00, 0x00, 
	0x00, 0x00, 0x00, 0x00, 0x08, 0x08, 0x09, 0x09, 
	0x09, 0x09, 0x09, 0x09, 0x09, 0x09, 0x09, 0x09, 
	0x09, 0x09, 0x09, 0x09, 0x09, 0x08, 0x08, 0x08, 
	0x08, 0x08, 0x08, 0x00, 0x00, 0x00, 0x00, 0x00, 
	0x00, 0x00, 0x00, 0x00, 0x08, 0x08, 0x09, 0x09, 
	0x09, 0x09, 0x0a, 0x0a, 0x0a, 0x0a, 0x0a, 0x0a, 
	0x0a, 0x09, 0x09, 0x09, 0x09, 0x09, 0x09, 0x08, 
	0x08, 0x08, 0x08, 0x00, 0x00, 0x00, 0x00, 0x00, 
	0x00, 0x00, 0x00, 0x00, 0x08, 0x09, 0x09, 0x09, 
	0x0a, 0x0a, 0x0a, 0x09, 0x09, 0x09, 0x09, 0x09, 
	0x0a, 0x0a, 0x0a, 0x0a, 0x09, 0x09, 0x09, 0x09, 
	0x09, 0x08, 0x08, 0x00, 0x00, 0x00, 0x00, 0x00, 
	0x00, 0x00, 0x00, 0x00, 0x08, 0x09, 0x09, 0x09, 
	0x0a, 0x09, 0x09, 0x0b, 0x0c, 0x0d, 0x0d, 0x0c, 
	0x09, 0x09, 0x0a, 0x0a, 0x0a, 0x0a, 0x09, 0x09, 
	0x09, 0x09, 0x09, 0x09, 0x09, 0x09, 0x09, 0x00, 
	0x00, 0x00, 0x00, 0x00, 0x08, 0x09, 0x09, 0x0a, 
	0x0e, 0x09, 0x0f, 0x0b, 0x0d, 0x10, 0x10, 0x11, 
	0x0c, 0x09, 0x0e, 0x0e, 0x0e, 0x0a, 0x0a, 0x09, 
	0x09, 0x09, 0x09, 0x00, 0x00, 0x00, 0x00, 0x00, 
	0x00, 0x00, 0x00, 0x00, 0x08, 0x09, 0x09, 0x0e, 
	0x09, 0x12, 0x0f, 0x13, 0x11, 0x14, 0x15, 0x10, 
	0x0d, 0x16, 0x09, 0x0e, 0x0e, 0x0e, 0x0e, 0x0a, 
	0x09, 0x09, 0x08, 0x00, 0x00, 0x00, 0x00, 0x00, 
	0x00, 0x00, 0x00, 0x00, 0x08, 0x09, 0x0e, 0x0e, 
	0x09, 0x17, 0x18, 0x0b, 0x0d, 0x10, 0x14, 0x10, 
	0x11, 0x0c, 0x09, 0x0e, 0x0e, 0x0e, 0x0e, 0x09, 
	0x09, 0x08, 0x00, 0x00, 0x00, 0x00, 0x00, 0x00, 
	0x00, 0x00, 0x00, 0x00, 0x00, 0x09, 0x0e, 0x0e, 
	0x09, 0x17, 0x17, 0x18, 0x0b, 0x0c, 0x19, 0x19, 
	0x0c, 0x1a, 0x09, 0x0e, 0x0e, 0x0e, 0x09, 0x09, 
	0x08, 0x00, 0x00, 0x00, 0x00, 0x00, 0x00, 0x00, 
	0x00, 0x00, 0x00, 0x00, 0x00, 0x09, 0x09, 0x0e, 
	0x09, 0x17, 0x1b, 0x12, 0x0f, 0x1c, 0x0b, 0x1d, 
	0x0b, 0x18, 0x09, 0x0e, 0x09, 0x09, 0x09, 0x08, 
	0x09, 0x00, 0x00, 0x00, 0x00, 0x00, 0x00, 0x00, 
	0x00, 0x00, 0x00, 0x00, 0x00, 0x08, 0x08, 0x09, 
	0x09, 0x09, 0x09, 0x09, 0x09, 0x09, 0x09, 0x09, 
	0x09, 0x09, 0x09, 0x09, 0x08, 0x08, 0x09, 0x00, 
	0x00, 0x00, 0x00, 0x00, 0x00, 0x00, 0x00, 0x00, 
	0x00, 0x00, 0x00, 0x00, 0x00, 0x01, 0x08, 0x08, 
	0x08, 0x08, 0x08, 0x08, 0x08, 0x09, 0x08, 0x08, 
	0x08, 0x08, 0x08, 0x08, 0x00, 0x00, 0x00, 0x00, 
	0x00, 0x00, 0x00, 0x00, 0x00, 0x00, 0x00, 0x00, 
	0x00, 0x00, 0x00, 0x00, 0x00, 0x00, 0x01, 0x1e, 
	0x04, 0x00, 0x00, 0x00, 0x00, 0x09, 0x00, 0x00, 
	0x00, 0x00, 0x00, 0x00, 0x00, 0x00, 0x00, 0x00, 
	0x00, 0x00, 0x00, 0x00, 0x00, 0x00, 0x00, 0x00, 
	0x00, 0x00, 0x00, 0x00, 0x00, 0x00, 0x00, 0x00, 
	0x00, 0x00, 0x00, 0x00, 0x00, 0x00, 0x00, 0x00, 
	0x00, 0x00, 0x00, 0x00, 0x00, 0x00, 0x00, 0x00, 
	0x00, 0x00, 0x00, 0x00, 0x00, 0x00, 0x00, 0x00, 
	
};

Gfx wellwa_t_wellwa_eye_1_pal_rgba16_aligner[] = {gsSPEndDisplayList()};
u8 wellwa_t_wellwa_eye_1_pal_rgba16[] = {
	0xf8, 0x01, 0x60, 0x01, 0x50, 0x01, 0xa8, 0x43, 
	0x90, 0x01, 0x88, 0x43, 0x68, 0x43, 0x38, 0x01, 
	0xd8, 0x01, 0x20, 0x41, 0xee, 0xf5, 0x58, 0x83, 
	0x68, 0xc3, 0x71, 0x05, 0xff, 0xff, 0x48, 0x81, 
	0x81, 0x47, 0x79, 0x05, 0x48, 0x41, 0x60, 0xc3, 
	0x89, 0x89, 0x91, 0x89, 0x68, 0x81, 0x40, 0x41, 
	0x50, 0x81, 0x69, 0x05, 0x60, 0x83, 0x38, 0x41, 
	0x50, 0x83, 0x58, 0xc3, 0x80, 0x01, 
};

Gfx wellwa_t_wellwa_mouth_ci4_aligner[] = {gsSPEndDisplayList()};
u8 wellwa_t_wellwa_mouth_ci4[] = {
	0x00, 0x00, 0x00, 0x00, 0x00, 0x00, 0x00, 0x00, 
	0x00, 0x00, 0x00, 0x00, 0x00, 0x00, 0x00, 0x00, 
	0x00, 0x00, 0x00, 0x00, 0x00, 0x00, 0x00, 0x00, 
	0x00, 0x00, 0x00, 0x00, 0x00, 0x00, 0x00, 0x00, 
	0x00, 0x00, 0x00, 0x00, 0x00, 0x00, 0x00, 0x00, 
	0x00, 0x00, 0x00, 0x00, 0x00, 0x00, 0x00, 0x00, 
	0x00, 0x00, 0x00, 0x00, 0x00, 0x00, 0x00, 0x00, 
	0x00, 0x00, 0x00, 0x00, 0x00, 0x00, 0x00, 0x00, 
	0x00, 0x00, 0x00, 0x00, 0x00, 0x00, 0x00, 0x00, 
	0x00, 0x00, 0x00, 0x00, 0x00, 0x00, 0x00, 0x00, 
	0x00, 0x00, 0x00, 0x00, 0x00, 0x00, 0x00, 0x00, 
	0x00, 0x00, 0x00, 0x00, 0x00, 0x00, 0x00, 0x00, 
	0x00, 0x00, 0x00, 0x00, 0x00, 0x00, 0x00, 0x00, 
	0x00, 0x00, 0x00, 0x00, 0x00, 0x00, 0x00, 0x00, 
	0x00, 0x00, 0x00, 0x00, 0x00, 0x00, 0x00, 0x00, 
	0x00, 0x00, 0x00, 0x00, 0x00, 0x00, 0x00, 0x00, 
	0x00, 0x00, 0x00, 0x00, 0x00, 0x00, 0x00, 0x00, 
	0x00, 0x00, 0x00, 0x00, 0x00, 0x00, 0x00, 0x00, 
	0x00, 0x00, 0x00, 0x00, 0x00, 0x00, 0x00, 0x00, 
	0x00, 0x00, 0x00, 0x00, 0x00, 0x00, 0x00, 0x00, 
	0x00, 0x00, 0x00, 0x00, 0x00, 0x00, 0x00, 0x00, 
	0x00, 0x00, 0x00, 0x00, 0x00, 0x00, 0x00, 0x00, 
	0x00, 0x00, 0x00, 0x00, 0x00, 0x00, 0x00, 0x00, 
	0x00, 0x00, 0x00, 0x00, 0x00, 0x00, 0x00, 0x00, 
	0x00, 0x00, 0x00, 0x00, 0x00, 0x00, 0x01, 0x11, 
	0x11, 0x00, 0x00, 0x00, 0x00, 0x00, 0x00, 0x00, 
	0x00, 0x00, 0x00, 0x00, 0x00, 0x00, 0x11, 0x22, 
	0x21, 0x11, 0x00, 0x00, 0x00, 0x00, 0x00, 0x00, 
	0x00, 0x00, 0x00, 0x00, 0x00, 0x01, 0x12, 0x22, 
	0x22, 0x21, 0x10, 0x00, 0x00, 0x00, 0x00, 0x00, 
	0x00, 0x00, 0x00, 0x00, 0x00, 0x01, 0x11, 0x11, 
	0x11, 0x11, 0x11, 0x00, 0x00, 0x00, 0x00, 0x00, 
	0x00, 0x00, 0x00, 0x00, 0x00, 0x03, 0x33, 0x33, 
	0x33, 0x33, 0x30, 0x00, 0x00, 0x00, 0x00, 0x00, 
	0x00, 0x00, 0x00, 0x00, 0x00, 0x00, 0x03, 0x33, 
	0x33, 0x00, 0x00, 0x00, 0x00, 0x00, 0x00, 0x00, 
	0x00, 0x00, 0x00, 0x00, 0x00, 0x00, 0x00, 0x00, 
	0x00, 0x00, 0x00, 0x00, 0x00, 0x00, 0x00, 0x00, 
	0x00, 0x00, 0x00, 0x00, 0x00, 0x00, 0x00, 0x00, 
	0x00, 0x00, 0x00, 0x00, 0x00, 0x00, 0x00, 0x00, 
	0x00, 0x00, 0x00, 0x00, 0x00, 0x00, 0x00, 0x03, 
	0x30, 0x00, 0x00, 0x00, 0x00, 0x00, 0x00, 0x00, 
	0x00, 0x00, 0x00, 0x00, 0x00, 0x00, 0x00, 0x00, 
	0x00, 0x00, 0x00, 0x00, 0x00, 0x00, 0x00, 0x00, 
	0x00, 0x00, 0x00, 0x00, 0x00, 0x00, 0x00, 0x00, 
	0x00, 0x00, 0x00, 0x00, 0x00, 0x00, 0x00, 0x00, 
	0x00, 0x00, 0x00, 0x00, 0x00, 0x00, 0x00, 0x00, 
	0x00, 0x00, 0x00, 0x00, 0x00, 0x00, 0x00, 0x00, 
	0x00, 0x00, 0x00, 0x00, 0x00, 0x00, 0x00, 0x00, 
	0x00, 0x00, 0x00, 0x00, 0x00, 0x00, 0x00, 0x00, 
	0x00, 0x00, 0x00, 0x00, 0x00, 0x00, 0x00, 0x00, 
	0x00, 0x00, 0x00, 0x00, 0x00, 0x00, 0x00, 0x00, 
	0x00, 0x00, 0x00, 0x00, 0x00, 0x00, 0x00, 0x00, 
	0x00, 0x00, 0x00, 0x00, 0x00, 0x00, 0x00, 0x00, 
	0x00, 0x00, 0x00, 0x00, 0x00, 0x00, 0x00, 0x00, 
	0x00, 0x00, 0x00, 0x00, 0x00, 0x00, 0x00, 0x00, 
	0x00, 0x00, 0x00, 0x00, 0x00, 0x00, 0x00, 0x00, 
	0x00, 0x00, 0x00, 0x00, 0x00, 0x00, 0x00, 0x00, 
	0x00, 0x00, 0x00, 0x00, 0x00, 0x00, 0x00, 0x00, 
	0x00, 0x00, 0x00, 0x00, 0x00, 0x00, 0x00, 0x00, 
	0x00, 0x00, 0x00, 0x00, 0x00, 0x00, 0x00, 0x00, 
	0x00, 0x00, 0x00, 0x00, 0x00, 0x00, 0x00, 0x00, 
	0x00, 0x00, 0x00, 0x00, 0x00, 0x00, 0x00, 0x00, 
	0x00, 0x00, 0x00, 0x00, 0x00, 0x00, 0x00, 0x00, 
	
};

Gfx wellwa_t_wellwa_mouth_pal_rgba16_aligner[] = {gsSPEndDisplayList()};
u8 wellwa_t_wellwa_mouth_pal_rgba16[] = {
	0xf8, 0x01, 0x60, 0x01, 0xff, 0xff, 0xd8, 0x01, 
	
};

Gfx wellwa_t_wellwa_hair_ci4_aligner[] = {gsSPEndDisplayList()};
u8 wellwa_t_wellwa_hair_ci4[] = {
	0x00, 0x01, 0x11, 0x11, 0x11, 0x11, 0x11, 0x11, 
	0x11, 0x11, 0x11, 0x11, 0x11, 0x11, 0x11, 0x00, 
	0x00, 0x11, 0x11, 0x11, 0x11, 0x11, 0x11, 0x11, 
	0x11, 0x11, 0x11, 0x11, 0x11, 0x11, 0x11, 0x10, 
	0x00, 0x11, 0x11, 0x11, 0x11, 0x11, 0x11, 0x11, 
	0x11, 0x11, 0x11, 0x11, 0x11, 0x11, 0x11, 0x10, 
	0x01, 0x11, 0x11, 0x11, 0x11, 0x11, 0x11, 0x11, 
	0x11, 0x11, 0x11, 0x11, 0x11, 0x11, 0x11, 0x10, 
	0x01, 0x11, 0x11, 0x11, 0x11, 0x11, 0x11, 0x11, 
	0x11, 0x11, 0x11, 0x11, 0x11, 0x11, 0x11, 0x10, 
	0x01, 0x11, 0x11, 0x11, 0x11, 0x11, 0x11, 0x11, 
	0x11, 0x11, 0x11, 0x11, 0x11, 0x11, 0x11, 0x10, 
	0x02, 0x11, 0x11, 0x11, 0x11, 0x11, 0x11, 0x11, 
	0x11, 0x11, 0x11, 0x11, 0x11, 0x11, 0x11, 0x10, 
	0x02, 0x11, 0x11, 0x11, 0x11, 0x11, 0x11, 0x11, 
	0x11, 0x11, 0x11, 0x11, 0x11, 0x11, 0x11, 0x00, 
	0x02, 0x11, 0x11, 0x11, 0x11, 0x11, 0x11, 0x11, 
	0x11, 0x11, 0x11, 0x11, 0x11, 0x11, 0x10, 0x00, 
	0x02, 0x11, 0x11, 0x11, 0x11, 0x11, 0x11, 0x11, 
	0x11, 0x11, 0x11, 0x11, 0x11, 0x10, 0x00, 0x00, 
	0x02, 0x11, 0x11, 0x11, 0x11, 0x11, 0x11, 0x11, 
	0x11, 0x11, 0x11, 0x11, 0x11, 0x00, 0x00, 0x00, 
	0x02, 0x11, 0x11, 0x11, 0x11, 0x11, 0x11, 0x11, 
	0x11, 0x11, 0x11, 0x10, 0x00, 0x00, 0x00, 0x00, 
	0x02, 0x11, 0x11, 0x11, 0x11, 0x11, 0x11, 0x11, 
	0x11, 0x11, 0x00, 0x00, 0x00, 0x00, 0x00, 0x00, 
	0x02, 0x21, 0x11, 0x11, 0x11, 0x11, 0x11, 0x11, 
	0x10, 0x00, 0x00, 0x00, 0x00, 0x00, 0x00, 0x00, 
	0x00, 0x21, 0x11, 0x11, 0x11, 0x11, 0x11, 0x11, 
	0x00, 0x00, 0x00, 0x00, 0x00, 0x00, 0x00, 0x00, 
	0x00, 0x21, 0x11, 0x11, 0x11, 0x11, 0x11, 0x00, 
	0x00, 0x00, 0x00, 0x00, 0x00, 0x00, 0x00, 0x00, 
	0x00, 0x22, 0x11, 0x11, 0x11, 0x11, 0x10, 0x00, 
	0x00, 0x00, 0x00, 0x00, 0x00, 0x00, 0x00, 0x00, 
	0x00, 0x22, 0x11, 0x11, 0x11, 0x11, 0x00, 0x00, 
	0x01, 0x22, 0x22, 0x21, 0x00, 0x00, 0x00, 0x00, 
	0x00, 0x02, 0x21, 0x11, 0x11, 0x10, 0x00, 0x00, 
	0x12, 0x00, 0x00, 0x02, 0x21, 0x00, 0x00, 0x00, 
	0x00, 0x02, 0x21, 0x11, 0x11, 0x10, 0x00, 0x00, 
	0x20, 0x00, 0x00, 0x00, 0x01, 0x00, 0x00, 0x00, 
	0x00, 0x02, 0x22, 0x11, 0x11, 0x10, 0x00, 0x00, 
	0x20, 0x00, 0x00, 0x00, 0x01, 0x10, 0x00, 0x00, 
	0x00, 0x00, 0x22, 0x11, 0x11, 0x11, 0x00, 0x00, 
	0x02, 0x00, 0x00, 0x00, 0x01, 0x10, 0x00, 0x00, 
	0x00, 0x00, 0x22, 0x21, 0x11, 0x11, 0x00, 0x00, 
	0x00, 0x00, 0x00, 0x00, 0x00, 0x10, 0x00, 0x00, 
	0x00, 0x00, 0x02, 0x22, 0x11, 0x11, 0x00, 0x00, 
	0x00, 0x00, 0x00, 0x00, 0x01, 0x10, 0x00, 0x00, 
	0x00, 0x00, 0x02, 0x22, 0x21, 0x11, 0x10, 0x00, 
	0x00, 0x00, 0x00, 0x00, 0x11, 0x20, 0x00, 0x00, 
	0x00, 0x00, 0x00, 0x22, 0x22, 0x11, 0x11, 0x00, 
	0x00, 0x00, 0x00, 0x00, 0x11, 0x20, 0x00, 0x00, 
	0x00, 0x00, 0x00, 0x02, 0x22, 0x21, 0x11, 0x10, 
	0x00, 0x00, 0x00, 0x11, 0x12, 0x00, 0x00, 0x00, 
	0x00, 0x00, 0x00, 0x00, 0x22, 0x22, 0x11, 0x11, 
	0x00, 0x00, 0x01, 0x11, 0x22, 0x00, 0x00, 0x00, 
	0x00, 0x00, 0x00, 0x00, 0x00, 0x22, 0x21, 0x11, 
	0x11, 0x11, 0x11, 0x22, 0x20, 0x00, 0x00, 0x00, 
	0x00, 0x00, 0x00, 0x00, 0x00, 0x02, 0x22, 0x22, 
	0x22, 0x22, 0x22, 0x20, 0x00, 0x00, 0x00, 0x00, 
	0x00, 0x00, 0x00, 0x00, 0x00, 0x00, 0x02, 0x22, 
	0x22, 0x22, 0x20, 0x00, 0x00, 0x00, 0x00, 0x00, 
	0x00, 0x00, 0x00, 0x00, 0x00, 0x00, 0x00, 0x00, 
	0x00, 0x00, 0x00, 0x00, 0x00, 0x00, 0x00, 0x00, 
	
};

Gfx wellwa_t_wellwa_hair_pal_rgba16_aligner[] = {gsSPEndDisplayList()};
u8 wellwa_t_wellwa_hair_pal_rgba16[] = {
	0x00, 0x00, 0xf8, 0x01, 0x90, 0x01, 
};

Gfx wellwa_t_wellwa_chest_details_ci4_aligner[] = {gsSPEndDisplayList()};
u8 wellwa_t_wellwa_chest_details_ci4[] = {
	0x01, 0x02, 0x01, 0x02, 0x01, 0x02, 0x01, 0x02, 
	0x01, 0x02, 0x01, 0x02, 0x01, 0x02, 0x01, 0x02, 
	0x10, 0x10, 0x10, 0x10, 0x10, 0x10, 0x10, 0x10, 
	0x10, 0x10, 0x10, 0x10, 0x10, 0x10, 0x10, 0x10, 
	0x02, 0x01, 0x02, 0x01, 0x02, 0x01, 0x02, 0x01, 
	0x02, 0x01, 0x02, 0x01, 0x02, 0x01, 0x02, 0x01, 
	0x10, 0x10, 0x10, 0x10, 0x10, 0x10, 0x10, 0x10, 
	0x10, 0x10, 0x10, 0x10, 0x10, 0x10, 0x10, 0x10, 
	0x01, 0x02, 0x01, 0x02, 0x01, 0x02, 0x01, 0x02, 
	0x01, 0x02, 0x01, 0x02, 0x01, 0x02, 0x01, 0x02, 
	0x10, 0x10, 0x10, 0x10, 0x10, 0x10, 0x10, 0x10, 
	0x10, 0x10, 0x10, 0x10, 0x10, 0x10, 0x10, 0x10, 
	0x02, 0x01, 0x02, 0x01, 0x02, 0x01, 0x02, 0x01, 
	0x02, 0x01, 0x02, 0x01, 0x02, 0x01, 0x02, 0x01, 
	0x11, 0x11, 0x11, 0x11, 0x11, 0x11, 0x11, 0x11, 
	0x11, 0x11, 0x11, 0x11, 0x11, 0x11, 0x11, 0x11, 
	0x34, 0x45, 0x56, 0x66, 0x67, 0x78, 0x22, 0x27, 
	0x72, 0x22, 0x87, 0x76, 0x66, 0x65, 0x54, 0x43, 
	0x22, 0x22, 0x22, 0x22, 0x22, 0x22, 0x22, 0x28, 
	0x82, 0x22, 0x22, 0x22, 0x22, 0x22, 0x22, 0x22, 
	0x66, 0x66, 0x88, 0x22, 0x22, 0x22, 0x22, 0x22, 
	0x22, 0x22, 0x22, 0x22, 0x22, 0x28, 0x86, 0x66, 
	0x56, 0x66, 0x66, 0x67, 0x77, 0x82, 0x22, 0x22, 
	0x22, 0x22, 0x22, 0x87, 0x77, 0x66, 0x66, 0x65, 
	0x22, 0x22, 0x22, 0x22, 0x22, 0x22, 0x22, 0x22, 
	0x22, 0x22, 0x22, 0x22, 0x22, 0x22, 0x22, 0x22, 
	0x22, 0x22, 0x22, 0x22, 0x28, 0x22, 0x22, 0x22, 
	0x22, 0x22, 0x22, 0x82, 0x22, 0x22, 0x22, 0x22, 
	0x22, 0x22, 0x22, 0x22, 0x28, 0x88, 0x22, 0x22, 
	0x22, 0x22, 0x88, 0x82, 0x22, 0x22, 0x22, 0x22, 
	0x22, 0x22, 0x22, 0x22, 0x27, 0x66, 0x66, 0x57, 
	0x85, 0x66, 0x66, 0x72, 0x22, 0x22, 0x22, 0x22, 
	0x22, 0x22, 0x22, 0x22, 0x22, 0x22, 0x87, 0x69, 
	0x97, 0x82, 0x22, 0x22, 0x22, 0x22, 0x22, 0x22, 
	0x22, 0x22, 0x22, 0x22, 0x22, 0x22, 0x22, 0x22, 
	0x22, 0x22, 0x22, 0x22, 0x22, 0x22, 0x22, 0x22, 
	0x22, 0x22, 0x22, 0x22, 0x22, 0x22, 0x22, 0x22, 
	0x22, 0x22, 0x22, 0x22, 0x22, 0x22, 0x22, 0x22, 
	0x77, 0x78, 0x88, 0x22, 0x22, 0x22, 0x22, 0x22, 
	0x22, 0x22, 0x22, 0x22, 0x22, 0x88, 0x87, 0x77, 
	0x77, 0x77, 0x77, 0x77, 0x88, 0x82, 0x22, 0x22, 
	0x22, 0x22, 0x28, 0x88, 0x77, 0x77, 0x77, 0x77, 
	0x34, 0x49, 0x95, 0x56, 0x66, 0x67, 0x88, 0x82, 
	0x28, 0x88, 0x76, 0x66, 0x65, 0x59, 0x94, 0x43, 
	0xa9, 0x56, 0x66, 0x67, 0x22, 0x88, 0x88, 0x78, 
	0x87, 0x88, 0x88, 0x22, 0x76, 0x66, 0x65, 0x9a, 
	0x45, 0x66, 0x77, 0x22, 0x22, 0x22, 0x87, 0x67, 
	0x76, 0x78, 0x22, 0x22, 0x22, 0x77, 0x66, 0x54, 
	0x96, 0x67, 0x22, 0x22, 0x22, 0x22, 0x27, 0x65, 
	0x56, 0x72, 0x22, 0x22, 0x22, 0x22, 0x76, 0x69, 
	0x56, 0x77, 0x22, 0x22, 0x22, 0x22, 0x22, 0x69, 
	0x96, 0x22, 0x22, 0x22, 0x22, 0x22, 0x77, 0x65, 
	0x66, 0x72, 0x22, 0x22, 0x22, 0x22, 0x22, 0x74, 
	0x47, 0x22, 0x22, 0x22, 0x22, 0x22, 0x27, 0x66, 
	0x66, 0x72, 0x22, 0x22, 0x22, 0x22, 0x22, 0x7a, 
	0xa7, 0x22, 0x22, 0x22, 0x22, 0x22, 0x27, 0x66, 
	0x66, 0x72, 0x22, 0x22, 0x22, 0x22, 0x22, 0x73, 
	0x37, 0x22, 0x22, 0x22, 0x22, 0x22, 0x27, 0x66, 
	0x56, 0x77, 0x22, 0x22, 0x22, 0x22, 0x22, 0x7b, 
	0xb7, 0x22, 0x22, 0x22, 0x22, 0x22, 0x77, 0x65, 
	0x95, 0x67, 0x22, 0x22, 0x22, 0x22, 0x27, 0x6c, 
	0xc6, 0x72, 0x22, 0x22, 0x22, 0x22, 0x76, 0x59, 
	0x49, 0x66, 0x72, 0x22, 0x22, 0x22, 0x76, 0x6d, 
	0xd6, 0x67, 0x22, 0x22, 0x22, 0x27, 0x66, 0x94, 
	
};

Gfx wellwa_t_wellwa_chest_details_pal_rgba16_aligner[] = {gsSPEndDisplayList()};
u8 wellwa_t_wellwa_chest_details_pal_rgba16[] = {
	0xd3, 0x17, 0x97, 0xfd, 0xf8, 0x01, 0x70, 0x43, 
	0xb0, 0x01, 0xc8, 0x01, 0xd8, 0x01, 0xe8, 0x01, 
	0xf0, 0x01, 0xc0, 0x01, 0x88, 0x01, 0x50, 0x01, 
	0x40, 0x01, 0x28, 0x01, 
};

Gfx wellwa_t_wellwa_attach_ci4_aligner[] = {gsSPEndDisplayList()};
u8 wellwa_t_wellwa_attach_ci4[] = {
	0x00, 0x01, 0x10, 0x02, 0x00, 0x11, 0x00, 0x00, 
	0x33, 0x31, 0x13, 0x32, 0x33, 0x11, 0x33, 0x33, 
	0x00, 0x01, 0x41, 0x02, 0x01, 0x41, 0x00, 0x00, 
	0x33, 0x31, 0x41, 0x32, 0x31, 0x41, 0x33, 0x33, 
	0x00, 0x00, 0x15, 0x12, 0x15, 0x10, 0x00, 0x00, 
	0x33, 0x33, 0x15, 0x12, 0x15, 0x13, 0x33, 0x33, 
	0x00, 0x00, 0x01, 0x61, 0x61, 0x00, 0x00, 0x00, 
	0x33, 0x33, 0x31, 0x61, 0x61, 0x33, 0x33, 0x33, 
	0x00, 0x00, 0x00, 0x17, 0x10, 0x00, 0x00, 0x00, 
	0x33, 0x33, 0x33, 0x17, 0x13, 0x33, 0x33, 0x33, 
	0x00, 0x00, 0x01, 0x61, 0x61, 0x00, 0x00, 0x00, 
	0x33, 0x33, 0x31, 0x61, 0x61, 0x33, 0x33, 0x33, 
	0x00, 0x00, 0x14, 0x12, 0x15, 0x10, 0x00, 0x00, 
	0x33, 0x33, 0x14, 0x12, 0x15, 0x13, 0x33, 0x33, 
	0x00, 0x01, 0x41, 0x02, 0x01, 0x41, 0x00, 0x00, 
	0x33, 0x31, 0x41, 0x32, 0x31, 0x41, 0x33, 0x33, 
	0x00, 0x01, 0x10, 0x02, 0x00, 0x11, 0x00, 0x00, 
	0x33, 0x31, 0x13, 0x32, 0x33, 0x11, 0x33, 0x33, 
	0x00, 0x00, 0x00, 0x02, 0x00, 0x00, 0x00, 0x00, 
	0x33, 0x33, 0x33, 0x32, 0x33, 0x33, 0x33, 0x33, 
	0x00, 0x00, 0x00, 0x02, 0x00, 0x00, 0x00, 0x00, 
	0x33, 0x33, 0x33, 0x32, 0x33, 0x33, 0x33, 0x33, 
	0x00, 0x01, 0x10, 0x02, 0x00, 0x11, 0x00, 0x00, 
	0x33, 0x31, 0x13, 0x32, 0x33, 0x11, 0x33, 0x33, 
	0x00, 0x01, 0x41, 0x02, 0x01, 0x41, 0x00, 0x00, 
	0x33, 0x31, 0x41, 0x32, 0x31, 0x41, 0x33, 0x33, 
	0x00, 0x00, 0x15, 0x12, 0x15, 0x10, 0x00, 0x00, 
	0x33, 0x33, 0x15, 0x12, 0x15, 0x13, 0x33, 0x33, 
	0x00, 0x00, 0x01, 0x61, 0x61, 0x00, 0x00, 0x00, 
	0x33, 0x33, 0x31, 0x61, 0x61, 0x33, 0x33, 0x33, 
	0x00, 0x00, 0x00, 0x17, 0x10, 0x00, 0x00, 0x00, 
	0x33, 0x33, 0x33, 0x17, 0x13, 0x33, 0x33, 0x33, 
	0x00, 0x00, 0x01, 0x61, 0x61, 0x00, 0x00, 0x00, 
	0x33, 0x33, 0x31, 0x61, 0x61, 0x33, 0x33, 0x33, 
	0x00, 0x00, 0x15, 0x12, 0x14, 0x10, 0x00, 0x00, 
	0x33, 0x33, 0x15, 0x12, 0x14, 0x13, 0x33, 0x33, 
	0x00, 0x01, 0x41, 0x02, 0x01, 0x41, 0x00, 0x00, 
	0x33, 0x31, 0x41, 0x32, 0x31, 0x41, 0x33, 0x33, 
	0x00, 0x01, 0x10, 0x02, 0x00, 0x11, 0x00, 0x00, 
	0x33, 0x31, 0x13, 0x32, 0x33, 0x11, 0x33, 0x33, 
	0x00, 0x00, 0x00, 0x02, 0x00, 0x00, 0x00, 0x00, 
	0x33, 0x33, 0x33, 0x32, 0x33, 0x33, 0x33, 0x33, 
	0x00, 0x00, 0x00, 0x02, 0x00, 0x00, 0x00, 0x00, 
	0x33, 0x33, 0x33, 0x32, 0x33, 0x33, 0x33, 0x33, 
	0x00, 0x01, 0x10, 0x02, 0x00, 0x11, 0x00, 0x00, 
	0x33, 0x31, 0x13, 0x32, 0x33, 0x11, 0x33, 0x33, 
	0x00, 0x01, 0x41, 0x02, 0x01, 0x41, 0x00, 0x00, 
	0x33, 0x31, 0x41, 0x32, 0x31, 0x41, 0x33, 0x33, 
	0x00, 0x00, 0x15, 0x12, 0x15, 0x10, 0x00, 0x00, 
	0x33, 0x33, 0x15, 0x12, 0x15, 0x13, 0x33, 0x33, 
	0x00, 0x00, 0x01, 0x61, 0x61, 0x00, 0x00, 0x00, 
	0x33, 0x33, 0x31, 0x61, 0x61, 0x33, 0x33, 0x33, 
	0x00, 0x00, 0x00, 0x17, 0x10, 0x00, 0x00, 0x00, 
	0x33, 0x33, 0x33, 0x17, 0x13, 0x33, 0x33, 0x33, 
	0x00, 0x00, 0x01, 0x61, 0x61, 0x00, 0x00, 0x00, 
	0x33, 0x33, 0x31, 0x61, 0x61, 0x33, 0x33, 0x33, 
	0x00, 0x00, 0x15, 0x12, 0x15, 0x10, 0x00, 0x00, 
	0x33, 0x33, 0x15, 0x12, 0x15, 0x13, 0x33, 0x33, 
	0x00, 0x01, 0x41, 0x02, 0x01, 0x41, 0x00, 0x00, 
	0x33, 0x31, 0x41, 0x32, 0x31, 0x41, 0x33, 0x33, 
	0x00, 0x01, 0x10, 0x02, 0x00, 0x11, 0x00, 0x00, 
	0x33, 0x31, 0x13, 0x32, 0x33, 0x11, 0x33, 0x33, 
	0x00, 0x00, 0x00, 0x02, 0x00, 0x00, 0x00, 0x00, 
	0x33, 0x33, 0x33, 0x32, 0x33, 0x33, 0x33, 0x33, 
	
};

Gfx wellwa_t_wellwa_attach_pal_rgba16_aligner[] = {gsSPEndDisplayList()};
u8 wellwa_t_wellwa_attach_pal_rgba16[] = {
	0x30, 0xe3, 0x61, 0xcd, 0x00, 0x01, 0x97, 0xfd, 
	0x82, 0x47, 0xa3, 0x09, 0xbb, 0x49, 0xcc, 0x11, 
	
};

Vtx wellwa_wellwa_mesh_layer_1_vtx_0[394] = {
	{{{16, -9, -312}, 0, {269, 240}, {0x57, 0x1E, 0xA8, 0xFF}}},
	{{{27, -17, -288}, 0, {325, 144}, {0x7E, 0x02, 0x0F, 0xFF}}},
	{{{16, -21, -307}, 0, {269, 111}, {0x4E, 0xC5, 0xAF, 0xFF}}},
	{{{-16, -9, -312}, 0, {325, 240}, {0xA9, 0x1E, 0xA8, 0xFF}}},
	{{{-16, -21, -307}, 0, {325, 111}, {0xB2, 0xC5, 0xAF, 0xFF}}},
	{{{-27, -17, -288}, 0, {381, 144}, {0x82, 0x02, 0x0F, 0xFF}}},
	{{{131, 0, -251}, 0, {317, 360}, {0x38, 0x9A, 0x34, 0xFF}}},
	{{{132, 2, -253}, 0, {317, 368}, {0x3C, 0xF8, 0x90, 0xFF}}},
	{{{134, 3, -251}, 0, {324, 366}, {0x78, 0x20, 0x1C, 0xFF}}},
	{{{139, -10, -254}, 0, {317, 380}, {0x47, 0x98, 0xF0, 0xFF}}},
	{{{141, -6, -254}, 0, {322, 368}, {0x6B, 0x36, 0xD6, 0xFF}}},
	{{{140, -6, -252}, 0, {317, 368}, {0x4D, 0x1E, 0x60, 0xFF}}},
	{{{-131, 0, -251}, 0, {324, 353}, {0xC8, 0x9A, 0x34, 0xFF}}},
	{{{-134, 3, -251}, 0, {317, 359}, {0x88, 0x20, 0x1C, 0xFF}}},
	{{{-132, 2, -253}, 0, {324, 360}, {0xC4, 0xF8, 0x90, 0xFF}}},
	{{{-139, -10, -254}, 0, {174, 381}, {0xB9, 0x98, 0xF0, 0xFF}}},
	{{{-140, -6, -252}, 0, {178, 369}, {0xB3, 0x1E, 0x60, 0xFF}}},
	{{{-141, -6, -254}, 0, {174, 368}, {0x95, 0x36, 0xD6, 0xFF}}},
	{{{18, -1, -311}, 0, {-1, 375}, {0x60, 0x30, 0xBC, 0xFF}}},
	{{{2, 14, -308}, 0, {265, 32}, {0x00, 0x78, 0xD6, 0xFF}}},
	{{{15, 8, -305}, 0, {-16, 147}, {0x53, 0x5B, 0xE3, 0xFF}}},
	{{{2, 6, -317}, 0, {269, 229}, {0x00, 0x43, 0x94, 0xFF}}},
	{{{2, 0, -319}, 0, {272, 314}, {0x00, 0x68, 0xB7, 0xFF}}},
	{{{7, -3, -317}, 0, {200, 343}, {0x50, 0x3A, 0xB0, 0xFF}}},
	{{{18, -9, -314}, 0, {118, 454}, {0x5E, 0xF8, 0xAA, 0xFF}}},
	{{{20, 0, -291}, 0, {-16, 772}, {0x76, 0x2E, 0x06, 0xFF}}},
	{{{23, -7, -292}, 0, {85, 660}, {0x7D, 0xFC, 0x19, 0xFF}}},
	{{{16, 1, -282}, 0, {160, 792}, {0x50, 0x18, 0x5F, 0xFF}}},
	{{{17, 7, -288}, 0, {120, 877}, {0x5C, 0x57, 0xFF, 0xFF}}},
	{{{16, 5, -291}, 0, {44, 899}, {0x54, 0x54, 0xD3, 0xFF}}},
	{{{2, 16, -290}, 0, {287, 957}, {0x00, 0x7B, 0xE2, 0xFF}}},
	{{{2, 13, -291}, 0, {288, 1008}, {0x00, 0x71, 0xC6, 0xFF}}},
	{{{-13, 5, -291}, 0, {527, 887}, {0xAC, 0x54, 0xD3, 0xFF}}},
	{{{2, 16, -290}, 0, {287, 957}, {0x00, 0x7B, 0xE2, 0xFF}}},
	{{{2, 13, -291}, 0, {288, 1008}, {0x00, 0x71, 0xC6, 0xFF}}},
	{{{-14, 7, -288}, 0, {450, 869}, {0xA3, 0x57, 0xFE, 0xFF}}},
	{{{-17, 0, -291}, 0, {580, 758}, {0x8A, 0x2E, 0x06, 0xFF}}},
	{{{-13, 1, -282}, 0, {406, 786}, {0xAF, 0x18, 0x5F, 0xFF}}},
	{{{-20, -7, -292}, 0, {475, 651}, {0x83, 0xFC, 0x19, 0xFF}}},
	{{{-14, -9, -314}, 0, {431, 447}, {0xA2, 0xF8, 0xAA, 0xFF}}},
	{{{-15, -1, -311}, 0, {547, 362}, {0xA0, 0x30, 0xBC, 0xFF}}},
	{{{-4, -3, -317}, 0, {344, 340}, {0xB0, 0x3A, 0xB0, 0xFF}}},
	{{{2, 0, -319}, 0, {272, 314}, {0x00, 0x68, 0xB7, 0xFF}}},
	{{{2, 6, -317}, 0, {269, 229}, {0x00, 0x43, 0x94, 0xFF}}},
	{{{2, 14, -308}, 0, {265, 32}, {0x00, 0x78, 0xD6, 0xFF}}},
	{{{-12, 8, -305}, 0, {551, 133}, {0xAD, 0x5B, 0xE3, 0xFF}}},
	{{{-6, -8, -317}, 0, {354, 403}, {0x97, 0xFA, 0xB9, 0xFF}}},
	{{{-14, -16, -311}, 0, {382, 500}, {0xAA, 0xBF, 0xBD, 0xFF}}},
	{{{-4, -14, -316}, 0, {320, 452}, {0xC1, 0xAB, 0xBA, 0xFF}}},
	{{{2, -23, -311}, 0, {276, 513}, {0x00, 0xA0, 0xAD, 0xFF}}},
	{{{2, -16, -316}, 0, {275, 461}, {0x00, 0x90, 0xC4, 0xFF}}},
	{{{7, -14, -316}, 0, {230, 454}, {0x3F, 0xAB, 0xBA, 0xFF}}},
	{{{17, -16, -311}, 0, {170, 506}, {0x56, 0xBF, 0xBD, 0xFF}}},
	{{{9, -8, -317}, 0, {194, 407}, {0x69, 0xFA, 0xB9, 0xFF}}},
	{{{18, -9, -314}, 0, {118, 454}, {0x5E, 0xF8, 0xAA, 0xFF}}},
	{{{7, -3, -317}, 0, {200, 343}, {0x50, 0x3A, 0xB0, 0xFF}}},
	{{{20, -15, -293}, 0, {159, 629}, {0x76, 0xD8, 0x19, 0xFF}}},
	{{{23, -7, -292}, 0, {85, 660}, {0x7D, 0xFC, 0x19, 0xFF}}},
	{{{15, -25, -288}, 0, {220, 628}, {0x38, 0x9F, 0x3B, 0xFF}}},
	{{{12, -9, -280}, 0, {211, 725}, {0x3B, 0xEA, 0x6E, 0xFF}}},
	{{{16, 1, -282}, 0, {160, 792}, {0x50, 0x18, 0x5F, 0xFF}}},
	{{{1, 11, -279}, 0, {286, 859}, {0xFF, 0x50, 0x62, 0xFF}}},
	{{{2, -11, -277}, 0, {281, 716}, {0x00, 0xDC, 0x7A, 0xFF}}},
	{{{-9, -9, -280}, 0, {352, 721}, {0xC5, 0xEA, 0x6E, 0xFF}}},
	{{{-20, -7, -292}, 0, {475, 651}, {0x83, 0xFC, 0x19, 0xFF}}},
	{{{-12, -25, -288}, 0, {338, 625}, {0xC8, 0x9F, 0x3B, 0xFF}}},
	{{{-9, -9, -280}, 0, {352, 721}, {0xC5, 0xEA, 0x6E, 0xFF}}},
	{{{-17, -15, -293}, 0, {399, 623}, {0x8A, 0xD8, 0x19, 0xFF}}},
	{{{-14, -9, -314}, 0, {431, 447}, {0xA2, 0xF8, 0xAA, 0xFF}}},
	{{{-14, -16, -311}, 0, {382, 500}, {0xAA, 0xBF, 0xBD, 0xFF}}},
	{{{-11, -27, -297}, 0, {334, 588}, {0xC8, 0x8E, 0xF7, 0xFF}}},
	{{{2, -23, -311}, 0, {276, 513}, {0x00, 0xA0, 0xAD, 0xFF}}},
	{{{2, -26, -304}, 0, {277, 556}, {0x00, 0x86, 0xDE, 0xFF}}},
	{{{14, -27, -297}, 0, {223, 591}, {0x38, 0x8E, 0xF7, 0xFF}}},
	{{{17, -16, -311}, 0, {170, 506}, {0x56, 0xBF, 0xBD, 0xFF}}},
	{{{15, -25, -288}, 0, {220, 628}, {0x38, 0x9F, 0x3B, 0xFF}}},
	{{{20, -15, -293}, 0, {159, 629}, {0x76, 0xD8, 0x19, 0xFF}}},
	{{{2, -18, -282}, 0, {280, 667}, {0x00, 0xAB, 0x5E, 0xFF}}},
	{{{12, -9, -280}, 0, {211, 725}, {0x3B, 0xEA, 0x6E, 0xFF}}},
	{{{2, -11, -277}, 0, {281, 716}, {0x00, 0xDC, 0x7A, 0xFF}}},
	{{{-6, -9, -274}, 0, {240, 210}, {0x84, 0xE7, 0x09, 0xFF}}},
	{{{-3, -14, -282}, 0, {227, 228}, {0xC9, 0x9D, 0xC6, 0xFF}}},
	{{{-2, -12, -274}, 0, {246, 221}, {0xCD, 0x8C, 0x02, 0xFF}}},
	{{{-7, -9, -281}, 0, {223, 212}, {0x89, 0xE5, 0xDE, 0xFF}}},
	{{{-4, -5, -273}, 0, {246, 200}, {0xA1, 0x54, 0x0B, 0xFF}}},
	{{{-6, -3, -282}, 0, {224, 197}, {0xAB, 0x48, 0xC2, 0xFF}}},
	{{{6, -9, -274}, 0, {22, 70}, {0x7C, 0xE7, 0x09, 0xFF}}},
	{{{7, -9, -281}, 0, {16, 89}, {0x77, 0xE5, 0xDE, 0xFF}}},
	{{{6, -3, -282}, 0, {32, 97}, {0x55, 0x48, 0xC2, 0xFF}}},
	{{{4, -5, -273}, 0, {35, 69}, {0x5F, 0x54, 0x0B, 0xFF}}},
	{{{0, -1, -281}, 0, {45, 94}, {0x00, 0x7B, 0xDF, 0xFF}}},
	{{{0, -3, -272}, 0, {44, 69}, {0x00, 0x7E, 0x0D, 0xFF}}},
	{{{5, -5, -261}, 0, {41, 36}, {0x5C, 0x43, 0x38, 0xFF}}},
	{{{0, -3, -262}, 0, {52, 39}, {0x00, 0x77, 0x2C, 0xFF}}},
	{{{0, -9, -257}, 0, {39, 21}, {0x00, 0xFA, 0x7F, 0xFF}}},
	{{{7, -10, -263}, 0, {25, 39}, {0x79, 0xE7, 0x1D, 0xFF}}},
	{{{3, -15, -263}, 0, {16, 35}, {0x35, 0x93, 0x24, 0xFF}}},
	{{{7, -10, -263}, 0, {25, 39}, {0x79, 0xE7, 0x1D, 0xFF}}},
	{{{0, -9, -257}, 0, {39, 21}, {0x00, 0xFA, 0x7F, 0xFF}}},
	{{{4, -5, -273}, 0, {35, 69}, {0x5F, 0x54, 0x0B, 0xFF}}},
	{{{5, -5, -261}, 0, {41, 36}, {0x5C, 0x43, 0x38, 0xFF}}},
	{{{6, -9, -274}, 0, {22, 70}, {0x7C, 0xE7, 0x09, 0xFF}}},
	{{{0, -3, -272}, 0, {812, 704}, {0x00, 0x7E, 0x0D, 0xFF}}},
	{{{0, -1, -281}, 0, {812, 729}, {0x00, 0x7B, 0xDF, 0xFF}}},
	{{{-6, -3, -282}, 0, {831, 732}, {0xAB, 0x48, 0xC2, 0xFF}}},
	{{{-4, -5, -273}, 0, {825, 704}, {0xA1, 0x54, 0x0B, 0xFF}}},
	{{{0, -3, -262}, 0, {808, 674}, {0x00, 0x77, 0x2C, 0xFF}}},
	{{{-5, -5, -261}, 0, {823, 671}, {0xA4, 0x43, 0x38, 0xFF}}},
	{{{-6, -9, -274}, 0, {835, 706}, {0x84, 0xE7, 0x09, 0xFF}}},
	{{{-7, -10, -263}, 0, {835, 675}, {0x87, 0xE7, 0x1D, 0xFF}}},
	{{{0, -9, -257}, 0, {814, 657}, {0x00, 0xFA, 0x7F, 0xFF}}},
	{{{3, -15, -263}, 0, {479, 40}, {0x35, 0x93, 0x24, 0xFF}}},
	{{{6, -9, -274}, 0, {485, 73}, {0x7C, 0xE7, 0x09, 0xFF}}},
	{{{7, -10, -263}, 0, {489, 42}, {0x79, 0xE7, 0x1D, 0xFF}}},
	{{{2, -12, -274}, 0, {476, 72}, {0x33, 0x8C, 0x02, 0xFF}}},
	{{{-2, -12, -274}, 0, {463, 72}, {0xCD, 0x8C, 0x02, 0xFF}}},
	{{{-3, -15, -263}, 0, {461, 40}, {0xCB, 0x93, 0x24, 0xFF}}},
	{{{0, -9, -257}, 0, {470, 22}, {0x00, 0xFA, 0x7F, 0xFF}}},
	{{{-7, -10, -263}, 0, {451, 41}, {0x87, 0xE7, 0x1D, 0xFF}}},
	{{{-6, -9, -274}, 0, {453, 72}, {0x84, 0xE7, 0x09, 0xFF}}},
	{{{7, -9, -281}, 0, {489, 92}, {0x77, 0xE5, 0xDE, 0xFF}}},
	{{{3, -14, -282}, 0, {478, 97}, {0x37, 0x9D, 0xC6, 0xFF}}},
	{{{-3, -14, -282}, 0, {459, 96}, {0xC9, 0x9D, 0xC6, 0xFF}}},
	{{{-7, -10, -263}, 0, {503, 222}, {0x87, 0xE7, 0x1D, 0xFF}}},
	{{{-3, -15, -263}, 0, {519, 225}, {0xCB, 0x93, 0x24, 0xFF}}},
	{{{0, -9, -257}, 0, {519, 199}, {0x00, 0xFA, 0x7F, 0xFF}}},
	{{{-5, -5, -261}, 0, {499, 206}, {0xA4, 0x43, 0x38, 0xFF}}},
	{{{10, -6, -278}, 0, {975, 1008}, {0x02, 0x58, 0x5C, 0xFF}}},
	{{{27, -17, -288}, 0, {975, 752}, {0x7E, 0x02, 0x0F, 0xFF}}},
	{{{22, -5, -290}, 0, {913, 860}, {0x5F, 0x51, 0x18, 0xFF}}},
	{{{16, 0, -293}, 0, {913, 860}, {0x20, 0x7B, 0x08, 0xFF}}},
	{{{0, -5, -290}, 0, {975, 1008}, {0xFC, 0x76, 0x2F, 0xFF}}},
	{{{14, -48, -272}, 0, {913, 763}, {0x7F, 0xFA, 0x04, 0xFF}}},
	{{{13, -47, -266}, 0, {824, 695}, {0x27, 0x10, 0x78, 0xFF}}},
	{{{17, -67, -267}, 0, {913, 763}, {0x28, 0x8A, 0x18, 0xFF}}},
	{{{19, -33, -279}, 0, {869, 729}, {0x7A, 0xE3, 0x15, 0xFF}}},
	{{{12, -22, -271}, 0, {824, 695}, {0x1B, 0x21, 0x78, 0xFF}}},
	{{{7, -51, -268}, 0, {868, 1008}, {0x9D, 0xCB, 0x3B, 0xFF}}},
	{{{0, -18, -278}, 0, {868, 1008}, {0x00, 0x2E, 0x76, 0xFF}}},
	{{{10, -6, -278}, 0, {689, 873}, {0x02, 0x58, 0x5C, 0xFF}}},
	{{{0, -5, -290}, 0, {868, 1008}, {0xFC, 0x76, 0x2F, 0xFF}}},
	{{{-10, -6, -278}, 0, {689, 873}, {0xFD, 0x57, 0x5C, 0xFF}}},
	{{{-12, -22, -271}, 0, {824, 695}, {0xE5, 0x21, 0x78, 0xFF}}},
	{{{-7, -51, -268}, 0, {868, 1008}, {0x63, 0xCB, 0x3B, 0xFF}}},
	{{{-13, -47, -266}, 0, {824, 695}, {0xD9, 0x10, 0x78, 0xFF}}},
	{{{-19, -33, -279}, 0, {869, 729}, {0x86, 0xE3, 0x15, 0xFF}}},
	{{{-14, -48, -272}, 0, {913, 763}, {0x81, 0xFA, 0x04, 0xFF}}},
	{{{-17, -67, -267}, 0, {913, 763}, {0xD8, 0x8A, 0x18, 0xFF}}},
	{{{-17, -67, -267}, 0, {824, 695}, {0xD8, 0x8A, 0x18, 0xFF}}},
	{{{17, -67, -267}, 0, {824, 695}, {0x28, 0x8A, 0x18, 0xFF}}},
	{{{27, -17, -288}, 0, {381, 240}, {0x7E, 0x02, 0x0F, 0xFF}}},
	{{{16, -9, -312}, 0, {394, 119}, {0x57, 0x1E, 0xA8, 0xFF}}},
	{{{22, -5, -290}, 0, {381, 111}, {0x5F, 0x51, 0x18, 0xFF}}},
	{{{0, 0, -316}, 0, {394, 119}, {0x00, 0x63, 0xB0, 0xFF}}},
	{{{16, 0, -293}, 0, {381, 111}, {0x20, 0x7B, 0x08, 0xFF}}},
	{{{0, -22, -314}, 0, {519, 129}, {0x00, 0xBB, 0x96, 0xFF}}},
	{{{16, -9, -312}, 0, {422, 199}, {0x57, 0x1E, 0xA8, 0xFF}}},
	{{{16, -21, -307}, 0, {454, 240}, {0x4E, 0xC5, 0xAF, 0xFF}}},
	{{{0, -9, -318}, 0, {407, 129}, {0x00, 0xFC, 0x81, 0xFF}}},
	{{{0, -22, -314}, 0, {519, 129}, {0x00, 0xBB, 0x96, 0xFF}}},
	{{{-16, -9, -312}, 0, {422, 199}, {0xA9, 0x1E, 0xA8, 0xFF}}},
	{{{0, -9, -318}, 0, {407, 129}, {0x00, 0xFC, 0x81, 0xFF}}},
	{{{-16, -21, -307}, 0, {454, 240}, {0xB2, 0xC5, 0xAF, 0xFF}}},
	{{{0, 0, -316}, 0, {407, 129}, {0x00, 0x63, 0xB0, 0xFF}}},
	{{{16, -9, -312}, 0, {422, 199}, {0x57, 0x1E, 0xA8, 0xFF}}},
	{{{0, 0, -316}, 0, {422, 199}, {0x00, 0x63, 0xB0, 0xFF}}},
	{{{0, -18, -278}, 0, {157, 240}, {0x00, 0x2E, 0x76, 0xFF}}},
	{{{0, -41, -291}, 0, {157, 240}, {0x00, 0x90, 0xC4, 0xFF}}},
	{{{7, -51, -268}, 0, {157, 240}, {0x9D, 0xCB, 0x3B, 0xFF}}},
	{{{-7, -51, -268}, 0, {157, 240}, {0x63, 0xCB, 0x3B, 0xFF}}},
	{{{-16, -9, -312}, 0, {407, 119}, {0xA9, 0x1E, 0xA8, 0xFF}}},
	{{{-16, 0, -293}, 0, {394, 111}, {0xE8, 0x7D, 0x04, 0xFF}}},
	{{{0, 0, -316}, 0, {407, 119}, {0x00, 0x63, 0xB0, 0xFF}}},
	{{{-22, -5, -290}, 0, {394, 111}, {0xAA, 0x5B, 0x16, 0xFF}}},
	{{{-27, -17, -288}, 0, {394, 240}, {0x82, 0x02, 0x0F, 0xFF}}},
	{{{-10, -6, -278}, 0, {45, 240}, {0xFD, 0x57, 0x5C, 0xFF}}},
	{{{-22, -5, -290}, 0, {-16, 93}, {0xAA, 0x5B, 0x16, 0xFF}}},
	{{{-27, -17, -288}, 0, {45, -16}, {0x82, 0x02, 0x0F, 0xFF}}},
	{{{0, -5, -290}, 0, {45, 240}, {0xFC, 0x76, 0x2F, 0xFF}}},
	{{{-16, 0, -293}, 0, {-16, 93}, {0xE8, 0x7D, 0x04, 0xFF}}},
	{{{0, -6, -292}, 0, {15, 167}, {0x00, 0x7D, 0x16, 0xFF}}},
	{{{0, 0, -316}, 0, {-16, 93}, {0x00, 0x63, 0xB0, 0xFF}}},
	{{{123, -1, -255}, 0, {859, 62}, {0x11, 0x4F, 0x9E, 0xFF}}},
	{{{128, -2, -255}, 0, {852, 77}, {0x10, 0x4A, 0x66, 0xFF}}},
	{{{129, -2, -258}, 0, {855, 79}, {0x1D, 0x67, 0xBC, 0xFF}}},
	{{{121, -4, -253}, 0, {850, 54}, {0x15, 0xE5, 0x7A, 0xFF}}},
	{{{117, -13, -254}, 0, {825, 41}, {0x0B, 0x19, 0x7C, 0xFF}}},
	{{{114, -10, -253}, 0, {834, 34}, {0x05, 0x06, 0x7F, 0xFF}}},
	{{{116, -2, -253}, 0, {857, 41}, {0xCF, 0x44, 0x60, 0xFF}}},
	{{{124, 1, -251}, 0, {865, 64}, {0xDD, 0x33, 0x6F, 0xFF}}},
	{{{131, 0, -251}, 0, {859, 86}, {0x38, 0x9A, 0x34, 0xFF}}},
	{{{124, 1, -251}, 0, {865, 64}, {0xDD, 0x33, 0x6F, 0xFF}}},
	{{{131, 0, -251}, 0, {859, 86}, {0x38, 0x9A, 0x34, 0xFF}}},
	{{{130, 2, -251}, 0, {864, 84}, {0x02, 0x29, 0x78, 0xFF}}},
	{{{134, 3, -251}, 0, {865, 94}, {0x78, 0x20, 0x1C, 0xFF}}},
	{{{109, -6, -254}, 0, {850, 19}, {0xB8, 0x49, 0x4B, 0xFF}}},
	{{{114, -10, -253}, 0, {834, 34}, {0x05, 0x06, 0x7F, 0xFF}}},
	{{{116, -2, -253}, 0, {857, 41}, {0xCF, 0x44, 0x60, 0xFF}}},
	{{{109, -11, -253}, 0, {836, 17}, {0xB8, 0xD7, 0x60, 0xFF}}},
	{{{114, -14, -253}, 0, {824, 30}, {0xE2, 0xB4, 0x61, 0xFF}}},
	{{{117, -13, -254}, 0, {825, 41}, {0x0B, 0x19, 0x7C, 0xFF}}},
	{{{120, -15, -253}, 0, {818, 49}, {0xF6, 0xB8, 0x68, 0xFF}}},
	{{{134, -14, -252}, 0, {818, 88}, {0x19, 0xC8, 0x6F, 0xFF}}},
	{{{136, -11, -253}, 0, {826, 97}, {0x29, 0xE0, 0x74, 0xFF}}},
	{{{128, -2, -255}, 0, {852, 77}, {0x10, 0x4A, 0x66, 0xFF}}},
	{{{139, -10, -254}, 0, {828, 104}, {0x47, 0x98, 0xF0, 0xFF}}},
	{{{140, -6, -252}, 0, {837, 110}, {0x4D, 0x1E, 0x60, 0xFF}}},
	{{{132, 2, -253}, 0, {313, 387}, {0x3C, 0xF8, 0x90, 0xFF}}},
	{{{131, 3, -252}, 0, {317, 388}, {0x05, 0x7D, 0xE9, 0xFF}}},
	{{{134, 3, -251}, 0, {311, 380}, {0x78, 0x20, 0x1C, 0xFF}}},
	{{{123, -1, -255}, 0, {316, 413}, {0x11, 0x4F, 0x9E, 0xFF}}},
	{{{121, -4, -253}, 0, {308, 423}, {0x15, 0xE5, 0x7A, 0xFF}}},
	{{{131, 0, -251}, 0, {308, 390}, {0x38, 0x9A, 0x34, 0xFF}}},
	{{{124, 3, -252}, 0, {322, 406}, {0xE4, 0x7B, 0xEE, 0xFF}}},
	{{{123, -1, -255}, 0, {178, 456}, {0x11, 0x4F, 0x9E, 0xFF}}},
	{{{116, -2, -256}, 0, {177, 475}, {0xDD, 0x6A, 0xC3, 0xFF}}},
	{{{124, 3, -252}, 0, {186, 447}, {0xE4, 0x7B, 0xEE, 0xFF}}},
	{{{124, 1, -251}, 0, {191, 449}, {0xDD, 0x33, 0x6F, 0xFF}}},
	{{{116, -2, -253}, 0, {188, 474}, {0xCF, 0x44, 0x60, 0xFF}}},
	{{{109, -6, -258}, 0, {174, 499}, {0xB9, 0x38, 0xA7, 0xFF}}},
	{{{109, -6, -254}, 0, {186, 497}, {0xB8, 0x49, 0x4B, 0xFF}}},
	{{{107, -8, -256}, 0, {182, 506}, {0x81, 0x03, 0xF9, 0xFF}}},
	{{{109, -11, -253}, 0, {191, 505}, {0xB8, 0xD7, 0x60, 0xFF}}},
	{{{124, 3, -252}, 0, {186, 447}, {0xE4, 0x7B, 0xEE, 0xFF}}},
	{{{124, 1, -251}, 0, {191, 449}, {0xDD, 0x33, 0x6F, 0xFF}}},
	{{{130, 2, -251}, 0, {189, 432}, {0x02, 0x29, 0x78, 0xFF}}},
	{{{131, 3, -252}, 0, {184, 430}, {0x05, 0x7D, 0xE9, 0xFF}}},
	{{{134, 3, -251}, 0, {187, 424}, {0x78, 0x20, 0x1C, 0xFF}}},
	{{{120, -15, -253}, 0, {508, 466}, {0xF6, 0xB8, 0x68, 0xFF}}},
	{{{135, -13, -254}, 0, {510, 434}, {0x5E, 0xAC, 0xEE, 0xFF}}},
	{{{134, -14, -252}, 0, {507, 438}, {0x19, 0xC8, 0x6F, 0xFF}}},
	{{{121, -16, -256}, 0, {518, 465}, {0x02, 0x8F, 0xC7, 0xFF}}},
	{{{114, -14, -253}, 0, {508, 484}, {0xE2, 0xB4, 0x61, 0xFF}}},
	{{{114, -14, -257}, 0, {520, 484}, {0xDA, 0x9F, 0xB7, 0xFF}}},
	{{{109, -11, -253}, 0, {507, 502}, {0xB8, 0xD7, 0x60, 0xFF}}},
	{{{109, -11, -256}, 0, {517, 501}, {0xB1, 0xB1, 0xC3, 0xFF}}},
	{{{107, -8, -256}, 0, {514, 511}, {0x81, 0x03, 0xF9, 0xFF}}},
	{{{129, -2, -258}, 0, {178, 381}, {0x1D, 0x67, 0xBC, 0xFF}}},
	{{{128, -2, -255}, 0, {188, 380}, {0x10, 0x4A, 0x66, 0xFF}}},
	{{{140, -6, -252}, 0, {188, 357}, {0x4D, 0x1E, 0x60, 0xFF}}},
	{{{141, -6, -254}, 0, {183, 357}, {0x6B, 0x36, 0xD6, 0xFF}}},
	{{{135, -13, -254}, 0, {188, 413}, {0x5E, 0xAC, 0xEE, 0xFF}}},
	{{{136, -10, -254}, 0, {189, 424}, {0x2D, 0xAC, 0xAC, 0xFF}}},
	{{{136, -11, -253}, 0, {191, 422}, {0x29, 0xE0, 0x74, 0xFF}}},
	{{{134, -14, -252}, 0, {191, 410}, {0x19, 0xC8, 0x6F, 0xFF}}},
	{{{136, -11, -253}, 0, {925, 704}, {0x29, 0xE0, 0x74, 0xFF}}},
	{{{136, -10, -254}, 0, {927, 704}, {0x2D, 0xAC, 0xAC, 0xFF}}},
	{{{139, -10, -254}, 0, {927, 698}, {0x47, 0x98, 0xF0, 0xFF}}},
	{{{125, -6, -259}, 0, {946, 737}, {0x08, 0x06, 0x81, 0xFF}}},
	{{{135, -13, -254}, 0, {917, 708}, {0x5E, 0xAC, 0xEE, 0xFF}}},
	{{{121, -16, -256}, 0, {917, 753}, {0x02, 0x8F, 0xC7, 0xFF}}},
	{{{114, -14, -257}, 0, {927, 771}, {0xDA, 0x9F, 0xB7, 0xFF}}},
	{{{116, -6, -259}, 0, {949, 762}, {0xF8, 0x14, 0x83, 0xFF}}},
	{{{109, -6, -258}, 0, {954, 782}, {0xB9, 0x38, 0xA7, 0xFF}}},
	{{{109, -11, -256}, 0, {936, 784}, {0xB1, 0xB1, 0xC3, 0xFF}}},
	{{{109, -6, -258}, 0, {954, 782}, {0xB9, 0x38, 0xA7, 0xFF}}},
	{{{109, -11, -256}, 0, {936, 784}, {0xB1, 0xB1, 0xC3, 0xFF}}},
	{{{107, -8, -256}, 0, {946, 787}, {0x81, 0x03, 0xF9, 0xFF}}},
	{{{116, -6, -259}, 0, {949, 762}, {0xF8, 0x14, 0x83, 0xFF}}},
	{{{116, -2, -256}, 0, {958, 759}, {0xDD, 0x6A, 0xC3, 0xFF}}},
	{{{125, -6, -259}, 0, {946, 737}, {0x08, 0x06, 0x81, 0xFF}}},
	{{{123, -1, -255}, 0, {958, 738}, {0x11, 0x4F, 0x9E, 0xFF}}},
	{{{129, -2, -258}, 0, {957, 723}, {0x1D, 0x67, 0xBC, 0xFF}}},
	{{{141, -6, -254}, 0, {937, 690}, {0x6B, 0x36, 0xD6, 0xFF}}},
	{{{139, -10, -254}, 0, {927, 698}, {0x47, 0x98, 0xF0, 0xFF}}},
	{{{3, -77, -202}, 0, {869, 946}, {0x54, 0x06, 0xA1, 0xFF}}},
	{{{5, -77, -192}, 0, {838, 943}, {0x5C, 0xD8, 0x4E, 0xFF}}},
	{{{0, -98, -208}, 0, {882, 1008}, {0x00, 0x8E, 0xC8, 0xFF}}},
	{{{4, -50, -201}, 0, {871, 869}, {0x53, 0x04, 0xA0, 0xFF}}},
	{{{6, -50, -189}, 0, {835, 866}, {0x5F, 0x0F, 0x53, 0xFF}}},
	{{{0, -29, -202}, 0, {882, 808}, {0x00, 0x2C, 0x89, 0xFF}}},
	{{{3, -29, -196}, 0, {863, 807}, {0x64, 0x34, 0x3C, 0xFF}}},
	{{{0, -22, -199}, 0, {874, 787}, {0x00, 0x7F, 0xF7, 0xFF}}},
	{{{4, -50, -201}, 0, {882, 868}, {0x53, 0x04, 0xA0, 0xFF}}},
	{{{-4, -50, -201}, 0, {905, 869}, {0xAD, 0x04, 0xA0, 0xFF}}},
	{{{0, -29, -202}, 0, {897, 808}, {0x00, 0x2C, 0x89, 0xFF}}},
	{{{3, -77, -202}, 0, {882, 945}, {0x54, 0x06, 0xA1, 0xFF}}},
	{{{-3, -77, -202}, 0, {898, 946}, {0xAC, 0x06, 0xA1, 0xFF}}},
	{{{0, -98, -208}, 0, {887, 1008}, {0x00, 0x8E, 0xC8, 0xFF}}},
	{{{5, -77, -192}, 0, {917, 725}, {0x5C, 0xD8, 0x4E, 0xFF}}},
	{{{-5, -77, -192}, 0, {887, 726}, {0xA4, 0xD8, 0x4E, 0xFF}}},
	{{{0, -98, -208}, 0, {904, 787}, {0x00, 0x8E, 0xC8, 0xFF}}},
	{{{6, -50, -189}, 0, {917, 648}, {0x5F, 0x0F, 0x53, 0xFF}}},
	{{{-6, -50, -189}, 0, {882, 649}, {0xA1, 0x0F, 0x53, 0xFF}}},
	{{{3, -29, -196}, 0, {906, 587}, {0x64, 0x34, 0x3C, 0xFF}}},
	{{{-3, -29, -196}, 0, {888, 588}, {0x9C, 0x33, 0x3C, 0xFF}}},
	{{{0, -22, -199}, 0, {896, 568}, {0x00, 0x7F, 0xF7, 0xFF}}},
	{{{-5, -77, -192}, 0, {879, 723}, {0xA4, 0xD8, 0x4E, 0xFF}}},
	{{{-3, -77, -202}, 0, {848, 725}, {0xAC, 0x06, 0xA1, 0xFF}}},
	{{{0, -98, -208}, 0, {835, 787}, {0x00, 0x8E, 0xC8, 0xFF}}},
	{{{-6, -50, -189}, 0, {882, 645}, {0xA1, 0x0F, 0x53, 0xFF}}},
	{{{-4, -50, -201}, 0, {846, 648}, {0xAD, 0x04, 0xA0, 0xFF}}},
	{{{-3, -29, -196}, 0, {854, 586}, {0x9C, 0x33, 0x3C, 0xFF}}},
	{{{0, -29, -202}, 0, {835, 587}, {0x00, 0x2C, 0x89, 0xFF}}},
	{{{0, -22, -199}, 0, {843, 567}, {0x00, 0x7F, 0xF7, 0xFF}}},
	{{{-123, -1, -255}, 0, {924, 642}, {0xEF, 0x4F, 0x9E, 0xFF}}},
	{{{-129, -2, -258}, 0, {928, 659}, {0xE3, 0x67, 0xBC, 0xFF}}},
	{{{-128, -2, -255}, 0, {930, 657}, {0xF0, 0x4A, 0x66, 0xFF}}},
	{{{-121, -4, -253}, 0, {933, 634}, {0xEB, 0xE5, 0x7A, 0xFF}}},
	{{{-117, -13, -254}, 0, {957, 621}, {0xF5, 0x19, 0x7C, 0xFF}}},
	{{{-136, -11, -253}, 0, {957, 677}, {0xD7, 0xE0, 0x74, 0xFF}}},
	{{{-139, -10, -254}, 0, {955, 684}, {0xB9, 0x98, 0xF0, 0xFF}}},
	{{{-140, -6, -252}, 0, {946, 690}, {0xB3, 0x1E, 0x60, 0xFF}}},
	{{{-134, -14, -252}, 0, {965, 668}, {0xE7, 0xC8, 0x6F, 0xFF}}},
	{{{-120, -15, -253}, 0, {965, 629}, {0x0A, 0xB8, 0x68, 0xFF}}},
	{{{-114, -14, -253}, 0, {959, 610}, {0x1E, 0xB4, 0x61, 0xFF}}},
	{{{-114, -10, -253}, 0, {948, 614}, {0xFB, 0x06, 0x7F, 0xFF}}},
	{{{-109, -11, -253}, 0, {946, 597}, {0x48, 0xD7, 0x60, 0xFF}}},
	{{{-109, -6, -254}, 0, {932, 599}, {0x48, 0x49, 0x4B, 0xFF}}},
	{{{-116, -2, -253}, 0, {926, 621}, {0x31, 0x44, 0x60, 0xFF}}},
	{{{-124, 1, -251}, 0, {917, 644}, {0x23, 0x33, 0x6F, 0xFF}}},
	{{{-131, 0, -251}, 0, {923, 665}, {0xC8, 0x9A, 0x34, 0xFF}}},
	{{{-130, 2, -251}, 0, {918, 664}, {0xFE, 0x29, 0x78, 0xFF}}},
	{{{-134, 3, -251}, 0, {918, 674}, {0x88, 0x20, 0x1C, 0xFF}}},
	{{{-132, 2, -253}, 0, {183, 388}, {0xC4, 0xF8, 0x90, 0xFF}}},
	{{{-134, 3, -251}, 0, {184, 381}, {0x88, 0x20, 0x1C, 0xFF}}},
	{{{-131, 3, -252}, 0, {179, 389}, {0xFB, 0x7D, 0xE9, 0xFF}}},
	{{{-123, -1, -255}, 0, {179, 414}, {0xEF, 0x4F, 0x9E, 0xFF}}},
	{{{-124, 3, -252}, 0, {174, 407}, {0x1C, 0x7B, 0xEE, 0xFF}}},
	{{{-121, -4, -253}, 0, {188, 424}, {0xEB, 0xE5, 0x7A, 0xFF}}},
	{{{-132, 2, -253}, 0, {183, 388}, {0xC4, 0xF8, 0x90, 0xFF}}},
	{{{-123, -1, -255}, 0, {179, 414}, {0xEF, 0x4F, 0x9E, 0xFF}}},
	{{{-131, 0, -251}, 0, {188, 391}, {0xC8, 0x9A, 0x34, 0xFF}}},
	{{{-123, -1, -255}, 0, {320, 455}, {0xEF, 0x4F, 0x9E, 0xFF}}},
	{{{-124, 3, -252}, 0, {312, 446}, {0x1C, 0x7B, 0xEE, 0xFF}}},
	{{{-116, -2, -256}, 0, {321, 474}, {0x23, 0x6A, 0xC3, 0xFF}}},
	{{{-124, 1, -251}, 0, {308, 448}, {0x23, 0x33, 0x6F, 0xFF}}},
	{{{-130, 2, -251}, 0, {309, 432}, {0xFE, 0x29, 0x78, 0xFF}}},
	{{{-131, 3, -252}, 0, {314, 429}, {0xFB, 0x7D, 0xE9, 0xFF}}},
	{{{-134, 3, -251}, 0, {312, 423}, {0x88, 0x20, 0x1C, 0xFF}}},
	{{{-116, -2, -253}, 0, {311, 473}, {0x31, 0x44, 0x60, 0xFF}}},
	{{{-109, -6, -258}, 0, {325, 498}, {0x47, 0x38, 0xA7, 0xFF}}},
	{{{-109, -6, -254}, 0, {312, 496}, {0x48, 0x49, 0x4B, 0xFF}}},
	{{{-107, -8, -256}, 0, {316, 505}, {0x7F, 0x03, 0xF9, 0xFF}}},
	{{{-109, -11, -253}, 0, {308, 504}, {0x48, 0xD7, 0x60, 0xFF}}},
	{{{-120, -15, -253}, 0, {518, 389}, {0x0A, 0xB8, 0x68, 0xFF}}},
	{{{-134, -14, -252}, 0, {520, 361}, {0xE7, 0xC8, 0x6F, 0xFF}}},
	{{{-135, -13, -254}, 0, {516, 357}, {0xA2, 0xAC, 0xEE, 0xFF}}},
	{{{-121, -16, -256}, 0, {508, 388}, {0xFE, 0x8F, 0xC7, 0xFF}}},
	{{{-114, -14, -253}, 0, {519, 407}, {0x1E, 0xB4, 0x61, 0xFF}}},
	{{{-114, -14, -257}, 0, {507, 407}, {0x26, 0x9F, 0xB7, 0xFF}}},
	{{{-109, -11, -253}, 0, {520, 425}, {0x48, 0xD7, 0x60, 0xFF}}},
	{{{-109, -11, -256}, 0, {509, 424}, {0x4F, 0xB1, 0xC3, 0xFF}}},
	{{{-107, -8, -256}, 0, {513, 434}, {0x7F, 0x03, 0xF9, 0xFF}}},
	{{{-129, -2, -258}, 0, {317, 380}, {0xE3, 0x67, 0xBC, 0xFF}}},
	{{{-141, -6, -254}, 0, {313, 356}, {0x95, 0x36, 0xD6, 0xFF}}},
	{{{-140, -6, -252}, 0, {308, 356}, {0xB3, 0x1E, 0x60, 0xFF}}},
	{{{-128, -2, -255}, 0, {308, 379}, {0xF0, 0x4A, 0x66, 0xFF}}},
	{{{-135, -13, -254}, 0, {325, 412}, {0xA2, 0xAC, 0xEE, 0xFF}}},
	{{{-134, -14, -252}, 0, {322, 409}, {0xE7, 0xC8, 0x6F, 0xFF}}},
	{{{-136, -11, -253}, 0, {322, 421}, {0xD7, 0xE0, 0x74, 0xFF}}},
	{{{-135, -13, -254}, 0, {325, 412}, {0xA2, 0xAC, 0xEE, 0xFF}}},
	{{{-136, -11, -253}, 0, {322, 421}, {0xD7, 0xE0, 0x74, 0xFF}}},
	{{{-136, -10, -254}, 0, {324, 423}, {0xD3, 0xAC, 0xAC, 0xFF}}},
	{{{-136, -11, -253}, 0, {939, 817}, {0xD7, 0xE0, 0x74, 0xFF}}},
	{{{-139, -10, -254}, 0, {937, 810}, {0xB9, 0x98, 0xF0, 0xFF}}},
	{{{-136, -10, -254}, 0, {937, 816}, {0xD3, 0xAC, 0xAC, 0xFF}}},
	{{{-125, -6, -259}, 0, {918, 850}, {0xF8, 0x06, 0x81, 0xFF}}},
	{{{-141, -6, -254}, 0, {927, 802}, {0x95, 0x36, 0xD6, 0xFF}}},
	{{{-129, -2, -258}, 0, {907, 835}, {0xE3, 0x67, 0xBC, 0xFF}}},
	{{{-123, -1, -255}, 0, {905, 850}, {0xEF, 0x4F, 0x9E, 0xFF}}},
	{{{-116, -2, -256}, 0, {906, 871}, {0x23, 0x6A, 0xC3, 0xFF}}},
	{{{-116, -6, -259}, 0, {915, 874}, {0x08, 0x14, 0x83, 0xFF}}},
	{{{-109, -6, -258}, 0, {910, 894}, {0x47, 0x38, 0xA7, 0xFF}}},
	{{{-114, -14, -257}, 0, {937, 883}, {0x26, 0x9F, 0xB7, 0xFF}}},
	{{{-109, -11, -256}, 0, {928, 897}, {0x4F, 0xB1, 0xC3, 0xFF}}},
	{{{-107, -8, -256}, 0, {918, 900}, {0x7F, 0x03, 0xF9, 0xFF}}},
	{{{-121, -16, -256}, 0, {947, 865}, {0xFE, 0x8F, 0xC7, 0xFF}}},
	{{{-135, -13, -254}, 0, {947, 821}, {0xA2, 0xAC, 0xEE, 0xFF}}},
	{{{7, -9, -281}, 0, {86, 79}, {0x77, 0xE5, 0xDE, 0xFF}}},
	{{{3, -14, -282}, 0, {84, 65}, {0x37, 0x9D, 0xC6, 0xFF}}},
	{{{0, -8, -285}, 0, {73, 81}, {0x00, 0x04, 0x81, 0xFF}}},
	{{{-3, -14, -282}, 0, {68, 60}, {0xC9, 0x9D, 0xC6, 0xFF}}},
	{{{-7, -9, -281}, 0, {52, 70}, {0x89, 0xE5, 0xDE, 0xFF}}},
	{{{-6, -3, -282}, 0, {52, 88}, {0xAB, 0x48, 0xC2, 0xFF}}},
	{{{0, -1, -281}, 0, {62, 97}, {0x00, 0x7B, 0xDF, 0xFF}}},
	{{{6, -3, -282}, 0, {80, 95}, {0x55, 0x48, 0xC2, 0xFF}}},
	{{{13, -39, -288}, 0, {101, 17}, {0x43, 0xA8, 0xC2, 0xFF}}},
	{{{19, -33, -279}, 0, {157, 17}, {0x7A, 0xE3, 0x15, 0xFF}}},
	{{{14, -48, -272}, 0, {157, 17}, {0x7F, 0xFA, 0x04, 0xFF}}},
	{{{13, -52, -275}, 0, {101, 17}, {0x2C, 0xAC, 0xAB, 0xFF}}},
	{{{17, -67, -267}, 0, {45, 17}, {0x28, 0x8A, 0x18, 0xFF}}},
	{{{7, -51, -268}, 0, {45, 17}, {0x9D, 0xCB, 0x3B, 0xFF}}},
	{{{0, -41, -291}, 0, {45, 17}, {0x00, 0x90, 0xC4, 0xFF}}},
	{{{13, -52, -275}, 0, {101, 17}, {0x2C, 0xAC, 0xAB, 0xFF}}},
	{{{7, -51, -268}, 0, {45, 17}, {0x9D, 0xCB, 0x3B, 0xFF}}},
	{{{13, -39, -288}, 0, {101, 17}, {0x43, 0xA8, 0xC2, 0xFF}}},
	{{{-13, -39, -288}, 0, {213, 17}, {0xBD, 0xA8, 0xC2, 0xFF}}},
	{{{-14, -48, -272}, 0, {269, 17}, {0x81, 0xFA, 0x04, 0xFF}}},
	{{{-19, -33, -279}, 0, {269, 17}, {0x86, 0xE3, 0x15, 0xFF}}},
	{{{-13, -52, -275}, 0, {213, 17}, {0xD4, 0xAC, 0xAB, 0xFF}}},
	{{{0, -41, -291}, 0, {157, 17}, {0x00, 0x90, 0xC4, 0xFF}}},
	{{{-7, -51, -268}, 0, {157, 17}, {0x63, 0xCB, 0x3B, 0xFF}}},
	{{{-17, -67, -267}, 0, {157, 17}, {0xD8, 0x8A, 0x18, 0xFF}}},
};

Gfx wellwa_wellwa_mesh_layer_1_tri_0[] = {
	gsSPVertex(wellwa_wellwa_mesh_layer_1_vtx_0 + 0, 32, 0),
	gsSP2Triangles(0, 1, 2, 0, 3, 4, 5, 0),
	gsSP2Triangles(6, 7, 8, 0, 9, 10, 11, 0),
	gsSP2Triangles(12, 13, 14, 0, 15, 16, 17, 0),
	gsSP2Triangles(18, 19, 20, 0, 18, 21, 19, 0),
	gsSP2Triangles(18, 22, 21, 0, 18, 23, 22, 0),
	gsSP2Triangles(24, 23, 18, 0, 24, 18, 25, 0),
	gsSP2Triangles(24, 25, 26, 0, 26, 25, 27, 0),
	gsSP2Triangles(25, 28, 27, 0, 29, 28, 25, 0),
	gsSP2Triangles(29, 30, 28, 0, 29, 31, 30, 0),
	gsSPVertex(wellwa_wellwa_mesh_layer_1_vtx_0 + 32, 32, 0),
	gsSP2Triangles(0, 1, 2, 0, 0, 3, 1, 0),
	gsSP2Triangles(0, 4, 3, 0, 4, 5, 3, 0),
	gsSP2Triangles(6, 5, 4, 0, 7, 6, 4, 0),
	gsSP2Triangles(7, 4, 8, 0, 7, 8, 9, 0),
	gsSP2Triangles(8, 10, 9, 0, 8, 11, 10, 0),
	gsSP2Triangles(8, 12, 11, 0, 8, 13, 12, 0),
	gsSP2Triangles(7, 9, 14, 0, 14, 15, 7, 0),
	gsSP2Triangles(14, 16, 15, 0, 16, 17, 15, 0),
	gsSP2Triangles(16, 18, 17, 0, 19, 17, 18, 0),
	gsSP2Triangles(19, 20, 17, 0, 21, 20, 19, 0),
	gsSP2Triangles(21, 22, 20, 0, 22, 21, 23, 0),
	gsSP2Triangles(22, 24, 20, 0, 22, 25, 24, 0),
	gsSP2Triangles(25, 26, 24, 0, 25, 27, 26, 0),
	gsSP2Triangles(27, 25, 28, 0, 27, 28, 29, 0),
	gsSP2Triangles(30, 27, 29, 0, 30, 29, 31, 0),
	gsSP2Triangles(31, 29, 5, 0, 31, 5, 6, 0),
	gsSPVertex(wellwa_wellwa_mesh_layer_1_vtx_0 + 64, 32, 0),
	gsSP2Triangles(0, 1, 2, 0, 0, 3, 1, 0),
	gsSP2Triangles(4, 3, 0, 0, 4, 5, 3, 0),
	gsSP2Triangles(5, 1, 3, 0, 5, 6, 1, 0),
	gsSP2Triangles(7, 6, 5, 0, 7, 8, 6, 0),
	gsSP2Triangles(7, 9, 8, 0, 7, 10, 9, 0),
	gsSP2Triangles(10, 11, 9, 0, 10, 12, 11, 0),
	gsSP2Triangles(9, 11, 13, 0, 14, 13, 11, 0),
	gsSP2Triangles(13, 14, 15, 0, 13, 15, 2, 0),
	gsSP2Triangles(2, 1, 13, 0, 6, 13, 1, 0),
	gsSP2Triangles(6, 8, 13, 0, 9, 13, 8, 0),
	gsSP2Triangles(16, 17, 18, 0, 16, 19, 17, 0),
	gsSP2Triangles(20, 19, 16, 0, 20, 21, 19, 0),
	gsSP2Triangles(22, 23, 24, 0, 22, 24, 25, 0),
	gsSP2Triangles(25, 24, 26, 0, 25, 26, 27, 0),
	gsSP2Triangles(28, 25, 27, 0, 28, 27, 29, 0),
	gsSP2Triangles(28, 29, 30, 0, 31, 28, 30, 0),
	gsSPVertex(wellwa_wellwa_mesh_layer_1_vtx_0 + 96, 31, 0),
	gsSP2Triangles(0, 1, 2, 0, 1, 3, 4, 0),
	gsSP2Triangles(1, 5, 3, 0, 6, 7, 8, 0),
	gsSP2Triangles(6, 8, 9, 0, 10, 6, 9, 0),
	gsSP2Triangles(10, 9, 11, 0, 11, 9, 12, 0),
	gsSP2Triangles(11, 12, 13, 0, 10, 11, 14, 0),
	gsSP2Triangles(15, 16, 17, 0, 15, 18, 16, 0),
	gsSP2Triangles(19, 18, 15, 0, 19, 15, 20, 0),
	gsSP2Triangles(20, 15, 21, 0, 22, 19, 20, 0),
	gsSP2Triangles(22, 23, 19, 0, 18, 24, 16, 0),
	gsSP2Triangles(18, 25, 24, 0, 19, 25, 18, 0),
	gsSP2Triangles(19, 26, 25, 0, 27, 28, 29, 0),
	gsSP1Triangle(30, 27, 29, 0),
	gsSPVertex(wellwa_wellwa_mesh_layer_1_vtx_0 + 127, 32, 0),
	gsSP2Triangles(0, 1, 2, 0, 0, 2, 3, 0),
	gsSP2Triangles(4, 0, 3, 0, 5, 6, 7, 0),
	gsSP2Triangles(6, 5, 8, 0, 6, 8, 9, 0),
	gsSP2Triangles(9, 10, 6, 0, 9, 11, 10, 0),
	gsSP2Triangles(12, 11, 9, 0, 11, 12, 13, 0),
	gsSP2Triangles(11, 13, 14, 0, 14, 15, 11, 0),
	gsSP2Triangles(15, 16, 11, 0, 15, 17, 16, 0),
	gsSP2Triangles(17, 15, 18, 0, 17, 18, 19, 0),
	gsSP2Triangles(19, 20, 17, 0, 17, 21, 16, 0),
	gsSP2Triangles(6, 10, 22, 0, 23, 24, 25, 0),
	gsSP2Triangles(25, 24, 26, 0, 25, 26, 27, 0),
	gsSP2Triangles(28, 29, 30, 0, 28, 31, 29, 0),
	gsSPVertex(wellwa_wellwa_mesh_layer_1_vtx_0 + 159, 32, 0),
	gsSP2Triangles(0, 1, 2, 0, 0, 3, 1, 0),
	gsSP2Triangles(2, 1, 4, 0, 5, 2, 6, 0),
	gsSP2Triangles(7, 8, 9, 0, 7, 10, 8, 0),
	gsSP2Triangles(11, 12, 13, 0, 11, 14, 12, 0),
	gsSP2Triangles(15, 14, 11, 0, 16, 17, 18, 0),
	gsSP2Triangles(17, 16, 19, 0, 17, 19, 20, 0),
	gsSP2Triangles(20, 19, 21, 0, 20, 21, 22, 0),
	gsSP2Triangles(23, 24, 25, 0, 23, 26, 24, 0),
	gsSP2Triangles(26, 27, 24, 0, 28, 27, 26, 0),
	gsSP2Triangles(29, 28, 26, 0, 29, 26, 30, 0),
	gsSP1Triangle(30, 26, 31, 0),
	gsSPVertex(wellwa_wellwa_mesh_layer_1_vtx_0 + 191, 32, 0),
	gsSP2Triangles(0, 1, 2, 0, 2, 1, 3, 0),
	gsSP2Triangles(4, 5, 6, 0, 7, 5, 4, 0),
	gsSP2Triangles(7, 8, 5, 0, 5, 8, 9, 0),
	gsSP2Triangles(8, 10, 9, 0, 10, 11, 9, 0),
	gsSP2Triangles(9, 11, 12, 0, 9, 12, 13, 0),
	gsSP2Triangles(13, 12, 14, 0, 13, 14, 15, 0),
	gsSP2Triangles(16, 17, 18, 0, 19, 17, 16, 0),
	gsSP2Triangles(20, 19, 16, 0, 20, 16, 21, 0),
	gsSP2Triangles(19, 22, 17, 0, 23, 24, 25, 0),
	gsSP2Triangles(24, 26, 25, 0, 24, 27, 26, 0),
	gsSP2Triangles(27, 24, 28, 0, 27, 28, 29, 0),
	gsSP2Triangles(29, 28, 30, 0, 31, 29, 30, 0),
	gsSPVertex(wellwa_wellwa_mesh_layer_1_vtx_0 + 223, 32, 0),
	gsSP2Triangles(0, 1, 2, 0, 0, 2, 3, 0),
	gsSP2Triangles(3, 2, 4, 0, 5, 6, 7, 0),
	gsSP2Triangles(5, 8, 6, 0, 9, 8, 5, 0),
	gsSP2Triangles(9, 10, 8, 0, 11, 10, 9, 0),
	gsSP2Triangles(11, 12, 10, 0, 12, 11, 13, 0),
	gsSP2Triangles(14, 15, 16, 0, 14, 16, 17, 0),
	gsSP2Triangles(18, 19, 20, 0, 18, 20, 21, 0),
	gsSP2Triangles(22, 23, 24, 0, 25, 24, 23, 0),
	gsSP2Triangles(26, 25, 23, 0, 27, 25, 26, 0),
	gsSP2Triangles(27, 28, 25, 0, 28, 29, 25, 0),
	gsSP2Triangles(28, 30, 29, 0, 28, 31, 30, 0),
	gsSPVertex(wellwa_wellwa_mesh_layer_1_vtx_0 + 255, 32, 0),
	gsSP2Triangles(0, 1, 2, 0, 3, 0, 4, 0),
	gsSP2Triangles(5, 3, 4, 0, 5, 4, 6, 0),
	gsSP2Triangles(6, 7, 5, 0, 7, 8, 5, 0),
	gsSP2Triangles(5, 8, 9, 0, 10, 11, 12, 0),
	gsSP2Triangles(11, 10, 13, 0, 11, 13, 14, 0),
	gsSP2Triangles(14, 13, 15, 0, 14, 15, 16, 0),
	gsSP2Triangles(16, 15, 17, 0, 18, 19, 20, 0),
	gsSP2Triangles(21, 19, 18, 0, 21, 22, 19, 0),
	gsSP2Triangles(22, 21, 23, 0, 24, 25, 26, 0),
	gsSP2Triangles(25, 24, 27, 0, 25, 27, 28, 0),
	gsSP2Triangles(28, 27, 29, 0, 28, 29, 30, 0),
	gsSP1Triangle(30, 29, 31, 0),
	gsSPVertex(wellwa_wellwa_mesh_layer_1_vtx_0 + 287, 32, 0),
	gsSP2Triangles(0, 1, 2, 0, 3, 1, 0, 0),
	gsSP2Triangles(3, 4, 1, 0, 5, 4, 3, 0),
	gsSP2Triangles(5, 6, 4, 0, 6, 5, 7, 0),
	gsSP2Triangles(8, 9, 10, 0, 8, 10, 11, 0),
	gsSP2Triangles(11, 10, 12, 0, 12, 10, 13, 0),
	gsSP2Triangles(10, 14, 13, 0, 10, 15, 14, 0),
	gsSP2Triangles(12, 13, 16, 0, 17, 12, 16, 0),
	gsSP2Triangles(18, 12, 17, 0, 19, 12, 18, 0),
	gsSP2Triangles(20, 19, 18, 0, 20, 21, 19, 0),
	gsSP2Triangles(21, 22, 19, 0, 22, 11, 19, 0),
	gsSP2Triangles(22, 23, 11, 0, 23, 24, 11, 0),
	gsSP2Triangles(23, 25, 24, 0, 25, 26, 24, 0),
	gsSP2Triangles(19, 11, 12, 0, 27, 28, 29, 0),
	gsSP2Triangles(30, 27, 29, 0, 30, 29, 31, 0),
	gsSPVertex(wellwa_wellwa_mesh_layer_1_vtx_0 + 319, 32, 0),
	gsSP2Triangles(0, 1, 2, 0, 0, 3, 1, 0),
	gsSP2Triangles(4, 5, 6, 0, 6, 5, 7, 0),
	gsSP2Triangles(5, 8, 7, 0, 5, 9, 8, 0),
	gsSP2Triangles(9, 10, 8, 0, 6, 7, 11, 0),
	gsSP2Triangles(11, 12, 6, 0, 11, 13, 12, 0),
	gsSP2Triangles(13, 14, 12, 0, 15, 14, 13, 0),
	gsSP2Triangles(16, 17, 18, 0, 16, 18, 19, 0),
	gsSP2Triangles(20, 16, 19, 0, 20, 19, 21, 0),
	gsSP2Triangles(22, 20, 21, 0, 22, 21, 23, 0),
	gsSP2Triangles(23, 24, 22, 0, 25, 26, 27, 0),
	gsSP2Triangles(25, 27, 28, 0, 29, 30, 31, 0),
	gsSPVertex(wellwa_wellwa_mesh_layer_1_vtx_0 + 351, 32, 0),
	gsSP2Triangles(0, 1, 2, 0, 3, 4, 5, 0),
	gsSP2Triangles(6, 5, 4, 0, 6, 4, 7, 0),
	gsSP2Triangles(8, 6, 7, 0, 9, 6, 8, 0),
	gsSP2Triangles(6, 9, 10, 0, 6, 10, 11, 0),
	gsSP2Triangles(11, 10, 12, 0, 13, 11, 12, 0),
	gsSP2Triangles(13, 12, 14, 0, 12, 15, 14, 0),
	gsSP2Triangles(13, 6, 11, 0, 16, 6, 13, 0),
	gsSP2Triangles(16, 17, 6, 0, 17, 5, 6, 0),
	gsSP2Triangles(18, 19, 20, 0, 19, 21, 20, 0),
	gsSP2Triangles(21, 22, 20, 0, 22, 23, 20, 0),
	gsSP2Triangles(23, 24, 20, 0, 24, 25, 20, 0),
	gsSP2Triangles(25, 18, 20, 0, 26, 27, 28, 0),
	gsSP2Triangles(26, 28, 29, 0, 29, 28, 30, 0),
	gsSP1Triangle(31, 29, 30, 0),
	gsSPVertex(wellwa_wellwa_mesh_layer_1_vtx_0 + 383, 11, 0),
	gsSP2Triangles(0, 1, 2, 0, 0, 3, 1, 0),
	gsSP2Triangles(4, 5, 6, 0, 4, 7, 5, 0),
	gsSP2Triangles(8, 7, 4, 0, 8, 9, 7, 0),
	gsSP2Triangles(9, 10, 7, 0, 7, 10, 5, 0),
	gsSPEndDisplayList(),
};

Vtx wellwa_wellwa_mesh_layer_1_vtx_1[166] = {
	{{{2, -26, -178}, 0, {704, 521}, {0xC5, 0x90, 0xFD, 0xFF}}},
	{{{1, -23, -192}, 0, {704, 557}, {0xB2, 0xA1, 0xDF, 0xFF}}},
	{{{16, -18, -190}, 0, {748, 549}, {0x5F, 0xB1, 0xE3, 0xFF}}},
	{{{21, -19, -171}, 0, {760, 496}, {0x62, 0xB0, 0xFE, 0xFF}}},
	{{{2, -21, -161}, 0, {704, 469}, {0xB6, 0x9C, 0x16, 0xFF}}},
	{{{7, -13, -109}, 0, {718, 318}, {0xB7, 0xA0, 0x27, 0xFF}}},
	{{{14, -13, -109}, 0, {738, 319}, {0x51, 0xA6, 0x26, 0xFF}}},
	{{{10, -5, -94}, 0, {729, 272}, {0x00, 0xFE, 0x7F, 0xFF}}},
	{{{21, -19, -171}, 0, {36, 448}, {0x62, 0xB0, 0xFE, 0xFF}}},
	{{{16, -18, -190}, 0, {39, 505}, {0x5F, 0xB1, 0xE3, 0xFF}}},
	{{{17, -2, -191}, 0, {87, 506}, {0x69, 0x45, 0xED, 0xFF}}},
	{{{23, -3, -162}, 0, {84, 422}, {0x6E, 0x3F, 0x04, 0xFF}}},
	{{{14, -13, -109}, 0, {48, 269}, {0x51, 0xA6, 0x26, 0xFF}}},
	{{{14, 1, -106}, 0, {87, 260}, {0x5B, 0x51, 0x23, 0xFF}}},
	{{{10, -5, -94}, 0, {68, 226}, {0x00, 0xFE, 0x7F, 0xFF}}},
	{{{1, 7, -192}, 0, {522, 557}, {0xBC, 0x6B, 0xF9, 0xFF}}},
	{{{1, -23, -192}, 0, {606, 553}, {0xB2, 0xA1, 0xDF, 0xFF}}},
	{{{2, -26, -178}, 0, {613, 513}, {0xC5, 0x90, 0xFD, 0xFF}}},
	{{{-2, -13, -178}, 0, {575, 516}, {0x81, 0xFA, 0xFC, 0xFF}}},
	{{{1, -9, -142}, 0, {559, 411}, {0x82, 0xF9, 0x0C, 0xFF}}},
	{{{2, -21, -161}, 0, {596, 464}, {0xB6, 0x9C, 0x16, 0xFF}}},
	{{{7, -6, -107}, 0, {547, 310}, {0x85, 0xF0, 0x1C, 0xFF}}},
	{{{7, -13, -109}, 0, {567, 313}, {0xB7, 0xA0, 0x27, 0xFF}}},
	{{{10, -5, -94}, 0, {543, 271}, {0x00, 0xFE, 0x7F, 0xFF}}},
	{{{6, 1, -106}, 0, {527, 307}, {0xAF, 0x59, 0x29, 0xFF}}},
	{{{3, 3, -123}, 0, {522, 358}, {0xAD, 0x5F, 0x11, 0xFF}}},
	{{{14, 1, -106}, 0, {418, 263}, {0x5B, 0x51, 0x23, 0xFF}}},
	{{{6, 1, -106}, 0, {440, 263}, {0xAF, 0x59, 0x29, 0xFF}}},
	{{{10, -5, -94}, 0, {427, 226}, {0x00, 0xFE, 0x7F, 0xFF}}},
	{{{3, 3, -123}, 0, {451, 312}, {0xAD, 0x5F, 0x11, 0xFF}}},
	{{{23, -3, -162}, 0, {388, 421}, {0x6E, 0x3F, 0x04, 0xFF}}},
	{{{1, 7, -192}, 0, {451, 511}, {0xBC, 0x6B, 0xF9, 0xFF}}},
	{{{23, -3, -162}, 0, {388, 421}, {0x6E, 0x3F, 0x04, 0xFF}}},
	{{{17, -2, -191}, 0, {402, 504}, {0x69, 0x45, 0xED, 0xFF}}},
	{{{1, 7, -192}, 0, {451, 511}, {0xBC, 0x6B, 0xF9, 0xFF}}},
	{{{-2, -26, -178}, 0, {507, 475}, {0x3B, 0x90, 0xFD, 0xFF}}},
	{{{-16, -18, -190}, 0, {462, 503}, {0xA1, 0xB1, 0xE3, 0xFF}}},
	{{{-1, -23, -192}, 0, {506, 511}, {0x4E, 0xA1, 0xDF, 0xFF}}},
	{{{-21, -19, -171}, 0, {451, 450}, {0x9E, 0xB0, 0xFE, 0xFF}}},
	{{{-2, -21, -161}, 0, {507, 423}, {0x4A, 0x9C, 0x16, 0xFF}}},
	{{{-7, -13, -109}, 0, {493, 272}, {0x49, 0xA0, 0x27, 0xFF}}},
	{{{-14, -13, -109}, 0, {473, 273}, {0xAF, 0xA6, 0x26, 0xFF}}},
	{{{-10, -5, -94}, 0, {481, 225}, {0x00, 0xFE, 0x7F, 0xFF}}},
	{{{-21, -19, -171}, 0, {36, 448}, {0x9E, 0xB0, 0xFE, 0xFF}}},
	{{{-17, -2, -191}, 0, {-16, 506}, {0x97, 0x45, 0xED, 0xFF}}},
	{{{-16, -18, -190}, 0, {33, 505}, {0xA1, 0xB1, 0xE3, 0xFF}}},
	{{{-23, -3, -162}, 0, {-13, 422}, {0x92, 0x3F, 0x04, 0xFF}}},
	{{{-14, -13, -109}, 0, {23, 269}, {0xAF, 0xA6, 0x26, 0xFF}}},
	{{{-14, 1, -106}, 0, {-16, 260}, {0xA5, 0x51, 0x23, 0xFF}}},
	{{{-10, -5, -94}, 0, {3, 226}, {0x00, 0xFE, 0x7F, 0xFF}}},
	{{{-1, 7, -192}, 0, {704, 557}, {0x44, 0x6B, 0xF9, 0xFF}}},
	{{{-2, -26, -178}, 0, {613, 513}, {0x3B, 0x90, 0xFD, 0xFF}}},
	{{{-1, -23, -192}, 0, {620, 553}, {0x4E, 0xA1, 0xDF, 0xFF}}},
	{{{2, -13, -178}, 0, {651, 516}, {0x7F, 0xFA, 0xFC, 0xFF}}},
	{{{-3, 3, -123}, 0, {704, 358}, {0x53, 0x5F, 0x11, 0xFF}}},
	{{{-1, -9, -142}, 0, {667, 411}, {0x7E, 0xF9, 0x0C, 0xFF}}},
	{{{-6, 1, -106}, 0, {699, 307}, {0x51, 0x59, 0x29, 0xFF}}},
	{{{-7, -6, -107}, 0, {679, 310}, {0x7B, 0xF0, 0x1C, 0xFF}}},
	{{{-10, -5, -94}, 0, {683, 271}, {0x00, 0xFE, 0x7F, 0xFF}}},
	{{{-7, -13, -109}, 0, {659, 313}, {0x49, 0xA0, 0x27, 0xFF}}},
	{{{-2, -21, -161}, 0, {630, 464}, {0x4A, 0x9C, 0x16, 0xFF}}},
	{{{-14, 1, -106}, 0, {358, 263}, {0xA5, 0x51, 0x23, 0xFF}}},
	{{{-10, -5, -94}, 0, {349, 226}, {0x00, 0xFE, 0x7F, 0xFF}}},
	{{{-6, 1, -106}, 0, {335, 263}, {0x51, 0x59, 0x29, 0xFF}}},
	{{{-14, 1, -106}, 0, {358, 263}, {0xA5, 0x51, 0x23, 0xFF}}},
	{{{-6, 1, -106}, 0, {335, 263}, {0x51, 0x59, 0x29, 0xFF}}},
	{{{-3, 3, -123}, 0, {325, 312}, {0x53, 0x5F, 0x11, 0xFF}}},
	{{{-23, -3, -162}, 0, {388, 421}, {0x92, 0x3F, 0x04, 0xFF}}},
	{{{-1, 7, -192}, 0, {325, 511}, {0x44, 0x6B, 0xF9, 0xFF}}},
	{{{-17, -2, -191}, 0, {374, 504}, {0x97, 0x45, 0xED, 0xFF}}},
	{{{-12, -10, -30}, 0, {536, 85}, {0x97, 0xB8, 0xFD, 0xFF}}},
	{{{-17, -21, -96}, 0, {522, 271}, {0xA6, 0xA7, 0xF3, 0xFF}}},
	{{{-3, -21, -96}, 0, {563, 271}, {0x59, 0xA7, 0xF2, 0xFF}}},
	{{{-6, -10, -30}, 0, {555, 85}, {0x69, 0xB9, 0xFB, 0xFF}}},
	{{{-17, -21, -96}, 0, {704, 17}, {0xA6, 0xA7, 0xF3, 0xFF}}},
	{{{-7, -15, -109}, 0, {735, 61}, {0x4E, 0xBA, 0xB8, 0xFF}}},
	{{{-3, -21, -96}, 0, {745, 17}, {0x59, 0xA7, 0xF2, 0xFF}}},
	{{{-14, -15, -109}, 0, {713, 61}, {0xB2, 0xBA, 0xB8, 0xFF}}},
	{{{-10, -8, -115}, 0, {724, 86}, {0x00, 0xFE, 0x81, 0xFF}}},
	{{{-6, -10, -30}, 0, {507, 357}, {0x69, 0xB9, 0xFB, 0xFF}}},
	{{{-6, -11, -27}, 0, {516, 357}, {0x55, 0xA3, 0x11, 0xFF}}},
	{{{-12, -11, -27}, 0, {516, 338}, {0xAB, 0xA3, 0x11, 0xFF}}},
	{{{-12, -10, -30}, 0, {507, 338}, {0x97, 0xB8, 0xFD, 0xFF}}},
	{{{-11, -5, -27}, 0, {822, 753}, {0xAB, 0x5E, 0x05, 0xFF}}},
	{{{-11, -5, -19}, 0, {819, 732}, {0xC3, 0x29, 0x68, 0xFF}}},
	{{{-8, -5, -19}, 0, {811, 732}, {0x3D, 0x29, 0x68, 0xFF}}},
	{{{-7, -5, -27}, 0, {809, 753}, {0x56, 0x5E, 0x05, 0xFF}}},
	{{{-15, -3, -98}, 0, {835, 960}, {0xA6, 0x59, 0x06, 0xFF}}},
	{{{-5, -3, -98}, 0, {808, 960}, {0x5A, 0x5A, 0x05, 0xFF}}},
	{{{-15, -1, -109}, 0, {835, 993}, {0xB2, 0x5A, 0xD3, 0xFF}}},
	{{{-6, -1, -109}, 0, {809, 994}, {0x4E, 0x5A, 0xD3, 0xFF}}},
	{{{-10, -8, -115}, 0, {822, 1008}, {0x00, 0xFE, 0x81, 0xFF}}},
	{{{-6, -11, -27}, 0, {83, 226}, {0x55, 0xA3, 0x11, 0xFF}}},
	{{{-8, -5, -19}, 0, {78, 198}, {0x3D, 0x29, 0x68, 0xFF}}},
	{{{-11, -5, -19}, 0, {69, 198}, {0xC3, 0x29, 0x68, 0xFF}}},
	{{{-12, -11, -27}, 0, {64, 226}, {0xAB, 0xA3, 0x11, 0xFF}}},
	{{{-8, -5, -19}, 0, {308, 229}, {0x3D, 0x29, 0x68, 0xFF}}},
	{{{-6, -11, -27}, 0, {288, 250}, {0x55, 0xA3, 0x11, 0xFF}}},
	{{{-6, -10, -30}, 0, {291, 259}, {0x69, 0xB9, 0xFB, 0xFF}}},
	{{{-7, -5, -27}, 0, {305, 250}, {0x56, 0x5E, 0x05, 0xFF}}},
	{{{-5, -3, -98}, 0, {301, 455}, {0x5A, 0x5A, 0x05, 0xFF}}},
	{{{-3, -21, -96}, 0, {249, 445}, {0x59, 0xA7, 0xF2, 0xFF}}},
	{{{-6, -1, -109}, 0, {308, 488}, {0x4E, 0x5A, 0xD3, 0xFF}}},
	{{{-7, -15, -109}, 0, {267, 487}, {0x4E, 0xBA, 0xB8, 0xFF}}},
	{{{-10, -8, -115}, 0, {288, 505}, {0x00, 0xFE, 0x81, 0xFF}}},
	{{{-12, -10, -30}, 0, {104, 259}, {0x97, 0xB8, 0xFD, 0xFF}}},
	{{{-12, -11, -27}, 0, {107, 251}, {0xAB, 0xA3, 0x11, 0xFF}}},
	{{{-11, -5, -19}, 0, {87, 229}, {0xC3, 0x29, 0x68, 0xFF}}},
	{{{-11, -5, -27}, 0, {90, 251}, {0xAB, 0x5E, 0x05, 0xFF}}},
	{{{-17, -21, -96}, 0, {146, 448}, {0xA6, 0xA7, 0xF3, 0xFF}}},
	{{{-15, -3, -98}, 0, {94, 458}, {0xA6, 0x59, 0x06, 0xFF}}},
	{{{-14, -15, -109}, 0, {127, 489}, {0xB2, 0xBA, 0xB8, 0xFF}}},
	{{{-15, -1, -109}, 0, {87, 491}, {0xB2, 0x5A, 0xD3, 0xFF}}},
	{{{-10, -8, -115}, 0, {107, 506}, {0x00, 0xFE, 0x81, 0xFF}}},
	{{{12, -10, -30}, 0, {589, 85}, {0x69, 0xB8, 0xFD, 0xFF}}},
	{{{6, -10, -30}, 0, {571, 85}, {0x97, 0xB9, 0xFB, 0xFF}}},
	{{{3, -21, -96}, 0, {563, 271}, {0xA7, 0xA7, 0xF2, 0xFF}}},
	{{{17, -21, -96}, 0, {604, 271}, {0x5A, 0xA7, 0xF3, 0xFF}}},
	{{{17, -21, -96}, 0, {785, 17}, {0x5A, 0xA7, 0xF3, 0xFF}}},
	{{{3, -21, -96}, 0, {745, 17}, {0xA7, 0xA7, 0xF2, 0xFF}}},
	{{{7, -15, -109}, 0, {754, 61}, {0xB2, 0xBA, 0xB8, 0xFF}}},
	{{{14, -15, -109}, 0, {776, 61}, {0x4E, 0xBA, 0xB8, 0xFF}}},
	{{{10, -8, -115}, 0, {765, 86}, {0x00, 0xFE, 0x81, 0xFF}}},
	{{{6, -10, -30}, 0, {178, 338}, {0x97, 0xB9, 0xFB, 0xFF}}},
	{{{12, -10, -30}, 0, {178, 357}, {0x69, 0xB8, 0xFD, 0xFF}}},
	{{{12, -11, -27}, 0, {187, 357}, {0x55, 0xA3, 0x11, 0xFF}}},
	{{{6, -11, -27}, 0, {187, 338}, {0xAB, 0xA3, 0x11, 0xFF}}},
	{{{11, -5, -27}, 0, {159, 251}, {0x55, 0x5E, 0x05, 0xFF}}},
	{{{8, -5, -19}, 0, {170, 230}, {0xC3, 0x29, 0x68, 0xFF}}},
	{{{11, -5, -19}, 0, {161, 230}, {0x3D, 0x29, 0x68, 0xFF}}},
	{{{7, -5, -27}, 0, {172, 251}, {0xAA, 0x5E, 0x05, 0xFF}}},
	{{{15, -3, -98}, 0, {146, 458}, {0x5A, 0x59, 0x06, 0xFF}}},
	{{{5, -3, -98}, 0, {173, 458}, {0xA6, 0x5A, 0x05, 0xFF}}},
	{{{15, -1, -109}, 0, {146, 491}, {0x4E, 0x5A, 0xD3, 0xFF}}},
	{{{6, -1, -109}, 0, {172, 491}, {0xB2, 0x5A, 0xD3, 0xFF}}},
	{{{10, -8, -115}, 0, {159, 506}, {0x00, 0xFE, 0x81, 0xFF}}},
	{{{6, -11, -27}, 0, {422, 226}, {0xAB, 0xA3, 0x11, 0xFF}}},
	{{{12, -11, -27}, 0, {440, 226}, {0x55, 0xA3, 0x11, 0xFF}}},
	{{{11, -5, -19}, 0, {435, 198}, {0x3D, 0x29, 0x68, 0xFF}}},
	{{{8, -5, -19}, 0, {426, 198}, {0xC3, 0x29, 0x68, 0xFF}}},
	{{{8, -5, -19}, 0, {760, 281}, {0xC3, 0x29, 0x68, 0xFF}}},
	{{{6, -10, -30}, 0, {776, 311}, {0x97, 0xB9, 0xFB, 0xFF}}},
	{{{6, -11, -27}, 0, {779, 302}, {0xAB, 0xA3, 0x11, 0xFF}}},
	{{{7, -5, -27}, 0, {762, 302}, {0xAA, 0x5E, 0x05, 0xFF}}},
	{{{5, -3, -98}, 0, {766, 507}, {0xA6, 0x5A, 0x05, 0xFF}}},
	{{{3, -21, -96}, 0, {818, 497}, {0xA7, 0xA7, 0xF2, 0xFF}}},
	{{{6, -1, -109}, 0, {760, 540}, {0xB2, 0x5A, 0xD3, 0xFF}}},
	{{{7, -15, -109}, 0, {800, 539}, {0xB2, 0xBA, 0xB8, 0xFF}}},
	{{{10, -8, -115}, 0, {780, 557}, {0x00, 0xFE, 0x81, 0xFF}}},
	{{{12, -10, -30}, 0, {233, 258}, {0x69, 0xB8, 0xFD, 0xFF}}},
	{{{11, -5, -19}, 0, {249, 228}, {0x3D, 0x29, 0x68, 0xFF}}},
	{{{12, -11, -27}, 0, {230, 250}, {0x55, 0xA3, 0x11, 0xFF}}},
	{{{11, -5, -27}, 0, {247, 250}, {0x55, 0x5E, 0x05, 0xFF}}},
	{{{17, -21, -96}, 0, {191, 447}, {0x5A, 0xA7, 0xF3, 0xFF}}},
	{{{15, -3, -98}, 0, {243, 457}, {0x5A, 0x59, 0x06, 0xFF}}},
	{{{14, -15, -109}, 0, {209, 488}, {0x4E, 0xBA, 0xB8, 0xFF}}},
	{{{15, -1, -109}, 0, {249, 490}, {0x4E, 0x5A, 0xD3, 0xFF}}},
	{{{10, -8, -115}, 0, {230, 505}, {0x00, 0xFE, 0x81, 0xFF}}},
	{{{6, -12, -32}, 0, {791, 561}, {0xBC, 0xD3, 0x9F, 0xFF}}},
	{{{6, -4, -26}, 0, {804, 726}, {0xB2, 0x48, 0xBA, 0xFF}}},
	{{{13, -4, -26}, 0, {907, 727}, {0x4E, 0x48, 0xBA, 0xFF}}},
	{{{12, -12, -32}, 0, {915, 556}, {0x44, 0xD3, 0x9F, 0xFF}}},
	{{{-12, -12, -32}, 0, {792, 110}, {0xBC, 0xD3, 0x9F, 0xFF}}},
	{{{-13, -4, -26}, 0, {804, 275}, {0xB2, 0x48, 0xBA, 0xFF}}},
	{{{-6, -4, -26}, 0, {907, 275}, {0x4E, 0x48, 0xBA, 0xFF}}},
	{{{-6, -12, -32}, 0, {915, 106}, {0x44, 0xD3, 0x9F, 0xFF}}},
};

Gfx wellwa_wellwa_mesh_layer_1_tri_1[] = {
	gsSPVertex(wellwa_wellwa_mesh_layer_1_vtx_1 + 0, 32, 0),
	gsSP2Triangles(0, 1, 2, 0, 0, 2, 3, 0),
	gsSP2Triangles(4, 0, 3, 0, 5, 4, 3, 0),
	gsSP2Triangles(5, 3, 6, 0, 5, 6, 7, 0),
	gsSP2Triangles(8, 9, 10, 0, 8, 10, 11, 0),
	gsSP2Triangles(12, 8, 11, 0, 12, 11, 13, 0),
	gsSP2Triangles(12, 13, 14, 0, 15, 16, 17, 0),
	gsSP2Triangles(15, 17, 18, 0, 19, 18, 17, 0),
	gsSP2Triangles(19, 17, 20, 0, 21, 19, 20, 0),
	gsSP2Triangles(21, 20, 22, 0, 21, 22, 23, 0),
	gsSP2Triangles(24, 21, 23, 0, 24, 19, 21, 0),
	gsSP2Triangles(24, 25, 19, 0, 25, 18, 19, 0),
	gsSP2Triangles(25, 15, 18, 0, 26, 27, 28, 0),
	gsSP2Triangles(26, 29, 27, 0, 26, 30, 29, 0),
	gsSP1Triangle(29, 30, 31, 0),
	gsSPVertex(wellwa_wellwa_mesh_layer_1_vtx_1 + 32, 32, 0),
	gsSP2Triangles(0, 1, 2, 0, 3, 4, 5, 0),
	gsSP2Triangles(3, 6, 4, 0, 7, 6, 3, 0),
	gsSP2Triangles(8, 6, 7, 0, 8, 9, 6, 0),
	gsSP2Triangles(8, 10, 9, 0, 11, 12, 13, 0),
	gsSP2Triangles(11, 14, 12, 0, 15, 14, 11, 0),
	gsSP2Triangles(15, 16, 14, 0, 15, 17, 16, 0),
	gsSP2Triangles(18, 19, 20, 0, 18, 21, 19, 0),
	gsSP2Triangles(22, 21, 18, 0, 22, 23, 21, 0),
	gsSP2Triangles(24, 23, 22, 0, 24, 25, 23, 0),
	gsSP2Triangles(24, 26, 25, 0, 26, 27, 25, 0),
	gsSP2Triangles(25, 27, 28, 0, 25, 28, 23, 0),
	gsSP2Triangles(23, 28, 19, 0, 23, 19, 21, 0),
	gsSP1Triangle(29, 30, 31, 0),
	gsSPVertex(wellwa_wellwa_mesh_layer_1_vtx_1 + 64, 32, 0),
	gsSP2Triangles(0, 1, 2, 0, 0, 2, 3, 0),
	gsSP2Triangles(2, 4, 3, 0, 3, 4, 5, 0),
	gsSP2Triangles(6, 7, 8, 0, 6, 8, 9, 0),
	gsSP2Triangles(10, 11, 12, 0, 10, 13, 11, 0),
	gsSP2Triangles(13, 14, 11, 0, 15, 16, 17, 0),
	gsSP2Triangles(15, 17, 18, 0, 19, 20, 21, 0),
	gsSP2Triangles(19, 21, 22, 0, 22, 23, 19, 0),
	gsSP2Triangles(22, 24, 23, 0, 24, 25, 23, 0),
	gsSP2Triangles(24, 26, 25, 0, 26, 27, 25, 0),
	gsSP2Triangles(28, 29, 30, 0, 28, 30, 31, 0),
	gsSPVertex(wellwa_wellwa_mesh_layer_1_vtx_1 + 96, 31, 0),
	gsSP2Triangles(0, 1, 2, 0, 3, 0, 2, 0),
	gsSP2Triangles(2, 4, 3, 0, 2, 5, 4, 0),
	gsSP2Triangles(5, 6, 4, 0, 5, 7, 6, 0),
	gsSP2Triangles(7, 8, 6, 0, 9, 10, 11, 0),
	gsSP2Triangles(9, 11, 12, 0, 12, 13, 9, 0),
	gsSP2Triangles(12, 14, 13, 0, 14, 15, 13, 0),
	gsSP2Triangles(14, 16, 15, 0, 16, 17, 15, 0),
	gsSP2Triangles(18, 19, 20, 0, 18, 20, 21, 0),
	gsSP2Triangles(22, 23, 24, 0, 22, 24, 25, 0),
	gsSP2Triangles(25, 24, 26, 0, 27, 28, 29, 0),
	gsSP1Triangle(27, 29, 30, 0),
	gsSPVertex(wellwa_wellwa_mesh_layer_1_vtx_1 + 127, 31, 0),
	gsSP2Triangles(0, 1, 2, 0, 0, 3, 1, 0),
	gsSP2Triangles(3, 0, 4, 0, 3, 4, 5, 0),
	gsSP2Triangles(5, 4, 6, 0, 5, 6, 7, 0),
	gsSP2Triangles(7, 6, 8, 0, 9, 10, 11, 0),
	gsSP2Triangles(9, 11, 12, 0, 13, 14, 15, 0),
	gsSP2Triangles(16, 14, 13, 0, 14, 16, 17, 0),
	gsSP2Triangles(14, 17, 18, 0, 18, 17, 19, 0),
	gsSP2Triangles(18, 19, 20, 0, 20, 19, 21, 0),
	gsSP2Triangles(22, 23, 24, 0, 22, 25, 23, 0),
	gsSP2Triangles(25, 22, 26, 0, 25, 26, 27, 0),
	gsSP2Triangles(27, 26, 28, 0, 27, 28, 29, 0),
	gsSP1Triangle(29, 28, 30, 0),
	gsSPVertex(wellwa_wellwa_mesh_layer_1_vtx_1 + 158, 8, 0),
	gsSP2Triangles(0, 1, 2, 0, 0, 2, 3, 0),
	gsSP2Triangles(4, 5, 6, 0, 4, 6, 7, 0),
	gsSPEndDisplayList(),
};

Vtx wellwa_wellwa_mesh_layer_1_vtx_2[10] = {
	{{{20, 0, -291}, 0, {1032, 927}, {0x76, 0x2E, 0x06, 0xFF}}},
	{{{18, -1, -311}, 0, {1032, -86}, {0x60, 0x30, 0xBC, 0xFF}}},
	{{{15, 8, -305}, 0, {1005, -86}, {0x53, 0x5B, 0xE3, 0xFF}}},
	{{{16, 5, -291}, 0, {856, 933}, {0x54, 0x54, 0xD3, 0xFF}}},
	{{{2, 14, -308}, 0, {-12, -86}, {0x00, 0x78, 0xD6, 0xFF}}},
	{{{2, 13, -291}, 0, {-12, 1041}, {0x00, 0x71, 0xC6, 0xFF}}},
	{{{-13, 5, -291}, 0, {-880, 933}, {0xAC, 0x54, 0xD3, 0xFF}}},
	{{{-12, 8, -305}, 0, {-1029, -86}, {0xAD, 0x5B, 0xE3, 0xFF}}},
	{{{-17, 0, -291}, 0, {-1057, 927}, {0x8A, 0x2E, 0x06, 0xFF}}},
	{{{-15, -1, -311}, 0, {-1057, -86}, {0xA0, 0x30, 0xBC, 0xFF}}},
};

Gfx wellwa_wellwa_mesh_layer_1_tri_2[] = {
	gsSPVertex(wellwa_wellwa_mesh_layer_1_vtx_2 + 0, 10, 0),
	gsSP2Triangles(0, 1, 2, 0, 0, 2, 3, 0),
	gsSP2Triangles(3, 2, 4, 0, 3, 4, 5, 0),
	gsSP2Triangles(6, 5, 4, 0, 6, 4, 7, 0),
	gsSP2Triangles(8, 6, 7, 0, 8, 7, 9, 0),
	gsSPEndDisplayList(),
};

Vtx wellwa_wellwa_mesh_layer_1_vtx_3[6] = {
	{{{16, 1, -282}, 0, {1624, 992}, {0x50, 0x18, 0x5F, 0xFF}}},
	{{{17, 7, -288}, 0, {1624, 105}, {0x5C, 0x57, 0xFF, 0xFF}}},
	{{{1, 11, -279}, 0, {475, 992}, {0xFF, 0x50, 0x62, 0xFF}}},
	{{{2, 16, -290}, 0, {475, 105}, {0x00, 0x7B, 0xE2, 0xFF}}},
	{{{-14, 7, -288}, 0, {-652, 105}, {0xA3, 0x57, 0xFE, 0xFF}}},
	{{{-13, 1, -282}, 0, {-652, 992}, {0xAF, 0x18, 0x5F, 0xFF}}},
};

Gfx wellwa_wellwa_mesh_layer_1_tri_3[] = {
	gsSPVertex(wellwa_wellwa_mesh_layer_1_vtx_3 + 0, 6, 0),
	gsSP2Triangles(0, 1, 2, 0, 1, 3, 2, 0),
	gsSP2Triangles(4, 2, 3, 0, 5, 2, 4, 0),
	gsSPEndDisplayList(),
};

Vtx wellwa_wellwa_mesh_layer_1_vtx_4[62] = {
	{{{0, -15, -263}, 0, {495, 284}, {0x00, 0xAC, 0xA1, 0xFF}}},
	{{{14, -15, -263}, 0, {976, 284}, {0x04, 0xAD, 0xA0, 0xFF}}},
	{{{16, -20, -252}, 0, {976, -15}, {0x1D, 0x87, 0xE7, 0xFF}}},
	{{{14, -8, -265}, 0, {981, 337}, {0x01, 0xFF, 0x81, 0xFF}}},
	{{{0, -8, -265}, 0, {495, 343}, {0x00, 0xFF, 0x81, 0xFF}}},
	{{{-14, -8, -265}, 0, {10, 336}, {0xFF, 0xFF, 0x81, 0xFF}}},
	{{{-14, -15, -263}, 0, {16, 283}, {0xFC, 0xAD, 0xA0, 0xFF}}},
	{{{-16, -20, -252}, 0, {16, -16}, {0xE3, 0x87, 0xE7, 0xFF}}},
	{{{0, -20, -252}, 0, {496, -16}, {0x00, 0x83, 0xEA, 0xFF}}},
	{{{-13, -1, -263}, 0, {244, 519}, {0xEE, 0x40, 0x94, 0xFF}}},
	{{{0, 0, -263}, 0, {495, 499}, {0x00, 0x3E, 0x91, 0xFF}}},
	{{{-4, 8, -256}, 0, {398, 681}, {0x23, 0x28, 0x8D, 0xFF}}},
	{{{-12, 7, -256}, 0, {206, 651}, {0xD9, 0x20, 0x8C, 0xFF}}},
	{{{-16, 7, -253}, 0, {3, 689}, {0xAE, 0x2B, 0xA9, 0xFF}}},
	{{{-12, 10, -257}, 0, {168, 710}, {0xCF, 0xF4, 0x8B, 0xFF}}},
	{{{-14, 15, -255}, 0, {140, 789}, {0xB6, 0x2E, 0xA3, 0xFF}}},
	{{{-19, 10, -248}, 0, {14, 916}, {0x84, 0x19, 0xFA, 0xFF}}},
	{{{-15, 18, -251}, 0, {153, 888}, {0xB6, 0x5A, 0xCE, 0xFF}}},
	{{{-16, 19, -247}, 0, {102, 983}, {0xA9, 0x5C, 0x0D, 0xFF}}},
	{{{-7, 21, -246}, 0, {283, 983}, {0x12, 0x7C, 0x14, 0xFF}}},
	{{{-8, 20, -252}, 0, {260, 889}, {0xFB, 0x75, 0xCF, 0xFF}}},
	{{{-6, 17, -256}, 0, {306, 820}, {0x13, 0x4F, 0x9E, 0xFF}}},
	{{{-1, 18, -251}, 0, {384, 892}, {0x5B, 0x54, 0xE5, 0xFF}}},
	{{{0, 15, -244}, 0, {494, 987}, {0x00, 0x77, 0x2D, 0xFF}}},
	{{{0, 13, -254}, 0, {420, 811}, {0x6C, 0x17, 0xC1, 0xFF}}},
	{{{0, 14, -247}, 0, {494, 907}, {0x00, 0x78, 0xD6, 0xFF}}},
	{{{0, 13, -254}, 0, {569, 811}, {0x94, 0x17, 0xC1, 0xFF}}},
	{{{1, 18, -251}, 0, {605, 892}, {0xA5, 0x54, 0xE5, 0xFF}}},
	{{{7, 21, -246}, 0, {705, 984}, {0xEE, 0x7C, 0x14, 0xFF}}},
	{{{6, 17, -256}, 0, {683, 821}, {0xED, 0x4F, 0x9E, 0xFF}}},
	{{{8, 20, -252}, 0, {729, 890}, {0x05, 0x75, 0xCF, 0xFF}}},
	{{{15, 18, -251}, 0, {835, 889}, {0x4A, 0x5A, 0xCE, 0xFF}}},
	{{{15, 18, -251}, 0, {835, 889}, {0x4A, 0x5A, 0xCE, 0xFF}}},
	{{{7, 21, -246}, 0, {705, 984}, {0xEE, 0x7C, 0x14, 0xFF}}},
	{{{16, 19, -247}, 0, {907, 984}, {0x57, 0x5C, 0x0D, 0xFF}}},
	{{{19, 10, -248}, 0, {995, 916}, {0x7C, 0x19, 0xFA, 0xFF}}},
	{{{14, 15, -255}, 0, {849, 790}, {0x4A, 0x2E, 0xA3, 0xFF}}},
	{{{16, 7, -253}, 0, {987, 691}, {0x52, 0x2B, 0xA9, 0xFF}}},
	{{{12, 10, -257}, 0, {821, 711}, {0x31, 0xF4, 0x8B, 0xFF}}},
	{{{12, 7, -256}, 0, {783, 652}, {0x27, 0x20, 0x8C, 0xFF}}},
	{{{13, -1, -263}, 0, {746, 520}, {0x12, 0x40, 0x94, 0xFF}}},
	{{{4, 8, -256}, 0, {591, 682}, {0xDD, 0x28, 0x8D, 0xFF}}},
	{{{0, 0, -263}, 0, {495, 499}, {0x00, 0x3E, 0x91, 0xFF}}},
	{{{0, -8, -265}, 0, {495, 343}, {0x00, 0xFF, 0x81, 0xFF}}},
	{{{14, -8, -265}, 0, {981, 337}, {0x01, 0xFF, 0x81, 0xFF}}},
	{{{0, 10, -252}, 0, {495, 799}, {0x00, 0x1D, 0x84, 0xFF}}},
	{{{-4, 8, -256}, 0, {398, 681}, {0x23, 0x28, 0x8D, 0xFF}}},
	{{{0, 13, -254}, 0, {420, 811}, {0x6C, 0x17, 0xC1, 0xFF}}},
	{{{-4, 12, -258}, 0, {349, 755}, {0x2A, 0x07, 0x89, 0xFF}}},
	{{{-12, 10, -257}, 0, {168, 710}, {0xCF, 0xF4, 0x8B, 0xFF}}},
	{{{-12, 7, -256}, 0, {206, 651}, {0xD9, 0x20, 0x8C, 0xFF}}},
	{{{-14, 15, -255}, 0, {140, 789}, {0xB6, 0x2E, 0xA3, 0xFF}}},
	{{{-6, 17, -256}, 0, {306, 820}, {0x13, 0x4F, 0x9E, 0xFF}}},
	{{{-8, 20, -252}, 0, {260, 889}, {0xFB, 0x75, 0xCF, 0xFF}}},
	{{{-15, 18, -251}, 0, {153, 888}, {0xB6, 0x5A, 0xCE, 0xFF}}},
	{{{-1, 18, -251}, 0, {384, 892}, {0x5B, 0x54, 0xE5, 0xFF}}},
	{{{4, 12, -258}, 0, {640, 755}, {0xD6, 0x07, 0x89, 0xFF}}},
	{{{0, 13, -254}, 0, {569, 811}, {0x94, 0x17, 0xC1, 0xFF}}},
	{{{0, 14, -247}, 0, {494, 907}, {0x00, 0x78, 0xD6, 0xFF}}},
	{{{1, 18, -251}, 0, {605, 892}, {0xA5, 0x54, 0xE5, 0xFF}}},
	{{{6, 17, -256}, 0, {683, 821}, {0xED, 0x4F, 0x9E, 0xFF}}},
	{{{8, 20, -252}, 0, {729, 890}, {0x05, 0x75, 0xCF, 0xFF}}},
};

Gfx wellwa_wellwa_mesh_layer_1_tri_4[] = {
	gsSPVertex(wellwa_wellwa_mesh_layer_1_vtx_4 + 0, 32, 0),
	gsSP2Triangles(0, 1, 2, 0, 0, 3, 1, 0),
	gsSP2Triangles(0, 4, 3, 0, 0, 5, 4, 0),
	gsSP2Triangles(0, 6, 5, 0, 0, 7, 6, 0),
	gsSP2Triangles(8, 7, 0, 0, 8, 0, 2, 0),
	gsSP2Triangles(4, 5, 9, 0, 4, 9, 10, 0),
	gsSP2Triangles(11, 10, 9, 0, 11, 9, 12, 0),
	gsSP2Triangles(9, 13, 12, 0, 12, 13, 14, 0),
	gsSP2Triangles(13, 15, 14, 0, 13, 16, 15, 0),
	gsSP2Triangles(16, 17, 15, 0, 16, 18, 17, 0),
	gsSP2Triangles(17, 18, 19, 0, 17, 19, 20, 0),
	gsSP2Triangles(19, 21, 20, 0, 19, 22, 21, 0),
	gsSP2Triangles(19, 23, 22, 0, 23, 24, 22, 0),
	gsSP2Triangles(23, 25, 24, 0, 23, 26, 25, 0),
	gsSP2Triangles(23, 27, 26, 0, 28, 27, 23, 0),
	gsSP2Triangles(28, 29, 27, 0, 28, 30, 29, 0),
	gsSP1Triangle(31, 30, 28, 0),
	gsSPVertex(wellwa_wellwa_mesh_layer_1_vtx_4 + 32, 30, 0),
	gsSP2Triangles(0, 1, 2, 0, 3, 0, 2, 0),
	gsSP2Triangles(3, 4, 0, 0, 5, 4, 3, 0),
	gsSP2Triangles(5, 6, 4, 0, 7, 6, 5, 0),
	gsSP2Triangles(8, 7, 5, 0, 9, 7, 8, 0),
	gsSP2Triangles(9, 8, 10, 0, 11, 10, 8, 0),
	gsSP2Triangles(11, 8, 12, 0, 10, 13, 9, 0),
	gsSP2Triangles(10, 14, 13, 0, 15, 13, 14, 0),
	gsSP2Triangles(15, 14, 16, 0, 14, 17, 16, 0),
	gsSP2Triangles(14, 18, 17, 0, 16, 17, 19, 0),
	gsSP2Triangles(16, 19, 20, 0, 19, 21, 20, 0),
	gsSP2Triangles(19, 22, 21, 0, 23, 16, 20, 0),
	gsSP2Triangles(23, 15, 16, 0, 9, 6, 7, 0),
	gsSP2Triangles(9, 24, 6, 0, 25, 24, 9, 0),
	gsSP2Triangles(25, 9, 13, 0, 13, 26, 25, 0),
	gsSP2Triangles(13, 15, 26, 0, 27, 24, 25, 0),
	gsSP2Triangles(27, 28, 24, 0, 24, 28, 4, 0),
	gsSP2Triangles(4, 28, 29, 0, 4, 29, 0, 0),
	gsSP1Triangle(24, 4, 6, 0),
	gsSPEndDisplayList(),
};

Vtx wellwa_wellwa_mesh_layer_1_vtx_5[14] = {
	{{{5, 13, -238}, 0, {512, 521}, {0x0A, 0x68, 0x49, 0xFF}}},
	{{{0, 8, -218}, 0, {742, -773}, {0x00, 0x54, 0x5F, 0xFF}}},
	{{{5, 7, -219}, 0, {519, -691}, {0x28, 0x5D, 0x4D, 0xFF}}},
	{{{0, 15, -242}, 0, {742, 764}, {0x00, 0x6F, 0x3D, 0xFF}}},
	{{{-5, 13, -238}, 0, {987, 523}, {0xF6, 0x68, 0x49, 0xFF}}},
	{{{-5, 7, -219}, 0, {974, -690}, {0xD8, 0x5D, 0x4D, 0xFF}}},
	{{{7, 1, -19}, 0, {38, 672}, {0xC9, 0x6A, 0xD5, 0xFF}}},
	{{{11, 1, -19}, 0, {400, 642}, {0x37, 0x6A, 0xD5, 0xFF}}},
	{{{13, -4, -26}, 0, {475, -50}, {0x4E, 0x48, 0xBA, 0xFF}}},
	{{{6, -4, -26}, 0, {1, -48}, {0xB2, 0x48, 0xBA, 0xFF}}},
	{{{-7, 1, -19}, 0, {400, 642}, {0x37, 0x6A, 0xD5, 0xFF}}},
	{{{-6, -4, -26}, 0, {475, -50}, {0x4E, 0x48, 0xBA, 0xFF}}},
	{{{-13, -4, -26}, 0, {1, -48}, {0xB2, 0x48, 0xBA, 0xFF}}},
	{{{-11, 1, -19}, 0, {38, 672}, {0xC9, 0x6A, 0xD5, 0xFF}}},
};

Gfx wellwa_wellwa_mesh_layer_1_tri_5[] = {
	gsSPVertex(wellwa_wellwa_mesh_layer_1_vtx_5 + 0, 14, 0),
	gsSP2Triangles(0, 1, 2, 0, 0, 3, 1, 0),
	gsSP2Triangles(4, 1, 3, 0, 1, 4, 5, 0),
	gsSP2Triangles(6, 7, 8, 0, 6, 8, 9, 0),
	gsSP2Triangles(10, 11, 12, 0, 10, 12, 13, 0),
	gsSPEndDisplayList(),
};

Vtx wellwa_wellwa_mesh_layer_1_vtx_6[188] = {
	{{{10, -6, -278}, 0, {689, 873}, {0x02, 0x58, 0x5C, 0xFF}}},
	{{{12, -22, -271}, 0, {824, 695}, {0x1B, 0x21, 0x78, 0xFF}}},
	{{{27, -17, -288}, 0, {646, 561}, {0x7E, 0x02, 0x0F, 0xFF}}},
	{{{19, -33, -279}, 0, {869, 729}, {0x7A, 0xE3, 0x15, 0xFF}}},
	{{{27, -17, -288}, 0, {913, 577}, {0x7E, 0x02, 0x0F, 0xFF}}},
	{{{-10, -6, -278}, 0, {689, 873}, {0xFD, 0x57, 0x5C, 0xFF}}},
	{{{-27, -17, -288}, 0, {646, 561}, {0x82, 0x02, 0x0F, 0xFF}}},
	{{{-12, -22, -271}, 0, {824, 695}, {0xE5, 0x21, 0x78, 0xFF}}},
	{{{-19, -33, -279}, 0, {869, 729}, {0x86, 0xE3, 0x15, 0xFF}}},
	{{{-27, -17, -288}, 0, {913, 577}, {0x82, 0x02, 0x0F, 0xFF}}},
	{{{19, -6, -245}, 0, {462, 784}, {0x78, 0x09, 0x29, 0xFF}}},
	{{{19, 5, -248}, 0, {479, 702}, {0x7E, 0x0A, 0x0C, 0xFF}}},
	{{{14, 10, -237}, 0, {379, 688}, {0x5D, 0x41, 0x39, 0xFF}}},
	{{{-19, -6, -245}, 0, {156, 855}, {0x88, 0x09, 0x29, 0xFF}}},
	{{{-14, 10, -237}, 0, {172, 719}, {0xA3, 0x41, 0x39, 0xFF}}},
	{{{-19, 5, -248}, 0, {100, 779}, {0x82, 0x0A, 0x0C, 0xFF}}},
	{{{-11, 6, -222}, 0, {252, 766}, {0xB0, 0x55, 0x32, 0xFF}}},
	{{{-16, 0, -227}, 0, {228, 794}, {0x87, 0x1A, 0x1E, 0xFF}}},
	{{{-19, -19, -249}, 0, {187, 937}, {0xA7, 0xA8, 0x15, 0xFF}}},
	{{{-16, -18, -235}, 0, {244, 873}, {0xAA, 0xA6, 0x19, 0xFF}}},
	{{{-16, -20, -252}, 0, {194, 980}, {0xE3, 0x87, 0xE7, 0xFF}}},
	{{{0, -20, -233}, 0, {317, 869}, {0x00, 0x82, 0x0F, 0xFF}}},
	{{{0, -20, -252}, 0, {348, 1008}, {0x00, 0x83, 0xEA, 0xFF}}},
	{{{16, -20, -252}, 0, {465, 910}, {0x1D, 0x87, 0xE7, 0xFF}}},
	{{{16, -18, -235}, 0, {383, 840}, {0x56, 0xA6, 0x19, 0xFF}}},
	{{{19, -19, -249}, 0, {457, 873}, {0x59, 0xA8, 0x15, 0xFF}}},
	{{{16, 0, -227}, 0, {363, 765}, {0x79, 0x1A, 0x1E, 0xFF}}},
	{{{19, -6, -245}, 0, {462, 784}, {0x78, 0x09, 0x29, 0xFF}}},
	{{{11, 6, -222}, 0, {330, 750}, {0x50, 0x55, 0x32, 0xFF}}},
	{{{14, 10, -237}, 0, {379, 688}, {0x5D, 0x41, 0x39, 0xFF}}},
	{{{5, 13, -238}, 0, {316, 642}, {0x0A, 0x68, 0x49, 0xFF}}},
	{{{5, 7, -219}, 0, {307, 752}, {0x28, 0x5D, 0x4D, 0xFF}}},
	{{{9, 3, -219}, 0, {323, 763}, {0x36, 0x1F, 0x6F, 0xFF}}},
	{{{11, 6, -222}, 0, {330, 750}, {0x50, 0x55, 0x32, 0xFF}}},
	{{{5, 7, -219}, 0, {307, 752}, {0x28, 0x5D, 0x4D, 0xFF}}},
	{{{0, 6, -217}, 0, {292, 760}, {0x00, 0x0B, 0x7F, 0xFF}}},
	{{{0, 8, -218}, 0, {291, 753}, {0x00, 0x54, 0x5F, 0xFF}}},
	{{{-5, 7, -219}, 0, {274, 759}, {0xD8, 0x5D, 0x4D, 0xFF}}},
	{{{-9, 3, -219}, 0, {265, 775}, {0xCA, 0x1F, 0x6F, 0xFF}}},
	{{{-11, 6, -222}, 0, {252, 766}, {0xB0, 0x55, 0x32, 0xFF}}},
	{{{-5, 13, -238}, 0, {221, 658}, {0xF6, 0x68, 0x49, 0xFF}}},
	{{{-14, 10, -237}, 0, {172, 719}, {0xA3, 0x41, 0x39, 0xFF}}},
	{{{-16, 0, -227}, 0, {228, 794}, {0x87, 0x1A, 0x1E, 0xFF}}},
	{{{-15, -3, -220}, 0, {256, 797}, {0xAB, 0xFE, 0x5E, 0xFF}}},
	{{{-13, -16, -223}, 0, {267, 833}, {0xBB, 0xB8, 0x4E, 0xFF}}},
	{{{-16, -18, -235}, 0, {244, 873}, {0xAA, 0xA6, 0x19, 0xFF}}},
	{{{0, -19, -223}, 0, {308, 830}, {0x00, 0xA1, 0x54, 0xFF}}},
	{{{0, -20, -233}, 0, {317, 869}, {0x00, 0x82, 0x0F, 0xFF}}},
	{{{16, -18, -235}, 0, {383, 840}, {0x56, 0xA6, 0x19, 0xFF}}},
	{{{13, -16, -223}, 0, {345, 815}, {0x45, 0xB8, 0x4E, 0xFF}}},
	{{{16, 0, -227}, 0, {363, 765}, {0x79, 0x1A, 0x1E, 0xFF}}},
	{{{15, -3, -220}, 0, {340, 779}, {0x55, 0xFE, 0x5E, 0xFF}}},
	{{{13, -39, -288}, 0, {101, 17}, {0x43, 0xA8, 0xC2, 0xFF}}},
	{{{16, -21, -307}, 0, {101, 240}, {0x4E, 0xC5, 0xAF, 0xFF}}},
	{{{27, -17, -288}, 0, {157, 240}, {0x7E, 0x02, 0x0F, 0xFF}}},
	{{{19, -33, -279}, 0, {157, 17}, {0x7A, 0xE3, 0x15, 0xFF}}},
	{{{-13, -39, -288}, 0, {213, 17}, {0xBD, 0xA8, 0xC2, 0xFF}}},
	{{{-19, -33, -279}, 0, {269, 17}, {0x86, 0xE3, 0x15, 0xFF}}},
	{{{-27, -17, -288}, 0, {269, 240}, {0x82, 0x02, 0x0F, 0xFF}}},
	{{{-16, -21, -307}, 0, {213, 240}, {0xB2, 0xC5, 0xAF, 0xFF}}},
	{{{22, -13, -263}, 0, {935, 200}, {0xCF, 0xAF, 0xAB, 0xFF}}},
	{{{16, -8, -258}, 0, {920, 177}, {0x82, 0x00, 0xF0, 0xFF}}},
	{{{22, -3, -263}, 0, {904, 199}, {0xCF, 0x51, 0xAB, 0xFF}}},
	{{{49, -15, -263}, 0, {939, 271}, {0xED, 0xA9, 0xA6, 0xFF}}},
	{{{22, -3, -263}, 0, {904, 199}, {0xCF, 0x51, 0xAB, 0xFF}}},
	{{{49, 0, -263}, 0, {896, 270}, {0xED, 0x57, 0xA6, 0xFF}}},
	{{{49, -15, -263}, 0, {939, 271}, {0xED, 0xA9, 0xA6, 0xFF}}},
	{{{59, -8, -266}, 0, {917, 299}, {0x36, 0x00, 0x8D, 0xFF}}},
	{{{60, 0, -263}, 0, {893, 298}, {0x49, 0x4D, 0xBA, 0xFF}}},
	{{{60, -16, -263}, 0, {940, 299}, {0x49, 0xB3, 0xBA, 0xFF}}},
	{{{22, -13, -263}, 0, {412, 207}, {0xCF, 0xAF, 0xAB, 0xFF}}},
	{{{21, -13, -251}, 0, {377, 207}, {0xC3, 0xB0, 0x4E, 0xFF}}},
	{{{16, -8, -258}, 0, {396, 226}, {0x82, 0x00, 0xF0, 0xFF}}},
	{{{48, -15, -248}, 0, {376, 129}, {0xDF, 0xA7, 0x54, 0xFF}}},
	{{{49, -15, -263}, 0, {420, 129}, {0xED, 0xA9, 0xA6, 0xFF}}},
	{{{58, -19, -254}, 0, {397, 100}, {0x2A, 0x88, 0x05, 0xFF}}},
	{{{60, -16, -263}, 0, {422, 97}, {0x49, 0xB3, 0xBA, 0xFF}}},
	{{{59, -16, -246}, 0, {373, 97}, {0x3B, 0xB3, 0x51, 0xFF}}},
	{{{16, -8, -258}, 0, {917, 557}, {0x82, 0x00, 0xF0, 0xFF}}},
	{{{21, -13, -251}, 0, {932, 538}, {0xC3, 0xB0, 0x4E, 0xFF}}},
	{{{21, -3, -251}, 0, {901, 538}, {0xC3, 0x50, 0x4E, 0xFF}}},
	{{{48, -15, -248}, 0, {938, 460}, {0xDF, 0xA7, 0x54, 0xFF}}},
	{{{48, 0, -248}, 0, {895, 460}, {0xDF, 0x59, 0x54, 0xFF}}},
	{{{57, -8, -243}, 0, {917, 431}, {0x1F, 0x00, 0x7B, 0xFF}}},
	{{{59, -16, -246}, 0, {940, 428}, {0x3B, 0xB3, 0x51, 0xFF}}},
	{{{59, 0, -246}, 0, {893, 428}, {0x3B, 0x4D, 0x51, 0xFF}}},
	{{{22, -3, -263}, 0, {335, 207}, {0xCF, 0x51, 0xAB, 0xFF}}},
	{{{16, -8, -258}, 0, {351, 226}, {0x82, 0x00, 0xF0, 0xFF}}},
	{{{21, -3, -251}, 0, {370, 207}, {0xC3, 0x50, 0x4E, 0xFF}}},
	{{{49, 0, -263}, 0, {326, 129}, {0xED, 0x57, 0xA6, 0xFF}}},
	{{{48, 0, -248}, 0, {371, 129}, {0xDF, 0x59, 0x54, 0xFF}}},
	{{{58, 3, -254}, 0, {350, 100}, {0x2A, 0x78, 0x05, 0xFF}}},
	{{{59, 0, -246}, 0, {373, 97}, {0x3B, 0x4D, 0x51, 0xFF}}},
	{{{60, 0, -263}, 0, {325, 97}, {0x49, 0x4D, 0xBA, 0xFF}}},
	{{{60, 0, -263}, 0, {540, 83}, {0x49, 0x4D, 0xBA, 0xFF}}},
	{{{60, -16, -263}, 0, {523, 40}, {0x49, 0xB3, 0xBA, 0xFF}}},
	{{{59, -8, -266}, 0, {522, 65}, {0x36, 0x00, 0x8D, 0xFF}}},
	{{{64, -8, -254}, 0, {557, 52}, {0x7E, 0x00, 0x0C, 0xFF}}},
	{{{59, 0, -246}, 0, {579, 68}, {0x3B, 0x4D, 0x51, 0xFF}}},
	{{{58, 3, -254}, 0, {561, 85}, {0x2A, 0x78, 0x05, 0xFF}}},
	{{{59, -16, -246}, 0, {563, 25}, {0x3B, 0xB3, 0x51, 0xFF}}},
	{{{57, -8, -243}, 0, {577, 44}, {0x1F, 0x00, 0x7B, 0xFF}}},
	{{{58, -19, -254}, 0, {538, 25}, {0x2A, 0x88, 0x05, 0xFF}}},
	{{{-22, -13, -263}, 0, {898, 78}, {0x31, 0xAF, 0xAB, 0xFF}}},
	{{{-22, -3, -263}, 0, {929, 77}, {0x31, 0x51, 0xAB, 0xFF}}},
	{{{-16, -8, -258}, 0, {913, 55}, {0x7E, 0x00, 0xF0, 0xFF}}},
	{{{-49, -15, -263}, 0, {894, 149}, {0x13, 0xA9, 0xA6, 0xFF}}},
	{{{-49, 0, -263}, 0, {938, 148}, {0x13, 0x57, 0xA6, 0xFF}}},
	{{{-59, -8, -266}, 0, {917, 177}, {0xCA, 0x00, 0x8D, 0xFF}}},
	{{{-60, -16, -263}, 0, {893, 177}, {0xB7, 0xB3, 0xBA, 0xFF}}},
	{{{-60, 0, -263}, 0, {940, 176}, {0xB7, 0x4D, 0xBA, 0xFF}}},
	{{{-22, -13, -263}, 0, {460, 207}, {0x31, 0xAF, 0xAB, 0xFF}}},
	{{{-16, -8, -258}, 0, {476, 225}, {0x7E, 0x00, 0xF0, 0xFF}}},
	{{{-21, -13, -251}, 0, {495, 207}, {0x3D, 0xB0, 0x4E, 0xFF}}},
	{{{-48, -15, -248}, 0, {497, 129}, {0x21, 0xA7, 0x54, 0xFF}}},
	{{{-49, -15, -263}, 0, {452, 129}, {0x13, 0xA9, 0xA6, 0xFF}}},
	{{{-58, -19, -254}, 0, {475, 100}, {0xD6, 0x88, 0x05, 0xFF}}},
	{{{-59, -16, -246}, 0, {499, 97}, {0xC5, 0xB3, 0x51, 0xFF}}},
	{{{-60, -16, -263}, 0, {451, 97}, {0xB7, 0xB3, 0xBA, 0xFF}}},
	{{{-16, -8, -258}, 0, {917, 428}, {0x7E, 0x00, 0xF0, 0xFF}}},
	{{{-21, -3, -251}, 0, {932, 409}, {0x3D, 0x50, 0x4E, 0xFF}}},
	{{{-21, -13, -251}, 0, {901, 409}, {0x3D, 0xB0, 0x4E, 0xFF}}},
	{{{-48, -15, -248}, 0, {895, 331}, {0x21, 0xA7, 0x54, 0xFF}}},
	{{{-48, 0, -248}, 0, {938, 331}, {0x21, 0x59, 0x54, 0xFF}}},
	{{{-57, -8, -243}, 0, {917, 302}, {0xE1, 0x00, 0x7B, 0xFF}}},
	{{{-59, 0, -246}, 0, {940, 299}, {0xC5, 0x4D, 0x51, 0xFF}}},
	{{{-57, -8, -243}, 0, {917, 302}, {0xE1, 0x00, 0x7B, 0xFF}}},
	{{{-59, -16, -246}, 0, {893, 299}, {0xC5, 0xB3, 0x51, 0xFF}}},
	{{{-48, -15, -248}, 0, {895, 331}, {0x21, 0xA7, 0x54, 0xFF}}},
	{{{-22, -3, -263}, 0, {55, 207}, {0x31, 0x51, 0xAB, 0xFF}}},
	{{{-21, -3, -251}, 0, {20, 207}, {0x3D, 0x50, 0x4E, 0xFF}}},
	{{{-16, -8, -258}, 0, {39, 226}, {0x7E, 0x00, 0xF0, 0xFF}}},
	{{{-49, 0, -263}, 0, {63, 129}, {0x13, 0x57, 0xA6, 0xFF}}},
	{{{-48, 0, -248}, 0, {19, 129}, {0x21, 0x59, 0x54, 0xFF}}},
	{{{-58, 3, -254}, 0, {40, 100}, {0xD6, 0x78, 0x05, 0xFF}}},
	{{{-60, 0, -263}, 0, {64, 97}, {0xB7, 0x4D, 0xBA, 0xFF}}},
	{{{-59, 0, -246}, 0, {16, 97}, {0xC5, 0x4D, 0x51, 0xFF}}},
	{{{-60, 0, -263}, 0, {289, 82}, {0xB7, 0x4D, 0xBA, 0xFF}}},
	{{{-59, -8, -266}, 0, {307, 64}, {0xCA, 0x00, 0x8D, 0xFF}}},
	{{{-60, -16, -263}, 0, {306, 38}, {0xB7, 0xB3, 0xBA, 0xFF}}},
	{{{-64, -8, -254}, 0, {272, 50}, {0x82, 0x00, 0x0C, 0xFF}}},
	{{{-59, -16, -246}, 0, {266, 23}, {0xC5, 0xB3, 0x51, 0xFF}}},
	{{{-58, -19, -254}, 0, {291, 23}, {0xD6, 0x88, 0x05, 0xFF}}},
	{{{-59, 0, -246}, 0, {249, 66}, {0xC5, 0x4D, 0x51, 0xFF}}},
	{{{-58, 3, -254}, 0, {268, 83}, {0xD6, 0x78, 0x05, 0xFF}}},
	{{{-57, -8, -243}, 0, {252, 42}, {0xE1, 0x00, 0x7B, 0xFF}}},
	{{{11, -5, 0}, 0, {421, 228}, {0x40, 0xBC, 0x57, 0xFF}}},
	{{{12, 5, 0}, 0, {437, 61}, {0x46, 0x53, 0x42, 0xFF}}},
	{{{6, 5, 0}, 0, {346, 61}, {0xBA, 0x53, 0x42, 0xFF}}},
	{{{7, -5, 0}, 0, {362, 228}, {0xC0, 0xBC, 0x57, 0xFF}}},
	{{{-11, -5, 0}, 0, {453, 228}, {0xC0, 0xBC, 0x57, 0xFF}}},
	{{{-7, -5, 0}, 0, {512, 228}, {0x40, 0xBC, 0x57, 0xFF}}},
	{{{-6, 5, 0}, 0, {528, 62}, {0x46, 0x53, 0x42, 0xFF}}},
	{{{-12, 5, 0}, 0, {437, 62}, {0xBA, 0x53, 0x42, 0xFF}}},
	{{{11, -5, 0}, 0, {165, 919}, {0x40, 0xBC, 0x57, 0xFF}}},
	{{{14, -6, -19}, 0, {-16, 674}, {0x7F, 0xF8, 0xFF, 0xFF}}},
	{{{14, 2, -11}, 0, {-2, 1008}, {0x65, 0x4D, 0xFA, 0xFF}}},
	{{{12, -10, -20}, 0, {91, 585}, {0x77, 0xDC, 0x1B, 0xFF}}},
	{{{7, -5, 0}, 0, {165, 917}, {0xC0, 0xBC, 0x57, 0xFF}}},
	{{{12, -10, -20}, 0, {91, 585}, {0x77, 0xDC, 0x1B, 0xFF}}},
	{{{11, -5, 0}, 0, {165, 919}, {0x40, 0xBC, 0x57, 0xFF}}},
	{{{7, -10, -20}, 0, {234, 577}, {0x89, 0xDC, 0x1B, 0xFF}}},
	{{{4, -6, -19}, 0, {346, 666}, {0x81, 0xF8, 0xFF, 0xFF}}},
	{{{6, 5, 0}, 0, {167, 918}, {0xBA, 0x53, 0x42, 0xFF}}},
	{{{4, 2, -11}, 0, {328, 1008}, {0x9B, 0x4D, 0xFA, 0xFF}}},
	{{{12, 5, 0}, 0, {169, 919}, {0x46, 0x53, 0x42, 0xFF}}},
	{{{14, 2, -11}, 0, {-2, 1008}, {0x65, 0x4D, 0xFA, 0xFF}}},
	{{{6, -12, -32}, 0, {277, 229}, {0xBC, 0xD3, 0x9F, 0xFF}}},
	{{{7, -13, -23}, 0, {220, 491}, {0xB5, 0x99, 0x06, 0xFF}}},
	{{{12, -13, -23}, 0, {102, 498}, {0x4B, 0x99, 0x06, 0xFF}}},
	{{{12, -12, -32}, 0, {36, 224}, {0x44, 0xD3, 0x9F, 0xFF}}},
	{{{14, -6, -19}, 0, {-16, 674}, {0x7F, 0xF8, 0xFF, 0xFF}}},
	{{{9, -12, 0}, 0, {162, 539}, {0x00, 0xFB, 0x7F, 0xFF}}},
	{{{-11, -5, 0}, 0, {525, 917}, {0xC0, 0xBC, 0x57, 0xFF}}},
	{{{-12, 5, 0}, 0, {526, 918}, {0xBA, 0x53, 0x42, 0xFF}}},
	{{{-14, 2, -11}, 0, {683, 1008}, {0x9B, 0x4D, 0xFA, 0xFF}}},
	{{{-4, 2, -11}, 0, {354, 1008}, {0x65, 0x4D, 0xFA, 0xFF}}},
	{{{-6, 5, 0}, 0, {526, 918}, {0x46, 0x53, 0x42, 0xFF}}},
	{{{-4, -6, -19}, 0, {346, 662}, {0x7F, 0xF8, 0xFF, 0xFF}}},
	{{{-7, -5, 0}, 0, {525, 918}, {0x40, 0xBC, 0x57, 0xFF}}},
	{{{-7, -10, -20}, 0, {459, 577}, {0x77, 0xDC, 0x1B, 0xFF}}},
	{{{-12, -10, -20}, 0, {602, 588}, {0x89, 0xDC, 0x1B, 0xFF}}},
	{{{-14, -6, -19}, 0, {706, 680}, {0x81, 0xF8, 0xFF, 0xFF}}},
	{{{-12, -13, -23}, 0, {593, 501}, {0xB5, 0x99, 0x06, 0xFF}}},
	{{{-12, -12, -32}, 0, {665, 229}, {0xBC, 0xD3, 0x9F, 0xFF}}},
	{{{-6, -12, -32}, 0, {425, 228}, {0x44, 0xD3, 0x9F, 0xFF}}},
	{{{-7, -13, -23}, 0, {475, 491}, {0x4B, 0x99, 0x06, 0xFF}}},
	{{{-9, -12, 0}, 0, {532, 541}, {0x00, 0xFB, 0x7F, 0xFF}}},
};

Gfx wellwa_wellwa_mesh_layer_1_tri_6[] = {
	gsSPVertex(wellwa_wellwa_mesh_layer_1_vtx_6 + 0, 32, 0),
	gsSP2Triangles(0, 1, 2, 0, 3, 4, 1, 0),
	gsSP2Triangles(5, 6, 7, 0, 8, 7, 9, 0),
	gsSP2Triangles(10, 11, 12, 0, 13, 14, 15, 0),
	gsSP2Triangles(13, 16, 14, 0, 13, 17, 16, 0),
	gsSP2Triangles(18, 17, 13, 0, 18, 19, 17, 0),
	gsSP2Triangles(19, 18, 20, 0, 21, 19, 20, 0),
	gsSP2Triangles(21, 20, 22, 0, 21, 22, 23, 0),
	gsSP2Triangles(21, 23, 24, 0, 24, 23, 25, 0),
	gsSP2Triangles(25, 26, 24, 0, 25, 27, 26, 0),
	gsSP2Triangles(27, 28, 26, 0, 27, 29, 28, 0),
	gsSP2Triangles(29, 30, 28, 0, 28, 30, 31, 0),
	gsSPVertex(wellwa_wellwa_mesh_layer_1_vtx_6 + 32, 32, 0),
	gsSP2Triangles(0, 1, 2, 0, 3, 0, 2, 0),
	gsSP2Triangles(4, 3, 2, 0, 3, 4, 5, 0),
	gsSP2Triangles(6, 3, 5, 0, 7, 6, 5, 0),
	gsSP2Triangles(8, 7, 5, 0, 8, 9, 7, 0),
	gsSP2Triangles(6, 7, 10, 0, 6, 10, 11, 0),
	gsSP2Triangles(10, 12, 11, 0, 10, 13, 12, 0),
	gsSP2Triangles(14, 12, 13, 0, 14, 13, 15, 0),
	gsSP2Triangles(14, 15, 16, 0, 14, 16, 17, 0),
	gsSP2Triangles(18, 17, 16, 0, 18, 19, 17, 0),
	gsSP2Triangles(0, 19, 18, 0, 0, 18, 1, 0),
	gsSP2Triangles(20, 21, 22, 0, 20, 22, 23, 0),
	gsSP2Triangles(24, 25, 26, 0, 24, 26, 27, 0),
	gsSP2Triangles(28, 29, 30, 0, 30, 31, 28, 0),
	gsSPVertex(wellwa_wellwa_mesh_layer_1_vtx_6 + 64, 30, 0),
	gsSP2Triangles(0, 1, 2, 0, 1, 3, 2, 0),
	gsSP2Triangles(1, 4, 3, 0, 3, 5, 2, 0),
	gsSP2Triangles(6, 7, 8, 0, 9, 7, 6, 0),
	gsSP2Triangles(9, 6, 10, 0, 10, 11, 9, 0),
	gsSP2Triangles(12, 11, 10, 0, 11, 13, 9, 0),
	gsSP2Triangles(14, 15, 16, 0, 16, 15, 17, 0),
	gsSP2Triangles(16, 17, 18, 0, 18, 17, 19, 0),
	gsSP2Triangles(19, 17, 20, 0, 21, 18, 19, 0),
	gsSP2Triangles(22, 23, 24, 0, 24, 25, 22, 0),
	gsSP2Triangles(24, 26, 25, 0, 25, 26, 27, 0),
	gsSP2Triangles(26, 28, 27, 0, 29, 25, 27, 0),
	gsSPVertex(wellwa_wellwa_mesh_layer_1_vtx_6 + 94, 32, 0),
	gsSP2Triangles(0, 1, 2, 0, 1, 0, 3, 0),
	gsSP2Triangles(0, 4, 3, 0, 0, 5, 4, 0),
	gsSP2Triangles(4, 6, 3, 0, 4, 7, 6, 0),
	gsSP2Triangles(6, 1, 3, 0, 1, 6, 8, 0),
	gsSP2Triangles(9, 10, 11, 0, 10, 9, 12, 0),
	gsSP2Triangles(10, 12, 13, 0, 13, 12, 14, 0),
	gsSP2Triangles(14, 12, 15, 0, 13, 14, 16, 0),
	gsSP2Triangles(17, 18, 19, 0, 20, 17, 19, 0),
	gsSP2Triangles(20, 21, 17, 0, 21, 20, 22, 0),
	gsSP2Triangles(22, 20, 23, 0, 24, 21, 22, 0),
	gsSP2Triangles(25, 26, 27, 0, 26, 28, 27, 0),
	gsSP2Triangles(26, 29, 28, 0, 29, 30, 28, 0),
	gsSP1Triangle(31, 30, 29, 0),
	gsSPVertex(wellwa_wellwa_mesh_layer_1_vtx_6 + 126, 32, 0),
	gsSP2Triangles(0, 1, 2, 0, 3, 4, 5, 0),
	gsSP2Triangles(4, 3, 6, 0, 4, 6, 7, 0),
	gsSP2Triangles(6, 8, 7, 0, 9, 8, 6, 0),
	gsSP2Triangles(7, 8, 10, 0, 11, 12, 13, 0),
	gsSP2Triangles(13, 14, 11, 0, 15, 14, 13, 0),
	gsSP2Triangles(13, 16, 15, 0, 17, 14, 15, 0),
	gsSP2Triangles(11, 14, 17, 0, 11, 17, 18, 0),
	gsSP2Triangles(17, 15, 19, 0, 20, 21, 22, 0),
	gsSP2Triangles(20, 22, 23, 0, 24, 25, 26, 0),
	gsSP2Triangles(24, 26, 27, 0, 28, 29, 30, 0),
	gsSP1Triangle(28, 31, 29, 0),
	gsSPVertex(wellwa_wellwa_mesh_layer_1_vtx_6 + 158, 30, 0),
	gsSP2Triangles(0, 1, 2, 0, 0, 3, 1, 0),
	gsSP2Triangles(0, 4, 3, 0, 5, 4, 0, 0),
	gsSP2Triangles(5, 6, 4, 0, 7, 6, 5, 0),
	gsSP2Triangles(7, 8, 6, 0, 2, 8, 7, 0),
	gsSP2Triangles(3, 4, 9, 0, 3, 9, 10, 0),
	gsSP2Triangles(9, 11, 10, 0, 9, 12, 11, 0),
	gsSP2Triangles(13, 11, 12, 0, 13, 1, 11, 0),
	gsSP2Triangles(11, 1, 14, 0, 1, 3, 14, 0),
	gsSP2Triangles(3, 10, 14, 0, 10, 11, 14, 0),
	gsSP2Triangles(15, 16, 17, 0, 16, 18, 17, 0),
	gsSP2Triangles(16, 19, 18, 0, 19, 20, 18, 0),
	gsSP2Triangles(19, 21, 20, 0, 21, 22, 20, 0),
	gsSP2Triangles(21, 23, 22, 0, 21, 15, 23, 0),
	gsSP2Triangles(15, 24, 23, 0, 15, 17, 24, 0),
	gsSP2Triangles(24, 25, 23, 0, 24, 26, 25, 0),
	gsSP2Triangles(27, 25, 26, 0, 27, 28, 25, 0),
	gsSP2Triangles(22, 28, 27, 0, 22, 27, 20, 0),
	gsSP2Triangles(22, 29, 28, 0, 23, 29, 22, 0),
	gsSP2Triangles(25, 29, 23, 0, 28, 29, 25, 0),
	gsSPEndDisplayList(),
};

Vtx wellwa_wellwa_mesh_layer_1_vtx_7[30] = {
	{{{-35, 15, -155}, 0, {893, 407}, {0xF9, 0x7D, 0xEA, 0xFF}}},
	{{{-14, 21, -126}, 0, {818, 333}, {0xF9, 0x7D, 0xEA, 0xFF}}},
	{{{0, 9, -201}, 0, {818, 557}, {0x00, 0x7D, 0xEA, 0xFF}}},
	{{{35, 15, -155}, 0, {818, 183}, {0x07, 0x7D, 0xEA, 0xFF}}},
	{{{0, 9, -201}, 0, {893, 333}, {0x00, 0x7D, 0xEA, 0xFF}}},
	{{{14, 21, -126}, 0, {893, 110}, {0x07, 0x7D, 0xEA, 0xFF}}},
	{{{-66, -45, -169}, 0, {808, 695}, {0xF3, 0x7B, 0x1C, 0xFF}}},
	{{{-55, -57, -109}, 0, {690, 557}, {0xF1, 0x7B, 0x1C, 0xFF}}},
	{{{-18, -43, -152}, 0, {665, 724}, {0xF3, 0x7B, 0x1C, 0xFF}}},
	{{{-16, -20, -252}, 0, {808, 985}, {0xF4, 0x7B, 0x1C, 0xFF}}},
	{{{0, -20, -252}, 0, {768, 1008}, {0x00, 0x7C, 0x1C, 0xFF}}},
	{{{66, -45, -169}, 0, {522, 695}, {0x0D, 0x7B, 0x1C, 0xFF}}},
	{{{18, -43, -152}, 0, {665, 724}, {0x0D, 0x7B, 0x1C, 0xFF}}},
	{{{55, -57, -109}, 0, {639, 557}, {0x0F, 0x7B, 0x1C, 0xFF}}},
	{{{16, -20, -252}, 0, {522, 985}, {0x0C, 0x7B, 0x1C, 0xFF}}},
	{{{0, -20, -252}, 0, {561, 1008}, {0x00, 0x7C, 0x1C, 0xFF}}},
	{{{0, -41, -291}, 0, {-6, 614}, {0x00, 0x90, 0xC4, 0xFF}}},
	{{{16, -21, -307}, 0, {598, 240}, {0x4E, 0xC5, 0xAF, 0xFF}}},
	{{{13, -39, -288}, 0, {-16, 240}, {0x43, 0xA8, 0xC2, 0xFF}}},
	{{{0, -22, -314}, 0, {646, 614}, {0x00, 0xBB, 0x96, 0xFF}}},
	{{{-16, -21, -307}, 0, {598, 1008}, {0xB2, 0xC5, 0xAF, 0xFF}}},
	{{{-13, -39, -288}, 0, {-16, 1008}, {0xBD, 0xA8, 0xC2, 0xFF}}},
	{{{0, -5, -290}, 0, {975, 1008}, {0xFC, 0x76, 0x2F, 0xFF}}},
	{{{16, 0, -293}, 0, {913, 860}, {0x20, 0x7B, 0x08, 0xFF}}},
	{{{0, 0, -316}, 0, {975, 1008}, {0x00, 0x63, 0xB0, 0xFF}}},
	{{{0, -6, -292}, 0, {975, 1008}, {0x00, 0x7D, 0x16, 0xFF}}},
	{{{-12, -22, -271}, 0, {646, 128}, {0x00, 0x38, 0x72, 0xFF}}},
	{{{12, -22, -271}, 0, {646, 561}, {0x00, 0x38, 0x72, 0xFF}}},
	{{{10, -6, -278}, 0, {964, 526}, {0x00, 0x38, 0x72, 0xFF}}},
	{{{-10, -6, -278}, 0, {964, 162}, {0x00, 0x38, 0x72, 0xFF}}},
};

Gfx wellwa_wellwa_mesh_layer_1_tri_7[] = {
	gsSPVertex(wellwa_wellwa_mesh_layer_1_vtx_7 + 0, 30, 0),
	gsSP2Triangles(0, 1, 2, 0, 3, 4, 5, 0),
	gsSP2Triangles(6, 7, 8, 0, 9, 6, 8, 0),
	gsSP2Triangles(9, 8, 10, 0, 11, 12, 13, 0),
	gsSP2Triangles(14, 12, 11, 0, 14, 15, 12, 0),
	gsSP2Triangles(16, 17, 18, 0, 16, 19, 17, 0),
	gsSP2Triangles(16, 20, 19, 0, 16, 21, 20, 0),
	gsSP2Triangles(22, 23, 24, 0, 22, 24, 25, 0),
	gsSP2Triangles(26, 27, 28, 0, 26, 28, 29, 0),
	gsSPEndDisplayList(),
};

Vtx wellwa_wellwa_mesh_layer_1_vtx_8[170] = {
	{{{7, 21, -246}, 0, {804, 354}, {0x00, 0x32, 0x75, 0xFF}}},
	{{{-7, 21, -246}, 0, {804, 453}, {0x00, 0x32, 0x75, 0xFF}}},
	{{{0, 15, -244}, 0, {853, 404}, {0x00, 0x32, 0x75, 0xFF}}},
	{{{13, -16, -223}, 0, {647, 453}, {0x45, 0xB8, 0x4E, 0xFF}}},
	{{{15, -3, -220}, 0, {746, 453}, {0x55, 0xFE, 0x5E, 0xFF}}},
	{{{9, 3, -219}, 0, {791, 408}, {0x36, 0x1F, 0x6F, 0xFF}}},
	{{{0, -19, -223}, 0, {616, 358}, {0x00, 0xA1, 0x54, 0xFF}}},
	{{{0, 6, -217}, 0, {804, 334}, {0x00, 0x0B, 0x7F, 0xFF}}},
	{{{-9, 3, -219}, 0, {773, 267}, {0xCA, 0x1F, 0x6F, 0xFF}}},
	{{{-13, -16, -223}, 0, {622, 258}, {0xBB, 0xB8, 0x4E, 0xFF}}},
	{{{-15, -3, -220}, 0, {718, 234}, {0xAB, 0xFE, 0x5E, 0xFF}}},
	{{{0, 15, -242}, 0, {253, 596}, {0x00, 0x6F, 0x3D, 0xFF}}},
	{{{7, 21, -246}, 0, {356, 541}, {0xEE, 0x7C, 0x14, 0xFF}}},
	{{{0, 15, -244}, 0, {252, 573}, {0x00, 0x77, 0x2D, 0xFF}}},
	{{{7, 18, -240}, 0, {340, 604}, {0xF9, 0x5E, 0x55, 0xFF}}},
	{{{5, 13, -238}, 0, {316, 642}, {0x0A, 0x68, 0x49, 0xFF}}},
	{{{14, 15, -241}, 0, {392, 631}, {0x47, 0x43, 0x51, 0xFF}}},
	{{{14, 10, -237}, 0, {379, 688}, {0x5D, 0x41, 0x39, 0xFF}}},
	{{{19, 5, -248}, 0, {479, 702}, {0x7E, 0x0A, 0x0C, 0xFF}}},
	{{{19, 10, -248}, 0, {480, 657}, {0x7C, 0x19, 0xFA, 0xFF}}},
	{{{16, 19, -247}, 0, {438, 582}, {0x57, 0x5C, 0x0D, 0xFF}}},
	{{{19, -6, -245}, 0, {751, 731}, {0x78, 0x09, 0x29, 0xFF}}},
	{{{18, 5, -252}, 0, {616, 673}, {0x68, 0x3F, 0xDB, 0xFF}}},
	{{{19, 5, -248}, 0, {616, 725}, {0x7E, 0x0A, 0x0C, 0xFF}}},
	{{{29, 0, -266}, 0, {694, 584}, {0x4A, 0x58, 0xCB, 0xFF}}},
	{{{30, -9, -267}, 0, {721, 574}, {0x5F, 0x07, 0xAC, 0xFF}}},
	{{{19, -19, -249}, 0, {850, 645}, {0x59, 0xA8, 0x15, 0xFF}}},
	{{{31, -17, -265}, 0, {744, 569}, {0x54, 0xAA, 0xD7, 0xFF}}},
	{{{17, -15, -263}, 0, {775, 453}, {0xF7, 0xAA, 0xA3, 0xFF}}},
	{{{17, -8, -265}, 0, {685, 466}, {0xF3, 0xFD, 0x82, 0xFF}}},
	{{{17, -1, -263}, 0, {616, 536}, {0x00, 0x4A, 0x99, 0xFF}}},
	{{{0, 15, -242}, 0, {253, 596}, {0x00, 0x6F, 0x3D, 0xFF}}},
	{{{0, 15, -244}, 0, {252, 573}, {0x00, 0x77, 0x2D, 0xFF}}},
	{{{-7, 21, -246}, 0, {143, 573}, {0x12, 0x7C, 0x14, 0xFF}}},
	{{{-7, 18, -240}, 0, {180, 628}, {0x07, 0x5E, 0x55, 0xFF}}},
	{{{-16, 19, -247}, 0, {77, 647}, {0xA9, 0x5C, 0x0D, 0xFF}}},
	{{{-14, 15, -241}, 0, {141, 674}, {0xB9, 0x43, 0x51, 0xFF}}},
	{{{-19, 10, -248}, 0, {74, 738}, {0x84, 0x19, 0xFA, 0xFF}}},
	{{{-19, 5, -248}, 0, {100, 779}, {0x82, 0x0A, 0x0C, 0xFF}}},
	{{{-14, 10, -237}, 0, {172, 719}, {0xA3, 0x41, 0x39, 0xFF}}},
	{{{-5, 13, -238}, 0, {221, 658}, {0xF6, 0x68, 0x49, 0xFF}}},
	{{{-19, -6, -245}, 0, {751, 731}, {0x88, 0x09, 0x29, 0xFF}}},
	{{{-19, 5, -248}, 0, {616, 737}, {0x82, 0x0A, 0x0C, 0xFF}}},
	{{{-18, 5, -252}, 0, {616, 788}, {0x98, 0x3F, 0xDB, 0xFF}}},
	{{{-29, 0, -266}, 0, {694, 877}, {0xB6, 0x58, 0xCB, 0xFF}}},
	{{{-17, -1, -263}, 0, {616, 925}, {0x00, 0x4A, 0x99, 0xFF}}},
	{{{-30, -9, -267}, 0, {721, 887}, {0xA1, 0x07, 0xAC, 0xFF}}},
	{{{-17, -8, -265}, 0, {685, 995}, {0x0D, 0xFD, 0x82, 0xFF}}},
	{{{-31, -17, -265}, 0, {744, 892}, {0xAC, 0xAA, 0xD7, 0xFF}}},
	{{{-17, -15, -263}, 0, {775, 1008}, {0x09, 0xAA, 0xA3, 0xFF}}},
	{{{-19, -19, -249}, 0, {850, 816}, {0xA7, 0xA8, 0x15, 0xFF}}},
	{{{72, -13, -248}, 0, {223, 118}, {0xF5, 0xA9, 0x5C, 0xFF}}},
	{{{109, -13, -260}, 0, {197, 228}, {0x42, 0xB3, 0xB3, 0xFF}}},
	{{{110, -13, -251}, 0, {222, 228}, {0x4A, 0xB3, 0x45, 0xFF}}},
	{{{71, -13, -260}, 0, {191, 118}, {0xF6, 0xA7, 0xA6, 0xFF}}},
	{{{62, -12, -251}, 0, {215, 92}, {0xC3, 0xAF, 0x4C, 0xFF}}},
	{{{62, -12, -258}, 0, {193, 92}, {0xC1, 0xB1, 0xB3, 0xFF}}},
	{{{59, -8, -254}, 0, {205, 81}, {0x81, 0x00, 0x0B, 0xFF}}},
	{{{110, -13, -251}, 0, {422, 197}, {0x4A, 0xB3, 0x45, 0xFF}}},
	{{{109, -13, -260}, 0, {446, 198}, {0x42, 0xB3, 0xB3, 0xFF}}},
	{{{110, -4, -260}, 0, {446, 172}, {0x4C, 0x45, 0xB6, 0xFF}}},
	{{{111, -4, -251}, 0, {422, 171}, {0x52, 0x44, 0x44, 0xFF}}},
	{{{72, -13, -248}, 0, {631, 232}, {0xF5, 0xA9, 0x5C, 0xFF}}},
	{{{110, -13, -251}, 0, {629, 123}, {0x4A, 0xB3, 0x45, 0xFF}}},
	{{{111, -4, -251}, 0, {604, 120}, {0x52, 0x44, 0x44, 0xFF}}},
	{{{72, -4, -248}, 0, {604, 232}, {0xF6, 0x57, 0x5C, 0xFF}}},
	{{{62, -12, -251}, 0, {629, 259}, {0xC3, 0xAF, 0x4C, 0xFF}}},
	{{{62, -5, -251}, 0, {607, 260}, {0xC3, 0x51, 0x4C, 0xFF}}},
	{{{59, -8, -254}, 0, {618, 271}, {0x81, 0x00, 0x0B, 0xFF}}},
	{{{109, -13, -260}, 0, {113, 227}, {0x42, 0xB3, 0xB3, 0xFF}}},
	{{{71, -4, -260}, 0, {87, 116}, {0xF7, 0x5A, 0xA7, 0xFF}}},
	{{{110, -4, -260}, 0, {87, 229}, {0x4C, 0x45, 0xB6, 0xFF}}},
	{{{71, -13, -260}, 0, {115, 117}, {0xF6, 0xA7, 0xA6, 0xFF}}},
	{{{62, -5, -258}, 0, {90, 90}, {0xC1, 0x4F, 0xB3, 0xFF}}},
	{{{62, -12, -258}, 0, {112, 90}, {0xC1, 0xB1, 0xB3, 0xFF}}},
	{{{59, -8, -254}, 0, {101, 80}, {0x81, 0x00, 0x0B, 0xFF}}},
	{{{111, -4, -251}, 0, {659, 271}, {0x52, 0x44, 0x44, 0xFF}}},
	{{{110, -4, -260}, 0, {684, 271}, {0x4C, 0x45, 0xB6, 0xFF}}},
	{{{71, -4, -260}, 0, {691, 158}, {0xF7, 0x5A, 0xA7, 0xFF}}},
	{{{72, -4, -248}, 0, {658, 158}, {0xF6, 0x57, 0x5C, 0xFF}}},
	{{{62, -5, -258}, 0, {689, 132}, {0xC1, 0x4F, 0xB3, 0xFF}}},
	{{{62, -5, -251}, 0, {666, 132}, {0xC3, 0x51, 0x4C, 0xFF}}},
	{{{59, -8, -254}, 0, {677, 121}, {0x81, 0x00, 0x0B, 0xFF}}},
	{{{-15, -7, -206}, 0, {977, 938}, {0x8C, 0x06, 0x33, 0xFF}}},
	{{{-12, -15, -224}, 0, {965, 989}, {0xA8, 0xB7, 0xC9, 0xFF}}},
	{{{-14, -16, -208}, 0, {989, 947}, {0xA4, 0xB1, 0x24, 0xFF}}},
	{{{-13, -1, -224}, 0, {941, 978}, {0x9B, 0x3D, 0xD1, 0xFF}}},
	{{{-10, 1, -204}, 0, {955, 921}, {0xAA, 0x4C, 0x37, 0xFF}}},
	{{{0, -7, -195}, 0, {924, 900}, {0x00, 0xF5, 0x7F, 0xFF}}},
	{{{0, 9, -201}, 0, {924, 900}, {0x00, 0x6F, 0x3E, 0xFF}}},
	{{{0, 5, -224}, 0, {905, 964}, {0x00, 0x79, 0xD9, 0xFF}}},
	{{{0, -4, -238}, 0, {906, 1008}, {0x00, 0x11, 0x82, 0xFF}}},
	{{{10, 1, -204}, 0, {302, 126}, {0x56, 0x4C, 0x37, 0xFF}}},
	{{{15, -7, -206}, 0, {282, 134}, {0x74, 0x06, 0x33, 0xFF}}},
	{{{13, -1, -224}, 0, {308, 182}, {0x65, 0x3D, 0xD1, 0xFF}}},
	{{{12, -15, -224}, 0, {269, 189}, {0x58, 0xB7, 0xC9, 0xFF}}},
	{{{14, -16, -208}, 0, {257, 143}, {0x5C, 0xB1, 0x24, 0xFF}}},
	{{{0, -7, -195}, 0, {425, 44}, {0x00, 0xF5, 0x7F, 0xFF}}},
	{{{0, -23, -206}, 0, {425, 44}, {0x00, 0x89, 0x2D, 0xFF}}},
	{{{0, -4, -238}, 0, {304, 229}, {0x00, 0x11, 0x82, 0xFF}}},
	{{{0, 5, -224}, 0, {792, 228}, {0x00, 0x79, 0xD9, 0xFF}}},
	{{{13, -1, -224}, 0, {753, 223}, {0x65, 0x3D, 0xD1, 0xFF}}},
	{{{0, -4, -238}, 0, {776, 272}, {0x00, 0x11, 0x82, 0xFF}}},
	{{{10, 1, -204}, 0, {765, 184}, {0x56, 0x4C, 0x37, 0xFF}}},
	{{{0, 9, -201}, 0, {802, 177}, {0x00, 0x6F, 0x3E, 0xFF}}},
	{{{0, -7, -195}, 0, {282, 134}, {0x00, 0xF5, 0x7F, 0xFF}}},
	{{{-14, -16, -208}, 0, {417, 2}, {0xA4, 0xB1, 0x24, 0xFF}}},
	{{{0, -7, -195}, 0, {977, 938}, {0x00, 0xF5, 0x7F, 0xFF}}},
	{{{-15, -7, -206}, 0, {977, 938}, {0x8C, 0x06, 0x33, 0xFF}}},
	{{{0, -18, -224}, 0, {371, 43}, {0x00, 0x8F, 0xC7, 0xFF}}},
	{{{-12, -15, -224}, 0, {370, 7}, {0xA8, 0xB7, 0xC9, 0xFF}}},
	{{{0, -4, -238}, 0, {325, 38}, {0x00, 0x11, 0x82, 0xFF}}},
	{{{12, -15, -224}, 0, {370, 76}, {0x58, 0xB7, 0xC9, 0xFF}}},
	{{{14, -16, -208}, 0, {417, 80}, {0x5C, 0xB1, 0x24, 0xFF}}},
	{{{-72, -13, -248}, 0, {-16, 116}, {0x0B, 0xA9, 0x5C, 0xFF}}},
	{{{-110, -13, -251}, 0, {-15, 226}, {0xB6, 0xB3, 0x45, 0xFF}}},
	{{{-109, -13, -260}, 0, {10, 226}, {0xBE, 0xB3, 0xB3, 0xFF}}},
	{{{-71, -13, -260}, 0, {16, 116}, {0x0A, 0xA7, 0xA6, 0xFF}}},
	{{{-62, -12, -251}, 0, {-8, 89}, {0x3D, 0xAF, 0x4C, 0xFF}}},
	{{{-62, -12, -258}, 0, {15, 89}, {0x3F, 0xB1, 0xB3, 0xFF}}},
	{{{-59, -8, -254}, 0, {3, 79}, {0x7F, 0x00, 0x0B, 0xFF}}},
	{{{-110, -13, -251}, 0, {248, 196}, {0xB6, 0xB3, 0x45, 0xFF}}},
	{{{-111, -4, -251}, 0, {248, 171}, {0xAE, 0x44, 0x44, 0xFF}}},
	{{{-110, -4, -260}, 0, {223, 171}, {0xB4, 0x45, 0xB6, 0xFF}}},
	{{{-110, -13, -251}, 0, {248, 196}, {0xB6, 0xB3, 0x45, 0xFF}}},
	{{{-110, -4, -260}, 0, {223, 171}, {0xB4, 0x45, 0xB6, 0xFF}}},
	{{{-109, -13, -260}, 0, {223, 197}, {0xBE, 0xB3, 0xB3, 0xFF}}},
	{{{-72, -13, -248}, 0, {631, 232}, {0x0B, 0xA9, 0x5C, 0xFF}}},
	{{{-111, -4, -251}, 0, {658, 120}, {0xAE, 0x44, 0x44, 0xFF}}},
	{{{-110, -13, -251}, 0, {633, 123}, {0xB6, 0xB3, 0x45, 0xFF}}},
	{{{-72, -4, -248}, 0, {658, 232}, {0x0A, 0x57, 0x5C, 0xFF}}},
	{{{-62, -12, -251}, 0, {633, 259}, {0x3D, 0xAF, 0x4C, 0xFF}}},
	{{{-62, -5, -251}, 0, {655, 260}, {0x3D, 0x51, 0x4C, 0xFF}}},
	{{{-59, -8, -254}, 0, {644, 271}, {0x7F, 0x00, 0x0B, 0xFF}}},
	{{{-109, -13, -260}, 0, {117, 227}, {0xBE, 0xB3, 0xB3, 0xFF}}},
	{{{-110, -4, -260}, 0, {142, 229}, {0xB4, 0x45, 0xB6, 0xFF}}},
	{{{-71, -4, -260}, 0, {142, 116}, {0x09, 0x5A, 0xA7, 0xFF}}},
	{{{-71, -13, -260}, 0, {115, 117}, {0x0A, 0xA7, 0xA6, 0xFF}}},
	{{{-62, -5, -258}, 0, {139, 90}, {0x3F, 0x4F, 0xB3, 0xFF}}},
	{{{-62, -12, -258}, 0, {117, 90}, {0x3F, 0xB1, 0xB3, 0xFF}}},
	{{{-59, -8, -254}, 0, {128, 80}, {0x7F, 0x00, 0x0B, 0xFF}}},
	{{{-111, -4, -251}, 0, {177, 230}, {0xAE, 0x44, 0x44, 0xFF}}},
	{{{-71, -4, -260}, 0, {146, 117}, {0x09, 0x5A, 0xA7, 0xFF}}},
	{{{-110, -4, -260}, 0, {153, 230}, {0xB4, 0x45, 0xB6, 0xFF}}},
	{{{-72, -4, -248}, 0, {178, 117}, {0x0A, 0x57, 0x5C, 0xFF}}},
	{{{-62, -5, -258}, 0, {147, 90}, {0x3F, 0x4F, 0xB3, 0xFF}}},
	{{{-62, -5, -251}, 0, {170, 90}, {0x3D, 0x51, 0x4C, 0xFF}}},
	{{{-59, -8, -254}, 0, {159, 80}, {0x7F, 0x00, 0x0B, 0xFF}}},
	{{{14, -6, -19}, 0, {1008, 800}, {0x7F, 0xF8, 0xFF, 0xFF}}},
	{{{12, -12, -32}, 0, {915, 556}, {0x44, 0xD3, 0x9F, 0xFF}}},
	{{{13, -4, -26}, 0, {907, 727}, {0x4E, 0x48, 0xBA, 0xFF}}},
	{{{14, 2, -11}, 0, {946, 1008}, {0x65, 0x4D, 0xFA, 0xFF}}},
	{{{11, 1, -19}, 0, {889, 858}, {0x37, 0x6A, 0xD5, 0xFF}}},
	{{{4, 2, -11}, 0, {766, 1008}, {0x9B, 0x4D, 0xFA, 0xFF}}},
	{{{7, 1, -19}, 0, {825, 860}, {0xC9, 0x6A, 0xD5, 0xFF}}},
	{{{4, -6, -19}, 0, {706, 802}, {0x81, 0xF8, 0xFF, 0xFF}}},
	{{{4, -6, -19}, 0, {706, 802}, {0x81, 0xF8, 0xFF, 0xFF}}},
	{{{7, 1, -19}, 0, {825, 860}, {0xC9, 0x6A, 0xD5, 0xFF}}},
	{{{6, -4, -26}, 0, {804, 726}, {0xB2, 0x48, 0xBA, 0xFF}}},
	{{{6, -12, -32}, 0, {791, 561}, {0xBC, 0xD3, 0x9F, 0xFF}}},
	{{{-14, -6, -19}, 0, {706, 350}, {0x81, 0xF8, 0xFF, 0xFF}}},
	{{{-13, -4, -26}, 0, {804, 275}, {0xB2, 0x48, 0xBA, 0xFF}}},
	{{{-12, -12, -32}, 0, {792, 110}, {0xBC, 0xD3, 0x9F, 0xFF}}},
	{{{-14, 2, -11}, 0, {768, 556}, {0x9B, 0x4D, 0xFA, 0xFF}}},
	{{{-11, 1, -19}, 0, {824, 407}, {0xC9, 0x6A, 0xD5, 0xFF}}},
	{{{-4, 2, -11}, 0, {947, 556}, {0x65, 0x4D, 0xFA, 0xFF}}},
	{{{-7, 1, -19}, 0, {887, 409}, {0x37, 0x6A, 0xD5, 0xFF}}},
	{{{-4, -6, -19}, 0, {1007, 350}, {0x7F, 0xF8, 0xFF, 0xFF}}},
	{{{-6, -4, -26}, 0, {907, 275}, {0x4E, 0x48, 0xBA, 0xFF}}},
	{{{-6, -12, -32}, 0, {915, 106}, {0x44, 0xD3, 0x9F, 0xFF}}},
};

Gfx wellwa_wellwa_mesh_layer_1_tri_8[] = {
	gsSPVertex(wellwa_wellwa_mesh_layer_1_vtx_8 + 0, 31, 0),
	gsSP2Triangles(0, 1, 2, 0, 3, 4, 5, 0),
	gsSP2Triangles(6, 3, 5, 0, 6, 5, 7, 0),
	gsSP2Triangles(6, 7, 8, 0, 6, 8, 9, 0),
	gsSP2Triangles(9, 8, 10, 0, 11, 12, 13, 0),
	gsSP2Triangles(11, 14, 12, 0, 11, 15, 14, 0),
	gsSP2Triangles(15, 16, 14, 0, 15, 17, 16, 0),
	gsSP2Triangles(18, 16, 17, 0, 18, 19, 16, 0),
	gsSP2Triangles(19, 20, 16, 0, 14, 16, 20, 0),
	gsSP2Triangles(14, 20, 12, 0, 21, 22, 23, 0),
	gsSP2Triangles(21, 24, 22, 0, 21, 25, 24, 0),
	gsSP2Triangles(26, 25, 21, 0, 26, 27, 25, 0),
	gsSP2Triangles(28, 27, 26, 0, 27, 28, 29, 0),
	gsSP2Triangles(27, 29, 25, 0, 25, 29, 30, 0),
	gsSP2Triangles(25, 30, 24, 0, 22, 24, 30, 0),
	gsSPVertex(wellwa_wellwa_mesh_layer_1_vtx_8 + 31, 31, 0),
	gsSP2Triangles(0, 1, 2, 0, 0, 2, 3, 0),
	gsSP2Triangles(3, 2, 4, 0, 3, 4, 5, 0),
	gsSP2Triangles(6, 5, 4, 0, 7, 5, 6, 0),
	gsSP2Triangles(7, 8, 5, 0, 9, 5, 8, 0),
	gsSP2Triangles(9, 3, 5, 0, 0, 3, 9, 0),
	gsSP2Triangles(10, 11, 12, 0, 10, 12, 13, 0),
	gsSP2Triangles(12, 14, 13, 0, 15, 13, 14, 0),
	gsSP2Triangles(15, 14, 16, 0, 17, 15, 16, 0),
	gsSP2Triangles(17, 16, 18, 0, 18, 19, 17, 0),
	gsSP2Triangles(19, 15, 17, 0, 19, 10, 15, 0),
	gsSP2Triangles(10, 13, 15, 0, 20, 21, 22, 0),
	gsSP2Triangles(20, 23, 21, 0, 24, 23, 20, 0),
	gsSP2Triangles(24, 25, 23, 0, 25, 24, 26, 0),
	gsSP2Triangles(27, 28, 29, 0, 27, 29, 30, 0),
	gsSPVertex(wellwa_wellwa_mesh_layer_1_vtx_8 + 62, 30, 0),
	gsSP2Triangles(0, 1, 2, 0, 0, 2, 3, 0),
	gsSP2Triangles(4, 0, 3, 0, 4, 3, 5, 0),
	gsSP2Triangles(4, 5, 6, 0, 7, 8, 9, 0),
	gsSP2Triangles(7, 10, 8, 0, 10, 11, 8, 0),
	gsSP2Triangles(10, 12, 11, 0, 11, 12, 13, 0),
	gsSP2Triangles(14, 15, 16, 0, 14, 16, 17, 0),
	gsSP2Triangles(17, 16, 18, 0, 17, 18, 19, 0),
	gsSP2Triangles(19, 18, 20, 0, 21, 22, 23, 0),
	gsSP2Triangles(24, 22, 21, 0, 25, 24, 21, 0),
	gsSP2Triangles(25, 21, 26, 0, 25, 26, 27, 0),
	gsSP2Triangles(27, 24, 25, 0, 27, 28, 24, 0),
	gsSP2Triangles(24, 28, 29, 0, 22, 24, 29, 0),
	gsSPVertex(wellwa_wellwa_mesh_layer_1_vtx_8 + 92, 32, 0),
	gsSP2Triangles(0, 1, 2, 0, 1, 3, 2, 0),
	gsSP2Triangles(1, 4, 3, 0, 4, 1, 5, 0),
	gsSP2Triangles(4, 5, 6, 0, 2, 3, 7, 0),
	gsSP2Triangles(8, 9, 10, 0, 11, 9, 8, 0),
	gsSP2Triangles(11, 8, 12, 0, 11, 12, 13, 0),
	gsSP2Triangles(11, 13, 1, 0, 14, 15, 16, 0),
	gsSP2Triangles(14, 6, 15, 0, 14, 17, 6, 0),
	gsSP2Triangles(18, 17, 14, 0, 17, 18, 19, 0),
	gsSP2Triangles(20, 17, 19, 0, 21, 17, 20, 0),
	gsSP2Triangles(6, 17, 21, 0, 22, 23, 24, 0),
	gsSP2Triangles(22, 24, 25, 0, 26, 22, 25, 0),
	gsSP2Triangles(26, 25, 27, 0, 27, 28, 26, 0),
	gsSP1Triangle(29, 30, 31, 0),
	gsSPVertex(wellwa_wellwa_mesh_layer_1_vtx_8 + 124, 32, 0),
	gsSP2Triangles(0, 1, 2, 0, 3, 4, 5, 0),
	gsSP2Triangles(3, 6, 4, 0, 7, 6, 3, 0),
	gsSP2Triangles(7, 8, 6, 0, 7, 9, 8, 0),
	gsSP2Triangles(10, 11, 12, 0, 10, 12, 13, 0),
	gsSP2Triangles(13, 12, 14, 0, 13, 14, 15, 0),
	gsSP2Triangles(14, 16, 15, 0, 17, 18, 19, 0),
	gsSP2Triangles(17, 20, 18, 0, 20, 21, 18, 0),
	gsSP2Triangles(20, 22, 21, 0, 22, 23, 21, 0),
	gsSP2Triangles(24, 25, 26, 0, 27, 24, 26, 0),
	gsSP2Triangles(27, 26, 28, 0, 29, 27, 28, 0),
	gsSP2Triangles(29, 28, 30, 0, 31, 29, 30, 0),
	gsSPVertex(wellwa_wellwa_mesh_layer_1_vtx_8 + 156, 14, 0),
	gsSP2Triangles(0, 1, 2, 0, 3, 0, 2, 0),
	gsSP2Triangles(4, 5, 6, 0, 7, 5, 4, 0),
	gsSP2Triangles(7, 8, 5, 0, 9, 8, 7, 0),
	gsSP2Triangles(9, 10, 8, 0, 11, 10, 9, 0),
	gsSP2Triangles(11, 12, 10, 0, 13, 12, 11, 0),
	gsSPEndDisplayList(),
};

Vtx wellwa_wellwa_mesh_layer_1_vtx_9[75] = {
	{{{-14, -16, -208}, 0, {417, 2}, {0xD7, 0xE7, 0x8A, 0xFF}}},
	{{{0, -23, -206}, 0, {425, 44}, {0x00, 0xD7, 0x88, 0xFF}}},
	{{{-19, -18, -204}, 0, {429, -14}, {0xDE, 0x1A, 0x88, 0xFF}}},
	{{{25, -7, -189}, 0, {379, 948}, {0x79, 0x0A, 0xDB, 0xFF}}},
	{{{29, 15, -41}, 0, {356, 516}, {0x4A, 0x67, 0xF5, 0xFF}}},
	{{{39, -7, -41}, 0, {325, 527}, {0x7E, 0x09, 0xF4, 0xFF}}},
	{{{18, 7, -189}, 0, {398, 941}, {0x4A, 0x62, 0xE0, 0xFF}}},
	{{{11, 5, -198}, 0, {421, 969}, {0x37, 0x5B, 0xBA, 0xFF}}},
	{{{17, -7, -204}, 0, {403, 991}, {0x52, 0x08, 0x9F, 0xFF}}},
	{{{0, 8, -202}, 0, {452, 976}, {0x00, 0x65, 0xB3, 0xFF}}},
	{{{0, -7, -210}, 0, {453, 1008}, {0x00, 0x08, 0x81, 0xFF}}},
	{{{-17, -7, -204}, 0, {502, 988}, {0xAE, 0x08, 0x9F, 0xFF}}},
	{{{-11, 5, -198}, 0, {484, 968}, {0xC9, 0x5B, 0xBA, 0xFF}}},
	{{{-18, 7, -189}, 0, {504, 938}, {0xB6, 0x62, 0xE0, 0xFF}}},
	{{{0, 10, -189}, 0, {451, 938}, {0x00, 0x7D, 0xEB, 0xFF}}},
	{{{-29, 15, -41}, 0, {522, 511}, {0xB6, 0x67, 0xF5, 0xFF}}},
	{{{0, 10, -153}, 0, {448, 835}, {0x00, 0x7F, 0xF8, 0xFF}}},
	{{{-9, 18, -41}, 0, {466, 511}, {0xF1, 0x7E, 0xF8, 0xFF}}},
	{{{9, 18, -41}, 0, {412, 512}, {0x0F, 0x7E, 0xF8, 0xFF}}},
	{{{-16, -19, -200}, 0, {295, 965}, {0xB9, 0xB8, 0xB3, 0xFF}}},
	{{{0, -7, -210}, 0, {276, 1008}, {0x00, 0x08, 0x81, 0xFF}}},
	{{{0, -24, -201}, 0, {322, 979}, {0x00, 0xA4, 0xA8, 0xFF}}},
	{{{-17, -7, -204}, 0, {260, 978}, {0xAE, 0x08, 0x9F, 0xFF}}},
	{{{-19, -26, -183}, 0, {311, 913}, {0xAC, 0xA6, 0xE1, 0xFF}}},
	{{{-25, -7, -189}, 0, {252, 930}, {0x87, 0x0A, 0xDB, 0xFF}}},
	{{{-39, -7, -41}, 0, {240, 505}, {0x82, 0x09, 0xF4, 0xFF}}},
	{{{-30, -35, -41}, 0, {325, 505}, {0xA8, 0xA5, 0xF4, 0xFF}}},
	{{{-29, 15, -41}, 0, {191, 517}, {0xB6, 0x67, 0xF5, 0xFF}}},
	{{{-18, 7, -189}, 0, {221, 938}, {0xB6, 0x62, 0xE0, 0xFF}}},
	{{{-11, 5, -198}, 0, {234, 970}, {0xC9, 0x5B, 0xBA, 0xFF}}},
	{{{-15, -7, -206}, 0, {977, 938}, {0xCE, 0x24, 0x91, 0xFF}}},
	{{{-19, -18, -204}, 0, {1008, 943}, {0xDE, 0x1A, 0x88, 0xFF}}},
	{{{-27, 4, -192}, 0, {995, 900}, {0x01, 0x41, 0x93, 0xFF}}},
	{{{-14, -16, -208}, 0, {989, 947}, {0xD7, 0xE7, 0x8A, 0xFF}}},
	{{{15, -7, -206}, 0, {282, 134}, {0x32, 0x24, 0x91, 0xFF}}},
	{{{14, -16, -208}, 0, {257, 143}, {0x29, 0xE7, 0x8A, 0xFF}}},
	{{{27, 4, -192}, 0, {308, 83}, {0xFF, 0x41, 0x93, 0xFF}}},
	{{{19, -18, -204}, 0, {249, 131}, {0x22, 0x1A, 0x88, 0xFF}}},
	{{{-15, 13, -188}, 0, {604, 51}, {0xEE, 0x43, 0x96, 0xFF}}},
	{{{0, 9, -201}, 0, {604, 100}, {0x00, 0x46, 0x96, 0xFF}}},
	{{{-10, 1, -204}, 0, {637, 99}, {0xE8, 0x40, 0x95, 0xFF}}},
	{{{-27, 4, -192}, 0, {645, 51}, {0x01, 0x41, 0x93, 0xFF}}},
	{{{-15, -7, -206}, 0, {661, 107}, {0xCE, 0x24, 0x91, 0xFF}}},
	{{{10, 1, -204}, 0, {765, 184}, {0x18, 0x40, 0x95, 0xFF}}},
	{{{0, 9, -201}, 0, {802, 177}, {0x00, 0x46, 0x96, 0xFF}}},
	{{{15, 13, -188}, 0, {776, 125}, {0x12, 0x43, 0x96, 0xFF}}},
	{{{27, 4, -192}, 0, {731, 134}, {0xFF, 0x41, 0x93, 0xFF}}},
	{{{24, 25, -184}, 0, {770, 86}, {0xEF, 0x2A, 0x89, 0xFF}}},
	{{{38, 5, -194}, 0, {704, 123}, {0xDF, 0x3D, 0x96, 0xFF}}},
	{{{19, -18, -204}, 0, {714, 206}, {0x22, 0x1A, 0x88, 0xFF}}},
	{{{23, -18, -208}, 0, {704, 209}, {0xD1, 0x4B, 0xA5, 0xFF}}},
	{{{15, -7, -206}, 0, {739, 196}, {0x32, 0x24, 0x91, 0xFF}}},
	{{{0, -23, -206}, 0, {425, 44}, {0x00, 0xD7, 0x88, 0xFF}}},
	{{{14, -16, -208}, 0, {417, 80}, {0x29, 0xE7, 0x8A, 0xFF}}},
	{{{19, -18, -204}, 0, {429, 97}, {0x22, 0x1A, 0x88, 0xFF}}},
	{{{-19, -18, -204}, 0, {676, 120}, {0xDE, 0x1A, 0x88, 0xFF}}},
	{{{-23, -18, -208}, 0, {691, 116}, {0x2F, 0x4B, 0xA5, 0xFF}}},
	{{{-38, 5, -194}, 0, {671, 29}, {0x21, 0x3D, 0x96, 0xFF}}},
	{{{-24, 25, -184}, 0, {604, 7}, {0x11, 0x2A, 0x89, 0xFF}}},
	{{{19, -26, -183}, 0, {95, 922}, {0x54, 0xA6, 0xE1, 0xFF}}},
	{{{17, -7, -204}, 0, {88, 993}, {0x52, 0x08, 0x9F, 0xFF}}},
	{{{25, -7, -189}, 0, {115, 951}, {0x79, 0x0A, 0xDB, 0xFF}}},
	{{{19, -26, -183}, 0, {95, 922}, {0x54, 0xA6, 0xE1, 0xFF}}},
	{{{16, -19, -200}, 0, {83, 973}, {0x47, 0xB8, 0xB3, 0xFF}}},
	{{{17, -7, -204}, 0, {88, 993}, {0x52, 0x08, 0x9F, 0xFF}}},
	{{{0, -32, -183}, 0, {38, 917}, {0x00, 0x85, 0xE0, 0xFF}}},
	{{{30, -35, -41}, 0, {158, 517}, {0x58, 0xA5, 0xF4, 0xFF}}},
	{{{39, -7, -41}, 0, {191, 535}, {0x7E, 0x09, 0xF4, 0xFF}}},
	{{{25, -7, -189}, 0, {115, 951}, {0x79, 0x0A, 0xDB, 0xFF}}},
	{{{0, -44, -41}, 0, {69, 506}, {0x00, 0x81, 0xF6, 0xFF}}},
	{{{-30, -35, -41}, 0, {-16, 506}, {0xA8, 0xA5, 0xF4, 0xFF}}},
	{{{-19, -26, -183}, 0, {-16, 915}, {0xAC, 0xA6, 0xE1, 0xFF}}},
	{{{-16, -19, -200}, 0, {-8, 967}, {0xB9, 0xB8, 0xB3, 0xFF}}},
	{{{0, -24, -201}, 0, {36, 973}, {0x00, 0xA4, 0xA8, 0xFF}}},
	{{{0, -7, -210}, 0, {38, 1008}, {0x00, 0x08, 0x81, 0xFF}}},
};

Gfx wellwa_wellwa_mesh_layer_1_tri_9[] = {
	gsSPVertex(wellwa_wellwa_mesh_layer_1_vtx_9 + 0, 30, 0),
	gsSP2Triangles(0, 1, 2, 0, 3, 4, 5, 0),
	gsSP2Triangles(3, 6, 4, 0, 3, 7, 6, 0),
	gsSP2Triangles(3, 8, 7, 0, 8, 9, 7, 0),
	gsSP2Triangles(8, 10, 9, 0, 11, 9, 10, 0),
	gsSP2Triangles(11, 12, 9, 0, 13, 9, 12, 0),
	gsSP2Triangles(13, 14, 9, 0, 14, 13, 15, 0),
	gsSP2Triangles(15, 16, 14, 0, 15, 17, 16, 0),
	gsSP2Triangles(14, 16, 18, 0, 14, 18, 4, 0),
	gsSP2Triangles(4, 6, 14, 0, 6, 9, 14, 0),
	gsSP2Triangles(6, 7, 9, 0, 19, 20, 21, 0),
	gsSP2Triangles(19, 22, 20, 0, 23, 22, 19, 0),
	gsSP2Triangles(23, 24, 22, 0, 23, 25, 24, 0),
	gsSP2Triangles(23, 26, 25, 0, 24, 25, 27, 0),
	gsSP2Triangles(24, 27, 28, 0, 24, 28, 29, 0),
	gsSP1Triangle(24, 29, 22, 0),
	gsSPVertex(wellwa_wellwa_mesh_layer_1_vtx_9 + 30, 32, 0),
	gsSP2Triangles(0, 1, 2, 0, 0, 3, 1, 0),
	gsSP2Triangles(3, 0, 4, 0, 3, 4, 5, 0),
	gsSP2Triangles(5, 4, 6, 0, 5, 6, 7, 0),
	gsSP2Triangles(8, 9, 10, 0, 10, 11, 8, 0),
	gsSP2Triangles(10, 12, 11, 0, 12, 10, 13, 0),
	gsSP2Triangles(14, 13, 10, 0, 13, 14, 15, 0),
	gsSP2Triangles(13, 15, 16, 0, 16, 15, 17, 0),
	gsSP2Triangles(16, 17, 18, 0, 19, 16, 18, 0),
	gsSP2Triangles(19, 18, 20, 0, 16, 21, 13, 0),
	gsSP2Triangles(12, 13, 21, 0, 22, 23, 24, 0),
	gsSP2Triangles(22, 3, 23, 0, 11, 25, 26, 0),
	gsSP2Triangles(11, 26, 27, 0, 8, 11, 27, 0),
	gsSP2Triangles(8, 27, 28, 0, 29, 30, 31, 0),
	gsSPVertex(wellwa_wellwa_mesh_layer_1_vtx_9 + 62, 13, 0),
	gsSP2Triangles(0, 1, 2, 0, 3, 1, 0, 0),
	gsSP2Triangles(3, 0, 4, 0, 0, 5, 4, 0),
	gsSP2Triangles(0, 6, 5, 0, 3, 4, 7, 0),
	gsSP2Triangles(3, 7, 8, 0, 3, 8, 9, 0),
	gsSP2Triangles(3, 9, 10, 0, 3, 10, 11, 0),
	gsSP2Triangles(3, 11, 1, 0, 1, 11, 12, 0),
	gsSP1Triangle(1, 12, 2, 0),
	gsSPEndDisplayList(),
};

Vtx wellwa_wellwa_mesh_layer_1_vtx_10[116] = {
	{{{5, -12, -352}, 0, {908, 457}, {0xD2, 0x36, 0x97, 0xFF}}},
	{{{2, -13, -347}, 0, {1008, 403}, {0x00, 0x0E, 0x82, 0xFF}}},
	{{{6, -8, -347}, 0, {908, 354}, {0xF8, 0x02, 0x81, 0xFF}}},
	{{{5, -5, -352}, 0, {845, 673}, {0xD2, 0xC8, 0x98, 0xFF}}},
	{{{6, -8, -347}, 0, {938, 729}, {0xF8, 0x02, 0x81, 0xFF}}},
	{{{2, -4, -347}, 0, {938, 621}, {0x00, 0xF5, 0x82, 0xFF}}},
	{{{-2, -12, -352}, 0, {660, 123}, {0x2E, 0x36, 0x97, 0xFF}}},
	{{{-3, -8, -347}, 0, {660, 15}, {0x08, 0x02, 0x81, 0xFF}}},
	{{{2, -13, -347}, 0, {580, 77}, {0x00, 0x0E, 0x82, 0xFF}}},
	{{{-2, -5, -352}, 0, {742, 107}, {0x2E, 0xC8, 0x98, 0xFF}}},
	{{{2, -4, -347}, 0, {660, 26}, {0x00, 0xF5, 0x82, 0xFF}}},
	{{{-3, -8, -347}, 0, {660, 123}, {0x08, 0x02, 0x81, 0xFF}}},
	{{{7, -3, -343}, 0, {908, 452}, {0x49, 0x44, 0x4F, 0xFF}}},
	{{{9, -8, -347}, 0, {829, 344}, {0x78, 0x00, 0xD5, 0xFF}}},
	{{{7, -3, -352}, 0, {744, 457}, {0x2C, 0x2C, 0x91, 0xFF}}},
	{{{9, -8, -343}, 0, {904, 342}, {0x61, 0x00, 0x52, 0xFF}}},
	{{{7, -14, -352}, 0, {744, 255}, {0x2A, 0xD3, 0x91, 0xFF}}},
	{{{7, -14, -343}, 0, {908, 250}, {0x47, 0xB9, 0x4E, 0xFF}}},
	{{{7, -14, -343}, 0, {744, 453}, {0x47, 0xB9, 0x4E, 0xFF}}},
	{{{2, -16, -347}, 0, {664, 346}, {0x00, 0x89, 0xD2, 0xFF}}},
	{{{7, -14, -352}, 0, {580, 457}, {0x2A, 0xD3, 0x91, 0xFF}}},
	{{{2, -16, -343}, 0, {739, 344}, {0x00, 0x9F, 0x52, 0xFF}}},
	{{{-4, -14, -343}, 0, {744, 245}, {0xB9, 0xB9, 0x4E, 0xFF}}},
	{{{-4, -14, -352}, 0, {580, 248}, {0xD6, 0xD3, 0x91, 0xFF}}},
	{{{2, 0, -343}, 0, {774, 931}, {0x00, 0x62, 0x51, 0xFF}}},
	{{{7, -3, -343}, 0, {783, 1006}, {0x49, 0x44, 0x4F, 0xFF}}},
	{{{7, -3, -352}, 0, {947, 1008}, {0x2C, 0x2C, 0x91, 0xFF}}},
	{{{2, 0, -347}, 0, {849, 932}, {0x00, 0x76, 0xD2, 0xFF}}},
	{{{-4, -3, -352}, 0, {938, 821}, {0xD4, 0x2C, 0x91, 0xFF}}},
	{{{-4, -3, -343}, 0, {774, 819}, {0xB7, 0x44, 0x4F, 0xFF}}},
	{{{9, -8, -347}, 0, {662, 994}, {0x78, 0x00, 0xD5, 0xFF}}},
	{{{7, -14, -352}, 0, {774, 1008}, {0x2A, 0xD3, 0x91, 0xFF}}},
	{{{5, -12, -352}, 0, {748, 956}, {0xD2, 0x36, 0x97, 0xFF}}},
	{{{6, -8, -347}, 0, {685, 945}, {0xF8, 0x02, 0x81, 0xFF}}},
	{{{7, -3, -352}, 0, {580, 923}, {0x2C, 0x2C, 0x91, 0xFF}}},
	{{{5, -5, -352}, 0, {638, 907}, {0xD2, 0xC8, 0x98, 0xFF}}},
	{{{2, 0, -347}, 0, {584, 809}, {0x00, 0x76, 0xD2, 0xFF}}},
	{{{2, -4, -347}, 0, {639, 833}, {0x00, 0xF5, 0x82, 0xFF}}},
	{{{-2, -5, -352}, 0, {693, 782}, {0x2E, 0xC8, 0x98, 0xFF}}},
	{{{-4, -3, -352}, 0, {666, 729}, {0xD4, 0x2C, 0x91, 0xFF}}},
	{{{-3, -8, -347}, 0, {753, 791}, {0x08, 0x02, 0x81, 0xFF}}},
	{{{-6, -8, -347}, 0, {774, 741}, {0x88, 0x00, 0xD5, 0xFF}}},
	{{{7, -14, -352}, 0, {971, 250}, {0x2A, 0xD3, 0x91, 0xFF}}},
	{{{2, -16, -347}, 0, {971, 146}, {0x00, 0x89, 0xD2, 0xFF}}},
	{{{2, -13, -347}, 0, {916, 148}, {0x00, 0x0E, 0x82, 0xFF}}},
	{{{5, -12, -352}, 0, {917, 247}, {0xD2, 0x36, 0x97, 0xFF}}},
	{{{6, -8, -347}, 0, {580, 245}, {0xF8, 0x02, 0x81, 0xFF}}},
	{{{2, -13, -347}, 0, {696, 243}, {0x00, 0x0E, 0x82, 0xFF}}},
	{{{2, -4, -347}, 0, {580, 123}, {0x00, 0xF5, 0x82, 0xFF}}},
	{{{-3, -8, -347}, 0, {702, 127}, {0x08, 0x02, 0x81, 0xFF}}},
	{{{7, -14, -343}, 0, {643, 457}, {0x47, 0xB9, 0x4E, 0xFF}}},
	{{{9, -8, -343}, 0, {580, 549}, {0x61, 0x00, 0x52, 0xFF}}},
	{{{7, -3, -343}, 0, {580, 659}, {0x49, 0x44, 0x4F, 0xFF}}},
	{{{2, -16, -343}, 0, {754, 457}, {0x00, 0x9F, 0x52, 0xFF}}},
	{{{2, 0, -343}, 0, {669, 729}, {0x00, 0x62, 0x51, 0xFF}}},
	{{{-4, -3, -343}, 0, {782, 722}, {0xB7, 0x44, 0x4F, 0xFF}}},
	{{{-4, -14, -343}, 0, {845, 520}, {0xB9, 0xB9, 0x4E, 0xFF}}},
	{{{-6, -8, -343}, 0, {845, 630}, {0x9F, 0x00, 0x52, 0xFF}}},
	{{{-4, -3, -343}, 0, {752, 250}, {0xB7, 0x44, 0x4F, 0xFF}}},
	{{{-4, -3, -352}, 0, {916, 250}, {0xD4, 0x2C, 0x91, 0xFF}}},
	{{{-6, -8, -347}, 0, {818, 159}, {0x88, 0x00, 0xD5, 0xFF}}},
	{{{-6, -8, -343}, 0, {744, 159}, {0x9F, 0x00, 0x52, 0xFF}}},
	{{{-6, -8, -343}, 0, {744, 159}, {0x9F, 0x00, 0x52, 0xFF}}},
	{{{-6, -8, -347}, 0, {818, 159}, {0x88, 0x00, 0xD5, 0xFF}}},
	{{{-4, -14, -352}, 0, {907, 48}, {0xD6, 0xD3, 0x91, 0xFF}}},
	{{{-4, -14, -343}, 0, {744, 48}, {0xB9, 0xB9, 0x4E, 0xFF}}},
	{{{-6, -8, -347}, 0, {948, 517}, {0x88, 0x00, 0xD5, 0xFF}}},
	{{{-3, -8, -347}, 0, {901, 513}, {0x08, 0x02, 0x81, 0xFF}}},
	{{{-2, -12, -352}, 0, {901, 610}, {0x2E, 0x36, 0x97, 0xFF}}},
	{{{-4, -14, -352}, 0, {954, 621}, {0xD6, 0xD3, 0x91, 0xFF}}},
	{{{-4, -14, -352}, 0, {901, 511}, {0xD6, 0xD3, 0x91, 0xFF}}},
	{{{-2, -12, -352}, 0, {847, 534}, {0x2E, 0x36, 0x97, 0xFF}}},
	{{{2, -13, -347}, 0, {845, 604}, {0x00, 0x0E, 0x82, 0xFF}}},
	{{{2, -16, -347}, 0, {901, 621}, {0x00, 0x89, 0xD2, 0xFF}}},
	{{{16, -20, -252}, 0, {465, 910}, {0x1D, 0x87, 0xE7, 0xFF}}},
	{{{17, -15, -263}, 0, {553, 877}, {0xF7, 0xAA, 0xA3, 0xFF}}},
	{{{19, -19, -249}, 0, {457, 873}, {0x59, 0xA8, 0x15, 0xFF}}},
	{{{14, -15, -263}, 0, {569, 898}, {0x04, 0xAD, 0xA0, 0xFF}}},
	{{{14, -8, -265}, 0, {613, 842}, {0x01, 0xFF, 0x81, 0xFF}}},
	{{{17, -8, -265}, 0, {584, 834}, {0xF3, 0xFD, 0x82, 0xFF}}},
	{{{13, -1, -263}, 0, {616, 768}, {0x12, 0x40, 0x94, 0xFF}}},
	{{{17, -1, -263}, 0, {587, 777}, {0x00, 0x4A, 0x99, 0xFF}}},
	{{{18, 5, -252}, 0, {520, 710}, {0x68, 0x3F, 0xDB, 0xFF}}},
	{{{16, 7, -253}, 0, {539, 685}, {0x52, 0x2B, 0xA9, 0xFF}}},
	{{{19, 10, -248}, 0, {480, 657}, {0x7C, 0x19, 0xFA, 0xFF}}},
	{{{19, 5, -248}, 0, {479, 702}, {0x7E, 0x0A, 0x0C, 0xFF}}},
	{{{-16, -20, -252}, 0, {194, 980}, {0xE3, 0x87, 0xE7, 0xFF}}},
	{{{-19, -19, -249}, 0, {187, 937}, {0xA7, 0xA8, 0x15, 0xFF}}},
	{{{-17, -15, -263}, 0, {82, 980}, {0x09, 0xAA, 0xA3, 0xFF}}},
	{{{-14, -15, -263}, 0, {74, 1008}, {0xFC, 0xAD, 0xA0, 0xFF}}},
	{{{-14, -8, -265}, 0, {11, 968}, {0xFF, 0xFF, 0x81, 0xFF}}},
	{{{-17, -8, -265}, 0, {37, 950}, {0x0D, 0xFD, 0x82, 0xFF}}},
	{{{-13, -1, -263}, 0, {-16, 897}, {0xEE, 0x40, 0x94, 0xFF}}},
	{{{-17, -1, -263}, 0, {15, 897}, {0x00, 0x4A, 0x99, 0xFF}}},
	{{{-13, -1, -263}, 0, {-16, 897}, {0xEE, 0x40, 0x94, 0xFF}}},
	{{{-17, -1, -263}, 0, {15, 897}, {0x00, 0x4A, 0x99, 0xFF}}},
	{{{-18, 5, -252}, 0, {64, 809}, {0x98, 0x3F, 0xDB, 0xFF}}},
	{{{-16, 7, -253}, 0, {36, 792}, {0xAE, 0x2B, 0xA9, 0xFF}}},
	{{{-19, 10, -248}, 0, {74, 738}, {0x84, 0x19, 0xFA, 0xFF}}},
	{{{-19, 5, -248}, 0, {100, 779}, {0x82, 0x0A, 0x0C, 0xFF}}},
	{{{7, -3, -317}, 0, {200, 343}, {0x50, 0x3A, 0xB0, 0xFF}}},
	{{{9, -8, -317}, 0, {194, 407}, {0x69, 0xFA, 0xB9, 0xFF}}},
	{{{9, -8, -323}, 0, {239, 396}, {0x61, 0x00, 0xAE, 0xFF}}},
	{{{7, -14, -323}, 0, {250, 417}, {0x47, 0xB9, 0xB2, 0xFF}}},
	{{{7, -14, -316}, 0, {230, 454}, {0x3F, 0xAB, 0xBA, 0xFF}}},
	{{{2, -16, -323}, 0, {274, 422}, {0x00, 0x9F, 0xAE, 0xFF}}},
	{{{2, -16, -316}, 0, {275, 461}, {0x00, 0x90, 0xC4, 0xFF}}},
	{{{-4, -14, -316}, 0, {320, 452}, {0xC1, 0xAB, 0xBA, 0xFF}}},
	{{{-4, -14, -323}, 0, {298, 416}, {0xB9, 0xB9, 0xB2, 0xFF}}},
	{{{-6, -8, -317}, 0, {354, 403}, {0x97, 0xFA, 0xB9, 0xFF}}},
	{{{-6, -8, -323}, 0, {308, 394}, {0x9F, 0x00, 0xAE, 0xFF}}},
	{{{-4, -3, -317}, 0, {344, 340}, {0xB0, 0x3A, 0xB0, 0xFF}}},
	{{{-4, -3, -323}, 0, {302, 367}, {0xB7, 0x44, 0xB1, 0xFF}}},
	{{{2, 0, -319}, 0, {272, 314}, {0x00, 0x68, 0xB7, 0xFF}}},
	{{{2, 0, -323}, 0, {273, 355}, {0x00, 0x62, 0xAF, 0xFF}}},
	{{{7, -3, -323}, 0, {243, 368}, {0x49, 0x44, 0xB1, 0xFF}}},
};

Gfx wellwa_wellwa_mesh_layer_1_tri_10[] = {
	gsSPVertex(wellwa_wellwa_mesh_layer_1_vtx_10 + 0, 30, 0),
	gsSP2Triangles(0, 1, 2, 0, 3, 4, 5, 0),
	gsSP2Triangles(6, 7, 8, 0, 9, 10, 11, 0),
	gsSP2Triangles(12, 13, 14, 0, 12, 15, 13, 0),
	gsSP2Triangles(15, 16, 13, 0, 15, 17, 16, 0),
	gsSP2Triangles(18, 19, 20, 0, 18, 21, 19, 0),
	gsSP2Triangles(22, 19, 21, 0, 22, 23, 19, 0),
	gsSP2Triangles(24, 25, 26, 0, 24, 26, 27, 0),
	gsSP2Triangles(24, 27, 28, 0, 24, 28, 29, 0),
	gsSPVertex(wellwa_wellwa_mesh_layer_1_vtx_10 + 30, 32, 0),
	gsSP2Triangles(0, 1, 2, 0, 0, 2, 3, 0),
	gsSP2Triangles(4, 0, 3, 0, 4, 3, 5, 0),
	gsSP2Triangles(6, 4, 5, 0, 6, 5, 7, 0),
	gsSP2Triangles(6, 7, 8, 0, 6, 8, 9, 0),
	gsSP2Triangles(9, 8, 10, 0, 9, 10, 11, 0),
	gsSP2Triangles(12, 13, 14, 0, 12, 14, 15, 0),
	gsSP2Triangles(16, 17, 18, 0, 19, 18, 17, 0),
	gsSP2Triangles(20, 21, 22, 0, 22, 23, 20, 0),
	gsSP2Triangles(22, 24, 23, 0, 25, 23, 24, 0),
	gsSP2Triangles(25, 26, 23, 0, 26, 25, 27, 0),
	gsSP2Triangles(28, 29, 30, 0, 28, 30, 31, 0),
	gsSPVertex(wellwa_wellwa_mesh_layer_1_vtx_10 + 62, 32, 0),
	gsSP2Triangles(0, 1, 2, 0, 0, 2, 3, 0),
	gsSP2Triangles(4, 5, 6, 0, 4, 6, 7, 0),
	gsSP2Triangles(8, 9, 10, 0, 8, 10, 11, 0),
	gsSP2Triangles(12, 13, 14, 0, 12, 15, 13, 0),
	gsSP2Triangles(13, 15, 16, 0, 13, 16, 17, 0),
	gsSP2Triangles(17, 16, 18, 0, 17, 18, 19, 0),
	gsSP2Triangles(18, 20, 19, 0, 18, 21, 20, 0),
	gsSP2Triangles(21, 22, 20, 0, 20, 22, 23, 0),
	gsSP2Triangles(24, 25, 26, 0, 24, 26, 27, 0),
	gsSP2Triangles(26, 28, 27, 0, 26, 29, 28, 0),
	gsSP2Triangles(29, 30, 28, 0, 29, 31, 30, 0),
	gsSPVertex(wellwa_wellwa_mesh_layer_1_vtx_10 + 94, 22, 0),
	gsSP2Triangles(0, 1, 2, 0, 0, 2, 3, 0),
	gsSP2Triangles(3, 2, 4, 0, 2, 5, 4, 0),
	gsSP2Triangles(6, 7, 8, 0, 7, 9, 8, 0),
	gsSP2Triangles(7, 10, 9, 0, 10, 11, 9, 0),
	gsSP2Triangles(10, 12, 11, 0, 13, 11, 12, 0),
	gsSP2Triangles(13, 14, 11, 0, 15, 14, 13, 0),
	gsSP2Triangles(15, 16, 14, 0, 17, 16, 15, 0),
	gsSP2Triangles(17, 18, 16, 0, 19, 18, 17, 0),
	gsSP2Triangles(19, 20, 18, 0, 19, 21, 20, 0),
	gsSP2Triangles(19, 6, 21, 0, 6, 8, 21, 0),
	gsSP2Triangles(8, 9, 21, 0, 11, 21, 9, 0),
	gsSP2Triangles(11, 20, 21, 0, 11, 18, 20, 0),
	gsSP2Triangles(11, 14, 18, 0, 16, 18, 14, 0),
	gsSPEndDisplayList(),
};

Vtx wellwa_wellwa_mesh_layer_4_vtx_0[46] = {
	{{{7, -14, -323}, 0, {741, 482}, {0x5A, 0xA6, 0x00, 0xFF}}},
	{{{2, -16, -323}, 0, {843, 482}, {0x00, 0x81, 0x00, 0xFF}}},
	{{{2, -16, -343}, 0, {843, 27}, {0x00, 0x81, 0x00, 0xFF}}},
	{{{7, -14, -343}, 0, {741, 27}, {0x5A, 0xA6, 0x00, 0xFF}}},
	{{{9, -8, -323}, 0, {638, 482}, {0x7F, 0x00, 0x00, 0xFF}}},
	{{{9, -8, -343}, 0, {638, 27}, {0x7F, 0x00, 0x00, 0xFF}}},
	{{{7, -3, -323}, 0, {536, 482}, {0x5D, 0x57, 0x00, 0xFF}}},
	{{{7, -3, -343}, 0, {536, 27}, {0x5D, 0x57, 0x00, 0xFF}}},
	{{{2, 0, -323}, 0, {431, 482}, {0x00, 0x7F, 0x00, 0xFF}}},
	{{{2, 0, -343}, 0, {431, 27}, {0x00, 0x7F, 0x00, 0xFF}}},
	{{{-4, -3, -343}, 0, {326, 27}, {0xA3, 0x57, 0x00, 0xFF}}},
	{{{-4, -3, -323}, 0, {326, 482}, {0xA3, 0x57, 0x00, 0xFF}}},
	{{{-6, -8, -343}, 0, {223, 27}, {0x81, 0x00, 0x00, 0xFF}}},
	{{{-6, -8, -323}, 0, {223, 482}, {0x81, 0x00, 0x00, 0xFF}}},
	{{{-4, -14, -343}, 0, {121, 27}, {0xA6, 0xA6, 0x00, 0xFF}}},
	{{{-4, -14, -323}, 0, {121, 482}, {0xA6, 0xA6, 0x00, 0xFF}}},
	{{{2, -16, -343}, 0, {18, 27}, {0x00, 0x81, 0x00, 0xFF}}},
	{{{2, -16, -323}, 0, {18, 482}, {0x00, 0x81, 0x00, 0xFF}}},
	{{{-6, -9, -323}, 0, {-2, 1025}, {0x00, 0x7F, 0x00, 0xFF}}},
	{{{9, -9, -323}, 0, {737, 1025}, {0x00, 0x7F, 0x00, 0xFF}}},
	{{{9, -9, -332}, 0, {737, 638}, {0x00, 0x7F, 0x00, 0xFF}}},
	{{{-6, -9, -332}, 0, {-2, 638}, {0x00, 0x7F, 0x00, 0xFF}}},
	{{{0, -7, -328}, 0, {737, 1023}, {0x00, 0x7F, 0x00, 0xFF}}},
	{{{3, -7, -328}, 0, {993, 1023}, {0x00, 0x7F, 0x00, 0xFF}}},
	{{{3, -7, -336}, 0, {993, 512}, {0x00, 0x7F, 0x00, 0xFF}}},
	{{{0, -7, -336}, 0, {737, 512}, {0x00, 0x7F, 0x00, 0xFF}}},
	{{{1, -7, -335}, 0, {861, 481}, {0x00, 0x7F, 0x00, 0xFF}}},
	{{{3, -7, -335}, 0, {995, 481}, {0x00, 0x7F, 0x00, 0xFF}}},
	{{{3, -7, -343}, 0, {995, 18}, {0x00, 0x7F, 0x00, 0xFF}}},
	{{{1, -7, -343}, 0, {861, 18}, {0x00, 0x7F, 0x00, 0xFF}}},
	{{{-5, -5, -336}, 0, {-4, 662}, {0xB9, 0x69, 0x00, 0xFF}}},
	{{{2, 0, -336}, 0, {287, 662}, {0xB9, 0x69, 0x00, 0xFF}}},
	{{{2, 0, -340}, 0, {287, 509}, {0xB9, 0x69, 0x00, 0xFF}}},
	{{{-5, -5, -340}, 0, {-4, 509}, {0xB9, 0x69, 0x00, 0xFF}}},
	{{{2, -14, -333}, 0, {508, 645}, {0xBE, 0x6C, 0x00, 0xFF}}},
	{{{7, -10, -333}, 0, {737, 645}, {0xBE, 0x6C, 0x00, 0xFF}}},
	{{{7, -10, -337}, 0, {737, 508}, {0xBE, 0x6C, 0x00, 0xFF}}},
	{{{2, -14, -337}, 0, {508, 508}, {0xBE, 0x6C, 0x00, 0xFF}}},
	{{{-4, -10, -333}, 0, {278, 645}, {0x42, 0x6C, 0x00, 0xFF}}},
	{{{2, -14, -333}, 0, {508, 645}, {0x42, 0x6C, 0x00, 0xFF}}},
	{{{2, -14, -337}, 0, {508, 508}, {0x42, 0x6C, 0x00, 0xFF}}},
	{{{-4, -10, -337}, 0, {278, 508}, {0x42, 0x6C, 0x00, 0xFF}}},
	{{{2, -8, -336}, 0, {861, 482}, {0x81, 0x00, 0x00, 0xFF}}},
	{{{2, -6, -336}, 0, {995, 482}, {0x81, 0x00, 0x00, 0xFF}}},
	{{{2, -6, -344}, 0, {995, 18}, {0x81, 0x00, 0x00, 0xFF}}},
	{{{2, -8, -344}, 0, {861, 18}, {0x81, 0x00, 0x00, 0xFF}}},
};

Gfx wellwa_wellwa_mesh_layer_4_tri_0[] = {
	gsSPVertex(wellwa_wellwa_mesh_layer_4_vtx_0 + 0, 30, 0),
	gsSP2Triangles(0, 1, 2, 0, 0, 2, 3, 0),
	gsSP2Triangles(4, 0, 3, 0, 4, 3, 5, 0),
	gsSP2Triangles(6, 4, 5, 0, 6, 5, 7, 0),
	gsSP2Triangles(8, 6, 7, 0, 8, 7, 9, 0),
	gsSP2Triangles(8, 9, 10, 0, 8, 10, 11, 0),
	gsSP2Triangles(11, 10, 12, 0, 11, 12, 13, 0),
	gsSP2Triangles(13, 12, 14, 0, 13, 14, 15, 0),
	gsSP2Triangles(15, 14, 16, 0, 15, 16, 17, 0),
	gsSP2Triangles(18, 19, 20, 0, 18, 20, 21, 0),
	gsSP2Triangles(22, 23, 24, 0, 22, 24, 25, 0),
	gsSP2Triangles(26, 27, 28, 0, 26, 28, 29, 0),
	gsSPVertex(wellwa_wellwa_mesh_layer_4_vtx_0 + 30, 16, 0),
	gsSP2Triangles(0, 1, 2, 0, 0, 2, 3, 0),
	gsSP2Triangles(4, 5, 6, 0, 4, 6, 7, 0),
	gsSP2Triangles(8, 9, 10, 0, 8, 10, 11, 0),
	gsSP2Triangles(12, 13, 14, 0, 12, 14, 15, 0),
	gsSPEndDisplayList(),
};

Vtx wellwa_wellwa_mesh_layer_4_vtx_1[6] = {
	{{{9, 14, -319}, 0, {-4, 243}, {0x48, 0x33, 0xA5, 0xFF}}},
	{{{18, -1, -311}, 0, {1006, -5}, {0x22, 0xDA, 0x8C, 0xFF}}},
	{{{2, 6, -317}, 0, {1, -8}, {0x22, 0xDA, 0x8C, 0xFF}}},
	{{{21, 5, -311}, 0, {1005, 183}, {0x50, 0x22, 0xA4, 0xFF}}},
	{{{17, 11, -295}, 0, {986, 990}, {0x3E, 0x6F, 0xFB, 0xFF}}},
	{{{2, 16, -302}, 0, {15, 990}, {0x27, 0x79, 0x04, 0xFF}}},
};

Gfx wellwa_wellwa_mesh_layer_4_tri_1[] = {
	gsSPVertex(wellwa_wellwa_mesh_layer_4_vtx_1 + 0, 6, 0),
	gsSP2Triangles(0, 1, 2, 0, 0, 3, 1, 0),
	gsSP2Triangles(3, 0, 4, 0, 0, 5, 4, 0),
	gsSPEndDisplayList(),
};


Gfx mat_wellwa_mat_char_weikit_fur[] = {
	gsSPLightColor(LIGHT_1, 0xFF0000FF),
	gsSPLightColor(LIGHT_2, 0x7F0000FF),
	gsDPPipeSync(),
	gsDPSetCombineLERP(0, 0, 0, SHADE, 0, 0, 0, ENVIRONMENT, 0, 0, 0, SHADE, 0, 0, 0, ENVIRONMENT),
	gsDPSetAlphaDither(G_AD_NOISE),
	gsSPTexture(65535, 65535, 0, 0, 1),
	gsSPEndDisplayList(),
};

Gfx mat_revert_wellwa_mat_char_weikit_fur[] = {
	gsDPPipeSync(),
	gsDPSetAlphaDither(G_AD_DISABLE),
	gsSPEndDisplayList(),
};

Gfx mat_wellwa_mat_char_wellwa_socks[] = {
	gsSPLightColor(LIGHT_1, 0xFF0000FF),
	gsSPLightColor(LIGHT_2, 0x7F0000FF),
	gsDPPipeSync(),
	gsDPSetCombineLERP(NOISE, 0, SHADE, 0, 0, 0, 0, ENVIRONMENT, NOISE, 0, SHADE, 0, 0, 0, 0, ENVIRONMENT),
	gsDPSetAlphaDither(G_AD_NOISE),
	gsSPTexture(65535, 65535, 0, 0, 1),
	gsSPEndDisplayList(),
};

Gfx mat_revert_wellwa_mat_char_wellwa_socks[] = {
	gsDPPipeSync(),
	gsDPSetAlphaDither(G_AD_DISABLE),
	gsSPEndDisplayList(),
};

Gfx mat_wellwa_mat_char_wellwa_crown_details[] = {
	gsSPClearGeometryMode(G_CULL_BACK),
	gsSPLightColor(LIGHT_1, 0xFFFFFFFF),
	gsSPLightColor(LIGHT_2, 0x7F7F7FFF),
	gsDPPipeSync(),
	gsDPSetCombineLERP(TEXEL0, 0, SHADE, 0, TEXEL0, 0, ENVIRONMENT, 0, TEXEL0, 0, SHADE, 0, TEXEL0, 0, ENVIRONMENT, 0),
	gsDPSetAlphaDither(G_AD_NOISE),
	gsDPSetTextureLUT(G_TT_RGBA16),
	gsSPTexture(65535, 65535, 0, 0, 1),
	gsDPSetTextureImage(G_IM_FMT_RGBA, G_IM_SIZ_16b, 1, wellwa_t_wellwa_crown_details_pal_rgba16),
	gsDPSetTile(0, 0, 0, 256, 5, 0, G_TX_WRAP | G_TX_NOMIRROR, 0, 0, G_TX_WRAP | G_TX_NOMIRROR, 0, 0),
	gsDPLoadTLUTCmd(5, 10),
	gsDPSetTextureImage(G_IM_FMT_CI, G_IM_SIZ_16b, 1, wellwa_t_wellwa_crown_details_ci4),
	gsDPSetTile(G_IM_FMT_CI, G_IM_SIZ_16b, 0, 0, 7, 0, G_TX_WRAP | G_TX_NOMIRROR, 0, 0, G_TX_WRAP | G_TX_NOMIRROR, 0, 0),
	gsDPLoadBlock(7, 0, 0, 255, 1024),
	gsDPSetTile(G_IM_FMT_CI, G_IM_SIZ_4b, 2, 0, 0, 0, G_TX_WRAP | G_TX_NOMIRROR, 5, 0, G_TX_WRAP | G_TX_NOMIRROR, 5, 0),
	gsDPSetTileSize(0, 0, 0, 124, 124),
	gsSPEndDisplayList(),
};

Gfx mat_revert_wellwa_mat_char_wellwa_crown_details[] = {
	gsSPSetGeometryMode(G_CULL_BACK),
	gsDPPipeSync(),
	gsDPSetAlphaDither(G_AD_DISABLE),
	gsDPSetTextureLUT(G_TT_NONE),
	gsSPEndDisplayList(),
};

Gfx mat_wellwa_mat_char_wellwa_eye_1[] = {
	gsSPLightColor(LIGHT_1, 0xFFFFFFFF),
	gsSPLightColor(LIGHT_2, 0x7F7F7FFF),
	gsDPPipeSync(),
	gsDPSetCombineLERP(TEXEL0, 0, SHADE, 0, 0, 0, 0, ENVIRONMENT, TEXEL0, 0, SHADE, 0, 0, 0, 0, ENVIRONMENT),
	gsDPSetAlphaDither(G_AD_NOISE),
	gsDPSetTextureLUT(G_TT_RGBA16),
	gsSPTexture(65535, 65535, 0, 0, 1),
	gsDPSetTextureImage(G_IM_FMT_RGBA, G_IM_SIZ_16b, 1, wellwa_t_wellwa_eye_1_pal_rgba16),
	gsDPSetTile(0, 0, 0, 256, 5, 0, G_TX_WRAP | G_TX_NOMIRROR, 0, 0, G_TX_WRAP | G_TX_NOMIRROR, 0, 0),
	gsDPLoadTLUTCmd(5, 30),
	gsDPSetTextureImage(G_IM_FMT_CI, G_IM_SIZ_8b_LOAD_BLOCK, 1, wellwa_t_wellwa_eye_1_ci8),
	gsDPSetTile(G_IM_FMT_CI, G_IM_SIZ_8b_LOAD_BLOCK, 0, 0, 7, 0, G_TX_WRAP | G_TX_NOMIRROR, 0, 0, G_TX_WRAP | G_TX_NOMIRROR, 0, 0),
	gsDPLoadBlock(7, 0, 0, 511, 512),
	gsDPSetTile(G_IM_FMT_CI, G_IM_SIZ_8b, 4, 0, 0, 0, G_TX_CLAMP | G_TX_NOMIRROR, 5, 0, G_TX_WRAP | G_TX_MIRROR, 5, 0),
	gsDPSetTileSize(0, 0, 0, 124, 124),
	gsSPEndDisplayList(),
};

Gfx mat_revert_wellwa_mat_char_wellwa_eye_1[] = {
	gsDPPipeSync(),
	gsDPSetAlphaDither(G_AD_DISABLE),
	gsDPSetTextureLUT(G_TT_NONE),
	gsSPEndDisplayList(),
};

Gfx mat_wellwa__mat_char_wellwa_mouth[] = {
	gsSPLightColor(LIGHT_1, 0xFFFFFFFF),
	gsSPLightColor(LIGHT_2, 0x7F7F7FFF),
	gsDPPipeSync(),
	gsDPSetCombineLERP(TEXEL0, 0, SHADE, 0, 0, 0, 0, ENVIRONMENT, TEXEL0, 0, SHADE, 0, 0, 0, 0, ENVIRONMENT),
	gsDPSetAlphaDither(G_AD_NOISE),
	gsDPSetTextureLUT(G_TT_RGBA16),
	gsSPTexture(65535, 65535, 0, 0, 1),
	gsDPSetTextureImage(G_IM_FMT_RGBA, G_IM_SIZ_16b, 1, wellwa_t_wellwa_mouth_pal_rgba16),
	gsDPSetTile(0, 0, 0, 256, 5, 0, G_TX_WRAP | G_TX_NOMIRROR, 0, 0, G_TX_WRAP | G_TX_NOMIRROR, 0, 0),
	gsDPLoadTLUTCmd(5, 3),
	gsDPSetTextureImage(G_IM_FMT_CI, G_IM_SIZ_16b, 1, wellwa_t_wellwa_mouth_ci4),
	gsDPSetTile(G_IM_FMT_CI, G_IM_SIZ_16b, 0, 0, 7, 0, G_TX_WRAP | G_TX_NOMIRROR, 0, 0, G_TX_WRAP | G_TX_NOMIRROR, 0, 0),
	gsDPLoadBlock(7, 0, 0, 255, 1024),
	gsDPSetTile(G_IM_FMT_CI, G_IM_SIZ_4b, 2, 0, 0, 0, G_TX_CLAMP | G_TX_NOMIRROR, 5, 0, G_TX_CLAMP | G_TX_NOMIRROR, 5, 0),
	gsDPSetTileSize(0, 0, 0, 124, 124),
	gsSPEndDisplayList(),
};

Gfx mat_revert_wellwa__mat_char_wellwa_mouth[] = {
	gsDPPipeSync(),
	gsDPSetAlphaDither(G_AD_DISABLE),
	gsDPSetTextureLUT(G_TT_NONE),
	gsSPEndDisplayList(),
};

Gfx mat_wellwa_mat_char_wellwa_hair[] = {
	gsSPClearGeometryMode(G_CULL_BACK),
	gsDPPipeSync(),
	gsDPSetCombineLERP(0, 0, 0, TEXEL0, 0, 0, 0, TEXEL0, 0, 0, 0, TEXEL0, 0, 0, 0, TEXEL0),
	gsDPSetAlphaDither(G_AD_NOISE),
	gsDPSetTextureLUT(G_TT_RGBA16),
	gsSPTexture(65535, 65535, 0, 0, 1),
	gsDPSetTextureImage(G_IM_FMT_RGBA, G_IM_SIZ_16b, 1, wellwa_t_wellwa_hair_pal_rgba16),
	gsDPSetTile(0, 0, 0, 256, 5, 0, G_TX_WRAP | G_TX_NOMIRROR, 0, 0, G_TX_WRAP | G_TX_NOMIRROR, 0, 0),
	gsDPLoadTLUTCmd(5, 2),
	gsDPSetTextureImage(G_IM_FMT_CI, G_IM_SIZ_16b, 1, wellwa_t_wellwa_hair_ci4),
	gsDPSetTile(G_IM_FMT_CI, G_IM_SIZ_16b, 0, 0, 7, 0, G_TX_WRAP | G_TX_NOMIRROR, 0, 0, G_TX_WRAP | G_TX_NOMIRROR, 0, 0),
	gsDPLoadBlock(7, 0, 0, 255, 1024),
	gsDPSetTile(G_IM_FMT_CI, G_IM_SIZ_4b, 2, 0, 0, 0, G_TX_WRAP | G_TX_NOMIRROR, 5, 0, G_TX_WRAP | G_TX_NOMIRROR, 5, 0),
	gsDPSetTileSize(0, 0, 0, 124, 124),
	gsSPEndDisplayList(),
};

Gfx mat_revert_wellwa_mat_char_wellwa_hair[] = {
	gsSPSetGeometryMode(G_CULL_BACK),
	gsDPPipeSync(),
	gsDPSetAlphaDither(G_AD_DISABLE),
	gsDPSetTextureLUT(G_TT_NONE),
	gsSPEndDisplayList(),
};

Gfx mat_wellwa_mat_char_wellwa_chest_details[] = {
	gsSPLightColor(LIGHT_1, 0xFFFFFFFF),
	gsSPLightColor(LIGHT_2, 0x7F7F7FFF),
	gsDPPipeSync(),
	gsDPSetCombineLERP(TEXEL0, 0, SHADE, 0, 0, 0, 0, ENVIRONMENT, TEXEL0, 0, SHADE, 0, 0, 0, 0, ENVIRONMENT),
	gsDPSetAlphaDither(G_AD_NOISE),
	gsDPSetTextureLUT(G_TT_RGBA16),
	gsSPTexture(65535, 65535, 0, 0, 1),
	gsDPSetTextureImage(G_IM_FMT_RGBA, G_IM_SIZ_16b, 1, wellwa_t_wellwa_chest_details_pal_rgba16),
	gsDPSetTile(0, 0, 0, 256, 5, 0, G_TX_WRAP | G_TX_NOMIRROR, 0, 0, G_TX_WRAP | G_TX_NOMIRROR, 0, 0),
	gsDPLoadTLUTCmd(5, 13),
	gsDPSetTextureImage(G_IM_FMT_CI, G_IM_SIZ_16b, 1, wellwa_t_wellwa_chest_details_ci4),
	gsDPSetTile(G_IM_FMT_CI, G_IM_SIZ_16b, 0, 0, 7, 0, G_TX_WRAP | G_TX_NOMIRROR, 0, 0, G_TX_WRAP | G_TX_NOMIRROR, 0, 0),
	gsDPLoadBlock(7, 0, 0, 255, 1024),
	gsDPSetTile(G_IM_FMT_CI, G_IM_SIZ_4b, 2, 0, 0, 0, G_TX_WRAP | G_TX_NOMIRROR, 5, 0, G_TX_WRAP | G_TX_NOMIRROR, 5, 0),
	gsDPSetTileSize(0, 0, 0, 124, 124),
	gsSPEndDisplayList(),
};

Gfx mat_revert_wellwa_mat_char_wellwa_chest_details[] = {
	gsDPPipeSync(),
	gsDPSetAlphaDither(G_AD_DISABLE),
	gsDPSetTextureLUT(G_TT_NONE),
	gsSPEndDisplayList(),
};

Gfx mat_wellwa_mat_char_wellwa_attach[] = {
	gsSPLightColor(LIGHT_1, 0xFFFFFFFF),
	gsSPLightColor(LIGHT_2, 0x7F7F7FFF),
	gsDPPipeSync(),
	gsDPSetCombineLERP(TEXEL0, 0, SHADE, 0, 0, 0, 0, ENVIRONMENT, TEXEL0, 0, SHADE, 0, 0, 0, 0, ENVIRONMENT),
	gsDPSetAlphaDither(G_AD_NOISE),
	gsDPSetTextureLUT(G_TT_RGBA16),
	gsSPTexture(65535, 65535, 0, 0, 1),
	gsDPSetTextureImage(G_IM_FMT_RGBA, G_IM_SIZ_16b, 1, wellwa_t_wellwa_attach_pal_rgba16),
	gsDPSetTile(0, 0, 0, 256, 5, 0, G_TX_WRAP | G_TX_NOMIRROR, 0, 0, G_TX_WRAP | G_TX_NOMIRROR, 0, 0),
	gsDPLoadTLUTCmd(5, 7),
	gsDPSetTextureImage(G_IM_FMT_CI, G_IM_SIZ_16b, 1, wellwa_t_wellwa_attach_ci4),
	gsDPSetTile(G_IM_FMT_CI, G_IM_SIZ_16b, 0, 0, 7, 0, G_TX_WRAP | G_TX_NOMIRROR, 0, 0, G_TX_WRAP | G_TX_NOMIRROR, 0, 0),
	gsDPLoadBlock(7, 0, 0, 255, 1024),
	gsDPSetTile(G_IM_FMT_CI, G_IM_SIZ_4b, 2, 0, 0, 0, G_TX_WRAP | G_TX_NOMIRROR, 5, 0, G_TX_WRAP | G_TX_NOMIRROR, 5, 0),
	gsDPSetTileSize(0, 0, 0, 124, 124),
	gsSPEndDisplayList(),
};

Gfx mat_revert_wellwa_mat_char_wellwa_attach[] = {
	gsDPPipeSync(),
	gsDPSetAlphaDither(G_AD_DISABLE),
	gsDPSetTextureLUT(G_TT_NONE),
	gsSPEndDisplayList(),
};

Gfx mat_wellwa_mat_char_wellwa_clothing_1[] = {
	gsSPLightColor(LIGHT_1, 0x98FFF4FF),
	gsSPLightColor(LIGHT_2, 0x497F7AFF),
	gsDPPipeSync(),
	gsDPSetCombineLERP(0, 0, 0, SHADE, 0, 0, 0, ENVIRONMENT, 0, 0, 0, SHADE, 0, 0, 0, ENVIRONMENT),
	gsDPSetAlphaDither(G_AD_NOISE),
	gsSPTexture(65535, 65535, 0, 0, 1),
	gsSPEndDisplayList(),
};

Gfx mat_revert_wellwa_mat_char_wellwa_clothing_1[] = {
	gsDPPipeSync(),
	gsDPSetAlphaDither(G_AD_DISABLE),
	gsSPEndDisplayList(),
};

Gfx mat_wellwa_mat_char_wellwa_clothing_1_doubleside[] = {
	gsSPClearGeometryMode(G_CULL_BACK),
	gsSPLightColor(LIGHT_1, 0x98FFF4FF),
	gsSPLightColor(LIGHT_2, 0x497F7AFF),
	gsDPPipeSync(),
	gsDPSetCombineLERP(0, 0, 0, SHADE, 0, 0, 0, ENVIRONMENT, 0, 0, 0, SHADE, 0, 0, 0, ENVIRONMENT),
	gsDPSetAlphaDither(G_AD_NOISE),
	gsSPTexture(65535, 65535, 0, 0, 1),
	gsSPEndDisplayList(),
};

Gfx mat_revert_wellwa_mat_char_wellwa_clothing_1_doubleside[] = {
	gsSPSetGeometryMode(G_CULL_BACK),
	gsDPPipeSync(),
	gsDPSetAlphaDither(G_AD_DISABLE),
	gsSPEndDisplayList(),
};

Gfx mat_wellwa_mat_char_wellwa_clothing_2[] = {
	gsSPLightColor(LIGHT_1, 0x35198DFF),
	gsSPLightColor(LIGHT_2, 0x150744FF),
	gsDPPipeSync(),
	gsDPSetCombineLERP(0, 0, 0, SHADE, 0, 0, 0, ENVIRONMENT, 0, 0, 0, SHADE, 0, 0, 0, ENVIRONMENT),
	gsDPSetAlphaDither(G_AD_NOISE),
	gsSPTexture(65535, 65535, 0, 0, 1),
	gsSPEndDisplayList(),
};

Gfx mat_revert_wellwa_mat_char_wellwa_clothing_2[] = {
	gsDPPipeSync(),
	gsDPSetAlphaDither(G_AD_DISABLE),
	gsSPEndDisplayList(),
};

Gfx mat_wellwa_mat_char_wellwa_clothing_2_doubleside[] = {
	gsSPClearGeometryMode(G_CULL_BACK),
	gsSPLightColor(LIGHT_1, 0x35198DFF),
	gsSPLightColor(LIGHT_2, 0x150744FF),
	gsDPPipeSync(),
	gsDPSetCombineLERP(0, 0, 0, SHADE, 0, 0, 0, ENVIRONMENT, 0, 0, 0, SHADE, 0, 0, 0, ENVIRONMENT),
	gsDPSetAlphaDither(G_AD_NOISE),
	gsSPTexture(65535, 65535, 0, 0, 1),
	gsSPEndDisplayList(),
};

Gfx mat_revert_wellwa_mat_char_wellwa_clothing_2_doubleside[] = {
	gsSPSetGeometryMode(G_CULL_BACK),
	gsDPPipeSync(),
	gsDPSetAlphaDither(G_AD_DISABLE),
	gsSPEndDisplayList(),
};

Gfx mat_wellwa_mat_char_wellwa_gold[] = {
	gsSPLightColor(LIGHT_1, 0xFFA859FF),
	gsSPLightColor(LIGHT_2, 0x7F5228FF),
	gsDPPipeSync(),
	gsDPSetCombineLERP(0, 0, 0, SHADE, 0, 0, 0, ENVIRONMENT, 0, 0, 0, SHADE, 0, 0, 0, ENVIRONMENT),
	gsDPSetAlphaDither(G_AD_NOISE),
	gsSPTexture(65535, 65535, 0, 0, 1),
	gsSPEndDisplayList(),
};

Gfx mat_revert_wellwa_mat_char_wellwa_gold[] = {
	gsDPPipeSync(),
	gsDPSetAlphaDither(G_AD_DISABLE),
	gsSPEndDisplayList(),
};

Gfx wellwa_wellwa_mesh_layer_1_with_revert[] = {
	gsSPDisplayList(mat_wellwa_mat_char_weikit_fur),
	gsSPDisplayList(wellwa_wellwa_mesh_layer_1_tri_0),
	gsSPDisplayList(mat_revert_wellwa_mat_char_weikit_fur),
	gsSPDisplayList(mat_wellwa_mat_char_wellwa_socks),
	gsSPDisplayList(wellwa_wellwa_mesh_layer_1_tri_1),
	gsSPDisplayList(mat_revert_wellwa_mat_char_wellwa_socks),
	gsSPDisplayList(mat_wellwa_mat_char_wellwa_eye_1),
	gsSPDisplayList(wellwa_wellwa_mesh_layer_1_tri_2),
	gsSPDisplayList(mat_revert_wellwa_mat_char_wellwa_eye_1),
	gsSPDisplayList(mat_wellwa__mat_char_wellwa_mouth),
	gsSPDisplayList(wellwa_wellwa_mesh_layer_1_tri_3),
	gsSPDisplayList(mat_revert_wellwa__mat_char_wellwa_mouth),
	gsSPDisplayList(mat_wellwa_mat_char_wellwa_chest_details),
	gsSPDisplayList(wellwa_wellwa_mesh_layer_1_tri_4),
	gsSPDisplayList(mat_revert_wellwa_mat_char_wellwa_chest_details),
	gsSPDisplayList(mat_wellwa_mat_char_wellwa_attach),
	gsSPDisplayList(wellwa_wellwa_mesh_layer_1_tri_5),
	gsSPDisplayList(mat_revert_wellwa_mat_char_wellwa_attach),
	gsSPDisplayList(mat_wellwa_mat_char_wellwa_clothing_1),
	gsSPDisplayList(wellwa_wellwa_mesh_layer_1_tri_6),
	gsSPDisplayList(mat_revert_wellwa_mat_char_wellwa_clothing_1),
	gsSPDisplayList(mat_wellwa_mat_char_wellwa_clothing_1_doubleside),
	gsSPDisplayList(wellwa_wellwa_mesh_layer_1_tri_7),
	gsSPDisplayList(mat_revert_wellwa_mat_char_wellwa_clothing_1_doubleside),
	gsSPDisplayList(mat_wellwa_mat_char_wellwa_clothing_2),
	gsSPDisplayList(wellwa_wellwa_mesh_layer_1_tri_8),
	gsSPDisplayList(mat_revert_wellwa_mat_char_wellwa_clothing_2),
	gsSPDisplayList(mat_wellwa_mat_char_wellwa_clothing_2_doubleside),
	gsSPDisplayList(wellwa_wellwa_mesh_layer_1_tri_9),
	gsSPDisplayList(mat_revert_wellwa_mat_char_wellwa_clothing_2_doubleside),
	gsSPDisplayList(mat_wellwa_mat_char_wellwa_gold),
	gsSPDisplayList(wellwa_wellwa_mesh_layer_1_tri_10),
	gsSPDisplayList(mat_revert_wellwa_mat_char_wellwa_gold),
	gsDPPipeSync(),
	gsSPSetGeometryMode(G_LIGHTING),
	gsSPClearGeometryMode(G_TEXTURE_GEN),
	gsDPSetCombineLERP(0, 0, 0, SHADE, 0, 0, 0, ENVIRONMENT, 0, 0, 0, SHADE, 0, 0, 0, ENVIRONMENT),
	gsSPTexture(65535, 65535, 0, 0, 0),
	gsDPSetEnvColor(255, 255, 255, 255),
	gsDPSetAlphaCompare(G_AC_NONE),
	gsSPEndDisplayList(),
};

Gfx wellwa_wellwa_mesh_layer_4_with_revert[] = {
	gsSPDisplayList(mat_wellwa_mat_char_wellwa_crown_details),
	gsSPDisplayList(wellwa_wellwa_mesh_layer_4_tri_0),
	gsSPDisplayList(mat_revert_wellwa_mat_char_wellwa_crown_details),
	gsSPDisplayList(mat_wellwa_mat_char_wellwa_hair),
	gsSPDisplayList(wellwa_wellwa_mesh_layer_4_tri_1),
	gsSPDisplayList(mat_revert_wellwa_mat_char_wellwa_hair),
	gsDPPipeSync(),
	gsSPSetGeometryMode(G_LIGHTING),
	gsSPClearGeometryMode(G_TEXTURE_GEN),
	gsDPSetCombineLERP(0, 0, 0, SHADE, 0, 0, 0, ENVIRONMENT, 0, 0, 0, SHADE, 0, 0, 0, ENVIRONMENT),
	gsSPTexture(65535, 65535, 0, 0, 0),
	gsDPSetEnvColor(255, 255, 255, 255),
	gsDPSetAlphaCompare(G_AC_NONE),
	gsSPEndDisplayList(),
};

