Gfx prince_valley_dl_t_cloudswhite_ci8_aligner[] = {gsSPEndDisplayList()};
u8 prince_valley_dl_t_cloudswhite_ci8[] = {
	0x00, 0x00, 0x01, 0x02, 0x02, 0x02, 0x03, 0x03, 
	0x00, 0x04, 0x04, 0x04, 0x00, 0x01, 0x05, 0x05, 
	0x06, 0x07, 0x07, 0x08, 0x09, 0x09, 0x0a, 0x0b, 
	0x0c, 0x0c, 0x0a, 0x09, 0x07, 0x05, 0x01, 0x03, 
	0x0d, 0x0d, 0x00, 0x03, 0x03, 0x03, 0x00, 0x03, 
	0x00, 0x04, 0x04, 0x04, 0x00, 0x01, 0x05, 0x05, 
	0x07, 0x07, 0x07, 0x07, 0x09, 0x09, 0x0e, 0x0a, 
	0x0a, 0x0c, 0x0a, 0x09, 0x06, 0x02, 0x01, 0x03, 
	0x00, 0x00, 0x00, 0x00, 0x0d, 0x00, 0x03, 0x03, 
	0x03, 0x04, 0x04, 0x04, 0x0d, 0x03, 0x05, 0x05, 
	0x05, 0x05, 0x06, 0x06, 0x08, 0x0f, 0x0f, 0x09, 
	0x09, 0x0e, 0x0e, 0x09, 0x07, 0x05, 0x01, 0x03, 
	0x03, 0x03, 0x00, 0x0d, 0x04, 0x00, 0x03, 0x02, 
	0x01, 0x03, 0x04, 0x04, 0x04, 0x03, 0x02, 0x05, 
	0x05, 0x02, 0x02, 0x05, 0x07, 0x07, 0x07, 0x05, 
	0x07, 0x09, 0x09, 0x09, 0x0f, 0x07, 0x05, 0x02, 
	0x02, 0x02, 0x03, 0x00, 0x04, 0x00, 0x02, 0x05, 
	0x02, 0x01, 0x03, 0x0d, 0x04, 0x03, 0x01, 0x02, 
	0x03, 0x03, 0x03, 0x02, 0x05, 0x05, 0x02, 0x02, 
	0x02, 0x06, 0x07, 0x0f, 0x09, 0x0f, 0x07, 0x06, 
	0x05, 0x05, 0x02, 0x03, 0x03, 0x03, 0x01, 0x01, 
	0x02, 0x02, 0x01, 0x03, 0x00, 0x03, 0x02, 0x02, 
	0x03, 0x00, 0x03, 0x01, 0x05, 0x02, 0x01, 0x03, 
	0x03, 0x02, 0x07, 0x0f, 0x0e, 0x09, 0x09, 0x07, 
	0x07, 0x06, 0x05, 0x02, 0x03, 0x03, 0x00, 0x03, 
	0x03, 0x01, 0x03, 0x00, 0x0d, 0x03, 0x02, 0x01, 
	0x03, 0x04, 0x00, 0x03, 0x02, 0x01, 0x03, 0x00, 
	0x00, 0x03, 0x05, 0x08, 0x09, 0x0e, 0x09, 0x07, 
	0x07, 0x07, 0x06, 0x02, 0x00, 0x04, 0x04, 0x04, 
	0x04, 0x00, 0x00, 0x04, 0x00, 0x03, 0x02, 0x02, 
	0x00, 0x04, 0x0d, 0x03, 0x02, 0x01, 0x03, 0x0d, 
	0x00, 0x03, 0x05, 0x07, 0x09, 0x09, 0x0f, 0x07, 
	0x05, 0x06, 0x02, 0x03, 0x04, 0x10, 0x10, 0x04, 
	0x04, 0x04, 0x00, 0x00, 0x03, 0x03, 0x01, 0x02, 
	0x03, 0x0d, 0x00, 0x01, 0x05, 0x02, 0x03, 0x00, 
	0x03, 0x01, 0x05, 0x06, 0x07, 0x07, 0x07, 0x06, 
	0x02, 0x05, 0x03, 0x03, 0x0d, 0x04, 0x10, 0x04, 
	0x04, 0x0d, 0x03, 0x00, 0x03, 0x01, 0x02, 0x02, 
	0x01, 0x03, 0x03, 0x02, 0x05, 0x05, 0x02, 0x03, 
	0x03, 0x01, 0x02, 0x02, 0x02, 0x02, 0x02, 0x02, 
	0x01, 0x02, 0x01, 0x01, 0x03, 0x00, 0x04, 0x04, 
	0x0d, 0x03, 0x01, 0x01, 0x03, 0x01, 0x02, 0x02, 
	0x02, 0x02, 0x03, 0x02, 0x07, 0x07, 0x05, 0x02, 
	0x02, 0x02, 0x03, 0x03, 0x03, 0x03, 0x03, 0x02, 
	0x05, 0x02, 0x01, 0x02, 0x02, 0x01, 0x00, 0x04, 
	0x00, 0x02, 0x05, 0x02, 0x03, 0x03, 0x02, 0x02, 
	0x02, 0x02, 0x02, 0x06, 0x07, 0x08, 0x05, 0x05, 
	0x02, 0x02, 0x03, 0x03, 0x00, 0x03, 0x02, 0x05, 
	0x06, 0x06, 0x05, 0x05, 0x05, 0x02, 0x03, 0x00, 
	0x03, 0x02, 0x05, 0x05, 0x01, 0x03, 0x02, 0x02, 
	0x02, 0x02, 0x02, 0x06, 0x07, 0x08, 0x05, 0x02, 
	0x02, 0x05, 0x02, 0x03, 0x03, 0x03, 0x02, 0x05, 
	0x06, 0x05, 0x05, 0x05, 0x06, 0x02, 0x01, 0x03, 
	0x03, 0x02, 0x05, 0x05, 0x02, 0x01, 0x02, 0x05, 
	0x02, 0x01, 0x01, 0x05, 0x08, 0x09, 0x07, 0x02, 
	0x02, 0x05, 0x05, 0x05, 0x01, 0x01, 0x02, 0x05, 
	0x05, 0x05, 0x05, 0x05, 0x06, 0x02, 0x02, 0x02, 
	0x05, 0x05, 0x05, 0x06, 0x06, 0x02, 0x02, 0x02, 
	0x02, 0x02, 0x01, 0x05, 0x06, 0x08, 0x07, 0x05, 
	0x05, 0x05, 0x05, 0x05, 0x05, 0x02, 0x02, 0x02, 
	0x03, 0x01, 0x02, 0x05, 0x06, 0x06, 0x02, 0x06, 
	0x07, 0x06, 0x05, 0x06, 0x06, 0x05, 0x02, 0x02, 
	0x02, 0x01, 0x01, 0x02, 0x06, 0x07, 0x06, 0x05, 
	0x05, 0x05, 0x05, 0x05, 0x05, 0x02, 0x01, 0x03, 
	0x00, 0x03, 0x03, 0x02, 0x06, 0x07, 0x05, 0x07, 
	0x0f, 0x07, 0x06, 0x05, 0x05, 0x02, 0x02, 0x01, 
	0x01, 0x01, 0x02, 0x05, 0x06, 0x06, 0x07, 0x07, 
	0x06, 0x06, 0x05, 0x05, 0x02, 0x01, 0x03, 0x00, 
	0x04, 0x0d, 0x03, 0x02, 0x06, 0x07, 0x07, 0x07, 
	0x0f, 0x0f, 0x06, 0x05, 0x02, 0x02, 0x02, 0x01, 
	0x01, 0x01, 0x05, 0x07, 0x07, 0x07, 0x07, 0x07, 
	0x07, 0x07, 0x07, 0x06, 0x05, 0x01, 0x03, 0x0d, 
	0x04, 0x04, 0x00, 0x03, 0x05, 0x07, 0x07, 0x07, 
	0x07, 0x09, 0x07, 0x06, 0x05, 0x02, 0x05, 0x02, 
	0x02, 0x02, 0x06, 0x08, 0x0f, 0x0f, 0x0f, 0x08, 
	0x08, 0x0f, 0x07, 0x06, 0x02, 0x01, 0x03, 0x0d, 
	0x04, 0x04, 0x0d, 0x03, 0x01, 0x05, 0x05, 0x06, 
	0x07, 0x07, 0x0f, 0x08, 0x07, 0x06, 0x06, 0x06, 
	0x05, 0x05, 0x07, 0x09, 0x09, 0x09, 0x09, 0x0f, 
	0x07, 0x08, 0x08, 0x06, 0x02, 0x03, 0x03, 0x00, 
	0x00, 0x04, 0x04, 0x00, 0x03, 0x03, 0x02, 0x02, 
	0x05, 0x06, 0x07, 0x0f, 0x0f, 0x0f, 0x08, 0x0f, 
	0x07, 0x07, 0x0f, 0x09, 0x09, 0x09, 0x09, 0x09, 
	0x08, 0x07, 0x08, 0x06, 0x02, 0x03, 0x03, 0x03, 
	0x03, 0x00, 0x0d, 0x00, 0x00, 0x00, 0x03, 0x03, 
	0x05, 0x06, 0x0f, 0x09, 0x09, 0x11, 0x09, 0x09, 
	0x09, 0x09, 0x09, 0x09, 0x0f, 0x08, 0x0f, 0x0f, 
	0x08, 0x07, 0x07, 0x07, 0x07, 0x02, 0x03, 0x03, 
	0x03, 0x03, 0x00, 0x00, 0x00, 0x03, 0x00, 0x03, 
	0x01, 0x05, 0x07, 0x09, 0x0e, 0x0a, 0x0e, 0x09, 
	0x0e, 0x0e, 0x0e, 0x0f, 0x07, 0x06, 0x07, 0x07, 
	0x07, 0x06, 0x07, 0x07, 0x07, 0x05, 0x02, 0x03, 
	0x03, 0x03, 0x03, 0x03, 0x03, 0x03, 0x03, 0x03, 
	0x03, 0x02, 0x07, 0x09, 0x0a, 0x0a, 0x0a, 0x0a, 
	0x0e, 0x0a, 0x09, 0x0f, 0x06, 0x05, 0x05, 0x05, 
	0x06, 0x05, 0x05, 0x05, 0x06, 0x05, 0x01, 0x03, 
	0x03, 0x03, 0x03, 0x03, 0x02, 0x02, 0x03, 0x03, 
	0x03, 0x01, 0x05, 0x07, 0x09, 0x0e, 0x0a, 0x0a, 
	0x0e, 0x09, 0x0f, 0x06, 0x02, 0x01, 0x02, 0x02, 
	0x02, 0x02, 0x05, 0x02, 0x02, 0x02, 0x01, 0x03, 
	0x01, 0x03, 0x03, 0x03, 0x01, 0x01, 0x01, 0x03, 
	0x03, 0x01, 0x02, 0x05, 0x06, 0x0f, 0x09, 0x0e, 
	0x12, 0x09, 0x07, 0x06, 0x02, 0x01, 0x01, 0x01, 
	0x01, 0x01, 0x01, 0x03, 0x03, 0x03, 0x01, 0x01, 
	0x02, 0x02, 0x02, 0x01, 0x03, 0x01, 0x03, 0x03, 
	0x03, 0x01, 0x02, 0x05, 0x06, 0x06, 0x07, 0x08, 
	0x09, 0x09, 0x0f, 0x07, 0x05, 0x01, 0x01, 0x01, 
	0x03, 0x03, 0x03, 0x03, 0x00, 0x03, 0x01, 0x02, 
	0x05, 0x05, 0x05, 0x02, 0x03, 0x00, 0x00, 0x00, 
	0x00, 0x03, 0x02, 0x02, 0x05, 0x02, 0x05, 0x05, 
	0x07, 0x0f, 0x09, 0x09, 0x08, 0x05, 0x02, 0x02, 
	0x02, 0x02, 0x01, 0x01, 0x03, 0x02, 0x05, 0x05, 
	0x05, 0x05, 0x05, 0x05, 0x02, 0x03, 0x03, 0x0d, 
	0x0d, 0x00, 0x01, 0x02, 0x05, 0x02, 0x02, 0x05, 
	0x06, 0x07, 0x09, 0x0e, 0x09, 0x07, 0x07, 0x06, 
	0x07, 0x05, 0x05, 0x05, 0x02, 0x05, 0x05, 0x05, 
	0x05, 0x05, 0x06, 0x06, 0x02, 0x01, 0x03, 0x0d, 
	0x04, 0x04, 0x00, 0x03, 0x01, 0x01, 0x02, 0x05, 
	0x05, 0x07, 0x0f, 0x09, 0x09, 0x09, 0x0f, 0x0f, 
	0x0f, 0x0f, 0x07, 0x07, 0x07, 0x06, 0x07, 0x06, 
	0x02, 0x05, 0x06, 0x06, 0x05, 0x02, 0x03, 0x00, 
	0x04, 0x04, 0x04, 0x00, 0x01, 0x02, 0x02, 0x05, 
	0x06, 0x07, 0x08, 0x08, 0x09, 0x12, 0x0e, 0x09, 
	0x0e, 0x0e, 0x09, 0x0f, 0x07, 0x06, 0x05, 0x02, 
	0x03, 0x01, 0x05, 0x06, 0x05, 0x02, 0x03, 0x00, 
	0x0d, 0x04, 0x04, 0x0d, 0x03, 0x02, 0x05, 0x05, 
	0x06, 0x07, 0x08, 0x08, 0x0f, 0x12, 0x0a, 0x0a, 
	0x0a, 0x0a, 0x0a, 0x09, 0x08, 0x07, 0x06, 0x01, 
	
};

Gfx prince_valley_dl_t_cloudswhite_pal_rgba16_aligner[] = {gsSPEndDisplayList()};
u8 prince_valley_dl_t_cloudswhite_pal_rgba16[] = {
	0xef, 0x39, 0xe7, 0x37, 0xe6, 0xf7, 0xe7, 0x39, 
	0xef, 0x7b, 0xde, 0xf7, 0xde, 0xf5, 0xde, 0xb5, 
	0xd6, 0xb5, 0xd6, 0x73, 0xce, 0x31, 0xce, 0x2f, 
	0xc6, 0x2f, 0xef, 0x79, 0xce, 0x71, 0xd6, 0xb3, 
	0xf7, 0x7b, 0xd6, 0x71, 0xce, 0x73, 
};

Gfx prince_valley_dl_t_0_planks_ci8_aligner[] = {gsSPEndDisplayList()};
u8 prince_valley_dl_t_0_planks_ci8[] = {
	0x00, 0x01, 0x02, 0x03, 0x02, 0x02, 0x02, 0x02, 
	0x02, 0x02, 0x03, 0x03, 0x03, 0x03, 0x03, 0x03, 
	0x03, 0x03, 0x03, 0x03, 0x03, 0x01, 0x01, 0x01, 
	0x01, 0x01, 0x01, 0x04, 0x05, 0x00, 0x06, 0x06, 
	0x07, 0x06, 0x03, 0x01, 0x06, 0x00, 0x00, 0x06, 
	0x00, 0x00, 0x08, 0x09, 0x0a, 0x0a, 0x0a, 0x0a, 
	0x0a, 0x0a, 0x0a, 0x0a, 0x0b, 0x0a, 0x0a, 0x0a, 
	0x07, 0x07, 0x0a, 0x0a, 0x0c, 0x0a, 0x0d, 0x0b, 
	0x0e, 0x03, 0x01, 0x08, 0x0a, 0x0a, 0x0c, 0x0f, 
	0x10, 0x0a, 0x0a, 0x0a, 0x09, 0x09, 0x08, 0x0d, 
	0x09, 0x0d, 0x0d, 0x0b, 0x0b, 0x0a, 0x0a, 0x0a, 
	0x09, 0x08, 0x08, 0x08, 0x00, 0x0e, 0x0e, 0x0e, 
	0x09, 0x00, 0x01, 0x08, 0x09, 0x09, 0x09, 0x08, 
	0x11, 0x00, 0x00, 0x00, 0x12, 0x09, 0x09, 0x09, 
	0x09, 0x09, 0x09, 0x0a, 0x0a, 0x0f, 0x0a, 0x0b, 
	0x0a, 0x0a, 0x0a, 0x0f, 0x0f, 0x0a, 0x0d, 0x08, 
	0x10, 0x09, 0x01, 0x00, 0x00, 0x00, 0x08, 0x08, 
	0x08, 0x08, 0x09, 0x0a, 0x0a, 0x0a, 0x0a, 0x09, 
	0x09, 0x08, 0x00, 0x08, 0x08, 0x00, 0x00, 0x00, 
	0x00, 0x00, 0x13, 0x08, 0x08, 0x09, 0x14, 0x09, 
	0x09, 0x15, 0x03, 0x06, 0x13, 0x08, 0x12, 0x12, 
	0x08, 0x08, 0x08, 0x08, 0x16, 0x08, 0x0d, 0x0d, 
	0x09, 0x09, 0x09, 0x09, 0x08, 0x08, 0x08, 0x08, 
	0x08, 0x08, 0x17, 0x09, 0x14, 0x0a, 0x0a, 0x09, 
	0x03, 0x03, 0x01, 0x01, 0x06, 0x06, 0x06, 0x06, 
	0x06, 0x01, 0x18, 0x18, 0x18, 0x18, 0x18, 0x03, 
	0x03, 0x03, 0x18, 0x01, 0x04, 0x04, 0x01, 0x01, 
	0x18, 0x03, 0x03, 0x03, 0x03, 0x03, 0x03, 0x03, 
	0x09, 0x09, 0x14, 0x09, 0x09, 0x09, 0x09, 0x09, 
	0x09, 0x0d, 0x08, 0x16, 0x08, 0x0d, 0x0d, 0x08, 
	0x00, 0x03, 0x01, 0x00, 0x11, 0x08, 0x08, 0x08, 
	0x13, 0x19, 0x00, 0x08, 0x09, 0x09, 0x09, 0x09, 
	0x0a, 0x0a, 0x0a, 0x0a, 0x0a, 0x09, 0x0d, 0x09, 
	0x08, 0x08, 0x08, 0x0d, 0x0d, 0x09, 0x09, 0x0d, 
	0x00, 0x18, 0x06, 0x06, 0x00, 0x13, 0x12, 0x09, 
	0x09, 0x00, 0x06, 0x12, 0x0f, 0x0a, 0x0f, 0x10, 
	0x0c, 0x14, 0x09, 0x09, 0x14, 0x0a, 0x0a, 0x0a, 
	0x0a, 0x0a, 0x0a, 0x0a, 0x09, 0x08, 0x00, 0x00, 
	0x18, 0x03, 0x00, 0x08, 0x08, 0x09, 0x17, 0x08, 
	0x08, 0x08, 0x12, 0x14, 0x10, 0x0a, 0x0a, 0x0a, 
	0x14, 0x14, 0x12, 0x13, 0x08, 0x13, 0x08, 0x13, 
	0x00, 0x05, 0x13, 0x11, 0x13, 0x08, 0x08, 0x09, 
	0x00, 0x03, 0x00, 0x08, 0x00, 0x00, 0x00, 0x08, 
	0x08, 0x08, 0x08, 0x09, 0x08, 0x08, 0x08, 0x09, 
	0x0a, 0x0f, 0x0a, 0x09, 0x0d, 0x08, 0x08, 0x12, 
	0x09, 0x09, 0x0a, 0x0f, 0x0a, 0x09, 0x08, 0x09, 
	0x05, 0x02, 0x15, 0x00, 0x08, 0x17, 0x09, 0x09, 
	0x09, 0x09, 0x09, 0x09, 0x09, 0x1a, 0x09, 0x09, 
	0x00, 0x00, 0x00, 0x06, 0x06, 0x06, 0x06, 0x06, 
	0x05, 0x06, 0x05, 0x08, 0x08, 0x09, 0x17, 0x0d, 
	0x15, 0x02, 0x06, 0x08, 0x13, 0x13, 0x11, 0x08, 
	0x13, 0x08, 0x08, 0x08, 0x08, 0x00, 0x00, 0x00, 
	0x01, 0x03, 0x03, 0x1b, 0x1b, 0x03, 0x03, 0x1c, 
	0x1c, 0x1c, 0x1c, 0x1c, 0x03, 0x03, 0x03, 0x03, 
	0x03, 0x03, 0x03, 0x03, 0x03, 0x18, 0x01, 0x01, 
	0x18, 0x18, 0x18, 0x03, 0x03, 0x03, 0x03, 0x03, 
	0x13, 0x00, 0x06, 0x06, 0x06, 0x00, 0x08, 0x09, 
	0x09, 0x0d, 0x09, 0x09, 0x09, 0x0d, 0x08, 0x08, 
	0x08, 0x08, 0x09, 0x08, 0x13, 0x00, 0x08, 0x08, 
	0x08, 0x00, 0x01, 0x18, 0x00, 0x0e, 0x00, 0x00, 
	0x09, 0x09, 0x09, 0x09, 0x09, 0x08, 0x14, 0x0f, 
	0x0f, 0x10, 0x0a, 0x0b, 0x0b, 0x0b, 0x0b, 0x09, 
	0x09, 0x0d, 0x09, 0x08, 0x08, 0x09, 0x0d, 0x09, 
	0x09, 0x08, 0x06, 0x03, 0x0e, 0x0d, 0x0d, 0x0d, 
	0x09, 0x0d, 0x08, 0x00, 0x00, 0x00, 0x1d, 0x08, 
	0x08, 0x17, 0x14, 0x0a, 0x0a, 0x0a, 0x09, 0x08, 
	0x08, 0x08, 0x09, 0x09, 0x09, 0x0d, 0x0d, 0x0d, 
	0x09, 0x09, 0x1e, 0x01, 0x00, 0x0a, 0x0a, 0x09, 
	0x09, 0x09, 0x0a, 0x0a, 0x0b, 0x0a, 0x0a, 0x0a, 
	0x0a, 0x0a, 0x10, 0x14, 0x0d, 0x09, 0x09, 0x0d, 
	0x08, 0x0d, 0x09, 0x0a, 0x0a, 0x0a, 0x09, 0x09, 
	0x0d, 0x08, 0x13, 0x01, 0x1f, 0x0a, 0x0a, 0x0a, 
	0x09, 0x0a, 0x10, 0x0a, 0x0a, 0x0a, 0x0f, 0x0a, 
	0x0a, 0x0c, 0x0a, 0x14, 0x14, 0x0a, 0x09, 0x0a, 
	0x0a, 0x0a, 0x0a, 0x09, 0x08, 0x08, 0x08, 0x08, 
	0x08, 0x00, 0x06, 0x03, 0x05, 0x0a, 0x0a, 0x0a, 
	0x18, 0x01, 0x18, 0x03, 0x18, 0x01, 0x01, 0x01, 
	0x01, 0x01, 0x18, 0x01, 0x01, 0x01, 0x18, 0x18, 
	0x03, 0x01, 0x01, 0x01, 0x18, 0x03, 0x18, 0x18, 
	0x03, 0x03, 0x03, 0x03, 0x1c, 0x03, 0x18, 0x18, 
	0x00, 0x00, 0x00, 0x0e, 0x0e, 0x00, 0x00, 0x0e, 
	0x0e, 0x00, 0x08, 0x09, 0x09, 0x09, 0x08, 0x00, 
	0x03, 0x02, 0x06, 0x08, 0x08, 0x08, 0x16, 0x00, 
	0x00, 0x08, 0x08, 0x08, 0x08, 0x08, 0x08, 0x16, 
	0x09, 0x08, 0x16, 0x16, 0x08, 0x08, 0x09, 0x09, 
	0x09, 0x10, 0x0f, 0x0a, 0x09, 0x08, 0x00, 0x0e, 
	0x01, 0x03, 0x08, 0x14, 0x0a, 0x0a, 0x09, 0x08, 
	0x09, 0x09, 0x0d, 0x08, 0x08, 0x09, 0x09, 0x09, 
	0x09, 0x09, 0x09, 0x09, 0x09, 0x09, 0x14, 0x0a, 
	0x0a, 0x09, 0x14, 0x14, 0x09, 0x08, 0x16, 0x0e, 
	0x01, 0x15, 0x09, 0x09, 0x09, 0x09, 0x09, 0x09, 
	0x0a, 0x0a, 0x08, 0x16, 0x08, 0x08, 0x08, 0x09, 
	0x08, 0x08, 0x0d, 0x0d, 0x0a, 0x09, 0x0a, 0x0f, 
	0x0f, 0x0a, 0x0a, 0x09, 0x08, 0x0d, 0x08, 0x06, 
	0x03, 0x01, 0x08, 0x08, 0x08, 0x17, 0x08, 0x08, 
	0x09, 0x09, 0x09, 0x0d, 0x09, 0x14, 0x14, 0x09, 
	0x0d, 0x0d, 0x09, 0x09, 0x09, 0x09, 0x0a, 0x0b, 
	0x0b, 0x0a, 0x09, 0x08, 0x08, 0x13, 0x11, 0x05, 
	0x18, 0x01, 0x0c, 0x0a, 0x0c, 0x0f, 0x20, 0x0f, 
	0x21, 0x22, 0x0a, 0x09, 0x09, 0x0a, 0x0a, 0x09, 
	0x08, 0x09, 0x0a, 0x0a, 0x09, 0x09, 0x09, 0x09, 
	0x09, 0x08, 0x08, 0x08, 0x08, 0x13, 0x13, 0x15, 
	0x03, 0x02, 0x00, 0x08, 0x09, 0x0a, 0x0a, 0x0c, 
	0x0f, 0x0a, 0x09, 0x08, 0x08, 0x08, 0x08, 0x08, 
	0x00, 0x06, 0x06, 0x01, 0x00, 0x00, 0x0e, 0x0e, 
	0x00, 0x0e, 0x06, 0x06, 0x00, 0x08, 0x08, 0x00, 
	0x00, 0x06, 0x06, 0x00, 0x00, 0x00, 0x00, 0x00, 
	0x00, 0x06, 0x06, 0x00, 0x00, 0x00, 0x00, 0x00, 
	0x08, 0x08, 0x08, 0x03, 0x00, 0x09, 0x08, 0x16, 
	0x16, 0x16, 0x08, 0x08, 0x08, 0x09, 0x10, 0x22, 
	0x20, 0x10, 0x14, 0x08, 0x08, 0x08, 0x08, 0x08, 
	0x13, 0x08, 0x08, 0x08, 0x08, 0x08, 0x08, 0x08, 
	0x09, 0x09, 0x0d, 0x01, 0x01, 0x09, 0x09, 0x08, 
	0x16, 0x0d, 0x08, 0x08, 0x08, 0x08, 0x09, 0x09, 
	0x09, 0x09, 0x0a, 0x0a, 0x0a, 0x14, 0x09, 0x08, 
	0x09, 0x09, 0x08, 0x08, 0x08, 0x09, 0x09, 0x09, 
	0x0a, 0x0a, 0x09, 0x06, 0x00, 0x0a, 0x0a, 0x09, 
	0x09, 0x08, 0x08, 0x08, 0x0d, 0x08, 0x08, 0x09, 
	0x09, 0x14, 0x0a, 0x0a, 0x1a, 0x09, 0x09, 0x08, 
	0x08, 0x08, 0x08, 0x09, 0x0a, 0x0a, 0x0a, 0x0a, 
	0x0a, 0x0a, 0x08, 0x03, 0x08, 0x0c, 0x0a, 0x1a, 
	0x0a, 0x10, 0x0f, 0x0f, 0x0f, 0x0f, 0x0f, 0x21, 
	0x0f, 0x0a, 0x0d, 0x08, 0x09, 0x09, 0x09, 0x09, 
	0x09, 0x09, 0x09, 0x0a, 0x0f, 0x0f, 0x0f, 0x0a, 
	0x08, 0x08, 0x15, 0x03, 0x15, 0x12, 0x08, 0x08, 
	0x08, 0x12, 0x08, 0x08, 0x17, 0x09, 0x09, 0x14, 
	0x09, 0x09, 0x16, 0x16, 0x00, 0x08, 0x08, 0x08, 
	0x08, 0x13, 0x08, 0x08, 0x08, 0x08, 0x08, 0x08, 
	
};

Gfx prince_valley_dl_t_0_planks_pal_rgba16_aligner[] = {gsSPEndDisplayList()};
u8 prince_valley_dl_t_0_planks_pal_rgba16[] = {
	0x5a, 0x17, 0x49, 0x93, 0x39, 0x4f, 0x41, 0x51, 
	0x51, 0x95, 0x52, 0x15, 0x51, 0xd5, 0x7a, 0xdf, 
	0x62, 0x59, 0x6a, 0x9b, 0x72, 0xdd, 0x72, 0x9d, 
	0x73, 0x1f, 0x6a, 0x5b, 0x59, 0xd7, 0x7b, 0x1f, 
	0x73, 0x1d, 0x5a, 0x59, 0x62, 0x99, 0x5a, 0x57, 
	0x6a, 0xdb, 0x49, 0xd3, 0x62, 0x19, 0x62, 0x9b, 
	0x49, 0x53, 0x59, 0xd5, 0x6a, 0xdd, 0x41, 0x11, 
	0x39, 0x0f, 0x5a, 0x19, 0x6a, 0x59, 0x62, 0x5b, 
	0x7b, 0x5f, 0x7b, 0x61, 0x83, 0x61, 
};

Gfx prince_valley_dl_t_princevalley_grass_ci8_aligner[] = {gsSPEndDisplayList()};
u8 prince_valley_dl_t_princevalley_grass_ci8[] = {
	0x00, 0x00, 0x01, 0x02, 0x02, 0x03, 0x02, 0x04, 
	0x02, 0x05, 0x02, 0x02, 0x02, 0x06, 0x00, 0x00, 
	0x00, 0x00, 0x00, 0x01, 0x00, 0x07, 0x07, 0x00, 
	0x04, 0x08, 0x08, 0x08, 0x08, 0x08, 0x08, 0x02, 
	0x00, 0x00, 0x00, 0x02, 0x02, 0x02, 0x02, 0x02, 
	0x02, 0x02, 0x02, 0x02, 0x02, 0x00, 0x00, 0x09, 
	0x04, 0x04, 0x0a, 0x07, 0x07, 0x07, 0x07, 0x07, 
	0x01, 0x00, 0x02, 0x02, 0x02, 0x02, 0x0b, 0x02, 
	0x07, 0x00, 0x00, 0x02, 0x08, 0x02, 0x02, 0x02, 
	0x02, 0x09, 0x02, 0x02, 0x0b, 0x02, 0x00, 0x04, 
	0x0a, 0x04, 0x06, 0x04, 0x0a, 0x04, 0x0a, 0x04, 
	0x07, 0x00, 0x00, 0x02, 0x02, 0x02, 0x08, 0x00, 
	0x00, 0x07, 0x00, 0x02, 0x0c, 0x08, 0x02, 0x02, 
	0x02, 0x02, 0x09, 0x0d, 0x0d, 0x02, 0x06, 0x04, 
	0x04, 0x0d, 0x06, 0x07, 0x0e, 0x0e, 0x04, 0x0a, 
	0x04, 0x07, 0x00, 0x03, 0x00, 0x02, 0x0c, 0x00, 
	0x00, 0x00, 0x00, 0x02, 0x08, 0x08, 0x0b, 0x02, 
	0x02, 0x02, 0x02, 0x02, 0x04, 0x02, 0x00, 0x01, 
	0x00, 0x06, 0x06, 0x04, 0x0f, 0x0e, 0x10, 0x04, 
	0x04, 0x07, 0x06, 0x00, 0x00, 0x00, 0x02, 0x09, 
	0x00, 0x00, 0x00, 0x00, 0x08, 0x08, 0x08, 0x02, 
	0x02, 0x11, 0x02, 0x02, 0x02, 0x03, 0x00, 0x00, 
	0x00, 0x12, 0x13, 0x04, 0x0f, 0x0e, 0x04, 0x0a, 
	0x04, 0x06, 0x04, 0x00, 0x00, 0x02, 0x02, 0x00, 
	0x00, 0x00, 0x00, 0x00, 0x08, 0x08, 0x14, 0x08, 
	0x02, 0x15, 0x02, 0x02, 0x02, 0x02, 0x02, 0x00, 
	0x00, 0x02, 0x00, 0x09, 0x04, 0x0e, 0x04, 0x06, 
	0x0d, 0x06, 0x06, 0x00, 0x03, 0x02, 0x02, 0x02, 
	0x03, 0x00, 0x00, 0x00, 0x08, 0x09, 0x0b, 0x07, 
	0x01, 0x15, 0x02, 0x08, 0x08, 0x02, 0x02, 0x00, 
	0x02, 0x02, 0x12, 0x00, 0x07, 0x0f, 0x04, 0x00, 
	0x06, 0x06, 0x00, 0x00, 0x16, 0x02, 0x02, 0x08, 
	0x08, 0x00, 0x00, 0x00, 0x09, 0x0b, 0x09, 0x09, 
	0x02, 0x17, 0x08, 0x0c, 0x08, 0x02, 0x02, 0x03, 
	0x00, 0x00, 0x04, 0x00, 0x00, 0x07, 0x00, 0x00, 
	0x00, 0x06, 0x02, 0x0c, 0x08, 0x08, 0x08, 0x08, 
	0x02, 0x02, 0x01, 0x08, 0x09, 0x18, 0x09, 0x09, 
	0x08, 0x08, 0x08, 0x08, 0x08, 0x02, 0x17, 0x02, 
	0x00, 0x00, 0x00, 0x01, 0x00, 0x00, 0x01, 0x00, 
	0x02, 0x02, 0x02, 0x08, 0x08, 0x0c, 0x02, 0x02, 
	0x08, 0x08, 0x02, 0x09, 0x09, 0x09, 0x08, 0x0d, 
	0x0b, 0x09, 0x09, 0x08, 0x08, 0x04, 0x17, 0x02, 
	0x02, 0x00, 0x00, 0x00, 0x00, 0x0c, 0x00, 0x00, 
	0x02, 0x03, 0x02, 0x02, 0x02, 0x02, 0x02, 0x17, 
	0x08, 0x08, 0x08, 0x09, 0x09, 0x08, 0x0c, 0x02, 
	0x02, 0x09, 0x18, 0x09, 0x08, 0x08, 0x02, 0x02, 
	0x02, 0x11, 0x00, 0x0d, 0x00, 0x00, 0x00, 0x00, 
	0x00, 0x02, 0x02, 0x02, 0x02, 0x02, 0x17, 0x17, 
	0x19, 0x14, 0x00, 0x0b, 0x09, 0x02, 0x00, 0x00, 
	0x02, 0x0d, 0x0d, 0x0d, 0x08, 0x08, 0x0b, 0x02, 
	0x00, 0x15, 0x00, 0x00, 0x00, 0x00, 0x00, 0x00, 
	0x00, 0x00, 0x01, 0x00, 0x02, 0x12, 0x17, 0x17, 
	0x19, 0x0c, 0x09, 0x09, 0x08, 0x02, 0x00, 0x00, 
	0x00, 0x00, 0x02, 0x02, 0x17, 0x08, 0x08, 0x02, 
	0x00, 0x15, 0x15, 0x00, 0x00, 0x00, 0x0c, 0x00, 
	0x06, 0x04, 0x06, 0x04, 0x00, 0x02, 0x02, 0x17, 
	0x02, 0x08, 0x0b, 0x08, 0x08, 0x0c, 0x02, 0x00, 
	0x0a, 0x00, 0x01, 0x02, 0x02, 0x08, 0x08, 0x02, 
	0x03, 0x00, 0x15, 0x11, 0x15, 0x00, 0x00, 0x07, 
	0x01, 0x04, 0x04, 0x06, 0x00, 0x09, 0x02, 0x02, 
	0x02, 0x08, 0x0b, 0x09, 0x14, 0x08, 0x02, 0x00, 
	0x09, 0x07, 0x00, 0x02, 0x02, 0x02, 0x09, 0x02, 
	0x02, 0x00, 0x15, 0x15, 0x15, 0x00, 0x00, 0x07, 
	0x04, 0x04, 0x04, 0x04, 0x00, 0x00, 0x02, 0x02, 
	0x02, 0x02, 0x08, 0x09, 0x09, 0x0b, 0x02, 0x02, 
	0x00, 0x15, 0x04, 0x02, 0x02, 0x02, 0x02, 0x04, 
	0x02, 0x02, 0x02, 0x17, 0x17, 0x01, 0x00, 0x00, 
	0x0a, 0x04, 0x04, 0x04, 0x00, 0x00, 0x02, 0x02, 
	0x02, 0x02, 0x02, 0x09, 0x04, 0x02, 0x02, 0x02, 
	0x02, 0x00, 0x02, 0x09, 0x02, 0x02, 0x02, 0x02, 
	0x02, 0x12, 0x02, 0x04, 0x02, 0x00, 0x01, 0x00, 
	0x07, 0x07, 0x00, 0x13, 0x00, 0x00, 0x09, 0x02, 
	0x03, 0x02, 0x02, 0x02, 0x04, 0x02, 0x02, 0x09, 
	0x17, 0x17, 0x02, 0x02, 0x02, 0x02, 0x09, 0x02, 
	0x02, 0x02, 0x02, 0x02, 0x02, 0x02, 0x00, 0x00, 
	0x00, 0x00, 0x00, 0x00, 0x00, 0x00, 0x02, 0x02, 
	0x02, 0x02, 0x09, 0x02, 0x02, 0x02, 0x02, 0x02, 
	0x17, 0x17, 0x08, 0x02, 0x08, 0x02, 0x02, 0x02, 
	0x02, 0x09, 0x02, 0x02, 0x02, 0x02, 0x02, 0x00, 
	0x00, 0x0c, 0x00, 0x00, 0x00, 0x00, 0x02, 0x02, 
	0x02, 0x02, 0x02, 0x02, 0x02, 0x03, 0x02, 0x02, 
	0x02, 0x0c, 0x08, 0x08, 0x09, 0x14, 0x1a, 0x02, 
	0x02, 0x02, 0x02, 0x02, 0x03, 0x02, 0x02, 0x09, 
	0x00, 0x00, 0x04, 0x00, 0x01, 0x00, 0x02, 0x02, 
	0x01, 0x00, 0x00, 0x00, 0x02, 0x02, 0x02, 0x08, 
	0x02, 0x02, 0x08, 0x08, 0x09, 0x08, 0x02, 0x1a, 
	0x1a, 0x02, 0x02, 0x02, 0x02, 0x02, 0x02, 0x02, 
	0x02, 0x00, 0x00, 0x00, 0x00, 0x00, 0x03, 0x02, 
	0x00, 0x00, 0x00, 0x13, 0x06, 0x00, 0x09, 0x02, 
	0x02, 0x02, 0x08, 0x08, 0x09, 0x02, 0x02, 0x1a, 
	0x03, 0x02, 0x02, 0x04, 0x02, 0x02, 0x02, 0x02, 
	0x0b, 0x02, 0x17, 0x11, 0x02, 0x02, 0x02, 0x00, 
	0x00, 0x01, 0x00, 0x13, 0x02, 0x02, 0x02, 0x02, 
	0x02, 0x03, 0x08, 0x08, 0x02, 0x02, 0x02, 0x02, 
	0x09, 0x08, 0x02, 0x09, 0x00, 0x00, 0x02, 0x02, 
	0x02, 0x02, 0x02, 0x17, 0x17, 0x02, 0x04, 0x00, 
	0x00, 0x06, 0x06, 0x13, 0x06, 0x09, 0x00, 0x02, 
	0x02, 0x08, 0x02, 0x02, 0x02, 0x02, 0x03, 0x08, 
	0x09, 0x08, 0x00, 0x00, 0x00, 0x00, 0x09, 0x0d, 
	0x02, 0x09, 0x02, 0x02, 0x02, 0x02, 0x03, 0x00, 
	0x13, 0x1b, 0x1b, 0x1b, 0x06, 0x13, 0x00, 0x02, 
	0x12, 0x08, 0x02, 0x08, 0x02, 0x02, 0x02, 0x02, 
	0x08, 0x02, 0x01, 0x06, 0x06, 0x00, 0x00, 0x00, 
	0x02, 0x02, 0x02, 0x12, 0x02, 0x02, 0x02, 0x06, 
	0x13, 0x08, 0x04, 0x13, 0x13, 0x13, 0x13, 0x06, 
	0x00, 0x02, 0x01, 0x00, 0x00, 0x04, 0x02, 0x02, 
	0x02, 0x00, 0x00, 0x06, 0x06, 0x00, 0x00, 0x01, 
	0x02, 0x02, 0x02, 0x02, 0x02, 0x02, 0x02, 0x06, 
	0x06, 0x04, 0x04, 0x06, 0x00, 0x00, 0x00, 0x00, 
	0x00, 0x00, 0x00, 0x11, 0x00, 0x00, 0x00, 0x02, 
	0x02, 0x00, 0x00, 0x00, 0x0c, 0x00, 0x00, 0x00, 
	0x02, 0x02, 0x02, 0x00, 0x00, 0x02, 0x02, 0x01, 
	0x06, 0x04, 0x13, 0x00, 0x00, 0x01, 0x00, 0x01, 
	0x00, 0x15, 0x15, 0x00, 0x01, 0x00, 0x15, 0x03, 
	0x00, 0x00, 0x00, 0x00, 0x00, 0x00, 0x00, 0x00, 
	0x09, 0x08, 0x02, 0x00, 0x09, 0x02, 0x02, 0x00, 
	0x06, 0x0f, 0x13, 0x00, 0x02, 0x00, 0x00, 0x00, 
	0x00, 0x00, 0x15, 0x00, 0x00, 0x00, 0x13, 0x15, 
	0x00, 0x00, 0x00, 0x00, 0x00, 0x01, 0x00, 0x02, 
	0x09, 0x03, 0x02, 0x00, 0x02, 0x02, 0x02, 0x00, 
	0x00, 0x04, 0x13, 0x00, 0x02, 0x06, 0x13, 0x00, 
	0x01, 0x00, 0x00, 0x00, 0x00, 0x06, 0x00, 0x00, 
	0x00, 0x00, 0x00, 0x00, 0x04, 0x00, 0x00, 0x09, 
	0x09, 0x09, 0x08, 0x04, 0x08, 0x08, 0x08, 0x01, 
	0x00, 0x07, 0x00, 0x00, 0x02, 0x02, 0x02, 0x02, 
	0x02, 0x00, 0x00, 0x12, 0x00, 0x01, 0x0a, 0x06, 
	0x0d, 0x00, 0x00, 0x00, 0x00, 0x00, 0x00, 0x00, 
	0x08, 0x09, 0x08, 0x08, 0x0c, 0x08, 0x02, 0x02, 
	
};

Gfx prince_valley_dl_t_princevalley_grass_pal_rgba16_aligner[] = {gsSPEndDisplayList()};
u8 prince_valley_dl_t_princevalley_grass_pal_rgba16[] = {
	0xc3, 0x4b, 0xbb, 0x0b, 0xc3, 0x49, 0xba, 0xc7, 
	0xcb, 0x8d, 0xc3, 0x89, 0xc3, 0x8b, 0xc3, 0x4d, 
	0xc3, 0x09, 0xbb, 0x09, 0xc3, 0x8d, 0xbb, 0x07, 
	0xba, 0xc9, 0xbb, 0x49, 0xcb, 0x8f, 0xcb, 0xcf, 
	0xbb, 0x4d, 0xc3, 0x0b, 0xbb, 0x47, 0xcb, 0x8b, 
	0xc3, 0x07, 0xcb, 0x4b, 0xcb, 0x4d, 0xcb, 0x49, 
	0xb2, 0xc9, 0xcb, 0x09, 0xc3, 0x47, 0xcb, 0xcd, 
	
};

Gfx prince_valley_dl_t_princevalley_roads_rgba16_aligner[] = {gsSPEndDisplayList()};
u8 prince_valley_dl_t_princevalley_roads_rgba16[] = {
	0xc3, 0x4f, 0xa3, 0x0d, 0x9b, 0x0f, 0x8b, 0x0d, 
	0xa3, 0x4f, 0xa3, 0x4d, 0xa3, 0x0d, 0xaa, 0x8b, 
	0xaa, 0xcd, 0xa2, 0x07, 0x92, 0x07, 0xaa, 0x47, 
	0xb2, 0x87, 0xaa, 0x47, 0xa2, 0x05, 0xba, 0x87, 
	0xac, 0x11, 0xaa, 0x47, 0x9a, 0x05, 0xa2, 0x05, 
	0x81, 0xc5, 0x91, 0xc5, 0xa2, 0x47, 0xa3, 0x0d, 
	0xba, 0x47, 0xb2, 0x47, 0xb2, 0x47, 0x8b, 0x0f, 
	0x9b, 0x11, 0x8b, 0x0b, 0x9b, 0x09, 0xab, 0x4b, 
	0xc2, 0x87, 0xb2, 0x91, 0x9b, 0x0d, 0xab, 0x8f, 
	0xa3, 0x0f, 0xc2, 0x87, 0x8b, 0x0d, 0xab, 0x4d, 
	0xb3, 0x8d, 0x79, 0xc7, 0x92, 0x05, 0xa2, 0x07, 
	0xaa, 0x47, 0xa2, 0x05, 0xa2, 0x05, 0xba, 0x87, 
	0x9b, 0x4f, 0xb2, 0x47, 0x71, 0x85, 0x79, 0xc5, 
	0x79, 0xc5, 0xba, 0x87, 0x8a, 0x8b, 0xb2, 0x47, 
	0x99, 0xc5, 0x9a, 0x05, 0x9a, 0x05, 0xb2, 0x47, 
	0xb3, 0x0d, 0x9b, 0x4b, 0x8b, 0x09, 0xa3, 0x8b, 
	0xb3, 0x0b, 0xb3, 0x4d, 0xa2, 0xcd, 0xab, 0xcf, 
	0xab, 0xcf, 0x93, 0x4b, 0x8b, 0x0b, 0x83, 0x4d, 
	0x9b, 0x4b, 0xb2, 0xcb, 0x89, 0xc5, 0xa2, 0x47, 
	0x9a, 0x05, 0x89, 0xc5, 0x89, 0xc5, 0xab, 0x91, 
	0xa3, 0x4d, 0xa3, 0x4d, 0xba, 0x87, 0xba, 0x87, 
	0xc2, 0x87, 0xa3, 0x8f, 0x8b, 0x4b, 0x83, 0x0d, 
	0xaa, 0x47, 0xa2, 0x47, 0xa2, 0x47, 0x9a, 0x05, 
	0xaa, 0x47, 0xab, 0x8f, 0x8b, 0x0b, 0xa3, 0x0b, 
	0xa2, 0xc9, 0x92, 0xc7, 0x93, 0x09, 0x79, 0xc7, 
	0xb3, 0x8b, 0x9b, 0x8d, 0x83, 0x09, 0x83, 0x09, 
	0x9b, 0x09, 0xb3, 0xcb, 0xa3, 0x0d, 0xa3, 0x0d, 
	0x79, 0xc7, 0x89, 0xc5, 0xab, 0xd1, 0xab, 0x4d, 
	0xb3, 0x4d, 0xab, 0x8f, 0x9b, 0x91, 0xb3, 0xd1, 
	0xb3, 0xd1, 0xab, 0xcf, 0xa2, 0xd1, 0xb2, 0x47, 
	0xa2, 0x07, 0xaa, 0x47, 0xaa, 0x47, 0xa2, 0x05, 
	0x91, 0xc5, 0xb2, 0x47, 0xaa, 0x4b, 0x8a, 0xc7, 
	0x92, 0xc7, 0x9b, 0x07, 0x92, 0x07, 0x81, 0xc5, 
	0x79, 0xc7, 0x83, 0x89, 0x83, 0x4b, 0x93, 0x49, 
	0xb3, 0x8b, 0xb3, 0x8b, 0x93, 0x09, 0xab, 0x93, 
	0x9b, 0x4b, 0xa3, 0xcf, 0x93, 0x4d, 0xb3, 0x8f, 
	0xba, 0x87, 0xba, 0x87, 0xba, 0x87, 0xba, 0x47, 
	0xa3, 0x4b, 0x9a, 0x51, 0xba, 0x87, 0xa2, 0x05, 
	0xaa, 0x47, 0xb2, 0x87, 0xb2, 0x47, 0x9a, 0x05, 
	0x9a, 0x07, 0xb3, 0x4d, 0xaa, 0xc7, 0x82, 0x85, 
	0xab, 0x09, 0x9a, 0x07, 0x8a, 0x07, 0x81, 0xc7, 
	0x89, 0xc5, 0xb2, 0x47, 0x9b, 0x4b, 0xab, 0x8d, 
	0xbb, 0x8d, 0xc2, 0x87, 0xb2, 0xc9, 0xb3, 0x8d, 
	0x8b, 0xcf, 0xa3, 0xcd, 0xab, 0x8d, 0xba, 0x87, 
	0xa2, 0x07, 0xaa, 0x47, 0xa2, 0x05, 0x9a, 0x05, 
	0xb2, 0x47, 0xb3, 0x0d, 0xba, 0x87, 0xa2, 0x05, 
	0xa2, 0x05, 0xa2, 0x47, 0x9a, 0x07, 0x91, 0xc5, 
	0xa2, 0x07, 0xa2, 0x87, 0xaa, 0x09, 0x9a, 0x87, 
	0xa2, 0x07, 0x8a, 0x05, 0x92, 0x07, 0x9a, 0x07, 
	0x92, 0x05, 0xaa, 0x47, 0xa3, 0x4b, 0xb3, 0x8d, 
	0xc3, 0x4d, 0xc1, 0xcb, 0x9a, 0x45, 0xa2, 0xc7, 
	0xb3, 0x4b, 0x93, 0x4d, 0xb2, 0x47, 0xa2, 0x47, 
	0xaa, 0x47, 0xaa, 0x47, 0xa2, 0x47, 0x91, 0xc5, 
	0xa2, 0x07, 0xa3, 0x0b, 0x9b, 0x0d, 0xa2, 0x87, 
	0x9a, 0x05, 0x92, 0x05, 0x92, 0x07, 0xa2, 0x07, 
	0x9a, 0xc9, 0xa2, 0x09, 0xaa, 0x09, 0xab, 0x49, 
	0x9a, 0x07, 0x89, 0xc5, 0x9a, 0x05, 0xa2, 0x05, 
	0x9a, 0x05, 0xb2, 0x47, 0xa2, 0xcb, 0xa2, 0x89, 
	0xc3, 0x0b, 0xaa, 0x8b, 0x9a, 0x05, 0xb2, 0x07, 
	0xb3, 0x0b, 0xba, 0x47, 0xa2, 0x05, 0xaa, 0x47, 
	0xb2, 0x89, 0xaa, 0x87, 0x9a, 0x47, 0x91, 0xc5, 
	0xa2, 0x07, 0x9b, 0x89, 0x93, 0x8b, 0x93, 0x4b, 
	0x81, 0xc5, 0xa2, 0x47, 0x8b, 0x0b, 0x8a, 0xcb, 
	0xaa, 0x8d, 0xb2, 0x89, 0xc2, 0x87, 0xb2, 0xcb, 
	0xbb, 0x49, 0xa2, 0x47, 0x91, 0xc5, 0x9a, 0x05, 
	0xba, 0x47, 0xca, 0x0d, 0xc1, 0xcd, 0xc2, 0x89, 
	0xaa, 0x87, 0x92, 0x45, 0xa9, 0xc7, 0xbb, 0x0b, 
	0xa3, 0x0d, 0xb2, 0x47, 0x9a, 0x05, 0xaa, 0x47, 
	0xaa, 0x47, 0xa2, 0x47, 0x92, 0x07, 0x89, 0xc5, 
	0xa3, 0x07, 0x93, 0x47, 0x73, 0x0b, 0x9b, 0x8b, 
	0xa3, 0x8d, 0x9b, 0x4b, 0x9a, 0xc9, 0x9b, 0x0b, 
	0xb3, 0x0b, 0xb3, 0x09, 0xba, 0xcb, 0xaa, 0xc9, 
	0xb2, 0xc9, 0xb3, 0x49, 0xaa, 0x47, 0xb2, 0x47, 
	0xc9, 0xcd, 0xcb, 0x0b, 0xda, 0x8d, 0xca, 0x0f, 
	0xb2, 0x47, 0xba, 0x87, 0x92, 0x45, 0xba, 0x87, 
	0xbb, 0x53, 0xb2, 0x47, 0x9a, 0x05, 0xa2, 0x47, 
	0xa2, 0x47, 0x9a, 0x07, 0x89, 0xc5, 0x79, 0xc7, 
	0x92, 0x49, 0x8a, 0xc5, 0xa3, 0x4b, 0x9b, 0x4d, 
	0xab, 0x8d, 0xc2, 0x87, 0xc2, 0x87, 0xc2, 0x87, 
	0xab, 0x0b, 0xa3, 0x4b, 0xb3, 0x8b, 0xb3, 0x8b, 
	0xb3, 0x4b, 0xbb, 0x4b, 0xb3, 0x4b, 0xb2, 0x47, 
	0xba, 0x49, 0xca, 0xc9, 0xd2, 0x8d, 0xaa, 0x47, 
	0x9a, 0x05, 0xa2, 0x47, 0xaa, 0x47, 0x91, 0xc5, 
	0xaa, 0x47, 0xbb, 0x91, 0xb2, 0x47, 0x9a, 0x05, 
	0x9a, 0x05, 0x92, 0x05, 0x79, 0xc5, 0x79, 0xc7, 
	0xa3, 0x07, 0xa3, 0x49, 0xb2, 0xc7, 0xba, 0xc9, 
	0xba, 0x87, 0xa2, 0x07, 0xa2, 0x07, 0xaa, 0x07, 
	0xba, 0x87, 0xab, 0x8d, 0xac, 0x0d, 0xb3, 0xcb, 
	0xcb, 0x09, 0xd2, 0x91, 0xaa, 0x89, 0xd1, 0x8d, 
	0xc2, 0x87, 0xd3, 0x0b, 0x9a, 0x07, 0x92, 0x05, 
	0x92, 0x05, 0xa2, 0x47, 0xa2, 0x47, 0x92, 0x05, 
	0xa2, 0x47, 0xa2, 0xcd, 0xab, 0x4d, 0xb2, 0x47, 
	0x92, 0x05, 0x92, 0x05, 0x79, 0xc7, 0xab, 0x07, 
	0xb2, 0xcb, 0xb2, 0xc7, 0xba, 0x87, 0xb2, 0x49, 
	0xba, 0x47, 0xa2, 0x07, 0xaa, 0x47, 0xaa, 0x47, 
	0x9a, 0x05, 0xb2, 0x47, 0xbc, 0x0f, 0xbb, 0x4b, 
	0xb2, 0x49, 0xca, 0x0d, 0xc2, 0x49, 0xba, 0x09, 
	0xbb, 0x09, 0xba, 0xc9, 0xc2, 0xcb, 0x9a, 0x07, 
	0x92, 0x05, 0xa2, 0x47, 0xa2, 0x47, 0x9a, 0x05, 
	0x91, 0xc5, 0x92, 0x07, 0x93, 0x09, 0x9b, 0x07, 
	0xaa, 0x87, 0xa2, 0x47, 0xb3, 0x8d, 0xb2, 0xcd, 
	0xa3, 0x09, 0xab, 0x09, 0xb2, 0x49, 0xca, 0x4b, 
	0xb2, 0x47, 0xa2, 0x47, 0xaa, 0x47, 0xa2, 0x47, 
	0x9a, 0x05, 0x91, 0xc5, 0xaa, 0x47, 0xba, 0xc9, 
	0xba, 0x07, 0xd1, 0x89, 0xba, 0x89, 0xaa, 0x49, 
	0x93, 0x47, 0xb2, 0xc7, 0xab, 0x8b, 0xab, 0x49, 
	0xaa, 0x47, 0x9a, 0x05, 0x9a, 0x05, 0x92, 0x05, 
	0x92, 0x07, 0xaa, 0xc9, 0xa3, 0x89, 0x8b, 0x87, 
	0xa3, 0x09, 0xb3, 0x8d, 0xb3, 0x8f, 0x93, 0x09, 
	0xab, 0x4b, 0x9a, 0xc9, 0xba, 0x4f, 0xbb, 0x4d, 
	0xb2, 0x47, 0x9a, 0x05, 0x9a, 0x05, 0x92, 0x05, 
	0x89, 0xc5, 0x81, 0xc5, 0xa2, 0x47, 0xb2, 0x87, 
	0xb2, 0x09, 0xbb, 0x0b, 0xb3, 0x0b, 0xa3, 0x49, 
	0x93, 0x49, 0x9b, 0xc9, 0x93, 0x49, 0x93, 0x4b, 
	0xa2, 0xc7, 0xa2, 0x47, 0x91, 0xc5, 0x89, 0xc5, 
	0x79, 0xc7, 0xab, 0x49, 0xb3, 0x49, 0xb3, 0x8b, 
	0xab, 0x49, 0xab, 0x91, 0xaa, 0xcd, 0xc2, 0x8b, 
	0x9b, 0x07, 0xa3, 0x09, 0xbb, 0x4d, 0xab, 0x4b, 
	0xa2, 0xcb, 0x9a, 0x87, 0x89, 0xc5, 0x89, 0xc5, 
	0x9a, 0x07, 0xa2, 0x47, 0xc2, 0x49, 0xa2, 0x87, 
	0xaa, 0x4b, 0xc2, 0x87, 0xbb, 0x8f, 0xa3, 0x8b, 
	0x9b, 0x89, 0x93, 0x87, 0xa3, 0x89, 0xa3, 0x49, 
	0x9a, 0x85, 0xc2, 0x87, 0x79, 0xc7, 0x79, 0xc7, 
	0xbb, 0x4b, 0xbb, 0x0d, 0xab, 0x8b, 0xaa, 0x89, 
	0xa3, 0x09, 0xab, 0x8d, 0xb3, 0x0d, 0xa2, 0x87, 
	0xb3, 0x8b, 0xba, 0x8b, 0xc2, 0x4b, 0xa3, 0x4b, 
	0x93, 0x49, 0x9b, 0x49, 0xa2, 0x47, 0xa2, 0x47, 
	0xc2, 0xcd, 0xa3, 0x07, 0x8a, 0xc5, 0xa3, 0x49, 
	0xa2, 0x49, 0xba, 0x8d, 0xb3, 0x8d, 0xba, 0x0b, 
	0xaa, 0x87, 0xab, 0x49, 0xb3, 0x49, 0xca, 0x09, 
	0xd3, 0x4b, 0xd1, 0xc9, 0xb2, 0x49, 0xaa, 0x49, 
	0xba, 0x4b, 0xb2, 0xcb, 0xb3, 0x4b, 0x9b, 0x07, 
	0x93, 0x07, 0xa3, 0x49, 0xaa, 0x47, 0xa2, 0x47, 
	0xaa, 0x47, 0xa3, 0x09, 0xb3, 0x4b, 0xa3, 0x8d, 
	0x9b, 0x8d, 0x8b, 0x09, 0xaa, 0xc9, 0xb2, 0x09, 
	0xa3, 0x49, 0x7b, 0x05, 0x93, 0x47, 0x93, 0x49, 
	0xa3, 0x4d, 0x92, 0xc9, 0xaa, 0xc9, 0x81, 0xc5, 
	0x92, 0x45, 0xa2, 0x87, 0xa2, 0x87, 0xd3, 0x09, 
	0xdb, 0x0b, 0xdb, 0x0d, 0xcb, 0x13, 0xaa, 0x89, 
	0xaa, 0xcb, 0xbb, 0x4d, 0xb3, 0x8d, 0xb3, 0x49, 
	0xb3, 0x0b, 0xba, 0x87, 0xa2, 0x47, 0xa2, 0x47, 
	0x9a, 0x05, 0xba, 0x87, 0xb3, 0x4d, 0x9b, 0x0b, 
	0x93, 0x0b, 0x9b, 0x4f, 0xaa, 0xc9, 0xbb, 0x49, 
	0x8b, 0x07, 0x8a, 0xc5, 0x8b, 0x07, 0x9b, 0x4f, 
	0xc2, 0x93, 0xb2, 0x09, 0x9a, 0x07, 0x8a, 0x07, 
	0xa2, 0x49, 0xaa, 0x49, 0xa2, 0x07, 0xaa, 0x47, 
	0xdb, 0x0b, 0xca, 0x49, 0xcb, 0x4b, 0xaa, 0x45, 
	0xbb, 0x53, 0x92, 0x07, 0xbb, 0x8d, 0xb3, 0x8d, 
	0x9a, 0xc9, 0xb2, 0x47, 0xa2, 0x47, 0xa2, 0x47, 
	0x9a, 0x05, 0x81, 0xc5, 0xc2, 0x0f, 0xb3, 0x8f, 
	0xaa, 0x47, 0xaa, 0x47, 0xaa, 0x47, 0xb2, 0x47, 
	0xaa, 0x87, 0x8b, 0x49, 0x8b, 0x49, 0x93, 0x4b, 
	0xcb, 0x0d, 0xd2, 0x4b, 0x92, 0x07, 0x92, 0x07, 
	0xaa, 0x49, 0xb2, 0x89, 0xaa, 0x47, 0xa2, 0x05, 
	0xb2, 0x47, 0xcb, 0x4b, 0xc2, 0x49, 0xa3, 0x09, 
	0xa2, 0x47, 0x9a, 0x05, 0xb2, 0x47, 0xb3, 0x95, 
	0xa3, 0x0d, 0xaa, 0x47, 0x92, 0x05, 0x9a, 0x05, 
	0x89, 0xc5, 0x79, 0xc7, 0xc2, 0xd3, 0xb2, 0x47, 
	0x99, 0xc5, 0x9a, 0x07, 0xaa, 0x49, 0xaa, 0x89, 
	0xa2, 0x47, 0xb2, 0x47, 0xb2, 0x8b, 0xb2, 0x4b, 
	0xcb, 0x0d, 0xd1, 0xcb, 0x89, 0xc5, 0x92, 0x07, 
	0xa2, 0x47, 0xaa, 0x45, 0xaa, 0x47, 0xaa, 0x05, 
	0xb2, 0x47, 0xbb, 0x49, 0xa3, 0x07, 0xaa, 0x47, 
	0x9a, 0x47, 0xa2, 0x47, 0x9a, 0x05, 0x9a, 0x07, 
	0xb3, 0x55, 0xb2, 0x47, 0x91, 0xc5, 0x81, 0xc5, 
	0x79, 0xc7, 0xab, 0x0d, 0xbb, 0x0f, 0xaa, 0x47, 
	0x9a, 0x07, 0xaa, 0x49, 0xba, 0xcb, 0xb2, 0x89, 
	0xaa, 0x49, 0x9a, 0x05, 0xa2, 0x47, 0x9b, 0x09, 
	0xc3, 0x0f, 0xcb, 0x4d, 0x92, 0x07, 0x81, 0xc5, 
	0x9a, 0x05, 0xaa, 0x47, 0xaa, 0x47, 0xa2, 0x05, 
	0xb2, 0x47, 0xcb, 0x8b, 0xc3, 0xc9, 0xb2, 0x47, 
	0xaa, 0x47, 0xb2, 0x87, 0xa2, 0x05, 0x89, 0xc5, 
	0xa3, 0x91, 0xc2, 0x11, 0xb2, 0x47, 0xb2, 0x47, 
	0x93, 0x49, 0xb3, 0xcd, 0xb4, 0x0f, 0xba, 0x87, 
	0xa2, 0x47, 0xaa, 0x89, 0xb2, 0xcd, 0xb2, 0x8b, 
	0xaa, 0x49, 0xa2, 0x07, 0x91, 0xc5, 0x89, 0xc5, 
	0xa3, 0x8d, 0xab, 0x8d, 0xb3, 0x8b, 0x79, 0xc7, 
	0x91, 0xc5, 0x9a, 0x05, 0x9a, 0x05, 0xa2, 0x05, 
	0xb2, 0x47, 0xdb, 0x8b, 0xb2, 0x47, 0x9a, 0x47, 
	0xa2, 0x47, 0xaa, 0x87, 0x9a, 0x05, 0x79, 0xc7, 
	0x8a, 0xc9, 0xaa, 0x8b, 0x9b, 0x49, 0xab, 0x09, 
	0xa3, 0x8b, 0xc2, 0xcd, 0xb3, 0xd5, 0xb2, 0x47, 
	0x9a, 0x07, 0x9a, 0x07, 0x9a, 0x47, 0x9a, 0x07, 
	0x9a, 0x07, 0x92, 0x05, 0x81, 0xc5, 0x89, 0xc5, 
	0x93, 0xcd, 0x9b, 0x0d, 0xa3, 0x8d, 0x8a, 0x8d, 
	0x79, 0xc7, 0x92, 0x07, 0xb2, 0x47, 0xba, 0x87, 
	0xdb, 0x8d, 0xd2, 0xc9, 0xaa, 0x47, 0x92, 0x05, 
	0xa2, 0x07, 0xaa, 0x47, 0xa2, 0x05, 0x79, 0xc7, 
	0x8b, 0x09, 0xab, 0x4b, 0xab, 0x89, 0xa3, 0x47, 
	0x92, 0x49, 0xba, 0xcb, 0xab, 0x8d, 0xab, 0x0f, 
	0xa2, 0x47, 0x92, 0x05, 0x9a, 0x05, 0x81, 0xc5, 
	0x81, 0xc5, 0x81, 0xc5, 0x81, 0xc5, 0x72, 0x07, 
	0x93, 0xcd, 0x9b, 0x0d, 0x83, 0x49, 0x92, 0xc9, 
	0xa2, 0x89, 0xa2, 0xcb, 0xaa, 0x89, 0xc3, 0x4b, 
	0xc3, 0x4d, 0xd3, 0x13, 0xba, 0xc9, 0x9a, 0x07, 
	0x92, 0x05, 0x9a, 0x05, 0xba, 0x87, 0xa3, 0x53, 
	0xab, 0xcb, 0xb2, 0xcd, 0xb2, 0xc7, 0xb3, 0x0b, 
	0x9b, 0x49, 0xab, 0x49, 0x9b, 0x4b, 0xa3, 0x8f, 
	0xa2, 0xcf, 0x92, 0x07, 0x81, 0xc5, 0x81, 0xc5, 
	0x79, 0xc7, 0x79, 0xc7, 0x79, 0xc7, 0xab, 0x4f, 
	0x9b, 0xcb, 0xa2, 0xcd, 0xaa, 0xcb, 0xaa, 0x47, 
	0xb2, 0x47, 0xaa, 0x49, 0xab, 0x4d, 0xa3, 0x4f, 
	0xbb, 0x8f, 0xcb, 0x4d, 0xa2, 0xc9, 0xb3, 0x0b, 
	0x79, 0xc7, 0x79, 0xc7, 0x93, 0x4b, 0x93, 0x4b, 
	0xb3, 0x8d, 0xa3, 0x4b, 0xab, 0x49, 0x8a, 0x8b, 
	0xaa, 0xc7, 0x8a, 0xc9, 0xba, 0xd3, 0xb3, 0x4f, 
	0xab, 0x11, 0x9a, 0xcf, 0xa3, 0x4d, 0xa3, 0x4d, 
	0xb3, 0x8d, 0xc3, 0x4f, 0xab, 0x0d, 0xa3, 0x0d, 
	0xab, 0x4b, 0x9b, 0x09, 0xaa, 0x47, 0x92, 0x05, 
	0x92, 0x05, 0xaa, 0x47, 0xa3, 0x4d, 0xa3, 0x93, 
	0xab, 0x8d, 0xa2, 0xc9, 0xb2, 0xc9, 0xb3, 0x4b, 
	0x9a, 0xc9, 0xa3, 0x4b, 0x9b, 0x09, 0x9a, 0xc9, 
	0xb2, 0x8d, 0xa3, 0x8d, 0x8b, 0x09, 0xb2, 0x47, 
	0xb2, 0x47, 0x8a, 0xc9, 0x83, 0x0b, 0xba, 0x87, 
	0x93, 0x4d, 0x9b, 0x0d, 0xb2, 0x47, 0xab, 0x4d, 
	0xb3, 0x4d, 0xb3, 0x8b, 0xb3, 0x8b, 0xbb, 0x8d, 
	0xbb, 0x8b, 0xaa, 0x47, 0xa2, 0x47, 0xa2, 0x47, 
	0x9a, 0x05, 0xb2, 0x47, 0x93, 0x09, 0x9b, 0x4b, 
	0x8b, 0x09, 0xb2, 0xc7, 0x93, 0x07, 0x92, 0x87, 
	0x9a, 0xc9, 0xa3, 0x4b, 0xa3, 0x09, 0x93, 0x09, 
	0xa3, 0x4d, 0x8b, 0x09, 0xb2, 0x47, 0x9a, 0x07, 
	0x9a, 0x07, 0xb2, 0x47, 0x93, 0x4d, 0x93, 0x4d, 
	0x9b, 0x4d, 0xa2, 0x47, 0x91, 0xc5, 0xa2, 0x47, 
	0xaa, 0x47, 0xc3, 0x0f, 0xc3, 0x8d, 0xc3, 0xcd, 
	0xa2, 0x47, 0x92, 0x07, 0xa2, 0x49, 0xa2, 0x47, 
	0x9a, 0x07, 0xb2, 0x47, 0xa3, 0x89, 0xa2, 0x89, 
	0xa3, 0x09, 0x93, 0x49, 0x93, 0x09, 0x7a, 0xc7, 
	0x92, 0xc9, 0xa3, 0x0b, 0xab, 0x53, 0xab, 0x0b, 
	0x9b, 0x0b, 0xb2, 0x47, 0xa2, 0x49, 0xa2, 0x47, 
	0x9a, 0x07, 0xa2, 0x47, 0x83, 0x4d, 0x9b, 0x4d, 
	0xaa, 0x87, 0x92, 0x05, 0x99, 0xc5, 0x91, 0xc5, 
	0x91, 0xc5, 0xa2, 0x47, 0xc3, 0x4d, 0xbb, 0x0d, 
	0x91, 0xc5, 0x92, 0x07, 0x9a, 0x07, 0x9a, 0x07, 
	0x91, 0xc5, 0xb2, 0x47, 0x9a, 0xc9, 0xab, 0x4b, 
	0xb3, 0x4d, 0xa2, 0xcf, 0xa3, 0x4d, 0xaa, 0x87, 
	0xb2, 0x47, 0xaa, 0x47, 0x9b, 0x0d, 0xb3, 0x8f, 
	0x9a, 0xcb, 0xb2, 0x47, 0xa2, 0x49, 0xaa, 0x89, 
	0x9a, 0x47, 0x92, 0x05, 0xaa, 0x87, 0x93, 0x4d, 
	0x93, 0x0d, 0xb2, 0x47, 0xb2, 0x47, 0x89, 0xc5, 
	0x89, 0xc5, 0xa2, 0x47, 0xc2, 0x4b, 0xc2, 0x87, 
	0x79, 0xc7, 0x79, 0xc7, 0x91, 0xc5, 0x91, 0xc5, 
	0xaa, 0x47, 0xaa, 0xd1, 0xb3, 0x0d, 0xaa, 0xcb, 
	0xc2, 0x91, 0xbb, 0x51, 0xb2, 0x47, 0xa2, 0x07, 
	0xa2, 0x07, 0xa2, 0x05, 0xb2, 0x47, 0xb3, 0x0b, 
	0xb3, 0x59, 0xb2, 0x47, 0xa2, 0x47, 0xa2, 0x47, 
	0x92, 0x05, 0x81, 0xc5, 0xa2, 0x47, 0x9b, 0xcf, 
	0x9b, 0x51, 0x8b, 0x4d, 0xa3, 0x91, 0xa2, 0x47, 
	0x89, 0xc5, 0xaa, 0x47, 0xba, 0x4b, 0xb2, 0x89, 
	0xa3, 0x0d, 0xa3, 0x0d, 0x79, 0xc7, 0x79, 0xc7, 
	0xa2, 0x8f, 0xb2, 0x8f, 0xbb, 0x0f, 0xb2, 0x4b, 
	0xba, 0x4f, 0xaa, 0x47, 0x9a, 0x07, 0xaa, 0x47, 
	0xaa, 0x47, 0xa2, 0x47, 0x9a, 0x05, 0xc2, 0x87, 
	0x9b, 0x53, 0xb2, 0x47, 0x9a, 0x05, 0xa2, 0x05, 
	0x8a, 0x07, 0x81, 0xc5, 0xa2, 0x47, 0x93, 0x4f, 
	0x93, 0x8f, 0x83, 0x4d, 0x93, 0x4f, 0xa3, 0x13, 
	0xaa, 0x47, 0x8b, 0x0b, 0x9a, 0xc9, 0xab, 0x09, 
	
};

Gfx prince_valley_dl_t_princevalley_hill_ci8_aligner[] = {gsSPEndDisplayList()};
u8 prince_valley_dl_t_princevalley_hill_ci8[] = {
	0x00, 0x00, 0x00, 0x00, 0x00, 0x00, 0x00, 0x01, 
	0x01, 0x01, 0x01, 0x02, 0x02, 0x02, 0x01, 0x01, 
	0x01, 0x01, 0x01, 0x01, 0x01, 0x01, 0x01, 0x01, 
	0x01, 0x01, 0x01, 0x02, 0x02, 0x01, 0x01, 0x00, 
	0x00, 0x00, 0x00, 0x00, 0x03, 0x03, 0x03, 0x00, 
	0x00, 0x00, 0x01, 0x02, 0x01, 0x02, 0x02, 0x02, 
	0x02, 0x02, 0x01, 0x01, 0x01, 0x01, 0x01, 0x00, 
	0x00, 0x00, 0x00, 0x00, 0x00, 0x00, 0x00, 0x04, 
	0x00, 0x00, 0x00, 0x03, 0x03, 0x05, 0x05, 0x05, 
	0x03, 0x00, 0x00, 0x01, 0x02, 0x02, 0x02, 0x02, 
	0x02, 0x02, 0x02, 0x02, 0x02, 0x01, 0x00, 0x03, 
	0x03, 0x05, 0x05, 0x03, 0x03, 0x03, 0x00, 0x00, 
	0x03, 0x03, 0x03, 0x03, 0x06, 0x07, 0x07, 0x07, 
	0x06, 0x05, 0x03, 0x00, 0x00, 0x01, 0x01, 0x01, 
	0x01, 0x02, 0x02, 0x02, 0x01, 0x01, 0x00, 0x05, 
	0x05, 0x07, 0x06, 0x05, 0x05, 0x03, 0x03, 0x00, 
	0x03, 0x03, 0x05, 0x05, 0x07, 0x07, 0x07, 0x08, 
	0x08, 0x07, 0x06, 0x06, 0x03, 0x03, 0x00, 0x00, 
	0x01, 0x01, 0x01, 0x00, 0x00, 0x00, 0x00, 0x03, 
	0x05, 0x09, 0x09, 0x05, 0x05, 0x05, 0x03, 0x03, 
	0x03, 0x00, 0x03, 0x05, 0x05, 0x09, 0x07, 0x07, 
	0x07, 0x08, 0x07, 0x07, 0x07, 0x07, 0x06, 0x04, 
	0x03, 0x03, 0x00, 0x00, 0x00, 0x00, 0x03, 0x03, 
	0x05, 0x05, 0x05, 0x03, 0x03, 0x03, 0x03, 0x03, 
	0x00, 0x00, 0x00, 0x03, 0x05, 0x05, 0x07, 0x07, 
	0x07, 0x07, 0x07, 0x07, 0x07, 0x07, 0x07, 0x07, 
	0x06, 0x03, 0x03, 0x03, 0x03, 0x00, 0x03, 0x03, 
	0x03, 0x03, 0x03, 0x03, 0x00, 0x00, 0x03, 0x00, 
	0x01, 0x01, 0x01, 0x01, 0x00, 0x00, 0x03, 0x03, 
	0x03, 0x03, 0x03, 0x05, 0x07, 0x07, 0x07, 0x07, 
	0x06, 0x03, 0x03, 0x03, 0x03, 0x03, 0x00, 0x03, 
	0x03, 0x00, 0x00, 0x00, 0x00, 0x00, 0x00, 0x01, 
	0x02, 0x02, 0x02, 0x02, 0x01, 0x01, 0x01, 0x01, 
	0x00, 0x00, 0x00, 0x00, 0x03, 0x05, 0x03, 0x03, 
	0x03, 0x03, 0x03, 0x03, 0x03, 0x00, 0x00, 0x03, 
	0x00, 0x00, 0x00, 0x00, 0x01, 0x01, 0x01, 0x02, 
	0x02, 0x02, 0x02, 0x0a, 0x02, 0x02, 0x02, 0x02, 
	0x02, 0x02, 0x01, 0x00, 0x03, 0x00, 0x00, 0x00, 
	0x00, 0x00, 0x00, 0x00, 0x00, 0x00, 0x00, 0x00, 
	0x01, 0x01, 0x01, 0x01, 0x02, 0x02, 0x02, 0x02, 
	0x02, 0x02, 0x02, 0x02, 0x02, 0x02, 0x02, 0x0a, 
	0x0a, 0x0a, 0x02, 0x01, 0x01, 0x01, 0x01, 0x01, 
	0x01, 0x01, 0x01, 0x01, 0x00, 0x00, 0x00, 0x01, 
	0x01, 0x01, 0x02, 0x02, 0x02, 0x02, 0x02, 0x02, 
	0x02, 0x02, 0x01, 0x01, 0x01, 0x02, 0x02, 0x0a, 
	0x0a, 0x0a, 0x02, 0x01, 0x01, 0x02, 0x02, 0x02, 
	0x02, 0x02, 0x01, 0x01, 0x01, 0x02, 0x01, 0x01, 
	0x02, 0x01, 0x02, 0x02, 0x0a, 0x0a, 0x0a, 0x0a, 
	0x01, 0x00, 0x00, 0x00, 0x00, 0x00, 0x01, 0x02, 
	0x02, 0x0a, 0x02, 0x01, 0x02, 0x02, 0x02, 0x02, 
	0x02, 0x02, 0x02, 0x02, 0x01, 0x0a, 0x0a, 0x01, 
	0x00, 0x01, 0x02, 0x0a, 0x0a, 0x0a, 0x0a, 0x0a, 
	0x01, 0x00, 0x03, 0x03, 0x03, 0x03, 0x00, 0x01, 
	0x02, 0x02, 0x0a, 0x02, 0x02, 0x02, 0x02, 0x02, 
	0x02, 0x02, 0x02, 0x02, 0x02, 0x0a, 0x02, 0x02, 
	0x01, 0x02, 0x02, 0x0a, 0x0a, 0x0a, 0x0a, 0x02, 
	0x01, 0x03, 0x05, 0x06, 0x07, 0x07, 0x06, 0x03, 
	0x00, 0x01, 0x02, 0x01, 0x01, 0x01, 0x02, 0x02, 
	0x02, 0x02, 0x02, 0x02, 0x02, 0x02, 0x02, 0x02, 
	0x0a, 0x0a, 0x02, 0x02, 0x02, 0x02, 0x02, 0x02, 
	0x00, 0x03, 0x06, 0x07, 0x07, 0x08, 0x07, 0x07, 
	0x05, 0x00, 0x01, 0x01, 0x01, 0x01, 0x01, 0x01, 
	0x01, 0x01, 0x00, 0x00, 0x00, 0x02, 0x0a, 0x0a, 
	0x0a, 0x02, 0x02, 0x02, 0x02, 0x01, 0x01, 0x01, 
	0x00, 0x03, 0x06, 0x07, 0x07, 0x08, 0x08, 0x08, 
	0x07, 0x05, 0x00, 0x00, 0x01, 0x01, 0x00, 0x00, 
	0x03, 0x00, 0x00, 0x00, 0x01, 0x02, 0x0a, 0x02, 
	0x0a, 0x02, 0x02, 0x01, 0x00, 0x00, 0x00, 0x00, 
	0x00, 0x03, 0x06, 0x06, 0x07, 0x08, 0x08, 0x08, 
	0x08, 0x07, 0x03, 0x00, 0x01, 0x01, 0x00, 0x03, 
	0x03, 0x03, 0x00, 0x00, 0x01, 0x02, 0x02, 0x02, 
	0x02, 0x02, 0x01, 0x01, 0x00, 0x00, 0x03, 0x03, 
	0x03, 0x03, 0x05, 0x06, 0x06, 0x07, 0x07, 0x07, 
	0x07, 0x06, 0x03, 0x00, 0x00, 0x00, 0x03, 0x03, 
	0x06, 0x03, 0x03, 0x03, 0x00, 0x00, 0x01, 0x01, 
	0x02, 0x02, 0x01, 0x00, 0x04, 0x06, 0x05, 0x03, 
	0x03, 0x03, 0x05, 0x05, 0x06, 0x06, 0x06, 0x06, 
	0x05, 0x05, 0x03, 0x00, 0x01, 0x00, 0x00, 0x05, 
	0x07, 0x07, 0x06, 0x06, 0x05, 0x03, 0x00, 0x01, 
	0x01, 0x01, 0x00, 0x00, 0x04, 0x06, 0x06, 0x05, 
	0x06, 0x03, 0x05, 0x05, 0x06, 0x03, 0x04, 0x03, 
	0x00, 0x00, 0x00, 0x00, 0x01, 0x00, 0x03, 0x06, 
	0x07, 0x08, 0x08, 0x08, 0x08, 0x07, 0x05, 0x00, 
	0x00, 0x00, 0x00, 0x00, 0x03, 0x06, 0x06, 0x06, 
	0x06, 0x03, 0x05, 0x05, 0x04, 0x03, 0x03, 0x00, 
	0x00, 0x00, 0x00, 0x01, 0x01, 0x00, 0x00, 0x05, 
	0x06, 0x08, 0x08, 0x08, 0x08, 0x08, 0x05, 0x05, 
	0x03, 0x00, 0x00, 0x00, 0x03, 0x05, 0x05, 0x05, 
	0x05, 0x03, 0x03, 0x05, 0x05, 0x06, 0x03, 0x03, 
	0x00, 0x00, 0x01, 0x01, 0x01, 0x00, 0x00, 0x03, 
	0x06, 0x07, 0x07, 0x08, 0x07, 0x07, 0x06, 0x06, 
	0x05, 0x03, 0x00, 0x00, 0x03, 0x03, 0x05, 0x05, 
	0x03, 0x00, 0x03, 0x03, 0x03, 0x05, 0x06, 0x06, 
	0x03, 0x00, 0x00, 0x01, 0x01, 0x00, 0x00, 0x00, 
	0x03, 0x05, 0x07, 0x06, 0x06, 0x06, 0x06, 0x06, 
	0x06, 0x03, 0x03, 0x03, 0x03, 0x03, 0x03, 0x03, 
	0x00, 0x00, 0x00, 0x00, 0x00, 0x03, 0x06, 0x07, 
	0x06, 0x03, 0x03, 0x00, 0x00, 0x00, 0x00, 0x00, 
	0x03, 0x03, 0x03, 0x03, 0x03, 0x04, 0x06, 0x05, 
	0x05, 0x03, 0x03, 0x00, 0x00, 0x00, 0x03, 0x00, 
	0x00, 0x01, 0x02, 0x01, 0x01, 0x00, 0x03, 0x06, 
	0x06, 0x06, 0x04, 0x03, 0x03, 0x00, 0x03, 0x00, 
	0x03, 0x03, 0x03, 0x03, 0x03, 0x03, 0x03, 0x05, 
	0x05, 0x03, 0x03, 0x03, 0x03, 0x00, 0x00, 0x00, 
	0x01, 0x02, 0x02, 0x02, 0x02, 0x01, 0x00, 0x03, 
	0x06, 0x06, 0x04, 0x04, 0x0b, 0x0b, 0x04, 0x03, 
	0x04, 0x04, 0x03, 0x03, 0x03, 0x03, 0x03, 0x03, 
	0x03, 0x03, 0x03, 0x00, 0x00, 0x00, 0x03, 0x00, 
	0x01, 0x02, 0x02, 0x02, 0x02, 0x02, 0x01, 0x00, 
	0x00, 0x03, 0x03, 0x00, 0x0b, 0x0b, 0x04, 0x04, 
	0x03, 0x04, 0x03, 0x04, 0x03, 0x03, 0x03, 0x00, 
	0x00, 0x00, 0x00, 0x00, 0x00, 0x00, 0x00, 0x00, 
	0x01, 0x02, 0x02, 0x02, 0x02, 0x02, 0x02, 0x01, 
	0x01, 0x00, 0x00, 0x00, 0x00, 0x03, 0x03, 0x03, 
	0x03, 0x03, 0x04, 0x03, 0x03, 0x03, 0x00, 0x00, 
	0x01, 0x01, 0x01, 0x01, 0x01, 0x01, 0x00, 0x01, 
	0x01, 0x01, 0x01, 0x02, 0x02, 0x02, 0x02, 0x02, 
	0x01, 0x01, 0x01, 0x00, 0x03, 0x03, 0x03, 0x03, 
	0x03, 0x03, 0x00, 0x03, 0x00, 0x00, 0x01, 0x01, 
	0x01, 0x01, 0x02, 0x02, 0x02, 0x02, 0x01, 0x01, 
	0x01, 0x01, 0x01, 0x01, 0x01, 0x02, 0x02, 0x02, 
	0x02, 0x02, 0x01, 0x01, 0x00, 0x00, 0x03, 0x03, 
	0x03, 0x03, 0x00, 0x00, 0x00, 0x01, 0x01, 0x02, 
	0x02, 0x02, 0x02, 0x0a, 0x02, 0x02, 0x02, 0x02, 
	0x01, 0x00, 0x00, 0x00, 0x01, 0x01, 0x01, 0x02, 
	0x02, 0x01, 0x02, 0x01, 0x01, 0x00, 0x00, 0x00, 
	0x00, 0x00, 0x00, 0x00, 0x00, 0x01, 0x02, 0x02, 
	0x02, 0x02, 0x02, 0x02, 0x02, 0x02, 0x02, 0x01, 
	
};

Gfx prince_valley_dl_t_princevalley_hill_pal_rgba16_aligner[] = {gsSPEndDisplayList()};
u8 prince_valley_dl_t_princevalley_hill_pal_rgba16[] = {
	0x58, 0x81, 0x50, 0x81, 0x48, 0x81, 0x60, 0x81, 
	0x60, 0xc1, 0x68, 0x81, 0x68, 0xc1, 0x70, 0xc1, 
	0x78, 0xc1, 0x70, 0x81, 0x40, 0x81, 0x58, 0xc1, 
	
};

Gfx prince_valley_dl_t_princevalley_hill_ci4_aligner[] = {gsSPEndDisplayList()};
u8 prince_valley_dl_t_princevalley_hill_ci4[] = {
	0x00, 0x00, 0x00, 0x01, 0x11, 0x12, 0x22, 0x11, 
	0x11, 0x11, 0x11, 0x11, 0x11, 0x12, 0x21, 0x10, 
	0x00, 0x00, 0x33, 0x30, 0x00, 0x12, 0x12, 0x22, 
	0x22, 0x11, 0x11, 0x10, 0x00, 0x00, 0x00, 0x04, 
	0x00, 0x03, 0x35, 0x55, 0x30, 0x01, 0x22, 0x22, 
	0x22, 0x22, 0x21, 0x03, 0x35, 0x53, 0x33, 0x00, 
	0x33, 0x33, 0x67, 0x77, 0x65, 0x30, 0x01, 0x11, 
	0x12, 0x22, 0x11, 0x05, 0x57, 0x65, 0x53, 0x30, 
	0x33, 0x55, 0x77, 0x78, 0x87, 0x66, 0x33, 0x00, 
	0x11, 0x10, 0x00, 0x03, 0x59, 0x95, 0x55, 0x33, 
	0x30, 0x35, 0x59, 0x77, 0x78, 0x77, 0x77, 0x64, 
	0x33, 0x00, 0x00, 0x33, 0x55, 0x53, 0x33, 0x33, 
	0x00, 0x03, 0x55, 0x77, 0x77, 0x77, 0x77, 0x77, 
	0x63, 0x33, 0x30, 0x33, 0x33, 0x33, 0x00, 0x30, 
	0x11, 0x11, 0x00, 0x33, 0x33, 0x35, 0x77, 0x77, 
	0x63, 0x33, 0x33, 0x03, 0x30, 0x00, 0x00, 0x01, 
	0x22, 0x22, 0x11, 0x11, 0x00, 0x00, 0x35, 0x33, 
	0x33, 0x33, 0x30, 0x03, 0x00, 0x00, 0x11, 0x12, 
	0x22, 0x2a, 0x22, 0x22, 0x22, 0x10, 0x30, 0x00, 
	0x00, 0x00, 0x00, 0x00, 0x11, 0x11, 0x22, 0x22, 
	0x22, 0x22, 0x22, 0x2a, 0xaa, 0x21, 0x11, 0x11, 
	0x11, 0x11, 0x00, 0x01, 0x11, 0x22, 0x22, 0x22, 
	0x22, 0x11, 0x12, 0x2a, 0xaa, 0x21, 0x12, 0x22, 
	0x22, 0x11, 0x12, 0x11, 0x21, 0x22, 0xaa, 0xaa, 
	0x10, 0x00, 0x00, 0x12, 0x2a, 0x21, 0x22, 0x22, 
	0x22, 0x22, 0x1a, 0xa1, 0x01, 0x2a, 0xaa, 0xaa, 
	0x10, 0x33, 0x33, 0x01, 0x22, 0xa2, 0x22, 0x22, 
	0x22, 0x22, 0x2a, 0x22, 0x12, 0x2a, 0xaa, 0xa2, 
	0x13, 0x56, 0x77, 0x63, 0x01, 0x21, 0x11, 0x22, 
	0x22, 0x22, 0x22, 0x22, 0xaa, 0x22, 0x22, 0x22, 
	0x03, 0x67, 0x78, 0x77, 0x50, 0x11, 0x11, 0x11, 
	0x11, 0x00, 0x02, 0xaa, 0xa2, 0x22, 0x21, 0x11, 
	0x03, 0x67, 0x78, 0x88, 0x75, 0x00, 0x11, 0x00, 
	0x30, 0x00, 0x12, 0xa2, 0xa2, 0x21, 0x00, 0x00, 
	0x03, 0x66, 0x78, 0x88, 0x87, 0x30, 0x11, 0x03, 
	0x33, 0x00, 0x12, 0x22, 0x22, 0x11, 0x00, 0x33, 
	0x33, 0x56, 0x67, 0x77, 0x76, 0x30, 0x00, 0x33, 
	0x63, 0x33, 0x00, 0x11, 0x22, 0x10, 0x46, 0x53, 
	0x33, 0x55, 0x66, 0x66, 0x55, 0x30, 0x10, 0x05, 
	0x77, 0x66, 0x53, 0x01, 0x11, 0x00, 0x46, 0x65, 
	0x63, 0x55, 0x63, 0x43, 0x00, 0x00, 0x10, 0x36, 
	0x78, 0x88, 0x87, 0x50, 0x00, 0x00, 0x36, 0x66, 
	0x63, 0x55, 0x43, 0x30, 0x00, 0x01, 0x10, 0x05, 
	0x68, 0x88, 0x88, 0x55, 0x30, 0x00, 0x35, 0x55, 
	0x53, 0x35, 0x56, 0x33, 0x00, 0x11, 0x10, 0x03, 
	0x67, 0x78, 0x77, 0x66, 0x53, 0x00, 0x33, 0x55, 
	0x30, 0x33, 0x35, 0x66, 0x30, 0x01, 0x10, 0x00, 
	0x35, 0x76, 0x66, 0x66, 0x63, 0x33, 0x33, 0x33, 
	0x00, 0x00, 0x03, 0x67, 0x63, 0x30, 0x00, 0x00, 
	0x33, 0x33, 0x34, 0x65, 0x53, 0x30, 0x00, 0x30, 
	0x01, 0x21, 0x10, 0x36, 0x66, 0x43, 0x30, 0x30, 
	0x33, 0x33, 0x33, 0x35, 0x53, 0x33, 0x30, 0x00, 
	0x12, 0x22, 0x21, 0x03, 0x66, 0x44, 0xbb, 0x43, 
	0x44, 0x33, 0x33, 0x33, 0x33, 0x30, 0x00, 0x30, 
	0x12, 0x22, 0x22, 0x10, 0x03, 0x30, 0xbb, 0x44, 
	0x34, 0x34, 0x33, 0x30, 0x00, 0x00, 0x00, 0x00, 
	0x12, 0x22, 0x22, 0x21, 0x10, 0x00, 0x03, 0x33, 
	0x33, 0x43, 0x33, 0x00, 0x11, 0x11, 0x11, 0x01, 
	0x11, 0x12, 0x22, 0x22, 0x11, 0x10, 0x33, 0x33, 
	0x33, 0x03, 0x00, 0x11, 0x11, 0x22, 0x22, 0x11, 
	0x11, 0x11, 0x12, 0x22, 0x22, 0x11, 0x00, 0x33, 
	0x33, 0x00, 0x01, 0x12, 0x22, 0x2a, 0x22, 0x22, 
	0x10, 0x00, 0x11, 0x12, 0x21, 0x21, 0x10, 0x00, 
	0x00, 0x00, 0x01, 0x22, 0x22, 0x22, 0x22, 0x21, 
	
};

Gfx prince_valley_dl_t_princevalley_sideforest_low_rgba16_aligner[] = {gsSPEndDisplayList()};
u8 prince_valley_dl_t_princevalley_sideforest_low_rgba16[] = {
	0x00, 0x00, 0x00, 0x00, 0x00, 0x00, 0x00, 0x00, 
	0x00, 0x00, 0x00, 0x00, 0x00, 0x00, 0x00, 0x00, 
	0x00, 0x00, 0x00, 0x00, 0x00, 0x00, 0x00, 0x00, 
	0x00, 0x00, 0x00, 0x00, 0x00, 0x00, 0x00, 0x00, 
	0x00, 0x00, 0x00, 0x00, 0x00, 0x00, 0x00, 0x00, 
	0x00, 0x00, 0x00, 0x00, 0x00, 0x00, 0x00, 0x00, 
	0x00, 0x00, 0x00, 0x00, 0x00, 0x00, 0x00, 0x00, 
	0x00, 0x00, 0x00, 0x00, 0x00, 0x00, 0x00, 0x00, 
	0x00, 0x00, 0x08, 0x00, 0xf3, 0x96, 0x00, 0x00, 
	0x20, 0x82, 0xf3, 0x96, 0xf3, 0x96, 0x00, 0x00, 
	0x00, 0x00, 0xc1, 0x84, 0xb9, 0x84, 0xc1, 0x85, 
	0xc1, 0x85, 0x71, 0x02, 0x6b, 0x0e, 0xee, 0xa0, 
	0xee, 0xa0, 0x00, 0x00, 0x00, 0x00, 0x00, 0x00, 
	0x84, 0x68, 0xce, 0xfe, 0x00, 0x00, 0x00, 0x00, 
	0xff, 0xfe, 0xff, 0xfe, 0xd6, 0xfe, 0xce, 0xfe, 
	0xb6, 0x38, 0xce, 0xfe, 0x00, 0x00, 0x00, 0x00, 
	0x08, 0x00, 0xf3, 0x96, 0xeb, 0x97, 0xda, 0xce, 
	0xfe, 0x4e, 0xf4, 0xd2, 0xeb, 0x94, 0x30, 0x42, 
	0xc1, 0x84, 0xd3, 0x09, 0x99, 0x03, 0xa9, 0x43, 
	0xca, 0x8b, 0xee, 0xa1, 0xde, 0xb0, 0xe6, 0xa4, 
	0xee, 0xa0, 0x00, 0x00, 0x7c, 0x24, 0xce, 0xb7, 
	0xde, 0xad, 0xce, 0xfd, 0xb3, 0xde, 0xc6, 0x7b, 
	0xef, 0x7e, 0xef, 0x7e, 0xce, 0xff, 0xce, 0xff, 
	0x9a, 0x05, 0xc6, 0x7b, 0xe6, 0xa0, 0xfe, 0x4e, 
	0xc1, 0x85, 0xc1, 0x86, 0xda, 0x8c, 0xc9, 0xc7, 
	0xe4, 0x8a, 0xdb, 0x88, 0xc1, 0x84, 0xc1, 0x84, 
	0xc1, 0xc7, 0xc1, 0x85, 0xc1, 0x85, 0xc1, 0x85, 
	0xc1, 0x85, 0xee, 0x9f, 0xce, 0xfd, 0xde, 0xad, 
	0xf6, 0x51, 0xf6, 0x98, 0xee, 0xa1, 0xce, 0xfd, 
	0xde, 0xaf, 0xce, 0xfd, 0x99, 0x03, 0xa1, 0xc3, 
	0xce, 0xbd, 0xce, 0xfb, 0xd6, 0xb3, 0xce, 0xff, 
	0x9a, 0x47, 0xeb, 0x55, 0xc1, 0xc7, 0xdc, 0x4a, 
	0xc1, 0x85, 0xce, 0x79, 0xc3, 0x14, 0xc1, 0x84, 
	0xc1, 0x85, 0xd2, 0xc7, 0xc1, 0x85, 0xc1, 0x84, 
	0xf6, 0xa9, 0xe5, 0x1d, 0xd2, 0x4b, 0xb1, 0x45, 
	0x99, 0x43, 0xf6, 0x4f, 0xfe, 0x4f, 0xf6, 0x51, 
	0xf6, 0x4f, 0xfe, 0x4f, 0xf6, 0x99, 0xff, 0x6d, 
	0xf7, 0xbd, 0xce, 0xfb, 0xab, 0x99, 0xfe, 0x4f, 
	0xd6, 0xaf, 0xd6, 0xb1, 0xce, 0xb7, 0xce, 0xbd, 
	0xce, 0xff, 0xe3, 0x97, 0xb9, 0x85, 0xc1, 0x85, 
	0x99, 0xc3, 0xeb, 0x97, 0xca, 0x09, 0xee, 0xa9, 
	0xc1, 0x85, 0xc1, 0x87, 0xc1, 0x85, 0xc2, 0x4d, 
	0xca, 0x8c, 0xec, 0x93, 0xee, 0x2d, 0xdb, 0xc9, 
	0xf6, 0x97, 0xca, 0x49, 0xf6, 0x0d, 0xee, 0xa1, 
	0xee, 0xa1, 0xbb, 0x07, 0xf6, 0x0d, 0xc3, 0x89, 
	0xc3, 0x47, 0xf6, 0x0d, 0xd6, 0xb3, 0xdc, 0x8b, 
	0xed, 0x63, 0xcb, 0x0f, 0xce, 0xbb, 0xed, 0x29, 
	0xa2, 0x07, 0xc1, 0x85, 0xa1, 0xc3, 0xa2, 0x8b, 
	0xc5, 0xf5, 0xc5, 0xf3, 0xaa, 0xcd, 0xee, 0xef, 
	0xb9, 0x85, 0xe6, 0x65, 0xde, 0x27, 0xce, 0xfd, 
	0xca, 0xcc, 0xca, 0xcd, 0xb1, 0x87, 0xee, 0x9b, 
	0xed, 0xd3, 0xd4, 0x09, 0x99, 0x87, 0xee, 0x9d, 
	0xfe, 0x93, 0xc3, 0x47, 0xcc, 0xa1, 0xee, 0xa1, 
	0xb3, 0x4d, 0xdd, 0x4d, 0xee, 0x99, 0xb3, 0x11, 
	0xf5, 0x9f, 0xca, 0xd3, 0xcd, 0xf5, 0xaa, 0x47, 
	0x9a, 0x03, 0xc1, 0x85, 0xca, 0x47, 0xd6, 0xb7, 
	0xa1, 0xc3, 0xc1, 0x87, 0xce, 0xff, 0xeb, 0xc9, 
	0xca, 0x09, 0xb9, 0x85, 0xa9, 0x43, 0xed, 0x8d, 
	0xe4, 0x8b, 0xc1, 0x85, 0x99, 0x03, 0xe5, 0xdd, 
	0xcc, 0x55, 0xc1, 0x85, 0xcc, 0x1f, 0xf7, 0x71, 
	0xf6, 0xdf, 0xfe, 0x4f, 0xed, 0xcd, 0xfe, 0x4f, 
	0xe6, 0xf1, 0xfe, 0x4f, 0xfe, 0x4f, 0xab, 0x5b, 
	0xde, 0x6f, 0xed, 0x29, 0xd6, 0x73, 0xd6, 0xaf, 
	0xc5, 0xf3, 0xf6, 0x0d, 0xa3, 0x11, 0xa2, 0xcf, 
	0xca, 0x09, 0xeb, 0x95, 0xcd, 0x6f, 0xc1, 0xc7, 
	0xeb, 0x95, 0xc1, 0x85, 0xc1, 0x85, 0xa9, 0xc5, 
	0xaa, 0xcf, 0xcd, 0xf5, 0xb3, 0x9b, 0x99, 0x03, 
	0xe6, 0xaf, 0xf6, 0xed, 0xf7, 0x73, 0xa9, 0xc7, 
	0xee, 0x1f, 0xf6, 0x9b, 0xe6, 0xab, 0xf6, 0x4f, 
	0xe6, 0xa5, 0xf6, 0xdd, 0xfe, 0x4f, 0xe5, 0x8b, 
	0xed, 0x27, 0xe5, 0x6d, 0xd6, 0xb3, 0xc5, 0xad, 
	0xe4, 0x61, 0xe5, 0x6d, 0xe4, 0x5f, 0xec, 0xa5, 
	0xc1, 0x85, 0xe3, 0x11, 0xe4, 0x1f, 0xed, 0x29, 
	0xd3, 0x13, 0xd3, 0x0f, 0xc1, 0xc7, 0xe5, 0xdd, 
	0xa1, 0x03, 0xb2, 0x4d, 0xb9, 0x85, 0xb1, 0x45, 
	0xe5, 0xdd, 0xd4, 0x55, 0xee, 0xa1, 0xee, 0xa1, 
	0xf6, 0x9b, 0xf7, 0x73, 0xee, 0xe7, 0xf6, 0x99, 
	0xf6, 0x4f, 0xfe, 0x4f, 0xfe, 0x4f, 0xd2, 0x87, 
	0xc1, 0xc7, 0xf5, 0x9d, 0xed, 0x63, 0xde, 0xad, 
	0xec, 0xa1, 0xec, 0xa5, 0xd3, 0x09, 0xe4, 0x61, 
	0xc1, 0x85, 0xc1, 0x85, 0xf6, 0x0f, 0xed, 0xad, 
	0xca, 0x09, 0xdd, 0xa1, 0xe5, 0x5f, 0xf7, 0x2b, 
	0xdc, 0x5d, 0xee, 0xf1, 0x9a, 0x05, 0x99, 0x03, 
	0xdd, 0x99, 0xdc, 0xcb, 0xd5, 0xe5, 0xdd, 0xdd, 
	0xee, 0xa1, 0xee, 0xa1, 0xf6, 0x97, 0xee, 0x9f, 
	0xee, 0x9d, 0xfe, 0x4f, 0xfe, 0x4f, 0xe4, 0xd5, 
	0xd5, 0xe7, 0xb2, 0x87, 0xe4, 0xa5, 0xcb, 0x97, 
	0xdd, 0x6b, 0xec, 0xa3, 0xe3, 0x11, 0xd3, 0x09, 
	0xe4, 0xcb, 0xc1, 0x85, 0xd4, 0x1d, 0xed, 0xa7, 
	0xc1, 0x85, 0x99, 0x03, 0xca, 0x4b, 0xf7, 0x2b, 
	0xb2, 0x8f, 0xee, 0x25, 0xed, 0xdd, 0xaa, 0x4b, 
	0xbb, 0x53, 0xf6, 0xe3, 0xe5, 0x9d, 0xee, 0xe5, 
	0xf7, 0x2f, 0xe5, 0x9d, 0xb3, 0x0f, 0xf6, 0x99, 
	0xfe, 0x4f, 0xfe, 0x4f, 0xf6, 0x15, 0xf5, 0x9b, 
	0xe3, 0x4f, 0xe3, 0x11, 0xed, 0x6b, 0xe5, 0x11, 
	0xf5, 0x91, 0xb1, 0x45, 0xec, 0xe7, 0xf5, 0xd7, 
	0xc1, 0x85, 0xd2, 0x8f, 0xec, 0xdd, 0xdc, 0xdb, 
	0xca, 0x91, 0xc1, 0x85, 0xc2, 0x4b, 0xee, 0xa9, 
	0xbb, 0x09, 0xcb, 0xd5, 0xdc, 0x97, 0xcb, 0x53, 
	0xba, 0xcf, 0xe6, 0x6d, 0xaa, 0x49, 0xf6, 0xe1, 
	0xf7, 0x73, 0xee, 0x9b, 0xf7, 0x73, 0xe6, 0xeb, 
	0xf5, 0xcd, 0xee, 0x9d, 0xee, 0x9b, 0xca, 0x0b, 
	0xeb, 0xd1, 0xe3, 0x11, 0xed, 0x25, 0xd2, 0x8f, 
	0xeb, 0x97, 0xba, 0x91, 0xed, 0x29, 0xc1, 0x85, 
	0xb3, 0x15, 0x99, 0x43, 0xf6, 0x4f, 0xed, 0x29, 
	0xe4, 0xe7, 0xa9, 0x45, 0xa1, 0x43, 0xcc, 0x59, 
	0xcd, 0xef, 0xb2, 0xcf, 0xb2, 0xc9, 0xbb, 0x4d, 
	0xdd, 0xe9, 0xcb, 0x93, 0xf7, 0x31, 0xdd, 0x9b, 
	0xee, 0x9d, 0xf6, 0x95, 0xf6, 0x97, 0xfe, 0x4f, 
	0xdc, 0x8d, 0xf6, 0x0d, 0xf7, 0x6f, 0xcb, 0x13, 
	0xdb, 0xcb, 0xca, 0x07, 0xdd, 0x6b, 0xac, 0xa3, 
	0xca, 0x4d, 0xdb, 0x13, 0xec, 0x1d, 0xc1, 0x85, 
	0x99, 0x03, 0x99, 0x03, 0xe4, 0x4b, 0xdb, 0x57, 
	0xc1, 0x85, 0xc1, 0x85, 0xc3, 0x59, 0xca, 0x4b, 
	0xca, 0x4b, 0xf6, 0x5d, 0xf6, 0x93, 0xf6, 0x95, 
	0xe6, 0x29, 0xe5, 0xdd, 0xf6, 0xdb, 0xed, 0x0d, 
	0xed, 0x4d, 0xfe, 0x4f, 0xee, 0x9f, 0xe5, 0x11, 
	0xed, 0x0d, 0xdb, 0x91, 0xee, 0x63, 0xe4, 0x4b, 
	0xdb, 0x89, 0xe4, 0x8d, 0xcc, 0x21, 0xdc, 0x4f, 
	0xc1, 0xc7, 0xec, 0xe7, 0xed, 0x29, 0xc1, 0x85, 
	0xc1, 0xc7, 0xc1, 0x87, 0xdb, 0xc9, 0x99, 0x03, 
	0xa9, 0x45, 0xb1, 0x87, 0xdc, 0xe1, 0xb1, 0xc5, 
	0xfe, 0x4f, 0xf5, 0xcd, 0xdd, 0xdd, 0xbb, 0x8f, 
	0xfe, 0x4f, 0xf6, 0x53, 0xee, 0x9d, 0xfe, 0x4f, 
	0xc1, 0x87, 0xe4, 0x0b, 0xdb, 0x49, 0xdc, 0xcb, 
	0xdc, 0x8b, 0xf5, 0x8d, 0xf5, 0xcd, 0xd2, 0x49, 
	0xdb, 0x15, 0xdb, 0xdb, 0xc9, 0xc7, 0xc9, 0xc7, 
	0xf5, 0xcd, 0xdb, 0xcb, 0xdb, 0x57, 0xc9, 0xc7, 
	0xc9, 0xc7, 0xa9, 0x45, 0xf6, 0x4d, 0xa9, 0x45, 
	0x99, 0x03, 0xc1, 0x85, 0xdc, 0x8f, 0xce, 0x31, 
	0xc3, 0x07, 0xe5, 0x65, 0xb3, 0x13, 0xa1, 0x03, 
	0xdc, 0xcb, 0xe5, 0xdf, 0xee, 0x9d, 0xc2, 0xcd, 
	0xaa, 0x07, 0xb3, 0x07, 0xe5, 0x9b, 0xb2, 0x47, 
	0xcb, 0x0f, 0xed, 0x13, 0xed, 0xcd, 0xed, 0x8d, 
	0xe4, 0xcd, 0xcb, 0xc9, 0xc1, 0xc7, 0xca, 0x09, 
	0xcc, 0x09, 0xcb, 0x89, 0x99, 0x03, 0xc9, 0xc7, 
	0xb1, 0x45, 0xdd, 0xf1, 0x99, 0x43, 0xdc, 0x0d, 
	0x99, 0x03, 0xb1, 0x45, 0xdc, 0x4f, 0xfe, 0x4f, 
	0xed, 0xcd, 0xc2, 0xcd, 0xa1, 0x43, 0xa1, 0x83, 
	0xaa, 0x85, 0xfe, 0x4f, 0xe5, 0x4b, 0xd3, 0x89, 
	0xcc, 0x0f, 0xf6, 0x53, 0xf5, 0xcd, 0xe5, 0x15, 
	0xee, 0xe7, 0xe5, 0x65, 0xe4, 0x8d, 0xe6, 0x9f, 
	0xfe, 0x4f, 0xe4, 0x8b, 0xed, 0x17, 0xf5, 0x9d, 
	0xed, 0x9b, 0xdb, 0x59, 0xb1, 0x85, 0xcb, 0xc9, 
	0xff, 0x29, 0xed, 0x29, 0xff, 0x27, 0xf6, 0x0d, 
	0xc1, 0x85, 0xcd, 0x9b, 0xc3, 0xd9, 0xed, 0x8d, 
	0xfe, 0x4f, 0xe4, 0x8b, 0xca, 0xc7, 0xa1, 0xc5, 
	0xed, 0x4d, 0x8a, 0x85, 0xa2, 0x05, 0xab, 0x07, 
	0xfe, 0x4f, 0xd4, 0xcf, 0xdd, 0x55, 0xcb, 0x49, 
	0xe4, 0x4d, 0xf6, 0x55, 0xf6, 0x0d, 0xd4, 0x9b, 
	0xed, 0x4d, 0xfe, 0x4f, 0xd4, 0x89, 0xb3, 0x49, 
	0xc2, 0x07, 0xab, 0x9b, 0xc9, 0xc7, 0xf6, 0x4f, 
	0xfe, 0x4f, 0xf6, 0x4f, 0x9a, 0xd1, 0xa9, 0x43, 
	0xe4, 0xcb, 0xa1, 0x43, 0xdc, 0x8b, 0xc4, 0x09, 
	0x69, 0x41, 0xc4, 0xa7, 0xaa, 0x05, 0xbb, 0x07, 
	0xcb, 0xc9, 0x99, 0x43, 0x79, 0xc3, 0xc4, 0xdd, 
	0xcb, 0x49, 0xcb, 0xcb, 0xbb, 0x89, 0xf5, 0x4d, 
	0xec, 0x0b, 0xa2, 0x4b, 0xf5, 0x8d, 0xb1, 0x85, 
	0xdc, 0x4d, 0xdc, 0x4d, 0xcc, 0xe3, 0xed, 0x91, 
	0xed, 0x4d, 0xc1, 0xc5, 0xa3, 0x47, 0x99, 0x03, 
	0xc3, 0x9b, 0xb1, 0x85, 0x59, 0x01, 0x99, 0x43, 
	0xee, 0x0d, 0xdd, 0x25, 0xfe, 0x4f, 0xca, 0x07, 
	0xad, 0x6d, 0xcc, 0x9d, 0xdd, 0x0b, 0xfe, 0xdf, 
	0xbb, 0x07, 0xca, 0x89, 0xc3, 0x09, 0xdd, 0x53, 
	0xb9, 0xc7, 0xba, 0xc7, 0xb5, 0xb1, 0xd4, 0x89, 
	0xec, 0xcb, 0x79, 0x43, 0xb3, 0x49, 0x7b, 0x57, 
	0xe6, 0x15, 0xca, 0x07, 0x8b, 0x15, 0xcb, 0x09, 
	0xd2, 0x89, 0xe4, 0x8b, 0x61, 0x41, 0xb1, 0x45, 
	0xc9, 0xc7, 0xf6, 0x4f, 0x9b, 0x9d, 0xa1, 0x85, 
	0xb4, 0x09, 0xa9, 0xc7, 0xde, 0xa7, 0xd5, 0xa5, 
	0xcc, 0xa3, 0xed, 0x8d, 0xfe, 0x4f, 0x89, 0xc5, 
	0x99, 0x03, 0xcb, 0x8b, 0xbc, 0x09, 0x69, 0xc3, 
	0xa3, 0x09, 0x61, 0x83, 0xb3, 0x4f, 0xb4, 0x49, 
	0xed, 0x8d, 0xdc, 0x4d, 0xab, 0x49, 0xd3, 0x09, 
	0xc1, 0xc7, 0x69, 0x83, 0xaa, 0x07, 0x49, 0x01, 
	0x51, 0x01, 0x81, 0x83, 0x79, 0x43, 0xc9, 0xc7, 
	0xec, 0xcb, 0xe5, 0x0b, 0x50, 0xc1, 0x69, 0x43, 
	0xfe, 0x4f, 0xf6, 0x51, 0xce, 0xff, 0x9a, 0xd5, 
	0x91, 0x85, 0xab, 0x07, 0x6a, 0x05, 0x30, 0xc1, 
	0x51, 0x83, 0xbc, 0x4b, 0x49, 0x01, 0x49, 0x01, 
	0x7a, 0x85, 0x59, 0xc3, 0x92, 0xc9, 0x40, 0xc1, 
	0x71, 0x43, 0x91, 0x85, 0x69, 0x83, 0xcc, 0x8b, 
	0xed, 0x4d, 0x49, 0x01, 0xb9, 0xc7, 0x49, 0x01, 
	0x99, 0x85, 0xed, 0x0d, 0x59, 0x01, 0xed, 0x0b, 
	0xdd, 0x0b, 0xfe, 0x4f, 0xd6, 0x6f, 0x49, 0x01, 
	0xc1, 0xc7, 0x7a, 0x45, 0x6a, 0x4f, 0x89, 0x03, 
	0x61, 0x41, 0x69, 0x43, 0x41, 0x01, 0x28, 0x81, 
	0x30, 0x81, 0x38, 0xc1, 0x38, 0xc1, 0x72, 0x05, 
	0xb3, 0x49, 0x49, 0x43, 0x92, 0xc9, 0x38, 0xc1, 
	0x59, 0x01, 0x69, 0x43, 0xc1, 0xc7, 0x69, 0x43, 
	0x51, 0x43, 0x49, 0x01, 0x49, 0x01, 0x41, 0x01, 
	0xc1, 0xc7, 0x59, 0x41, 0xcc, 0xcb, 0xdb, 0x09, 
	0xed, 0x4d, 0x20, 0x81, 0x50, 0xc3, 0x61, 0x03, 
	0x59, 0x03, 0x69, 0x03, 0x61, 0x03, 0x51, 0x01, 
	0x61, 0x43, 0x69, 0x83, 0x49, 0x03, 0x28, 0x81, 
	0x28, 0x81, 0x38, 0xc1, 0x38, 0xc1, 0x38, 0xc1, 
	0x51, 0x43, 0x30, 0xc1, 0x28, 0x81, 0x38, 0xc1, 
	0x59, 0x43, 0x71, 0x83, 0x81, 0x83, 0x61, 0x43, 
	0x49, 0x01, 0x49, 0x01, 0x49, 0x01, 0x51, 0x43, 
	0xe5, 0xcd, 0xb1, 0xc7, 0x82, 0x85, 0x71, 0x43, 
	0x49, 0x01, 0x20, 0x41, 0x28, 0x81, 0x40, 0xc1, 
	0x49, 0x01, 0x38, 0xc1, 0x40, 0xc1, 0x51, 0x01, 
	0x69, 0x83, 0x79, 0xc3, 0x59, 0x43, 0x20, 0x81, 
	0x28, 0x81, 0x40, 0xc1, 0x40, 0xc1, 0x38, 0xc1, 
	0x40, 0xc1, 0x30, 0x81, 0x20, 0x81, 0x38, 0xc1, 
	0x69, 0x83, 0x79, 0xc3, 0x71, 0x83, 0x61, 0x43, 
	0x51, 0x43, 0x49, 0x01, 0x69, 0xc3, 0x7a, 0x85, 
	0x49, 0x01, 0xf6, 0x4d, 0x71, 0xc3, 0x61, 0x43, 
	0x51, 0x43, 0x28, 0x81, 0x28, 0x81, 0x40, 0xc1, 
	0x51, 0x01, 0x30, 0x81, 0x40, 0xc1, 0x51, 0x01, 
	0x71, 0x83, 0x82, 0x05, 0x69, 0x83, 0x28, 0x81, 
	0x28, 0x81, 0x40, 0xc1, 0x41, 0x01, 0x41, 0x01, 
	0x49, 0x01, 0x30, 0x81, 0x20, 0x81, 0x38, 0xc1, 
	0x69, 0x83, 0x81, 0xc3, 0x71, 0x83, 0x59, 0x43, 
	0x51, 0x03, 0x51, 0x03, 0x49, 0x01, 0x40, 0xc1, 
	0x49, 0x01, 0x81, 0xc5, 0x79, 0xc3, 0x69, 0x83, 
	0x61, 0x43, 0x30, 0x81, 0x20, 0x81, 0x40, 0xc1, 
	0x51, 0x01, 0x30, 0x81, 0x49, 0x01, 0x51, 0x01, 
	0x71, 0x83, 0x81, 0xc5, 0x61, 0x43, 0x30, 0x81, 
	0x28, 0x81, 0x49, 0x01, 0x49, 0x01, 0x51, 0x43, 
	0x59, 0x41, 0x30, 0xc1, 0x20, 0x81, 0x38, 0xc1, 
	0x61, 0x43, 0x79, 0xc3, 0x71, 0x83, 0x51, 0x43, 
	0x49, 0x03, 0x51, 0x01, 0x59, 0x41, 0x38, 0xc1, 
	0x51, 0x43, 0x71, 0x83, 0x81, 0xc5, 0x79, 0xc3, 
	0x69, 0x83, 0x30, 0xc1, 0x20, 0x81, 0x38, 0xc1, 
	0x51, 0x01, 0x38, 0xc1, 0x40, 0xc1, 0x51, 0x01, 
	0x69, 0x83, 0x82, 0x05, 0x61, 0x83, 0x38, 0xc1, 
	0x30, 0x81, 0x49, 0x01, 0x51, 0x03, 0x51, 0x03, 
	0x59, 0x41, 0x38, 0xc1, 0x20, 0x81, 0x38, 0xc1, 
	0x61, 0x83, 0x81, 0xc3, 0x71, 0xc3, 0x51, 0x43, 
	0x49, 0x01, 0x49, 0x01, 0x51, 0x01, 0x38, 0xc1, 
	0x51, 0x43, 0x71, 0x83, 0x79, 0xc3, 0x79, 0xc3, 
	0x69, 0x83, 0x30, 0xc1, 0x20, 0x81, 0x38, 0xc1, 
	0x51, 0x01, 0x38, 0xc1, 0x38, 0xc1, 0x49, 0x01, 
	0x59, 0x43, 0x81, 0xc5, 0x69, 0x83, 0x38, 0xc1, 
	0x30, 0xc1, 0x49, 0x01, 0x49, 0x03, 0x49, 0x01, 
	0x59, 0x43, 0x38, 0xc1, 0x20, 0x81, 0x30, 0x81, 
	0x61, 0x43, 0x79, 0xc3, 0x69, 0x83, 0x49, 0x03, 
	0x49, 0x01, 0x49, 0x01, 0x49, 0x01, 0x38, 0xc1, 
	0x49, 0x01, 0x71, 0x83, 0x81, 0xc3, 0x71, 0xc3, 
	0x61, 0x43, 0x28, 0x81, 0x20, 0x81, 0x38, 0xc1, 
	0x49, 0x01, 0x38, 0xc1, 0x30, 0xc1, 0x49, 0x01, 
	0x69, 0x83, 0x79, 0xc3, 0x59, 0x43, 0x30, 0x81, 
	0x30, 0xc1, 0x49, 0x01, 0x49, 0x01, 0x49, 0x01, 
	0x59, 0x43, 0x38, 0xc1, 0x20, 0x81, 0x28, 0x81, 
	0x59, 0x43, 0x71, 0x83, 0x71, 0x83, 0x51, 0x43, 
	0x40, 0xc1, 0x40, 0xc1, 0x49, 0x01, 0x30, 0xc1, 
	0x49, 0x01, 0x79, 0xc3, 0x8a, 0x05, 0x71, 0x83, 
	0x59, 0x41, 0x38, 0xc1, 0x20, 0x81, 0x30, 0xc1, 
	0x49, 0x01, 0x38, 0xc1, 0x38, 0xc1, 0x51, 0x01, 
	0x61, 0x43, 0x69, 0x83, 0x51, 0x03, 0x30, 0xc1, 
	0x28, 0x81, 0x49, 0x01, 0x49, 0x01, 0x41, 0x01, 
	0x51, 0x01, 0x38, 0xc1, 0x28, 0x81, 0x20, 0x81, 
	0x51, 0x03, 0x69, 0x83, 0x69, 0x83, 0x51, 0x03, 
	0x38, 0xc1, 0x40, 0xc1, 0x49, 0x01, 0x30, 0xc1, 
	0x51, 0x01, 0x79, 0xc3, 0x79, 0xc3, 0x61, 0x43, 
	
};

Gfx prince_valley_dl_t_princevalley_flowerygrass_ci4_aligner[] = {gsSPEndDisplayList()};
u8 prince_valley_dl_t_princevalley_flowerygrass_ci4[] = {
	0x01, 0x20, 0x03, 0x01, 0x45, 0x04, 0x03, 0x30, 
	0x16, 0x34, 0x30, 0x65, 0x61, 0x62, 0x32, 0x00, 
	0x26, 0x10, 0x00, 0x30, 0x63, 0x40, 0x50, 0x06, 
	0x50, 0x35, 0x03, 0x70, 0x46, 0x30, 0x40, 0x60, 
	0x61, 0x02, 0x30, 0x33, 0x36, 0x06, 0x30, 0x61, 
	0x64, 0x40, 0x74, 0x50, 0x70, 0x34, 0x73, 0x64, 
	0x64, 0x40, 0x02, 0x03, 0x64, 0x61, 0x60, 0x26, 
	0x50, 0x31, 0x40, 0x63, 0x63, 0x03, 0x01, 0x35, 
	0x63, 0x56, 0x36, 0x34, 0x14, 0x46, 0x00, 0x00, 
	0x14, 0x76, 0x70, 0x13, 0x74, 0x11, 0x22, 0x02, 
	0x32, 0x30, 0x61, 0x63, 0x64, 0x33, 0x06, 0x05, 
	0x57, 0x75, 0x46, 0x03, 0x00, 0x65, 0x31, 0x42, 
	0x05, 0x01, 0x06, 0x30, 0x04, 0x40, 0x61, 0x65, 
	0x36, 0x70, 0x61, 0x63, 0x75, 0x40, 0x40, 0x60, 
	0x01, 0x46, 0x55, 0x26, 0x06, 0x04, 0x46, 0x04, 
	0x61, 0x67, 0x46, 0x00, 0x03, 0x23, 0x36, 0x16, 
	0x35, 0x05, 0x46, 0x34, 0x56, 0x25, 0x00, 0x53, 
	0x46, 0x02, 0x80, 0x64, 0x26, 0x50, 0x43, 0x60, 
	0x04, 0x00, 0x20, 0x06, 0x00, 0x33, 0x44, 0x15, 
	0x35, 0x21, 0x60, 0x03, 0x36, 0x82, 0x34, 0x68, 
	0x53, 0x03, 0x34, 0x02, 0x01, 0x30, 0x60, 0x31, 
	0x65, 0x56, 0x34, 0x05, 0x72, 0x36, 0x24, 0x72, 
	0x45, 0x46, 0x00, 0x43, 0x00, 0x66, 0x16, 0x53, 
	0x36, 0x05, 0x23, 0x36, 0x60, 0x61, 0x63, 0x20, 
	0x48, 0x02, 0x67, 0x30, 0x63, 0x01, 0x63, 0x43, 
	0x61, 0x60, 0x33, 0x04, 0x72, 0x56, 0x34, 0x42, 
	0x00, 0x06, 0x16, 0x14, 0x00, 0x20, 0x24, 0x05, 
	0x06, 0x00, 0x33, 0x48, 0x42, 0x45, 0x35, 0x64, 
	0x03, 0x42, 0x60, 0x00, 0x13, 0x35, 0x40, 0x03, 
	0x01, 0x03, 0x50, 0x30, 0x74, 0x36, 0x46, 0x16, 
	0x06, 0x44, 0x46, 0x45, 0x23, 0x30, 0x43, 0x34, 
	0x00, 0x35, 0x54, 0x04, 0x63, 0x45, 0x00, 0x60, 
	0x61, 0x60, 0x33, 0x50, 0x56, 0x33, 0x50, 0x76, 
	0x03, 0x70, 0x03, 0x73, 0x70, 0x43, 0x44, 0x40, 
	0x06, 0x33, 0x30, 0x34, 0x61, 0x63, 0x45, 0x33, 
	0x85, 0x00, 0x06, 0x16, 0x04, 0x60, 0x32, 0x70, 
	0x46, 0x01, 0x33, 0x03, 0x36, 0x30, 0x03, 0x40, 
	0x03, 0x64, 0x30, 0x60, 0x36, 0x16, 0x40, 0x07, 
	0x30, 0x53, 0x37, 0x36, 0x30, 0x00, 0x60, 0x36, 
	0x06, 0x16, 0x34, 0x62, 0x23, 0x64, 0x03, 0x04, 
	0x00, 0x25, 0x63, 0x33, 0x03, 0x65, 0x03, 0x35, 
	0x70, 0x60, 0x30, 0x70, 0x40, 0x04, 0x20, 0x03, 
	0x00, 0x63, 0x03, 0x00, 0x10, 0x03, 0x03, 0x60, 
	0x03, 0x22, 0x06, 0x76, 0x03, 0x35, 0x31, 0x33, 
	0x01, 0x03, 0x31, 0x05, 0x34, 0x07, 0x04, 0x05, 
	0x60, 0x61, 0x70, 0x71, 0x63, 0x61, 0x06, 0x06, 
	0x23, 0x46, 0x10, 0x36, 0x00, 0x06, 0x33, 0x06, 
	0x56, 0x40, 0x31, 0x36, 0x33, 0x65, 0x60, 0x60, 
	0x63, 0x63, 0x60, 0x21, 0x06, 0x30, 0x73, 0x61, 
	0x63, 0x33, 0x00, 0x73, 0x33, 0x00, 0x03, 0x54, 
	0x04, 0x46, 0x43, 0x40, 0x65, 0x00, 0x43, 0x76, 
	0x43, 0x30, 0x70, 0x00, 0x03, 0x56, 0x03, 0x52, 
	0x00, 0x30, 0x06, 0x44, 0x00, 0x08, 0x05, 0x70, 
	0x43, 0x03, 0x63, 0x73, 0x60, 0x72, 0x20, 0x60, 
	0x40, 0x13, 0x16, 0x00, 0x20, 0x63, 0x40, 0x13, 
	0x15, 0x73, 0x37, 0x33, 0x33, 0x00, 0x06, 0x16, 
	0x43, 0x60, 0x04, 0x00, 0x40, 0x00, 0x23, 0x33, 
	0x73, 0x37, 0x73, 0x76, 0x70, 0x46, 0x43, 0x60, 
	0x63, 0x05, 0x10, 0x36, 0x71, 0x60, 0x03, 0x30, 
	0x43, 0x36, 0x35, 0x38, 0x34, 0x02, 0x20, 0x02, 
	0x03, 0x00, 0x04, 0x03, 0x74, 0x31, 0x61, 0x65, 
	0x16, 0x33, 0x36, 0x76, 0x30, 0x35, 0x62, 0x65, 
	0x00, 0x36, 0x33, 0x37, 0x40, 0x36, 0x36, 0x43, 
	0x61, 0x63, 0x30, 0x52, 0x36, 0x35, 0x23, 0x03, 
	
};

Gfx prince_valley_dl_t_princevalley_flowerygrass_pal_rgba16_aligner[] = {gsSPEndDisplayList()};
u8 prince_valley_dl_t_princevalley_flowerygrass_pal_rgba16[] = {
	0xb2, 0xcb, 0x71, 0x85, 0xc2, 0x87, 0xbb, 0x45, 
	0xaa, 0xc3, 0xaa, 0x03, 0xbc, 0x45, 0xaa, 0x89, 
	0x55, 0x0d, 
};

Gfx prince_valley_dl_jrb_textures_00000_rgba16_ci8_aligner[] = {gsSPEndDisplayList()};
u8 prince_valley_dl_jrb_textures_00000_rgba16_ci8[] = {
	0x00, 0x01, 0x00, 0x00, 0x02, 0x03, 0x04, 0x04, 
	0x05, 0x06, 0x06, 0x07, 0x08, 0x07, 0x04, 0x03, 
	0x03, 0x03, 0x05, 0x06, 0x07, 0x06, 0x07, 0x03, 
	0x05, 0x05, 0x03, 0x05, 0x04, 0x04, 0x04, 0x06, 
	0x09, 0x0a, 0x0b, 0x0c, 0x0b, 0x0c, 0x0d, 0x0d, 
	0x05, 0x06, 0x06, 0x08, 0x08, 0x07, 0x07, 0x06, 
	0x07, 0x06, 0x06, 0x07, 0x07, 0x07, 0x06, 0x06, 
	0x06, 0x03, 0x05, 0x05, 0x04, 0x04, 0x06, 0x06, 
	0x01, 0x0e, 0x0d, 0x03, 0x0d, 0x0d, 0x0f, 0x10, 
	0x03, 0x06, 0x07, 0x08, 0x08, 0x08, 0x11, 0x11, 
	0x12, 0x08, 0x08, 0x07, 0x06, 0x03, 0x03, 0x03, 
	0x03, 0x03, 0x05, 0x05, 0x04, 0x06, 0x07, 0x07, 
	0x13, 0x13, 0x0f, 0x03, 0x03, 0x10, 0x0f, 0x03, 
	0x06, 0x06, 0x06, 0x11, 0x11, 0x08, 0x07, 0x06, 
	0x07, 0x06, 0x06, 0x03, 0x0d, 0x0c, 0x0c, 0x0d, 
	0x03, 0x03, 0x05, 0x03, 0x04, 0x04, 0x14, 0x07, 
	0x0e, 0x00, 0x03, 0x03, 0x03, 0x10, 0x0f, 0x0f, 
	0x03, 0x03, 0x06, 0x06, 0x06, 0x07, 0x06, 0x15, 
	0x06, 0x03, 0x0f, 0x0d, 0x16, 0x16, 0x00, 0x03, 
	0x0f, 0x0f, 0x03, 0x05, 0x04, 0x14, 0x08, 0x14, 
	0x00, 0x03, 0x06, 0x07, 0x0f, 0x0f, 0x0c, 0x17, 
	0x0f, 0x03, 0x15, 0x05, 0x03, 0x05, 0x0f, 0x0f, 
	0x06, 0x0d, 0x0f, 0x0c, 0x0c, 0x16, 0x0c, 0x0f, 
	0x0d, 0x10, 0x03, 0x03, 0x04, 0x14, 0x08, 0x0c, 
	0x0c, 0x06, 0x15, 0x07, 0x08, 0x06, 0x0d, 0x0c, 
	0x0c, 0x18, 0x0d, 0x0f, 0x03, 0x03, 0x03, 0x03, 
	0x0c, 0x0c, 0x16, 0x0d, 0x0d, 0x0c, 0x19, 0x0d, 
	0x0d, 0x10, 0x03, 0x03, 0x0d, 0x14, 0x14, 0x0c, 
	0x06, 0x14, 0x14, 0x08, 0x14, 0x15, 0x16, 0x16, 
	0x0c, 0x17, 0x0f, 0x0d, 0x03, 0x03, 0x03, 0x03, 
	0x0d, 0x0e, 0x0b, 0x0d, 0x0d, 0x0c, 0x0c, 0x0d, 
	0x0d, 0x0d, 0x10, 0x0d, 0x0d, 0x14, 0x14, 0x06, 
	0x10, 0x06, 0x06, 0x07, 0x07, 0x15, 0x10, 0x16, 
	0x0c, 0x17, 0x1a, 0x1a, 0x0f, 0x0f, 0x0f, 0x03, 
	0x16, 0x0b, 0x13, 0x0c, 0x10, 0x0f, 0x0d, 0x0c, 
	0x0d, 0x19, 0x0d, 0x03, 0x03, 0x03, 0x03, 0x03, 
	0x03, 0x06, 0x06, 0x14, 0x14, 0x06, 0x05, 0x0c, 
	0x17, 0x17, 0x17, 0x1b, 0x0f, 0x03, 0x17, 0x0f, 
	0x0c, 0x00, 0x13, 0x10, 0x10, 0x03, 0x03, 0x0f, 
	0x10, 0x10, 0x0d, 0x0d, 0x16, 0x00, 0x0e, 0x03, 
	0x06, 0x14, 0x07, 0x06, 0x08, 0x07, 0x06, 0x0c, 
	0x0c, 0x1c, 0x17, 0x1d, 0x1b, 0x15, 0x1c, 0x17, 
	0x0c, 0x0c, 0x19, 0x13, 0x03, 0x03, 0x05, 0x03, 
	0x03, 0x1e, 0x0d, 0x0c, 0x00, 0x0e, 0x13, 0x06, 
	0x14, 0x06, 0x06, 0x06, 0x07, 0x06, 0x07, 0x05, 
	0x0f, 0x0c, 0x0c, 0x1f, 0x20, 0x21, 0x1f, 0x17, 
	0x0c, 0x0c, 0x0c, 0x13, 0x04, 0x03, 0x03, 0x03, 
	0x06, 0x05, 0x0d, 0x19, 0x0d, 0x0d, 0x0d, 0x08, 
	0x04, 0x04, 0x06, 0x06, 0x06, 0x06, 0x07, 0x15, 
	0x05, 0x0f, 0x0c, 0x0f, 0x00, 0x22, 0x00, 0x0c, 
	0x0c, 0x0c, 0x0c, 0x13, 0x0c, 0x03, 0x05, 0x03, 
	0x06, 0x04, 0x03, 0x10, 0x0c, 0x16, 0x16, 0x06, 
	0x06, 0x04, 0x06, 0x06, 0x06, 0x06, 0x15, 0x03, 
	0x0f, 0x03, 0x03, 0x03, 0x0f, 0x23, 0x00, 0x1c, 
	0x0c, 0x0c, 0x0f, 0x0d, 0x0d, 0x03, 0x05, 0x05, 
	0x05, 0x05, 0x03, 0x0d, 0x0c, 0x00, 0x0b, 0x06, 
	0x06, 0x06, 0x06, 0x06, 0x06, 0x06, 0x06, 0x03, 
	0x0f, 0x0f, 0x10, 0x0f, 0x03, 0x0c, 0x00, 0x00, 
	0x1f, 0x1c, 0x0f, 0x10, 0x0f, 0x10, 0x0f, 0x0f, 
	0x0f, 0x04, 0x05, 0x03, 0x03, 0x03, 0x03, 0x07, 
	0x14, 0x06, 0x06, 0x06, 0x04, 0x05, 0x03, 0x0d, 
	0x0d, 0x03, 0x10, 0x10, 0x10, 0x0f, 0x00, 0x00, 
	0x1f, 0x0c, 0x0f, 0x10, 0x10, 0x10, 0x0f, 0x03, 
	0x03, 0x04, 0x05, 0x03, 0x03, 0x06, 0x08, 0x08, 
	0x06, 0x04, 0x05, 0x05, 0x03, 0x0f, 0x10, 0x0c, 
	0x16, 0x0d, 0x0d, 0x0d, 0x10, 0x0c, 0x00, 0x00, 
	0x00, 0x1f, 0x20, 0x17, 0x0f, 0x10, 0x03, 0x03, 
	0x03, 0x05, 0x05, 0x04, 0x07, 0x14, 0x08, 0x14, 
	0x06, 0x04, 0x03, 0x0f, 0x10, 0x0d, 0x0c, 0x00, 
	0x00, 0x05, 0x05, 0x03, 0x10, 0x00, 0x24, 0x00, 
	0x1f, 0x0c, 0x25, 0x0c, 0x0c, 0x0d, 0x03, 0x10, 
	0x03, 0x04, 0x04, 0x06, 0x14, 0x08, 0x08, 0x08, 
	0x06, 0x06, 0x03, 0x10, 0x10, 0x0c, 0x16, 0x24, 
	0x26, 0x19, 0x16, 0x0c, 0x00, 0x26, 0x24, 0x24, 
	0x00, 0x00, 0x00, 0x1f, 0x0c, 0x0d, 0x10, 0x03, 
	0x03, 0x06, 0x06, 0x14, 0x07, 0x14, 0x08, 0x08, 
	0x06, 0x06, 0x03, 0x0f, 0x10, 0x0c, 0x0c, 0x24, 
	0x27, 0x0e, 0x0b, 0x00, 0x00, 0x22, 0x00, 0x23, 
	0x1f, 0x23, 0x00, 0x00, 0x00, 0x00, 0x0c, 0x0f, 
	0x07, 0x14, 0x14, 0x14, 0x14, 0x14, 0x14, 0x14, 
	0x08, 0x06, 0x03, 0x0f, 0x0d, 0x0c, 0x0c, 0x24, 
	0x27, 0x0e, 0x00, 0x0b, 0x13, 0x28, 0x23, 0x1f, 
	0x17, 0x1c, 0x0c, 0x00, 0x1f, 0x0c, 0x0c, 0x03, 
	0x06, 0x14, 0x07, 0x14, 0x04, 0x14, 0x14, 0x14, 
	0x08, 0x06, 0x03, 0x10, 0x0d, 0x16, 0x00, 0x27, 
	0x29, 0x0e, 0x0b, 0x2a, 0x2b, 0x17, 0x23, 0x2c, 
	0x0f, 0x0f, 0x0c, 0x1f, 0x0c, 0x10, 0x0f, 0x05, 
	0x14, 0x14, 0x14, 0x07, 0x06, 0x07, 0x14, 0x08, 
	0x08, 0x06, 0x03, 0x10, 0x10, 0x16, 0x00, 0x2d, 
	0x2d, 0x0e, 0x0a, 0x2d, 0x20, 0x15, 0x0f, 0x03, 
	0x03, 0x03, 0x10, 0x0f, 0x0f, 0x03, 0x03, 0x05, 
	0x05, 0x04, 0x06, 0x07, 0x14, 0x14, 0x08, 0x08, 
	0x08, 0x06, 0x15, 0x0f, 0x0d, 0x24, 0x0e, 0x27, 
	0x2d, 0x24, 0x1f, 0x20, 0x2c, 0x15, 0x03, 0x03, 
	0x0d, 0x0d, 0x0d, 0x05, 0x05, 0x05, 0x05, 0x03, 
	0x03, 0x0d, 0x0d, 0x07, 0x07, 0x07, 0x14, 0x08, 
	0x08, 0x07, 0x06, 0x0f, 0x0d, 0x0e, 0x2a, 0x2e, 
	0x29, 0x28, 0x20, 0x17, 0x20, 0x0f, 0x0f, 0x0f, 
	0x0c, 0x0f, 0x10, 0x03, 0x0f, 0x0f, 0x10, 0x0f, 
	0x10, 0x0c, 0x02, 0x06, 0x06, 0x07, 0x14, 0x08, 
	0x14, 0x06, 0x03, 0x0d, 0x00, 0x2a, 0x29, 0x22, 
	0x2f, 0x23, 0x24, 0x1b, 0x2c, 0x0c, 0x1a, 0x06, 
	0x0f, 0x10, 0x0f, 0x15, 0x03, 0x10, 0x0f, 0x10, 
	0x0d, 0x16, 0x00, 0x06, 0x10, 0x10, 0x10, 0x05, 
	0x06, 0x06, 0x03, 0x0c, 0x23, 0x30, 0x26, 0x17, 
	0x07, 0x0c, 0x1a, 0x06, 0x0d, 0x15, 0x06, 0x05, 
	0x03, 0x03, 0x05, 0x03, 0x03, 0x10, 0x10, 0x10, 
	0x0d, 0x0d, 0x19, 0x13, 0x16, 0x31, 0x10, 0x03, 
	0x06, 0x06, 0x0f, 0x17, 0x28, 0x23, 0x0f, 0x04, 
	0x06, 0x0f, 0x15, 0x06, 0x03, 0x06, 0x06, 0x04, 
	0x03, 0x05, 0x05, 0x03, 0x03, 0x1e, 0x10, 0x10, 
	0x10, 0x0c, 0x0b, 0x00, 0x02, 0x16, 0x0d, 0x03, 
	0x06, 0x06, 0x0f, 0x2c, 0x0c, 0x0c, 0x0d, 0x10, 
	0x03, 0x10, 0x03, 0x06, 0x06, 0x06, 0x04, 0x03, 
	0x03, 0x03, 0x10, 0x0d, 0x0d, 0x0d, 0x0d, 0x0c, 
	0x10, 0x0d, 0x0e, 0x00, 0x16, 0x00, 0x19, 0x03, 
	0x06, 0x04, 0x0f, 0x0f, 0x0c, 0x19, 0x00, 0x0d, 
	0x03, 0x03, 0x05, 0x06, 0x14, 0x14, 0x04, 0x03, 
	0x03, 0x10, 0x10, 0x0d, 0x10, 0x10, 0x10, 0x0c, 
	0x10, 0x0d, 0x16, 0x19, 0x16, 0x00, 0x16, 0x03, 
	0x06, 0x05, 0x10, 0x03, 0x06, 0x03, 0x05, 0x05, 
	0x03, 0x05, 0x05, 0x06, 0x07, 0x14, 0x05, 0x03, 
	0x10, 0x0d, 0x10, 0x0d, 0x03, 0x05, 0x07, 0x03, 
	0x1e, 0x0d, 0x0c, 0x03, 0x0d, 0x16, 0x19, 0x03, 
	0x10, 0x00, 0x00, 0x16, 0x06, 0x04, 0x06, 0x06, 
	0x03, 0x04, 0x04, 0x06, 0x08, 0x07, 0x05, 0x03, 
	0x10, 0x10, 0x03, 0x05, 0x06, 0x06, 0x07, 0x03, 
	0x03, 0x1e, 0x10, 0x05, 0x03, 0x10, 0x1e, 0x05, 
	
};

Gfx prince_valley_dl_jrb_textures_00000_rgba16_pal_rgba16_aligner[] = {gsSPEndDisplayList()};
u8 prince_valley_dl_jrb_textures_00000_rgba16_pal_rgba16[] = {
	0x4b, 0x63, 0x53, 0xe5, 0x4b, 0x65, 0x32, 0xdf, 
	0x2a, 0x9f, 0x32, 0x9f, 0x2a, 0x9d, 0x2a, 0x5d, 
	0x22, 0x5b, 0x53, 0xe7, 0x64, 0x29, 0x4b, 0xa5, 
	0x43, 0x21, 0x3b, 0x21, 0x53, 0xa5, 0x3a, 0xdf, 
	0x3a, 0xe1, 0x2a, 0x5b, 0x22, 0x1b, 0x5b, 0xe7, 
	0x22, 0x5d, 0x32, 0x9d, 0x43, 0x63, 0x43, 0x1f, 
	0x3b, 0x1f, 0x43, 0x23, 0x3a, 0xdd, 0x42, 0xdd, 
	0x4b, 0x21, 0x4b, 0x5f, 0x32, 0xe1, 0x4b, 0x61, 
	0x4b, 0x1f, 0x4b, 0x1d, 0x5b, 0xa3, 0x53, 0x63, 
	0x53, 0xa3, 0x43, 0x61, 0x5b, 0xa5, 0x5b, 0xe5, 
	0x53, 0x61, 0x6c, 0x27, 0x64, 0x27, 0x64, 0x25, 
	0x42, 0xdf, 0x63, 0xe5, 0x6c, 0x69, 0x3a, 0x9d, 
	0x63, 0xe7, 0x3b, 0x23, 
};

Gfx prince_valley_dl_t_whitetemple_bricks_ci8_aligner[] = {gsSPEndDisplayList()};
u8 prince_valley_dl_t_whitetemple_bricks_ci8[] = {
	0x00, 0x01, 0x02, 0x02, 0x02, 0x02, 0x02, 0x02, 
	0x02, 0x02, 0x02, 0x02, 0x02, 0x03, 0x03, 0x02, 
	0x03, 0x03, 0x02, 0x02, 0x02, 0x02, 0x02, 0x02, 
	0x02, 0x02, 0x02, 0x02, 0x02, 0x01, 0x00, 0x02, 
	0x04, 0x05, 0x06, 0x07, 0x07, 0x07, 0x07, 0x07, 
	0x07, 0x07, 0x07, 0x07, 0x07, 0x07, 0x07, 0x07, 
	0x07, 0x07, 0x07, 0x07, 0x07, 0x07, 0x07, 0x07, 
	0x07, 0x07, 0x07, 0x07, 0x06, 0x05, 0x04, 0x01, 
	0x05, 0x08, 0x09, 0x07, 0x07, 0x07, 0x07, 0x07, 
	0x07, 0x07, 0x07, 0x07, 0x07, 0x07, 0x07, 0x07, 
	0x07, 0x07, 0x07, 0x07, 0x07, 0x07, 0x09, 0x09, 
	0x07, 0x07, 0x07, 0x07, 0x09, 0x08, 0x05, 0x01, 
	0x0a, 0x0b, 0x07, 0x09, 0x09, 0x09, 0x09, 0x09, 
	0x09, 0x09, 0x09, 0x09, 0x09, 0x09, 0x09, 0x09, 
	0x09, 0x09, 0x09, 0x09, 0x09, 0x09, 0x0c, 0x09, 
	0x09, 0x09, 0x09, 0x09, 0x07, 0x0b, 0x0a, 0x02, 
	0x0d, 0x07, 0x09, 0x09, 0x09, 0x09, 0x09, 0x09, 
	0x09, 0x09, 0x09, 0x0b, 0x0b, 0x0b, 0x0b, 0x0b, 
	0x0b, 0x0b, 0x09, 0x09, 0x09, 0x0e, 0x0e, 0x0c, 
	0x0e, 0x09, 0x09, 0x09, 0x09, 0x07, 0x0d, 0x02, 
	0x0d, 0x07, 0x09, 0x0b, 0x0b, 0x0b, 0x0f, 0x0b, 
	0x10, 0x10, 0x0b, 0x0b, 0x0b, 0x0b, 0x0b, 0x0b, 
	0x0b, 0x0b, 0x0b, 0x0b, 0x0b, 0x0b, 0x0b, 0x0b, 
	0x0f, 0x0b, 0x0b, 0x09, 0x09, 0x07, 0x0d, 0x02, 
	0x0d, 0x09, 0x0b, 0x0b, 0x0b, 0x0f, 0x0b, 0x0b, 
	0x0b, 0x0b, 0x0b, 0x0b, 0x0b, 0x0b, 0x0b, 0x0b, 
	0x0b, 0x0b, 0x0b, 0x0b, 0x0b, 0x0b, 0x0b, 0x0b, 
	0x0b, 0x0b, 0x0b, 0x0b, 0x09, 0x09, 0x0d, 0x02, 
	0x0d, 0x09, 0x0b, 0x0b, 0x0b, 0x0f, 0x0b, 0x0b, 
	0x0b, 0x0b, 0x0b, 0x0b, 0x0b, 0x0b, 0x0b, 0x0b, 
	0x0b, 0x0b, 0x0b, 0x0b, 0x0b, 0x0b, 0x0b, 0x0b, 
	0x0b, 0x0b, 0x0b, 0x0b, 0x0b, 0x09, 0x0d, 0x02, 
	0x0d, 0x0b, 0x0b, 0x0b, 0x0b, 0x0b, 0x0b, 0x0b, 
	0x0b, 0x0b, 0x0b, 0x0b, 0x0b, 0x0b, 0x0b, 0x0b, 
	0x0b, 0x0b, 0x0b, 0x0b, 0x0b, 0x0b, 0x0b, 0x0b, 
	0x0b, 0x0b, 0x0b, 0x0b, 0x0b, 0x0b, 0x0d, 0x02, 
	0x0d, 0x11, 0x0b, 0x0b, 0x0b, 0x0b, 0x0b, 0x0b, 
	0x0b, 0x0b, 0x0b, 0x0b, 0x0b, 0x0b, 0x0b, 0x0b, 
	0x0b, 0x0b, 0x0b, 0x0b, 0x0b, 0x0b, 0x0b, 0x0b, 
	0x0b, 0x0b, 0x0b, 0x0b, 0x0b, 0x11, 0x0d, 0x02, 
	0x12, 0x13, 0x0c, 0x0b, 0x0b, 0x0b, 0x0b, 0x0b, 
	0x0b, 0x0b, 0x0b, 0x0b, 0x0b, 0x0b, 0x0b, 0x0b, 
	0x0b, 0x0b, 0x0b, 0x0b, 0x0b, 0x0b, 0x0b, 0x0b, 
	0x0b, 0x0b, 0x0b, 0x0b, 0x0c, 0x13, 0x0a, 0x02, 
	0x12, 0x14, 0x0f, 0x15, 0x0c, 0x0c, 0x0c, 0x0c, 
	0x0c, 0x0c, 0x0c, 0x0c, 0x0c, 0x0c, 0x0c, 0x0c, 
	0x0c, 0x0c, 0x0c, 0x0c, 0x0c, 0x0c, 0x0c, 0x0c, 
	0x0c, 0x0c, 0x0c, 0x0f, 0x0f, 0x16, 0x0a, 0x02, 
	0x17, 0x18, 0x19, 0x0f, 0x0f, 0x0f, 0x0f, 0x0f, 
	0x0f, 0x0f, 0x0f, 0x15, 0x15, 0x15, 0x15, 0x15, 
	0x15, 0x0f, 0x0f, 0x0f, 0x0f, 0x0f, 0x0f, 0x0f, 
	0x0f, 0x0f, 0x0f, 0x13, 0x14, 0x16, 0x1a, 0x02, 
	0x0d, 0x0d, 0x16, 0x14, 0x13, 0x13, 0x13, 0x19, 
	0x19, 0x13, 0x13, 0x13, 0x0f, 0x0f, 0x0f, 0x0f, 
	0x0f, 0x0f, 0x13, 0x13, 0x19, 0x19, 0x19, 0x19, 
	0x13, 0x13, 0x14, 0x1b, 0x16, 0x0d, 0x1c, 0x02, 
	0x1d, 0x0a, 0x0d, 0x1e, 0x16, 0x16, 0x16, 0x16, 
	0x16, 0x16, 0x16, 0x1b, 0x1b, 0x14, 0x14, 0x14, 
	0x14, 0x1b, 0x1b, 0x18, 0x16, 0x1f, 0x1f, 0x16, 
	0x16, 0x16, 0x16, 0x1e, 0x0d, 0x0a, 0x1d, 0x02, 
	0x20, 0x1d, 0x1c, 0x1a, 0x1a, 0x1a, 0x1a, 0x1a, 
	0x1a, 0x1a, 0x1a, 0x21, 0x0a, 0x0a, 0x0a, 0x0a, 
	0x0a, 0x0a, 0x0a, 0x21, 0x1a, 0x1a, 0x1a, 0x1a, 
	0x1a, 0x1a, 0x1a, 0x1a, 0x1c, 0x1d, 0x20, 0x02, 
	0x02, 0x02, 0x02, 0x02, 0x02, 0x02, 0x02, 0x02, 
	0x02, 0x02, 0x02, 0x02, 0x02, 0x03, 0x01, 0x02, 
	0x01, 0x03, 0x02, 0x02, 0x02, 0x02, 0x02, 0x02, 
	0x02, 0x02, 0x02, 0x02, 0x02, 0x02, 0x02, 0x02, 
	0x07, 0x07, 0x07, 0x07, 0x07, 0x07, 0x07, 0x07, 
	0x07, 0x07, 0x07, 0x07, 0x06, 0x05, 0x04, 0x01, 
	0x04, 0x05, 0x06, 0x07, 0x07, 0x07, 0x07, 0x07, 
	0x07, 0x07, 0x07, 0x07, 0x07, 0x07, 0x07, 0x07, 
	0x07, 0x07, 0x07, 0x07, 0x07, 0x07, 0x07, 0x0c, 
	0x09, 0x07, 0x07, 0x07, 0x09, 0x08, 0x05, 0x03, 
	0x05, 0x08, 0x09, 0x07, 0x07, 0x07, 0x07, 0x07, 
	0x07, 0x07, 0x07, 0x07, 0x07, 0x07, 0x07, 0x07, 
	0x09, 0x09, 0x09, 0x09, 0x09, 0x09, 0x09, 0x09, 
	0x0c, 0x09, 0x09, 0x09, 0x07, 0x0b, 0x0a, 0x02, 
	0x0a, 0x0b, 0x07, 0x07, 0x09, 0x09, 0x0f, 0x09, 
	0x09, 0x09, 0x09, 0x09, 0x09, 0x09, 0x09, 0x09, 
	0x09, 0x09, 0x09, 0x09, 0x09, 0x09, 0x09, 0x0e, 
	0x0e, 0x0e, 0x09, 0x09, 0x09, 0x07, 0x0d, 0x02, 
	0x0d, 0x07, 0x07, 0x09, 0x09, 0x0c, 0x0e, 0x09, 
	0x09, 0x09, 0x09, 0x09, 0x09, 0x09, 0x09, 0x09, 
	0x0b, 0x0b, 0x0b, 0x0b, 0x0b, 0x0b, 0x0b, 0x10, 
	0x10, 0x0b, 0x0b, 0x09, 0x09, 0x07, 0x0d, 0x02, 
	0x0d, 0x07, 0x09, 0x09, 0x0b, 0x0b, 0x0b, 0x0b, 
	0x0b, 0x0b, 0x0b, 0x0b, 0x0b, 0x0b, 0x0b, 0x0b, 
	0x0b, 0x0b, 0x0b, 0x0b, 0x0b, 0x0b, 0x0b, 0x0b, 
	0x0b, 0x0b, 0x0b, 0x0b, 0x09, 0x09, 0x0d, 0x02, 
	0x0d, 0x07, 0x09, 0x0b, 0x0b, 0x0b, 0x0b, 0x0b, 
	0x0b, 0x0b, 0x0b, 0x0b, 0x0b, 0x0b, 0x0b, 0x0b, 
	0x0b, 0x0b, 0x0b, 0x0b, 0x0b, 0x0b, 0x0b, 0x0b, 
	0x0b, 0x0f, 0x0b, 0x0b, 0x0b, 0x09, 0x0d, 0x02, 
	0x0d, 0x09, 0x0b, 0x0b, 0x0b, 0x0b, 0x0b, 0x0b, 
	0x0b, 0x0b, 0x0b, 0x0b, 0x0b, 0x0b, 0x0b, 0x0b, 
	0x0b, 0x0b, 0x0b, 0x0b, 0x0b, 0x0b, 0x0b, 0x0b, 
	0x0b, 0x0c, 0x0b, 0x0b, 0x0b, 0x0b, 0x0d, 0x02, 
	0x0d, 0x0b, 0x0b, 0x0b, 0x0b, 0x0b, 0x0b, 0x0b, 
	0x0b, 0x0b, 0x0b, 0x0b, 0x0b, 0x0b, 0x0b, 0x0b, 
	0x0b, 0x0b, 0x0b, 0x0b, 0x0b, 0x0b, 0x0b, 0x0b, 
	0x0c, 0x0b, 0x0b, 0x0b, 0x0c, 0x13, 0x0d, 0x02, 
	0x0d, 0x13, 0x0c, 0x0b, 0x0b, 0x0b, 0x0b, 0x0b, 
	0x0b, 0x0b, 0x0b, 0x0b, 0x0b, 0x0b, 0x0b, 0x0b, 
	0x0b, 0x0b, 0x0b, 0x0b, 0x0b, 0x0b, 0x0b, 0x0b, 
	0x0b, 0x0b, 0x0b, 0x0c, 0x0f, 0x14, 0x0a, 0x02, 
	0x0a, 0x14, 0x15, 0x0c, 0x0b, 0x0b, 0x0b, 0x0b, 
	0x0b, 0x0b, 0x0b, 0x0b, 0x0b, 0x0b, 0x0b, 0x0b, 
	0x0c, 0x0c, 0x0c, 0x0c, 0x0c, 0x0c, 0x0c, 0x0c, 
	0x0c, 0x0c, 0x0c, 0x0f, 0x0f, 0x1b, 0x0a, 0x02, 
	0x21, 0x18, 0x13, 0x0f, 0x0c, 0x0c, 0x0c, 0x0c, 
	0x0c, 0x0c, 0x0c, 0x0c, 0x0c, 0x0c, 0x0c, 0x0c, 
	0x15, 0x15, 0x15, 0x0f, 0x0f, 0x0f, 0x0f, 0x0f, 
	0x0f, 0x0f, 0x0f, 0x0f, 0x19, 0x18, 0x1a, 0x02, 
	0x1a, 0x16, 0x14, 0x0f, 0x0f, 0x0f, 0x0f, 0x0f, 
	0x0f, 0x0f, 0x15, 0x15, 0x15, 0x15, 0x15, 0x15, 
	0x0f, 0x0f, 0x0f, 0x0f, 0x13, 0x13, 0x19, 0x19, 
	0x19, 0x19, 0x13, 0x14, 0x16, 0x0d, 0x22, 0x02, 
	0x22, 0x0d, 0x1b, 0x14, 0x13, 0x13, 0x13, 0x13, 
	0x13, 0x0f, 0x0f, 0x0f, 0x0f, 0x0f, 0x0f, 0x0f, 
	0x14, 0x14, 0x14, 0x1b, 0x1b, 0x18, 0x16, 0x1f, 
	0x1f, 0x16, 0x16, 0x1e, 0x0d, 0x21, 0x23, 0x03, 
	0x23, 0x21, 0x0d, 0x16, 0x16, 0x18, 0x1b, 0x1b, 
	0x1b, 0x1b, 0x14, 0x14, 0x14, 0x14, 0x14, 0x14, 
	0x17, 0x17, 0x17, 0x17, 0x17, 0x17, 0x17, 0x17, 
	0x17, 0x17, 0x24, 0x24, 0x25, 0x23, 0x26, 0x01, 
	0x26, 0x23, 0x25, 0x24, 0x17, 0x17, 0x17, 0x17, 
	0x17, 0x17, 0x17, 0x17, 0x17, 0x17, 0x17, 0x17, 
	
};

Gfx prince_valley_dl_t_whitetemple_bricks_pal_rgba16_aligner[] = {gsSPEndDisplayList()};
u8 prince_valley_dl_t_whitetemple_bricks_pal_rgba16[] = {
	0x8a, 0xd1, 0x92, 0xd1, 0x8a, 0xcf, 0x93, 0x11, 
	0xa3, 0xd5, 0xc4, 0xdd, 0xe6, 0xf3, 0xff, 0xbd, 
	0xef, 0x35, 0xff, 0xbb, 0xd5, 0xa7, 0xf7, 0x79, 
	0xf7, 0x77, 0xdd, 0xe9, 0xf7, 0xbb, 0xf7, 0x35, 
	0xf7, 0xb9, 0xee, 0xf5, 0xe6, 0x2b, 0xee, 0xf3, 
	0xee, 0xb1, 0xf7, 0x37, 0xe6, 0x6f, 0xde, 0x2b, 
	0xe6, 0xaf, 0xee, 0xf1, 0xd5, 0x65, 0xe6, 0xb1, 
	0xcd, 0x65, 0xc4, 0xdb, 0xe6, 0x2f, 0xe6, 0x6d, 
	0x9b, 0x93, 0xd5, 0xa5, 0xc5, 0x21, 0xbc, 0x9b, 
	0xdd, 0xeb, 0xcd, 0x63, 0xa3, 0x93, 
};

Gfx prince_valley_dl_t_roof_tiles_white_ci8_aligner[] = {gsSPEndDisplayList()};
u8 prince_valley_dl_t_roof_tiles_white_ci8[] = {
	0x00, 0x01, 0x02, 0x03, 0x04, 0x04, 0x04, 0x04, 
	0x05, 0x06, 0x01, 0x07, 0x02, 0x08, 0x04, 0x04, 
	0x04, 0x04, 0x04, 0x04, 0x09, 0x06, 0x00, 0x01, 
	0x06, 0x0a, 0x04, 0x04, 0x04, 0x04, 0x05, 0x06, 
	0x0b, 0x00, 0x06, 0x04, 0x0c, 0x0c, 0x0c, 0x0c, 
	0x0d, 0x06, 0x0e, 0x0f, 0x06, 0x04, 0x0c, 0x0c, 
	0x0c, 0x06, 0x0c, 0x0c, 0x0d, 0x06, 0x10, 0x10, 
	0x06, 0x04, 0x0c, 0x06, 0x0c, 0x0c, 0x0d, 0x06, 
	0x0c, 0x0c, 0x0c, 0x0c, 0x11, 0x11, 0x11, 0x11, 
	0x0c, 0x06, 0x0c, 0x0c, 0x06, 0x0c, 0x11, 0x11, 
	0x11, 0x11, 0x11, 0x11, 0x0c, 0x06, 0x06, 0x0c, 
	0x06, 0x0c, 0x12, 0x12, 0x12, 0x13, 0x0c, 0x06, 
	0x11, 0x11, 0x06, 0x11, 0x12, 0x14, 0x14, 0x15, 
	0x11, 0x06, 0x11, 0x11, 0x06, 0x11, 0x12, 0x14, 
	0x14, 0x14, 0x14, 0x13, 0x11, 0x06, 0x11, 0x11, 
	0x06, 0x12, 0x12, 0x12, 0x14, 0x15, 0x13, 0x06, 
	0x16, 0x17, 0x06, 0x14, 0x18, 0x18, 0x18, 0x19, 
	0x15, 0x06, 0x14, 0x15, 0x0c, 0x14, 0x14, 0x1a, 
	0x1a, 0x1a, 0x1a, 0x15, 0x13, 0x06, 0x16, 0x1b, 
	0x06, 0x14, 0x18, 0x18, 0x18, 0x19, 0x15, 0x06, 
	0x18, 0x18, 0x06, 0x1c, 0x1a, 0x1a, 0x1a, 0x1d, 
	0x19, 0x06, 0x1e, 0x1f, 0x06, 0x1c, 0x1a, 0x1a, 
	0x1a, 0x1a, 0x1a, 0x1d, 0x15, 0x06, 0x18, 0x13, 
	0x20, 0x1e, 0x1a, 0x1a, 0x1a, 0x1d, 0x19, 0x06, 
	0x18, 0x18, 0x06, 0x21, 0x22, 0x22, 0x22, 0x23, 
	0x1d, 0x06, 0x1e, 0x24, 0x06, 0x21, 0x1a, 0x1a, 
	0x22, 0x1a, 0x1a, 0x24, 0x1d, 0x06, 0x18, 0x25, 
	0x26, 0x21, 0x1a, 0x1a, 0x1a, 0x24, 0x1d, 0x06, 
	0x1a, 0x22, 0x06, 0x27, 0x21, 0x21, 0x21, 0x1a, 
	0x14, 0x06, 0x21, 0x22, 0x02, 0x21, 0x22, 0x22, 
	0x22, 0x22, 0x22, 0x23, 0x1d, 0x06, 0x27, 0x1d, 
	0x26, 0x21, 0x22, 0x22, 0x22, 0x23, 0x1d, 0x06, 
	0x22, 0x22, 0x06, 0x28, 0x21, 0x01, 0x21, 0x0f, 
	0x29, 0x06, 0x27, 0x22, 0x02, 0x27, 0x21, 0x21, 
	0x01, 0x21, 0x21, 0x1a, 0x14, 0x06, 0x27, 0x14, 
	0x26, 0x27, 0x21, 0x21, 0x21, 0x22, 0x14, 0x06, 
	0x21, 0x21, 0x06, 0x28, 0x03, 0x03, 0x03, 0x03, 
	0x1a, 0x06, 0x28, 0x21, 0x02, 0x28, 0x03, 0x08, 
	0x08, 0x08, 0x03, 0x03, 0x29, 0x06, 0x28, 0x07, 
	0x26, 0x28, 0x08, 0x03, 0x03, 0x03, 0x29, 0x06, 
	0x21, 0x21, 0x06, 0x0a, 0x04, 0x04, 0x04, 0x04, 
	0x2a, 0x06, 0x0b, 0x00, 0x02, 0x10, 0x04, 0x04, 
	0x04, 0x04, 0x04, 0x04, 0x05, 0x06, 0x00, 0x07, 
	0x20, 0x0a, 0x04, 0x04, 0x04, 0x04, 0x05, 0x06, 
	0x0b, 0x0b, 0x06, 0x04, 0x0c, 0x0c, 0x06, 0x0c, 
	0x0d, 0x06, 0x10, 0x03, 0x06, 0x04, 0x0c, 0x0c, 
	0x0c, 0x0c, 0x0c, 0x0c, 0x0d, 0x06, 0x0e, 0x00, 
	0x06, 0x04, 0x0c, 0x0c, 0x0c, 0x0c, 0x0d, 0x06, 
	0x0c, 0x0c, 0x06, 0x0c, 0x11, 0x11, 0x11, 0x11, 
	0x0c, 0x06, 0x0c, 0x0c, 0x06, 0x0c, 0x12, 0x12, 
	0x12, 0x12, 0x12, 0x13, 0x0c, 0x06, 0x0c, 0x0c, 
	0x06, 0x0c, 0x11, 0x11, 0x11, 0x11, 0x0c, 0x06, 
	0x16, 0x11, 0x06, 0x11, 0x12, 0x14, 0x14, 0x13, 
	0x11, 0x06, 0x11, 0x1b, 0x06, 0x12, 0x12, 0x14, 
	0x14, 0x14, 0x14, 0x13, 0x13, 0x06, 0x11, 0x11, 
	0x06, 0x11, 0x12, 0x14, 0x12, 0x12, 0x11, 0x06, 
	0x14, 0x13, 0x06, 0x1a, 0x1a, 0x1a, 0x24, 0x1d, 
	0x15, 0x06, 0x12, 0x13, 0x06, 0x14, 0x14, 0x14, 
	0x14, 0x14, 0x14, 0x15, 0x13, 0x06, 0x12, 0x13, 
	0x06, 0x14, 0x29, 0x14, 0x14, 0x14, 0x13, 0x06, 
	0x1a, 0x1d, 0x06, 0x21, 0x1a, 0x1a, 0x1a, 0x1d, 
	0x1d, 0x06, 0x12, 0x15, 0x06, 0x14, 0x1a, 0x1a, 
	0x1a, 0x1a, 0x1a, 0x1d, 0x15, 0x06, 0x1a, 0x1d, 
	0x06, 0x14, 0x1a, 0x1a, 0x1a, 0x1a, 0x15, 0x06, 
	0x1a, 0x24, 0x06, 0x21, 0x22, 0x22, 0x22, 0x14, 
	0x1d, 0x06, 0x14, 0x25, 0x06, 0x1a, 0x1a, 0x22, 
	0x22, 0x22, 0x22, 0x24, 0x1d, 0x06, 0x1a, 0x1d, 
	0x20, 0x1a, 0x1c, 0x1c, 0x1c, 0x1c, 0x1d, 0x06, 
	0x1a, 0x24, 0x06, 0x21, 0x22, 0x22, 0x22, 0x23, 
	0x14, 0x06, 0x18, 0x1f, 0x06, 0x21, 0x22, 0x22, 
	0x21, 0x22, 0x22, 0x23, 0x1d, 0x06, 0x1a, 0x1d, 
	0x20, 0x1c, 0x22, 0x22, 0x22, 0x22, 0x2b, 0x06, 
	0x21, 0x24, 0x06, 0x27, 0x22, 0x22, 0x22, 0x23, 
	0x14, 0x06, 0x18, 0x1a, 0x06, 0x27, 0x21, 0x21, 
	0x21, 0x21, 0x21, 0x1a, 0x14, 0x06, 0x1a, 0x1d, 
	0x26, 0x27, 0x22, 0x21, 0x22, 0x22, 0x23, 0x06, 
	0x27, 0x21, 0x06, 0x27, 0x21, 0x01, 0x21, 0x1a, 
	0x14, 0x06, 0x1a, 0x22, 0x02, 0x28, 0x21, 0x21, 
	0x21, 0x21, 0x21, 0x1a, 0x29, 0x06, 0x22, 0x29, 
	0x26, 0x27, 0x21, 0x21, 0x21, 0x21, 0x1a, 0x06, 
	0x28, 0x21, 0x06, 0x28, 0x0e, 0x0e, 0x00, 0x00, 
	0x29, 0x06, 0x01, 0x01, 0x02, 0x28, 0x0e, 0x00, 
	0x0e, 0x0e, 0x00, 0x00, 0x29, 0x06, 0x21, 0x29, 
	0x02, 0x28, 0x0e, 0x0e, 0x00, 0x00, 0x1a, 0x06, 
	0x00, 0x01, 0x06, 0x00, 0x2c, 0x2c, 0x2c, 0x2c, 
	0x1e, 0x06, 0x01, 0x01, 0x06, 0x0e, 0x2c, 0x2c, 
	0x2c, 0x2c, 0x2c, 0x2c, 0x09, 0x06, 0x21, 0x07, 
	0x02, 0x0e, 0x2c, 0x2c, 0x2c, 0x2c, 0x09, 0x06, 
	0x0b, 0x00, 0x06, 0x2c, 0x0c, 0x06, 0x0c, 0x0c, 
	0x17, 0x06, 0x10, 0x10, 0x06, 0x2c, 0x0c, 0x06, 
	0x0c, 0x0c, 0x0c, 0x0c, 0x17, 0x06, 0x0b, 0x09, 
	0x06, 0x2c, 0x0c, 0x0c, 0x0c, 0x0c, 0x17, 0x06, 
	0x06, 0x02, 0x06, 0x0c, 0x11, 0x11, 0x11, 0x11, 
	0x0c, 0x06, 0x06, 0x02, 0x0c, 0x0c, 0x11, 0x11, 
	0x11, 0x11, 0x11, 0x11, 0x0c, 0x06, 0x06, 0x06, 
	0x06, 0x0c, 0x11, 0x11, 0x11, 0x11, 0x0c, 0x06, 
	0x1b, 0x1b, 0x06, 0x11, 0x12, 0x14, 0x14, 0x15, 
	0x11, 0x06, 0x16, 0x1b, 0x0c, 0x11, 0x12, 0x14, 
	0x14, 0x14, 0x12, 0x13, 0x11, 0x06, 0x16, 0x16, 
	0x06, 0x11, 0x12, 0x14, 0x12, 0x12, 0x11, 0x06, 
	0x2c, 0x1b, 0x06, 0x14, 0x18, 0x18, 0x18, 0x25, 
	0x15, 0x06, 0x12, 0x13, 0x0c, 0x14, 0x18, 0x18, 
	0x18, 0x18, 0x18, 0x25, 0x15, 0x06, 0x12, 0x12, 
	0x06, 0x14, 0x18, 0x18, 0x18, 0x18, 0x13, 0x06, 
	0x18, 0x25, 0x06, 0x18, 0x1a, 0x1a, 0x1a, 0x24, 
	0x25, 0x06, 0x18, 0x25, 0x06, 0x18, 0x18, 0x1a, 
	0x1a, 0x1a, 0x1a, 0x24, 0x25, 0x06, 0x18, 0x18, 
	0x06, 0x18, 0x1c, 0x1c, 0x1c, 0x1c, 0x25, 0x06, 
	0x18, 0x25, 0x06, 0x1e, 0x1c, 0x1c, 0x1c, 0x18, 
	0x1d, 0x06, 0x18, 0x25, 0x06, 0x1e, 0x22, 0x22, 
	0x22, 0x22, 0x22, 0x1a, 0x25, 0x06, 0x1e, 0x1a, 
	0x20, 0x1c, 0x1c, 0x1c, 0x1c, 0x1c, 0x2b, 0x06, 
	0x21, 0x1f, 0x06, 0x27, 0x1c, 0x1c, 0x1c, 0x18, 
	0x2b, 0x06, 0x18, 0x25, 0x06, 0x27, 0x22, 0x22, 
	0x22, 0x21, 0x22, 0x1c, 0x14, 0x06, 0x21, 0x1a, 
	0x26, 0x1c, 0x22, 0x22, 0x22, 0x22, 0x2b, 0x06, 
	0x27, 0x18, 0x06, 0x27, 0x22, 0x22, 0x21, 0x22, 
	0x2b, 0x06, 0x1a, 0x14, 0x06, 0x27, 0x21, 0x21, 
	0x21, 0x21, 0x21, 0x21, 0x14, 0x06, 0x28, 0x21, 
	0x26, 0x27, 0x21, 0x21, 0x21, 0x21, 0x14, 0x06, 
	0x28, 0x1a, 0x06, 0x27, 0x21, 0x01, 0x01, 0x21, 
	0x14, 0x06, 0x21, 0x14, 0x06, 0x28, 0x21, 0x21, 
	0x21, 0x21, 0x21, 0x21, 0x29, 0x02, 0x28, 0x21, 
	0x06, 0x28, 0x21, 0x21, 0x21, 0x21, 0x29, 0x06, 
	0x28, 0x22, 0x06, 0x00, 0x03, 0x03, 0x03, 0x03, 
	0x07, 0x06, 0x21, 0x29, 0x02, 0x28, 0x00, 0x0e, 
	0x0e, 0x00, 0x00, 0x00, 0x29, 0x06, 0x28, 0x01, 
	0x06, 0x28, 0x03, 0x08, 0x03, 0x03, 0x29, 0x06, 
	
};

Gfx prince_valley_dl_t_roof_tiles_white_pal_rgba16_aligner[] = {gsSPEndDisplayList()};
u8 prince_valley_dl_t_roof_tiles_white_pal_rgba16[] = {
	0xee, 0xf3, 0xe6, 0xb3, 0x6a, 0x0d, 0xde, 0x25, 
	0xb3, 0xd7, 0xcc, 0x9b, 0x62, 0x0d, 0xcd, 0xa5, 
	0xde, 0x29, 0xcd, 0xe7, 0xde, 0x27, 0xee, 0xf5, 
	0x62, 0x0b, 0xab, 0x55, 0xf7, 0x35, 0xd6, 0x29, 
	0xb4, 0x1b, 0xa3, 0x53, 0xac, 0x5f, 0x8b, 0x99, 
	0xb4, 0xe1, 0x93, 0xdb, 0xbc, 0x17, 0xb3, 0x95, 
	0xcd, 0xa7, 0x9c, 0x1d, 0xd6, 0x2b, 0xab, 0x95, 
	0xd6, 0x6d, 0xac, 0x9f, 0xde, 0x71, 0xbc, 0xe1, 
	0x6a, 0x4d, 0xde, 0xb1, 0xde, 0x6f, 0xcd, 0xe9, 
	0xcd, 0x65, 0xa4, 0x1d, 0x6a, 0x4f, 0xe6, 0xb1, 
	0xe6, 0xf3, 0xc5, 0x23, 0xd5, 0x61, 0xb4, 0xa1, 
	0xc4, 0x19, 
};

Gfx prince_valley_dl_t_whitetemple_pillar_ci8_aligner[] = {gsSPEndDisplayList()};
u8 prince_valley_dl_t_whitetemple_pillar_ci8[] = {
	0x00, 0x01, 0x02, 0x03, 0x00, 0x04, 0x00, 0x04, 
	0x00, 0x04, 0x05, 0x04, 0x00, 0x03, 0x05, 0x01, 
	0x00, 0x04, 0x06, 0x03, 0x00, 0x01, 0x00, 0x03, 
	0x00, 0x01, 0x00, 0x04, 0x05, 0x03, 0x00, 0x03, 
	0x00, 0x01, 0x07, 0x03, 0x00, 0x03, 0x00, 0x04, 
	0x00, 0x04, 0x05, 0x04, 0x00, 0x03, 0x05, 0x01, 
	0x00, 0x04, 0x06, 0x03, 0x00, 0x01, 0x00, 0x03, 
	0x00, 0x04, 0x00, 0x04, 0x05, 0x03, 0x00, 0x03, 
	0x00, 0x01, 0x05, 0x03, 0x00, 0x03, 0x00, 0x04, 
	0x00, 0x04, 0x05, 0x04, 0x00, 0x03, 0x05, 0x01, 
	0x00, 0x04, 0x06, 0x04, 0x00, 0x01, 0x00, 0x03, 
	0x00, 0x04, 0x00, 0x04, 0x05, 0x03, 0x00, 0x03, 
	0x00, 0x01, 0x05, 0x04, 0x00, 0x03, 0x00, 0x04, 
	0x00, 0x04, 0x05, 0x04, 0x00, 0x03, 0x05, 0x01, 
	0x00, 0x04, 0x06, 0x04, 0x05, 0x01, 0x00, 0x03, 
	0x00, 0x04, 0x00, 0x04, 0x06, 0x03, 0x00, 0x03, 
	0x00, 0x01, 0x05, 0x04, 0x00, 0x03, 0x00, 0x04, 
	0x00, 0x04, 0x05, 0x04, 0x00, 0x03, 0x05, 0x01, 
	0x00, 0x04, 0x05, 0x04, 0x05, 0x01, 0x00, 0x03, 
	0x00, 0x04, 0x00, 0x04, 0x06, 0x03, 0x00, 0x03, 
	0x00, 0x01, 0x05, 0x04, 0x00, 0x03, 0x00, 0x04, 
	0x00, 0x01, 0x05, 0x04, 0x00, 0x03, 0x05, 0x01, 
	0x00, 0x04, 0x05, 0x04, 0x08, 0x01, 0x00, 0x03, 
	0x00, 0x04, 0x00, 0x04, 0x06, 0x03, 0x00, 0x03, 
	0x00, 0x01, 0x07, 0x03, 0x00, 0x03, 0x00, 0x04, 
	0x00, 0x01, 0x05, 0x04, 0x00, 0x03, 0x05, 0x01, 
	0x00, 0x04, 0x05, 0x04, 0x05, 0x01, 0x00, 0x03, 
	0x00, 0x04, 0x00, 0x04, 0x06, 0x03, 0x00, 0x03, 
	0x00, 0x04, 0x09, 0x03, 0x00, 0x03, 0x00, 0x04, 
	0x00, 0x01, 0x05, 0x04, 0x00, 0x03, 0x05, 0x01, 
	0x00, 0x04, 0x05, 0x04, 0x05, 0x01, 0x00, 0x03, 
	0x00, 0x04, 0x00, 0x04, 0x06, 0x03, 0x00, 0x03, 
	0x00, 0x04, 0x09, 0x03, 0x00, 0x03, 0x00, 0x01, 
	0x00, 0x01, 0x05, 0x04, 0x00, 0x03, 0x05, 0x01, 
	0x00, 0x04, 0x00, 0x01, 0x05, 0x01, 0x00, 0x03, 
	0x00, 0x04, 0x00, 0x04, 0x06, 0x03, 0x00, 0x03, 
	0x00, 0x04, 0x0a, 0x03, 0x00, 0x03, 0x00, 0x04, 
	0x05, 0x0b, 0x05, 0x04, 0x00, 0x03, 0x05, 0x01, 
	0x00, 0x04, 0x00, 0x01, 0x0c, 0x01, 0x00, 0x03, 
	0x00, 0x04, 0x00, 0x04, 0x05, 0x03, 0x00, 0x04, 
	0x00, 0x03, 0x07, 0x03, 0x00, 0x03, 0x00, 0x04, 
	0x00, 0x01, 0x05, 0x04, 0x00, 0x03, 0x05, 0x01, 
	0x00, 0x04, 0x00, 0x01, 0x0c, 0x01, 0x00, 0x04, 
	0x00, 0x04, 0x05, 0x04, 0x05, 0x03, 0x00, 0x04, 
	0x00, 0x03, 0x0a, 0x03, 0x00, 0x03, 0x00, 0x04, 
	0x05, 0x01, 0x05, 0x04, 0x00, 0x04, 0x05, 0x01, 
	0x00, 0x01, 0x00, 0x01, 0x05, 0x01, 0x00, 0x04, 
	0x00, 0x04, 0x05, 0x04, 0x05, 0x03, 0x00, 0x04, 
	0x00, 0x03, 0x0a, 0x03, 0x00, 0x03, 0x00, 0x04, 
	0x05, 0x01, 0x05, 0x04, 0x00, 0x04, 0x05, 0x01, 
	0x00, 0x01, 0x00, 0x01, 0x05, 0x04, 0x00, 0x04, 
	0x00, 0x04, 0x05, 0x04, 0x00, 0x04, 0x00, 0x04, 
	0x00, 0x03, 0x0a, 0x03, 0x05, 0x03, 0x00, 0x04, 
	0x00, 0x01, 0x06, 0x04, 0x00, 0x04, 0x05, 0x01, 
	0x00, 0x01, 0x05, 0x04, 0x05, 0x04, 0x00, 0x04, 
	0x00, 0x03, 0x05, 0x04, 0x00, 0x04, 0x00, 0x04, 
	0x00, 0x03, 0x0a, 0x03, 0x05, 0x03, 0x00, 0x04, 
	0x00, 0x01, 0x06, 0x04, 0x00, 0x04, 0x05, 0x01, 
	0x00, 0x03, 0x07, 0x04, 0x00, 0x04, 0x05, 0x04, 
	0x00, 0x03, 0x05, 0x04, 0x00, 0x04, 0x00, 0x04, 
	0x00, 0x03, 0x0a, 0x03, 0x05, 0x03, 0x00, 0x04, 
	0x00, 0x04, 0x06, 0x04, 0x00, 0x04, 0x05, 0x01, 
	0x00, 0x03, 0x07, 0x04, 0x00, 0x04, 0x05, 0x04, 
	0x00, 0x03, 0x05, 0x04, 0x00, 0x04, 0x00, 0x04, 
	0x00, 0x03, 0x0a, 0x03, 0x05, 0x03, 0x00, 0x04, 
	0x00, 0x04, 0x06, 0x04, 0x00, 0x03, 0x05, 0x01, 
	0x00, 0x03, 0x02, 0x04, 0x00, 0x03, 0x05, 0x01, 
	0x00, 0x03, 0x05, 0x04, 0x00, 0x04, 0x00, 0x03, 
	0x00, 0x03, 0x0a, 0x03, 0x05, 0x03, 0x00, 0x04, 
	0x00, 0x04, 0x06, 0x04, 0x00, 0x03, 0x05, 0x01, 
	0x00, 0x03, 0x0d, 0x04, 0x00, 0x03, 0x05, 0x01, 
	0x00, 0x03, 0x05, 0x04, 0x00, 0x04, 0x00, 0x03, 
	0x00, 0x03, 0x0a, 0x03, 0x05, 0x03, 0x00, 0x04, 
	0x00, 0x04, 0x06, 0x04, 0x00, 0x03, 0x05, 0x01, 
	0x00, 0x03, 0x0d, 0x03, 0x00, 0x03, 0x05, 0x01, 
	0x00, 0x03, 0x05, 0x04, 0x00, 0x04, 0x00, 0x03, 
	0x00, 0x03, 0x0a, 0x03, 0x05, 0x03, 0x00, 0x01, 
	0x00, 0x04, 0x06, 0x04, 0x00, 0x03, 0x05, 0x04, 
	0x00, 0x03, 0x0d, 0x03, 0x00, 0x03, 0x05, 0x01, 
	0x00, 0x03, 0x05, 0x04, 0x00, 0x04, 0x00, 0x03, 
	0x00, 0x03, 0x0a, 0x03, 0x05, 0x03, 0x00, 0x01, 
	0x00, 0x04, 0x06, 0x04, 0x00, 0x03, 0x05, 0x04, 
	0x00, 0x03, 0x0d, 0x03, 0x00, 0x03, 0x07, 0x01, 
	0x00, 0x03, 0x05, 0x04, 0x00, 0x04, 0x00, 0x03, 
	0x05, 0x03, 0x0a, 0x03, 0x05, 0x03, 0x00, 0x01, 
	0x00, 0x04, 0x06, 0x04, 0x00, 0x03, 0x05, 0x03, 
	0x00, 0x03, 0x0d, 0x03, 0x00, 0x03, 0x05, 0x01, 
	0x00, 0x04, 0x05, 0x04, 0x00, 0x04, 0x00, 0x03, 
	0x05, 0x03, 0x07, 0x03, 0x05, 0x03, 0x00, 0x01, 
	0x00, 0x04, 0x06, 0x04, 0x00, 0x04, 0x05, 0x03, 
	0x00, 0x03, 0x0d, 0x03, 0x00, 0x03, 0x07, 0x01, 
	0x00, 0x04, 0x05, 0x04, 0x00, 0x04, 0x00, 0x03, 
	0x05, 0x04, 0x07, 0x03, 0x05, 0x03, 0x00, 0x01, 
	0x00, 0x04, 0x06, 0x04, 0x00, 0x04, 0x05, 0x03, 
	0x00, 0x03, 0x0e, 0x03, 0x00, 0x03, 0x07, 0x04, 
	0x00, 0x04, 0x00, 0x04, 0x00, 0x04, 0x00, 0x03, 
	0x05, 0x04, 0x07, 0x03, 0x05, 0x03, 0x00, 0x01, 
	0x00, 0x04, 0x05, 0x04, 0x00, 0x04, 0x05, 0x03, 
	0x00, 0x03, 0x0f, 0x03, 0x00, 0x03, 0x07, 0x04, 
	0x00, 0x04, 0x00, 0x04, 0x00, 0x04, 0x00, 0x03, 
	0x05, 0x04, 0x0a, 0x03, 0x05, 0x04, 0x00, 0x01, 
	0x00, 0x04, 0x05, 0x04, 0x00, 0x04, 0x05, 0x03, 
	0x00, 0x03, 0x10, 0x03, 0x00, 0x04, 0x05, 0x04, 
	0x00, 0x04, 0x00, 0x04, 0x00, 0x04, 0x00, 0x03, 
	0x05, 0x04, 0x07, 0x03, 0x05, 0x04, 0x00, 0x01, 
	0x00, 0x04, 0x05, 0x04, 0x00, 0x03, 0x05, 0x03, 
	0x00, 0x03, 0x10, 0x03, 0x00, 0x04, 0x00, 0x04, 
	0x00, 0x04, 0x00, 0x04, 0x00, 0x04, 0x00, 0x03, 
	0x05, 0x04, 0x07, 0x04, 0x05, 0x04, 0x00, 0x01, 
	0x00, 0x04, 0x05, 0x04, 0x00, 0x03, 0x05, 0x04, 
	0x00, 0x03, 0x10, 0x03, 0x00, 0x04, 0x00, 0x04, 
	0x00, 0x04, 0x00, 0x04, 0x00, 0x04, 0x00, 0x03, 
	0x05, 0x04, 0x07, 0x04, 0x05, 0x04, 0x00, 0x01, 
	0x00, 0x04, 0x05, 0x04, 0x00, 0x03, 0x05, 0x04, 
	0x00, 0x04, 0x0f, 0x03, 0x00, 0x04, 0x00, 0x03, 
	0x00, 0x04, 0x00, 0x04, 0x05, 0x04, 0x00, 0x03, 
	0x05, 0x04, 0x07, 0x04, 0x00, 0x04, 0x00, 0x04, 
	0x00, 0x04, 0x05, 0x04, 0x00, 0x03, 0x05, 0x01, 
	0x00, 0x04, 0x0f, 0x03, 0x00, 0x04, 0x00, 0x03, 
	0x00, 0x04, 0x00, 0x04, 0x05, 0x04, 0x00, 0x03, 
	0x05, 0x04, 0x07, 0x03, 0x00, 0x04, 0x00, 0x04, 
	0x00, 0x04, 0x05, 0x04, 0x00, 0x03, 0x05, 0x01, 
	0x00, 0x04, 0x0f, 0x03, 0x00, 0x01, 0x00, 0x03, 
	0x00, 0x01, 0x00, 0x04, 0x05, 0x03, 0x00, 0x03, 
	0x05, 0x01, 0x11, 0x03, 0x00, 0x04, 0x00, 0x04, 
	0x00, 0x04, 0x05, 0x04, 0x00, 0x03, 0x05, 0x01, 
	0x00, 0x04, 0x12, 0x03, 0x00, 0x01, 0x00, 0x03, 
	0x00, 0x01, 0x00, 0x04, 0x05, 0x03, 0x00, 0x03, 
	
};

Gfx prince_valley_dl_t_whitetemple_pillar_pal_rgba16_aligner[] = {gsSPEndDisplayList()};
u8 prince_valley_dl_t_whitetemple_pillar_pal_rgba16[] = {
	0xc4, 0xdb, 0xf7, 0x35, 0xdd, 0xe5, 0xf7, 0x79, 
	0xf7, 0x77, 0xd5, 0x5f, 0xdd, 0xa1, 0xd5, 0x61, 
	0xdd, 0xa3, 0xe5, 0xe5, 0xd5, 0xa1, 0xee, 0xf3, 
	0xd5, 0x1f, 0xdd, 0xe7, 0xde, 0x29, 0xe6, 0x27, 
	0xe6, 0x29, 0xcd, 0x1f, 0xdd, 0xa5, 
};

Gfx prince_valley_dl_castle_grounds_textures_0A800_rgba16_rgba16_aligner[] = {gsSPEndDisplayList()};
u8 prince_valley_dl_castle_grounds_textures_0A800_rgba16_rgba16[] = {
	0x18, 0xc6, 0x18, 0xc6, 0x18, 0xc6, 0x18, 0xc6, 
	0x18, 0xc6, 0x18, 0xc6, 0x18, 0xc6, 0x18, 0xc6, 
	0x10, 0x84, 0x10, 0x86, 0x31, 0x4a, 0x52, 0x0e, 
	0x6a, 0xd5, 0x73, 0x17, 0x7b, 0x57, 0x83, 0x59, 
	0x83, 0x99, 0x7b, 0x57, 0x7b, 0x17, 0x6a, 0xd3, 
	0x4a, 0x0e, 0x29, 0x4a, 0x10, 0x84, 0x10, 0x84, 
	0x18, 0xc6, 0x18, 0xc6, 0x18, 0xc6, 0x18, 0xc6, 
	0x18, 0xc6, 0x18, 0xc6, 0x18, 0xc6, 0x18, 0xc6, 
	0x18, 0xc6, 0x18, 0xc6, 0x18, 0xc6, 0x18, 0xc6, 
	0x18, 0xc6, 0x18, 0xc6, 0x10, 0x84, 0x18, 0xc6, 
	0x4a, 0x0e, 0x7b, 0x17, 0x93, 0x99, 0x93, 0x99, 
	0x83, 0x57, 0x7b, 0x17, 0x83, 0x17, 0x83, 0x17, 
	0x7b, 0x17, 0x7b, 0x17, 0x7b, 0x17, 0x83, 0x59, 
	0x93, 0x99, 0x93, 0x99, 0x7b, 0x17, 0x4a, 0x0e, 
	0x10, 0xc6, 0x10, 0x84, 0x18, 0xc6, 0x18, 0xc6, 
	0x18, 0xc6, 0x18, 0xc6, 0x18, 0xc6, 0x18, 0xc6, 
	0x18, 0xc6, 0x18, 0xc6, 0x18, 0xc6, 0x18, 0xc6, 
	0x18, 0xc6, 0x10, 0x84, 0x39, 0xcc, 0x83, 0x99, 
	0x93, 0x9b, 0x83, 0x59, 0x83, 0x57, 0x9c, 0x1d, 
	0xb4, 0xe3, 0xcd, 0xa9, 0xd6, 0x2d, 0xe6, 0xad, 
	0xe6, 0xab, 0xd6, 0x29, 0xc5, 0xa3, 0xac, 0x9d, 
	0x93, 0x99, 0x7b, 0x17, 0x8b, 0x59, 0x9b, 0xdb, 
	0x83, 0x59, 0x39, 0x8c, 0x08, 0x84, 0x18, 0xc6, 
	0x18, 0xc6, 0x18, 0xc6, 0x18, 0xc6, 0x18, 0xc6, 
	0x18, 0xc6, 0x18, 0xc6, 0x18, 0xc6, 0x18, 0xc6, 
	0x18, 0xc6, 0x6b, 0x15, 0x9b, 0xd9, 0x83, 0x59, 
	0x83, 0x57, 0xa4, 0x5f, 0xcd, 0xed, 0xef, 0x37, 
	0xef, 0x37, 0xe7, 0x31, 0xce, 0x2b, 0xc5, 0xa7, 
	0xc5, 0xa5, 0xce, 0x27, 0xee, 0xe9, 0xff, 0xeb, 
	0xff, 0xeb, 0xe6, 0x65, 0xac, 0x5b, 0x7b, 0x17, 
	0x83, 0x99, 0xa3, 0xdb, 0x6a, 0xd4, 0x10, 0xc6, 
	0x18, 0xc6, 0x18, 0xc6, 0x18, 0xc6, 0x18, 0xc6, 
	0x18, 0xc6, 0x18, 0xc6, 0x18, 0xc6, 0x10, 0xc6, 
	0x73, 0x17, 0x8b, 0x99, 0x83, 0x57, 0xa4, 0x61, 
	0xe6, 0xb5, 0xef, 0x7b, 0xde, 0xb1, 0x94, 0x1d, 
	0x5a, 0x51, 0x41, 0x8b, 0x49, 0xcb, 0x49, 0xcd, 
	0x49, 0xcd, 0x41, 0x8b, 0x41, 0x8d, 0x5a, 0x51, 
	0x8b, 0xd9, 0xde, 0x63, 0xff, 0xeb, 0xee, 0x63, 
	0x93, 0xdb, 0x83, 0x57, 0xac, 0x1b, 0x7b, 0x17, 
	0x10, 0x86, 0x18, 0xc6, 0x18, 0xc6, 0x18, 0xc6, 
	0x18, 0xc6, 0x18, 0xc6, 0x10, 0x84, 0x62, 0x93, 
	0x83, 0x59, 0x83, 0x57, 0xac, 0xe1, 0xef, 0x7b, 
	0xef, 0x37, 0x7b, 0x99, 0x41, 0x8b, 0x39, 0x8b, 
	0x41, 0x8b, 0x41, 0xcd, 0x5a, 0x4f, 0x73, 0x15, 
	0x7b, 0x55, 0x6a, 0xd3, 0x41, 0xcd, 0x41, 0x8d, 
	0x39, 0x8b, 0x39, 0x8b, 0x7b, 0x55, 0xee, 0xe5, 
	0xff, 0x67, 0xac, 0x9d, 0x7b, 0x59, 0x9b, 0xdb, 
	0x73, 0x15, 0x10, 0x84, 0x18, 0xc6, 0x18, 0xc6, 
	0x18, 0xc6, 0x10, 0x84, 0x52, 0x50, 0x8b, 0x9b, 
	0x83, 0x59, 0xb4, 0xe3, 0xef, 0x7b, 0xde, 0x71, 
	0x52, 0x0d, 0x39, 0x8b, 0x41, 0xcd, 0x41, 0xcd, 
	0x41, 0xcd, 0x39, 0x8b, 0xb5, 0x1f, 0xf7, 0x27, 
	0xef, 0x27, 0xac, 0xdd, 0x41, 0xcd, 0x41, 0xcd, 
	0x39, 0x8d, 0x39, 0x8d, 0x31, 0x4b, 0x39, 0x8d, 
	0xcd, 0x9f, 0xff, 0x65, 0xb4, 0x9d, 0x83, 0x59, 
	0xa4, 0x1b, 0x52, 0x10, 0x08, 0x84, 0x18, 0xc6, 
	0x18, 0xc6, 0x21, 0x08, 0x93, 0xd9, 0x7b, 0x57, 
	0xb4, 0xe1, 0xef, 0x7b, 0xe6, 0xf1, 0x62, 0x4f, 
	0x5a, 0x4f, 0x62, 0x91, 0x62, 0x91, 0x6a, 0x91, 
	0x6a, 0xd1, 0x62, 0x91, 0xd5, 0xe3, 0xff, 0x27, 
	0xe6, 0x65, 0xac, 0xdd, 0x7b, 0x55, 0x9c, 0x19, 
	0x9c, 0x17, 0x7b, 0x55, 0x72, 0xd3, 0x6a, 0x91, 
	0x62, 0x91, 0xdd, 0xe1, 0xfe, 0xa3, 0x9b, 0xdb, 
	0x8b, 0x99, 0x9b, 0xd9, 0x21, 0x08, 0x10, 0xc6, 
	0x10, 0x84, 0x5a, 0x92, 0x93, 0xdb, 0x83, 0x59, 
	0xf7, 0x2f, 0xf7, 0xb5, 0x73, 0x15, 0x52, 0x0f, 
	0x62, 0x91, 0x62, 0x91, 0x62, 0x91, 0x62, 0x91, 
	0x6a, 0x91, 0x5a, 0x4f, 0xde, 0x23, 0xf7, 0x27, 
	0xe6, 0x63, 0xac, 0x9b, 0x62, 0x93, 0x62, 0x91, 
	0x5a, 0x0f, 0x5a, 0x4f, 0x5a, 0x4f, 0x62, 0x4f, 
	0x49, 0xcd, 0x5a, 0x51, 0xfe, 0xa1, 0xed, 0x9f, 
	0x83, 0x99, 0xa4, 0x1b, 0x62, 0x92, 0x10, 0x84, 
	0x18, 0xc6, 0x83, 0x59, 0x83, 0x59, 0xac, 0xdf, 
	0xff, 0xf3, 0xc5, 0xe5, 0x49, 0xcd, 0x4a, 0x0f, 
	0x4a, 0x0f, 0x49, 0xcd, 0x41, 0x8b, 0x41, 0xcd, 
	0x4a, 0x0f, 0x62, 0xd3, 0xde, 0x23, 0xfe, 0xe5, 
	0xe6, 0x63, 0xac, 0x9b, 0x52, 0x51, 0x62, 0xd5, 
	0x7b, 0x99, 0x8c, 0x1b, 0x94, 0x5b, 0x8c, 0x1b, 
	0x62, 0xd3, 0x4a, 0x0f, 0xc4, 0x9b, 0xfe, 0x61, 
	0xac, 0x5b, 0x93, 0x99, 0x8b, 0x99, 0x18, 0xc6, 
	0x29, 0x4a, 0x9b, 0xdb, 0x7b, 0x17, 0xde, 0x67, 
	0xff, 0xf1, 0x8b, 0xd9, 0x4a, 0x0f, 0x52, 0x0f, 
	0x73, 0x57, 0x9c, 0xa1, 0xcd, 0xed, 0xe6, 0xb1, 
	0xee, 0xf7, 0xe6, 0xb5, 0xe6, 0x65, 0xfe, 0xe5, 
	0xe6, 0x63, 0xb5, 0x1d, 0x7b, 0x59, 0xce, 0x2d, 
	0xf7, 0x75, 0xef, 0x7b, 0xef, 0x7b, 0xef, 0x7b, 
	0xef, 0x7b, 0xd6, 0xad, 0xbc, 0xdd, 0xf5, 0xdf, 
	0xdd, 0x1f, 0x8b, 0x99, 0xa4, 0x1b, 0x29, 0x4a, 
	0x39, 0xcc, 0x93, 0xdb, 0x83, 0x99, 0xff, 0xa9, 
	0xff, 0xeb, 0x72, 0xd3, 0x62, 0x91, 0x62, 0x91, 
	0x62, 0x91, 0x83, 0x57, 0x9c, 0x5b, 0xa4, 0x19, 
	0x9c, 0x1b, 0x9c, 0x1b, 0xe6, 0x65, 0xfe, 0xe5, 
	0xee, 0xa3, 0xc5, 0x5f, 0x83, 0x57, 0x9c, 0x1b, 
	0x9c, 0x19, 0xa4, 0x19, 0xa4, 0x19, 0xa4, 0x19, 
	0xa4, 0x19, 0xa4, 0x5b, 0xac, 0x5b, 0xf5, 0xdf, 
	0xf5, 0xdf, 0x9b, 0xdb, 0xa4, 0x1b, 0x41, 0xcc, 
	0x41, 0xce, 0x93, 0x9b, 0x8b, 0xd9, 0xff, 0xa9, 
	0xff, 0x69, 0x52, 0x51, 0x52, 0x0f, 0x52, 0x4f, 
	0x5a, 0x51, 0x52, 0x0f, 0x49, 0xcb, 0x41, 0xcb, 
	0x41, 0xcb, 0x4a, 0x0d, 0xde, 0x23, 0xfe, 0xe5, 
	0xf6, 0xa5, 0xc5, 0x9f, 0x5a, 0x51, 0x4a, 0x0d, 
	0x49, 0xcd, 0x41, 0xcb, 0x41, 0x8b, 0x41, 0xcb, 
	0x49, 0xcd, 0x52, 0x0d, 0x62, 0x91, 0xf5, 0x9f, 
	0xf5, 0xdf, 0x9b, 0xdb, 0xa4, 0x1b, 0x41, 0xce, 
	0x41, 0xce, 0x93, 0x9b, 0x93, 0xdb, 0xff, 0xa9, 
	0xff, 0x27, 0x52, 0x0f, 0x4a, 0x0d, 0x52, 0x51, 
	0x9c, 0x5f, 0xb5, 0x67, 0xce, 0x2d, 0xe7, 0x35, 
	0xe6, 0xf3, 0xc5, 0xeb, 0xe6, 0x65, 0xfe, 0xe5, 
	0xf6, 0xe5, 0xc5, 0x5f, 0x6b, 0x15, 0x9c, 0x5f, 
	0xb5, 0x65, 0xbd, 0xe7, 0xc5, 0xe9, 0xc5, 0xe9, 
	0xef, 0x31, 0xef, 0x31, 0xee, 0x67, 0xed, 0x9f, 
	0xf5, 0x9f, 0x93, 0xdb, 0xa4, 0x1b, 0x49, 0xce, 
	0x31, 0x8a, 0x9c, 0x1b, 0x93, 0x99, 0xfe, 0xa5, 
	0xfe, 0xe5, 0x5a, 0x51, 0x52, 0x4f, 0x7b, 0x59, 
	0xac, 0xe3, 0xd6, 0x6d, 0xe6, 0xf1, 0xff, 0x73, 
	0xf7, 0x35, 0xe6, 0xf3, 0xe6, 0x65, 0xfe, 0xe5, 
	0xf6, 0xe5, 0xbd, 0x5d, 0x94, 0x19, 0xbd, 0xa5, 
	0xe6, 0xaf, 0xf6, 0xf3, 0xf6, 0xf7, 0xf6, 0xf7, 
	0xf6, 0xf7, 0xf7, 0x37, 0xfe, 0xa7, 0xed, 0x9f, 
	0xdd, 0x5d, 0x9c, 0x1b, 0xac, 0x1d, 0x31, 0x8a, 
	0x10, 0x86, 0x8b, 0x99, 0x8b, 0x99, 0xcd, 0x61, 
	0xff, 0xe9, 0x9c, 0x19, 0x62, 0x91, 0x62, 0x93, 
	0x73, 0x15, 0x6a, 0xd1, 0x62, 0x8f, 0x6a, 0x91, 
	0x73, 0x13, 0x83, 0x99, 0xe6, 0x63, 0xfe, 0xe5, 
	0xf6, 0xe5, 0xbd, 0x1d, 0x6a, 0xd3, 0x73, 0x13, 
	0x72, 0xd1, 0x6a, 0x8f, 0x62, 0x4f, 0x62, 0x4f, 
	0x62, 0x4f, 0x7b, 0x17, 0xcc, 0xdd, 0xf5, 0xdf, 
	0xc4, 0xdd, 0xa4, 0x1b, 0x9b, 0x99, 0x10, 0x84, 
	0x10, 0x84, 0x8b, 0x98, 0xa4, 0x1d, 0x9c, 0x1b, 
	0xfe, 0xa3, 0xf6, 0x63, 0x83, 0x97, 0x73, 0x15, 
	0x73, 0x17, 0x83, 0xdb, 0x83, 0x99, 0x7b, 0x99, 
	0x7b, 0x99, 0x7b, 0x99, 0xe6, 0x25, 0xfe, 0xe5, 
	0xf6, 0xa5, 0xbd, 0x1d, 0x52, 0x51, 0x6a, 0xd5, 
	0x83, 0xd9, 0x7b, 0x99, 0x7b, 0x97, 0x7b, 0x99, 
	0x73, 0x15, 0xb4, 0x5b, 0xed, 0x5d, 0xed, 0x9f, 
	0xb4, 0x9d, 0xc4, 0x9d, 0x52, 0x0e, 0x10, 0x84, 
	0x18, 0xc6, 0x10, 0x84, 0x7b, 0x57, 0xa4, 0x1d, 
	0xb4, 0x9d, 0xee, 0x21, 0xcd, 0x1f, 0xac, 0x9d, 
	0xb5, 0x25, 0xe7, 0x37, 0xef, 0x7b, 0xef, 0x7b, 
	0xef, 0x7b, 0xde, 0xb3, 0xe6, 0x65, 0xfe, 0xe5, 
	0xf6, 0xa5, 0xbd, 0x1d, 0x62, 0x93, 0xd6, 0xbf, 
	0xef, 0x7b, 0xef, 0x7b, 0xef, 0x7b, 0xef, 0x7b, 
	0xed, 0xa1, 0xed, 0x9d, 0xdd, 0x1d, 0xbc, 0x9f, 
	0xbc, 0x9f, 0x5a, 0x92, 0x08, 0x84, 0x18, 0xc6, 
	0x18, 0xc6, 0x18, 0xc6, 0x10, 0x84, 0x7b, 0x59, 
	0xa4, 0x1f, 0xb4, 0x5d, 0xe5, 0xa1, 0xdd, 0xe1, 
	0xcd, 0x63, 0xac, 0xe5, 0xbd, 0x67, 0xc5, 0x67, 
	0xc5, 0x67, 0xbd, 0x67, 0xe6, 0x65, 0xfe, 0xe5, 
	0xf6, 0xa5, 0xc5, 0x1d, 0x83, 0x99, 0xc5, 0xa9, 
	0xc5, 0xa5, 0xcd, 0xa5, 0xc5, 0xa7, 0xed, 0xe5, 
	0xed, 0x9d, 0xd4, 0xdd, 0x9c, 0x1d, 0xbc, 0x9f, 
	0x41, 0xcc, 0x08, 0x44, 0x18, 0xc6, 0x18, 0xc6, 
	0x18, 0xc6, 0x18, 0xc6, 0x18, 0xc6, 0x08, 0x84, 
	0x73, 0x15, 0x9b, 0xdb, 0xb4, 0x5d, 0xf6, 0xe5, 
	0xb4, 0xdb, 0x49, 0xcb, 0x49, 0xcb, 0x52, 0x0d, 
	0x5a, 0x4f, 0x5a, 0x91, 0xde, 0x25, 0xf6, 0xe5, 
	0xf6, 0xa5, 0xcd, 0x5f, 0x52, 0x0d, 0x52, 0x0d, 
	0x52, 0x0d, 0x52, 0x0d, 0x6a, 0x91, 0x8b, 0x55, 
	0xfd, 0xdf, 0xa3, 0xdb, 0xac, 0x5d, 0x52, 0x50, 
	0x00, 0x42, 0x18, 0xc6, 0x18, 0xc6, 0x18, 0xc6, 
	0x18, 0xc6, 0x18, 0xc6, 0x18, 0xc6, 0x18, 0xc6, 
	0x10, 0x84, 0x8b, 0x59, 0x8b, 0x99, 0xff, 0x67, 
	0xc5, 0x9f, 0x83, 0xdb, 0xad, 0x67, 0xc6, 0x2d, 
	0xce, 0x2d, 0xb5, 0x69, 0xde, 0x25, 0xf6, 0xa5, 
	0xfe, 0xe5, 0xcd, 0x5f, 0x83, 0x99, 0xb5, 0x67, 
	0xce, 0x6d, 0xce, 0x6d, 0xce, 0x2b, 0xf5, 0x9f, 
	0xfd, 0xdf, 0xac, 0x1b, 0xa3, 0xdb, 0x18, 0xc6, 
	0x18, 0xc6, 0x18, 0xc6, 0x18, 0xc6, 0x18, 0xc6, 
	0x18, 0xc6, 0x18, 0xc6, 0x18, 0xc6, 0x18, 0xc6, 
	0x18, 0xc6, 0x6a, 0xd3, 0x93, 0xd9, 0xff, 0xed, 
	0xa4, 0x9b, 0x94, 0x1d, 0xe6, 0xb5, 0xf6, 0xf9, 
	0xef, 0x7b, 0xde, 0xb3, 0xde, 0x25, 0xf6, 0xa5, 
	0xfe, 0xe5, 0xc5, 0x5f, 0xac, 0xe3, 0xe6, 0xf7, 
	0xd7, 0xff, 0xef, 0x7b, 0xef, 0x7b, 0xfe, 0xe9, 
	0xfe, 0x1f, 0xb4, 0x5d, 0xa3, 0xdb, 0x39, 0x8c, 
	0x10, 0x84, 0x18, 0xc6, 0x18, 0xc6, 0x18, 0xc6, 
	0x18, 0xc6, 0x18, 0xc6, 0x18, 0xc6, 0x10, 0x84, 
	0x4a, 0x0e, 0x72, 0xd5, 0xde, 0xa5, 0xf7, 0x69, 
	0x6a, 0xd3, 0x6a, 0xd3, 0x73, 0x13, 0x83, 0x97, 
	0x8b, 0x99, 0x93, 0xdb, 0xde, 0x25, 0xf6, 0xa3, 
	0xfe, 0xe5, 0xc5, 0x5d, 0x83, 0x99, 0x93, 0xd9, 
	0x8b, 0x97, 0x8b, 0x97, 0x8b, 0x99, 0x83, 0x99, 
	0xfe, 0x61, 0xcd, 0x1f, 0x9b, 0xdb, 0x83, 0x57, 
	0x18, 0xc6, 0x18, 0xc6, 0x18, 0xc6, 0x18, 0xc6, 
	0x18, 0xc6, 0x18, 0xc6, 0x10, 0xc6, 0x31, 0x4a, 
	0x83, 0x57, 0x8b, 0x99, 0xf7, 0x27, 0xdd, 0xa1, 
	0x49, 0xcd, 0x52, 0x0f, 0x52, 0x4f, 0x52, 0x4f, 
	0x62, 0x91, 0x73, 0x15, 0xdd, 0xe3, 0xfe, 0xa3, 
	0xfe, 0xe5, 0xc5, 0x5d, 0x52, 0x0f, 0x6a, 0x91, 
	0x73, 0x15, 0x6a, 0xd3, 0x6a, 0xd3, 0x73, 0x15, 
	0xdd, 0x5f, 0xfe, 0x21, 0xa4, 0x1b, 0x9b, 0xd9, 
	0x52, 0x10, 0x18, 0xc6, 0x18, 0xc6, 0x18, 0xc6, 
	0x18, 0xc6, 0x18, 0xc6, 0x10, 0xc6, 0x7b, 0x16, 
	0x93, 0x99, 0x9b, 0xdb, 0xd5, 0x1f, 0xfd, 0xdf, 
	0xe5, 0x9f, 0x9b, 0xd7, 0x72, 0xd5, 0x94, 0x1f, 
	0xf7, 0x77, 0xef, 0x7b, 0xf6, 0xe9, 0xfe, 0xa3, 
	0xfe, 0xe5, 0xbd, 0x1d, 0x94, 0x1b, 0xe6, 0xf1, 
	0xff, 0xf5, 0xf6, 0x69, 0xcc, 0x9d, 0xed, 0x9f, 
	0xf5, 0x9f, 0xdd, 0x1f, 0xb4, 0x5d, 0xbc, 0x5d, 
	0x8b, 0x58, 0x18, 0xc6, 0x18, 0xc6, 0x18, 0xc6, 
	0x18, 0xc6, 0x18, 0xc6, 0x10, 0x86, 0x31, 0x4a, 
	0xa3, 0xd9, 0x93, 0x99, 0x93, 0x99, 0xc4, 0x9d, 
	0xfd, 0xdf, 0xed, 0xdf, 0xd5, 0x1d, 0xd5, 0x61, 
	0xf5, 0xe3, 0xfe, 0xab, 0xfe, 0xa7, 0xfe, 0x63, 
	0xfe, 0xe5, 0xc5, 0x1d, 0x9c, 0x1b, 0xf6, 0x67, 
	0xf5, 0xe1, 0xe5, 0x5d, 0xf5, 0xdf, 0xed, 0x9f, 
	0xc4, 0xdd, 0xb4, 0x1b, 0xb4, 0x1d, 0xa3, 0xdb, 
	0x31, 0x4a, 0x18, 0xc6, 0x18, 0xc6, 0x18, 0xc6, 
	0x18, 0xc6, 0x18, 0xc6, 0x18, 0xc6, 0x08, 0x84, 
	0x39, 0x8c, 0xa3, 0xd9, 0x9b, 0x99, 0x9b, 0x99, 
	0xa3, 0xdb, 0xc4, 0x9d, 0xe5, 0x9f, 0xf5, 0xdf, 
	0xf5, 0x9f, 0xed, 0x9d, 0xed, 0x9f, 0xed, 0x9f, 
	0xed, 0x9f, 0xed, 0x9f, 0xf5, 0x9f, 0xed, 0x9d, 
	0xed, 0x9f, 0xe5, 0x5f, 0xc4, 0x9d, 0xb4, 0x1b, 
	0xac, 0x1b, 0xbc, 0x1b, 0xb4, 0x5b, 0x39, 0x8a, 
	0x10, 0x84, 0x18, 0xc6, 0x18, 0xc6, 0x18, 0xc6, 
	0x18, 0xc6, 0x18, 0xc6, 0x18, 0xc6, 0x18, 0xc6, 
	0x10, 0x84, 0x31, 0x4a, 0x93, 0x99, 0xb4, 0x1b, 
	0xab, 0xd9, 0x9b, 0x99, 0x93, 0x99, 0xac, 0x1b, 
	0xc4, 0x9d, 0xcc, 0xdd, 0xd5, 0x1d, 0xdd, 0x5d, 
	0xdd, 0x5d, 0xd5, 0x1d, 0xd5, 0x1d, 0xc4, 0xdd, 
	0xb4, 0x5b, 0xac, 0x1b, 0xab, 0xdb, 0xb4, 0x1b, 
	0xb4, 0x5b, 0xa3, 0xd9, 0x39, 0x8c, 0x10, 0x84, 
	0x18, 0xc6, 0x18, 0xc6, 0x18, 0xc6, 0x18, 0xc6, 
	0x18, 0xc6, 0x18, 0xc6, 0x18, 0xc6, 0x18, 0xc6, 
	0x18, 0xc6, 0x10, 0x84, 0x18, 0xc6, 0x52, 0x50, 
	0x8b, 0x59, 0xa3, 0xdb, 0xab, 0xdb, 0xa3, 0xdb, 
	0xa3, 0xdb, 0x9b, 0xdb, 0x9b, 0xd9, 0xa3, 0xdb, 
	0xa3, 0xdb, 0xa3, 0xdb, 0xa3, 0xdb, 0xab, 0xdb, 
	0xac, 0x1b, 0xac, 0x1b, 0xa3, 0xdb, 0xa3, 0xd9, 
	0x62, 0x92, 0x31, 0x4a, 0x10, 0xc6, 0x18, 0xc6, 
	0x18, 0xc6, 0x18, 0xc6, 0x18, 0xc6, 0x18, 0xc6, 
	0x18, 0xc6, 0x18, 0xc6, 0x18, 0xc6, 0x18, 0xc6, 
	0x18, 0xc6, 0x18, 0xc6, 0x18, 0xc6, 0x10, 0x86, 
	0x29, 0x08, 0x39, 0x8c, 0x8b, 0x59, 0x93, 0x99, 
	0x93, 0x99, 0xa3, 0xdb, 0xac, 0x1b, 0xac, 0x1b, 
	0xb4, 0x5b, 0xac, 0x1b, 0x9b, 0xdb, 0x9b, 0xdb, 
	0x9b, 0xd9, 0x93, 0x99, 0x5a, 0x50, 0x29, 0x08, 
	0x18, 0xc6, 0x18, 0xc6, 0x18, 0xc6, 0x18, 0xc6, 
	0x18, 0xc6, 0x18, 0xc6, 0x18, 0xc6, 0x18, 0xc6, 
	0x18, 0xc6, 0x18, 0xc6, 0x18, 0xc6, 0x18, 0xc6, 
	0x18, 0xc6, 0x18, 0xc6, 0x18, 0xc6, 0x20, 0xc6, 
	0x21, 0x08, 0x21, 0x08, 0x18, 0xc6, 0x18, 0xc6, 
	0x18, 0xc6, 0x21, 0x08, 0x31, 0x4a, 0x31, 0x8a, 
	0x31, 0x8a, 0x29, 0x4a, 0x29, 0x08, 0x18, 0xc6, 
	0x10, 0x86, 0x10, 0x84, 0x10, 0xc6, 0x18, 0xc6, 
	0x18, 0xc6, 0x18, 0xc6, 0x18, 0xc6, 0x18, 0xc6, 
	0x18, 0xc6, 0x18, 0xc6, 0x18, 0xc6, 0x18, 0xc6, 
	0x4a, 0x52, 0x4a, 0x52, 0x4a, 0x52, 0x4a, 0x52, 
	0x4a, 0x52, 0x4a, 0x52, 0x4a, 0x52, 0x4a, 0x52, 
	0x42, 0x10, 0x42, 0x10, 0x39, 0xce, 0x42, 0x0e, 
	0x42, 0x50, 0x4a, 0x50, 0x4a, 0x10, 0x42, 0x10, 
	0x42, 0x0e, 0x31, 0x8c, 0x31, 0x8c, 0x42, 0x0e, 
	0x42, 0x10, 0x39, 0xcc, 0x31, 0x8a, 0x39, 0xcc, 
	0x4a, 0x52, 0x4a, 0x52, 0x4a, 0x52, 0x4a, 0x52, 
	0x4a, 0x52, 0x4a, 0x52, 0x4a, 0x52, 0x4a, 0x52, 
	
};

Vtx prince_valley_dl_cloud_tree_002_mesh_layer_1_vtx_cull[8] = {
	{{{-1388, -142, 868}, 0, {0, 0}, {0x00, 0x00, 0x00, 0x00}}},
	{{{-1388, 2252, 868}, 0, {0, 0}, {0x00, 0x00, 0x00, 0x00}}},
	{{{-1388, 2252, -1071}, 0, {0, 0}, {0x00, 0x00, 0x00, 0x00}}},
	{{{-1388, -142, -1071}, 0, {0, 0}, {0x00, 0x00, 0x00, 0x00}}},
	{{{770, -142, 868}, 0, {0, 0}, {0x00, 0x00, 0x00, 0x00}}},
	{{{770, 2252, 868}, 0, {0, 0}, {0x00, 0x00, 0x00, 0x00}}},
	{{{770, 2252, -1071}, 0, {0, 0}, {0x00, 0x00, 0x00, 0x00}}},
	{{{770, -142, -1071}, 0, {0, 0}, {0x00, 0x00, 0x00, 0x00}}},
};

Vtx prince_valley_dl_cloud_tree_002_mesh_layer_1_vtx_0[80] = {
	{{{-329, 1094, -168}, 0, {786, 381}, {0xF7, 0x82, 0xF6, 0xFF}}},
	{{{-329, 1094, 22}, 0, {1207, 144}, {0xF5, 0x82, 0x04, 0xFF}}},
	{{{-663, 1135, 341}, 0, {1322, -1168}, {0xE4, 0x8B, 0x28, 0xFF}}},
	{{{-663, 1135, -456}, 0, {-187, -25}, {0xE2, 0x8C, 0xD7, 0xFF}}},
	{{{-1116, 1212, 221}, 0, {152, -1314}, {0xD1, 0x8E, 0x1D, 0xFF}}},
	{{{-749, 1324, 475}, 0, {1122, -2029}, {0xD2, 0xCC, 0x6A, 0xFF}}},
	{{{-1305, 1316, 341}, 0, {-27, -1571}, {0xA5, 0xC6, 0x44, 0xFF}}},
	{{{-749, 1718, 475}, 0, {364, -3170}, {0xD0, 0x1F, 0x71, 0xFF}}},
	{{{-1388, 1818, 370}, 0, {-486, -1877}, {0xA1, 0x2B, 0x49, 0xFF}}},
	{{{-857, 2034, 206}, 0, {-1121, -2821}, {0xD1, 0x68, 0x37, 0xFF}}},
	{{{-1171, 2034, 196}, 0, {-845, -2081}, {0xD3, 0x70, 0x29, 0xFF}}},
	{{{-857, 2034, -326}, 0, {-2068, -1605}, {0xCB, 0x66, 0xCA, 0xFF}}},
	{{{-1171, 2034, -288}, 0, {-1323, -1611}, {0xCD, 0x6C, 0xD5, 0xFF}}},
	{{{-749, 1718, -634}, 0, {-2027, -101}, {0xBF, 0x1F, 0x97, 0xFF}}},
	{{{-1287, 1818, -402}, 0, {-1041, -1236}, {0xA3, 0x2A, 0xB5, 0xFF}}},
	{{{-749, 1324, -634}, 0, {-732, -43}, {0xC4, 0xCA, 0x9E, 0xFF}}},
	{{{-181, 1423, -1071}, 0, {-693, 934}, {0xF8, 0xD4, 0x89, 0xFF}}},
	{{{-181, 1818, -1071}, 0, {-974, 1116}, {0xF5, 0x24, 0x87, 0xFF}}},
	{{{-580, 2252, -441}, 0, {-1780, 1569}, {0xD1, 0x6F, 0xD7, 0xFF}}},
	{{{-857, 2034, -326}, 0, {-2770, 1439}, {0xCB, 0x66, 0xCA, 0xFF}}},
	{{{-857, 2034, 206}, 0, {-2335, 2788}, {0xD1, 0x68, 0x37, 0xFF}}},
	{{{-580, 2252, 315}, 0, {-1591, 2505}, {0xD2, 0x6D, 0x2E, 0xFF}}},
	{{{-749, 1718, 475}, 0, {-1478, 4022}, {0xD0, 0x1F, 0x71, 0xFF}}},
	{{{-96, 2187, 624}, 0, {-1050, 2533}, {0x05, 0x67, 0x4A, 0xFF}}},
	{{{-112, 1818, 868}, 0, {-750, 2736}, {0xFF, 0x22, 0x7A, 0xFF}}},
	{{{-749, 1324, 475}, 0, {-290, 4162}, {0xD2, 0xCC, 0x6A, 0xFF}}},
	{{{-112, 1264, 868}, 0, {-275, 2873}, {0x05, 0xCB, 0x73, 0xFF}}},
	{{{-663, 1135, 341}, 0, {451, 4002}, {0xE4, 0x8B, 0x28, 0xFF}}},
	{{{-165, 1133, 663}, 0, {-25, 2916}, {0xFE, 0x8E, 0x38, 0xFF}}},
	{{{-329, 1094, 22}, 0, {1322, 2928}, {0xF5, 0x82, 0x04, 0xFF}}},
	{{{-164, 1094, 117}, 0, {1000, 2463}, {0x06, 0x82, 0x0B, 0xFF}}},
	{{{526, 1212, 257}, 0, {-78, 2148}, {0x39, 0x92, 0x1A, 0xFF}}},
	{{{-164, 1094, 117}, 0, {1000, 2463}, {0x06, 0x82, 0x0B, 0xFF}}},
	{{{0, 1094, 22}, 0, {1027, 1983}, {0x17, 0x83, 0x06, 0xFF}}},
	{{{526, 1212, 257}, 0, {-78, 2148}, {0x39, 0x92, 0x1A, 0xFF}}},
	{{{460, 1198, -48}, 0, {-50, 1853}, {0x1B, 0x84, 0x00, 0xFF}}},
	{{{359, 1175, -51}, 0, {77, 1836}, {0x1C, 0x84, 0x00, 0xFF}}},
	{{{0, 1094, -168}, 0, {933, 1360}, {0x15, 0x83, 0xF3, 0xFF}}},
	{{{359, 1175, -115}, 0, {58, 1750}, {0x1C, 0x84, 0x00, 0xFF}}},
	{{{526, 1212, -456}, 0, {-177, 1498}, {0x36, 0x92, 0xDE, 0xFF}}},
	{{{-165, 1212, -854}, 0, {-432, 875}, {0x01, 0x94, 0xBD, 0xFF}}},
	{{{-164, 1094, -263}, 0, {747, 927}, {0x06, 0x83, 0xE9, 0xFF}}},
	{{{-663, 1135, -456}, 0, {-187, -25}, {0xE2, 0x8C, 0xD7, 0xFF}}},
	{{{-329, 1094, -168}, 0, {786, 381}, {0xF7, 0x82, 0xF6, 0xFF}}},
	{{{-749, 1324, -634}, 0, {-732, -43}, {0xC4, 0xCA, 0x9E, 0xFF}}},
	{{{-1305, 1423, -376}, 0, {-720, -940}, {0x9E, 0xD0, 0xBF, 0xFF}}},
	{{{-1116, 1212, -243}, 0, {-389, -761}, {0xCA, 0x91, 0xE3, 0xFF}}},
	{{{-1116, 1212, 221}, 0, {152, -1314}, {0xD1, 0x8E, 0x1D, 0xFF}}},
	{{{-1305, 1316, 341}, 0, {-27, -1571}, {0xA5, 0xC6, 0x44, 0xFF}}},
	{{{-1388, 1818, 370}, 0, {-486, -1877}, {0xA1, 0x2B, 0x49, 0xFF}}},
	{{{-1287, 1818, -402}, 0, {-1041, -1236}, {0xA3, 0x2A, 0xB5, 0xFF}}},
	{{{-1171, 2034, 196}, 0, {-845, -2081}, {0xD3, 0x70, 0x29, 0xFF}}},
	{{{-1171, 2034, -288}, 0, {-1323, -1611}, {0xCD, 0x6C, 0xD5, 0xFF}}},
	{{{-181, 1423, -1071}, 0, {-693, 934}, {0xF8, 0xD4, 0x89, 0xFF}}},
	{{{770, 1423, -562}, 0, {-414, 1599}, {0x67, 0xD1, 0xC7, 0xFF}}},
	{{{-181, 1818, -1071}, 0, {-974, 1116}, {0xF5, 0x24, 0x87, 0xFF}}},
	{{{770, 1818, -562}, 0, {-617, 1651}, {0x69, 0x26, 0xC4, 0xFF}}},
	{{{-148, 2187, -821}, 0, {-1205, 1390}, {0xFD, 0x68, 0xB7, 0xFF}}},
	{{{-580, 2252, -441}, 0, {-1780, 1569}, {0xD1, 0x6F, 0xD7, 0xFF}}},
	{{{-580, 2252, 315}, 0, {-1591, 2505}, {0xD2, 0x6D, 0x2E, 0xFF}}},
	{{{-96, 2187, 624}, 0, {-1050, 2533}, {0x05, 0x67, 0x4A, 0xFF}}},
	{{{562, 2094, -441}, 0, {-788, 1717}, {0x42, 0x67, 0xDE, 0xFF}}},
	{{{528, 2094, 237}, 0, {-777, 2090}, {0x42, 0x67, 0x23, 0xFF}}},
	{{{725, 1818, 348}, 0, {-571, 2115}, {0x69, 0x25, 0x3D, 0xFF}}},
	{{{725, 1818, 348}, 0, {-571, 2115}, {0x69, 0x25, 0x3D, 0xFF}}},
	{{{-96, 2187, 624}, 0, {-1050, 2533}, {0x05, 0x67, 0x4A, 0xFF}}},
	{{{-112, 1818, 868}, 0, {-750, 2736}, {0xFF, 0x22, 0x7A, 0xFF}}},
	{{{725, 1423, 348}, 0, {-320, 2142}, {0x67, 0xD1, 0x39, 0xFF}}},
	{{{-112, 1264, 868}, 0, {-275, 2873}, {0x05, 0xCB, 0x73, 0xFF}}},
	{{{526, 1212, 257}, 0, {-78, 2148}, {0x39, 0x92, 0x1A, 0xFF}}},
	{{{-165, 1133, 663}, 0, {-25, 2916}, {0xFE, 0x8E, 0x38, 0xFF}}},
	{{{770, 1423, -562}, 0, {-414, 1599}, {0x67, 0xD1, 0xC7, 0xFF}}},
	{{{526, 1212, -456}, 0, {-177, 1498}, {0x36, 0x92, 0xDE, 0xFF}}},
	{{{460, 1198, -98}, 0, {-57, 1798}, {0x1B, 0x84, 0x00, 0xFF}}},
	{{{460, 1198, -48}, 0, {-50, 1853}, {0x1B, 0x84, 0x00, 0xFF}}},
	{{{359, 1175, -115}, 0, {58, 1750}, {0x1C, 0x84, 0x00, 0xFF}}},
	{{{770, 1818, -562}, 0, {-617, 1651}, {0x69, 0x26, 0xC4, 0xFF}}},
	{{{562, 2094, -441}, 0, {-788, 1717}, {0x42, 0x67, 0xDE, 0xFF}}},
	{{{-148, 2187, -821}, 0, {-1205, 1390}, {0xFD, 0x68, 0xB7, 0xFF}}},
	{{{528, 2094, 237}, 0, {-777, 2090}, {0x42, 0x67, 0x23, 0xFF}}},
};

Gfx prince_valley_dl_cloud_tree_002_mesh_layer_1_tri_0[] = {
	gsSPVertex(prince_valley_dl_cloud_tree_002_mesh_layer_1_vtx_0 + 0, 32, 0),
	gsSP2Triangles(0, 1, 2, 0, 0, 2, 3, 0),
	gsSP2Triangles(3, 2, 4, 0, 4, 2, 5, 0),
	gsSP2Triangles(4, 5, 6, 0, 6, 5, 7, 0),
	gsSP2Triangles(6, 7, 8, 0, 8, 7, 9, 0),
	gsSP2Triangles(8, 9, 10, 0, 10, 9, 11, 0),
	gsSP2Triangles(10, 11, 12, 0, 13, 12, 11, 0),
	gsSP2Triangles(13, 14, 12, 0, 15, 14, 13, 0),
	gsSP2Triangles(16, 15, 13, 0, 16, 13, 17, 0),
	gsSP2Triangles(17, 13, 18, 0, 13, 19, 18, 0),
	gsSP2Triangles(18, 19, 20, 0, 18, 20, 21, 0),
	gsSP2Triangles(22, 21, 20, 0, 22, 23, 21, 0),
	gsSP2Triangles(22, 24, 23, 0, 25, 24, 22, 0),
	gsSP2Triangles(25, 26, 24, 0, 27, 26, 25, 0),
	gsSP2Triangles(27, 28, 26, 0, 29, 28, 27, 0),
	gsSP2Triangles(29, 30, 28, 0, 30, 31, 28, 0),
	gsSPVertex(prince_valley_dl_cloud_tree_002_mesh_layer_1_vtx_0 + 32, 32, 0),
	gsSP2Triangles(0, 1, 2, 0, 1, 3, 2, 0),
	gsSP2Triangles(1, 4, 3, 0, 5, 4, 1, 0),
	gsSP2Triangles(5, 6, 4, 0, 5, 7, 6, 0),
	gsSP2Triangles(5, 8, 7, 0, 5, 9, 8, 0),
	gsSP2Triangles(9, 10, 8, 0, 9, 11, 10, 0),
	gsSP2Triangles(8, 10, 12, 0, 10, 13, 12, 0),
	gsSP2Triangles(10, 14, 13, 0, 10, 15, 14, 0),
	gsSP2Triangles(14, 15, 16, 0, 14, 16, 13, 0),
	gsSP2Triangles(13, 16, 17, 0, 13, 17, 18, 0),
	gsSP2Triangles(18, 17, 19, 0, 18, 19, 20, 0),
	gsSP2Triangles(12, 13, 18, 0, 8, 12, 21, 0),
	gsSP2Triangles(7, 8, 21, 0, 7, 21, 22, 0),
	gsSP2Triangles(22, 21, 23, 0, 22, 23, 24, 0),
	gsSP2Triangles(24, 23, 25, 0, 23, 26, 25, 0),
	gsSP2Triangles(27, 25, 26, 0, 27, 28, 25, 0),
	gsSP2Triangles(28, 29, 25, 0, 28, 30, 29, 0),
	gsSP1Triangle(31, 30, 28, 0),
	gsSPVertex(prince_valley_dl_cloud_tree_002_mesh_layer_1_vtx_0 + 64, 16, 0),
	gsSP2Triangles(0, 1, 2, 0, 3, 0, 2, 0),
	gsSP2Triangles(3, 2, 4, 0, 5, 3, 4, 0),
	gsSP2Triangles(5, 4, 6, 0, 5, 7, 3, 0),
	gsSP2Triangles(5, 8, 7, 0, 5, 9, 8, 0),
	gsSP2Triangles(5, 10, 9, 0, 8, 9, 11, 0),
	gsSP2Triangles(3, 7, 12, 0, 3, 12, 0, 0),
	gsSP2Triangles(0, 12, 13, 0, 12, 14, 13, 0),
	gsSP1Triangle(0, 13, 15, 0),
	gsSPEndDisplayList(),
};

Vtx prince_valley_dl_cloud_tree_002_mesh_layer_1_vtx_1[63] = {
	{{{17, -142, 198}, 0, {1895, 1677}, {0x00, 0x81, 0x00, 0xFF}}},
	{{{-154, -142, 99}, 0, {1729, 1772}, {0x00, 0x81, 0x00, 0xFF}}},
	{{{-154, -142, -99}, 0, {1729, 1963}, {0x00, 0x81, 0x00, 0xFF}}},
	{{{17, -142, -198}, 0, {1895, 2059}, {0x00, 0x81, 0x00, 0xFF}}},
	{{{189, -142, 99}, 0, {2060, 1772}, {0x00, 0x81, 0x00, 0xFF}}},
	{{{189, -142, -99}, 0, {2060, 1963}, {0x00, 0x81, 0x00, 0xFF}}},
	{{{-52, 954, -83}, 0, {2160, 2514}, {0x3C, 0x08, 0x91, 0xFF}}},
	{{{-164, 1094, -263}, 0, {1980, 2385}, {0x03, 0xB5, 0x9A, 0xFF}}},
	{{{0, 1094, -168}, 0, {2014, 2547}, {0x59, 0xBE, 0xC2, 0xFF}}},
	{{{-200, 895, -123}, 0, {2213, 2365}, {0xE3, 0xE0, 0x89, 0xFF}}},
	{{{122, 817, -75}, 0, {2251, 2760}, {0x58, 0xFD, 0xA4, 0xFF}}},
	{{{200, 1063, -99}, 0, {1965, 2660}, {0xD8, 0x43, 0x9C, 0xFF}}},
	{{{322, 966, -93}, 0, {1963, 2785}, {0x48, 0xB9, 0xB3, 0xFF}}},
	{{{359, 1175, -115}, 0, {1810, 2709}, {0xE3, 0x27, 0x8B, 0xFF}}},
	{{{460, 1198, -98}, 0, {1744, 2772}, {0x62, 0xC0, 0xCE, 0xFF}}},
	{{{311, 975, 41}, 0, {1966, 2897}, {0x4E, 0xDB, 0x5D, 0xFF}}},
	{{{460, 1198, -48}, 0, {1742, 2816}, {0x69, 0xD7, 0x3A, 0xFF}}},
	{{{223, 1089, 11}, 0, {1887, 3001}, {0xE1, 0x63, 0x49, 0xFF}}},
	{{{359, 1175, -51}, 0, {1777, 2898}, {0xDD, 0x5D, 0x4F, 0xFF}}},
	{{{200, 1063, -99}, 0, {1808, 3060}, {0xD8, 0x43, 0x9C, 0xFF}}},
	{{{359, 1175, -115}, 0, {1729, 2920}, {0xE3, 0x27, 0x8B, 0xFF}}},
	{{{-52, 954, -83}, 0, {1858, 3294}, {0x3C, 0x08, 0x91, 0xFF}}},
	{{{-19, 991, 74}, 0, {2062, 3274}, {0x3A, 0x42, 0x5C, 0xFF}}},
	{{{0, 1094, -168}, 0, {1817, 3456}, {0x59, 0xBE, 0xC2, 0xFF}}},
	{{{0, 1094, 22}, 0, {1993, 3407}, {0x78, 0xF7, 0x27, 0xFF}}},
	{{{-170, 970, 190}, 0, {2259, 3413}, {0xFB, 0x23, 0x7A, 0xFF}}},
	{{{-164, 1094, 117}, 0, {2158, 3480}, {0x07, 0x3E, 0x6F, 0xFF}}},
	{{{-318, 911, 149}, 0, {2355, 3515}, {0x9F, 0xF7, 0x52, 0xFF}}},
	{{{-329, 1094, 22}, 0, {2210, 3629}, {0x8F, 0x22, 0x30, 0xFF}}},
	{{{-229, 733, 97}, 0, {2482, 3399}, {0xA3, 0xC6, 0x40, 0xFF}}},
	{{{-80, 786, 200}, 0, {2376, 3260}, {0x01, 0x02, 0x7F, 0xFF}}},
	{{{-154, 588, 99}, 0, {2584, 3312}, {0x97, 0xE6, 0x42, 0xFF}}},
	{{{-154, 588, 99}, 0, {2584, 3312}, {0x97, 0xE6, 0x42, 0xFF}}},
	{{{17, 588, 198}, 0, {2555, 3139}, {0x07, 0x00, 0x7F, 0xFF}}},
	{{{-80, 786, 200}, 0, {2376, 3260}, {0x01, 0x02, 0x7F, 0xFF}}},
	{{{-154, -142, 99}, 0, {3224, 3291}, {0x92, 0x00, 0x3F, 0xFF}}},
	{{{17, -142, 198}, 0, {3218, 3117}, {0x00, 0x00, 0x7F, 0xFF}}},
	{{{189, 588, 99}, 0, {2548, 2955}, {0x6E, 0x10, 0x3E, 0xFF}}},
	{{{189, -142, 99}, 0, {3214, 2943}, {0x6E, 0x00, 0x3F, 0xFF}}},
	{{{189, 588, -99}, 0, {2547, 2768}, {0x6E, 0x13, 0xC3, 0xFF}}},
	{{{189, -142, -99}, 0, {3213, 2762}, {0x6E, 0x00, 0xC1, 0xFF}}},
	{{{17, 588, -198}, 0, {2538, 2581}, {0x06, 0x07, 0x81, 0xFF}}},
	{{{17, -142, -198}, 0, {3212, 2578}, {0x00, 0x00, 0x81, 0xFF}}},
	{{{-154, 588, -99}, 0, {2532, 2384}, {0x98, 0xEE, 0xB9, 0xFF}}},
	{{{-154, -142, -99}, 0, {3216, 2408}, {0x92, 0x00, 0xC1, 0xFF}}},
	{{{-154, 588, 99}, 0, {2569, 2202}, {0x97, 0xE6, 0x42, 0xFF}}},
	{{{-154, -142, 99}, 0, {3224, 2230}, {0x92, 0x00, 0x3F, 0xFF}}},
	{{{-229, 733, 97}, 0, {2432, 2165}, {0xA3, 0xC6, 0x40, 0xFF}}},
	{{{-213, 719, -93}, 0, {2394, 2340}, {0x9F, 0xD7, 0xB9, 0xFF}}},
	{{{-318, 911, 149}, 0, {2290, 2059}, {0x9F, 0xF7, 0x52, 0xFF}}},
	{{{-351, 874, -7}, 0, {2254, 2192}, {0x8C, 0xD6, 0xE3, 0xFF}}},
	{{{-329, 1094, 22}, 0, {2100, 2084}, {0x8F, 0x22, 0x30, 0xFF}}},
	{{{-329, 1094, -168}, 0, {2026, 2234}, {0xA0, 0xD5, 0xB9, 0xFF}}},
	{{{-200, 895, -123}, 0, {2213, 2365}, {0xE3, 0xE0, 0x89, 0xFF}}},
	{{{-164, 1094, -263}, 0, {1980, 2385}, {0x03, 0xB5, 0x9A, 0xFF}}},
	{{{-28, 763, -178}, 0, {2362, 2543}, {0x03, 0x19, 0x83, 0xFF}}},
	{{{122, 817, -75}, 0, {2251, 2760}, {0x58, 0xFD, 0xA4, 0xFF}}},
	{{{106, 830, 116}, 0, {2251, 3038}, {0x51, 0x10, 0x60, 0xFF}}},
	{{{322, 966, -93}, 0, {1963, 2785}, {0x48, 0xB9, 0xB3, 0xFF}}},
	{{{311, 975, 41}, 0, {1966, 2897}, {0x4E, 0xDB, 0x5D, 0xFF}}},
	{{{-19, 991, 74}, 0, {2062, 3274}, {0x3A, 0x42, 0x5C, 0xFF}}},
	{{{223, 1089, 11}, 0, {1887, 3001}, {0xE1, 0x63, 0x49, 0xFF}}},
	{{{-170, 970, 190}, 0, {2259, 3413}, {0xFB, 0x23, 0x7A, 0xFF}}},
};

Gfx prince_valley_dl_cloud_tree_002_mesh_layer_1_tri_1[] = {
	gsSPVertex(prince_valley_dl_cloud_tree_002_mesh_layer_1_vtx_1 + 0, 32, 0),
	gsSP2Triangles(0, 1, 2, 0, 0, 2, 3, 0),
	gsSP2Triangles(4, 0, 3, 0, 4, 3, 5, 0),
	gsSP2Triangles(6, 7, 8, 0, 6, 9, 7, 0),
	gsSP2Triangles(10, 9, 6, 0, 10, 6, 11, 0),
	gsSP2Triangles(10, 11, 12, 0, 12, 11, 13, 0),
	gsSP2Triangles(12, 13, 14, 0, 15, 12, 14, 0),
	gsSP2Triangles(15, 14, 16, 0, 17, 15, 16, 0),
	gsSP2Triangles(17, 16, 18, 0, 19, 17, 18, 0),
	gsSP2Triangles(19, 18, 20, 0, 21, 17, 19, 0),
	gsSP2Triangles(21, 22, 17, 0, 22, 21, 23, 0),
	gsSP2Triangles(22, 23, 24, 0, 25, 22, 24, 0),
	gsSP2Triangles(25, 24, 26, 0, 27, 25, 26, 0),
	gsSP2Triangles(27, 26, 28, 0, 29, 25, 27, 0),
	gsSP2Triangles(29, 30, 25, 0, 31, 30, 29, 0),
	gsSPVertex(prince_valley_dl_cloud_tree_002_mesh_layer_1_vtx_1 + 32, 31, 0),
	gsSP2Triangles(0, 1, 2, 0, 3, 1, 0, 0),
	gsSP2Triangles(3, 4, 1, 0, 4, 5, 1, 0),
	gsSP2Triangles(4, 6, 5, 0, 6, 7, 5, 0),
	gsSP2Triangles(6, 8, 7, 0, 8, 9, 7, 0),
	gsSP2Triangles(8, 10, 9, 0, 10, 11, 9, 0),
	gsSP2Triangles(10, 12, 11, 0, 12, 13, 11, 0),
	gsSP2Triangles(12, 14, 13, 0, 11, 13, 15, 0),
	gsSP2Triangles(11, 15, 16, 0, 16, 15, 17, 0),
	gsSP2Triangles(16, 17, 18, 0, 18, 17, 19, 0),
	gsSP2Triangles(18, 19, 20, 0, 21, 18, 20, 0),
	gsSP2Triangles(21, 20, 22, 0, 23, 18, 21, 0),
	gsSP2Triangles(23, 16, 18, 0, 9, 16, 23, 0),
	gsSP2Triangles(7, 9, 23, 0, 7, 23, 24, 0),
	gsSP2Triangles(24, 23, 21, 0, 5, 7, 24, 0),
	gsSP2Triangles(5, 24, 25, 0, 25, 24, 26, 0),
	gsSP2Triangles(25, 26, 27, 0, 28, 25, 27, 0),
	gsSP2Triangles(28, 27, 29, 0, 2, 25, 28, 0),
	gsSP2Triangles(1, 25, 2, 0, 1, 5, 25, 0),
	gsSP2Triangles(2, 28, 30, 0, 9, 11, 16, 0),
	gsSPEndDisplayList(),
};

Vtx prince_valley_dl_terrain_mesh_layer_1_vtx_cull[8] = {
	{{{-16022, -5613, 16431}, 0, {0, 0}, {0x00, 0x00, 0x00, 0x00}}},
	{{{-16022, 7719, 16431}, 0, {0, 0}, {0x00, 0x00, 0x00, 0x00}}},
	{{{-16022, 7719, -16799}, 0, {0, 0}, {0x00, 0x00, 0x00, 0x00}}},
	{{{-16022, -5613, -16799}, 0, {0, 0}, {0x00, 0x00, 0x00, 0x00}}},
	{{{17115, -5613, 16431}, 0, {0, 0}, {0x00, 0x00, 0x00, 0x00}}},
	{{{17115, 7719, 16431}, 0, {0, 0}, {0x00, 0x00, 0x00, 0x00}}},
	{{{17115, 7719, -16799}, 0, {0, 0}, {0x00, 0x00, 0x00, 0x00}}},
	{{{17115, -5613, -16799}, 0, {0, 0}, {0x00, 0x00, 0x00, 0x00}}},
};

Vtx prince_valley_dl_terrain_mesh_layer_1_vtx_0[120] = {
	{{{-3640, -157, -11212}, 0, {-23478, -16758}, {0x36, 0x62, 0xC4, 0xFF}}},
	{{{-3386, -68, -11008}, 0, {-23404, -16310}, {0x67, 0x30, 0xC7, 0xFF}}},
	{{{-3249, -480, -11393}, 0, {-22754, -16742}, {0x43, 0x6C, 0xF8, 0xFF}}},
	{{{-3789, -157, -11474}, 0, {-23497, -17164}, {0x3F, 0x6E, 0x04, 0xFF}}},
	{{{-3093, -403, -11977}, 0, {-22301, -17458}, {0x38, 0x6B, 0x28, 0xFF}}},
	{{{-2951, -527, -11951}, 0, {-22086, -17305}, {0x2C, 0x67, 0x3B, 0xFF}}},
	{{{-2373, -431, -12321}, 0, {-21221, -17718}, {0x0B, 0x7C, 0x1A, 0xFF}}},
	{{{-1879, -496, -11841}, 0, {-20651, -16955}, {0xF9, 0x7B, 0x1E, 0xFF}}},
	{{{-1419, -431, -12181}, 0, {-19965, -17312}, {0xFF, 0x7F, 0x09, 0xFF}}},
	{{{-1688, -431, -13214}, 0, {-20071, -18737}, {0x16, 0x7C, 0x0F, 0xFF}}},
	{{{-881, -431, -12475}, 0, {-19185, -17571}, {0x00, 0x7F, 0x00, 0xFF}}},
	{{{-2659, 0, -13530}, 0, {-21334, -19503}, {0x21, 0x7A, 0x06, 0xFF}}},
	{{{-3008, 0, -14278}, 0, {-21592, -20572}, {0x10, 0x7E, 0xFF, 0xFF}}},
	{{{-1329, 0, -15092}, 0, {-19185, -21193}, {0x06, 0x7E, 0x0D, 0xFF}}},
	{{{-3724, 0, -15027}, 0, {-22325, -21738}, {0x10, 0x7E, 0xFE, 0xFF}}},
	{{{-2611, 0, -16549}, 0, {-20480, -23435}, {0x00, 0x7F, 0x00, 0xFF}}},
	{{{-3724, 0, -16549}, 0, {-21937, -23723}, {0x0F, 0x7E, 0x00, 0xFF}}},
	{{{-4727, 327, -15781}, 0, {-23512, -22985}, {0x25, 0x79, 0x03, 0xFF}}},
	{{{-4954, 327, -14530}, 0, {-24107, -21400}, {0x26, 0x79, 0x0B, 0xFF}}},
	{{{-4446, 73, -14080}, 0, {-23508, -20645}, {0x1C, 0x7C, 0x05, 0xFF}}},
	{{{-5019, 278, -13203}, 0, {-24565, -19677}, {0x0C, 0x7E, 0xFC, 0xFF}}},
	{{{-5636, 278, -12826}, 0, {-25483, -19358}, {0x01, 0x7F, 0x01, 0xFF}}},
	{{{-4492, 278, -12840}, 0, {-23997, -19048}, {0x2F, 0x76, 0xF9, 0xFF}}},
	{{{-4769, 278, -11832}, 0, {-24611, -17773}, {0xFE, 0x7E, 0xF1, 0xFF}}},
	{{{-5636, 278, -11686}, 0, {-25820, -17860}, {0x00, 0x7F, 0x00, 0xFF}}},
	{{{-5011, 278, -11083}, 0, {-25204, -16858}, {0xE9, 0x7D, 0xF9, 0xFF}}},
	{{{-4278, 545, -11255}, 0, {-24124, -16770}, {0xF3, 0x77, 0xD5, 0xFF}}},
	{{{-4351, 213, -11957}, 0, {-23999, -17830}, {0x06, 0x77, 0xD4, 0xFF}}},
	{{{-4289, 115, -12292}, 0, {-23806, -18271}, {0x1E, 0x7B, 0xF3, 0xFF}}},
	{{{-4288, 65, -12815}, 0, {-23621, -18947}, {0x5C, 0x58, 0xFD, 0xFF}}},
	{{{-4284, 73, -13463}, 0, {-23488, -19797}, {0x27, 0x78, 0xF2, 0xFF}}},
	{{{-3691, 73, -14608}, 0, {-22406, -21178}, {0x05, 0x7E, 0xF1, 0xFF}}},
	{{{-3003, -175, -12903}, 0, {-21926, -18717}, {0x14, 0x7A, 0x1E, 0xFF}}},
	{{{-2373, -431, -12321}, 0, {-21221, -17718}, {0x0B, 0x7C, 0x1A, 0xFF}}},
	{{{-2659, 0, -13530}, 0, {-21334, -19503}, {0x21, 0x7A, 0x06, 0xFF}}},
	{{{-3093, -403, -11977}, 0, {-22301, -17458}, {0x38, 0x6B, 0x28, 0xFF}}},
	{{{-3789, 65, -12455}, 0, {-23155, -18473}, {0x1A, 0x7B, 0xF1, 0xFF}}},
	{{{-3789, -157, -11474}, 0, {-23497, -17164}, {0x3F, 0x6E, 0x04, 0xFF}}},
	{{{-3459, 895, -10016}, 0, {-6597, -16310}, {0x02, 0x7F, 0xFC, 0xFF}}},
	{{{-3593, 895, -10491}, 0, {-6305, -16904}, {0x00, 0x7F, 0x00, 0xFF}}},
	{{{-4015, 895, -10794}, 0, {-6455, -17586}, {0x00, 0x7F, 0x00, 0xFF}}},
	{{{-4648, 895, -10479}, 0, {-7371, -17838}, {0x05, 0x7F, 0xFB, 0xFF}}},
	{{{-4278, 895, -11255}, 0, {-6305, -18283}, {0x00, 0x7F, 0x00, 0xFF}}},
	{{{-5011, 895, -11083}, 0, {-7193, -18767}, {0xF9, 0x7F, 0xFF, 0xFF}}},
	{{{-5281, 960, -10163}, 0, {-8290, -18089}, {0x00, 0x7F, 0xF6, 0xFF}}},
	{{{-5636, 801, -10868}, 0, {-8011, -19134}, {0xEC, 0x7D, 0xFE, 0xFF}}},
	{{{-5636, 895, -11686}, 0, {-7246, -19933}, {0xF2, 0x7D, 0x0E, 0xFF}}},
	{{{-4723, 960, -9600}, 0, {-8237, -17026}, {0x06, 0x7F, 0xF7, 0xFF}}},
	{{{-3459, 1772, -10016}, 0, {-1468, -18353}, {0x00, 0x7F, 0x00, 0xFF}}},
	{{{-3901, 1772, -9349}, 0, {-2170, -19167}, {0x00, 0x7F, 0x00, 0xFF}}},
	{{{-3291, 1772, -9419}, 0, {-2301, -18353}, {0x00, 0x7F, 0x00, 0xFF}}},
	{{{-4119, 1772, -9804}, 0, {-1503, -19283}, {0x00, 0x7F, 0x00, 0xFF}}},
	{{{1073, 1482, -9952}, 0, {14862, -14355}, {0xFC, 0x7F, 0x07, 0xFF}}},
	{{{1067, 1450, -9381}, 0, {15569, -14655}, {0xFD, 0x7F, 0x06, 0xFF}}},
	{{{1710, 1484, -9726}, 0, {14797, -15260}, {0xFD, 0x7F, 0x07, 0xFF}}},
	{{{-22, 1482, -10738}, 0, {14486, -12585}, {0xFE, 0x7F, 0x04, 0xFF}}},
	{{{-917, 1450, -10065}, 0, {15797, -11846}, {0xFF, 0x7F, 0x04, 0xFF}}},
	{{{-5636, 278, -12826}, 0, {-3437, -10918}, {0x78, 0x04, 0x2A, 0xFF}}},
	{{{-5058, 1013, -14530}, 0, {-5246, -12799}, {0x7B, 0x0E, 0x1A, 0xFF}}},
	{{{-5636, 2278, -12826}, 0, {-5932, -9926}, {0x78, 0x00, 0x29, 0xFF}}},
	{{{-4954, 327, -14530}, 0, {-4399, -13188}, {0x7A, 0x19, 0x1B, 0xFF}}},
	{{{-5058, 1001, -15781}, 0, {-5933, -14332}, {0x6D, 0x2D, 0x2F, 0xFF}}},
	{{{-4727, 327, -15781}, 0, {-5026, -14776}, {0x63, 0x33, 0x3D, 0xFF}}},
	{{{-4062, 1001, -16799}, 0, {-6203, -16226}, {0x32, 0x2A, 0x6D, 0xFF}}},
	{{{-4727, 327, -15781}, 0, {-5026, -14776}, {0x63, 0x33, 0x3D, 0xFF}}},
	{{{-3724, 0, -16549}, 0, {-4772, -16510}, {0x22, 0x28, 0x74, 0xFF}}},
	{{{-4062, 1001, -16799}, 0, {-6203, -16226}, {0x32, 0x2A, 0x6D, 0xFF}}},
	{{{-2611, 0, -16549}, 0, {-4593, -17994}, {0xDB, 0x30, 0x70, 0xFF}}},
	{{{-2060, 1001, -16799}, 0, {-5880, -18896}, {0xC0, 0x2C, 0x65, 0xFF}}},
	{{{-1329, 0, -15092}, 0, {-3437, -20331}, {0x93, 0x17, 0x3C, 0xFF}}},
	{{{-1329, 1001, -15092}, 0, {-4586, -21028}, {0x8B, 0x00, 0x32, 0xFF}}},
	{{{-881, 1001, -12475}, 0, {3332, -11143}, {0x00, 0x7F, 0x00, 0xFF}}},
	{{{-1329, 1001, -15092}, 0, {-25, -10013}, {0x00, 0x7F, 0x00, 0xFF}}},
	{{{-1688, 1001, -13214}, 0, {2525, -9926}, {0x00, 0x7F, 0x00, 0xFF}}},
	{{{-184, 1001, -13427}, 0, {1934, -11866}, {0x13, 0x7C, 0xEC, 0xFF}}},
	{{{-184, 1001, -12757}, 0, {2817, -12004}, {0x00, 0x7F, 0x00, 0xFF}}},
	{{{569, 1001, -12757}, 0, {2662, -12996}, {0x1C, 0x78, 0xE1, 0xFF}}},
	{{{489, 457, -13859}, 0, {1031, -12788}, {0x18, 0x7B, 0xED, 0xFF}}},
	{{{-184, 457, -14569}, 0, {249, -11743}, {0x22, 0x73, 0x29, 0xFF}}},
	{{{821, 356, -14732}, 0, {-199, -13032}, {0x15, 0x7D, 0x05, 0xFF}}},
	{{{921, 457, -14067}, 0, {662, -13306}, {0x13, 0x7E, 0xFB, 0xFF}}},
	{{{569, 294, -12757}, 0, {2482, -13184}, {0x14, 0x7C, 0x15, 0xFF}}},
	{{{2373, -102, -12323}, 0, {2605, -15756}, {0x0F, 0x7E, 0x06, 0xFF}}},
	{{{1949, 89, -14304}, 0, {72, -14671}, {0x21, 0x7B, 0x00, 0xFF}}},
	{{{3182, -102, -14417}, 0, {-386, -16305}, {0x0A, 0x7F, 0x04, 0xFF}}},
	{{{3219, -102, -12059}, 0, {2743, -16949}, {0x00, 0x7F, 0x00, 0xFF}}},
	{{{4245, -102, -13073}, 0, {1135, -18059}, {0x00, 0x7F, 0x00, 0xFF}}},
	{{{4004, -102, -11800}, 0, {2890, -18059}, {0x00, 0x7F, 0x00, 0xFF}}},
	{{{-184, 1001, -14912}, 0, {-562, -11462}, {0x18, 0x42, 0x6A, 0xFF}}},
	{{{-184, 1001, -14912}, 0, {-24, -11559}, {0x00, 0x7F, 0x00, 0xFF}}},
	{{{6387, 1246, -14065}, 0, {15875, 20979}, {0x18, 0x61, 0x4E, 0xFF}}},
	{{{10128, 2569, -14888}, 0, {13147, 15842}, {0xFE, 0x17, 0x7D, 0xFF}}},
	{{{6387, 3207, -14516}, 0, {13006, 21313}, {0x11, 0x1C, 0x7B, 0xFF}}},
	{{{10128, 229, -14473}, 0, {16201, 15878}, {0x06, 0x60, 0x53, 0xFF}}},
	{{{13796, 2224, -14043}, 0, {14797, 10770}, {0xB1, 0x23, 0x5D, 0xFF}}},
	{{{13508, 229, -13449}, 0, {17292, 12056}, {0xC3, 0x5E, 0x3B, 0xFF}}},
	{{{13508, 229, -13449}, 0, {17292, 12056}, {0xC3, 0x5E, 0x3B, 0xFF}}},
	{{{15670, 2224, -8762}, 0, {21023, 6415}, {0x86, 0x1E, 0xEE, 0xFF}}},
	{{{13796, 2224, -14043}, 0, {14797, 10770}, {0xB1, 0x23, 0x5D, 0xFF}}},
	{{{15204, 229, -8828}, 0, {21886, 9073}, {0xA8, 0x5B, 0xF4, 0xFF}}},
	{{{14218, 2224, -6795}, 0, {24820, 6303}, {0x9C, 0x19, 0xB6, 0xFF}}},
	{{{13886, 229, -7017}, 0, {24711, 9470}, {0xD3, 0x73, 0xE1, 0xFF}}},
	{{{-1128, 2878, -8708}, 0, {3332, -20483}, {0x53, 0x48, 0xC1, 0xFF}}},
	{{{-917, 1450, -10065}, 0, {6055, -20899}, {0x28, 0x56, 0xAC, 0xFF}}},
	{{{-1202, 2878, -9066}, 0, {3685, -20824}, {0x76, 0x29, 0xE8, 0xFF}}},
	{{{1067, 1450, -9381}, 0, {6055, -18081}, {0x1E, 0x57, 0xA9, 0xFF}}},
	{{{-22, 163, -10738}, 0, {8657, -11896}, {0x07, 0x7C, 0x19, 0xFF}}},
	{{{689, 294, -12148}, 0, {6760, -12881}, {0x0F, 0x7D, 0x0F, 0xFF}}},
	{{{-50, 447, -12135}, 0, {6732, -11875}, {0x23, 0x78, 0x18, 0xFF}}},
	{{{673, 153, -10234}, 0, {9344, -12834}, {0xF9, 0x7E, 0x0C, 0xFF}}},
	{{{2127, 107, -11705}, 0, {7387, -14815}, {0x0B, 0x7F, 0x01, 0xFF}}},
	{{{1073, 164, -9952}, 0, {9727, -13370}, {0xF9, 0x7F, 0xFE, 0xFF}}},
	{{{1710, 232, -9726}, 0, {10045, -14226}, {0x1D, 0x54, 0xA5, 0xFF}}},
	{{{3063, 16, -10416}, 0, {9123, -16071}, {0x29, 0x59, 0xB0, 0xFF}}},
	{{{3657, 48, -10329}, 0, {9271, -16865}, {0xA6, 0x19, 0xAA, 0xFF}}},
	{{{-634, 635, -11919}, 0, {6958, -11036}, {0xF5, 0x79, 0x26, 0xFF}}},
	{{{-401, 128, -10456}, 0, {9038, -11380}, {0xDE, 0x74, 0x26, 0xFF}}},
	{{{-1227, -149, -11577}, 0, {7800, -9926}, {0xB3, 0x5E, 0x26, 0xFF}}},
	{{{-700, -230, -10065}, 0, {9686, -10905}, {0xDC, 0x7A, 0x09, 0xFF}}},
	{{{-952, -230, -9563}, 0, {10394, -10675}, {0xEB, 0x7D, 0xF5, 0xFF}}},
};

Gfx prince_valley_dl_terrain_mesh_layer_1_tri_0[] = {
	gsSPVertex(prince_valley_dl_terrain_mesh_layer_1_vtx_0 + 0, 32, 0),
	gsSP2Triangles(0, 1, 2, 0, 3, 0, 2, 0),
	gsSP2Triangles(2, 4, 3, 0, 2, 5, 4, 0),
	gsSP2Triangles(5, 6, 4, 0, 5, 7, 6, 0),
	gsSP2Triangles(6, 7, 8, 0, 6, 8, 9, 0),
	gsSP2Triangles(8, 10, 9, 0, 6, 9, 11, 0),
	gsSP2Triangles(12, 11, 9, 0, 12, 9, 13, 0),
	gsSP2Triangles(12, 13, 14, 0, 14, 13, 15, 0),
	gsSP2Triangles(14, 15, 16, 0, 14, 16, 17, 0),
	gsSP2Triangles(14, 17, 18, 0, 19, 14, 18, 0),
	gsSP2Triangles(20, 19, 18, 0, 20, 18, 21, 0),
	gsSP2Triangles(22, 20, 21, 0, 22, 21, 23, 0),
	gsSP2Triangles(23, 21, 24, 0, 23, 24, 25, 0),
	gsSP2Triangles(26, 23, 25, 0, 26, 27, 23, 0),
	gsSP2Triangles(23, 27, 28, 0, 23, 28, 22, 0),
	gsSP2Triangles(29, 22, 28, 0, 30, 22, 29, 0),
	gsSP2Triangles(30, 20, 22, 0, 20, 30, 19, 0),
	gsSP2Triangles(19, 31, 14, 0, 12, 14, 31, 0),
	gsSPVertex(prince_valley_dl_terrain_mesh_layer_1_vtx_0 + 32, 32, 0),
	gsSP2Triangles(0, 1, 2, 0, 0, 3, 1, 0),
	gsSP2Triangles(4, 3, 0, 0, 4, 5, 3, 0),
	gsSP2Triangles(6, 7, 8, 0, 9, 6, 8, 0),
	gsSP2Triangles(10, 9, 8, 0, 10, 11, 9, 0),
	gsSP2Triangles(11, 12, 9, 0, 11, 13, 12, 0),
	gsSP2Triangles(11, 14, 13, 0, 9, 12, 15, 0),
	gsSP2Triangles(9, 15, 6, 0, 16, 17, 18, 0),
	gsSP2Triangles(16, 19, 17, 0, 20, 21, 22, 0),
	gsSP2Triangles(23, 21, 20, 0, 23, 24, 21, 0),
	gsSP2Triangles(25, 26, 27, 0, 25, 28, 26, 0),
	gsSP2Triangles(28, 29, 26, 0, 28, 30, 29, 0),
	gsSP1Triangle(30, 31, 29, 0),
	gsSPVertex(prince_valley_dl_terrain_mesh_layer_1_vtx_0 + 64, 32, 0),
	gsSP2Triangles(0, 1, 2, 0, 3, 2, 1, 0),
	gsSP2Triangles(3, 4, 2, 0, 5, 4, 3, 0),
	gsSP2Triangles(5, 6, 4, 0, 7, 8, 9, 0),
	gsSP2Triangles(8, 7, 10, 0, 7, 11, 10, 0),
	gsSP2Triangles(11, 12, 10, 0, 13, 10, 12, 0),
	gsSP2Triangles(13, 14, 10, 0, 13, 15, 14, 0),
	gsSP2Triangles(13, 16, 15, 0, 16, 13, 17, 0),
	gsSP2Triangles(16, 17, 18, 0, 16, 18, 19, 0),
	gsSP2Triangles(18, 20, 19, 0, 18, 21, 20, 0),
	gsSP2Triangles(21, 22, 20, 0, 21, 23, 22, 0),
	gsSP2Triangles(16, 19, 15, 0, 15, 24, 14, 0),
	gsSP2Triangles(10, 25, 8, 0, 26, 27, 28, 0),
	gsSP2Triangles(26, 29, 27, 0, 29, 30, 27, 0),
	gsSP1Triangle(29, 31, 30, 0),
	gsSPVertex(prince_valley_dl_terrain_mesh_layer_1_vtx_0 + 96, 24, 0),
	gsSP2Triangles(0, 1, 2, 0, 0, 3, 1, 0),
	gsSP2Triangles(3, 4, 1, 0, 3, 5, 4, 0),
	gsSP2Triangles(6, 7, 8, 0, 6, 9, 7, 0),
	gsSP2Triangles(10, 11, 12, 0, 10, 13, 11, 0),
	gsSP2Triangles(13, 14, 11, 0, 13, 15, 14, 0),
	gsSP2Triangles(16, 14, 15, 0, 14, 16, 17, 0),
	gsSP2Triangles(16, 18, 17, 0, 19, 10, 12, 0),
	gsSP2Triangles(19, 20, 10, 0, 20, 19, 21, 0),
	gsSP2Triangles(20, 21, 22, 0, 21, 23, 22, 0),
	gsSPEndDisplayList(),
};

Vtx prince_valley_dl_terrain_mesh_layer_1_vtx_1[32] = {
	{{{-1879, -496, -11841}, 0, {-20651, -16955}, {0xF9, 0x7B, 0x1E, 0xFF}}},
	{{{-1227, -530, -11577}, 0, {-19846, -16459}, {0xF6, 0x4E, 0x64, 0xFF}}},
	{{{-1419, -431, -12181}, 0, {-19965, -17312}, {0xFF, 0x7F, 0x09, 0xFF}}},
	{{{1403, 2206, -9509}, 0, {17249, -13554}, {0x20, 0x6E, 0xCA, 0xFF}}},
	{{{-1128, 3055, -8708}, 0, {15925, -17055}, {0x14, 0x70, 0xC8, 0xFF}}},
	{{{1341, 2596, -8749}, 0, {16106, -13687}, {0x1F, 0x6F, 0xCA, 0xFF}}},
	{{{2632, 2206, -8471}, 0, {15925, -11846}, {0x2C, 0x6C, 0xCC, 0xFF}}},
	{{{3657, 48, -10329}, 0, {9271, -16865}, {0xA6, 0x19, 0xAA, 0xFF}}},
	{{{1710, 232, -9726}, 0, {10045, -14226}, {0x1D, 0x54, 0xA5, 0xFF}}},
	{{{2362, 301, -9494}, 0, {10394, -15093}, {0x12, 0x44, 0x96, 0xFF}}},
	{{{3033, 161, -9494}, 0, {10393, -16015}, {0xD3, 0x6D, 0xD0, 0xFF}}},
	{{{-3173, 101, -10360}, 0, {9859, -16865}, {0x00, 0x7F, 0x00, 0xFF}}},
	{{{-2762, 101, -10152}, 0, {9703, -17464}, {0x00, 0x7F, 0x00, 0xFF}}},
	{{{-2563, 101, -10322}, 0, {9356, -17513}, {0x00, 0x7F, 0x00, 0xFF}}},
	{{{-2128, 101, -9864}, 0, {9431, -18358}, {0x00, 0x7F, 0x00, 0xFF}}},
	{{{-2241, 101, -9500}, 0, {9898, -18567}, {0x00, 0x7F, 0x00, 0xFF}}},
	{{{-1649, 101, -9515}, 0, {9356, -19151}, {0x00, 0x7F, 0x00, 0xFF}}},
	{{{-1481, 101, -9277}, 0, {9447, -19531}, {0x00, 0x7F, 0x00, 0xFF}}},
	{{{-256, -25, -9901}, 0, {9814, -11572}, {0xDE, 0x78, 0x16, 0xFF}}},
	{{{-700, -230, -10065}, 0, {9686, -10905}, {0xDC, 0x7A, 0x09, 0xFF}}},
	{{{-952, -230, -9563}, 0, {10394, -10675}, {0xEB, 0x7D, 0xF5, 0xFF}}},
	{{{-401, 128, -10456}, 0, {9038, -11380}, {0xDE, 0x74, 0x26, 0xFF}}},
	{{{-22, 163, -10738}, 0, {8657, -11896}, {0x07, 0x7C, 0x19, 0xFF}}},
	{{{673, 153, -10234}, 0, {9344, -12834}, {0xF9, 0x7E, 0x0C, 0xFF}}},
	{{{667, 104, -9901}, 0, {9797, -12822}, {0xEF, 0x7D, 0x12, 0xFF}}},
	{{{1073, 164, -9952}, 0, {9727, -13370}, {0xF9, 0x7F, 0xFE, 0xFF}}},
	{{{3661, 1417, -7955}, 0, {15925, -18617}, {0x05, 0x7F, 0x04, 0xFF}}},
	{{{3657, 1451, -10329}, 0, {13006, -17335}, {0x0A, 0x7F, 0x02, 0xFF}}},
	{{{3033, 1489, -9494}, 0, {14368, -17013}, {0x05, 0x7F, 0x03, 0xFF}}},
	{{{2632, 1450, -8405}, 0, {15925, -17107}, {0x00, 0x7F, 0x05, 0xFF}}},
	{{{1710, 1484, -9726}, 0, {14797, -15260}, {0xFD, 0x7F, 0x05, 0xFF}}},
	{{{1067, 1450, -9381}, 0, {15569, -14655}, {0xFC, 0x7F, 0x06, 0xFF}}},
};

Gfx prince_valley_dl_terrain_mesh_layer_1_tri_1[] = {
	gsSPVertex(prince_valley_dl_terrain_mesh_layer_1_vtx_1 + 0, 32, 0),
	gsSP2Triangles(0, 1, 2, 0, 3, 4, 5, 0),
	gsSP2Triangles(6, 3, 5, 0, 7, 8, 9, 0),
	gsSP2Triangles(10, 7, 9, 0, 11, 12, 13, 0),
	gsSP2Triangles(12, 14, 13, 0, 12, 15, 14, 0),
	gsSP2Triangles(16, 14, 15, 0, 16, 15, 17, 0),
	gsSP2Triangles(18, 19, 20, 0, 18, 21, 19, 0),
	gsSP2Triangles(22, 21, 18, 0, 23, 22, 18, 0),
	gsSP2Triangles(23, 18, 24, 0, 25, 23, 24, 0),
	gsSP2Triangles(26, 27, 28, 0, 26, 28, 29, 0),
	gsSP2Triangles(30, 29, 28, 0, 30, 31, 29, 0),
	gsSPEndDisplayList(),
};

Vtx prince_valley_dl_terrain_mesh_layer_1_vtx_2[219] = {
	{{{-5312, 1764, -2381}, 0, {16073, 1985}, {0x0C, 0x7E, 0x0B, 0xFF}}},
	{{{-3675, 1769, -4322}, 0, {13006, 633}, {0x06, 0x7E, 0x0C, 0xFF}}},
	{{{-7889, 2361, -5062}, 0, {13606, 6303}, {0x0F, 0x7D, 0x0D, 0xFF}}},
	{{{-2783, 1664, -3194}, 0, {14055, -1035}, {0x21, 0x7A, 0x0B, 0xFF}}},
	{{{-1761, 1366, -562}, 0, {17274, -3250}, {0x1B, 0x7C, 0xFA, 0xFF}}},
	{{{-1256, 1043, -2295}, 0, {14840, -3558}, {0x31, 0x72, 0xE4, 0xFF}}},
	{{{340, 969, -699}, 0, {16655, -5982}, {0x27, 0x73, 0xDD, 0xFF}}},
	{{{587, 645, -1285}, 0, {15763, -6285}, {0x29, 0x71, 0xD7, 0xFF}}},
	{{{2102, 229, -819}, 0, {16047, -8438}, {0x04, 0x7E, 0xF3, 0xFF}}},
	{{{1986, 229, -1387}, 0, {15329, -8176}, {0xEC, 0x7D, 0x01, 0xFF}}},
	{{{2178, 419, -2099}, 0, {14341, -8350}, {0x07, 0x7D, 0x13, 0xFF}}},
	{{{4906, 200, -2856}, 0, {13006, -11846}, {0x0A, 0x7F, 0x01, 0xFF}}},
	{{{26, 526, -2040}, 0, {14812, -5459}, {0x30, 0x6A, 0xCE, 0xFF}}},
	{{{-1868, 1006, -3223}, 0, {13681, -2585}, {0x43, 0x65, 0xD9, 0xFF}}},
	{{{-2823, 1805, -3611}, 0, {13490, -777}, {0xFA, 0x78, 0x29, 0xFF}}},
	{{{-3675, 2527, -4322}, 0, {11197, -9926}, {0x02, 0x7F, 0xFD, 0xFF}}},
	{{{-5607, 2527, -5884}, 0, {12817, -12843}, {0x05, 0x7F, 0xFA, 0xFF}}},
	{{{-7889, 2655, -5062}, 0, {11197, -15675}, {0x05, 0x7F, 0xFA, 0xFF}}},
	{{{-3923, 2527, -4936}, 0, {11951, -10396}, {0x00, 0x7F, 0x00, 0xFF}}},
	{{{-1868, 2007, -3223}, 0, {-1541, -9926}, {0x63, 0x4D, 0xF0, 0xFF}}},
	{{{-2919, 3154, -4201}, 0, {-2033, -12353}, {0x5B, 0x58, 0xFB, 0xFF}}},
	{{{-2823, 3154, -3611}, 0, {-2555, -11740}, {0x60, 0x52, 0xF0, 0xFF}}},
	{{{-3675, 3876, -4322}, 0, {-2874, -13495}, {0x41, 0x6C, 0x0F, 0xFF}}},
	{{{-3377, 3876, -5136}, 0, {-1846, -14050}, {0x18, 0x7D, 0x09, 0xFF}}},
	{{{-3923, 3876, -4936}, 0, {-2575, -14336}, {0x04, 0x7F, 0x01, 0xFF}}},
	{{{-3656, 3876, -6888}, 0, {-562, -16066}, {0x1D, 0x79, 0x1A, 0xFF}}},
	{{{-5607, 4081, -5884}, 0, {-3437, -16808}, {0x16, 0x7B, 0x19, 0xFF}}},
	{{{-4833, 4429, -7039}, 0, {-1633, -17449}, {0x11, 0x77, 0x28, 0xFF}}},
	{{{-4611, 4664, -8034}, 0, {-562, -18353}, {0x24, 0x74, 0x24, 0xFF}}},
	{{{5337, 3199, -3897}, 0, {11197, -14003}, {0x0F, 0x7E, 0xF7, 0xFF}}},
	{{{3820, 3077, -5122}, 0, {10394, -11505}, {0xF3, 0x7E, 0x03, 0xFF}}},
	{{{2561, 2954, -5106}, 0, {11023, -9926}, {0xF4, 0x7E, 0x03, 0xFF}}},
	{{{5337, 3199, -3897}, 0, {11197, -14003}, {0x0F, 0x7E, 0xF7, 0xFF}}},
	{{{4955, 3199, -4562}, 0, {10544, -13205}, {0xF7, 0x7F, 0x05, 0xFF}}},
	{{{3820, 3077, -5122}, 0, {10394, -11505}, {0xF3, 0x7E, 0x03, 0xFF}}},
	{{{7038, 2863, -3858}, 0, {10394, -16189}, {0x19, 0x7C, 0xF2, 0xFF}}},
	{{{-2032, 2293, -4750}, 0, {-18364, -20553}, {0xFA, 0x6D, 0x41, 0xFF}}},
	{{{-1116, 2293, -3730}, 0, {-19185, -18904}, {0x00, 0x7F, 0x00, 0xFF}}},
	{{{-658, 2293, -4578}, 0, {-17900, -18751}, {0x00, 0x7F, 0x00, 0xFF}}},
	{{{-2299, 2293, -4777}, 0, {-18462, -20899}, {0xEB, 0x63, 0x4C, 0xFF}}},
	{{{-1419, 2624, -4820}, 0, {-17713, -19873}, {0xED, 0x71, 0x37, 0xFF}}},
	{{{-2635, 2982, -5591}, 0, {-17274, -21817}, {0xFB, 0x70, 0x3C, 0xFF}}},
	{{{-857, 2950, -5608}, 0, {-16367, -19606}, {0xEB, 0x79, 0x21, 0xFF}}},
	{{{82, 3141, -4659}, 0, {-16924, -17881}, {0xF1, 0x7E, 0x07, 0xFF}}},
	{{{-66, 3141, -5274}, 0, {-16275, -18429}, {0xEA, 0x7D, 0x05, 0xFF}}},
	{{{1390, 3134, -4950}, 0, {-15786, -16487}, {0x03, 0x7F, 0x0B, 0xFF}}},
	{{{1390, 3102, -4660}, 0, {-16136, -16310}, {0x04, 0x7E, 0x0E, 0xFF}}},
	{{{-2811, 3501, -6749}, 0, {-15786, -22680}, {0x03, 0x74, 0x34, 0xFF}}},
	{{{7728, 979, -4099}, 0, {-25252, -9517}, {0x52, 0x44, 0x45, 0xFF}}},
	{{{9037, 229, -4922}, 0, {-23940, -11413}, {0x21, 0x73, 0x2A, 0xFF}}},
	{{{9032, 750, -5424}, 0, {-24731, -11975}, {0x43, 0x4B, 0x4D, 0xFF}}},
	{{{10046, 489, -5848}, 0, {-23964, -13283}, {0x27, 0x37, 0x6C, 0xFF}}},
	{{{10438, 229, -4230}, 0, {-21943, -12178}, {0x0A, 0x7F, 0x00, 0xFF}}},
	{{{8676, 229, -3695}, 0, {-23077, -9921}, {0x00, 0x7F, 0x00, 0xFF}}},
	{{{8038, 229, -4151}, 0, {-24115, -9726}, {0x00, 0x7F, 0x00, 0xFF}}},
	{{{7038, 229, -3379}, 0, {-24303, -8042}, {0xFD, 0x7F, 0x0A, 0xFF}}},
	{{{9093, 229, -1731}, 0, {-20784, -8475}, {0xFA, 0x7F, 0x07, 0xFF}}},
	{{{6388, -237, 78}, 0, {-21593, -4127}, {0x1B, 0x7C, 0xF7, 0xFF}}},
	{{{4906, 200, -2856}, 0, {-25820, -5517}, {0x0A, 0x7F, 0x01, 0xFF}}},
	{{{10298, 229, -637}, 0, {-18594, -8601}, {0xF9, 0x7F, 0xFF, 0xFF}}},
	{{{7722, 310, 4196}, 0, {-16315, -1587}, {0xF3, 0x7E, 0xF6, 0xFF}}},
	{{{7169, 171, 3525}, 0, {-17495, -1677}, {0xF8, 0x7E, 0xF4, 0xFF}}},
	{{{6414, 151, 3224}, 0, {-18488, -1221}, {0x03, 0x7E, 0xF0, 0xFF}}},
	{{{6416, 191, 3549}, 0, {-18167, -921}, {0x01, 0x7E, 0xF3, 0xFF}}},
	{{{7169, 171, 3525}, 0, {-17495, -1677}, {0xF8, 0x7E, 0xF4, 0xFF}}},
	{{{6416, 191, 3549}, 0, {-18167, -921}, {0x01, 0x7E, 0xF3, 0xFF}}},
	{{{7290, 290, 4686}, 0, {-16250, -712}, {0xF8, 0x7E, 0xF3, 0xFF}}},
	{{{5167, 318, 5405}, 0, {-17522, 2014}, {0xFC, 0x7E, 0xEE, 0xFF}}},
	{{{6270, 673, 7365}, 0, {-14566, 2788}, {0xFC, 0x7E, 0xF1, 0xFF}}},
	{{{2388, 547, 7424}, 0, {-18130, 6589}, {0xFF, 0x7D, 0xED, 0xFF}}},
	{{{1847, 498, 7002}, 0, {-19043, 6719}, {0x00, 0x7E, 0xEF, 0xFF}}},
	{{{1977, 673, 8156}, 0, {-17790, 7676}, {0xFE, 0x7E, 0xF4, 0xFF}}},
	{{{-3892, 548, 7779}, 0, {-23619, 12997}, {0xF0, 0x7E, 0x05, 0xFF}}},
	{{{-854, 673, 10967}, 0, {-17706, 13034}, {0xF9, 0x7F, 0xFB, 0xFF}}},
	{{{-5804, 181, 12805}, 0, {-20576, 19547}, {0xEA, 0x7D, 0x00, 0xFF}}},
	{{{-5744, 181, 7316}, 0, {-25820, 14389}, {0xE5, 0x7C, 0x0B, 0xFF}}},
	{{{-2789, 881, 14728}, 0, {-15831, 18401}, {0xEA, 0x7D, 0xF7, 0xFF}}},
	{{{-5256, 171, 14161}, 0, {-18778, 20328}, {0xE5, 0x7C, 0x01, 0xFF}}},
	{{{-2992, 923, 15975}, 0, {-14806, 19749}, {0xE5, 0x7C, 0xF6, 0xFF}}},
	{{{-5919, 226, 15785}, 0, {-17795, 22464}, {0xF4, 0x7E, 0xF7, 0xFF}}},
	{{{-9277, 192, 14743}, 0, {-21889, 24795}, {0x00, 0x7F, 0xFC, 0xFF}}},
	{{{2385, 1698, 14624}, 0, {-11064, 13249}, {0xEC, 0x7D, 0xF9, 0xFF}}},
	{{{-9398, 4991, -10618}, 0, {4558, -18081}, {0x00, 0x7F, 0x00, 0xFF}}},
	{{{-7915, 4991, -7056}, 0, {5333, -12958}, {0x01, 0x7F, 0x00, 0xFF}}},
	{{{-7421, 4991, -9379}, 0, {6732, -15824}, {0x00, 0x7F, 0x00, 0xFF}}},
	{{{-9122, 4991, -5739}, 0, {3332, -11633}, {0x01, 0x7F, 0x01, 0xFF}}},
	{{{-8250, 4976, -4646}, 0, {4114, -9926}, {0x02, 0x7F, 0x01, 0xFF}}},
	{{{-6476, 4947, -5589}, 0, {6732, -10578}, {0x03, 0x7F, 0x01, 0xFF}}},
	{{{-9902, 1313, -7534}, 0, {-14611, -18501}, {0x00, 0x7F, 0x07, 0xFF}}},
	{{{-9738, 1313, -9379}, 0, {-15786, -16310}, {0x00, 0x7F, 0x00, 0xFF}}},
	{{{-11208, 1313, -7534}, 0, {-12998, -17812}, {0x00, 0x7F, 0x06, 0xFF}}},
	{{{-9905, 1190, -6254}, 0, {-13928, -20088}, {0x01, 0x7F, 0x09, 0xFF}}},
	{{{-9077, 1190, -6451}, 0, {-15054, -20282}, {0x01, 0x7F, 0x04, 0xFF}}},
	{{{-7889, 1190, -5062}, 0, {-15786, -22625}, {0x00, 0x7F, 0x00, 0xFF}}},
	{{{-3892, 548, 7779}, 0, {12253, -489}, {0xF0, 0x7E, 0x05, 0xFF}}},
	{{{-7374, 229, 4310}, 0, {10590, 5895}, {0xF8, 0x7F, 0x03, 0xFF}}},
	{{{-5744, 181, 7316}, 0, {13006, 2003}, {0xE5, 0x7C, 0x0B, 0xFF}}},
	{{{-5443, 374, 671}, 0, {5033, 6082}, {0xE5, 0x7C, 0x06, 0xFF}}},
	{{{-2716, 1417, 2770}, 0, {5550, 1324}, {0xF6, 0x7E, 0xF9, 0xFF}}},
	{{{1316, 1070, 4424}, 0, {4802, -4437}, {0x01, 0x7F, 0xFD, 0xFF}}},
	{{{1660, 1003, 5814}, 0, {6219, -5760}, {0xFF, 0x7F, 0x07, 0xFF}}},
	{{{1847, 937, 7002}, 0, {7501, -6769}, {0x02, 0x7F, 0x09, 0xFF}}},
	{{{2667, 1007, 4999}, 0, {4595, -6412}, {0x0D, 0x7E, 0x07, 0xFF}}},
	{{{5167, 573, 5405}, 0, {3435, -9680}, {0x0E, 0x7E, 0x0B, 0xFF}}},
	{{{3092, 1012, 3357}, 0, {2378, -5841}, {0x04, 0x7F, 0xF8, 0xFF}}},
	{{{5483, 756, 3495}, 0, {955, -8782}, {0x08, 0x7F, 0x07, 0xFF}}},
	{{{6416, 754, 3549}, 0, {411, -9926}, {0x08, 0x7E, 0xF7, 0xFF}}},
	{{{6103, 707, 3111}, 0, {85, -9270}, {0x14, 0x7C, 0xEB, 0xFF}}},
	{{{6414, 661, 3224}, 0, {7, -9718}, {0x1E, 0x77, 0xDE, 0xFF}}},
	{{{6388, -237, 78}, 0, {-3994, -7760}, {0x1B, 0x7C, 0xF7, 0xFF}}},
	{{{4906, 200, -2856}, 0, {-6203, -3873}, {0x0A, 0x7F, 0x01, 0xFF}}},
	{{{2102, 229, -819}, 0, {-1972, -1877}, {0x04, 0x7E, 0xF3, 0xFF}}},
	{{{-1761, 288, -562}, 0, {870, 2484}, {0x0B, 0x7B, 0xE3, 0xFF}}},
	{{{-5317, 533, -954}, 0, {2971, 6978}, {0xFB, 0x7F, 0xF9, 0xFF}}},
	{{{-5312, 348, -2381}, 0, {1248, 7956}, {0x0B, 0x7E, 0xF6, 0xFF}}},
	{{{-6785, 458, -2851}, 0, {1680, 10041}, {0xFC, 0x7E, 0x0D, 0xFF}}},
	{{{-6601, 672, -3721}, 0, {483, 10411}, {0xF3, 0x7C, 0x16, 0xFF}}},
	{{{-8253, 458, -3909}, 0, {1375, 12522}, {0xF5, 0x7F, 0x02, 0xFF}}},
	{{{-7889, 525, -5062}, 0, {-256, 12823}, {0xF0, 0x7E, 0x04, 0xFF}}},
	{{{-10625, 229, -6458}, 0, {-216, 16949}, {0xEE, 0x7D, 0x09, 0xFF}}},
	{{{-9905, 377, -6254}, 0, {-448, 15953}, {0xDC, 0x72, 0x2B, 0xFF}}},
	{{{-11208, 229, -7534}, 0, {-1118, 18337}, {0xFC, 0x7F, 0xFC, 0xFF}}},
	{{{-11570, 229, -7513}, 0, {-842, 18726}, {0xFC, 0x7F, 0xFD, 0xFF}}},
	{{{-11113, 76, -9379}, 0, {-3188, 19747}, {0xF7, 0x7E, 0x0E, 0xFF}}},
	{{{-9738, 200, -9379}, 0, {-4330, 18275}, {0xFD, 0x7C, 0x1B, 0xFF}}},
	{{{-10018, 810, -10993}, 0, {-5989, 19995}, {0xFE, 0x7C, 0x1D, 0xFF}}},
	{{{-9738, 200, -9379}, 0, {-4330, 18275}, {0xFD, 0x7C, 0x1B, 0xFF}}},
	{{{-9398, 507, -10784}, 0, {-6203, 19033}, {0x2C, 0x72, 0x23, 0xFF}}},
	{{{-10018, 810, -10993}, 0, {-5989, 19995}, {0xFE, 0x7C, 0x1D, 0xFF}}},
	{{{-12728, 124, -10193}, 0, {-2617, 22258}, {0x01, 0x7F, 0xFF, 0xFF}}},
	{{{-11113, 76, -9379}, 0, {-3188, 19747}, {0xF7, 0x7E, 0x0E, 0xFF}}},
	{{{-13368, 145, -7715}, 0, {62, 20566}, {0xFD, 0x7F, 0xFE, 0xFF}}},
	{{{-11570, 229, -7513}, 0, {-842, 18726}, {0xFC, 0x7F, 0xFD, 0xFF}}},
	{{{-11485, 145, -5728}, 0, {1185, 17508}, {0xFB, 0x7F, 0xFF, 0xFF}}},
	{{{-10625, 229, -6458}, 0, {-216, 16949}, {0xEE, 0x7D, 0x09, 0xFF}}},
	{{{-8253, 458, -3909}, 0, {1375, 12522}, {0xF5, 0x7F, 0x02, 0xFF}}},
	{{{-9018, 458, -2699}, 0, {3361, 12687}, {0x1B, 0x7B, 0xEE, 0xFF}}},
	{{{-9758, 856, -2715}, 0, {3973, 13676}, {0x1D, 0x7A, 0xED, 0xFF}}},
	{{{-7572, 343, 207}, 0, {5888, 8923}, {0x10, 0x7E, 0x01, 0xFF}}},
	{{{-8239, 542, 410}, 0, {6611, 9611}, {0x23, 0x7A, 0x01, 0xFF}}},
	{{{-10350, 856, -2732}, 0, {4391, 14388}, {0x00, 0x7F, 0xFF, 0xFF}}},
	{{{-11485, 714, -5728}, 0, {1909, 17801}, {0xFF, 0x7F, 0xFD, 0xFF}}},
	{{{-12766, 714, -5387}, 0, {3040, 18946}, {0x04, 0x7F, 0xFD, 0xFF}}},
	{{{-13368, 714, -7715}, 0, {633, 21044}, {0x14, 0x7D, 0xF2, 0xFF}}},
	{{{-14769, 1042, -7098}, 0, {2296, 22261}, {0x17, 0x7C, 0xF2, 0xFF}}},
	{{{-14526, 635, -9220}, 0, {-197, 23390}, {0x16, 0x7B, 0xEA, 0xFF}}},
	{{{-14283, 229, -11342}, 0, {-2563, 24795}, {0x0D, 0x7E, 0xF9, 0xFF}}},
	{{{-12089, 229, -12670}, 0, {-5782, 23694}, {0xEE, 0x7E, 0x01, 0xFF}}},
	{{{-7895, 229, 4113}, 0, {10713, 6638}, {0x02, 0x7F, 0x04, 0xFF}}},
	{{{-7374, 229, 4310}, 0, {10590, 5895}, {0xF8, 0x7F, 0x03, 0xFF}}},
	{{{-5443, 374, 671}, 0, {5033, 6082}, {0xE5, 0x7C, 0x06, 0xFF}}},
	{{{-6655, 343, -277}, 0, {4698, 8149}, {0xFB, 0x7F, 0x04, 0xFF}}},
	{{{-5317, 533, -954}, 0, {2971, 6978}, {0xFB, 0x7F, 0xF9, 0xFF}}},
	{{{-2716, 1417, 2770}, 0, {5550, 1324}, {0xF6, 0x7E, 0xF9, 0xFF}}},
	{{{-6785, 458, -2851}, 0, {1680, 10041}, {0xFC, 0x7E, 0x0D, 0xFF}}},
	{{{6103, 707, 3111}, 0, {85, -9270}, {0x14, 0x7C, 0xEB, 0xFF}}},
	{{{3092, 1012, 3357}, 0, {2378, -5841}, {0x04, 0x7F, 0xF8, 0xFF}}},
	{{{5483, 756, 3495}, 0, {955, -8782}, {0x08, 0x7F, 0x07, 0xFF}}},
	{{{12880, 2114, -5565}, 0, {18919, -10740}, {0xB3, 0x5F, 0xDE, 0xFF}}},
	{{{12358, 1774, -2741}, 0, {20227, -14397}, {0xE8, 0x7C, 0x0A, 0xFF}}},
	{{{15222, 1703, 1315}, 0, {17274, -20376}, {0xF1, 0x7E, 0x0C, 0xFF}}},
	{{{12312, 1448, -5829}, 0, {20037, -10230}, {0xB4, 0x64, 0xEC, 0xFF}}},
	{{{14218, 2224, -6795}, 0, {17274, -8931}, {0xC3, 0x69, 0xDB, 0xFF}}},
	{{{12480, 1585, -6435}, 0, {19761, -9411}, {0xD7, 0x77, 0x10, 0xFF}}},
	{{{2667, 1007, 4999}, 0, {4595, -6412}, {0x0D, 0x7E, 0x07, 0xFF}}},
	{{{1316, 1070, 4424}, 0, {4802, -4437}, {0x01, 0x7F, 0xFD, 0xFF}}},
	{{{1660, 1003, 5814}, 0, {6219, -5760}, {0xFF, 0x7F, 0x07, 0xFF}}},
	{{{3092, 1012, 3357}, 0, {2378, -5841}, {0x04, 0x7F, 0xF8, 0xFF}}},
	{{{7169, 171, 3525}, 0, {-17495, -1677}, {0xF8, 0x7E, 0xF4, 0xFF}}},
	{{{7290, 290, 4686}, 0, {-16250, -712}, {0xF8, 0x7E, 0xF3, 0xFF}}},
	{{{7722, 310, 4196}, 0, {-16315, -1587}, {0xF3, 0x7E, 0xF6, 0xFF}}},
	{{{9348, 675, 6727}, 0, {-12325, -789}, {0xF9, 0x7E, 0xF0, 0xFF}}},
	{{{8372, 914, 8909}, 0, {-11103, 2192}, {0xFC, 0x7F, 0xF8, 0xFF}}},
	{{{6270, 673, 7365}, 0, {-14566, 2788}, {0xFC, 0x7E, 0xF1, 0xFF}}},
	{{{7253, 977, 10580}, 0, {-10524, 4827}, {0xF2, 0x7E, 0xF8, 0xFF}}},
	{{{6204, 843, 10896}, 0, {-11209, 6137}, {0x00, 0x7F, 0xFA, 0xFF}}},
	{{{1977, 673, 8156}, 0, {-17790, 7676}, {0xFE, 0x7E, 0xF4, 0xFF}}},
	{{{2388, 547, 7424}, 0, {-18130, 6589}, {0xFF, 0x7D, 0xED, 0xFF}}},
	{{{5182, 814, 10677}, 0, {-12372, 6920}, {0xFE, 0x7F, 0xFB, 0xFF}}},
	{{{6145, 868, 11347}, 0, {-10828, 6613}, {0x07, 0x7F, 0xFB, 0xFF}}},
	{{{3828, 875, 12288}, 0, {-12067, 9724}, {0xFF, 0x7F, 0xF7, 0xFF}}},
	{{{2399, 896, 11428}, 0, {-14221, 10313}, {0xFE, 0x7F, 0xF7, 0xFF}}},
	{{{2186, 702, 9761}, 0, {-16044, 8967}, {0xFC, 0x7F, 0xFC, 0xFF}}},
	{{{1846, 702, 9095}, 0, {-17004, 8677}, {0xFD, 0x7F, 0xFD, 0xFF}}},
	{{{-854, 673, 10967}, 0, {-17706, 13034}, {0xF9, 0x7F, 0xFB, 0xFF}}},
	{{{2366, 1006, 13954}, 0, {-11804, 12688}, {0xFE, 0x7F, 0xFA, 0xFF}}},
	{{{-2789, 881, 14728}, 0, {-15831, 18401}, {0xEA, 0x7D, 0xF7, 0xFF}}},
	{{{8196, 773, 14002}, 0, {-6356, 7082}, {0x00, 0x7F, 0x00, 0xFF}}},
	{{{7231, 729, 11957}, 0, {-9225, 6110}, {0x07, 0x7F, 0xFA, 0xFF}}},
	{{{7253, 703, 10580}, 0, {-10542, 4816}, {0xFC, 0x7F, 0x00, 0xFF}}},
	{{{10813, 229, -6435}, 0, {-23696, -14717}, {0x00, 0x7E, 0x0D, 0xFF}}},
	{{{12312, 92, -5829}, 0, {-21641, -15543}, {0x00, 0x7E, 0x0E, 0xFF}}},
	{{{12480, 229, -6435}, 0, {-22070, -16310}, {0xFF, 0x7E, 0x0B, 0xFF}}},
	{{{10645, 92, -5829}, 0, {-23267, -13950}, {0x37, 0x6B, 0x28, 0xFF}}},
	{{{11466, 229, -2191}, 0, {-18986, -11183}, {0xFF, 0x7F, 0xFE, 0xFF}}},
	{{{10438, 229, -4230}, 0, {-21943, -12178}, {0x0A, 0x7F, 0x00, 0xFF}}},
	{{{10046, 489, -5848}, 0, {-23964, -13283}, {0x27, 0x37, 0x6C, 0xFF}}},
	{{{9093, 229, -1731}, 0, {-20784, -8475}, {0xFA, 0x7F, 0x07, 0xFF}}},
	{{{8676, 229, -3695}, 0, {-23077, -9921}, {0x00, 0x7F, 0x00, 0xFF}}},
	{{{10298, 229, -637}, 0, {-18594, -8601}, {0xF9, 0x7F, 0xFF, 0xFF}}},
	{{{14523, 480, 1360}, 0, {-12701, -10806}, {0xFB, 0x7F, 0x00, 0xFF}}},
	{{{13468, 433, 3560}, 0, {-11564, -7735}, {0xFE, 0x7F, 0xFB, 0xFF}}},
	{{{8626, 325, 3953}, 0, {-15707, -2687}, {0xFC, 0x7F, 0xF8, 0xFF}}},
	{{{7722, 310, 4196}, 0, {-16315, -1587}, {0xF3, 0x7E, 0xF6, 0xFF}}},
	{{{9584, 469, 4958}, 0, {-13831, -2674}, {0xFB, 0x7E, 0xF1, 0xFF}}},
	{{{9348, 675, 6727}, 0, {-12325, -789}, {0xF9, 0x7E, 0xF0, 0xFF}}},
	{{{9944, 752, 7036}, 0, {-11464, -1074}, {0xFE, 0x7E, 0xF4, 0xFF}}},
	{{{8372, 914, 8909}, 0, {-11103, 2192}, {0xFC, 0x7F, 0xF8, 0xFF}}},
	{{{9308, 872, 8490}, 0, {-10642, 897}, {0x06, 0x7F, 0xFA, 0xFF}}},
	{{{9292, 929, 10598}, 0, {-8613, 2867}, {0xFC, 0x7F, 0x01, 0xFF}}},
	{{{8743, 885, 10597}, 0, {-9124, 3400}, {0xF4, 0x7E, 0x03, 0xFF}}},
	{{{7253, 703, 10580}, 0, {-10528, 4843}, {0xFC, 0x7F, 0x00, 0xFF}}},
	{{{8431, 846, 11506}, 0, {-8531, 4546}, {0xF6, 0x7F, 0x02, 0xFF}}},
	{{{7231, 729, 11957}, 0, {-9208, 6134}, {0x07, 0x7F, 0xFA, 0xFF}}},
	{{{8196, 773, 14002}, 0, {-6331, 7089}, {0x00, 0x7F, 0x00, 0xFF}}},
	{{{10914, 954, 11339}, 0, {-6391, 1982}, {0xFF, 0x7F, 0xFE, 0xFF}}},
	{{{9914, 812, 8130}, 0, {-10430, -28}, {0x05, 0x7F, 0xFA, 0xFF}}},
	{{{14048, 778, 8535}, 0, {-6203, -3657}, {0x02, 0x7F, 0xF8, 0xFF}}},
	{{{16119, 465, 4717}, 0, {-7978, -9218}, {0x01, 0x7F, 0xFA, 0xFF}}},
};

Gfx prince_valley_dl_terrain_mesh_layer_1_tri_2[] = {
	gsSPVertex(prince_valley_dl_terrain_mesh_layer_1_vtx_2 + 0, 32, 0),
	gsSP2Triangles(0, 1, 2, 0, 0, 3, 1, 0),
	gsSP2Triangles(4, 3, 0, 0, 4, 5, 3, 0),
	gsSP2Triangles(6, 5, 4, 0, 6, 7, 5, 0),
	gsSP2Triangles(6, 8, 7, 0, 9, 7, 8, 0),
	gsSP2Triangles(10, 9, 8, 0, 10, 8, 11, 0),
	gsSP2Triangles(9, 12, 7, 0, 5, 7, 12, 0),
	gsSP2Triangles(5, 12, 13, 0, 3, 5, 13, 0),
	gsSP2Triangles(3, 13, 14, 0, 3, 14, 1, 0),
	gsSP2Triangles(15, 16, 17, 0, 15, 18, 16, 0),
	gsSP2Triangles(19, 20, 21, 0, 20, 22, 21, 0),
	gsSP2Triangles(20, 23, 22, 0, 24, 22, 23, 0),
	gsSP2Triangles(24, 23, 25, 0, 25, 26, 24, 0),
	gsSP2Triangles(25, 27, 26, 0, 28, 27, 25, 0),
	gsSP2Triangles(26, 27, 28, 0, 29, 30, 31, 0),
	gsSPVertex(prince_valley_dl_terrain_mesh_layer_1_vtx_2 + 32, 32, 0),
	gsSP2Triangles(0, 1, 2, 0, 1, 0, 3, 0),
	gsSP2Triangles(4, 5, 6, 0, 4, 7, 5, 0),
	gsSP2Triangles(8, 7, 4, 0, 8, 9, 7, 0),
	gsSP2Triangles(10, 9, 8, 0, 10, 8, 11, 0),
	gsSP2Triangles(10, 11, 12, 0, 11, 13, 12, 0),
	gsSP2Triangles(11, 14, 13, 0, 10, 15, 9, 0),
	gsSP2Triangles(16, 17, 18, 0, 17, 19, 18, 0),
	gsSP2Triangles(20, 19, 17, 0, 21, 20, 17, 0),
	gsSP2Triangles(21, 17, 22, 0, 21, 22, 23, 0),
	gsSP2Triangles(21, 23, 24, 0, 23, 25, 24, 0),
	gsSP2Triangles(23, 26, 25, 0, 24, 25, 27, 0),
	gsSP2Triangles(25, 28, 27, 0, 25, 29, 28, 0),
	gsSP2Triangles(29, 25, 30, 0, 31, 29, 30, 0),
	gsSPVertex(prince_valley_dl_terrain_mesh_layer_1_vtx_2 + 64, 30, 0),
	gsSP2Triangles(0, 1, 2, 0, 2, 1, 3, 0),
	gsSP2Triangles(2, 3, 4, 0, 3, 5, 4, 0),
	gsSP2Triangles(3, 6, 5, 0, 7, 5, 6, 0),
	gsSP2Triangles(7, 6, 8, 0, 7, 8, 9, 0),
	gsSP2Triangles(8, 10, 9, 0, 8, 11, 10, 0),
	gsSP2Triangles(10, 12, 9, 0, 10, 13, 12, 0),
	gsSP2Triangles(13, 14, 12, 0, 13, 15, 14, 0),
	gsSP2Triangles(13, 16, 15, 0, 12, 14, 17, 0),
	gsSP2Triangles(18, 19, 20, 0, 18, 21, 19, 0),
	gsSP2Triangles(19, 21, 22, 0, 19, 22, 23, 0),
	gsSP2Triangles(24, 25, 26, 0, 27, 24, 26, 0),
	gsSP2Triangles(27, 28, 24, 0, 27, 29, 28, 0),
	gsSPVertex(prince_valley_dl_terrain_mesh_layer_1_vtx_2 + 94, 32, 0),
	gsSP2Triangles(0, 1, 2, 0, 0, 3, 1, 0),
	gsSP2Triangles(4, 3, 0, 0, 5, 4, 0, 0),
	gsSP2Triangles(6, 5, 0, 0, 0, 7, 6, 0),
	gsSP2Triangles(7, 8, 6, 0, 7, 9, 8, 0),
	gsSP2Triangles(8, 9, 10, 0, 9, 11, 10, 0),
	gsSP2Triangles(9, 12, 11, 0, 12, 13, 11, 0),
	gsSP2Triangles(12, 14, 13, 0, 13, 14, 15, 0),
	gsSP2Triangles(13, 15, 16, 0, 13, 16, 10, 0),
	gsSP2Triangles(10, 16, 17, 0, 10, 17, 5, 0),
	gsSP2Triangles(5, 17, 18, 0, 5, 18, 4, 0),
	gsSP2Triangles(18, 19, 4, 0, 18, 20, 19, 0),
	gsSP2Triangles(20, 21, 19, 0, 20, 22, 21, 0),
	gsSP2Triangles(22, 23, 21, 0, 22, 24, 23, 0),
	gsSP2Triangles(23, 24, 25, 0, 24, 26, 25, 0),
	gsSP2Triangles(25, 26, 27, 0, 25, 27, 28, 0),
	gsSP2Triangles(27, 29, 28, 0, 27, 30, 29, 0),
	gsSP1Triangle(30, 31, 29, 0),
	gsSPVertex(prince_valley_dl_terrain_mesh_layer_1_vtx_2 + 126, 32, 0),
	gsSP2Triangles(0, 1, 2, 0, 3, 4, 2, 0),
	gsSP2Triangles(5, 4, 3, 0, 5, 6, 4, 0),
	gsSP2Triangles(7, 6, 5, 0, 7, 8, 6, 0),
	gsSP2Triangles(9, 8, 7, 0, 9, 7, 10, 0),
	gsSP2Triangles(10, 7, 11, 0, 10, 11, 12, 0),
	gsSP2Triangles(11, 13, 12, 0, 11, 14, 13, 0),
	gsSP2Triangles(14, 11, 15, 0, 14, 15, 16, 0),
	gsSP2Triangles(16, 15, 17, 0, 16, 17, 18, 0),
	gsSP2Triangles(17, 19, 18, 0, 17, 3, 19, 0),
	gsSP2Triangles(3, 20, 19, 0, 3, 21, 20, 0),
	gsSP2Triangles(3, 2, 21, 0, 12, 13, 22, 0),
	gsSP2Triangles(12, 22, 23, 0, 12, 23, 24, 0),
	gsSP2Triangles(12, 24, 25, 0, 26, 25, 24, 0),
	gsSP2Triangles(27, 26, 24, 0, 26, 28, 25, 0),
	gsSP2Triangles(28, 10, 25, 0, 28, 9, 10, 0),
	gsSP2Triangles(10, 12, 25, 0, 29, 30, 31, 0),
	gsSPVertex(prince_valley_dl_terrain_mesh_layer_1_vtx_2 + 158, 32, 0),
	gsSP2Triangles(0, 1, 2, 0, 0, 3, 1, 0),
	gsSP2Triangles(3, 0, 4, 0, 5, 3, 4, 0),
	gsSP2Triangles(6, 7, 8, 0, 6, 9, 7, 0),
	gsSP2Triangles(10, 11, 12, 0, 13, 12, 11, 0),
	gsSP2Triangles(13, 11, 14, 0, 15, 14, 11, 0),
	gsSP2Triangles(15, 16, 14, 0, 15, 17, 16, 0),
	gsSP2Triangles(15, 18, 17, 0, 19, 18, 15, 0),
	gsSP2Triangles(20, 17, 18, 0, 17, 20, 21, 0),
	gsSP2Triangles(22, 21, 20, 0, 23, 22, 20, 0),
	gsSP2Triangles(23, 20, 24, 0, 25, 24, 20, 0),
	gsSP2Triangles(20, 18, 25, 0, 25, 18, 26, 0),
	gsSP2Triangles(26, 24, 25, 0, 23, 24, 26, 0),
	gsSP2Triangles(27, 23, 26, 0, 28, 27, 26, 0),
	gsSP2Triangles(22, 23, 27, 0, 22, 27, 21, 0),
	gsSP2Triangles(21, 27, 29, 0, 21, 29, 30, 0),
	gsSP2Triangles(31, 21, 30, 0, 31, 17, 21, 0),
	gsSPVertex(prince_valley_dl_terrain_mesh_layer_1_vtx_2 + 190, 29, 0),
	gsSP2Triangles(0, 1, 2, 0, 0, 3, 1, 0),
	gsSP2Triangles(1, 3, 4, 0, 3, 5, 4, 0),
	gsSP2Triangles(3, 6, 5, 0, 5, 7, 4, 0),
	gsSP2Triangles(5, 8, 7, 0, 7, 9, 4, 0),
	gsSP2Triangles(9, 10, 4, 0, 9, 11, 10, 0),
	gsSP2Triangles(12, 11, 9, 0, 12, 9, 13, 0),
	gsSP2Triangles(13, 14, 12, 0, 13, 15, 14, 0),
	gsSP2Triangles(14, 15, 16, 0, 16, 15, 17, 0),
	gsSP2Triangles(18, 16, 17, 0, 19, 18, 17, 0),
	gsSP2Triangles(17, 20, 19, 0, 17, 21, 20, 0),
	gsSP2Triangles(21, 22, 20, 0, 21, 23, 22, 0),
	gsSP2Triangles(22, 23, 24, 0, 22, 24, 25, 0),
	gsSP2Triangles(19, 22, 25, 0, 26, 19, 25, 0),
	gsSP2Triangles(27, 26, 25, 0, 16, 26, 27, 0),
	gsSP2Triangles(16, 27, 11, 0, 11, 27, 28, 0),
	gsSP2Triangles(11, 28, 10, 0, 14, 16, 11, 0),
	gsSP2Triangles(12, 14, 11, 0, 19, 20, 22, 0),
	gsSP2Triangles(18, 26, 16, 0, 26, 18, 19, 0),
	gsSPEndDisplayList(),
};

Vtx prince_valley_dl_terrain_mesh_layer_1_vtx_3[85] = {
	{{{-4284, 73, -13463}, 0, {4052, -5026}, {0x0B, 0x7E, 0x07, 0xFF}}},
	{{{-3691, 73, -14608}, 0, {6091, -5048}, {0x05, 0x7E, 0xF1, 0xFF}}},
	{{{-4446, 73, -14080}, 0, {4794, -5709}, {0x1C, 0x7C, 0x05, 0xFF}}},
	{{{-2659, 0, -13530}, 0, {5350, -2801}, {0x21, 0x7A, 0x06, 0xFF}}},
	{{{-3003, -175, -12903}, 0, {4185, -2784}, {0x14, 0x7A, 0x1E, 0xFF}}},
	{{{-4288, 65, -12815}, 0, {3134, -4569}, {0x13, 0x7D, 0xF8, 0xFF}}},
	{{{-3789, 65, -12455}, 0, {2959, -3612}, {0x1A, 0x7B, 0xF1, 0xFF}}},
	{{{-3988, 65, -12455}, 0, {2823, -3896}, {0xFF, 0x7D, 0xEA, 0xFF}}},
	{{{-4289, 115, -12292}, 0, {2381, -4220}, {0x1E, 0x7B, 0xF3, 0xFF}}},
	{{{-4090, 180, -12002}, 0, {2088, -3743}, {0xF1, 0x76, 0xD4, 0xFF}}},
	{{{-4351, 213, -11957}, 0, {1841, -4079}, {0x06, 0x77, 0xD4, 0xFF}}},
	{{{-4054, 487, -11383}, 0, {1131, -3229}, {0xF1, 0x74, 0xCD, 0xFF}}},
	{{{-4278, 545, -11255}, 0, {782, -3457}, {0xF3, 0x77, 0xD5, 0xFF}}},
	{{{-3808, 665, -11008}, 0, {693, -2601}, {0xDF, 0x75, 0xDA, 0xFF}}},
	{{{-4015, 711, -10794}, 0, {247, -2764}, {0xED, 0x77, 0xD7, 0xFF}}},
	{{{-3496, 850, -10721}, 0, {417, -1918}, {0xE0, 0x79, 0xE9, 0xFF}}},
	{{{-3593, 895, -10491}, 0, {14, -1923}, {0xE8, 0x78, 0xDE, 0xFF}}},
	{{{-3050, 948, -10651}, 0, {544, -1189}, {0xE7, 0x7C, 0xF8, 0xFF}}},
	{{{-3076, 1020, -10360}, 0, {82, -1057}, {0xEC, 0x79, 0xE0, 0xFF}}},
	{{{-2477, 1077, -10489}, 0, {582, -214}, {0xF2, 0x7D, 0xEE, 0xFF}}},
	{{{-2568, 1036, -10758}, 0, {948, -491}, {0xF7, 0x7F, 0xFD, 0xFF}}},
	{{{-1986, 1044, -10811}, 0, {1312, 371}, {0x02, 0x7D, 0xE9, 0xFF}}},
	{{{-2117, 1001, -11043}, 0, {1608, 59}, {0x0C, 0x7E, 0xF5, 0xFF}}},
	{{{-1572, 931, -11207}, 0, {2127, 811}, {0x0E, 0x7B, 0xE6, 0xFF}}},
	{{{-1716, 892, -11472}, 0, {2470, 470}, {0x1A, 0x7B, 0xF2, 0xFF}}},
	{{{-1183, 777, -11577}, 0, {2902, 1239}, {0x13, 0x7B, 0xE6, 0xFF}}},
	{{{-1306, 737, -11852}, 0, {3268, 927}, {0x1D, 0x7B, 0xF4, 0xFF}}},
	{{{-634, 635, -11919}, 0, {3703, 1917}, {0x16, 0x7A, 0xE5, 0xFF}}},
	{{{-757, 595, -12197}, 0, {4075, 1601}, {0x1D, 0x7B, 0xF5, 0xFF}}},
	{{{-50, 447, -12135}, 0, {4351, 2720}, {0x1A, 0x7A, 0xEA, 0xFF}}},
	{{{-117, 408, -12446}, 0, {4796, 2474}, {0x1E, 0x7B, 0xFB, 0xFF}}},
	{{{689, 294, -12148}, 0, {4749, 3847}, {0x22, 0x75, 0xDD, 0xFF}}},
	{{{-117, 408, -12446}, 0, {4796, 2474}, {0x1E, 0x7B, 0xFB, 0xFF}}},
	{{{689, 294, -12148}, 0, {4749, 3847}, {0x22, 0x75, 0xDD, 0xFF}}},
	{{{933, 131, -12436}, 0, {5348, 4102}, {0x1D, 0x7B, 0x07, 0xFF}}},
	{{{2127, -102, -11705}, 0, {4912, 6301}, {0x16, 0x7B, 0xEA, 0xFF}}},
	{{{2267, -193, -12024}, 0, {5477, 6344}, {0x0C, 0x7E, 0x07, 0xFF}}},
	{{{3141, -102, -11238}, 0, {4796, 8081}, {0xFF, 0x7F, 0xFE, 0xFF}}},
	{{{3063, -102, -10416}, 0, {3520, 8436}, {0x00, 0x7F, 0x00, 0xFF}}},
	{{{3661, -102, -10544}, 0, {4053, 9261}, {0x00, 0x7F, 0x00, 0xFF}}},
	{{{3657, -102, -10329}, 0, {3727, 9377}, {0x00, 0x7F, 0x00, 0xFF}}},
	{{{3926, -102, -11064}, 0, {4986, 9362}, {0xA5, 0x56, 0xEB, 0xFF}}},
	{{{3754, -102, -10594}, 0, {4181, 9371}, {0xAC, 0x5A, 0xE1, 0xFF}}},
	{{{4004, -102, -11800}, 0, {6138, 9059}, {0x00, 0x7F, 0x00, 0xFF}}},
	{{{3219, -102, -12059}, 0, {6082, 7728}, {0xF9, 0x7F, 0x03, 0xFF}}},
	{{{2373, -102, -12323}, 0, {5995, 6316}, {0x02, 0x79, 0x26, 0xFF}}},
	{{{569, 294, -12757}, 0, {5633, 3345}, {0x1C, 0x79, 0x1A, 0xFF}}},
	{{{-184, 447, -12757}, 0, {5223, 2198}, {0x1F, 0x7B, 0x09, 0xFF}}},
	{{{-881, 635, -12475}, 0, {4425, 1264}, {0x23, 0x7A, 0x03, 0xFF}}},
	{{{-757, 595, -12197}, 0, {4075, 1601}, {0x1D, 0x7B, 0xF5, 0xFF}}},
	{{{-1419, 777, -12181}, 0, {3699, 580}, {0x25, 0x7A, 0x02, 0xFF}}},
	{{{-1306, 737, -11852}, 0, {3268, 927}, {0x1D, 0x7B, 0xF4, 0xFF}}},
	{{{-1871, 931, -11747}, 0, {2802, 89}, {0x25, 0x79, 0xFD, 0xFF}}},
	{{{-1716, 892, -11472}, 0, {2470, 470}, {0x1A, 0x7B, 0xF2, 0xFF}}},
	{{{-2261, 1037, -11303}, 0, {1928, -295}, {0x18, 0x7D, 0x04, 0xFF}}},
	{{{-2117, 1001, -11043}, 0, {1608, 59}, {0x0C, 0x7E, 0xF5, 0xFF}}},
	{{{-2648, 1058, -11036}, 0, {1334, -748}, {0x01, 0x7F, 0x0A, 0xFF}}},
	{{{-2568, 1036, -10758}, 0, {948, -491}, {0xF7, 0x7F, 0xFD, 0xFF}}},
	{{{-3043, 1008, -10947}, 0, {1009, -1308}, {0xE1, 0x79, 0x16, 0xFF}}},
	{{{-3050, 948, -10651}, 0, {544, -1189}, {0xE7, 0x7C, 0xF8, 0xFF}}},
	{{{-3386, 879, -11008}, 0, {907, -1886}, {0xD2, 0x76, 0xFC, 0xFF}}},
	{{{-3496, 850, -10721}, 0, {417, -1918}, {0xE0, 0x79, 0xE9, 0xFF}}},
	{{{-3808, 665, -11008}, 0, {693, -2601}, {0xDF, 0x75, 0xDA, 0xFF}}},
	{{{-3640, 689, -11212}, 0, {1085, -2453}, {0xC8, 0x6D, 0xDF, 0xFF}}},
	{{{-3789, 528, -11474}, 0, {1414, -2879}, {0xDA, 0x71, 0xD4, 0xFF}}},
	{{{-3808, 665, -11008}, 0, {693, -2601}, {0xDF, 0x75, 0xDA, 0xFF}}},
	{{{-3640, 689, -11212}, 0, {1085, -2453}, {0xC8, 0x6D, 0xDF, 0xFF}}},
	{{{-4054, 487, -11383}, 0, {1131, -3229}, {0xF1, 0x74, 0xCD, 0xFF}}},
	{{{-4090, 180, -12002}, 0, {2088, -3743}, {0xF1, 0x76, 0xD4, 0xFF}}},
	{{{-3789, 271, -12046}, 0, {2308, -3298}, {0xDD, 0x71, 0xD2, 0xFF}}},
	{{{-3988, 65, -12455}, 0, {2823, -3896}, {0xFF, 0x7D, 0xEA, 0xFF}}},
	{{{-3789, 65, -12455}, 0, {2959, -3612}, {0x1A, 0x7B, 0xF1, 0xFF}}},
	{{{-2659, 0, -13530}, 0, {5350, -2801}, {0x21, 0x7A, 0x06, 0xFF}}},
	{{{-3008, 0, -14278}, 0, {6138, -3843}, {0x10, 0x7E, 0xFF, 0xFF}}},
	{{{-3691, 73, -14608}, 0, {6091, -5048}, {0x05, 0x7E, 0xF1, 0xFF}}},
	{{{-2203, 2878, -10144}, 0, {-4945, 8027}, {0x00, 0x7F, 0x00, 0xFF}}},
	{{{-1128, 2878, -8708}, 0, {-5652, 5268}, {0xE0, 0x60, 0xB3, 0xFF}}},
	{{{-1202, 2878, -9066}, 0, {-5760, 5839}, {0x00, 0x7F, 0x00, 0xFF}}},
	{{{-3291, 2878, -9419}, 0, {-2909, 7622}, {0x35, 0x73, 0xF5, 0xFF}}},
	{{{-3076, 2878, -10360}, 0, {-3795, 8872}, {0x00, 0x7F, 0x00, 0xFF}}},
	{{{-3593, 2878, -10491}, 0, {-3116, 9377}, {0x00, 0x7F, 0x00, 0xFF}}},
	{{{-2137, 2967, -8243}, 0, {-3885, 5190}, {0xC5, 0x61, 0xC8, 0xFF}}},
	{{{-3122, 2967, -8243}, 0, {-2439, 5789}, {0x56, 0x5B, 0x14, 0xFF}}},
	{{{-2474, 2746, -7496}, 0, {-2916, 4252}, {0xA9, 0x5C, 0xF4, 0xFF}}},
	{{{-3389, 2746, -7496}, 0, {-1574, 4809}, {0x4E, 0x52, 0x3A, 0xFF}}},
};

Gfx prince_valley_dl_terrain_mesh_layer_1_tri_3[] = {
	gsSPVertex(prince_valley_dl_terrain_mesh_layer_1_vtx_3 + 0, 32, 0),
	gsSP2Triangles(0, 1, 2, 0, 3, 1, 0, 0),
	gsSP2Triangles(0, 4, 3, 0, 0, 5, 4, 0),
	gsSP2Triangles(5, 6, 4, 0, 5, 7, 6, 0),
	gsSP2Triangles(7, 5, 8, 0, 8, 9, 7, 0),
	gsSP2Triangles(8, 10, 9, 0, 10, 11, 9, 0),
	gsSP2Triangles(10, 12, 11, 0, 12, 13, 11, 0),
	gsSP2Triangles(12, 14, 13, 0, 14, 15, 13, 0),
	gsSP2Triangles(14, 16, 15, 0, 16, 17, 15, 0),
	gsSP2Triangles(16, 18, 17, 0, 17, 18, 19, 0),
	gsSP2Triangles(17, 19, 20, 0, 20, 19, 21, 0),
	gsSP2Triangles(20, 21, 22, 0, 22, 21, 23, 0),
	gsSP2Triangles(22, 23, 24, 0, 24, 23, 25, 0),
	gsSP2Triangles(24, 25, 26, 0, 26, 25, 27, 0),
	gsSP2Triangles(26, 27, 28, 0, 28, 27, 29, 0),
	gsSP2Triangles(28, 29, 30, 0, 30, 29, 31, 0),
	gsSPVertex(prince_valley_dl_terrain_mesh_layer_1_vtx_3 + 32, 32, 0),
	gsSP2Triangles(0, 1, 2, 0, 2, 1, 3, 0),
	gsSP2Triangles(2, 3, 4, 0, 3, 5, 4, 0),
	gsSP2Triangles(3, 6, 5, 0, 7, 5, 6, 0),
	gsSP2Triangles(7, 6, 8, 0, 7, 9, 5, 0),
	gsSP2Triangles(7, 10, 9, 0, 5, 9, 11, 0),
	gsSP2Triangles(5, 11, 12, 0, 4, 5, 12, 0),
	gsSP2Triangles(4, 12, 13, 0, 2, 4, 13, 0),
	gsSP2Triangles(2, 13, 14, 0, 0, 2, 14, 0),
	gsSP2Triangles(0, 14, 15, 0, 16, 0, 15, 0),
	gsSP2Triangles(16, 17, 0, 0, 18, 17, 16, 0),
	gsSP2Triangles(18, 19, 17, 0, 20, 19, 18, 0),
	gsSP2Triangles(20, 21, 19, 0, 22, 21, 20, 0),
	gsSP2Triangles(22, 23, 21, 0, 24, 23, 22, 0),
	gsSP2Triangles(24, 25, 23, 0, 26, 25, 24, 0),
	gsSP2Triangles(26, 27, 25, 0, 28, 27, 26, 0),
	gsSP2Triangles(28, 29, 27, 0, 30, 29, 28, 0),
	gsSP1Triangle(30, 28, 31, 0),
	gsSPVertex(prince_valley_dl_terrain_mesh_layer_1_vtx_3 + 64, 21, 0),
	gsSP2Triangles(0, 1, 2, 0, 0, 3, 1, 0),
	gsSP2Triangles(4, 3, 0, 0, 4, 0, 5, 0),
	gsSP2Triangles(6, 4, 5, 0, 6, 5, 7, 0),
	gsSP2Triangles(8, 9, 10, 0, 11, 12, 13, 0),
	gsSP2Triangles(11, 14, 12, 0, 15, 14, 11, 0),
	gsSP2Triangles(15, 16, 14, 0, 14, 17, 12, 0),
	gsSP2Triangles(14, 18, 17, 0, 19, 17, 18, 0),
	gsSP1Triangle(19, 18, 20, 0),
	gsSPEndDisplayList(),
};

Vtx prince_valley_dl_terrain_mesh_layer_1_vtx_4[3] = {
	{{{3754, -102, -10594}, 0, {4181, 9371}, {0xAC, 0x5A, 0xE1, 0xFF}}},
	{{{3661, -102, -10544}, 0, {4053, 9261}, {0x00, 0x7F, 0x00, 0xFF}}},
	{{{3657, -102, -10329}, 0, {3727, 9377}, {0x00, 0x7F, 0x00, 0xFF}}},
};

Gfx prince_valley_dl_terrain_mesh_layer_1_tri_4[] = {
	gsSPVertex(prince_valley_dl_terrain_mesh_layer_1_vtx_4 + 0, 3, 0),
	gsSP1Triangle(0, 1, 2, 0),
	gsSPEndDisplayList(),
};

Vtx prince_valley_dl_terrain_mesh_layer_1_vtx_5[14] = {
	{{{511, 566, -2689}, 0, {-3807, -5438}, {0x0F, 0x7C, 0x16, 0xFF}}},
	{{{1986, 229, -1387}, 0, {-4972, -8385}, {0x03, 0x7C, 0x1D, 0xFF}}},
	{{{2178, 419, -2099}, 0, {-5760, -7469}, {0xFF, 0x7B, 0x21, 0xFF}}},
	{{{26, 526, -2040}, 0, {-2657, -6015}, {0x11, 0x7C, 0x16, 0xFF}}},
	{{{-1116, 1046, -3730}, 0, {-2229, -2701}, {0x0E, 0x7B, 0x1C, 0xFF}}},
	{{{-1868, 1006, -3223}, 0, {-801, -2899}, {0x0F, 0x7B, 0x1D, 0xFF}}},
	{{{-2299, 1424, -4777}, 0, {-1289, -300}, {0x1B, 0x77, 0x23, 0xFF}}},
	{{{-2919, 1424, -4201}, 0, {3, -666}, {0x1D, 0x78, 0x1F, 0xFF}}},
	{{{-3377, 1853, -5136}, 0, {14, 1122}, {0x1D, 0x74, 0x2A, 0xFF}}},
	{{{-2635, 1853, -5591}, 0, {-1362, 1254}, {0x16, 0x74, 0x30, 0xFF}}},
	{{{-3656, 2525, -6888}, 0, {-788, 4024}, {0x5F, 0x4C, 0x26, 0xFF}}},
	{{{-2811, 2525, -6749}, 0, {-1948, 3315}, {0xA7, 0x55, 0x20, 0xFF}}},
	{{{-3389, 2746, -7496}, 0, {-1574, 4809}, {0x4E, 0x52, 0x3A, 0xFF}}},
	{{{-2474, 2746, -7496}, 0, {-2916, 4252}, {0xA9, 0x5C, 0xF4, 0xFF}}},
};

Gfx prince_valley_dl_terrain_mesh_layer_1_tri_5[] = {
	gsSPVertex(prince_valley_dl_terrain_mesh_layer_1_vtx_5 + 0, 14, 0),
	gsSP2Triangles(0, 1, 2, 0, 0, 3, 1, 0),
	gsSP2Triangles(4, 3, 0, 0, 4, 5, 3, 0),
	gsSP2Triangles(6, 5, 4, 0, 6, 7, 5, 0),
	gsSP2Triangles(8, 7, 6, 0, 8, 6, 9, 0),
	gsSP2Triangles(10, 8, 9, 0, 10, 9, 11, 0),
	gsSP2Triangles(12, 10, 11, 0, 12, 11, 13, 0),
	gsSPEndDisplayList(),
};

Vtx prince_valley_dl_terrain_mesh_layer_1_vtx_6[522] = {
	{{{-4521, 2418, -9145}, 0, {-5075, -1978}, {0x1F, 0x00, 0x85, 0xFF}}},
	{{{-5458, 2525, -9379}, 0, {-6099, -2095}, {0x43, 0x00, 0x94, 0xFF}}},
	{{{-5458, 4485, -9379}, 0, {-6099, -4236}, {0x53, 0x00, 0xA0, 0xFF}}},
	{{{-6519, 3065, -12318}, 0, {-7257, -13474}, {0x00, 0x7F, 0x02, 0xFF}}},
	{{{-6032, 3074, -12812}, 0, {-6726, -14014}, {0x00, 0x7F, 0x02, 0xFF}}},
	{{{-6519, 3074, -12812}, 0, {-7257, -14014}, {0x00, 0x7F, 0x02, 0xFF}}},
	{{{-4015, 711, -10794}, 0, {6431, 8551}, {0x62, 0x00, 0xAF, 0xFF}}},
	{{{-4015, 895, -10794}, 0, {6138, 8551}, {0x5E, 0x00, 0xAB, 0xFF}}},
	{{{-3593, 895, -10491}, 0, {6138, 9377}, {0x4A, 0x00, 0x99, 0xFF}}},
	{{{4161, 3923, -6879}, 0, {7541, -3622}, {0x86, 0x19, 0xE5, 0xFF}}},
	{{{3870, 2615, -6779}, 0, {7432, -2193}, {0x86, 0x19, 0xE5, 0xFF}}},
	{{{4079, 3923, -6505}, 0, {7133, -3622}, {0x86, 0x19, 0xE5, 0xFF}}},
	{{{3461, 3425, -7606}, 0, {3643, -3078}, {0x36, 0x00, 0x73, 0xFF}}},
	{{{4353, 4149, -8021}, 0, {4617, -3869}, {0x36, 0x00, 0x73, 0xFF}}},
	{{{3461, 4149, -7606}, 0, {3643, -3869}, {0x36, 0x00, 0x73, 0xFF}}},
	{{{2127, -102, -11705}, 0, {2186, 774}, {0x4D, 0x00, 0x9B, 0xFF}}},
	{{{689, 294, -12148}, 0, {616, 342}, {0x25, 0x00, 0x87, 0xFF}}},
	{{{2127, 107, -11705}, 0, {2186, 546}, {0x48, 0x00, 0x97, 0xFF}}},
	{{{-1572, 120, -11207}, 0, {12269, 532}, {0x5A, 0xFE, 0x5A, 0xFF}}},
	{{{-1227, -530, -11577}, 0, {12673, 1241}, {0x5D, 0x00, 0x57, 0xFF}}},
	{{{-1227, -149, -11577}, 0, {12673, 826}, {0x58, 0xFE, 0x5B, 0xFF}}},
	{{{6783, 4600, -6047}, 0, {6633, -4362}, {0x97, 0x35, 0x30, 0xFF}}},
	{{{7220, 4645, -5145}, 0, {5648, -4411}, {0x97, 0x35, 0x30, 0xFF}}},
	{{{7865, 6200, -5453}, 0, {5984, -6109}, {0x97, 0x35, 0x30, 0xFF}}},
	{{{-1529, -75, -9365}, 0, {10257, 745}, {0x68, 0x09, 0xB7, 0xFF}}},
	{{{-1649, 101, -9515}, 0, {10421, 552}, {0x5C, 0x0D, 0xAA, 0xFF}}},
	{{{-1481, 101, -9277}, 0, {10161, 552}, {0x68, 0x08, 0xB7, 0xFF}}},
	{{{569, 1001, -12757}, 0, {13962, -431}, {0x7F, 0x00, 0xF7, 0xFF}}},
	{{{569, 294, -12757}, 0, {13962, 342}, {0x7F, 0x00, 0xF7, 0xFF}}},
	{{{489, 457, -13859}, 0, {15166, 164}, {0x7F, 0x00, 0xF7, 0xFF}}},
	{{{-184, 1001, -13427}, 0, {14694, -431}, {0x7F, 0x00, 0x00, 0xFF}}},
	{{{-184, 457, -14569}, 0, {15941, 164}, {0x7F, 0x00, 0x00, 0xFF}}},
	{{{-184, 1001, -14912}, 0, {16316, -431}, {0x7F, 0x00, 0x00, 0xFF}}},
	{{{7865, 6200, -5453}, 0, {8453, -5976}, {0xD7, 0x65, 0xC0, 0xFF}}},
	{{{5796, 6042, -4375}, 0, {6194, -4798}, {0xCA, 0x64, 0x38, 0xFF}}},
	{{{8153, 6234, -4827}, 0, {8768, -5292}, {0xF5, 0x7F, 0xFE, 0xFF}}},
	{{{4755, 1246, -13073}, 0, {5056, -698}, {0x00, 0x00, 0x7F, 0xFF}}},
	{{{4245, 4313, -13073}, 0, {4500, -4048}, {0x00, 0x00, 0x7F, 0xFF}}},
	{{{4245, 1211, -13073}, 0, {4500, -660}, {0x00, 0x00, 0x7F, 0xFF}}},
	{{{4755, 4930, -13073}, 0, {5056, -4722}, {0x00, 0x00, 0x7F, 0xFF}}},
	{{{4669, 229, -11572}, 0, {12668, 413}, {0x81, 0x00, 0xF8, 0xFF}}},
	{{{4636, 766, -11064}, 0, {12113, -174}, {0x90, 0x00, 0x3C, 0xFF}}},
	{{{4755, 1246, -13073}, 0, {14307, -698}, {0x81, 0xFF, 0xF8, 0xFF}}},
	{{{4636, 229, -11064}, 0, {12113, 413}, {0x93, 0x00, 0x41, 0xFF}}},
	{{{-1871, 931, -11747}, 0, {12859, -355}, {0xA4, 0x00, 0xA9, 0xFF}}},
	{{{-2261, 394, -11303}, 0, {12373, 233}, {0xAA, 0x00, 0xA3, 0xFF}}},
	{{{-2261, 1037, -11303}, 0, {12373, -470}, {0xAC, 0x00, 0xA0, 0xFF}}},
	{{{-1871, 224, -11747}, 0, {12859, 419}, {0xA5, 0x00, 0xA7, 0xFF}}},
	{{{-1419, 777, -12181}, 0, {-1687, -185}, {0xB3, 0x00, 0x9B, 0xFF}}},
	{{{-1871, 224, -11747}, 0, {-2181, 419}, {0xA5, 0x00, 0xA7, 0xFF}}},
	{{{-1871, 931, -11747}, 0, {-2181, -355}, {0xA4, 0x00, 0xA9, 0xFF}}},
	{{{-1419, -431, -12181}, 0, {-1687, 1134}, {0xBA, 0x00, 0x96, 0xFF}}},
	{{{-881, 635, -12475}, 0, {-1099, -30}, {0xC3, 0x00, 0x91, 0xFF}}},
	{{{-881, -431, -12475}, 0, {-1099, 1134}, {0xC3, 0x00, 0x91, 0xFF}}},
	{{{-3789, 271, -12046}, 0, {13185, 366}, {0x7F, 0x00, 0x00, 0xFF}}},
	{{{-3789, -157, -11474}, 0, {12560, 834}, {0x7A, 0x00, 0xDD, 0xFF}}},
	{{{-3789, 65, -12455}, 0, {13632, 592}, {0x7F, 0x00, 0x00, 0xFF}}},
	{{{-3789, 528, -11474}, 0, {12560, 86}, {0x78, 0x00, 0xD7, 0xFF}}},
	{{{-3640, -157, -11212}, 0, {12274, 834}, {0x62, 0x00, 0xAF, 0xFF}}},
	{{{-3640, 689, -11212}, 0, {12274, -90}, {0x5C, 0x00, 0xA8, 0xFF}}},
	{{{-4278, 545, -11255}, 0, {-4810, 68}, {0xE3, 0x00, 0x84, 0xFF}}},
	{{{-5011, 895, -11083}, 0, {-5610, -315}, {0x22, 0x00, 0x86, 0xFF}}},
	{{{-4278, 895, -11255}, 0, {-4810, -315}, {0xE3, 0x00, 0x84, 0xFF}}},
	{{{-5011, 278, -11083}, 0, {-5610, 359}, {0x2A, 0x00, 0x88, 0xFF}}},
	{{{-5636, 278, -11686}, 0, {-6293, 359}, {0x58, 0x00, 0xA5, 0xFF}}},
	{{{-5636, 895, -11686}, 0, {-6293, -315}, {0x58, 0x00, 0xA5, 0xFF}}},
	{{{-4278, 895, -11255}, 0, {12321, -315}, {0x6E, 0x00, 0xC1, 0xFF}}},
	{{{-4015, 711, -10794}, 0, {11818, -113}, {0x62, 0x00, 0xAF, 0xFF}}},
	{{{-4278, 545, -11255}, 0, {12321, 68}, {0x6E, 0x00, 0xC1, 0xFF}}},
	{{{-4015, 895, -10794}, 0, {11818, -315}, {0x5E, 0x00, 0xAB, 0xFF}}},
	{{{-1227, -530, -11577}, 0, {12673, 1241}, {0x82, 0x0E, 0x08, 0xFF}}},
	{{{-952, -230, -9563}, 0, {10473, 915}, {0xAE, 0x04, 0x9F, 0xFF}}},
	{{{-1227, -149, -11577}, 0, {12673, 826}, {0x82, 0x00, 0x11, 0xFF}}},
	{{{-952, -574, -9563}, 0, {10473, 1290}, {0xA3, 0x2E, 0xB6, 0xFF}}},
	{{{-1418, -1300, -9869}, 0, {10807, 2083}, {0xC6, 0x40, 0xA3, 0xFF}}},
	{{{-1306, -1302, -11516}, 0, {12606, 2085}, {0x82, 0x0C, 0xF7, 0xFF}}},
	{{{-3076, 1020, -10360}, 0, {-3497, -452}, {0x40, 0xFB, 0x92, 0xFF}}},
	{{{-3076, 2878, -10360}, 0, {-3497, -2480}, {0x1F, 0x00, 0x85, 0xFF}}},
	{{{-2203, 2878, -10144}, 0, {-2544, -2480}, {0x42, 0xF2, 0x94, 0xFF}}},
	{{{-3593, 2878, -10491}, 0, {-4061, -2480}, {0x1F, 0x00, 0x85, 0xFF}}},
	{{{-3593, 895, -10491}, 0, {-4061, -315}, {0x1F, 0x00, 0x85, 0xFF}}},
	{{{-1482, 1239, -9276}, 0, {10160, -690}, {0xA2, 0xFD, 0xAB, 0xFF}}},
	{{{-1202, 2878, -9066}, 0, {9931, -2480}, {0x98, 0x1A, 0xBC, 0xFF}}},
	{{{-917, 1450, -10065}, 0, {11022, -921}, {0xA8, 0xE3, 0xA9, 0xFF}}},
	{{{3063, 16, -10416}, 0, {11405, 645}, {0x29, 0x59, 0xB0, 0xFF}}},
	{{{2127, -102, -11705}, 0, {12812, 774}, {0x4D, 0x00, 0x9B, 0xFF}}},
	{{{2127, 107, -11705}, 0, {12812, 546}, {0x48, 0x00, 0x97, 0xFF}}},
	{{{3063, -102, -10416}, 0, {11405, 774}, {0x42, 0x00, 0x93, 0xFF}}},
	{{{-3459, 895, -10016}, 0, {-3915, -315}, {0xD9, 0x00, 0x87, 0xFF}}},
	{{{-4119, 1772, -9804}, 0, {-4636, -1273}, {0xD8, 0x00, 0x87, 0xFF}}},
	{{{-3459, 1772, -10016}, 0, {-3915, -1273}, {0xD9, 0x00, 0x87, 0xFF}}},
	{{{-4723, 960, -9600}, 0, {-5296, -386}, {0x1C, 0x00, 0x84, 0xFF}}},
	{{{-4723, 960, -9600}, 0, {-5296, -386}, {0x1C, 0x00, 0x84, 0xFF}}},
	{{{-4723, 2254, -9600}, 0, {-5296, -1799}, {0x31, 0x00, 0x8B, 0xFF}}},
	{{{-4119, 1772, -9804}, 0, {-4636, -1273}, {0xD8, 0x00, 0x87, 0xFF}}},
	{{{-3901, 1772, -9349}, 0, {-4399, -10231}, {0x4E, 0x59, 0xD3, 0xFF}}},
	{{{-4521, 2418, -9145}, 0, {-5075, -10008}, {0x55, 0x41, 0xBB, 0xFF}}},
	{{{-4317, 2525, -8814}, 0, {-4853, -9647}, {0x5B, 0x35, 0xB9, 0xFF}}},
	{{{-4119, 1772, -9804}, 0, {-4636, -10728}, {0x51, 0x5A, 0xD9, 0xFF}}},
	{{{-2137, 3958, -8243}, 0, {-2471, -9023}, {0xDA, 0x62, 0xB9, 0xFF}}},
	{{{-2070, 4100, -7546}, 0, {-2398, -8262}, {0x93, 0x3C, 0xE8, 0xFF}}},
	{{{-1903, 4167, -8076}, 0, {-2215, -8840}, {0xB1, 0x34, 0xAB, 0xFF}}},
	{{{-2474, 3762, -7496}, 0, {-2839, -8207}, {0xAC, 0x5E, 0xF4, 0xFF}}},
	{{{-5281, 960, -10163}, 0, {11129, -386}, {0x68, 0x00, 0xB7, 0xFF}}},
	{{{-4723, 2254, -9600}, 0, {10514, -1799}, {0x31, 0x00, 0x8B, 0xFF}}},
	{{{-4723, 960, -9600}, 0, {10514, -386}, {0x1C, 0x00, 0x84, 0xFF}}},
	{{{-5281, 2278, -10163}, 0, {11129, -1826}, {0x67, 0x00, 0xB6, 0xFF}}},
	{{{-5636, 2278, -10868}, 0, {11899, -1826}, {0x7C, 0x00, 0xE3, 0xFF}}},
	{{{-5636, 801, -10868}, 0, {11899, -212}, {0x7C, 0x00, 0xE4, 0xFF}}},
	{{{-5636, 895, -11686}, 0, {12792, -315}, {0x7F, 0x00, 0x00, 0xFF}}},
	{{{-5636, 2278, -12826}, 0, {14038, -1826}, {0x7F, 0x00, 0x00, 0xFF}}},
	{{{-5636, 278, -12826}, 0, {14038, 359}, {0x7F, 0x00, 0x00, 0xFF}}},
	{{{-5636, 278, -11686}, 0, {12792, 359}, {0x7F, 0x00, 0x00, 0xFF}}},
	{{{-4723, 2254, -9600}, 0, {-5296, -10505}, {0x29, 0x6D, 0xCE, 0xFF}}},
	{{{-4521, 2418, -9145}, 0, {-5075, -10008}, {0x29, 0x6A, 0xC8, 0xFF}}},
	{{{-4119, 1772, -9804}, 0, {-4636, -10728}, {0x39, 0x61, 0xC4, 0xFF}}},
	{{{-5458, 2525, -9379}, 0, {-6099, -10263}, {0x19, 0x77, 0xDB, 0xFF}}},
	{{{-5281, 2278, -10163}, 0, {-5905, -11120}, {0x11, 0x7B, 0xE6, 0xFF}}},
	{{{-6519, 2278, -10611}, 0, {-7257, -11609}, {0x03, 0x7F, 0xF8, 0xFF}}},
	{{{-5636, 2278, -10868}, 0, {-6293, -11890}, {0x00, 0x7F, 0x00, 0xFF}}},
	{{{-6519, 2278, -12101}, 0, {-7257, -13237}, {0x00, 0x7F, 0x00, 0xFF}}},
	{{{-5636, 2278, -12826}, 0, {-6293, -14029}, {0x00, 0x7F, 0x00, 0xFF}}},
	{{{-5458, 2525, -9379}, 0, {10272, -2095}, {0x43, 0x00, 0x94, 0xFF}}},
	{{{-6519, 4009, -10611}, 0, {11618, -3716}, {0x76, 0x00, 0xD0, 0xFF}}},
	{{{-5458, 4485, -9379}, 0, {10272, -4236}, {0x53, 0x00, 0xA0, 0xFF}}},
	{{{-6519, 2278, -10611}, 0, {11618, -1826}, {0x78, 0x00, 0xD6, 0xFF}}},
	{{{-6519, 3065, -12318}, 0, {13483, -2685}, {0x7F, 0x00, 0x00, 0xFF}}},
	{{{-6519, 2278, -12101}, 0, {13245, -1826}, {0x7F, 0x00, 0x00, 0xFF}}},
	{{{-6519, 4009, -12812}, 0, {14022, -3716}, {0x7F, 0x00, 0x00, 0xFF}}},
	{{{-6519, 3074, -12812}, 0, {14022, -2695}, {0x7F, 0x00, 0x00, 0xFF}}},
	{{{-6519, 2278, -12101}, 0, {-7257, -1826}, {0x52, 0x1F, 0x5B, 0xFF}}},
	{{{-6032, 3074, -12812}, 0, {-6726, -2695}, {0x52, 0x20, 0x5C, 0xFF}}},
	{{{-6519, 3065, -12318}, 0, {-7257, -2685}, {0x59, 0x18, 0x58, 0xFF}}},
	{{{-5636, 2278, -12826}, 0, {-6293, -1826}, {0x4D, 0x25, 0x5E, 0xFF}}},
	{{{-3314, 5378, -8500}, 0, {-3756, -5211}, {0xDC, 0x47, 0x9D, 0xFF}}},
	{{{-4833, 6659, -7039}, 0, {-5415, -6611}, {0xE7, 0x50, 0xA0, 0xFF}}},
	{{{-3963, 7064, -6888}, 0, {-4465, -7052}, {0xEA, 0x52, 0xA1, 0xFF}}},
	{{{-3291, 4053, -9419}, 0, {-3732, -3764}, {0xDA, 0x45, 0x9C, 0xFF}}},
	{{{3929, 7719, -10205}, 0, {11174, -7769}, {0xA2, 0x2E, 0xB8, 0xFF}}},
	{{{2145, 4338, -9848}, 0, {10785, -4076}, {0xA4, 0x29, 0xB3, 0xFF}}},
	{{{895, 4802, -8108}, 0, {8884, -4582}, {0xA3, 0x2B, 0xB5, 0xFF}}},
	{{{2902, 7204, -9104}, 0, {9972, -7205}, {0xA0, 0x35, 0xC0, 0xFF}}},
	{{{2902, 7204, -9104}, 0, {3032, -9963}, {0xE9, 0x7A, 0x1A, 0xFF}}},
	{{{4638, 7543, -9160}, 0, {4929, -10024}, {0xE9, 0x7A, 0x1D, 0xFF}}},
	{{{3929, 7719, -10205}, 0, {4154, -11165}, {0xEA, 0x78, 0x23, 0xFF}}},
	{{{3457, 7090, -7793}, 0, {3639, -8531}, {0xE9, 0x7B, 0x15, 0xFF}}},
	{{{-4833, 6659, -7039}, 0, {-5415, -6611}, {0xB1, 0x25, 0xA4, 0xFF}}},
	{{{-3291, 4053, -9419}, 0, {-3732, -3764}, {0xB1, 0x13, 0x9F, 0xFF}}},
	{{{-4611, 4664, -8034}, 0, {-5174, -4431}, {0xAF, 0x21, 0xA4, 0xFF}}},
	{{{-4317, 2525, -8814}, 0, {-4853, -2095}, {0xB5, 0x16, 0x9C, 0xFF}}},
	{{{-3291, 2878, -9419}, 0, {-3732, -2480}, {0xC5, 0x09, 0x90, 0xFF}}},
	{{{-3901, 1772, -9349}, 0, {-4399, -1273}, {0xD3, 0x11, 0x8B, 0xFF}}},
	{{{-3291, 1772, -9419}, 0, {-3732, -1273}, {0xF1, 0x00, 0x82, 0xFF}}},
	{{{-11485, 145, -5728}, 0, {6285, 505}, {0x65, 0x00, 0xB3, 0xFF}}},
	{{{-11485, 714, -5728}, 0, {6285, -117}, {0x66, 0x00, 0xB4, 0xFF}}},
	{{{-9758, 856, -2715}, 0, {2994, -272}, {0x6E, 0x00, 0xC1, 0xFF}}},
	{{{-13368, 714, -7715}, 0, {8455, -117}, {0x79, 0x00, 0xDB, 0xFF}}},
	{{{-13368, 145, -7715}, 0, {8455, 505}, {0x7B, 0x00, 0xE0, 0xFF}}},
	{{{-12728, 124, -10193}, 0, {11161, 527}, {0x7B, 0x00, 0x20, 0xFF}}},
	{{{-1903, 5654, -7202}, 0, {-2215, -5513}, {0xF7, 0x2E, 0x8A, 0xFF}}},
	{{{-1084, 4739, -7621}, 0, {-1322, -4514}, {0xF5, 0x3A, 0x90, 0xFF}}},
	{{{-1903, 4625, -8076}, 0, {-2215, -4389}, {0x28, 0x4E, 0xA4, 0xFF}}},
	{{{-1081, 6278, -7293}, 0, {-1318, -6194}, {0x9B, 0x27, 0xBD, 0xFF}}},
	{{{-287, 7139, -8122}, 0, {-451, -8891}, {0x42, 0x6C, 0x0C, 0xFF}}},
	{{{321, 6618, -6803}, 0, {213, -7450}, {0x43, 0x6B, 0x0B, 0xFF}}},
	{{{871, 6474, -8102}, 0, {814, -8869}, {0x3F, 0x6E, 0x0E, 0xFF}}},
	{{{-497, 7139, -6544}, 0, {-680, -7167}, {0x46, 0x69, 0x09, 0xFF}}},
	{{{871, 6474, -8102}, 0, {8878, -6409}, {0x76, 0xFB, 0x2E, 0xFF}}},
	{{{321, 5290, -6803}, 0, {7459, -5115}, {0x77, 0xFB, 0x2D, 0xFF}}},
	{{{674, 4909, -7914}, 0, {8672, -4699}, {0x78, 0xF6, 0x2A, 0xFF}}},
	{{{321, 6618, -6803}, 0, {7459, -6566}, {0x75, 0x00, 0x32, 0xFF}}},
	{{{2902, 7204, -9104}, 0, {3032, -9963}, {0xAD, 0x55, 0x2D, 0xFF}}},
	{{{1804, 4923, -6803}, 0, {1833, -7450}, {0xAF, 0x56, 0x2F, 0xFF}}},
	{{{3457, 7090, -7793}, 0, {3639, -8531}, {0xAB, 0x54, 0x2B, 0xFF}}},
	{{{895, 4802, -8108}, 0, {840, -8875}, {0xB0, 0x57, 0x30, 0xFF}}},
	{{{-2137, 2967, -8243}, 0, {-2471, -2578}, {0xC5, 0x61, 0xC8, 0xFF}}},
	{{{-1128, 3055, -8708}, 0, {-1369, -2674}, {0xCB, 0x00, 0x8D, 0xFF}}},
	{{{-1128, 2878, -8708}, 0, {-1369, -2480}, {0xE0, 0x60, 0xB3, 0xFF}}},
	{{{-2137, 3958, -8243}, 0, {-2471, -3660}, {0x9F, 0x00, 0xAE, 0xFF}}},
	{{{-287, 7139, -8122}, 0, {-451, -7135}, {0xF3, 0xEF, 0x83, 0xFF}}},
	{{{674, 4909, -7914}, 0, {599, -4699}, {0xF1, 0xEE, 0x83, 0xFF}}},
	{{{-1084, 4739, -7621}, 0, {-1322, -4514}, {0xED, 0xEC, 0x84, 0xFF}}},
	{{{871, 6474, -8102}, 0, {814, -6409}, {0xFA, 0xF2, 0x82, 0xFF}}},
	{{{6477, 229, -8584}, 0, {9404, 413}, {0x66, 0x00, 0xB5, 0xFF}}},
	{{{7401, 1783, -7325}, 0, {8029, -1284}, {0x66, 0x00, 0xB5, 0xFF}}},
	{{{7401, 229, -7325}, 0, {8029, 413}, {0x66, 0x00, 0xB5, 0xFF}}},
	{{{6477, 1783, -8584}, 0, {9404, -1284}, {0x66, 0x00, 0xB5, 0xFF}}},
	{{{6783, 4600, -6047}, 0, {7271, -4362}, {0xF5, 0x2D, 0x8A, 0xFF}}},
	{{{10000, 5322, -6074}, 0, {10785, -5150}, {0xF5, 0x2C, 0x8A, 0xFF}}},
	{{{8689, 3155, -6668}, 0, {9354, -2784}, {0xF6, 0x27, 0x87, 0xFF}}},
	{{{7865, 6200, -5453}, 0, {8453, -6109}, {0xF4, 0x33, 0x8C, 0xFF}}},
	{{{8153, 6234, -4827}, 0, {8768, -5292}, {0x2B, 0x75, 0xE7, 0xFF}}},
	{{{10000, 5322, -6074}, 0, {10785, -6653}, {0x2B, 0x75, 0xEA, 0xFF}}},
	{{{7865, 6200, -5453}, 0, {8453, -5976}, {0x29, 0x76, 0xE7, 0xFF}}},
	{{{10438, 5488, -4230}, 0, {11264, -4640}, {0x2C, 0x75, 0xE9, 0xFF}}},
	{{{8676, 6296, -3695}, 0, {9339, -4056}, {0x2D, 0x74, 0xE5, 0xFF}}},
	{{{10129, 229, -11265}, 0, {10926, 413}, {0x13, 0x00, 0x7E, 0xFF}}},
	{{{7782, 587, -10917}, 0, {8362, 22}, {0x13, 0x00, 0x7E, 0xFF}}},
	{{{7782, 229, -10917}, 0, {8362, 413}, {0x13, 0x00, 0x7E, 0xFF}}},
	{{{5627, 229, -10598}, 0, {6009, 413}, {0x13, 0x00, 0x7E, 0xFF}}},
	{{{5627, 801, -10598}, 0, {6009, -212}, {0x13, 0x00, 0x7E, 0xFF}}},
	{{{6477, 229, -8584}, 0, {6937, 413}, {0xF4, 0x00, 0x82, 0xFF}}},
	{{{5239, 1783, -8463}, 0, {5585, -1284}, {0xF4, 0x00, 0x82, 0xFF}}},
	{{{6477, 1783, -8584}, 0, {6937, -1284}, {0xF4, 0x00, 0x82, 0xFF}}},
	{{{5239, 229, -8463}, 0, {5585, 413}, {0xF4, 0x00, 0x82, 0xFF}}},
	{{{5239, 1783, -8463}, 0, {9272, -1284}, {0x74, 0x00, 0xCC, 0xFF}}},
	{{{5746, 2631, -7325}, 0, {8029, -2211}, {0x74, 0x00, 0xCC, 0xFF}}},
	{{{5746, 1783, -7325}, 0, {8029, -1284}, {0x74, 0x00, 0xCC, 0xFF}}},
	{{{5239, 2631, -8463}, 0, {9272, -2211}, {0x74, 0x00, 0xCC, 0xFF}}},
	{{{7401, 1783, -7325}, 0, {7946, -1284}, {0x00, 0x00, 0x81, 0xFF}}},
	{{{5746, 1783, -7325}, 0, {6139, -1284}, {0x00, 0x00, 0x81, 0xFF}}},
	{{{5746, 2631, -7325}, 0, {6139, -2211}, {0x00, 0x00, 0x81, 0xFF}}},
	{{{7401, 3210, -7325}, 0, {7946, -2844}, {0xFC, 0xF9, 0x81, 0xFF}}},
	{{{5213, 2631, -7325}, 0, {5557, -2211}, {0x00, 0x00, 0x81, 0xFF}}},
	{{{5213, 5374, -7325}, 0, {5557, -5207}, {0x00, 0x00, 0x81, 0xFF}}},
	{{{5473, 4029, -6851}, 0, {7511, -3738}, {0x91, 0x00, 0x3D, 0xFF}}},
	{{{5473, 5374, -6851}, 0, {7511, -5207}, {0x91, 0x00, 0x3D, 0xFF}}},
	{{{5213, 5374, -7325}, 0, {8029, -5207}, {0x91, 0x00, 0x3D, 0xFF}}},
	{{{5213, 2631, -7325}, 0, {8029, -2211}, {0x91, 0x00, 0x3D, 0xFF}}},
	{{{5473, 2685, -6851}, 0, {7511, -2270}, {0x91, 0x00, 0x3D, 0xFF}}},
	{{{4835, 2623, -6968}, 0, {7638, -2202}, {0x71, 0x00, 0xC6, 0xFF}}},
	{{{5079, 3923, -6496}, 0, {7123, -3622}, {0x71, 0x00, 0xC6, 0xFF}}},
	{{{5079, 2623, -6496}, 0, {7123, -2202}, {0x71, 0x00, 0xC6, 0xFF}}},
	{{{4835, 3923, -6968}, 0, {7638, -3622}, {0x71, 0x00, 0xC6, 0xFF}}},
	{{{4161, 3923, -6879}, 0, {4408, -3622}, {0xEC, 0xFE, 0x83, 0xFF}}},
	{{{4835, 2623, -6968}, 0, {5143, -2202}, {0xEA, 0xFD, 0x83, 0xFF}}},
	{{{3870, 2615, -6779}, 0, {4090, -2193}, {0xE8, 0xFC, 0x83, 0xFF}}},
	{{{4835, 3923, -6968}, 0, {5143, -3622}, {0xEF, 0x00, 0x82, 0xFF}}},
	{{{3461, 3425, -7606}, 0, {8336, -3078}, {0x70, 0xFE, 0xC4, 0xFF}}},
	{{{3870, 2615, -6779}, 0, {7432, -2193}, {0x71, 0xFD, 0xC5, 0xFF}}},
	{{{3461, 2615, -7606}, 0, {8336, -2193}, {0x72, 0x00, 0xC8, 0xFF}}},
	{{{4079, 3923, -6505}, 0, {7133, -3622}, {0x6E, 0xF6, 0xC2, 0xFF}}},
	{{{3461, 4149, -7606}, 0, {8336, -3869}, {0x6C, 0xFB, 0xBD, 0xFF}}},
	{{{4079, 4925, -6779}, 0, {7432, -4716}, {0x6A, 0xF5, 0xBB, 0xFF}}},
	{{{3461, 4925, -7606}, 0, {8336, -4716}, {0x66, 0x00, 0xB4, 0xFF}}},
	{{{4079, 4925, -6505}, 0, {7133, -4716}, {0x59, 0xFA, 0xA6, 0xFF}}},
	{{{4079, 3923, -6505}, 0, {7133, -3622}, {0x16, 0x00, 0x83, 0xFF}}},
	{{{4079, 4925, -6779}, 0, {7432, -4716}, {0x7F, 0xFE, 0x00, 0xFF}}},
	{{{4126, 6737, -6748}, 0, {7398, -6696}, {0x2E, 0x03, 0x8A, 0xFF}}},
	{{{5473, 4029, -6851}, 0, {5841, -3738}, {0xAB, 0x00, 0xA2, 0xFF}}},
	{{{5079, 5268, -6496}, 0, {5410, -5091}, {0xAA, 0x0A, 0xA3, 0xFF}}},
	{{{5473, 5374, -6851}, 0, {5841, -5207}, {0xA8, 0x0D, 0xA5, 0xFF}}},
	{{{5079, 3923, -6496}, 0, {5410, -3622}, {0xAB, 0x00, 0xA2, 0xFF}}},
	{{{5473, 2685, -6851}, 0, {5841, -2270}, {0xAB, 0x00, 0xA2, 0xFF}}},
	{{{5079, 2623, -6496}, 0, {5410, -2202}, {0xAB, 0x00, 0xA2, 0xFF}}},
	{{{5079, 3923, -6496}, 0, {5410, -3622}, {0x01, 0x00, 0x81, 0xFF}}},
	{{{4079, 3923, -6505}, 0, {4318, -3622}, {0x16, 0x00, 0x83, 0xFF}}},
	{{{5079, 5268, -6496}, 0, {5410, -5091}, {0x0F, 0xFC, 0x82, 0xFF}}},
	{{{4079, 4925, -6505}, 0, {4318, -4716}, {0x59, 0xFA, 0xA6, 0xFF}}},
	{{{4126, 6737, -6748}, 0, {4369, -6696}, {0x2E, 0x03, 0x8A, 0xFF}}},
	{{{5290, 7257, -6188}, 0, {5641, -7264}, {0x32, 0x0D, 0x8C, 0xFF}}},
	{{{5473, 5374, -6851}, 0, {7511, -5207}, {0xA8, 0x0D, 0xA5, 0xFF}}},
	{{{5290, 7257, -6188}, 0, {6786, -7264}, {0x9E, 0x12, 0xB1, 0xFF}}},
	{{{5682, 7257, -6696}, 0, {7342, -7264}, {0x9C, 0x11, 0xB3, 0xFF}}},
	{{{5079, 5268, -6496}, 0, {7123, -5091}, {0xAA, 0x0A, 0xA3, 0xFF}}},
	{{{5473, 5374, -6851}, 0, {5841, -5207}, {0x37, 0x0A, 0x8E, 0xFF}}},
	{{{6612, 6661, -6191}, 0, {7085, -6612}, {0x3A, 0x07, 0x8F, 0xFF}}},
	{{{6653, 4600, -6429}, 0, {7129, -4362}, {0x33, 0x0E, 0x8C, 0xFF}}},
	{{{5682, 7257, -6696}, 0, {6069, -7264}, {0x3E, 0x02, 0x91, 0xFF}}},
	{{{4949, 5144, -5170}, 0, {5269, -4956}, {0xB9, 0x00, 0x69, 0xFF}}},
	{{{3333, 6447, -6257}, 0, {3504, -6379}, {0xB9, 0x00, 0x69, 0xFF}}},
	{{{3333, 4923, -6257}, 0, {3504, -4714}, {0xB9, 0x00, 0x69, 0xFF}}},
	{{{4949, 7134, -5170}, 0, {5269, -7129}, {0xB9, 0x00, 0x69, 0xFF}}},
	{{{4079, 4925, -6779}, 0, {4318, -4716}, {0xB9, 0x01, 0x97, 0xFF}}},
	{{{3333, 4923, -6257}, 0, {3504, -4714}, {0xB7, 0x00, 0x98, 0xFF}}},
	{{{3333, 6447, -6257}, 0, {3504, -6379}, {0xBB, 0x03, 0x96, 0xFF}}},
	{{{4126, 6737, -6748}, 0, {4369, -6696}, {0xBC, 0x04, 0x95, 0xFF}}},
	{{{5290, 7257, -6188}, 0, {5641, -6778}, {0x32, 0x70, 0x21, 0xFF}}},
	{{{6612, 6661, -6191}, 0, {7085, -6782}, {0x32, 0x6F, 0x22, 0xFF}}},
	{{{5682, 7257, -6696}, 0, {6069, -7333}, {0x32, 0x6E, 0x26, 0xFF}}},
	{{{4949, 7134, -5170}, 0, {5269, -5667}, {0x33, 0x70, 0x1F, 0xFF}}},
	{{{4949, 7134, -5170}, 0, {5269, -5667}, {0xCF, 0x75, 0xFC, 0xFF}}},
	{{{4126, 6737, -6748}, 0, {4369, -7390}, {0xD0, 0x76, 0xFB, 0xFF}}},
	{{{3333, 6447, -6257}, 0, {3504, -6853}, {0xD1, 0x76, 0xFB, 0xFF}}},
	{{{5290, 7257, -6188}, 0, {5641, -6778}, {0xCD, 0x74, 0xFD, 0xFF}}},
	{{{-1183, 777, -11577}, 0, {-1429, -185}, {0x50, 0xFE, 0x63, 0xFF}}},
	{{{-1227, -149, -11577}, 0, {-1477, 826}, {0x58, 0xFE, 0x5B, 0xFF}}},
	{{{-634, 635, -11919}, 0, {-830, -30}, {0x43, 0xFD, 0x6C, 0xFF}}},
	{{{-1572, 120, -11207}, 0, {-1854, 532}, {0x5A, 0xFE, 0x5A, 0xFF}}},
	{{{-1572, 931, -11207}, 0, {-1854, -355}, {0x58, 0x00, 0x5C, 0xFF}}},
	{{{-1986, 317, -10811}, 0, {-2306, 316}, {0x50, 0x00, 0x62, 0xFF}}},
	{{{-1986, 1044, -10811}, 0, {-2306, -477}, {0x4E, 0x00, 0x64, 0xFF}}},
	{{{-2477, 395, -10489}, 0, {-2842, 232}, {0x2F, 0xFF, 0x76, 0xFF}}},
	{{{-2477, 1077, -10489}, 0, {-2842, -514}, {0x31, 0x00, 0x75, 0xFF}}},
	{{{-3076, 1020, -10360}, 0, {-3497, -452}, {0x19, 0xFF, 0x7C, 0xFF}}},
	{{{-3173, 101, -10360}, 0, {-3603, 552}, {0x18, 0xFD, 0x7D, 0xFF}}},
	{{{-497, 7139, -6544}, 0, {-680, -7135}, {0x31, 0x14, 0x73, 0xFF}}},
	{{{-535, 6778, -6466}, 0, {-722, -6740}, {0x30, 0x0D, 0x75, 0xFF}}},
	{{{321, 6618, -6803}, 0, {213, -6566}, {0x31, 0x06, 0x75, 0xFF}}},
	{{{-207, 5474, -6559}, 0, {-364, -5316}, {0x33, 0x01, 0x74, 0xFF}}},
	{{{321, 5290, -6803}, 0, {213, -5115}, {0x35, 0x00, 0x73, 0xFF}}},
	{{{-1084, 4739, -7621}, 0, {8352, -4514}, {0xF5, 0x3A, 0x90, 0xFF}}},
	{{{-1081, 6278, -7293}, 0, {7993, -6194}, {0x9B, 0x27, 0xBD, 0xFF}}},
	{{{-287, 7139, -8122}, 0, {8900, -7135}, {0x97, 0x3A, 0xD7, 0xFF}}},
	{{{-497, 7139, -6544}, 0, {7176, -7135}, {0x8B, 0x2D, 0x14, 0xFF}}},
	{{{-572, 6585, -6684}, 0, {7329, -6529}, {0x8A, 0x00, 0x2F, 0xFF}}},
	{{{-3640, 689, -11212}, 0, {-4113, -90}, {0x5C, 0x00, 0xA8, 0xFF}}},
	{{{-3386, -68, -11008}, 0, {-3836, 738}, {0x43, 0x00, 0x94, 0xFF}}},
	{{{-3640, -157, -11212}, 0, {-4113, 834}, {0x62, 0x00, 0xAF, 0xFF}}},
	{{{-3386, 879, -11008}, 0, {-3836, -297}, {0x2C, 0x00, 0x89, 0xFF}}},
	{{{-3043, 436, -10947}, 0, {-3461, 186}, {0x04, 0x00, 0x81, 0xFF}}},
	{{{-3043, 1008, -10947}, 0, {-3461, -438}, {0xF9, 0x00, 0x81, 0xFF}}},
	{{{-2648, 491, -11036}, 0, {-3029, 127}, {0xCD, 0x00, 0x8C, 0xFF}}},
	{{{-2648, 1058, -11036}, 0, {-3029, -492}, {0xCC, 0x00, 0x8C, 0xFF}}},
	{{{-2261, 1037, -11303}, 0, {-2607, -470}, {0xAC, 0x00, 0xA0, 0xFF}}},
	{{{-2261, 394, -11303}, 0, {-2607, 233}, {0xAA, 0x00, 0xA3, 0xFF}}},
	{{{5239, 2631, -8463}, 0, {9272, -2211}, {0x7C, 0x19, 0xF3, 0xFF}}},
	{{{5137, 2623, -9355}, 0, {10246, -2202}, {0x7B, 0x1B, 0xF2, 0xFF}}},
	{{{4877, 3540, -8454}, 0, {9262, -3204}, {0x75, 0x2F, 0xF2, 0xFF}}},
	{{{5137, 2452, -9600}, 0, {10514, -2016}, {0x73, 0xD6, 0xDE, 0xFF}}},
	{{{5239, 1783, -8463}, 0, {9272, -1284}, {0x79, 0xE5, 0xE5, 0xFF}}},
	{{{-2563, 101, -10322}, 0, {11302, 552}, {0x38, 0x13, 0x90, 0xFF}}},
	{{{-2224, -1303, -10191}, 0, {11159, 2086}, {0x54, 0x14, 0xA3, 0xFF}}},
	{{{-2341, -1303, -10342}, 0, {11324, 2086}, {0x5C, 0x10, 0xAA, 0xFF}}},
	{{{-2128, 101, -9864}, 0, {10801, 552}, {0x52, 0x11, 0xA0, 0xFF}}},
	{{{-1904, -561, -11636}, 0, {-2216, 1276}, {0x00, 0x67, 0x4B, 0xFF}}},
	{{{-1306, -1302, -11516}, 0, {-1563, 2085}, {0x26, 0x31, 0x6F, 0xFF}}},
	{{{-1227, -530, -11577}, 0, {-1477, 1241}, {0xF6, 0x4E, 0x64, 0xFF}}},
	{{{-1998, -1182, -11017}, 0, {-2319, 1954}, {0x22, 0x54, 0x59, 0xFF}}},
	{{{-1904, -561, -11636}, 0, {-2216, -12729}, {0x00, 0x67, 0x4B, 0xFF}}},
	{{{-2311, -1182, -10989}, 0, {-2661, -12022}, {0x1E, 0x64, 0x49, 0xFF}}},
	{{{-1998, -1182, -11017}, 0, {-2319, -12053}, {0x22, 0x54, 0x59, 0xFF}}},
	{{{-2795, -658, -11711}, 0, {-3190, -12811}, {0x1C, 0x73, 0x2F, 0xFF}}},
	{{{-1879, -496, -11841}, 0, {-2190, -12953}, {0xF9, 0x7B, 0x1E, 0xFF}}},
	{{{-1227, -530, -11577}, 0, {-1477, -12664}, {0xF6, 0x4E, 0x64, 0xFF}}},
	{{{-2951, -527, -11951}, 0, {-3361, -13073}, {0x2C, 0x67, 0x3B, 0xFF}}},
	{{{-3249, -480, -11393}, 0, {-3686, -12463}, {0x43, 0x6C, 0xF8, 0xFF}}},
	{{{-3141, -517, -11187}, 0, {-3568, -12239}, {0x58, 0x5A, 0xEE, 0xFF}}},
	{{{-2505, -1182, -10805}, 0, {-2873, -11821}, {0x5D, 0x56, 0x0C, 0xFF}}},
	{{{-2505, -1182, -10805}, 0, {-2873, -11821}, {0x0A, 0x7D, 0x17, 0xFF}}},
	{{{-1998, -1182, -11017}, 0, {-2319, -12053}, {0x28, 0x72, 0x27, 0xFF}}},
	{{{-2311, -1182, -10989}, 0, {-2661, -12022}, {0x00, 0x7F, 0x00, 0xFF}}},
	{{{-2341, -1303, -10342}, 0, {-2695, -11316}, {0x09, 0x7E, 0x0D, 0xFF}}},
	{{{-1306, -1302, -11516}, 0, {-1563, -12597}, {0x0F, 0x7D, 0x0D, 0xFF}}},
	{{{-2224, -1303, -10191}, 0, {-2567, -11151}, {0x00, 0x7F, 0x00, 0xFF}}},
	{{{-1418, -1300, -9869}, 0, {-1686, -10798}, {0x00, 0x7F, 0x00, 0xFF}}},
	{{{-1855, -1302, -9984}, 0, {-2164, -10924}, {0xFF, 0x7F, 0x00, 0xFF}}},
	{{{-2128, 101, -9864}, 0, {-2461, 552}, {0x52, 0x11, 0xA0, 0xFF}}},
	{{{-1649, 101, -9515}, 0, {-1938, 552}, {0x5C, 0x0D, 0xAA, 0xFF}}},
	{{{-2224, -1303, -10191}, 0, {-2567, 2086}, {0x54, 0x14, 0xA3, 0xFF}}},
	{{{-1855, -1302, -9984}, 0, {-2164, 2085}, {0x41, 0x1A, 0x96, 0xFF}}},
	{{{-1529, -75, -9365}, 0, {-1807, 745}, {0x68, 0x09, 0xB7, 0xFF}}},
	{{{-1329, 0, -15092}, 0, {16512, 663}, {0x83, 0x00, 0xE8, 0xFF}}},
	{{{-1688, 1001, -13214}, 0, {14460, -431}, {0x83, 0x00, 0xE8, 0xFF}}},
	{{{-1329, 1001, -15092}, 0, {16512, -431}, {0x83, 0x00, 0xE8, 0xFF}}},
	{{{-1688, -431, -13214}, 0, {14460, 1134}, {0x83, 0x00, 0xE8, 0xFF}}},
	{{{-881, 1001, -12475}, 0, {-1099, -431}, {0xAA, 0x00, 0x5E, 0xFF}}},
	{{{-1688, 1001, -13214}, 0, {-1981, -431}, {0xAA, 0x00, 0x5E, 0xFF}}},
	{{{-881, 635, -12475}, 0, {-1099, -30}, {0xAA, 0x00, 0x5E, 0xFF}}},
	{{{-1688, -431, -13214}, 0, {-1981, 1134}, {0xAA, 0x00, 0x5E, 0xFF}}},
	{{{-881, -431, -12475}, 0, {-1099, 1134}, {0xAA, 0x00, 0x5E, 0xFF}}},
	{{{4245, -102, -13073}, 0, {14307, 774}, {0x9C, 0x00, 0x4F, 0xFF}}},
	{{{3182, 1021, -14417}, 0, {15775, -453}, {0x9C, 0x0C, 0x4D, 0xFF}}},
	{{{3182, -102, -14417}, 0, {15775, 774}, {0x9C, 0x00, 0x4F, 0xFF}}},
	{{{4245, 1211, -13073}, 0, {14307, -660}, {0x9B, 0x02, 0x4C, 0xFF}}},
	{{{2811, 1693, -15080}, 0, {16500, -1186}, {0x95, 0x0B, 0x44, 0xFF}}},
	{{{4245, 4313, -13073}, 0, {14307, -4048}, {0x96, 0x39, 0x28, 0xFF}}},
	{{{2811, 3235, -15556}, 0, {17019, -2870}, {0x91, 0x24, 0x32, 0xFF}}},
	{{{4755, 4930, -13073}, 0, {14307, -4722}, {0x95, 0x3C, 0x22, 0xFF}}},
	{{{4165, 5827, -15850}, 0, {17340, -5702}, {0x91, 0x30, 0x27, 0xFF}}},
	{{{4960, 7269, -14739}, 0, {16127, -7277}, {0x8C, 0x24, 0x24, 0xFF}}},
	{{{821, 356, -14732}, 0, {759, 274}, {0xE7, 0x41, 0x6A, 0xFF}}},
	{{{1949, 89, -14304}, 0, {1992, 566}, {0xED, 0x33, 0x73, 0xFF}}},
	{{{2811, 1693, -15080}, 0, {2933, -1186}, {0xDB, 0x45, 0x64, 0xFF}}},
	{{{3182, 1021, -14417}, 0, {3338, -453}, {0xE5, 0x31, 0x72, 0xFF}}},
	{{{3182, -102, -14417}, 0, {3338, 774}, {0x0C, 0x00, 0x7E, 0xFF}}},
	{{{-5636, 3532, -13864}, 0, {15170, -3195}, {0x6B, 0x2C, 0x34, 0xFF}}},
	{{{-6032, 3074, -12812}, 0, {14022, -2695}, {0x53, 0x24, 0x59, 0xFF}}},
	{{{-5636, 2278, -12826}, 0, {14038, -1826}, {0x65, 0x31, 0x3B, 0xFF}}},
	{{{-5636, 3532, -13864}, 0, {15170, -3195}, {0x6B, 0x2C, 0x34, 0xFF}}},
	{{{-6182, 4083, -13130}, 0, {14369, -3797}, {0x68, 0x23, 0x40, 0xFF}}},
	{{{-6032, 3074, -12812}, 0, {14022, -2695}, {0x53, 0x24, 0x59, 0xFF}}},
	{{{-6269, 4723, -13722}, 0, {15016, -4496}, {0x6A, 0x44, 0x12, 0xFF}}},
	{{{-6519, 4973, -12812}, 0, {14022, -4769}, {0x4E, 0x43, 0x4A, 0xFF}}},
	{{{-6519, 4009, -12812}, 0, {14022, -3716}, {0x41, 0x0B, 0x6D, 0xFF}}},
	{{{-6519, 4009, -12812}, 0, {-7257, -3716}, {0x41, 0x0B, 0x6D, 0xFF}}},
	{{{-6032, 3074, -12812}, 0, {-6726, -2695}, {0x53, 0x24, 0x59, 0xFF}}},
	{{{-6182, 4083, -13130}, 0, {-6889, -3797}, {0x68, 0x23, 0x40, 0xFF}}},
	{{{-6519, 3074, -12812}, 0, {-7257, -2695}, {0x00, 0x00, 0x7F, 0xFF}}},
	{{{4755, 1246, -13073}, 0, {5056, -698}, {0x4C, 0x0C, 0x65, 0xFF}}},
	{{{6387, 3207, -14516}, 0, {6839, -2840}, {0x57, 0x13, 0x5A, 0xFF}}},
	{{{4755, 4930, -13073}, 0, {5056, -4722}, {0x62, 0x1B, 0x4D, 0xFF}}},
	{{{6387, 1246, -14065}, 0, {6839, -698}, {0x41, 0x19, 0x6A, 0xFF}}},
	{{{13886, 229, -7017}, 0, {15029, 413}, {0xD9, 0x0B, 0x88, 0xFF}}},
	{{{12480, 1585, -6435}, 0, {13494, -1068}, {0xD9, 0x0B, 0x88, 0xFF}}},
	{{{14218, 2224, -6795}, 0, {15392, -1767}, {0xE0, 0x13, 0x87, 0xFF}}},
	{{{12480, 229, -6435}, 0, {13494, 413}, {0xCF, 0x00, 0x8B, 0xFF}}},
	{{{569, 1001, -12757}, 0, {484, -431}, {0x00, 0x00, 0x7F, 0xFF}}},
	{{{-184, 447, -12757}, 0, {-338, 175}, {0x15, 0x00, 0x7D, 0xFF}}},
	{{{569, 294, -12757}, 0, {484, 342}, {0x00, 0x00, 0x7F, 0xFF}}},
	{{{-184, 1001, -12757}, 0, {-338, -431}, {0x18, 0x00, 0x7D, 0xFF}}},
	{{{-881, 635, -12475}, 0, {-1099, -30}, {0x30, 0x00, 0x76, 0xFF}}},
	{{{-881, 1001, -12475}, 0, {-1099, -431}, {0x30, 0x00, 0x76, 0xFF}}},
	{{{-6519, 4973, -12812}, 0, {-7257, -14014}, {0x4E, 0x43, 0x4A, 0xFF}}},
	{{{-6269, 4723, -13722}, 0, {-6985, -15007}, {0x6A, 0x44, 0x12, 0xFF}}},
	{{{-7917, 6096, -13996}, 0, {-8785, -15307}, {0x03, 0x69, 0x47, 0xFF}}},
	{{{-7913, 4631, -12222}, 0, {-8780, -13369}, {0x19, 0x40, 0x6B, 0xFF}}},
	{{{-8858, 5835, -13996}, 0, {-9813, -15307}, {0xE8, 0x61, 0x4F, 0xFF}}},
	{{{-9888, 5394, -13744}, 0, {-10938, -15031}, {0xEC, 0x64, 0x4C, 0xFF}}},
	{{{-9488, 3509, -10993}, 0, {-10500, -12027}, {0x3A, 0x24, 0x6B, 0xFF}}},
	{{{4755, 4930, -13073}, 0, {14307, -4722}, {0x62, 0x1B, 0x4D, 0xFF}}},
	{{{5799, 5800, -15256}, 0, {16691, -5672}, {0x66, 0x27, 0x40, 0xFF}}},
	{{{4960, 7269, -14739}, 0, {16127, -7277}, {0x67, 0x25, 0x40, 0xFF}}},
	{{{6387, 3207, -14516}, 0, {15883, -2840}, {0x57, 0x13, 0x5A, 0xFF}}},
	{{{-3459, 1772, -10016}, 0, {10968, -1273}, {0x86, 0x00, 0x22, 0xFF}}},
	{{{-3593, 895, -10491}, 0, {11486, -315}, {0x86, 0x00, 0x22, 0xFF}}},
	{{{-3459, 895, -10016}, 0, {10968, -315}, {0x86, 0x00, 0x22, 0xFF}}},
	{{{-3593, 2878, -10491}, 0, {11486, -2480}, {0x86, 0x00, 0x22, 0xFF}}},
	{{{-3291, 2878, -9419}, 0, {10316, -2480}, {0x86, 0x00, 0x22, 0xFF}}},
	{{{-3291, 1772, -9419}, 0, {10316, -1273}, {0x86, 0x00, 0x22, 0xFF}}},
	{{{-3249, -480, -11393}, 0, {12471, 1187}, {0x43, 0x6C, 0xF8, 0xFF}}},
	{{{-3386, -68, -11008}, 0, {12051, 738}, {0x67, 0x30, 0xC7, 0xFF}}},
	{{{-3141, -517, -11187}, 0, {12247, 1228}, {0x58, 0x5A, 0xEE, 0xFF}}},
	{{{-7915, 5703, -7079}, 0, {-8783, -7751}, {0xD3, 0x76, 0x09, 0xFF}}},
	{{{-5458, 5846, -9379}, 0, {-6099, -10263}, {0xD7, 0x72, 0xDB, 0xFF}}},
	{{{-7421, 4991, -9379}, 0, {-8242, -10263}, {0xD0, 0x6D, 0xD4, 0xFF}}},
	{{{-4833, 6659, -7039}, 0, {-5415, -7708}, {0xDA, 0x79, 0x09, 0xFF}}},
	{{{-2563, 101, -10322}, 0, {-2937, 552}, {0x38, 0x13, 0x90, 0xFF}}},
	{{{-2750, -685, -10493}, 0, {-3141, 1411}, {0x2E, 0x0E, 0x8B, 0xFF}}},
	{{{-3173, 101, -10360}, 0, {-3603, 552}, {0x08, 0x19, 0x84, 0xFF}}},
	{{{-2341, -1303, -10342}, 0, {-2695, 2086}, {0x5C, 0x10, 0xAA, 0xFF}}},
	{{{4636, 766, -11064}, 0, {4926, -174}, {0x90, 0x00, 0x3C, 0xFF}}},
	{{{5627, 229, -10598}, 0, {6009, 413}, {0xCA, 0x00, 0x73, 0xFF}}},
	{{{5627, 801, -10598}, 0, {6009, -212}, {0xCA, 0x00, 0x73, 0xFF}}},
	{{{4636, 229, -11064}, 0, {4926, 413}, {0x93, 0x00, 0x41, 0xFF}}},
	{{{3569, 4149, -8445}, 0, {3761, -3869}, {0x00, 0xFF, 0x7F, 0xFF}}},
	{{{3870, 2631, -8463}, 0, {4090, -2211}, {0x00, 0xFF, 0x7F, 0xFF}}},
	{{{4103, 3845, -8450}, 0, {4345, -3536}, {0x00, 0xFF, 0x7F, 0xFF}}},
	{{{4414, 2631, -8463}, 0, {4684, -2211}, {0x00, 0xFF, 0x7F, 0xFF}}},
	{{{4877, 3540, -8454}, 0, {5190, -3204}, {0x00, 0xFF, 0x7F, 0xFF}}},
	{{{5239, 2631, -8463}, 0, {5585, -2211}, {0x00, 0xFF, 0x7F, 0xFF}}},
	{{{4897, 2631, -8463}, 0, {5211, -2211}, {0x00, 0x00, 0x7F, 0xFF}}},
	{{{3063, 16, -10416}, 0, {3208, 645}, {0x29, 0x59, 0xB0, 0xFF}}},
	{{{3657, -102, -10329}, 0, {3857, 774}, {0x13, 0x00, 0x82, 0xFF}}},
	{{{3063, -102, -10416}, 0, {3208, 774}, {0x42, 0x00, 0x93, 0xFF}}},
	{{{3657, 48, -10329}, 0, {3857, 610}, {0xA6, 0x19, 0xAA, 0xFF}}},
	{{{-449, 5559, -5837}, 0, {6404, -5409}, {0x6C, 0x33, 0xD6, 0xFF}}},
	{{{-535, 6778, -6466}, 0, {7090, -6740}, {0x85, 0x1D, 0x0F, 0xFF}}},
	{{{-857, 6549, -5608}, 0, {6154, -6490}, {0xC6, 0x69, 0x28, 0xFF}}},
	{{{-207, 5474, -6559}, 0, {7192, -5316}, {0x77, 0x1B, 0x24, 0xFF}}},
	{{{7220, 4645, -5145}, 0, {7749, -4411}, {0xD8, 0x19, 0x8A, 0xFF}}},
	{{{5796, 6042, -4375}, 0, {6194, -5937}, {0xCA, 0x64, 0x38, 0xFF}}},
	{{{7865, 6200, -5453}, 0, {8453, -6109}, {0xD7, 0x65, 0xC0, 0xFF}}},
	{{{6148, 4981, -5063}, 0, {6578, -4777}, {0x06, 0x46, 0x96, 0xFF}}},
	{{{5480, 5089, -4929}, 0, {5848, -4896}, {0xF4, 0x3F, 0x92, 0xFF}}},
	{{{4955, 6135, -4303}, 0, {5275, -6038}, {0xFD, 0x6E, 0x3F, 0xFF}}},
	{{{4954, 5070, -4851}, 0, {5273, -4874}, {0x13, 0x31, 0x8D, 0xFF}}},
	{{{3820, 5899, -5122}, 0, {4036, -5781}, {0x1B, 0x7C, 0xFE, 0xFF}}},
	{{{4186, 5075, -5083}, 0, {4435, -4880}, {0x28, 0x0C, 0x88, 0xFF}}},
	{{{2886, 4992, -5590}, 0, {3015, -4789}, {0x0A, 0x33, 0x8C, 0xFF}}},
	{{{2561, 5899, -5106}, 0, {2660, -5781}, {0x06, 0x7A, 0x22, 0xFF}}},
	{{{2347, 5008, -5586}, 0, {2426, -4807}, {0x08, 0x3B, 0x90, 0xFF}}},
	{{{33, 5418, -5666}, 0, {-101, -5255}, {0x1F, 0x35, 0x91, 0xFF}}},
	{{{-66, 6320, -5274}, 0, {-209, -6240}, {0x0C, 0x76, 0x2C, 0xFF}}},
	{{{-449, 5559, -5837}, 0, {-627, -5409}, {0x6C, 0x33, 0xD6, 0xFF}}},
	{{{-857, 6549, -5608}, 0, {-1073, -6490}, {0xC6, 0x69, 0x28, 0xFF}}},
	{{{-1128, 3055, -8708}, 0, {-1369, -2674}, {0xC5, 0xDF, 0x94, 0xFF}}},
	{{{-2137, 3958, -8243}, 0, {-2471, -3660}, {0xDA, 0x62, 0xB9, 0xFF}}},
	{{{-1903, 4167, -8076}, 0, {-2215, -3888}, {0xB1, 0x34, 0xAB, 0xFF}}},
	{{{-950, 3275, -8904}, 0, {-1175, -2915}, {0xCF, 0xEB, 0x8D, 0xFF}}},
	{{{-1040, 4522, -8402}, 0, {-1273, -4277}, {0xCC, 0x22, 0x91, 0xFF}}},
	{{{-1903, 4625, -8076}, 0, {-2215, -4389}, {0x96, 0x09, 0xBB, 0xFF}}},
	{{{2145, 4338, -9848}, 0, {2206, -4076}, {0x0D, 0xC4, 0x91, 0xFF}}},
	{{{-1903, 4625, -8076}, 0, {8849, -4389}, {0x96, 0x09, 0xBB, 0xFF}}},
	{{{-1903, 4167, -8076}, 0, {8849, -3888}, {0xB1, 0x34, 0xAB, 0xFF}}},
	{{{-2070, 4100, -7546}, 0, {8270, -3815}, {0x93, 0x3C, 0xE8, 0xFF}}},
	{{{-1903, 5654, -7202}, 0, {7895, -5513}, {0x84, 0x1A, 0xF4, 0xFF}}},
	{{{-3122, 2967, -8243}, 0, {9031, -2578}, {0x56, 0x5B, 0x14, 0xFF}}},
	{{{-3291, 2878, -9419}, 0, {10316, -2480}, {0x35, 0x73, 0xF5, 0xFF}}},
	{{{-3291, 4053, -9419}, 0, {10316, -3764}, {0x7D, 0x05, 0xED, 0xFF}}},
	{{{-3122, 4218, -8243}, 0, {9031, -3945}, {0x7D, 0x0D, 0x10, 0xFF}}},
	{{{-3314, 5378, -8500}, 0, {9312, -5211}, {0x7B, 0x12, 0x19, 0xFF}}},
	{{{-3389, 4047, -7496}, 0, {8215, -3758}, {0x73, 0x12, 0x33, 0xFF}}},
	{{{-3389, 2746, -7496}, 0, {8215, -2336}, {0x4E, 0x52, 0x3A, 0xFF}}},
	{{{-952, -574, -9563}, 0, {-1177, 1290}, {0xA3, 0x2E, 0xB6, 0xFF}}},
	{{{-1418, -1300, -9869}, 0, {-1686, 2083}, {0xC6, 0x40, 0xA3, 0xFF}}},
	{{{-1855, -1302, -9984}, 0, {-2164, 2085}, {0x15, 0x2A, 0x8A, 0xFF}}},
	{{{-1529, -75, -9365}, 0, {-1807, 745}, {0xF2, 0x34, 0x8D, 0xFF}}},
	{{{-952, -230, -9563}, 0, {-1177, 915}, {0xAE, 0x04, 0x9F, 0xFF}}},
	{{{-1481, 101, -9277}, 0, {-1755, 552}, {0xD0, 0x16, 0x8D, 0xFF}}},
	{{{-2750, -685, -10493}, 0, {11488, 1411}, {0x65, 0x44, 0xDB, 0xFF}}},
	{{{-2341, -1303, -10342}, 0, {11324, 2086}, {0x6B, 0x42, 0xEB, 0xFF}}},
	{{{-2505, -1182, -10805}, 0, {11829, 1954}, {0x5D, 0x56, 0x0C, 0xFF}}},
	{{{-3141, -517, -11187}, 0, {12247, 1228}, {0x58, 0x5A, 0xEE, 0xFF}}},
	{{{4004, 229, -11800}, 0, {12916, 413}, {0x82, 0x00, 0xED, 0xFF}}},
	{{{4245, 1211, -13073}, 0, {14307, -660}, {0x83, 0x00, 0xE8, 0xFF}}},
	{{{4245, -102, -13073}, 0, {14307, 774}, {0x83, 0x00, 0xE8, 0xFF}}},
	{{{4004, -102, -11800}, 0, {12916, 774}, {0x82, 0x00, 0xEE, 0xFF}}},
	{{{3926, -102, -11064}, 0, {12113, 774}, {0xA5, 0x56, 0xEB, 0xFF}}},
	{{{3926, 263, -11064}, 0, {12113, 376}, {0xAF, 0x60, 0xEC, 0xFF}}},
	{{{3754, 263, -10594}, 0, {11599, 376}, {0xAE, 0x5C, 0xE2, 0xFF}}},
	{{{3754, -102, -10594}, 0, {11599, 774}, {0xAC, 0x5A, 0xE1, 0xFF}}},
	{{{-6519, 4009, -12812}, 0, {-7257, -3716}, {0x41, 0x0B, 0x6D, 0xFF}}},
	{{{-6519, 4973, -12812}, 0, {-7257, -4769}, {0x4E, 0x43, 0x4A, 0xFF}}},
	{{{-7913, 4631, -12222}, 0, {-8780, -4395}, {0x19, 0x40, 0x6B, 0xFF}}},
	{{{-6519, 4009, -12812}, 0, {-7257, -3716}, {0x41, 0x0B, 0x6D, 0xFF}}},
	{{{-7913, 4631, -12222}, 0, {-8780, -4395}, {0x19, 0x40, 0x6B, 0xFF}}},
	{{{-7913, 3242, -12222}, 0, {-8780, -2878}, {0x45, 0x00, 0x6B, 0xFF}}},
	{{{-5458, 5846, -9379}, 0, {10272, -5723}, {0x70, 0x15, 0xC7, 0xFF}}},
	{{{-4833, 6659, -7039}, 0, {7716, -6611}, {0x73, 0x22, 0xD6, 0xFF}}},
	{{{-4611, 4664, -8034}, 0, {8803, -4431}, {0x70, 0x1E, 0xCD, 0xFF}}},
	{{{-4942, 4519, -8754}, 0, {9590, -4273}, {0x69, 0x18, 0xBD, 0xFF}}},
	{{{-4317, 2525, -8814}, 0, {9655, -2095}, {0x5B, 0x35, 0xB9, 0xFF}}},
	{{{-4521, 2418, -9145}, 0, {10016, -1978}, {0x55, 0x41, 0xBB, 0xFF}}},
	{{{-5458, 4485, -9379}, 0, {10272, -4236}, {0x61, 0x0F, 0xAF, 0xFF}}},
	{{{-7421, 4991, -9379}, 0, {-8242, -4788}, {0x1A, 0xF9, 0x84, 0xFF}}},
	{{{-5458, 5846, -9379}, 0, {-6099, -5723}, {0x00, 0x00, 0x81, 0xFF}}},
	{{{-5458, 4485, -9379}, 0, {-6099, -4236}, {0x00, 0x00, 0x81, 0xFF}}},
	{{{-7913, 3242, -9379}, 0, {-8780, -2878}, {0x3A, 0xF9, 0x8F, 0xFF}}},
	{{{-2474, 3762, -7496}, 0, {8215, -3446}, {0x8C, 0x00, 0xCC, 0xFF}}},
	{{{-2137, 3958, -8243}, 0, {9031, -3660}, {0x9F, 0x00, 0xAE, 0xFF}}},
	{{{-2137, 2967, -8243}, 0, {9031, -2578}, {0xC5, 0x61, 0xC8, 0xFF}}},
	{{{-2474, 2746, -7496}, 0, {8215, -2336}, {0xA9, 0x5C, 0xF4, 0xFF}}},
	{{{1073, 1482, -9952}, 0, {1035, -956}, {0x2F, 0xF0, 0x8B, 0xFF}}},
	{{{1710, 232, -9726}, 0, {1730, 410}, {0x1D, 0x54, 0xA5, 0xFF}}},
	{{{1073, 164, -9952}, 0, {1035, 484}, {0x0B, 0x00, 0x82, 0xFF}}},
	{{{1710, 1484, -9726}, 0, {1730, -958}, {0x24, 0xFC, 0x86, 0xFF}}},
	{{{5137, 2623, -9355}, 0, {5473, -2202}, {0x02, 0x50, 0x9D, 0xFF}}},
	{{{4492, 2548, -9348}, 0, {4770, -2121}, {0xFB, 0x68, 0xB8, 0xFF}}},
	{{{4638, 2877, -9160}, 0, {4929, -2480}, {0x05, 0x4C, 0x9A, 0xFF}}},
	{{{4877, 3540, -8454}, 0, {5190, -3204}, {0x1C, 0x55, 0xA6, 0xFF}}},
	{{{4103, 3845, -8450}, 0, {4345, -3536}, {0x1D, 0x4E, 0xA0, 0xFF}}},
};

Gfx prince_valley_dl_terrain_mesh_layer_1_tri_6[] = {
	gsSPVertex(prince_valley_dl_terrain_mesh_layer_1_vtx_6 + 0, 30, 0),
	gsSP2Triangles(0, 1, 2, 0, 3, 4, 5, 0),
	gsSP2Triangles(6, 7, 8, 0, 9, 10, 11, 0),
	gsSP2Triangles(12, 13, 14, 0, 15, 16, 17, 0),
	gsSP2Triangles(18, 19, 20, 0, 21, 22, 23, 0),
	gsSP2Triangles(24, 25, 26, 0, 27, 28, 29, 0),
	gsSPVertex(prince_valley_dl_terrain_mesh_layer_1_vtx_6 + 30, 30, 0),
	gsSP2Triangles(0, 1, 2, 0, 3, 4, 5, 0),
	gsSP2Triangles(6, 7, 8, 0, 6, 9, 7, 0),
	gsSP2Triangles(10, 11, 12, 0, 10, 13, 11, 0),
	gsSP2Triangles(14, 15, 16, 0, 14, 17, 15, 0),
	gsSP2Triangles(18, 19, 20, 0, 18, 21, 19, 0),
	gsSP2Triangles(22, 21, 18, 0, 22, 23, 21, 0),
	gsSP2Triangles(24, 25, 26, 0, 24, 27, 25, 0),
	gsSP2Triangles(27, 28, 25, 0, 27, 29, 28, 0),
	gsSPVertex(prince_valley_dl_terrain_mesh_layer_1_vtx_6 + 60, 32, 0),
	gsSP2Triangles(0, 1, 2, 0, 0, 3, 1, 0),
	gsSP2Triangles(4, 1, 3, 0, 4, 5, 1, 0),
	gsSP2Triangles(6, 7, 8, 0, 6, 9, 7, 0),
	gsSP2Triangles(10, 11, 12, 0, 10, 13, 11, 0),
	gsSP2Triangles(10, 14, 13, 0, 10, 15, 14, 0),
	gsSP2Triangles(16, 17, 18, 0, 19, 17, 16, 0),
	gsSP2Triangles(19, 16, 20, 0, 21, 22, 23, 0),
	gsSP2Triangles(24, 25, 26, 0, 24, 27, 25, 0),
	gsSP2Triangles(28, 29, 30, 0, 28, 31, 29, 0),
	gsSPVertex(prince_valley_dl_terrain_mesh_layer_1_vtx_6 + 92, 30, 0),
	gsSP2Triangles(0, 1, 2, 0, 3, 4, 5, 0),
	gsSP2Triangles(3, 6, 4, 0, 7, 8, 9, 0),
	gsSP2Triangles(7, 10, 8, 0, 11, 12, 13, 0),
	gsSP2Triangles(11, 14, 12, 0, 11, 15, 14, 0),
	gsSP2Triangles(11, 16, 15, 0, 17, 15, 16, 0),
	gsSP2Triangles(17, 18, 15, 0, 19, 18, 17, 0),
	gsSP2Triangles(19, 17, 20, 0, 21, 22, 23, 0),
	gsSP2Triangles(21, 24, 22, 0, 21, 25, 24, 0),
	gsSP2Triangles(25, 26, 24, 0, 25, 27, 26, 0),
	gsSP2Triangles(27, 28, 26, 0, 27, 29, 28, 0),
	gsSPVertex(prince_valley_dl_terrain_mesh_layer_1_vtx_6 + 122, 31, 0),
	gsSP2Triangles(0, 1, 2, 0, 0, 3, 1, 0),
	gsSP2Triangles(3, 4, 1, 0, 3, 5, 4, 0),
	gsSP2Triangles(4, 6, 1, 0, 4, 7, 6, 0),
	gsSP2Triangles(8, 9, 10, 0, 8, 11, 9, 0),
	gsSP2Triangles(12, 13, 14, 0, 12, 15, 13, 0),
	gsSP2Triangles(16, 17, 18, 0, 19, 16, 18, 0),
	gsSP2Triangles(20, 21, 22, 0, 20, 23, 21, 0),
	gsSP2Triangles(24, 25, 26, 0, 27, 26, 25, 0),
	gsSP2Triangles(27, 25, 28, 0, 28, 29, 27, 0),
	gsSP1Triangle(28, 30, 29, 0),
	gsSPVertex(prince_valley_dl_terrain_mesh_layer_1_vtx_6 + 153, 30, 0),
	gsSP2Triangles(0, 1, 2, 0, 3, 1, 0, 0),
	gsSP2Triangles(3, 0, 4, 0, 4, 5, 3, 0),
	gsSP2Triangles(6, 7, 8, 0, 6, 9, 7, 0),
	gsSP2Triangles(10, 11, 12, 0, 10, 13, 11, 0),
	gsSP2Triangles(14, 15, 16, 0, 14, 17, 15, 0),
	gsSP2Triangles(18, 19, 20, 0, 18, 21, 19, 0),
	gsSP2Triangles(22, 23, 24, 0, 22, 25, 23, 0),
	gsSP2Triangles(26, 27, 28, 0, 26, 29, 27, 0),
	gsSPVertex(prince_valley_dl_terrain_mesh_layer_1_vtx_6 + 183, 32, 0),
	gsSP2Triangles(0, 1, 2, 0, 0, 3, 1, 0),
	gsSP2Triangles(4, 5, 6, 0, 4, 7, 5, 0),
	gsSP2Triangles(8, 9, 10, 0, 8, 11, 9, 0),
	gsSP2Triangles(11, 8, 12, 0, 13, 14, 15, 0),
	gsSP2Triangles(14, 16, 15, 0, 14, 17, 16, 0),
	gsSP2Triangles(18, 19, 20, 0, 18, 21, 19, 0),
	gsSP2Triangles(22, 23, 24, 0, 22, 25, 23, 0),
	gsSP2Triangles(26, 27, 28, 0, 29, 26, 28, 0),
	gsSP2Triangles(29, 28, 30, 0, 29, 30, 31, 0),
	gsSPVertex(prince_valley_dl_terrain_mesh_layer_1_vtx_6 + 215, 30, 0),
	gsSP2Triangles(0, 1, 2, 0, 0, 2, 3, 0),
	gsSP2Triangles(0, 3, 4, 0, 5, 6, 7, 0),
	gsSP2Triangles(5, 8, 6, 0, 9, 10, 11, 0),
	gsSP2Triangles(9, 12, 10, 0, 13, 14, 15, 0),
	gsSP2Triangles(16, 14, 13, 0, 16, 13, 17, 0),
	gsSP2Triangles(17, 18, 16, 0, 17, 19, 18, 0),
	gsSP2Triangles(20, 21, 22, 0, 20, 22, 23, 0),
	gsSP2Triangles(24, 25, 26, 0, 24, 27, 25, 0),
	gsSP2Triangles(28, 27, 24, 0, 28, 29, 27, 0),
	gsSPVertex(prince_valley_dl_terrain_mesh_layer_1_vtx_6 + 245, 30, 0),
	gsSP2Triangles(0, 1, 2, 0, 2, 1, 3, 0),
	gsSP2Triangles(2, 3, 4, 0, 2, 4, 5, 0),
	gsSP2Triangles(6, 7, 8, 0, 6, 9, 7, 0),
	gsSP2Triangles(10, 11, 12, 0, 10, 13, 11, 0),
	gsSP2Triangles(14, 15, 16, 0, 14, 17, 15, 0),
	gsSP2Triangles(18, 19, 20, 0, 18, 20, 21, 0),
	gsSP2Triangles(22, 23, 24, 0, 22, 25, 23, 0),
	gsSP2Triangles(26, 27, 28, 0, 26, 29, 27, 0),
	gsSPVertex(prince_valley_dl_terrain_mesh_layer_1_vtx_6 + 275, 31, 0),
	gsSP2Triangles(0, 1, 2, 0, 3, 1, 0, 0),
	gsSP2Triangles(3, 0, 4, 0, 5, 3, 4, 0),
	gsSP2Triangles(5, 4, 6, 0, 7, 5, 6, 0),
	gsSP2Triangles(7, 6, 8, 0, 9, 7, 8, 0),
	gsSP2Triangles(9, 10, 7, 0, 11, 12, 13, 0),
	gsSP2Triangles(13, 12, 14, 0, 13, 14, 15, 0),
	gsSP2Triangles(16, 17, 18, 0, 17, 19, 18, 0),
	gsSP2Triangles(17, 20, 19, 0, 21, 22, 23, 0),
	gsSP2Triangles(21, 24, 22, 0, 24, 25, 22, 0),
	gsSP2Triangles(24, 26, 25, 0, 26, 27, 25, 0),
	gsSP2Triangles(26, 28, 27, 0, 29, 27, 28, 0),
	gsSP1Triangle(29, 30, 27, 0),
	gsSPVertex(prince_valley_dl_terrain_mesh_layer_1_vtx_6 + 306, 31, 0),
	gsSP2Triangles(0, 1, 2, 0, 0, 3, 1, 0),
	gsSP2Triangles(0, 4, 3, 0, 5, 6, 7, 0),
	gsSP2Triangles(5, 8, 6, 0, 9, 10, 11, 0),
	gsSP2Triangles(9, 12, 10, 0, 13, 14, 15, 0),
	gsSP2Triangles(13, 16, 14, 0, 17, 16, 13, 0),
	gsSP2Triangles(18, 17, 13, 0, 17, 19, 16, 0),
	gsSP2Triangles(20, 16, 19, 0, 20, 21, 16, 0),
	gsSP2Triangles(21, 14, 16, 0, 21, 22, 14, 0),
	gsSP2Triangles(23, 24, 25, 0, 23, 26, 24, 0),
	gsSP2Triangles(26, 27, 24, 0, 27, 26, 28, 0),
	gsSP2Triangles(28, 29, 27, 0, 28, 30, 29, 0),
	gsSPVertex(prince_valley_dl_terrain_mesh_layer_1_vtx_6 + 337, 32, 0),
	gsSP2Triangles(0, 1, 2, 0, 1, 3, 2, 0),
	gsSP2Triangles(1, 4, 3, 0, 5, 6, 7, 0),
	gsSP2Triangles(5, 8, 6, 0, 9, 10, 11, 0),
	gsSP2Triangles(12, 11, 10, 0, 12, 13, 11, 0),
	gsSP2Triangles(14, 15, 16, 0, 14, 17, 15, 0),
	gsSP2Triangles(17, 18, 15, 0, 17, 19, 18, 0),
	gsSP2Triangles(19, 20, 18, 0, 19, 21, 20, 0),
	gsSP2Triangles(21, 22, 20, 0, 21, 23, 22, 0),
	gsSP2Triangles(24, 25, 26, 0, 25, 27, 26, 0),
	gsSP2Triangles(25, 28, 27, 0, 29, 30, 31, 0),
	gsSPVertex(prince_valley_dl_terrain_mesh_layer_1_vtx_6 + 369, 31, 0),
	gsSP2Triangles(0, 1, 2, 0, 0, 3, 1, 0),
	gsSP2Triangles(1, 3, 4, 0, 1, 4, 5, 0),
	gsSP2Triangles(6, 7, 8, 0, 6, 9, 7, 0),
	gsSP2Triangles(10, 11, 12, 0, 10, 13, 11, 0),
	gsSP2Triangles(14, 15, 16, 0, 14, 17, 15, 0),
	gsSP2Triangles(18, 19, 20, 0, 18, 21, 19, 0),
	gsSP2Triangles(21, 22, 19, 0, 21, 23, 22, 0),
	gsSP2Triangles(24, 25, 26, 0, 27, 24, 26, 0),
	gsSP2Triangles(27, 26, 28, 0, 27, 28, 29, 0),
	gsSP1Triangle(27, 29, 30, 0),
	gsSPVertex(prince_valley_dl_terrain_mesh_layer_1_vtx_6 + 400, 32, 0),
	gsSP2Triangles(0, 1, 2, 0, 0, 3, 1, 0),
	gsSP2Triangles(4, 5, 6, 0, 4, 7, 5, 0),
	gsSP2Triangles(4, 8, 7, 0, 4, 9, 8, 0),
	gsSP2Triangles(10, 11, 12, 0, 13, 14, 15, 0),
	gsSP2Triangles(13, 16, 14, 0, 17, 18, 19, 0),
	gsSP2Triangles(17, 20, 18, 0, 21, 22, 23, 0),
	gsSP2Triangles(21, 24, 22, 0, 25, 26, 27, 0),
	gsSP2Triangles(28, 27, 26, 0, 28, 29, 27, 0),
	gsSP2Triangles(28, 30, 29, 0, 28, 31, 30, 0),
	gsSPVertex(prince_valley_dl_terrain_mesh_layer_1_vtx_6 + 432, 31, 0),
	gsSP2Triangles(0, 1, 2, 0, 0, 3, 1, 0),
	gsSP2Triangles(4, 5, 6, 0, 4, 7, 5, 0),
	gsSP2Triangles(8, 9, 10, 0, 8, 11, 9, 0),
	gsSP2Triangles(11, 12, 9, 0, 12, 13, 9, 0),
	gsSP2Triangles(12, 14, 13, 0, 14, 15, 13, 0),
	gsSP2Triangles(14, 16, 15, 0, 17, 15, 16, 0),
	gsSP2Triangles(17, 18, 15, 0, 17, 19, 18, 0),
	gsSP2Triangles(20, 18, 19, 0, 20, 21, 18, 0),
	gsSP2Triangles(22, 21, 20, 0, 22, 23, 21, 0),
	gsSP2Triangles(24, 25, 26, 0, 24, 26, 27, 0),
	gsSP2Triangles(26, 28, 27, 0, 26, 29, 28, 0),
	gsSP1Triangle(30, 27, 28, 0),
	gsSPVertex(prince_valley_dl_terrain_mesh_layer_1_vtx_6 + 463, 32, 0),
	gsSP2Triangles(0, 1, 2, 0, 0, 2, 3, 0),
	gsSP2Triangles(4, 5, 6, 0, 4, 6, 7, 0),
	gsSP2Triangles(7, 6, 8, 0, 7, 8, 9, 0),
	gsSP2Triangles(9, 4, 7, 0, 9, 10, 4, 0),
	gsSP2Triangles(11, 12, 13, 0, 11, 13, 14, 0),
	gsSP2Triangles(15, 11, 14, 0, 15, 14, 16, 0),
	gsSP2Triangles(17, 18, 19, 0, 17, 19, 20, 0),
	gsSP2Triangles(21, 22, 23, 0, 21, 23, 24, 0),
	gsSP2Triangles(25, 21, 24, 0, 25, 26, 21, 0),
	gsSP2Triangles(25, 27, 26, 0, 25, 28, 27, 0),
	gsSP1Triangle(29, 30, 31, 0),
	gsSPVertex(prince_valley_dl_terrain_mesh_layer_1_vtx_6 + 495, 27, 0),
	gsSP2Triangles(0, 1, 2, 0, 3, 4, 5, 0),
	gsSP2Triangles(3, 5, 6, 0, 7, 6, 5, 0),
	gsSP2Triangles(7, 8, 6, 0, 6, 8, 9, 0),
	gsSP2Triangles(9, 3, 6, 0, 10, 11, 12, 0),
	gsSP2Triangles(10, 12, 13, 0, 14, 15, 16, 0),
	gsSP2Triangles(14, 16, 17, 0, 18, 19, 20, 0),
	gsSP2Triangles(19, 18, 21, 0, 22, 23, 24, 0),
	gsSP2Triangles(24, 25, 22, 0, 24, 26, 25, 0),
	gsSPEndDisplayList(),
};

Vtx prince_valley_dl_terrain_mesh_layer_1_vtx_7[186] = {
	{{{2632, 2206, -8471}, 0, {2738, -9272}, {0x2C, 0xE8, 0x8B, 0xFF}}},
	{{{1067, 1801, -9381}, 0, {1028, -10266}, {0x45, 0xE2, 0x9A, 0xFF}}},
	{{{1403, 2206, -9509}, 0, {1395, -10405}, {0x41, 0xB2, 0xB3, 0xFF}}},
	{{{1390, 3102, -4660}, 0, {5118, -2725}, {0x73, 0xCA, 0xFA, 0xFF}}},
	{{{379, 1044, -5337}, 0, {5857, -477}, {0x73, 0xCA, 0xFA, 0xFF}}},
	{{{1390, 3134, -4950}, 0, {5435, -2760}, {0x73, 0xCA, 0xFA, 0xFF}}},
	{{{2145, 4338, -9848}, 0, {10785, -4076}, {0x56, 0x31, 0xB0, 0xFF}}},
	{{{3569, 4149, -8445}, 0, {9252, -3869}, {0x56, 0x31, 0xB0, 0xFF}}},
	{{{3592, 3750, -8663}, 0, {9490, -3433}, {0x56, 0x31, 0xB0, 0xFF}}},
	{{{-952, 610, -9563}, 0, {10473, -3}, {0xBC, 0xEA, 0x97, 0xFF}}},
	{{{-1482, 1239, -9276}, 0, {10160, -690}, {0xA2, 0xFD, 0xAB, 0xFF}}},
	{{{-917, 1450, -10065}, 0, {11022, -921}, {0xA8, 0xE3, 0xA9, 0xFF}}},
	{{{3668, 3266, -8259}, 0, {3869, -2905}, {0x0D, 0xE7, 0x84, 0xFF}}},
	{{{3569, 4149, -8445}, 0, {3761, -3869}, {0x0D, 0xE7, 0x84, 0xFF}}},
	{{{4427, 4149, -8352}, 0, {4698, -3869}, {0x0D, 0xE7, 0x84, 0xFF}}},
	{{{-3656, 3876, -6888}, 0, {7551, -3571}, {0x97, 0xD7, 0x3B, 0xFF}}},
	{{{-4833, 6659, -7039}, 0, {7716, -6611}, {0x97, 0xD7, 0x3B, 0xFF}}},
	{{{-4611, 4664, -8034}, 0, {8803, -4431}, {0x97, 0xD7, 0x3B, 0xFF}}},
	{{{-3076, 1020, -10360}, 0, {-3497, -452}, {0x40, 0xFB, 0x92, 0xFF}}},
	{{{-2762, 101, -10152}, 0, {-3154, 552}, {0x52, 0x02, 0x9F, 0xFF}}},
	{{{-3173, 101, -10360}, 0, {-3603, 552}, {0x39, 0xFA, 0x8F, 0xFF}}},
	{{{-1871, 224, -11747}, 0, {12859, 419}, {0xB2, 0x9E, 0x13, 0xFF}}},
	{{{-1227, -530, -11577}, 0, {12673, 1241}, {0x9F, 0xB3, 0x1A, 0xFF}}},
	{{{-1572, 120, -11207}, 0, {12269, 532}, {0xB7, 0x9B, 0x16, 0xFF}}},
	{{{-1419, -431, -12181}, 0, {13333, 1134}, {0x9E, 0xB1, 0x12, 0xFF}}},
	{{{-1572, 120, -11207}, 0, {-1854, -12260}, {0xB7, 0x9B, 0x16, 0xFF}}},
	{{{-2261, 394, -11303}, 0, {-2607, -12365}, {0xD7, 0x88, 0x03, 0xFF}}},
	{{{-1871, 224, -11747}, 0, {-2181, -12851}, {0xB2, 0x9E, 0x13, 0xFF}}},
	{{{-1986, 317, -10811}, 0, {-2306, -11827}, {0xDA, 0x87, 0x00, 0xFF}}},
	{{{-2648, 491, -11036}, 0, {-3029, -12073}, {0xF5, 0x82, 0xF0, 0xFF}}},
	{{{-2477, 395, -10489}, 0, {-2842, -11476}, {0x01, 0x85, 0xE2, 0xFF}}},
	{{{-3043, 436, -10947}, 0, {-3461, -11976}, {0x3A, 0x95, 0xDD, 0xFF}}},
	{{{-2477, 395, -10489}, 0, {-2842, -11476}, {0x01, 0x85, 0xE2, 0xFF}}},
	{{{-3173, 101, -10360}, 0, {-3603, -11335}, {0x6C, 0xDB, 0xC9, 0xFF}}},
	{{{-3043, 436, -10947}, 0, {-3461, -11976}, {0x3A, 0x95, 0xDD, 0xFF}}},
	{{{-3043, 436, -10947}, 0, {11985, 186}, {0x3A, 0x95, 0xDD, 0xFF}}},
	{{{-3173, 101, -10360}, 0, {11344, 552}, {0x6C, 0xDB, 0xC9, 0xFF}}},
	{{{-3386, -68, -11008}, 0, {12051, 738}, {0x67, 0x30, 0xC7, 0xFF}}},
	{{{-2750, -685, -10493}, 0, {11488, 1411}, {0x65, 0x44, 0xDB, 0xFF}}},
	{{{-3141, -517, -11187}, 0, {12247, 1228}, {0x58, 0x5A, 0xEE, 0xFF}}},
	{{{-2241, 1074, -9500}, 0, {-2585, -510}, {0x43, 0xF0, 0x95, 0xFF}}},
	{{{-1481, 101, -9277}, 0, {-1755, 552}, {0x24, 0x00, 0x86, 0xFF}}},
	{{{-2241, 101, -9500}, 0, {-2585, 552}, {0x47, 0x00, 0x97, 0xFF}}},
	{{{-1482, 1239, -9276}, 0, {-1756, -690}, {0x35, 0xEF, 0x8E, 0xFF}}},
	{{{-2203, 2878, -10144}, 0, {-2544, -2480}, {0x42, 0xF2, 0x94, 0xFF}}},
	{{{-1202, 2878, -9066}, 0, {-1450, -2480}, {0x5D, 0xFB, 0xAA, 0xFF}}},
	{{{3569, 4149, -8445}, 0, {9252, -3869}, {0x52, 0xCF, 0xAC, 0xFF}}},
	{{{3929, 7719, -10205}, 0, {11174, -7769}, {0x5A, 0xD1, 0xB3, 0xFF}}},
	{{{4638, 7543, -9160}, 0, {10033, -7576}, {0x5F, 0xD3, 0xB8, 0xFF}}},
	{{{2145, 4338, -9848}, 0, {10785, -4076}, {0x4E, 0xCE, 0xAA, 0xFF}}},
	{{{3657, 48, -10329}, 0, {11309, 610}, {0xA6, 0x19, 0xAA, 0xFF}}},
	{{{3033, 161, -9494}, 0, {10398, 487}, {0xD3, 0x6D, 0xD0, 0xFF}}},
	{{{3657, 263, -10329}, 0, {11309, 376}, {0x97, 0x21, 0xC0, 0xFF}}},
	{{{3033, 1489, -9494}, 0, {10398, -963}, {0x9A, 0x00, 0xB4, 0xFF}}},
	{{{3657, 1451, -10329}, 0, {11309, -921}, {0x9A, 0x00, 0xB4, 0xFF}}},
	{{{2362, 301, -9494}, 0, {2442, 334}, {0x12, 0x44, 0x96, 0xFF}}},
	{{{3033, 1489, -9494}, 0, {3176, -963}, {0x0F, 0xF8, 0x82, 0xFF}}},
	{{{3033, 161, -9494}, 0, {3176, 487}, {0x00, 0x00, 0x81, 0xFF}}},
	{{{1710, 1484, -9726}, 0, {1730, -958}, {0x24, 0xFC, 0x86, 0xFF}}},
	{{{1710, 232, -9726}, 0, {1730, 410}, {0x1D, 0x54, 0xA5, 0xFF}}},
	{{{5239, 229, -8463}, 0, {9272, 413}, {0x70, 0x00, 0xC3, 0xFF}}},
	{{{4228, 1417, -10329}, 0, {11309, -884}, {0x70, 0x00, 0xC3, 0xFF}}},
	{{{5239, 1783, -8463}, 0, {9272, -1284}, {0x70, 0x00, 0xC3, 0xFF}}},
	{{{4228, 229, -10329}, 0, {11309, 413}, {0x70, 0x00, 0xC3, 0xFF}}},
	{{{3657, 263, -10329}, 0, {3857, 376}, {0x00, 0x00, 0x81, 0xFF}}},
	{{{4228, 1417, -10329}, 0, {4481, -884}, {0x00, 0x00, 0x81, 0xFF}}},
	{{{4228, 229, -10329}, 0, {4481, 413}, {0x00, 0x00, 0x81, 0xFF}}},
	{{{3657, 1451, -10329}, 0, {3857, -921}, {0x00, 0x00, 0x81, 0xFF}}},
	{{{7401, 229, -7325}, 0, {7946, 413}, {0x00, 0x00, 0x81, 0xFF}}},
	{{{10349, 1447, -7332}, 0, {11167, -918}, {0x35, 0xDB, 0x92, 0xFF}}},
	{{{10349, 229, -7332}, 0, {11167, 413}, {0x42, 0x00, 0x93, 0xFF}}},
	{{{7401, 1783, -7325}, 0, {7946, -1284}, {0x00, 0x00, 0x81, 0xFF}}},
	{{{7401, 3210, -7325}, 0, {7946, -2844}, {0xFC, 0xF9, 0x81, 0xFF}}},
	{{{11030, 3155, -8247}, 0, {11911, -2784}, {0x17, 0xBE, 0x96, 0xFF}}},
	{{{9490, 3888, -4634}, 0, {5089, -3584}, {0x6E, 0xC4, 0xEB, 0xFF}}},
	{{{10000, 5322, -6074}, 0, {6662, -5150}, {0x6E, 0xC4, 0xEB, 0xFF}}},
	{{{10438, 5488, -4230}, 0, {4649, -5331}, {0x6E, 0xC4, 0xEB, 0xFF}}},
	{{{8689, 3155, -6668}, 0, {7311, -2784}, {0x6E, 0xC4, 0xEB, 0xFF}}},
	{{{5239, 1783, -8463}, 0, {9272, -1284}, {0x79, 0xE5, 0xE5, 0xFF}}},
	{{{4228, 1417, -10329}, 0, {11309, -884}, {0x67, 0xC1, 0xD9, 0xFF}}},
	{{{5137, 2452, -9600}, 0, {10514, -2016}, {0x73, 0xD6, 0xDE, 0xFF}}},
	{{{4636, 2452, -11064}, 0, {12113, -2016}, {0x67, 0xBE, 0xDD, 0xFF}}},
	{{{3870, 2631, -8463}, 0, {9272, -2211}, {0x72, 0x13, 0x35, 0xFF}}},
	{{{3569, 4149, -8445}, 0, {9252, -3869}, {0x75, 0x17, 0x2D, 0xFF}}},
	{{{3668, 3266, -8259}, 0, {9049, -2905}, {0x75, 0x11, 0x2E, 0xFF}}},
	{{{3461, 2615, -7606}, 0, {8336, -2193}, {0x76, 0x09, 0x2E, 0xFF}}},
	{{{3461, 3425, -7606}, 0, {8336, -3078}, {0x79, 0x00, 0x26, 0xFF}}},
	{{{4228, 1417, -10329}, 0, {4481, -884}, {0xE5, 0xD9, 0x8A, 0xFF}}},
	{{{3661, 2452, -10544}, 0, {3862, -2016}, {0xD8, 0xD3, 0x90, 0xFF}}},
	{{{4636, 2452, -11064}, 0, {4926, -2016}, {0xC9, 0xCD, 0x99, 0xFF}}},
	{{{3657, 1451, -10329}, 0, {3857, -921}, {0xFE, 0xE5, 0x84, 0xFF}}},
	{{{3668, 3266, -8259}, 0, {9049, -2905}, {0x59, 0xB0, 0x2B, 0xFF}}},
	{{{4353, 4149, -8021}, 0, {8789, -3869}, {0x5E, 0xAF, 0x1D, 0xFF}}},
	{{{3461, 3425, -7606}, 0, {8336, -3078}, {0x57, 0xB0, 0x2F, 0xFF}}},
	{{{4427, 4149, -8352}, 0, {9150, -3869}, {0x60, 0xB0, 0x16, 0xFF}}},
	{{{3457, 7090, -7793}, 0, {3639, -7081}, {0x55, 0x08, 0x5E, 0xFF}}},
	{{{3461, 4925, -7606}, 0, {3643, -4716}, {0x68, 0xF9, 0x49, 0xFF}}},
	{{{4638, 7543, -9160}, 0, {4929, -7576}, {0x68, 0xFC, 0x48, 0xFF}}},
	{{{1804, 4923, -6803}, 0, {1833, -4714}, {0x37, 0x0A, 0x72, 0xFF}}},
	{{{3569, 4149, -8445}, 0, {9252, -3869}, {0x7A, 0xEF, 0x1F, 0xFF}}},
	{{{4638, 7543, -9160}, 0, {10033, -7576}, {0x68, 0xFC, 0x48, 0xFF}}},
	{{{3461, 4925, -7606}, 0, {8336, -4716}, {0x68, 0xF9, 0x49, 0xFF}}},
	{{{3461, 4149, -7606}, 0, {8336, -3869}, {0x7E, 0x00, 0x10, 0xFF}}},
	{{{4949, 5144, -5170}, 0, {5269, -4956}, {0x46, 0xFB, 0x6A, 0xFF}}},
	{{{6612, 6661, -6191}, 0, {7085, -6612}, {0x46, 0xFB, 0x6A, 0xFF}}},
	{{{4949, 7134, -5170}, 0, {5269, -7129}, {0x42, 0x00, 0x6C, 0xFF}}},
	{{{6653, 4600, -6429}, 0, {7129, -4362}, {0x49, 0xF6, 0x67, 0xFF}}},
	{{{3754, 263, -10594}, 0, {11599, 376}, {0xAE, 0x5C, 0xE2, 0xFF}}},
	{{{3657, 48, -10329}, 0, {11309, 610}, {0xA6, 0x19, 0xAA, 0xFF}}},
	{{{3657, 263, -10329}, 0, {11309, 376}, {0x97, 0x21, 0xC0, 0xFF}}},
	{{{3754, -102, -10594}, 0, {11599, 774}, {0xAC, 0x5A, 0xE1, 0xFF}}},
	{{{3657, -102, -10329}, 0, {11309, 774}, {0x89, 0x00, 0xD4, 0xFF}}},
	{{{11382, 3155, -8014}, 0, {8782, -2784}, {0x6B, 0xCA, 0xD6, 0xFF}}},
	{{{10349, 1447, -7332}, 0, {8036, -918}, {0x35, 0xDB, 0x92, 0xFF}}},
	{{{11030, 3155, -8247}, 0, {9035, -2784}, {0x17, 0xBE, 0x96, 0xFF}}},
	{{{10813, 1447, -6435}, 0, {7056, -918}, {0x7F, 0xFF, 0x06, 0xFF}}},
	{{{10813, 229, -6435}, 0, {7056, 413}, {0x71, 0x00, 0xC6, 0xFF}}},
	{{{10349, 229, -7332}, 0, {8036, 413}, {0x42, 0x00, 0x93, 0xFF}}},
	{{{1067, 1450, -9381}, 0, {1028, -921}, {0xDB, 0x00, 0x87, 0xFF}}},
	{{{-1128, 2878, -8708}, 0, {-1369, -2480}, {0xDB, 0x00, 0x87, 0xFF}}},
	{{{1067, 1801, -9381}, 0, {1028, -1304}, {0xDA, 0xFE, 0x87, 0xFF}}},
	{{{-1128, 3055, -8708}, 0, {-1369, -2674}, {0xDA, 0xFF, 0x87, 0xFF}}},
	{{{1403, 2206, -9509}, 0, {1395, -1746}, {0xD8, 0xFB, 0x87, 0xFF}}},
	{{{3661, 2452, -10015}, 0, {10967, -2016}, {0x81, 0x01, 0x00, 0xFF}}},
	{{{3661, 2452, -10544}, 0, {11544, -2016}, {0x81, 0x01, 0x00, 0xFF}}},
	{{{3657, 1451, -10329}, 0, {11309, -921}, {0x81, 0x00, 0x00, 0xFF}}},
	{{{3661, 2452, -9339}, 0, {10228, -2016}, {0x81, 0xFE, 0xFE, 0xFF}}},
	{{{3661, 1417, -7955}, 0, {8716, -884}, {0x81, 0xFC, 0xFD, 0xFF}}},
	{{{3661, 2452, -9339}, 0, {10228, -2016}, {0x81, 0xFE, 0xFE, 0xFF}}},
	{{{3657, 1451, -10329}, 0, {11309, -921}, {0x81, 0x00, 0x00, 0xFF}}},
	{{{3589, 3006, -8342}, 0, {9140, -2621}, {0x81, 0xFB, 0xF9, 0xFF}}},
	{{{3592, 3750, -8663}, 0, {9490, -3433}, {0x81, 0xFD, 0xF8, 0xFF}}},
	{{{5610, 4474, -5009}, 0, {5499, -4223}, {0x7D, 0xEC, 0x00, 0xFF}}},
	{{{5572, 4227, -5365}, 0, {5888, -3954}, {0x7D, 0xEC, 0x00, 0xFF}}},
	{{{5610, 4474, -5376}, 0, {5900, -4223}, {0x7D, 0xEC, 0x00, 0xFF}}},
	{{{5572, 4227, -4998}, 0, {5487, -3954}, {0x7D, 0xEC, 0x00, 0xFF}}},
	{{{7028, 4257, -5274}, 0, {7539, -3987}, {0xF8, 0x07, 0x7F, 0xFF}}},
	{{{5572, 4227, -5365}, 0, {5948, -3954}, {0xF8, 0x07, 0x7F, 0xFF}}},
	{{{6990, 4011, -5263}, 0, {7497, -3718}, {0xF8, 0x07, 0x7F, 0xFF}}},
	{{{5610, 4474, -5376}, 0, {5990, -4223}, {0xF8, 0x07, 0x7F, 0xFF}}},
	{{{5572, 4227, -4998}, 0, {5948, -5479}, {0x13, 0x7E, 0x00, 0xFF}}},
	{{{6990, 4011, -5263}, 0, {7497, -5768}, {0xB6, 0x67, 0x00, 0xFF}}},
	{{{5572, 4227, -5365}, 0, {5948, -5880}, {0x13, 0x7E, 0x00, 0xFF}}},
	{{{6990, 4011, -4896}, 0, {7497, -5367}, {0xB4, 0x66, 0x00, 0xFF}}},
	{{{7028, 4257, -4907}, 0, {5387, -3987}, {0x83, 0x14, 0x00, 0xFF}}},
	{{{6990, 4011, -5263}, 0, {5777, -3718}, {0xB6, 0x67, 0x00, 0xFF}}},
	{{{6990, 4011, -4896}, 0, {5376, -3718}, {0xB4, 0x66, 0x00, 0xFF}}},
	{{{7028, 4257, -5274}, 0, {5788, -3987}, {0x83, 0x14, 0x00, 0xFF}}},
	{{{5610, 4474, -5009}, 0, {5990, -5490}, {0xED, 0x82, 0x00, 0xFF}}},
	{{{7028, 4257, -5274}, 0, {7539, -5780}, {0xED, 0x82, 0x00, 0xFF}}},
	{{{7028, 4257, -4907}, 0, {7539, -5379}, {0xED, 0x82, 0x00, 0xFF}}},
	{{{5610, 4474, -5376}, 0, {5990, -5891}, {0xED, 0x82, 0x00, 0xFF}}},
	{{{-2241, 1074, -9500}, 0, {10404, -510}, {0x43, 0xF0, 0x95, 0xFF}}},
	{{{-3076, 1020, -10360}, 0, {11344, -452}, {0x40, 0xFB, 0x92, 0xFF}}},
	{{{-2203, 2878, -10144}, 0, {11108, -2480}, {0x42, 0xF2, 0x94, 0xFF}}},
	{{{-2762, 101, -10152}, 0, {11117, 552}, {0x52, 0x02, 0x9F, 0xFF}}},
	{{{-2241, 101, -9500}, 0, {10404, 552}, {0x47, 0x00, 0x97, 0xFF}}},
	{{{4638, 2877, -9160}, 0, {4929, -2480}, {0x05, 0x4C, 0x9A, 0xFF}}},
	{{{4492, 2548, -9348}, 0, {4770, -2121}, {0xFB, 0x68, 0xB8, 0xFF}}},
	{{{3661, 2452, -9339}, 0, {3862, -2016}, {0xF6, 0x6C, 0xBE, 0xFF}}},
	{{{3592, 3750, -8663}, 0, {3786, -3433}, {0x15, 0x44, 0x97, 0xFF}}},
	{{{4103, 3845, -8450}, 0, {4345, -3536}, {0x1D, 0x4E, 0xA0, 0xFF}}},
	{{{3569, 4149, -8445}, 0, {3761, -3869}, {0x21, 0x3C, 0x95, 0xFF}}},
	{{{-1481, 101, -9277}, 0, {-1755, 552}, {0xD0, 0x16, 0x8D, 0xFF}}},
	{{{-1482, 1239, -9276}, 0, {-1756, -690}, {0xA2, 0xFD, 0xAB, 0xFF}}},
	{{{-952, 610, -9563}, 0, {-1177, -3}, {0xBC, 0xEA, 0x97, 0xFF}}},
	{{{-952, -230, -9563}, 0, {-1177, 915}, {0xAE, 0x04, 0x9F, 0xFF}}},
	{{{-256, 352, -9901}, 0, {-417, 278}, {0xE1, 0xE2, 0x88, 0xFF}}},
	{{{-917, 1450, -10065}, 0, {-1139, -921}, {0xA8, 0xE3, 0xA9, 0xFF}}},
	{{{-22, 1482, -10738}, 0, {-161, -956}, {0xFF, 0xBE, 0x93, 0xFF}}},
	{{{667, 669, -9901}, 0, {592, -68}, {0x0D, 0xE7, 0x84, 0xFF}}},
	{{{1073, 1482, -9952}, 0, {1035, -956}, {0x2F, 0xF0, 0x8B, 0xFF}}},
	{{{1073, 164, -9952}, 0, {1035, 484}, {0x0B, 0x00, 0x82, 0xFF}}},
	{{{667, 104, -9901}, 0, {592, 549}, {0xF9, 0x00, 0x81, 0xFF}}},
	{{{-256, -25, -9901}, 0, {-417, 690}, {0xE0, 0x00, 0x85, 0xFF}}},
	{{{1341, 2596, -8749}, 0, {1327, -2172}, {0x09, 0xC3, 0x91, 0xFF}}},
	{{{-1128, 3055, -8708}, 0, {-1369, -2674}, {0xC5, 0xDF, 0x94, 0xFF}}},
	{{{-950, 3275, -8904}, 0, {-1175, -2915}, {0xCF, 0xEB, 0x8D, 0xFF}}},
	{{{2145, 4338, -9848}, 0, {2206, -4076}, {0x0D, 0xC4, 0x91, 0xFF}}},
	{{{3592, 3750, -8663}, 0, {3786, -3433}, {0x28, 0xC7, 0x96, 0xFF}}},
	{{{2632, 2206, -8471}, 0, {2738, -1746}, {0x2C, 0xE8, 0x8B, 0xFF}}},
	{{{3589, 3006, -8342}, 0, {3782, -2621}, {0x30, 0xD8, 0x92, 0xFF}}},
	{{{3661, 1417, -7955}, 0, {3862, -884}, {0x2B, 0xEC, 0x8A, 0xFF}}},
	{{{2632, 1450, -8405}, 0, {2738, -921}, {0x3A, 0xF7, 0x8F, 0xFF}}},
	{{{1067, 1801, -9381}, 0, {1028, -1304}, {0x45, 0xE2, 0x9A, 0xFF}}},
	{{{1067, 1450, -9381}, 0, {1028, -921}, {0x43, 0x00, 0x94, 0xFF}}},
};

Gfx prince_valley_dl_terrain_mesh_layer_1_tri_7[] = {
	gsSPVertex(prince_valley_dl_terrain_mesh_layer_1_vtx_7 + 0, 32, 0),
	gsSP2Triangles(0, 1, 2, 0, 3, 4, 5, 0),
	gsSP2Triangles(6, 7, 8, 0, 9, 10, 11, 0),
	gsSP2Triangles(12, 13, 14, 0, 15, 16, 17, 0),
	gsSP2Triangles(18, 19, 20, 0, 21, 22, 23, 0),
	gsSP2Triangles(21, 24, 22, 0, 25, 26, 27, 0),
	gsSP2Triangles(25, 28, 26, 0, 28, 29, 26, 0),
	gsSP2Triangles(28, 30, 29, 0, 30, 31, 29, 0),
	gsSPVertex(prince_valley_dl_terrain_mesh_layer_1_vtx_7 + 32, 32, 0),
	gsSP2Triangles(0, 1, 2, 0, 3, 4, 5, 0),
	gsSP2Triangles(5, 4, 6, 0, 7, 5, 6, 0),
	gsSP2Triangles(8, 9, 10, 0, 8, 11, 9, 0),
	gsSP2Triangles(12, 11, 8, 0, 12, 13, 11, 0),
	gsSP2Triangles(14, 15, 16, 0, 14, 17, 15, 0),
	gsSP2Triangles(18, 19, 20, 0, 20, 19, 21, 0),
	gsSP2Triangles(20, 21, 22, 0, 23, 24, 25, 0),
	gsSP2Triangles(23, 26, 24, 0, 26, 23, 27, 0),
	gsSP2Triangles(28, 29, 30, 0, 28, 31, 29, 0),
	gsSPVertex(prince_valley_dl_terrain_mesh_layer_1_vtx_7 + 64, 31, 0),
	gsSP2Triangles(0, 1, 2, 0, 0, 3, 1, 0),
	gsSP2Triangles(4, 5, 6, 0, 4, 7, 5, 0),
	gsSP2Triangles(5, 7, 8, 0, 9, 5, 8, 0),
	gsSP2Triangles(10, 11, 12, 0, 10, 13, 11, 0),
	gsSP2Triangles(14, 15, 16, 0, 16, 15, 17, 0),
	gsSP2Triangles(18, 19, 20, 0, 21, 18, 20, 0),
	gsSP2Triangles(21, 20, 22, 0, 23, 24, 25, 0),
	gsSP2Triangles(23, 26, 24, 0, 27, 28, 29, 0),
	gsSP1Triangle(27, 30, 28, 0),
	gsSPVertex(prince_valley_dl_terrain_mesh_layer_1_vtx_7 + 95, 32, 0),
	gsSP2Triangles(0, 1, 2, 0, 0, 3, 1, 0),
	gsSP2Triangles(4, 5, 6, 0, 7, 4, 6, 0),
	gsSP2Triangles(8, 9, 10, 0, 8, 11, 9, 0),
	gsSP2Triangles(12, 13, 14, 0, 12, 15, 13, 0),
	gsSP2Triangles(15, 16, 13, 0, 17, 18, 19, 0),
	gsSP2Triangles(17, 20, 18, 0, 21, 18, 20, 0),
	gsSP2Triangles(21, 22, 18, 0, 23, 24, 25, 0),
	gsSP2Triangles(26, 25, 24, 0, 26, 27, 25, 0),
	gsSP2Triangles(28, 29, 30, 0, 31, 28, 30, 0),
	gsSPVertex(prince_valley_dl_terrain_mesh_layer_1_vtx_7 + 127, 30, 0),
	gsSP2Triangles(0, 1, 2, 0, 3, 1, 0, 0),
	gsSP2Triangles(3, 4, 1, 0, 5, 6, 7, 0),
	gsSP2Triangles(5, 8, 6, 0, 9, 10, 11, 0),
	gsSP2Triangles(9, 12, 10, 0, 13, 14, 15, 0),
	gsSP2Triangles(13, 16, 14, 0, 17, 18, 19, 0),
	gsSP2Triangles(17, 20, 18, 0, 21, 22, 23, 0),
	gsSP2Triangles(21, 24, 22, 0, 25, 26, 27, 0),
	gsSP2Triangles(25, 28, 26, 0, 25, 29, 28, 0),
	gsSPVertex(prince_valley_dl_terrain_mesh_layer_1_vtx_7 + 157, 29, 0),
	gsSP2Triangles(0, 1, 2, 0, 2, 3, 0, 0),
	gsSP2Triangles(3, 4, 0, 0, 3, 5, 4, 0),
	gsSP2Triangles(6, 7, 8, 0, 6, 8, 9, 0),
	gsSP2Triangles(9, 8, 10, 0, 11, 10, 8, 0),
	gsSP2Triangles(11, 12, 10, 0, 12, 13, 10, 0),
	gsSP2Triangles(12, 14, 13, 0, 13, 14, 15, 0),
	gsSP2Triangles(13, 15, 16, 0, 10, 13, 16, 0),
	gsSP2Triangles(10, 16, 17, 0, 9, 10, 17, 0),
	gsSP2Triangles(18, 19, 20, 0, 18, 20, 21, 0),
	gsSP2Triangles(18, 21, 22, 0, 18, 22, 23, 0),
	gsSP2Triangles(24, 23, 22, 0, 25, 23, 24, 0),
	gsSP2Triangles(25, 26, 23, 0, 26, 27, 23, 0),
	gsSP1Triangle(26, 28, 27, 0),
	gsSPEndDisplayList(),
};

Vtx prince_valley_dl_terrain_mesh_layer_1_vtx_8[6] = {
	{{{-6519, 4009, -10611}, 0, {-7257, -11609}, {0xC4, 0x70, 0x02, 0xFF}}},
	{{{-7913, 3242, -9379}, 0, {-8780, -10263}, {0xBD, 0x6C, 0x01, 0xFF}}},
	{{{-5458, 4485, -9379}, 0, {-6099, -10263}, {0xC7, 0x71, 0x06, 0xFF}}},
	{{{-7913, 3242, -10791}, 0, {-8780, -11806}, {0xBB, 0x6B, 0x01, 0xFF}}},
	{{{-7913, 3242, -12222}, 0, {-8780, -13369}, {0xBE, 0x6D, 0x00, 0xFF}}},
	{{{-6519, 4009, -12812}, 0, {-7257, -14014}, {0xC3, 0x6F, 0x00, 0xFF}}},
};

Gfx prince_valley_dl_terrain_mesh_layer_1_tri_8[] = {
	gsSPVertex(prince_valley_dl_terrain_mesh_layer_1_vtx_8 + 0, 6, 0),
	gsSP2Triangles(0, 1, 2, 0, 0, 3, 1, 0),
	gsSP2Triangles(0, 4, 3, 0, 0, 5, 4, 0),
	gsSPEndDisplayList(),
};

Vtx prince_valley_dl_terrain_mesh_layer_1_vtx_9[389] = {
	{{{-3963, 7064, -6888}, 0, {-4465, -7052}, {0x2C, 0x04, 0x77, 0xFF}}},
	{{{-4833, 6659, -7039}, 0, {-5415, -6611}, {0xEB, 0xFE, 0x7D, 0xFF}}},
	{{{-3656, 3876, -6888}, 0, {-4131, -3571}, {0x7A, 0x06, 0x23, 0xFF}}},
	{{{7253, 977, 10580}, 0, {7785, -404}, {0x4D, 0x00, 0x65, 0xFF}}},
	{{{6204, 843, 10896}, 0, {6639, -258}, {0x25, 0x00, 0x7A, 0xFF}}},
	{{{7253, 703, 10580}, 0, {7785, -105}, {0x4C, 0x00, 0x66, 0xFF}}},
	{{{-6476, 4947, -5589}, 0, {-7211, -4740}, {0xD2, 0x51, 0x56, 0xFF}}},
	{{{-5607, 5753, -5884}, 0, {-6261, -5620}, {0xD9, 0x62, 0x47, 0xFF}}},
	{{{-7915, 5703, -7079}, 0, {-8783, -5567}, {0xD3, 0x76, 0x09, 0xFF}}},
	{{{-5607, 5753, -5884}, 0, {-6261, -6447}, {0xD9, 0x62, 0x47, 0xFF}}},
	{{{-4833, 6659, -7039}, 0, {-5415, -7708}, {0xDA, 0x79, 0x09, 0xFF}}},
	{{{-7915, 5703, -7079}, 0, {-8783, -7751}, {0xD3, 0x76, 0x09, 0xFF}}},
	{{{7253, 703, 10580}, 0, {-11528, -105}, {0x4C, 0x00, 0x66, 0xFF}}},
	{{{8372, 914, 8909}, 0, {-9702, -335}, {0x6A, 0x00, 0x47, 0xFF}}},
	{{{7253, 977, 10580}, 0, {-11528, -404}, {0x4D, 0x00, 0x65, 0xFF}}},
	{{{-2299, 1424, -4777}, 0, {-2649, -892}, {0x9D, 0x00, 0x4F, 0xFF}}},
	{{{-1116, 1046, -3730}, 0, {-1356, -479}, {0xAC, 0x00, 0x5F, 0xFF}}},
	{{{-1116, 2293, -3730}, 0, {-1356, -1842}, {0xAC, 0x00, 0x5F, 0xFF}}},
	{{{-5312, 348, -2381}, 0, {-5939, 283}, {0xB5, 0x00, 0x67, 0xFF}}},
	{{{-1761, 1366, -562}, 0, {-2060, -829}, {0xE3, 0x00, 0x7C, 0xFF}}},
	{{{-5312, 1764, -2381}, 0, {-5939, -1263}, {0xB3, 0x00, 0x65, 0xFF}}},
	{{{-1761, 288, -562}, 0, {-2060, 348}, {0xE7, 0x00, 0x7C, 0xFF}}},
	{{{340, 969, -699}, 0, {234, -395}, {0x08, 0x00, 0x7F, 0xFF}}},
	{{{2102, 229, -819}, 0, {2159, 413}, {0x08, 0xFF, 0x7F, 0xFF}}},
	{{{-7889, 2361, -5062}, 0, {-8754, -1916}, {0xEA, 0x00, 0x7D, 0xFF}}},
	{{{-3675, 2527, -4322}, 0, {-4152, -2098}, {0xB0, 0x00, 0x62, 0xFF}}},
	{{{-7889, 2655, -5062}, 0, {-8754, -2237}, {0xEA, 0x00, 0x7D, 0xFF}}},
	{{{-3675, 1769, -4322}, 0, {-4152, -1269}, {0xC9, 0x00, 0x73, 0xFF}}},
	{{{-2823, 1805, -3611}, 0, {-3221, -1309}, {0xC1, 0x00, 0x6F, 0xFF}}},
	{{{-2823, 3154, -3611}, 0, {-3221, -2782}, {0xB7, 0x00, 0x68, 0xFF}}},
	{{{-1868, 2007, -3223}, 0, {-2178, -1530}, {0xD0, 0x00, 0x76, 0xFF}}},
	{{{-1868, 1006, -3223}, 0, {-2178, -436}, {0xD0, 0x00, 0x76, 0xFF}}},
	{{{-3675, 2527, -4322}, 0, {-4152, -2098}, {0xB0, 0x00, 0x62, 0xFF}}},
	{{{-2823, 3154, -3611}, 0, {-3221, -2782}, {0xB7, 0x00, 0x68, 0xFF}}},
	{{{-3675, 3876, -4322}, 0, {-4152, -3571}, {0x95, 0x00, 0x45, 0xFF}}},
	{{{6388, -237, 78}, 0, {-57, 922}, {0x7F, 0x00, 0xFF, 0xFF}}},
	{{{6414, 661, 3224}, 0, {-3494, -59}, {0x7F, 0x00, 0xFF, 0xFF}}},
	{{{6414, 151, 3224}, 0, {-3494, 498}, {0x7F, 0x00, 0xFF, 0xFF}}},
	{{{6416, 191, 3549}, 0, {-3849, 454}, {0x7A, 0x00, 0x22, 0xFF}}},
	{{{6416, 754, 3549}, 0, {-3849, -160}, {0x79, 0x00, 0x27, 0xFF}}},
	{{{5167, 573, 5405}, 0, {-5876, 37}, {0x53, 0x00, 0x60, 0xFF}}},
	{{{5167, 318, 5405}, 0, {-5876, 315}, {0x54, 0x00, 0x5F, 0xFF}}},
	{{{-3377, 1853, -5136}, 0, {5638, -1361}, {0x78, 0x00, 0xD5, 0xFF}}},
	{{{-2919, 3154, -4201}, 0, {4617, -2782}, {0x6B, 0x00, 0xBC, 0xFF}}},
	{{{-2919, 1424, -4201}, 0, {4617, -892}, {0x63, 0x00, 0xB0, 0xFF}}},
	{{{-3377, 3876, -5136}, 0, {5638, -3571}, {0x7A, 0x00, 0xDE, 0xFF}}},
	{{{-3656, 2525, -6888}, 0, {7551, -2095}, {0x5F, 0x4C, 0x26, 0xFF}}},
	{{{-3656, 3876, -6888}, 0, {7551, -3571}, {0x7A, 0x06, 0x23, 0xFF}}},
	{{{-3389, 2746, -7496}, 0, {8215, -2336}, {0x4E, 0x52, 0x3A, 0xFF}}},
	{{{-3389, 4047, -7496}, 0, {8215, -3758}, {0x73, 0x12, 0x33, 0xFF}}},
	{{{-3314, 5378, -8500}, 0, {9312, -5211}, {0x7B, 0x12, 0x19, 0xFF}}},
	{{{-3963, 7064, -6888}, 0, {7551, -7052}, {0x2C, 0x04, 0x77, 0xFF}}},
	{{{-2919, 1424, -4201}, 0, {-3326, -892}, {0x63, 0x00, 0xB0, 0xFF}}},
	{{{-1868, 2007, -3223}, 0, {-2178, -1530}, {0x57, 0x00, 0xA3, 0xFF}}},
	{{{-1868, 1006, -3223}, 0, {-2178, -436}, {0x57, 0x00, 0xA3, 0xFF}}},
	{{{-2919, 3154, -4201}, 0, {-3326, -2782}, {0x6B, 0x00, 0xBC, 0xFF}}},
	{{{-3675, 2527, -4322}, 0, {4749, -2098}, {0xB0, 0x00, 0x62, 0xFF}}},
	{{{-3923, 3876, -4936}, 0, {5419, -3571}, {0x8A, 0x00, 0x30, 0xFF}}},
	{{{-3923, 2527, -4936}, 0, {5419, -2098}, {0x8A, 0x00, 0x30, 0xFF}}},
	{{{-3675, 3876, -4322}, 0, {4749, -3571}, {0x95, 0x00, 0x45, 0xFF}}},
	{{{-5607, 2527, -5884}, 0, {-6261, -2098}, {0xC2, 0x00, 0x6F, 0xFF}}},
	{{{-3923, 3876, -4936}, 0, {-4422, -3571}, {0xC2, 0x00, 0x6F, 0xFF}}},
	{{{-5607, 4081, -5884}, 0, {-6261, -3795}, {0xC2, 0x00, 0x6F, 0xFF}}},
	{{{-3923, 2527, -4936}, 0, {-4422, -2098}, {0xC2, 0x00, 0x6F, 0xFF}}},
	{{{-9905, 377, -6254}, 0, {-10956, 251}, {0xB2, 0x00, 0x64, 0xFF}}},
	{{{-11208, 1313, -7534}, 0, {-12379, -771}, {0x81, 0x00, 0x05, 0xFF}}},
	{{{-11208, 229, -7534}, 0, {-12379, 413}, {0x81, 0x00, 0x04, 0xFF}}},
	{{{-9905, 1190, -6254}, 0, {-10956, -637}, {0xB2, 0x00, 0x64, 0xFF}}},
	{{{-7889, 525, -5062}, 0, {-8754, 89}, {0xB2, 0x00, 0x64, 0xFF}}},
	{{{-7889, 1190, -5062}, 0, {-8754, -637}, {0xA9, 0x00, 0x5D, 0xFF}}},
	{{{-1116, 1046, -3730}, 0, {4102, -479}, {0x70, 0x00, 0x3C, 0xFF}}},
	{{{-658, 2293, -4578}, 0, {5028, -1842}, {0x30, 0x06, 0x75, 0xFF}}},
	{{{-1116, 2293, -3730}, 0, {4102, -1842}, {0x70, 0x00, 0x3C, 0xFF}}},
	{{{-658, -5585, -4578}, 0, {5028, 6763}, {0x60, 0x00, 0x53, 0xFF}}},
	{{{-1116, -5584, -3730}, 0, {4102, 6762}, {0x70, 0x00, 0x3C, 0xFF}}},
	{{{5572, 4227, -4998}, 0, {5948, -3954}, {0x6D, 0x08, 0x42, 0xFF}}},
	{{{7001, 3752, -4662}, 0, {7509, -3435}, {0xC5, 0x46, 0x58, 0xFF}}},
	{{{6990, 4011, -4896}, 0, {7497, -3718}, {0xAA, 0x3C, 0x47, 0xFF}}},
	{{{5477, 3694, -4807}, 0, {5845, -3371}, {0x0E, 0x2D, 0x76, 0xFF}}},
	{{{5610, 4474, -5009}, 0, {5990, -4223}, {0x26, 0xE6, 0x76, 0xFF}}},
	{{{5256, 4969, -4807}, 0, {5604, -4764}, {0x36, 0xF2, 0x72, 0xFF}}},
	{{{7472, 4671, -4627}, 0, {8024, -4439}, {0x9E, 0x20, 0x4A, 0xFF}}},
	{{{7028, 4257, -4907}, 0, {7539, -3987}, {0xBB, 0xF8, 0x6B, 0xFF}}},
	{{{4955, 3199, -4562}, 0, {5275, -2831}, {0xEB, 0x1B, 0x7A, 0xFF}}},
	{{{4955, 5042, -4562}, 0, {5275, -4844}, {0x09, 0x00, 0x7F, 0xFF}}},
	{{{3820, 5042, -5122}, 0, {4036, -4844}, {0xE4, 0x00, 0x7C, 0xFF}}},
	{{{3820, 3077, -5122}, 0, {4036, -2698}, {0xE6, 0x00, 0x7C, 0xFF}}},
	{{{2561, 5042, -5106}, 0, {2660, -4844}, {0x01, 0x05, 0x7F, 0xFF}}},
	{{{2561, 2954, -5106}, 0, {2660, -2564}, {0xF6, 0xF1, 0x7E, 0xFF}}},
	{{{1390, 3134, -4950}, 0, {1381, -2760}, {0x03, 0xF3, 0x7E, 0xFF}}},
	{{{-66, 5462, -5274}, 0, {-209, -5303}, {0xDD, 0x04, 0x7A, 0xFF}}},
	{{{-66, 3141, -5274}, 0, {-209, -2768}, {0xD9, 0x00, 0x79, 0xFF}}},
	{{{-857, 2950, -5608}, 0, {-1073, -2559}, {0xCE, 0x00, 0x75, 0xFF}}},
	{{{-857, 5691, -5608}, 0, {-1073, -5553}, {0xCE, 0x00, 0x75, 0xFF}}},
	{{{1009, 1214, -5599}, 0, {965, -663}, {0x17, 0xE8, 0x7B, 0xFF}}},
	{{{2535, 763, -5458}, 0, {2632, -170}, {0xE0, 0xF8, 0x7B, 0xFF}}},
	{{{2535, 763, -5458}, 0, {2632, -170}, {0xE0, 0xF8, 0x7B, 0xFF}}},
	{{{1009, 1214, -5599}, 0, {965, -663}, {0x17, 0xE8, 0x7B, 0xFF}}},
	{{{734, -1089, -5624}, 0, {665, 1852}, {0x23, 0x00, 0x7A, 0xFF}}},
	{{{379, 1044, -5337}, 0, {277, -477}, {0x39, 0xF0, 0x70, 0xFF}}},
	{{{1390, 3134, -4950}, 0, {1381, -2760}, {0x03, 0xF3, 0x7E, 0xFF}}},
	{{{-658, 2293, -4578}, 0, {-856, -1842}, {0x30, 0x06, 0x75, 0xFF}}},
	{{{-658, -5585, -4578}, 0, {-856, 6763}, {0x60, 0x00, 0x53, 0xFF}}},
	{{{734, -5584, -5624}, 0, {665, 6762}, {0x23, 0x00, 0x7A, 0xFF}}},
	{{{2535, -5584, -5458}, 0, {2632, 6762}, {0xE1, 0x00, 0x7B, 0xFF}}},
	{{{4682, -5584, -4527}, 0, {4977, 6762}, {0xD5, 0x00, 0x78, 0xFF}}},
	{{{4682, 1126, -4527}, 0, {4977, -566}, {0xD7, 0xF6, 0x78, 0xFF}}},
	{{{7038, 979, -3858}, 0, {7550, -406}, {0x03, 0x13, 0x7E, 0xFF}}},
	{{{7038, -5584, -3858}, 0, {7550, 6762}, {0xDD, 0x00, 0x7A, 0xFF}}},
	{{{7038, 2863, -3858}, 0, {7550, -2464}, {0x11, 0xF9, 0x7E, 0xFF}}},
	{{{7728, 2481, -4099}, 0, {8304, -2048}, {0x3A, 0xF7, 0x70, 0xFF}}},
	{{{7728, 979, -4099}, 0, {8304, -406}, {0x44, 0x11, 0x6A, 0xFF}}},
	{{{7038, 229, -3379}, 0, {7550, 413}, {0x3A, 0x2E, 0x67, 0xFF}}},
	{{{8038, 229, -4151}, 0, {8642, 413}, {0x4C, 0x19, 0x63, 0xFF}}},
	{{{9037, 229, -4922}, 0, {9734, 413}, {0x4C, 0x19, 0x63, 0xFF}}},
	{{{7728, 4697, -4099}, 0, {8304, -4467}, {0x1C, 0xEB, 0x7A, 0xFF}}},
	{{{9490, 3888, -4634}, 0, {10229, -3584}, {0x30, 0xE0, 0x71, 0xFF}}},
	{{{9032, 2161, -5424}, 0, {9728, -1697}, {0x3A, 0xE4, 0x6E, 0xFF}}},
	{{{10146, 2678, -5446}, 0, {10945, -2262}, {0x5B, 0x01, 0x59, 0xFF}}},
	{{{10645, 1311, -5829}, 0, {11490, -769}, {0x5A, 0x02, 0x59, 0xFF}}},
	{{{9032, 750, -5424}, 0, {9728, -156}, {0x3D, 0xFA, 0x6F, 0xFF}}},
	{{{10046, 489, -5848}, 0, {10835, 129}, {0x27, 0x37, 0x6C, 0xFF}}},
	{{{10645, 92, -5829}, 0, {11490, 562}, {0x37, 0x6B, 0x28, 0xFF}}},
	{{{8676, 6296, -3695}, 0, {9339, -6214}, {0x12, 0xD8, 0x77, 0xFF}}},
	{{{10438, 5488, -4230}, 0, {11264, -5331}, {0x12, 0xD8, 0x77, 0xFF}}},
	{{{-2299, 1424, -4777}, 0, {5245, -892}, {0x9D, 0x00, 0x4F, 0xFF}}},
	{{{-1116, 2293, -3730}, 0, {4102, -1842}, {0xAC, 0x00, 0x5F, 0xFF}}},
	{{{-2299, 2293, -4777}, 0, {5245, -1842}, {0x96, 0x00, 0x45, 0xFF}}},
	{{{-2635, 1853, -5591}, 0, {6135, -1361}, {0x87, 0x00, 0x27, 0xFF}}},
	{{{-2299, 1424, -4777}, 0, {5245, -892}, {0x9D, 0x00, 0x4F, 0xFF}}},
	{{{-2299, 2293, -4777}, 0, {5245, -1842}, {0x96, 0x00, 0x45, 0xFF}}},
	{{{-2635, 2982, -5591}, 0, {6135, -2594}, {0x84, 0x00, 0x1C, 0xFF}}},
	{{{-2811, 2525, -6749}, 0, {7399, -2095}, {0xA7, 0x55, 0x20, 0xFF}}},
	{{{-2811, 3501, -6749}, 0, {7399, -3161}, {0x84, 0x00, 0xE6, 0xFF}}},
	{{{-2474, 2746, -7496}, 0, {8215, -2336}, {0xA9, 0x5C, 0xF4, 0xFF}}},
	{{{-2474, 3762, -7496}, 0, {8215, -3446}, {0x8C, 0x00, 0xCC, 0xFF}}},
	{{{11382, 3155, -8014}, 0, {8782, -2784}, {0x6B, 0xCA, 0xD6, 0xFF}}},
	{{{10047, 3291, -5872}, 0, {6441, -2931}, {0x72, 0x24, 0x2A, 0xFF}}},
	{{{10813, 1447, -6435}, 0, {7056, -918}, {0x7F, 0xFF, 0x06, 0xFF}}},
	{{{10146, 2678, -5446}, 0, {5977, -2262}, {0x5B, 0x01, 0x59, 0xFF}}},
	{{{9490, 3888, -4634}, 0, {5089, -3584}, {0x30, 0xE0, 0x71, 0xFF}}},
	{{{10645, 1311, -5829}, 0, {6395, -769}, {0x5A, 0x02, 0x59, 0xFF}}},
	{{{10813, 229, -6435}, 0, {7056, 413}, {0x7A, 0x00, 0x22, 0xFF}}},
	{{{10645, 92, -5829}, 0, {6395, 562}, {0x37, 0x6B, 0x28, 0xFF}}},
	{{{7038, 2863, -3858}, 0, {7550, -2464}, {0x11, 0xF9, 0x7E, 0xFF}}},
	{{{5337, 3199, -3897}, 0, {5692, -2831}, {0xE7, 0xE3, 0x79, 0xFF}}},
	{{{4682, 1126, -4527}, 0, {4977, -566}, {0xD7, 0xF6, 0x78, 0xFF}}},
	{{{2561, 2954, -5106}, 0, {2660, -2564}, {0xF6, 0xF1, 0x7E, 0xFF}}},
	{{{2535, 763, -5458}, 0, {2632, -170}, {0xE0, 0xF8, 0x7B, 0xFF}}},
	{{{1390, 3102, -4660}, 0, {1381, -2725}, {0xFF, 0xD9, 0x79, 0xFF}}},
	{{{82, 3141, -4659}, 0, {-48, -2768}, {0x0B, 0xE8, 0x7C, 0xFF}}},
	{{{379, 1044, -5337}, 0, {277, -477}, {0x39, 0xF0, 0x70, 0xFF}}},
	{{{-658, 2293, -4578}, 0, {-856, -1842}, {0x30, 0x06, 0x75, 0xFF}}},
	{{{-1419, 2624, -4820}, 0, {-1687, -2203}, {0xEF, 0x2F, 0x75, 0xFF}}},
	{{{-2032, 2293, -4750}, 0, {-2357, -1842}, {0xF2, 0x33, 0x73, 0xFF}}},
	{{{-1903, 5654, -7202}, 0, {7895, -5513}, {0x84, 0x1A, 0xF4, 0xFF}}},
	{{{-2305, 4007, -6804}, 0, {7460, -3713}, {0x96, 0x43, 0xEC, 0xFF}}},
	{{{-1903, 5654, -6873}, 0, {7534, -5513}, {0x85, 0x1E, 0x00, 0xFF}}},
	{{{-2070, 4100, -7546}, 0, {8270, -3815}, {0x93, 0x3C, 0xE8, 0xFF}}},
	{{{-1081, 6278, -7293}, 0, {-1318, -7985}, {0xB6, 0x67, 0x08, 0xFF}}},
	{{{-1903, 5654, -6873}, 0, {-2215, -7526}, {0xB4, 0x66, 0x03, 0xFF}}},
	{{{-572, 6585, -6684}, 0, {-762, -7320}, {0xB7, 0x67, 0x09, 0xFF}}},
	{{{-1903, 5654, -7202}, 0, {-2215, -7886}, {0xB3, 0x65, 0x00, 0xFF}}},
	{{{9032, 2161, -5424}, 0, {5953, -1697}, {0x3A, 0xE4, 0x6E, 0xFF}}},
	{{{7728, 979, -4099}, 0, {4505, -406}, {0x44, 0x11, 0x6A, 0xFF}}},
	{{{9032, 750, -5424}, 0, {5953, -156}, {0x3D, 0xFA, 0x6F, 0xFF}}},
	{{{7728, 2481, -4099}, 0, {4505, -2048}, {0x3A, 0xF7, 0x70, 0xFF}}},
	{{{-9277, 192, 14743}, 0, {-10270, 453}, {0x2E, 0x0C, 0x8A, 0xFF}}},
	{{{-5779, -647, 13317}, 0, {-6449, 1370}, {0xAD, 0x5E, 0xED, 0xFF}}},
	{{{-9277, -134, 14743}, 0, {-10270, 809}, {0x22, 0x39, 0x94, 0xFF}}},
	{{{-5256, 171, 14161}, 0, {-5878, 477}, {0xBD, 0x5F, 0xCE, 0xFF}}},
	{{{-7895, 229, 4113}, 0, {-8761, 413}, {0x20, 0x00, 0x7B, 0xFF}}},
	{{{-7374, -645, 4310}, 0, {-8192, 1368}, {0x9C, 0x14, 0x4C, 0xFF}}},
	{{{-7374, 229, 4310}, 0, {-8192, 413}, {0xA3, 0x0D, 0x55, 0xFF}}},
	{{{-7895, -1563, 4113}, 0, {-8761, 2370}, {0xFA, 0x55, 0x5E, 0xFF}}},
	{{{-7895, 229, 4113}, 0, {-4464, 413}, {0x20, 0x00, 0x7B, 0xFF}}},
	{{{-11469, -764, 8172}, 0, {-8898, 1498}, {0x67, 0x42, 0x21, 0xFF}}},
	{{{-7895, -1563, 4113}, 0, {-4464, 2370}, {0xFA, 0x55, 0x5E, 0xFF}}},
	{{{-11469, 496, 8172}, 0, {-8898, 121}, {0x77, 0x00, 0x2B, 0xFF}}},
	{{{-11549, -278, 11312}, 0, {-12327, 966}, {0x6C, 0x39, 0xDD, 0xFF}}},
	{{{-11549, 1092, 11312}, 0, {-12327, -530}, {0x7A, 0x00, 0xDD, 0xFF}}},
	{{{-9277, 192, 14743}, 0, {-16075, 453}, {0x2E, 0x0C, 0x8A, 0xFF}}},
	{{{-9277, -134, 14743}, 0, {-16075, 809}, {0x22, 0x39, 0x94, 0xFF}}},
	{{{511, 566, -2689}, 0, {421, 45}, {0x39, 0x00, 0x8F, 0xFF}}},
	{{{-1116, -5584, -3730}, 0, {-1356, 6762}, {0x44, 0x00, 0x95, 0xFF}}},
	{{{-1116, 1046, -3730}, 0, {-1356, -479}, {0x44, 0x00, 0x95, 0xFF}}},
	{{{511, -5584, -2689}, 0, {421, 6762}, {0x38, 0x00, 0x8E, 0xFF}}},
	{{{2178, 419, -2099}, 0, {2242, 205}, {0x06, 0x00, 0x81, 0xFF}}},
	{{{2178, -5584, -2099}, 0, {2242, 6762}, {0x04, 0x00, 0x81, 0xFF}}},
	{{{4906, 200, -2856}, 0, {5221, 444}, {0xE0, 0x00, 0x85, 0xFF}}},
	{{{4906, -5613, -2856}, 0, {5221, 6794}, {0xE0, 0x00, 0x85, 0xFF}}},
	{{{4906, 200, -2856}, 0, {5221, 444}, {0xE0, 0x00, 0x85, 0xFF}}},
	{{{7038, -5584, -3379}, 0, {7550, 6762}, {0xE2, 0x00, 0x85, 0xFF}}},
	{{{4906, -5613, -2856}, 0, {5221, 6794}, {0xE0, 0x00, 0x85, 0xFF}}},
	{{{7038, 229, -3379}, 0, {7550, 413}, {0xE2, 0x00, 0x85, 0xFF}}},
	{{{7038, 229, -3379}, 0, {3719, 413}, {0x81, 0x00, 0x00, 0xFF}}},
	{{{7038, -5584, -3858}, 0, {4241, 6762}, {0x81, 0x00, 0x00, 0xFF}}},
	{{{7038, -5584, -3379}, 0, {3719, 6762}, {0x81, 0x00, 0x00, 0xFF}}},
	{{{7038, 979, -3858}, 0, {4241, -406}, {0x81, 0x00, 0x00, 0xFF}}},
	{{{-4611, 4664, -8034}, 0, {8803, -4431}, {0x71, 0xF7, 0x39, 0xFF}}},
	{{{-5607, 5753, -5884}, 0, {6455, -5620}, {0x63, 0xFA, 0x50, 0xFF}}},
	{{{-5607, 4081, -5884}, 0, {6455, -3795}, {0x45, 0x00, 0x6B, 0xFF}}},
	{{{-4833, 6659, -7039}, 0, {7716, -6611}, {0x6E, 0xEE, 0x3C, 0xFF}}},
	{{{-7913, 3242, -9379}, 0, {-8780, -2878}, {0x3A, 0xF9, 0x8F, 0xFF}}},
	{{{-9398, 4991, -10618}, 0, {-10402, -4788}, {0xEE, 0x11, 0x84, 0xFF}}},
	{{{-7421, 4991, -9379}, 0, {-8242, -4788}, {0x1A, 0xF9, 0x84, 0xFF}}},
	{{{-9398, 2104, -10618}, 0, {-10402, -1635}, {0x12, 0x00, 0x82, 0xFF}}},
	{{{-11113, 4226, -9379}, 0, {-12276, -3953}, {0xAF, 0x20, 0xA4, 0xFF}}},
	{{{-10107, 5899, -8975}, 0, {-11177, -5780}, {0xAF, 0x42, 0xB8, 0xFF}}},
	{{{-9122, 4991, -5739}, 0, {-10101, -6287}, {0x53, 0x60, 0x02, 0xFF}}},
	{{{-10107, 5899, -8975}, 0, {-11177, -9823}, {0x5C, 0x58, 0xFD, 0xFF}}},
	{{{-10625, 6187, -6458}, 0, {-11742, -7073}, {0x4E, 0x64, 0x04, 0xFF}}},
	{{{-9398, 4991, -10618}, 0, {-10402, -11617}, {0x5F, 0x54, 0xFB, 0xFF}}},
	{{{-9902, 2585, -7534}, 0, {8257, -2160}, {0x9D, 0xB1, 0xFA, 0xFF}}},
	{{{-11113, 4226, -9379}, 0, {10272, -3953}, {0x9D, 0xB0, 0xFA, 0xFF}}},
	{{{-9398, 2104, -10618}, 0, {11625, -1635}, {0x9C, 0xB2, 0xFC, 0xFF}}},
	{{{-11570, 4589, -7513}, 0, {8234, -4349}, {0x9F, 0xAF, 0xF8, 0xFF}}},
	{{{-10107, 5899, -8975}, 0, {9831, -5780}, {0x9D, 0x49, 0xDF, 0xFF}}},
	{{{-11570, 4589, -7513}, 0, {8234, -4349}, {0x9E, 0x49, 0xDF, 0xFF}}},
	{{{-10625, 6187, -6458}, 0, {7081, -6095}, {0x9F, 0x4C, 0xE3, 0xFF}}},
	{{{-11113, 4226, -9379}, 0, {10272, -3953}, {0x9C, 0x45, 0xDA, 0xFF}}},
	{{{-7913, 3242, -12222}, 0, {-8780, -2878}, {0x45, 0x00, 0x6B, 0xFF}}},
	{{{-9488, 3509, -10993}, 0, {-10500, -3169}, {0x3A, 0x24, 0x6B, 0xFF}}},
	{{{-9488, 2104, -10993}, 0, {-10500, -1635}, {0x4E, 0x00, 0x64, 0xFF}}},
	{{{-7913, 4631, -12222}, 0, {-8780, -4395}, {0x19, 0x40, 0x6B, 0xFF}}},
	{{{-7421, 4991, -9379}, 0, {10272, -4788}, {0x84, 0xFF, 0xE6, 0xFF}}},
	{{{-7915, 4991, -7056}, 0, {7735, -4788}, {0x87, 0x01, 0x25, 0xFF}}},
	{{{-7915, 5703, -7079}, 0, {7760, -5567}, {0x85, 0x01, 0x21, 0xFF}}},
	{{{-6476, 4947, -5589}, 0, {6132, -4740}, {0xA5, 0x03, 0x59, 0xFF}}},
	{{{-6476, 4947, -5589}, 0, {-7211, -4740}, {0x2D, 0xFD, 0x77, 0xFF}}},
	{{{-5607, 4081, -5884}, 0, {-6261, -3795}, {0x45, 0x00, 0x6B, 0xFF}}},
	{{{-5607, 5753, -5884}, 0, {-6261, -5620}, {0x63, 0xFA, 0x50, 0xFF}}},
	{{{-6779, 4034, -5462}, 0, {-7542, -3743}, {0x2B, 0x01, 0x77, 0xFF}}},
	{{{-7889, 3988, -5062}, 0, {-8754, -3693}, {0x32, 0xF6, 0x75, 0xFF}}},
	{{{-8250, 4976, -4646}, 0, {-9148, -4773}, {0x3A, 0xE7, 0x6E, 0xFF}}},
	{{{-7889, 2655, -5062}, 0, {-8754, -2237}, {0x2B, 0x00, 0x77, 0xFF}}},
	{{{-5607, 2527, -5884}, 0, {-6261, -2098}, {0x2B, 0x00, 0x77, 0xFF}}},
	{{{-8398, 3983, -5657}, 0, {6207, -3688}, {0xAC, 0xE1, 0x5A, 0xFF}}},
	{{{-8250, 4976, -4646}, 0, {5103, -4773}, {0xA9, 0xC5, 0x47, 0xFF}}},
	{{{-9122, 4991, -5739}, 0, {6296, -4788}, {0xB4, 0xD5, 0x5C, 0xFF}}},
	{{{-7889, 3988, -5062}, 0, {5557, -3693}, {0xA3, 0xE0, 0x50, 0xFF}}},
	{{{-7889, 2655, -5062}, 0, {5557, -2237}, {0x9F, 0x00, 0x53, 0xFF}}},
	{{{-9077, 2655, -6451}, 0, {7074, -2237}, {0xA0, 0xF6, 0x52, 0xFF}}},
	{{{-7889, 2361, -5062}, 0, {5557, -1916}, {0xA1, 0x00, 0x54, 0xFF}}},
	{{{-9077, 1190, -6451}, 0, {7074, -637}, {0x9D, 0x00, 0x50, 0xFF}}},
	{{{-9902, 1313, -7534}, 0, {8257, -771}, {0x86, 0x00, 0x25, 0xFF}}},
	{{{-9902, 2585, -7534}, 0, {8257, -2160}, {0x92, 0xF0, 0x3E, 0xFF}}},
	{{{-9738, 1313, -9379}, 0, {10272, -771}, {0x87, 0x06, 0xD9, 0xFF}}},
	{{{-9398, 2104, -10618}, 0, {11625, -1635}, {0x89, 0x2B, 0xFB, 0xFF}}},
	{{{-9398, 2104, -10784}, 0, {11806, -1635}, {0x88, 0x1D, 0x1D, 0xFF}}},
	{{{-9398, 507, -10784}, 0, {11806, 109}, {0x87, 0x00, 0x26, 0xFF}}},
	{{{-9738, 200, -9379}, 0, {10272, 445}, {0x8F, 0x00, 0xC6, 0xFF}}},
	{{{-11208, 229, -7534}, 0, {8257, 413}, {0x81, 0x00, 0x04, 0xFF}}},
	{{{-11208, 229, -7534}, 0, {8257, 413}, {0x81, 0x00, 0x04, 0xFF}}},
	{{{-11208, 1313, -7534}, 0, {8257, -771}, {0x81, 0x00, 0x05, 0xFF}}},
	{{{-9738, 1313, -9379}, 0, {10272, -771}, {0x87, 0x06, 0xD9, 0xFF}}},
	{{{-9077, 1190, -6451}, 0, {7074, -637}, {0x9D, 0x00, 0x50, 0xFF}}},
	{{{-7889, 1190, -5062}, 0, {5557, -637}, {0xA9, 0x00, 0x5D, 0xFF}}},
	{{{-7889, 2361, -5062}, 0, {5557, -1916}, {0xA1, 0x00, 0x54, 0xFF}}},
	{{{-6601, 672, -3721}, 0, {4093, -71}, {0xA4, 0x00, 0x58, 0xFF}}},
	{{{-7889, 525, -5062}, 0, {5557, 89}, {0xB2, 0x00, 0x64, 0xFF}}},
	{{{-5312, 1764, -2381}, 0, {2628, -1263}, {0xB3, 0x00, 0x65, 0xFF}}},
	{{{-5312, 348, -2381}, 0, {2628, 283}, {0xB5, 0x00, 0x67, 0xFF}}},
	{{{-14769, 1042, -7098}, 0, {-16269, -475}, {0x68, 0x38, 0xD0, 0xFF}}},
	{{{-12770, 2535, -4982}, 0, {-14086, -2106}, {0x55, 0x1F, 0xA7, 0xFF}}},
	{{{-12766, 714, -5387}, 0, {-14081, -117}, {0x58, 0x14, 0xA6, 0xFF}}},
	{{{-15727, 2833, -6642}, 0, {-17315, -2432}, {0x63, 0x41, 0xD3, 0xFF}}},
	{{{-14769, 1042, -7098}, 0, {7781, -475}, {0x68, 0x38, 0xD0, 0xFF}}},
	{{{-15414, 2815, -9376}, 0, {10269, -2412}, {0x74, 0x32, 0x04, 0xFF}}},
	{{{-15727, 2833, -6642}, 0, {7283, -2432}, {0x63, 0x41, 0xD3, 0xFF}}},
	{{{-14526, 635, -9220}, 0, {10099, -31}, {0x75, 0x32, 0x02, 0xFF}}},
	{{{-15100, 1983, -11589}, 0, {12686, -1502}, {0x69, 0x35, 0x30, 0xFF}}},
	{{{-14283, 229, -11342}, 0, {12417, 413}, {0x5F, 0x36, 0x40, 0xFF}}},
	{{{-14283, 229, -11342}, 0, {-15737, 413}, {0x5F, 0x36, 0x40, 0xFF}}},
	{{{-12274, 2081, -13379}, 0, {-13543, -1611}, {0xF9, 0x2D, 0x77, 0xFF}}},
	{{{-15100, 1983, -11589}, 0, {-16631, -1502}, {0x69, 0x35, 0x30, 0xFF}}},
	{{{-12089, 229, -12670}, 0, {-13341, 413}, {0xF3, 0x2C, 0x76, 0xFF}}},
	{{{-10018, 810, -10993}, 0, {-11079, -221}, {0xBC, 0x14, 0x6A, 0xFF}}},
	{{{-9488, 2104, -10993}, 0, {-10500, -1635}, {0x9D, 0x29, 0x44, 0xFF}}},
	{{{-9398, 2104, -10784}, 0, {-10402, -1635}, {0x88, 0x1D, 0x1D, 0xFF}}},
	{{{-9398, 507, -10784}, 0, {-10402, 109}, {0x87, 0x00, 0x26, 0xFF}}},
	{{{8196, 773, 14002}, 0, {8815, -182}, {0xDF, 0x5C, 0xAF, 0xFF}}},
	{{{2385, 1698, 14624}, 0, {2468, -1192}, {0xFB, 0x58, 0xA5, 0xFF}}},
	{{{8564, 1774, 14993}, 0, {9217, -1275}, {0xDE, 0x5C, 0xB0, 0xFF}}},
	{{{2366, 1006, 13954}, 0, {2447, -436}, {0xFA, 0x58, 0xA5, 0xFF}}},
	{{{2366, 1006, 13954}, 0, {2447, -436}, {0xFA, 0x58, 0xA5, 0xFF}}},
	{{{-2789, 881, 14728}, 0, {-3184, -299}, {0xF0, 0x58, 0xA6, 0xFF}}},
	{{{2385, 1698, 14624}, 0, {2468, -1192}, {0xFB, 0x58, 0xA5, 0xFF}}},
	{{{14523, 480, 1360}, 0, {-1458, 138}, {0xA1, 0x3B, 0x3B, 0xFF}}},
	{{{12358, 1774, -2741}, 0, {3022, -1275}, {0xAC, 0x44, 0x42, 0xFF}}},
	{{{11466, 229, -2191}, 0, {2421, 413}, {0xAE, 0x47, 0x42, 0xFF}}},
	{{{15222, 1703, 1315}, 0, {-1408, -1197}, {0x9E, 0x3A, 0x38, 0xFF}}},
	{{{16119, 465, 4717}, 0, {-5124, 155}, {0x99, 0x4B, 0x07, 0xFF}}},
	{{{16887, 1488, 5110}, 0, {-5553, -962}, {0x9D, 0x4F, 0xF4, 0xFF}}},
	{{{14048, 778, 8535}, 0, {15206, 9303}, {0xB8, 0x56, 0xC4, 0xFF}}},
	{{{16887, 1488, 5110}, 0, {18307, 5562}, {0x9D, 0x4F, 0xF4, 0xFF}}},
	{{{16119, 465, 4717}, 0, {17468, 5132}, {0x99, 0x4B, 0x07, 0xFF}}},
	{{{14633, 1774, 9259}, 0, {15846, 10093}, {0xBB, 0x57, 0xC2, 0xFF}}},
	{{{10914, 954, 11339}, 0, {11783, 12366}, {0xC2, 0x59, 0xBE, 0xFF}}},
	{{{11553, 2087, 12267}, 0, {12482, 13380}, {0xC1, 0x59, 0xBF, 0xFF}}},
	{{{8196, 773, 14002}, 0, {8815, 15274}, {0xDF, 0x5C, 0xAF, 0xFF}}},
	{{{8564, 1774, 14993}, 0, {9217, 16357}, {0xDE, 0x5C, 0xB0, 0xFF}}},
	{{{12312, 92, -5829}, 0, {6395, 562}, {0x83, 0x12, 0xF8, 0xFF}}},
	{{{12358, 1774, -2741}, 0, {3022, -1275}, {0x8B, 0x2C, 0xEA, 0xFF}}},
	{{{12312, 1448, -5829}, 0, {6395, -919}, {0x81, 0x00, 0x02, 0xFF}}},
	{{{11466, 229, -2191}, 0, {2421, 413}, {0x91, 0x36, 0xE4, 0xFF}}},
	{{{-7895, 229, 4113}, 0, {-4464, 413}, {0x72, 0x38, 0xFA, 0xFF}}},
	{{{-8239, 542, 410}, 0, {-419, 71}, {0x6C, 0x3B, 0xE0, 0xFF}}},
	{{{-8949, 2009, 723}, 0, {-762, -1531}, {0x6B, 0x3A, 0xDB, 0xFF}}},
	{{{-10350, 856, -2732}, 0, {3012, -272}, {0x62, 0x2E, 0xBE, 0xFF}}},
	{{{-10861, 2308, -2393}, 0, {2641, -1858}, {0x63, 0x31, 0xC2, 0xFF}}},
	{{{-12770, 2535, -4982}, 0, {5469, -2106}, {0x55, 0x1F, 0xA7, 0xFF}}},
	{{{-12766, 714, -5387}, 0, {5912, -117}, {0x58, 0x14, 0xA6, 0xFF}}},
	{{{-5804, 181, 12805}, 0, {-13958, 465}, {0x8C, 0x26, 0x23, 0xFF}}},
	{{{-5779, -647, 13317}, 0, {-14518, 1370}, {0xAD, 0x5E, 0xED, 0xFF}}},
	{{{-5256, 171, 14161}, 0, {-15440, 477}, {0xBD, 0x5F, 0xCE, 0xFF}}},
	{{{-6822, -1504, 11330}, 0, {-12347, 2305}, {0xC6, 0x70, 0xF1, 0xFF}}},
	{{{-5744, 181, 7316}, 0, {-7963, 465}, {0xA7, 0x57, 0x1A, 0xFF}}},
	{{{-6822, -1504, 11330}, 0, {-12347, 2305}, {0xC6, 0x70, 0xF1, 0xFF}}},
	{{{-5804, 181, 12805}, 0, {-13958, 465}, {0x8C, 0x26, 0x23, 0xFF}}},
	{{{-6799, -763, 7186}, 0, {-7821, 1496}, {0xAF, 0x60, 0x15, 0xFF}}},
	{{{-7374, 229, 4310}, 0, {-4680, 413}, {0xA3, 0x0D, 0x55, 0xFF}}},
	{{{-7374, -645, 4310}, 0, {-4680, 1368}, {0x9C, 0x14, 0x4C, 0xFF}}},
	{{{-3892, 548, 7779}, 0, {-4388, 64}, {0x11, 0x00, 0x7E, 0xFF}}},
	{{{1847, 498, 7002}, 0, {1880, 118}, {0x25, 0x00, 0x7A, 0xFF}}},
	{{{1847, 937, 7002}, 0, {1880, -360}, {0x24, 0x00, 0x7A, 0xFF}}},
	{{{5167, 573, 5405}, 0, {5507, 37}, {0x53, 0x00, 0x60, 0xFF}}},
	{{{5167, 318, 5405}, 0, {5507, 315}, {0x54, 0x00, 0x5F, 0xFF}}},
	{{{-7913, 3242, -10791}, 0, {-8780, -11806}, {0xBB, 0x6B, 0x01, 0xFF}}},
	{{{-9398, 2104, -10618}, 0, {-10402, -11617}, {0xB3, 0x65, 0x00, 0xFF}}},
	{{{-7913, 3242, -9379}, 0, {-8780, -10263}, {0xBD, 0x6C, 0x01, 0xFF}}},
	{{{-9398, 2104, -10784}, 0, {-10402, -11798}, {0xB4, 0x64, 0x12, 0xFF}}},
	{{{-9488, 2104, -10993}, 0, {-10500, -12027}, {0xB5, 0x64, 0x14, 0xFF}}},
	{{{-7913, 3242, -12222}, 0, {-8780, -13369}, {0xBE, 0x6D, 0x00, 0xFF}}},
	{{{5477, 3694, -4807}, 0, {5845, -3371}, {0x0E, 0x2D, 0x76, 0xFF}}},
	{{{7038, 2863, -3858}, 0, {7550, -2464}, {0xCC, 0x4B, 0x58, 0xFF}}},
	{{{7001, 3752, -4662}, 0, {7509, -3435}, {0xC5, 0x46, 0x58, 0xFF}}},
	{{{4955, 3199, -4562}, 0, {5275, -2831}, {0xEB, 0x1B, 0x7A, 0xFF}}},
	{{{7001, 3752, -4662}, 0, {5120, -3435}, {0xC5, 0x46, 0x58, 0xFF}}},
	{{{7028, 4257, -4907}, 0, {5387, -3987}, {0xBB, 0xF8, 0x6B, 0xFF}}},
	{{{6990, 4011, -4896}, 0, {5376, -3718}, {0xAA, 0x3C, 0x47, 0xFF}}},
	{{{7472, 4671, -4627}, 0, {5081, -4439}, {0x9E, 0x20, 0x4A, 0xFF}}},
	{{{7038, 2863, -3858}, 0, {4241, -2464}, {0xCC, 0x4B, 0x58, 0xFF}}},
	{{{7728, 4697, -4099}, 0, {4505, -4467}, {0x96, 0x32, 0x31, 0xFF}}},
	{{{8153, 6234, -4827}, 0, {5301, -6146}, {0x96, 0x34, 0x2F, 0xFF}}},
	{{{8676, 6296, -3695}, 0, {4064, -6214}, {0x96, 0x33, 0x2E, 0xFF}}},
	{{{-572, 6585, -6684}, 0, {7329, -6529}, {0x8A, 0x00, 0x2F, 0xFF}}},
	{{{-535, 6778, -6466}, 0, {7090, -6740}, {0x85, 0x1D, 0x0F, 0xFF}}},
	{{{-497, 7139, -6544}, 0, {7176, -7135}, {0x8B, 0x2D, 0x14, 0xFF}}},
	{{{-572, 5601, -6390}, 0, {7007, -5455}, {0x83, 0x02, 0xE9, 0xFF}}},
	{{{-535, 6778, -6466}, 0, {7090, -6740}, {0x85, 0x1D, 0x0F, 0xFF}}},
	{{{-572, 6585, -6684}, 0, {7329, -6529}, {0x8A, 0x00, 0x2F, 0xFF}}},
	{{{-572, 4613, -6487}, 0, {7113, -4375}, {0x87, 0x01, 0xDA, 0xFF}}},
	{{{-857, 5691, -5608}, 0, {6154, -5553}, {0x88, 0x02, 0xD6, 0xFF}}},
	{{{-857, 2950, -5608}, 0, {6154, -2559}, {0x87, 0x00, 0xD9, 0xFF}}},
	{{{-2474, 3762, -7496}, 0, {-2839, -8207}, {0xAC, 0x5E, 0xF4, 0xFF}}},
	{{{-2305, 4007, -6804}, 0, {-2655, -7451}, {0x96, 0x43, 0xEC, 0xFF}}},
	{{{-2070, 4100, -7546}, 0, {-2398, -8262}, {0x93, 0x3C, 0xE8, 0xFF}}},
	{{{-2811, 3501, -6749}, 0, {-3208, -7391}, {0xA6, 0x59, 0xF7, 0xFF}}},
	{{{12480, 229, -6435}, 0, {7056, 413}, {0x86, 0x00, 0xDE, 0xFF}}},
	{{{12312, 1448, -5829}, 0, {6395, -919}, {0x86, 0x00, 0xDE, 0xFF}}},
	{{{12480, 1585, -6435}, 0, {7056, -1068}, {0x86, 0x00, 0xDE, 0xFF}}},
	{{{12312, 92, -5829}, 0, {6395, 562}, {0x86, 0x00, 0xDE, 0xFF}}},
	{{{-572, 4613, -6487}, 0, {-762, -4375}, {0xDF, 0x20, 0x76, 0xFF}}},
	{{{-572, 6585, -6684}, 0, {-762, -6529}, {0xE6, 0x0C, 0x7C, 0xFF}}},
	{{{-1903, 5654, -6873}, 0, {-2215, -5513}, {0xE6, 0x0C, 0x7C, 0xFF}}},
	{{{-2305, 4007, -6804}, 0, {-2655, -3713}, {0xD9, 0x2E, 0x70, 0xFF}}},
	{{{-857, 2950, -5608}, 0, {-1073, -2559}, {0xD6, 0x3C, 0x68, 0xFF}}},
	{{{-2811, 3501, -6749}, 0, {-3208, -3161}, {0xD3, 0x39, 0x68, 0xFF}}},
	{{{-9122, 4991, -5739}, 0, {-10101, -4788}, {0xB4, 0xD5, 0x5C, 0xFF}}},
	{{{-10625, 6187, -6458}, 0, {-11742, -6095}, {0xBA, 0xE6, 0x67, 0xFF}}},
	{{{-11570, 4589, -7513}, 0, {-12775, -4349}, {0xBE, 0xD5, 0x64, 0xFF}}},
	{{{-9902, 2585, -7534}, 0, {-10952, -2160}, {0x92, 0xF0, 0x3E, 0xFF}}},
	{{{-9077, 2655, -6451}, 0, {-10052, -2237}, {0xA0, 0xF6, 0x52, 0xFF}}},
	{{{-8398, 3983, -5657}, 0, {-9310, -3688}, {0xAC, 0xE1, 0x5A, 0xFF}}},
	{{{-6799, -763, 7186}, 0, {-7563, 7830}, {0xAF, 0x60, 0x15, 0xFF}}},
	{{{-7374, -645, 4310}, 0, {-8192, 4688}, {0x9C, 0x14, 0x4C, 0xFF}}},
	{{{-7895, -1563, 4113}, 0, {-8761, 4473}, {0xFA, 0x55, 0x5E, 0xFF}}},
	{{{-8473, -1715, 7351}, 0, {-9391, 8010}, {0xF9, 0x7F, 0x08, 0xFF}}},
	{{{-11469, -764, 8172}, 0, {-12664, 8906}, {0x67, 0x42, 0x21, 0xFF}}},
	{{{-8943, -1715, 10958}, 0, {-9905, 11949}, {0x17, 0x7B, 0xE9, 0xFF}}},
	{{{-8943, -1715, 10958}, 0, {-9905, 11949}, {0x17, 0x7B, 0xE9, 0xFF}}},
	{{{-11469, -764, 8172}, 0, {-12664, 8906}, {0x67, 0x42, 0x21, 0xFF}}},
	{{{-11549, -278, 11312}, 0, {-12751, 12336}, {0x6C, 0x39, 0xDD, 0xFF}}},
	{{{-9277, -134, 14743}, 0, {-10270, 16083}, {0x22, 0x39, 0x94, 0xFF}}},
	{{{-5779, -647, 13317}, 0, {-6449, 14526}, {0xAD, 0x5E, 0xED, 0xFF}}},
	{{{-6822, -1504, 11330}, 0, {-7588, 12356}, {0xC6, 0x70, 0xF1, 0xFF}}},
	{{{-8473, -1715, 7351}, 0, {-9391, 8010}, {0xF9, 0x7F, 0x08, 0xFF}}},
	{{{-6799, -763, 7186}, 0, {-7563, 7830}, {0xAF, 0x60, 0x15, 0xFF}}},
};

Gfx prince_valley_dl_terrain_mesh_layer_1_tri_9[] = {
	gsSPVertex(prince_valley_dl_terrain_mesh_layer_1_vtx_9 + 0, 32, 0),
	gsSP2Triangles(0, 1, 2, 0, 3, 4, 5, 0),
	gsSP2Triangles(6, 7, 8, 0, 9, 10, 11, 0),
	gsSP2Triangles(12, 13, 14, 0, 15, 16, 17, 0),
	gsSP2Triangles(18, 19, 20, 0, 18, 21, 19, 0),
	gsSP2Triangles(21, 22, 19, 0, 21, 23, 22, 0),
	gsSP2Triangles(24, 25, 26, 0, 24, 27, 25, 0),
	gsSP2Triangles(28, 25, 27, 0, 25, 28, 29, 0),
	gsSP2Triangles(28, 30, 29, 0, 28, 31, 30, 0),
	gsSPVertex(prince_valley_dl_terrain_mesh_layer_1_vtx_9 + 32, 32, 0),
	gsSP2Triangles(0, 1, 2, 0, 3, 4, 5, 0),
	gsSP2Triangles(4, 6, 5, 0, 4, 7, 6, 0),
	gsSP2Triangles(6, 7, 8, 0, 6, 8, 9, 0),
	gsSP2Triangles(10, 11, 12, 0, 10, 13, 11, 0),
	gsSP2Triangles(14, 13, 10, 0, 14, 15, 13, 0),
	gsSP2Triangles(16, 15, 14, 0, 16, 17, 15, 0),
	gsSP2Triangles(18, 15, 17, 0, 18, 19, 15, 0),
	gsSP2Triangles(20, 21, 22, 0, 20, 23, 21, 0),
	gsSP2Triangles(24, 25, 26, 0, 24, 27, 25, 0),
	gsSP2Triangles(28, 29, 30, 0, 28, 31, 29, 0),
	gsSPVertex(prince_valley_dl_terrain_mesh_layer_1_vtx_9 + 64, 32, 0),
	gsSP2Triangles(0, 1, 2, 0, 0, 3, 1, 0),
	gsSP2Triangles(4, 3, 0, 0, 4, 5, 3, 0),
	gsSP2Triangles(6, 7, 8, 0, 6, 9, 7, 0),
	gsSP2Triangles(6, 10, 9, 0, 11, 12, 13, 0),
	gsSP2Triangles(11, 14, 12, 0, 15, 14, 11, 0),
	gsSP2Triangles(15, 16, 14, 0, 17, 16, 15, 0),
	gsSP2Triangles(17, 15, 18, 0, 14, 16, 19, 0),
	gsSP2Triangles(16, 20, 19, 0, 21, 19, 20, 0),
	gsSP2Triangles(21, 22, 19, 0, 22, 21, 23, 0),
	gsSP2Triangles(22, 23, 24, 0, 23, 25, 24, 0),
	gsSP2Triangles(25, 23, 26, 0, 25, 26, 27, 0),
	gsSP2Triangles(28, 27, 26, 0, 28, 26, 29, 0),
	gsSP2Triangles(30, 24, 25, 0, 30, 31, 24, 0),
	gsSPVertex(prince_valley_dl_terrain_mesh_layer_1_vtx_9 + 96, 32, 0),
	gsSP2Triangles(0, 1, 2, 0, 2, 1, 3, 0),
	gsSP2Triangles(4, 3, 1, 0, 5, 2, 3, 0),
	gsSP2Triangles(5, 6, 2, 0, 2, 6, 7, 0),
	gsSP2Triangles(8, 2, 7, 0, 0, 2, 8, 0),
	gsSP2Triangles(0, 8, 9, 0, 0, 9, 10, 0),
	gsSP2Triangles(11, 10, 9, 0, 11, 9, 12, 0),
	gsSP2Triangles(11, 13, 10, 0, 14, 13, 11, 0),
	gsSP2Triangles(14, 11, 15, 0, 11, 16, 15, 0),
	gsSP2Triangles(16, 17, 15, 0, 17, 18, 15, 0),
	gsSP2Triangles(19, 13, 14, 0, 20, 19, 14, 0),
	gsSP2Triangles(20, 14, 21, 0, 20, 21, 22, 0),
	gsSP2Triangles(21, 23, 22, 0, 23, 21, 24, 0),
	gsSP2Triangles(23, 24, 25, 0, 26, 23, 25, 0),
	gsSP2Triangles(20, 27, 19, 0, 20, 28, 27, 0),
	gsSP1Triangle(29, 30, 31, 0),
	gsSPVertex(prince_valley_dl_terrain_mesh_layer_1_vtx_9 + 128, 31, 0),
	gsSP2Triangles(0, 1, 2, 0, 2, 3, 0, 0),
	gsSP2Triangles(4, 0, 3, 0, 4, 3, 5, 0),
	gsSP2Triangles(6, 4, 5, 0, 6, 5, 7, 0),
	gsSP2Triangles(8, 9, 10, 0, 10, 9, 11, 0),
	gsSP2Triangles(9, 12, 11, 0, 10, 11, 13, 0),
	gsSP2Triangles(14, 10, 13, 0, 14, 13, 15, 0),
	gsSP2Triangles(16, 17, 18, 0, 19, 18, 17, 0),
	gsSP2Triangles(19, 20, 18, 0, 21, 22, 23, 0),
	gsSP2Triangles(22, 24, 23, 0, 25, 24, 22, 0),
	gsSP2Triangles(25, 26, 24, 0, 27, 28, 29, 0),
	gsSP1Triangle(27, 30, 28, 0),
	gsSPVertex(prince_valley_dl_terrain_mesh_layer_1_vtx_9 + 159, 32, 0),
	gsSP2Triangles(0, 1, 2, 0, 0, 3, 1, 0),
	gsSP2Triangles(4, 5, 6, 0, 4, 7, 5, 0),
	gsSP2Triangles(8, 9, 10, 0, 8, 11, 9, 0),
	gsSP2Triangles(12, 13, 14, 0, 12, 15, 13, 0),
	gsSP2Triangles(16, 17, 18, 0, 16, 19, 17, 0),
	gsSP2Triangles(19, 20, 17, 0, 19, 21, 20, 0),
	gsSP2Triangles(22, 20, 21, 0, 22, 23, 20, 0),
	gsSP2Triangles(24, 25, 26, 0, 24, 27, 25, 0),
	gsSP2Triangles(28, 27, 24, 0, 28, 29, 27, 0),
	gsSP2Triangles(30, 29, 28, 0, 30, 31, 29, 0),
	gsSPVertex(prince_valley_dl_terrain_mesh_layer_1_vtx_9 + 191, 30, 0),
	gsSP2Triangles(0, 1, 2, 0, 0, 3, 1, 0),
	gsSP2Triangles(4, 5, 6, 0, 4, 7, 5, 0),
	gsSP2Triangles(8, 9, 10, 0, 8, 11, 9, 0),
	gsSP2Triangles(12, 13, 14, 0, 12, 15, 13, 0),
	gsSP2Triangles(16, 13, 15, 0, 16, 17, 13, 0),
	gsSP2Triangles(18, 19, 20, 0, 18, 21, 19, 0),
	gsSP2Triangles(22, 23, 24, 0, 22, 25, 23, 0),
	gsSP2Triangles(26, 27, 28, 0, 26, 29, 27, 0),
	gsSPVertex(prince_valley_dl_terrain_mesh_layer_1_vtx_9 + 221, 32, 0),
	gsSP2Triangles(0, 1, 2, 0, 0, 3, 1, 0),
	gsSP2Triangles(4, 5, 6, 0, 5, 7, 6, 0),
	gsSP2Triangles(8, 9, 10, 0, 8, 11, 9, 0),
	gsSP2Triangles(8, 12, 11, 0, 8, 13, 12, 0),
	gsSP2Triangles(11, 12, 14, 0, 11, 14, 15, 0),
	gsSP2Triangles(9, 11, 15, 0, 16, 17, 18, 0),
	gsSP2Triangles(16, 19, 17, 0, 20, 19, 16, 0),
	gsSP2Triangles(20, 16, 21, 0, 22, 20, 21, 0),
	gsSP2Triangles(23, 22, 21, 0, 24, 23, 21, 0),
	gsSP2Triangles(24, 21, 25, 0, 26, 24, 25, 0),
	gsSP2Triangles(26, 25, 27, 0, 28, 26, 27, 0),
	gsSP2Triangles(29, 26, 28, 0, 29, 30, 26, 0),
	gsSP1Triangle(31, 26, 30, 0),
	gsSPVertex(prince_valley_dl_terrain_mesh_layer_1_vtx_9 + 253, 32, 0),
	gsSP2Triangles(0, 1, 2, 0, 3, 4, 5, 0),
	gsSP2Triangles(4, 6, 5, 0, 7, 6, 4, 0),
	gsSP2Triangles(5, 6, 8, 0, 6, 9, 8, 0),
	gsSP2Triangles(10, 11, 12, 0, 10, 13, 11, 0),
	gsSP2Triangles(14, 15, 16, 0, 14, 17, 15, 0),
	gsSP2Triangles(17, 18, 15, 0, 17, 19, 18, 0),
	gsSP2Triangles(20, 21, 22, 0, 20, 23, 21, 0),
	gsSP2Triangles(24, 21, 23, 0, 24, 25, 21, 0),
	gsSP2Triangles(24, 26, 25, 0, 24, 27, 26, 0),
	gsSP2Triangles(28, 29, 30, 0, 28, 31, 29, 0),
	gsSPVertex(prince_valley_dl_terrain_mesh_layer_1_vtx_9 + 285, 32, 0),
	gsSP2Triangles(0, 1, 2, 0, 3, 4, 5, 0),
	gsSP2Triangles(3, 6, 4, 0, 7, 6, 3, 0),
	gsSP2Triangles(7, 8, 6, 0, 9, 10, 11, 0),
	gsSP2Triangles(9, 12, 10, 0, 13, 12, 9, 0),
	gsSP2Triangles(13, 14, 12, 0, 15, 14, 13, 0),
	gsSP2Triangles(15, 16, 14, 0, 17, 18, 19, 0),
	gsSP2Triangles(17, 20, 18, 0, 21, 22, 23, 0),
	gsSP2Triangles(24, 23, 22, 0, 24, 25, 23, 0),
	gsSP2Triangles(24, 26, 25, 0, 24, 27, 26, 0),
	gsSP2Triangles(28, 29, 30, 0, 28, 31, 29, 0),
	gsSPVertex(prince_valley_dl_terrain_mesh_layer_1_vtx_9 + 317, 32, 0),
	gsSP2Triangles(0, 1, 2, 0, 0, 3, 1, 0),
	gsSP2Triangles(4, 3, 0, 0, 4, 5, 3, 0),
	gsSP2Triangles(6, 7, 8, 0, 7, 9, 8, 0),
	gsSP2Triangles(7, 10, 9, 0, 11, 12, 13, 0),
	gsSP2Triangles(11, 14, 12, 0, 11, 15, 14, 0),
	gsSP2Triangles(11, 16, 15, 0, 17, 18, 19, 0),
	gsSP2Triangles(17, 20, 18, 0, 21, 22, 23, 0),
	gsSP2Triangles(21, 24, 22, 0, 24, 21, 25, 0),
	gsSP2Triangles(26, 24, 25, 0, 26, 27, 24, 0),
	gsSP2Triangles(26, 28, 27, 0, 29, 30, 31, 0),
	gsSPVertex(prince_valley_dl_terrain_mesh_layer_1_vtx_9 + 349, 32, 0),
	gsSP2Triangles(0, 1, 2, 0, 0, 2, 3, 0),
	gsSP2Triangles(3, 4, 0, 0, 3, 5, 4, 0),
	gsSP2Triangles(6, 7, 8, 0, 6, 9, 7, 0),
	gsSP2Triangles(10, 11, 12, 0, 10, 13, 11, 0),
	gsSP2Triangles(14, 15, 16, 0, 14, 16, 17, 0),
	gsSP2Triangles(17, 18, 14, 0, 17, 19, 18, 0),
	gsSP2Triangles(20, 21, 22, 0, 20, 22, 23, 0),
	gsSP2Triangles(24, 20, 23, 0, 24, 25, 20, 0),
	gsSP2Triangles(26, 27, 28, 0, 26, 28, 29, 0),
	gsSP2Triangles(29, 28, 30, 0, 29, 30, 31, 0),
	gsSPVertex(prince_valley_dl_terrain_mesh_layer_1_vtx_9 + 381, 8, 0),
	gsSP2Triangles(0, 1, 2, 0, 0, 2, 3, 0),
	gsSP2Triangles(0, 3, 4, 0, 0, 4, 5, 0),
	gsSP2Triangles(6, 0, 5, 0, 6, 5, 7, 0),
	gsSPEndDisplayList(),
};

Vtx prince_valley_dl_terrain_mesh_layer_1_vtx_10[10] = {
	{{{511, -5584, -2689}, 0, {-8370, 15581}, {0x00, 0x7F, 0x00, 0xFF}}},
	{{{-658, -5585, -4578}, 0, {-6686, 13479}, {0x00, 0x7F, 0x00, 0xFF}}},
	{{{-1116, -5584, -3730}, 0, {-7841, 13299}, {0x00, 0x7F, 0x00, 0xFF}}},
	{{{734, -5584, -5624}, 0, {-4925, 14644}, {0x00, 0x7F, 0x00, 0xFF}}},
	{{{2535, -5584, -5458}, 0, {-4382, 16769}, {0x00, 0x7F, 0x00, 0xFF}}},
	{{{2178, -5584, -2099}, 0, {-8366, 17726}, {0x00, 0x7F, 0x00, 0xFF}}},
	{{{4682, -5584, -4527}, 0, {-4574, 19601}, {0x00, 0x7F, 0x01, 0xFF}}},
	{{{4906, -5613, -2856}, 0, {-6393, 20536}, {0x01, 0x7F, 0x02, 0xFF}}},
	{{{7038, -5584, -3858}, 0, {-4382, 22565}, {0xFF, 0x7F, 0x01, 0xFF}}},
	{{{7038, -5584, -3379}, 0, {-4929, 22759}, {0xFE, 0x7F, 0x00, 0xFF}}},
};

Gfx prince_valley_dl_terrain_mesh_layer_1_tri_10[] = {
	gsSPVertex(prince_valley_dl_terrain_mesh_layer_1_vtx_10 + 0, 10, 0),
	gsSP2Triangles(0, 1, 2, 0, 0, 3, 1, 0),
	gsSP2Triangles(4, 3, 0, 0, 4, 0, 5, 0),
	gsSP2Triangles(6, 4, 5, 0, 6, 5, 7, 0),
	gsSP2Triangles(8, 6, 7, 0, 8, 7, 9, 0),
	gsSPEndDisplayList(),
};

Vtx prince_valley_dl_terrain_mesh_layer_1_vtx_11[119] = {
	{{{-1040, 4522, -8402}, 0, {21140, -7799}, {0xF9, 0x7A, 0xDD, 0xFF}}},
	{{{-1903, 4625, -8076}, 0, {20620, -8931}, {0x02, 0x7A, 0xDE, 0xFF}}},
	{{{-1084, 4739, -7621}, 0, {20049, -7801}, {0xF9, 0x7A, 0xDC, 0xFF}}},
	{{{895, 4802, -8108}, 0, {20796, -5167}, {0x00, 0x77, 0xD5, 0xFF}}},
	{{{2145, 4338, -9848}, 0, {23302, -3622}, {0xF5, 0x78, 0xD8, 0xFF}}},
	{{{8689, 3155, -6668}, 0, {-10028, -20296}, {0x03, 0x7F, 0xF7, 0xFF}}},
	{{{11030, 3155, -8247}, 0, {-10177, -16507}, {0x00, 0x7F, 0x01, 0xFF}}},
	{{{7401, 3210, -7325}, 0, {-8290, -21170}, {0x03, 0x7F, 0x05, 0xFF}}},
	{{{11382, 3155, -8014}, 0, {-10708, -16310}, {0xFE, 0x7F, 0xFC, 0xFF}}},
	{{{10047, 3291, -5872}, 0, {-11977, -19459}, {0x06, 0x7B, 0xE1, 0xFF}}},
	{{{6477, 1783, -8584}, 0, {1128, -19300}, {0x00, 0x7F, 0x00, 0xFF}}},
	{{{5746, 1783, -7325}, 0, {-562, -20281}, {0x00, 0x7F, 0x00, 0xFF}}},
	{{{7401, 1783, -7325}, 0, {-562, -18059}, {0x00, 0x7F, 0x00, 0xFF}}},
	{{{5239, 1783, -8463}, 0, {966, -20963}, {0x00, 0x7F, 0x00, 0xFF}}},
	{{{5239, 2631, -8463}, 0, {9356, -17879}, {0x00, 0x7F, 0x00, 0xFF}}},
	{{{5213, 2631, -7325}, 0, {7861, -17561}, {0xFD, 0x7F, 0xFE, 0xFF}}},
	{{{5746, 2631, -7325}, 0, {8025, -16865}, {0x00, 0x7F, 0x00, 0xFF}}},
	{{{4897, 2631, -8463}, 0, {9251, -18326}, {0xFF, 0x7F, 0x01, 0xFF}}},
	{{{4888, 2631, -7732}, 0, {8292, -18112}, {0xFF, 0x7F, 0x00, 0xFF}}},
	{{{4837, 2631, -8109}, 0, {8769, -18295}, {0xFE, 0x7F, 0x00, 0xFF}}},
	{{{4565, 2623, -8184}, 0, {8783, -18673}, {0xFD, 0x7F, 0x02, 0xFF}}},
	{{{4414, 2631, -8463}, 0, {9102, -18958}, {0xFE, 0x7F, 0x08, 0xFF}}},
	{{{4427, 2623, -8352}, 0, {8960, -18906}, {0xFB, 0x7F, 0x07, 0xFF}}},
	{{{3870, 2631, -8463}, 0, {8935, -19669}, {0x01, 0x7F, 0x04, 0xFF}}},
	{{{4353, 2617, -8021}, 0, {8505, -18901}, {0xFF, 0x7F, 0x01, 0xFF}}},
	{{{4441, 2619, -7684}, 0, {8091, -18681}, {0xFC, 0x7F, 0x01, 0xFF}}},
	{{{4247, 2611, -7226}, 0, {7433, -18794}, {0x01, 0x7F, 0xFF, 0xFF}}},
	{{{3461, 2615, -7606}, 0, {7688, -19940}, {0x01, 0x7F, 0x01, 0xFF}}},
	{{{3870, 2615, -6779}, 0, {6732, -19149}, {0x00, 0x7F, 0xFF, 0xFF}}},
	{{{4835, 2623, -6968}, 0, {7276, -17947}, {0xF9, 0x7F, 0x00, 0xFF}}},
	{{{4477, 2601, -7191}, 0, {7459, -18483}, {0x02, 0x7F, 0xF6, 0xFF}}},
	{{{4749, 2631, -7426}, 0, {7850, -18199}, {0xFB, 0x7F, 0x02, 0xFF}}},
	{{{5473, 2685, -6851}, 0, {7320, -17071}, {0xF4, 0x7E, 0xFF, 0xFF}}},
	{{{5213, 2631, -7325}, 0, {7861, -17561}, {0xFD, 0x7F, 0xFE, 0xFF}}},
	{{{4835, 2623, -6968}, 0, {7276, -17947}, {0xF9, 0x7F, 0x00, 0xFF}}},
	{{{5079, 2623, -6496}, 0, {6732, -17485}, {0xF2, 0x7E, 0x07, 0xFF}}},
	{{{4888, 2631, -7732}, 0, {8292, -18112}, {0xFF, 0x7F, 0x00, 0xFF}}},
	{{{4749, 2631, -7426}, 0, {7850, -18199}, {0xFB, 0x7F, 0x02, 0xFF}}},
	{{{4441, 2619, -7684}, 0, {8091, -18681}, {0xFC, 0x7F, 0x01, 0xFF}}},
	{{{4565, 2623, -8184}, 0, {8783, -18673}, {0xFD, 0x7F, 0x02, 0xFF}}},
	{{{4837, 2631, -8109}, 0, {8769, -18295}, {0xFE, 0x7F, 0x00, 0xFF}}},
	{{{4477, 2601, -7191}, 0, {7459, -18483}, {0x02, 0x7F, 0xF6, 0xFF}}},
	{{{4247, 2611, -7226}, 0, {7433, -18794}, {0x01, 0x7F, 0xFF, 0xFF}}},
	{{{4835, 3923, -6968}, 0, {16556, -17389}, {0x00, 0x7F, 0x00, 0xFF}}},
	{{{4079, 3923, -6505}, 0, {15925, -18399}, {0x00, 0x7F, 0x00, 0xFF}}},
	{{{5079, 3923, -6496}, 0, {15925, -17055}, {0x00, 0x7F, 0x00, 0xFF}}},
	{{{4161, 3923, -6879}, 0, {16428, -18292}, {0x00, 0x7F, 0x00, 0xFF}}},
	{{{4353, 4149, -8021}, 0, {-2984, -19483}, {0x00, 0x7F, 0x00, 0xFF}}},
	{{{3569, 4149, -8445}, 0, {-3437, -18376}, {0x00, 0x7F, 0x00, 0xFF}}},
	{{{3461, 4149, -7606}, 0, {-2301, -18353}, {0x00, 0x7F, 0x00, 0xFF}}},
	{{{4427, 4149, -8352}, 0, {-3437, -19534}, {0x00, 0x7F, 0x00, 0xFF}}},
	{{{4079, 4925, -6779}, 0, {19679, -689}, {0x00, 0x7F, 0x00, 0xFF}}},
	{{{3461, 4925, -7606}, 0, {20645, -1684}, {0x00, 0x7F, 0x00, 0xFF}}},
	{{{3333, 4923, -6257}, 0, {18829, -1566}, {0x00, 0x7F, 0xF9, 0xFF}}},
	{{{1804, 4923, -6803}, 0, {19228, -3710}, {0x12, 0x7D, 0xF1, 0xFF}}},
	{{{2347, 5008, -5586}, 0, {17726, -2732}, {0x0B, 0x7E, 0xF2, 0xFF}}},
	{{{33, 5418, -5666}, 0, {17274, -5855}, {0x21, 0x7B, 0xF9, 0xFF}}},
	{{{321, 5290, -6803}, 0, {18852, -5726}, {0x21, 0x7A, 0xF3, 0xFF}}},
	{{{895, 4802, -8108}, 0, {20796, -5167}, {0x00, 0x77, 0xD5, 0xFF}}},
	{{{-207, 5474, -6559}, 0, {18390, -6403}, {0x27, 0x79, 0xFD, 0xFF}}},
	{{{-449, 5559, -5837}, 0, {17375, -6560}, {0x24, 0x7A, 0xFE, 0xFF}}},
	{{{2886, 4992, -5590}, 0, {17845, -2018}, {0x01, 0x7E, 0xF4, 0xFF}}},
	{{{4186, 5075, -5083}, 0, {17440, -186}, {0xF6, 0x7F, 0xFC, 0xFF}}},
	{{{4949, 5144, -5170}, 0, {17709, 815}, {0x01, 0x7F, 0x0B, 0xFF}}},
	{{{4186, 5075, -5083}, 0, {17440, -186}, {0xF6, 0x7F, 0xFC, 0xFF}}},
	{{{4954, 5070, -4851}, 0, {17274, 878}, {0xFC, 0x7C, 0x1D, 0xFF}}},
	{{{4949, 5144, -5170}, 0, {17709, 815}, {0x01, 0x7F, 0x0B, 0xFF}}},
	{{{5480, 5089, -4929}, 0, {17472, 1565}, {0x11, 0x7D, 0xF0, 0xFF}}},
	{{{6612, 4627, -6191}, 0, {19393, 2944}, {0x1F, 0x7A, 0xF3, 0xFF}}},
	{{{6148, 4981, -5063}, 0, {17757, 2447}, {0x15, 0x7A, 0xE2, 0xFF}}},
	{{{6783, 4600, -6047}, 0, {19232, 3200}, {0x34, 0x70, 0xE0, 0xFF}}},
	{{{7220, 4645, -5145}, 0, {18093, 3923}, {0x24, 0x78, 0xE9, 0xFF}}},
	{{{6653, 4600, -6429}, 0, {19718, 2961}, {0x4E, 0x5D, 0xD9, 0xFF}}},
	{{{7401, 3210, -7325}, 0, {21465, 4663}, {0x3A, 0x58, 0xBA, 0xFF}}},
	{{{8689, 3155, -6668}, 0, {20416, 6303}, {0x2B, 0x5B, 0xB2, 0xFF}}},
	{{{5213, 5374, -7325}, 0, {20607, 619}, {0x4E, 0x57, 0xCE, 0xFF}}},
	{{{5473, 5374, -6851}, 0, {19989, 1000}, {0x4C, 0x5D, 0xD6, 0xFF}}},
	{{{5137, 2452, -9600}, 0, {3118, -18460}, {0xFE, 0x79, 0xDA, 0xFF}}},
	{{{4492, 2548, -9348}, 0, {2251, -18104}, {0xFB, 0x68, 0xB8, 0xFF}}},
	{{{5137, 2623, -9355}, 0, {3121, -18059}, {0xF3, 0x68, 0xB8, 0xFF}}},
	{{{3929, 2452, -10205}, 0, {1489, -19259}, {0xFF, 0x7F, 0xFE, 0xFF}}},
	{{{4636, 2452, -11064}, 0, {2432, -20420}, {0x00, 0x7F, 0x00, 0xFF}}},
	{{{3661, 2452, -10544}, 0, {1128, -19714}, {0x00, 0x7F, 0x00, 0xFF}}},
	{{{3661, 2452, -10015}, 0, {1131, -19003}, {0x00, 0x7F, 0x00, 0xFF}}},
	{{{4004, 229, -11800}, 0, {21765, 24730}, {0xF5, 0x78, 0x27, 0xFF}}},
	{{{4755, 1246, -13073}, 0, {19278, 24080}, {0xF5, 0x66, 0x4B, 0xFF}}},
	{{{4245, 1211, -13073}, 0, {19436, 24795}, {0xF9, 0x65, 0x4D, 0xFF}}},
	{{{4669, 229, -11572}, 0, {21854, 23727}, {0xF8, 0x7B, 0x1D, 0xFF}}},
	{{{3926, 263, -11064}, 0, {22816, 24586}, {0xAF, 0x60, 0xEC, 0xFF}}},
	{{{4636, 229, -11064}, 0, {22572, 23599}, {0x04, 0x7F, 0x01, 0xFF}}},
	{{{3754, 263, -10594}, 0, {23529, 24665}, {0xAE, 0x5C, 0xE2, 0xFF}}},
	{{{4755, 1246, -13073}, 0, {17038, 23419}, {0x0D, 0x7D, 0x15, 0xFF}}},
	{{{4636, 766, -11064}, 0, {19953, 23893}, {0xEE, 0x7B, 0x1C, 0xFF}}},
	{{{5627, 801, -10598}, 0, {20734, 22537}, {0x05, 0x7D, 0x15, 0xFF}}},
	{{{7782, 587, -10917}, 0, {20642, 19413}, {0x15, 0x7D, 0x08, 0xFF}}},
	{{{10128, 229, -12648}, 0, {18537, 16013}, {0x0C, 0x7E, 0x01, 0xFF}}},
	{{{7782, 587, -10917}, 0, {20642, 19413}, {0x15, 0x7D, 0x08, 0xFF}}},
	{{{10129, 229, -11265}, 0, {20406, 16016}, {0x02, 0x7F, 0x01, 0xFF}}},
	{{{10128, 229, -12648}, 0, {18537, 16013}, {0x0C, 0x7E, 0x01, 0xFF}}},
	{{{12936, 346, -11959}, 0, {19091, 12453}, {0x03, 0x7F, 0xFB, 0xFF}}},
	{{{13343, 346, -8987}, 0, {22464, 11128}, {0x02, 0x7F, 0x02, 0xFF}}},
	{{{11030, 229, -8247}, 0, {24270, 13827}, {0xFD, 0x7F, 0x01, 0xFF}}},
	{{{7235, 153, -9344}, 0, {24067, 19393}, {0x01, 0x7F, 0x00, 0xFF}}},
	{{{7782, 229, -10917}, 0, {21691, 19172}, {0x01, 0x7F, 0x06, 0xFF}}},
	{{{5627, 229, -10598}, 0, {22879, 22060}, {0x02, 0x7F, 0x02, 0xFF}}},
	{{{5239, 229, -8463}, 0, {25981, 21865}, {0x02, 0x7F, 0xFE, 0xFF}}},
	{{{5137, 229, -9600}, 0, {24435, 22398}, {0x00, 0x7F, 0x00, 0xFF}}},
	{{{4636, 229, -11064}, 0, {22572, 23599}, {0x04, 0x7F, 0x01, 0xFF}}},
	{{{6477, 229, -8584}, 0, {25387, 20185}, {0x02, 0x7F, 0xF6, 0xFF}}},
	{{{7401, 229, -7325}, 0, {26812, 18462}, {0x01, 0x7F, 0xFC, 0xFF}}},
	{{{6387, 1246, -14065}, 0, {15875, 20979}, {0x18, 0x61, 0x4E, 0xFF}}},
	{{{4755, 1246, -13073}, 0, {17038, 23419}, {0x0D, 0x7D, 0x15, 0xFF}}},
	{{{10128, 229, -14473}, 0, {16201, 15878}, {0x06, 0x60, 0x53, 0xFF}}},
	{{{13508, 229, -13449}, 0, {17292, 12056}, {0xC3, 0x5E, 0x3B, 0xFF}}},
	{{{15204, 229, -8828}, 0, {21886, 9073}, {0xA8, 0x5B, 0xF4, 0xFF}}},
	{{{13886, 229, -7017}, 0, {24711, 9470}, {0xD3, 0x73, 0xE1, 0xFF}}},
	{{{12480, 229, -6435}, 0, {26144, 11113}, {0xFF, 0x7E, 0x0B, 0xFF}}},
	{{{11382, 229, -8014}, 0, {24444, 13276}, {0xFD, 0x7F, 0x03, 0xFF}}},
	{{{10813, 229, -6435}, 0, {26812, 13425}, {0x00, 0x7E, 0x0D, 0xFF}}},
};

Gfx prince_valley_dl_terrain_mesh_layer_1_tri_11[] = {
	gsSPVertex(prince_valley_dl_terrain_mesh_layer_1_vtx_11 + 0, 32, 0),
	gsSP2Triangles(0, 1, 2, 0, 3, 0, 2, 0),
	gsSP2Triangles(0, 3, 4, 0, 5, 6, 7, 0),
	gsSP2Triangles(5, 8, 6, 0, 5, 9, 8, 0),
	gsSP2Triangles(10, 11, 12, 0, 10, 13, 11, 0),
	gsSP2Triangles(14, 15, 16, 0, 14, 17, 15, 0),
	gsSP2Triangles(17, 18, 15, 0, 17, 19, 18, 0),
	gsSP2Triangles(17, 20, 19, 0, 17, 21, 20, 0),
	gsSP2Triangles(21, 22, 20, 0, 21, 23, 22, 0),
	gsSP2Triangles(20, 22, 24, 0, 20, 24, 25, 0),
	gsSP2Triangles(25, 24, 26, 0, 27, 26, 24, 0),
	gsSP2Triangles(27, 28, 26, 0, 29, 26, 28, 0),
	gsSP2Triangles(29, 30, 26, 0, 29, 31, 30, 0),
	gsSP1Triangle(29, 15, 31, 0),
	gsSPVertex(prince_valley_dl_terrain_mesh_layer_1_vtx_11 + 32, 32, 0),
	gsSP2Triangles(0, 1, 2, 0, 0, 2, 3, 0),
	gsSP2Triangles(1, 4, 5, 0, 5, 4, 6, 0),
	gsSP2Triangles(4, 7, 6, 0, 4, 8, 7, 0),
	gsSP2Triangles(5, 6, 9, 0, 6, 10, 9, 0),
	gsSP2Triangles(11, 12, 13, 0, 11, 14, 12, 0),
	gsSP2Triangles(15, 16, 17, 0, 15, 18, 16, 0),
	gsSP2Triangles(19, 20, 21, 0, 20, 22, 21, 0),
	gsSP2Triangles(22, 23, 21, 0, 24, 23, 22, 0),
	gsSP2Triangles(24, 22, 25, 0, 26, 25, 22, 0),
	gsSP2Triangles(27, 24, 25, 0, 27, 28, 24, 0),
	gsSP2Triangles(23, 29, 21, 0, 30, 21, 29, 0),
	gsSP1Triangle(30, 31, 21, 0),
	gsSPVertex(prince_valley_dl_terrain_mesh_layer_1_vtx_11 + 64, 32, 0),
	gsSP2Triangles(0, 1, 2, 0, 1, 3, 2, 0),
	gsSP2Triangles(3, 4, 2, 0, 4, 3, 5, 0),
	gsSP2Triangles(4, 5, 6, 0, 6, 5, 7, 0),
	gsSP2Triangles(8, 4, 6, 0, 6, 9, 8, 0),
	gsSP2Triangles(6, 10, 9, 0, 11, 8, 9, 0),
	gsSP2Triangles(11, 12, 8, 0, 13, 14, 15, 0),
	gsSP2Triangles(16, 14, 13, 0, 16, 13, 17, 0),
	gsSP2Triangles(16, 17, 18, 0, 16, 18, 19, 0),
	gsSP2Triangles(20, 21, 22, 0, 20, 23, 21, 0),
	gsSP2Triangles(24, 23, 20, 0, 24, 25, 23, 0),
	gsSP2Triangles(24, 26, 25, 0, 27, 28, 29, 0),
	gsSP2Triangles(27, 29, 30, 0, 30, 31, 27, 0),
	gsSPVertex(prince_valley_dl_terrain_mesh_layer_1_vtx_11 + 96, 23, 0),
	gsSP2Triangles(0, 1, 2, 0, 1, 3, 2, 0),
	gsSP2Triangles(1, 4, 3, 0, 5, 4, 1, 0),
	gsSP2Triangles(6, 5, 1, 0, 6, 1, 7, 0),
	gsSP2Triangles(8, 6, 7, 0, 9, 6, 8, 0),
	gsSP2Triangles(8, 10, 9, 0, 11, 10, 8, 0),
	gsSP2Triangles(9, 12, 6, 0, 6, 12, 13, 0),
	gsSP2Triangles(6, 13, 5, 0, 2, 14, 15, 0),
	gsSP2Triangles(2, 16, 14, 0, 2, 17, 16, 0),
	gsSP2Triangles(2, 3, 17, 0, 3, 18, 17, 0),
	gsSP2Triangles(3, 4, 18, 0, 4, 19, 18, 0),
	gsSP2Triangles(4, 20, 19, 0, 21, 20, 4, 0),
	gsSP2Triangles(5, 21, 4, 0, 21, 22, 20, 0),
	gsSPEndDisplayList(),
};

Vtx prince_valley_dl_terrain_mesh_layer_1_vtx_12[29] = {
	{{{10047, 3291, -5872}, 0, {-11977, -19459}, {0x06, 0x7B, 0xE1, 0xFF}}},
	{{{8689, 3155, -6668}, 0, {-10028, -20296}, {0x03, 0x7F, 0xF7, 0xFF}}},
	{{{9490, 3888, -4634}, 0, {-12998, -21170}, {0x11, 0x74, 0xCF, 0xFF}}},
	{{{4949, 5144, -5170}, 0, {17709, 815}, {0x01, 0x7F, 0x0B, 0xFF}}},
	{{{6612, 4627, -6191}, 0, {19393, 2944}, {0x1F, 0x7A, 0xF3, 0xFF}}},
	{{{6653, 4600, -6429}, 0, {19718, 2961}, {0x4E, 0x5D, 0xD9, 0xFF}}},
	{{{11382, 229, -8014}, 0, {24444, 13276}, {0xFD, 0x7F, 0x03, 0xFF}}},
	{{{10349, 229, -7332}, 0, {25755, 14411}, {0x00, 0x7F, 0x00, 0xFF}}},
	{{{10813, 229, -6435}, 0, {26812, 13425}, {0x00, 0x7E, 0x0D, 0xFF}}},
	{{{11030, 229, -8247}, 0, {24270, 13827}, {0xFD, 0x7F, 0x01, 0xFF}}},
	{{{7401, 229, -7325}, 0, {26812, 18462}, {0x01, 0x7F, 0xFC, 0xFF}}},
	{{{3661, 2452, -9339}, 0, {1128, -18095}, {0xF6, 0x6C, 0xBE, 0xFF}}},
	{{{3929, 2452, -10205}, 0, {1489, -19259}, {0xFF, 0x7F, 0xFE, 0xFF}}},
	{{{3661, 2452, -10015}, 0, {1131, -19003}, {0x00, 0x7F, 0x00, 0xFF}}},
	{{{4492, 2548, -9348}, 0, {2251, -18104}, {0xFB, 0x68, 0xB8, 0xFF}}},
	{{{3870, 2631, -8463}, 0, {8935, -19669}, {0x01, 0x7F, 0x04, 0xFF}}},
	{{{4353, 2617, -8021}, 0, {8505, -18901}, {0xFF, 0x7F, 0x01, 0xFF}}},
	{{{4427, 2623, -8352}, 0, {8960, -18906}, {0xFB, 0x7F, 0x07, 0xFF}}},
	{{{3461, 2615, -7606}, 0, {7688, -19940}, {0x01, 0x7F, 0x01, 0xFF}}},
	{{{-1084, 4739, -7621}, 0, {20049, -7801}, {0xF9, 0x7A, 0xDC, 0xFF}}},
	{{{674, 4909, -7914}, 0, {20473, -5434}, {0x05, 0x72, 0xC7, 0xFF}}},
	{{{895, 4802, -8108}, 0, {20796, -5167}, {0x00, 0x77, 0xD5, 0xFF}}},
	{{{321, 5290, -6803}, 0, {18852, -5726}, {0x21, 0x7A, 0xF3, 0xFF}}},
	{{{5137, 229, -9600}, 0, {24435, 22398}, {0x00, 0x7F, 0x00, 0xFF}}},
	{{{4228, 229, -10329}, 0, {23735, 23913}, {0x03, 0x7F, 0x02, 0xFF}}},
	{{{5239, 229, -8463}, 0, {25981, 21865}, {0x02, 0x7F, 0xFE, 0xFF}}},
	{{{4636, 229, -11064}, 0, {22572, 23599}, {0x04, 0x7F, 0x01, 0xFF}}},
	{{{3754, 263, -10594}, 0, {23529, 24665}, {0xAE, 0x5C, 0xE2, 0xFF}}},
	{{{3657, 263, -10329}, 0, {23932, 24709}, {0x97, 0x21, 0xC0, 0xFF}}},
};

Gfx prince_valley_dl_terrain_mesh_layer_1_tri_12[] = {
	gsSPVertex(prince_valley_dl_terrain_mesh_layer_1_vtx_12 + 0, 29, 0),
	gsSP2Triangles(0, 1, 2, 0, 3, 4, 5, 0),
	gsSP2Triangles(6, 7, 8, 0, 9, 7, 6, 0),
	gsSP2Triangles(9, 10, 7, 0, 11, 12, 13, 0),
	gsSP2Triangles(11, 14, 12, 0, 15, 16, 17, 0),
	gsSP2Triangles(15, 18, 16, 0, 19, 20, 21, 0),
	gsSP2Triangles(22, 21, 20, 0, 23, 24, 25, 0),
	gsSP2Triangles(23, 26, 24, 0, 27, 24, 26, 0),
	gsSP1Triangle(27, 28, 24, 0),
	gsSPEndDisplayList(),
};

Vtx prince_valley_dl_terrain_mesh_layer_4_vtx_cull[8] = {
	{{{-16022, -5613, 16431}, 0, {0, 0}, {0x00, 0x00, 0x00, 0x00}}},
	{{{-16022, 7719, 16431}, 0, {0, 0}, {0x00, 0x00, 0x00, 0x00}}},
	{{{-16022, 7719, -16799}, 0, {0, 0}, {0x00, 0x00, 0x00, 0x00}}},
	{{{-16022, -5613, -16799}, 0, {0, 0}, {0x00, 0x00, 0x00, 0x00}}},
	{{{17115, -5613, 16431}, 0, {0, 0}, {0x00, 0x00, 0x00, 0x00}}},
	{{{17115, 7719, 16431}, 0, {0, 0}, {0x00, 0x00, 0x00, 0x00}}},
	{{{17115, 7719, -16799}, 0, {0, 0}, {0x00, 0x00, 0x00, 0x00}}},
	{{{17115, -5613, -16799}, 0, {0, 0}, {0x00, 0x00, 0x00, 0x00}}},
};

Vtx prince_valley_dl_terrain_mesh_layer_4_vtx_0[92] = {
	{{{-5636, 2278, -12826}, 0, {-3769, -30}, {0x7B, 0x16, 0x16, 0xFF}}},
	{{{-5330, 2574, -14875}, 0, {-2684, -1021}, {0x7C, 0x14, 0x10, 0xFF}}},
	{{{-5636, 3532, -13864}, 0, {-4101, -1021}, {0x7C, 0x11, 0x15, 0xFF}}},
	{{{-5058, 1013, -14530}, 0, {-2720, -30}, {0x7C, 0x18, 0x0A, 0xFF}}},
	{{{-5058, 1001, -15781}, 0, {-1632, -30}, {0x74, 0x12, 0x31, 0xFF}}},
	{{{-5149, 2228, -15916}, 0, {-1632, -1021}, {0x71, 0x0B, 0x38, 0xFF}}},
	{{{-4062, 1001, -16799}, 0, {-717, -30}, {0x2E, 0x04, 0x76, 0xFF}}},
	{{{-4062, 2220, -16799}, 0, {-626, -1021}, {0x2B, 0x00, 0x78, 0xFF}}},
	{{{-2060, 1001, -16799}, 0, {-152, -30}, {0xC7, 0x0F, 0x70, 0xFF}}},
	{{{-2060, 2220, -16799}, 0, {-152, -1021}, {0xD1, 0x00, 0x76, 0xFF}}},
	{{{-1013, 2391, -15853}, 0, {1197, -1021}, {0xBD, 0x32, 0x60, 0xFF}}},
	{{{-1329, 1001, -15092}, 0, {1197, -30}, {0xBF, 0x3F, 0x59, 0xFF}}},
	{{{-184, 1001, -14912}, 0, {1914, -30}, {0xFA, 0x37, 0x72, 0xFF}}},
	{{{90, 2519, -15633}, 0, {2050, -1021}, {0xF2, 0x38, 0x71, 0xFF}}},
	{{{1151, 2513, -15613}, 0, {2575, -1021}, {0xF7, 0x2F, 0x75, 0xFF}}},
	{{{821, 356, -14732}, 0, {2575, -30}, {0x00, 0x30, 0x76, 0xFF}}},
	{{{2811, 1693, -15080}, 0, {3601, -30}, {0xF0, 0x2B, 0x76, 0xFF}}},
	{{{2811, 3235, -15556}, 0, {3597, -1021}, {0xEC, 0x25, 0x78, 0xFF}}},
	{{{-9488, 3509, -10993}, 0, {24984, 5}, {0xAC, 0x07, 0x5F, 0xFF}}},
	{{{-12274, 2081, -13379}, 0, {23963, 1000}, {0xF8, 0x24, 0x7A, 0xFF}}},
	{{{-9488, 2104, -10993}, 0, {24989, 1000}, {0xAD, 0x00, 0x60, 0xFF}}},
	{{{-12274, 3209, -13821}, 0, {23963, 5}, {0xFB, 0x2E, 0x76, 0xFF}}},
	{{{-15100, 3589, -11575}, 0, {22101, 5}, {0x6F, 0x05, 0x3E, 0xFF}}},
	{{{-15100, 1983, -11589}, 0, {22101, 1000}, {0x67, 0xFF, 0x4B, 0xFF}}},
	{{{-15414, 2815, -9376}, 0, {20906, 1000}, {0x7D, 0x08, 0x12, 0xFF}}},
	{{{-15639, 4477, -8692}, 0, {20906, 5}, {0x7D, 0x0D, 0x13, 0xFF}}},
	{{{-15727, 2833, -6642}, 0, {19501, 1000}, {0x6E, 0x20, 0xCA, 0xFF}}},
	{{{-16022, 3961, -6386}, 0, {19501, 5}, {0x6F, 0x28, 0xD1, 0xFF}}},
	{{{-12770, 3663, -4982}, 0, {18036, 5}, {0x53, 0x04, 0xA0, 0xFF}}},
	{{{-12770, 2535, -4982}, 0, {18036, 1000}, {0x55, 0x00, 0xA2, 0xFF}}},
	{{{-10861, 2308, -2393}, 0, {16734, 1000}, {0x69, 0x00, 0xB9, 0xFF}}},
	{{{-10861, 3918, -2393}, 0, {16734, 5}, {0x69, 0x00, 0xB9, 0xFF}}},
	{{{-10861, 2308, -2393}, 0, {10551, -16296}, {0x69, 0x00, 0xB9, 0xFF}}},
	{{{-8949, 3736, 723}, 0, {12711, -21104}, {0x73, 0x00, 0xCA, 0xFF}}},
	{{{-8949, 2009, 723}, 0, {10394, -21220}, {0x75, 0x00, 0xCE, 0xFF}}},
	{{{-10861, 3918, -2393}, 0, {12711, -16189}, {0x69, 0x00, 0xB9, 0xFF}}},
	{{{6387, 3207, -14516}, 0, {-23318, 1000}, {0x1B, 0x2D, 0x74, 0xFF}}},
	{{{10025, 4237, -15771}, 0, {-21162, 5}, {0x07, 0x38, 0x72, 0xFF}}},
	{{{5799, 5800, -15256}, 0, {-23318, 5}, {0x1D, 0x28, 0x75, 0xFF}}},
	{{{10128, 2569, -14888}, 0, {-21162, 1000}, {0x00, 0x3D, 0x70, 0xFF}}},
	{{{14515, 3849, -14926}, 0, {-19085, 5}, {0xB8, 0x48, 0x4C, 0xFF}}},
	{{{13796, 2224, -14043}, 0, {-19085, 1000}, {0xB3, 0x44, 0x4B, 0xFF}}},
	{{{16092, 4527, -8868}, 0, {-15914, 5}, {0x85, 0x1B, 0xF3, 0xFF}}},
	{{{15670, 2224, -8762}, 0, {-15914, 1000}, {0x85, 0x17, 0xEC, 0xFF}}},
	{{{14541, 3925, -6795}, 0, {-14867, 5}, {0xA0, 0x11, 0xAF, 0xFF}}},
	{{{14218, 2224, -6795}, 0, {-14867, 1000}, {0xA2, 0x13, 0xAC, 0xFF}}},
	{{{13366, 4193, -5565}, 0, {-14096, 5}, {0x88, 0x1B, 0xE0, 0xFF}}},
	{{{12880, 2114, -5565}, 0, {-14096, 1000}, {0x87, 0x1A, 0xE5, 0xFF}}},
	{{{15351, 3700, 1376}, 0, {-10793, 5}, {0x8B, 0x08, 0x30, 0xFF}}},
	{{{15222, 1703, 1315}, 0, {-10793, 1000}, {0x8B, 0x08, 0x30, 0xFF}}},
	{{{17115, 3549, 4996}, 0, {-8865, 5}, {0x82, 0x0E, 0xFE, 0xFF}}},
	{{{16887, 1488, 5110}, 0, {-8466, 1000}, {0x82, 0x0E, 0xF9, 0xFF}}},
	{{{14633, 1774, 9259}, 0, {-5214, 1000}, {0x9B, 0x18, 0xB7, 0xFF}}},
	{{{14823, 3672, 9677}, 0, {-5214, 5}, {0x9E, 0x16, 0xB2, 0xFF}}},
	{{{11553, 2087, 12267}, 0, {-2910, 1000}, {0xAA, 0x06, 0xA2, 0xFF}}},
	{{{11553, 4548, 12267}, 0, {-2910, 5}, {0xAB, 0x00, 0xA2, 0xFF}}},
	{{{8621, 3672, 15316}, 0, {-554, 5}, {0xD5, 0x0F, 0x8A, 0xFF}}},
	{{{8564, 1774, 14993}, 0, {-554, 1000}, {0xD6, 0x15, 0x8A, 0xFF}}},
	{{{2385, 1698, 14624}, 0, {1220, 1000}, {0xF1, 0x05, 0x82, 0xFF}}},
	{{{2385, 4497, 14624}, 0, {1220, 5}, {0xF4, 0x00, 0x82, 0xFF}}},
	{{{-2992, 3111, 16431}, 0, {3414, 5}, {0xEF, 0x16, 0x84, 0xFF}}},
	{{{-2992, 923, 15975}, 0, {3414, 1000}, {0xF4, 0x18, 0x84, 0xFF}}},
	{{{-6071, 2488, 16109}, 0, {5108, 5}, {0x18, 0x11, 0x84, 0xFF}}},
	{{{-5919, 226, 15785}, 0, {5108, 1000}, {0x16, 0x13, 0x84, 0xFF}}},
	{{{-9277, 192, 14743}, 0, {6934, 1000}, {0x4D, 0x04, 0x9B, 0xFF}}},
	{{{-6071, 2488, 16109}, 0, {5108, 5}, {0x18, 0x11, 0x84, 0xFF}}},
	{{{-5919, 226, 15785}, 0, {5108, 1000}, {0x16, 0x13, 0x84, 0xFF}}},
	{{{-9277, 2644, 14743}, 0, {6934, 5}, {0x52, 0x00, 0x9F, 0xFF}}},
	{{{-11549, 1092, 11312}, 0, {8660, 1000}, {0x7A, 0x00, 0xDD, 0xFF}}},
	{{{-11549, 2774, 11312}, 0, {8660, 5}, {0x79, 0x00, 0xDB, 0xFF}}},
	{{{-11469, 2134, 8172}, 0, {10615, 5}, {0x77, 0x00, 0x2D, 0xFF}}},
	{{{-11469, 496, 8172}, 0, {10615, 1000}, {0x75, 0x00, 0x32, 0xFF}}},
	{{{-7895, 229, 4113}, 0, {13464, 1000}, {0x79, 0x00, 0x25, 0xFF}}},
	{{{-7895, 2492, 4113}, 0, {13464, 5}, {0x7E, 0x00, 0x12, 0xFF}}},
	{{{-8949, 2009, 723}, 0, {15184, 1000}, {0x75, 0x00, 0xCE, 0xFF}}},
	{{{-8949, 3736, 723}, 0, {15184, 5}, {0x73, 0x00, 0xCA, 0xFF}}},
	{{{-572, 5601, -6390}, 0, {-8337, 1002}, {0x83, 0x02, 0xE9, 0xFF}}},
	{{{-857, 6549, -5608}, 0, {-7364, 1}, {0xC6, 0x69, 0x28, 0xFF}}},
	{{{-535, 6778, -6466}, 0, {-8337, 1}, {0x85, 0x1D, 0x0F, 0xFF}}},
	{{{-857, 5691, -5608}, 0, {-7364, 1002}, {0x8E, 0x00, 0x37, 0xFF}}},
	{{{-66, 6320, -5274}, 0, {-6161, 1}, {0x0C, 0x76, 0x2C, 0xFF}}},
	{{{-66, 5462, -5274}, 0, {-6161, 1002}, {0xE6, 0x00, 0x7C, 0xFF}}},
	{{{2561, 5899, -5106}, 0, {-3380, 1}, {0x06, 0x7A, 0x22, 0xFF}}},
	{{{2561, 5042, -5106}, 0, {-3380, 1002}, {0xFD, 0x00, 0x7F, 0xFF}}},
	{{{3820, 5042, -5122}, 0, {-1880, 1002}, {0xE4, 0x00, 0x7C, 0xFF}}},
	{{{3820, 5899, -5122}, 0, {-1880, 1}, {0x1B, 0x7C, 0xFE, 0xFF}}},
	{{{4955, 5042, -4562}, 0, {-540, 1002}, {0x0B, 0xE8, 0x7C, 0xFF}}},
	{{{4955, 6135, -4303}, 0, {-743, 1}, {0xFD, 0x6E, 0x3F, 0xFF}}},
	{{{5256, 4969, -4807}, 0, {-253, 1002}, {0x15, 0xD9, 0x77, 0xFF}}},
	{{{5796, 6042, -4375}, 0, {69, 1}, {0xCA, 0x64, 0x38, 0xFF}}},
	{{{7472, 4671, -4627}, 0, {928, 1002}, {0x0C, 0xF7, 0x7E, 0xFF}}},
	{{{8153, 6234, -4827}, 0, {1580, 1}, {0x17, 0x06, 0x7D, 0xFF}}},
};

Gfx prince_valley_dl_terrain_mesh_layer_4_tri_0[] = {
	gsSPVertex(prince_valley_dl_terrain_mesh_layer_4_vtx_0 + 0, 32, 0),
	gsSP2Triangles(0, 1, 2, 0, 0, 3, 1, 0),
	gsSP2Triangles(4, 1, 3, 0, 4, 5, 1, 0),
	gsSP2Triangles(6, 5, 4, 0, 6, 7, 5, 0),
	gsSP2Triangles(8, 7, 6, 0, 8, 9, 7, 0),
	gsSP2Triangles(8, 10, 9, 0, 8, 11, 10, 0),
	gsSP2Triangles(12, 10, 11, 0, 12, 13, 10, 0),
	gsSP2Triangles(14, 13, 12, 0, 14, 12, 15, 0),
	gsSP2Triangles(16, 14, 15, 0, 16, 17, 14, 0),
	gsSP2Triangles(18, 19, 20, 0, 18, 21, 19, 0),
	gsSP2Triangles(19, 21, 22, 0, 19, 22, 23, 0),
	gsSP2Triangles(24, 23, 22, 0, 24, 22, 25, 0),
	gsSP2Triangles(26, 24, 25, 0, 26, 25, 27, 0),
	gsSP2Triangles(26, 27, 28, 0, 26, 28, 29, 0),
	gsSP2Triangles(30, 29, 28, 0, 30, 28, 31, 0),
	gsSPVertex(prince_valley_dl_terrain_mesh_layer_4_vtx_0 + 32, 32, 0),
	gsSP2Triangles(0, 1, 2, 0, 0, 3, 1, 0),
	gsSP2Triangles(4, 5, 6, 0, 4, 7, 5, 0),
	gsSP2Triangles(7, 8, 5, 0, 7, 9, 8, 0),
	gsSP2Triangles(9, 10, 8, 0, 9, 11, 10, 0),
	gsSP2Triangles(11, 12, 10, 0, 11, 13, 12, 0),
	gsSP2Triangles(14, 12, 13, 0, 14, 13, 15, 0),
	gsSP2Triangles(15, 16, 14, 0, 15, 17, 16, 0),
	gsSP2Triangles(17, 18, 16, 0, 17, 19, 18, 0),
	gsSP2Triangles(20, 18, 19, 0, 20, 21, 18, 0),
	gsSP2Triangles(22, 21, 20, 0, 22, 23, 21, 0),
	gsSP2Triangles(22, 24, 23, 0, 22, 25, 24, 0),
	gsSP2Triangles(26, 24, 25, 0, 26, 27, 24, 0),
	gsSP2Triangles(26, 28, 27, 0, 26, 29, 28, 0),
	gsSP2Triangles(29, 30, 28, 0, 29, 31, 30, 0),
	gsSPVertex(prince_valley_dl_terrain_mesh_layer_4_vtx_0 + 64, 28, 0),
	gsSP2Triangles(0, 1, 2, 0, 0, 3, 1, 0),
	gsSP2Triangles(4, 3, 0, 0, 4, 5, 3, 0),
	gsSP2Triangles(4, 6, 5, 0, 4, 7, 6, 0),
	gsSP2Triangles(8, 6, 7, 0, 8, 9, 6, 0),
	gsSP2Triangles(10, 9, 8, 0, 10, 11, 9, 0),
	gsSP2Triangles(12, 13, 14, 0, 12, 15, 13, 0),
	gsSP2Triangles(15, 16, 13, 0, 15, 17, 16, 0),
	gsSP2Triangles(17, 18, 16, 0, 17, 19, 18, 0),
	gsSP2Triangles(20, 18, 19, 0, 20, 21, 18, 0),
	gsSP2Triangles(22, 21, 20, 0, 22, 23, 21, 0),
	gsSP2Triangles(24, 23, 22, 0, 24, 25, 23, 0),
	gsSP2Triangles(26, 25, 24, 0, 26, 27, 25, 0),
	gsSPEndDisplayList(),
};

Vtx prince_valley_dl_zone_water_lake_1_mesh_layer_5_vtx_cull[8] = {
	{{{389, -467, 3448}, 0, {0, 0}, {0x00, 0x00, 0x00, 0x00}}},
	{{{389, -467, 3448}, 0, {0, 0}, {0x00, 0x00, 0x00, 0x00}}},
	{{{389, -467, 682}, 0, {0, 0}, {0x00, 0x00, 0x00, 0x00}}},
	{{{389, -467, 682}, 0, {0, 0}, {0x00, 0x00, 0x00, 0x00}}},
	{{{3039, -467, 3448}, 0, {0, 0}, {0x00, 0x00, 0x00, 0x00}}},
	{{{3039, -467, 3448}, 0, {0, 0}, {0x00, 0x00, 0x00, 0x00}}},
	{{{3039, -467, 682}, 0, {0, 0}, {0x00, 0x00, 0x00, 0x00}}},
	{{{3039, -467, 682}, 0, {0, 0}, {0x00, 0x00, 0x00, 0x00}}},
};

Vtx prince_valley_dl_zone_water_lake_1_mesh_layer_5_vtx_0[4] = {
	{{{389, -467, 3448}, 0, {-16, 1008}, {0x00, 0x7F, 0x00, 0xFF}}},
	{{{3039, -467, 3448}, 0, {1008, 1008}, {0x00, 0x7F, 0x00, 0xFF}}},
	{{{3039, -467, 682}, 0, {1008, -16}, {0x00, 0x7F, 0x00, 0xFF}}},
	{{{389, -467, 682}, 0, {-16, -16}, {0x00, 0x7F, 0x00, 0xFF}}},
};

Gfx prince_valley_dl_zone_water_lake_1_mesh_layer_5_tri_0[] = {
	gsSPVertex(prince_valley_dl_zone_water_lake_1_mesh_layer_5_vtx_0 + 0, 4, 0),
	gsSP2Triangles(0, 1, 2, 0, 0, 2, 3, 0),
	gsSPEndDisplayList(),
};

Vtx prince_valley_dl_Cube_001_mesh_layer_1_vtx_cull[8] = {
	{{{9422, 2829, 16552}, 0, {0, 0}, {0x00, 0x00, 0x00, 0x00}}},
	{{{9422, 4427, 16552}, 0, {0, 0}, {0x00, 0x00, 0x00, 0x00}}},
	{{{9422, 4427, 8881}, 0, {0, 0}, {0x00, 0x00, 0x00, 0x00}}},
	{{{9422, 2829, 8881}, 0, {0, 0}, {0x00, 0x00, 0x00, 0x00}}},
	{{{10298, 2829, 16552}, 0, {0, 0}, {0x00, 0x00, 0x00, 0x00}}},
	{{{10298, 4427, 16552}, 0, {0, 0}, {0x00, 0x00, 0x00, 0x00}}},
	{{{10298, 4427, 8881}, 0, {0, 0}, {0x00, 0x00, 0x00, 0x00}}},
	{{{10298, 2829, 8881}, 0, {0, 0}, {0x00, 0x00, 0x00, 0x00}}},
};

Vtx prince_valley_dl_Cube_001_mesh_layer_1_vtx_0[24] = {
	{{{9422, 4227, 16552}, 0, {368, 1008}, {0x81, 0x00, 0x00, 0xFF}}},
	{{{9422, 4427, 16552}, 0, {624, 1008}, {0x81, 0x00, 0x00, 0xFF}}},
	{{{9422, 3029, 8881}, 0, {624, 752}, {0x81, 0x00, 0x00, 0xFF}}},
	{{{9422, 2829, 8881}, 0, {368, 752}, {0x81, 0x00, 0x00, 0xFF}}},
	{{{9422, 2829, 8881}, 0, {368, 752}, {0x00, 0x00, 0x81, 0xFF}}},
	{{{9422, 3029, 8881}, 0, {624, 752}, {0x00, 0x00, 0x81, 0xFF}}},
	{{{10298, 3029, 8881}, 0, {624, 496}, {0x00, 0x00, 0x81, 0xFF}}},
	{{{10298, 2829, 8881}, 0, {368, 496}, {0x00, 0x00, 0x81, 0xFF}}},
	{{{10298, 2829, 8881}, 0, {368, 496}, {0x7F, 0x00, 0x00, 0xFF}}},
	{{{10298, 3029, 8881}, 0, {624, 496}, {0x7F, 0x00, 0x00, 0xFF}}},
	{{{10298, 4427, 16552}, 0, {624, 240}, {0x7F, 0x00, 0x00, 0xFF}}},
	{{{10298, 4227, 16552}, 0, {368, 240}, {0x7F, 0x00, 0x00, 0xFF}}},
	{{{10298, 4227, 16552}, 0, {368, 240}, {0x00, 0x00, 0x7F, 0xFF}}},
	{{{10298, 4427, 16552}, 0, {624, 240}, {0x00, 0x00, 0x7F, 0xFF}}},
	{{{9422, 4427, 16552}, 0, {624, -16}, {0x00, 0x00, 0x7F, 0xFF}}},
	{{{9422, 4227, 16552}, 0, {368, -16}, {0x00, 0x00, 0x7F, 0xFF}}},
	{{{9422, 2829, 8881}, 0, {112, 496}, {0x00, 0x83, 0x17, 0xFF}}},
	{{{10298, 2829, 8881}, 0, {368, 496}, {0x00, 0x83, 0x17, 0xFF}}},
	{{{10298, 4227, 16552}, 0, {368, 240}, {0x00, 0x83, 0x17, 0xFF}}},
	{{{9422, 4227, 16552}, 0, {112, 240}, {0x00, 0x83, 0x17, 0xFF}}},
	{{{10298, 3029, 8881}, 0, {624, 496}, {0x00, 0x7D, 0xE9, 0xFF}}},
	{{{9422, 3029, 8881}, 0, {880, 496}, {0x00, 0x7D, 0xE9, 0xFF}}},
	{{{9422, 4427, 16552}, 0, {880, 240}, {0x00, 0x7D, 0xE9, 0xFF}}},
	{{{10298, 4427, 16552}, 0, {624, 240}, {0x00, 0x7D, 0xE9, 0xFF}}},
};

Gfx prince_valley_dl_Cube_001_mesh_layer_1_tri_0[] = {
	gsSPVertex(prince_valley_dl_Cube_001_mesh_layer_1_vtx_0 + 0, 24, 0),
	gsSP2Triangles(0, 1, 2, 0, 0, 2, 3, 0),
	gsSP2Triangles(4, 5, 6, 0, 4, 6, 7, 0),
	gsSP2Triangles(8, 9, 10, 0, 8, 10, 11, 0),
	gsSP2Triangles(12, 13, 14, 0, 12, 14, 15, 0),
	gsSP2Triangles(16, 17, 18, 0, 16, 18, 19, 0),
	gsSP2Triangles(20, 21, 22, 0, 20, 22, 23, 0),
	gsSPEndDisplayList(),
};

Vtx prince_valley_dl_Cube_009_mesh_layer_1_vtx_cull[8] = {
	{{{-4200, -3313, 5497}, 0, {0, 0}, {0x00, 0x00, 0x00, 0x00}}},
	{{{-4200, 3570, 5497}, 0, {0, 0}, {0x00, 0x00, 0x00, 0x00}}},
	{{{-4200, 3570, -3579}, 0, {0, 0}, {0x00, 0x00, 0x00, 0x00}}},
	{{{-4200, -3313, -3579}, 0, {0, 0}, {0x00, 0x00, 0x00, 0x00}}},
	{{{4163, -3313, 5497}, 0, {0, 0}, {0x00, 0x00, 0x00, 0x00}}},
	{{{4163, 3570, 5497}, 0, {0, 0}, {0x00, 0x00, 0x00, 0x00}}},
	{{{4163, 3570, -3579}, 0, {0, 0}, {0x00, 0x00, 0x00, 0x00}}},
	{{{4163, -3313, -3579}, 0, {0, 0}, {0x00, 0x00, 0x00, 0x00}}},
};

Vtx prince_valley_dl_Cube_009_mesh_layer_1_vtx_0[112] = {
	{{{-2972, -1399, -303}, 0, {3820, -1612}, {0x00, 0x00, 0x81, 0xFF}}},
	{{{-711, -1502, -303}, 0, {-896, -1377}, {0x00, 0x00, 0x81, 0xFF}}},
	{{{-2972, -1502, -303}, 0, {3820, -1377}, {0x00, 0x00, 0x81, 0xFF}}},
	{{{-911, 1483, -303}, 0, {-591, -8259}, {0x00, 0x00, 0x81, 0xFF}}},
	{{{-2972, 1079, -303}, 0, {3820, -7327}, {0x00, 0x00, 0x81, 0xFF}}},
	{{{-711, 1557, -303}, 0, {-897, -8430}, {0x00, 0x00, 0x81, 0xFF}}},
	{{{-22, 3025, -1451}, 0, {3697, -2770}, {0x72, 0xC9, 0xFE, 0xFF}}},
	{{{-612, 1664, 2987}, 0, {-6533, 649}, {0x74, 0xCC, 0x00, 0xFF}}},
	{{{-700, 1664, -1451}, 0, {3699, 734}, {0x72, 0xC7, 0xFE, 0xFF}}},
	{{{-22, 3025, 2987}, 0, {-6533, -2770}, {0x75, 0xCD, 0x00, 0xFF}}},
	{{{-711, 1557, -303}, 0, {8365, 5393}, {0x81, 0x00, 0x00, 0xFF}}},
	{{{-711, -1502, -1538}, 0, {5722, 12447}, {0x81, 0x00, 0x00, 0xFF}}},
	{{{-711, -1502, -303}, 0, {8365, 12447}, {0x81, 0x00, 0x00, 0xFF}}},
	{{{-711, 1557, -1538}, 0, {5722, 5393}, {0x81, 0x00, 0x00, 0xFF}}},
	{{{-711, -1502, -1538}, 0, {5989, 12447}, {0x00, 0x00, 0x81, 0xFF}}},
	{{{-332, -762, -1538}, 0, {5226, 10741}, {0x00, 0x00, 0x81, 0xFF}}},
	{{{-332, -1502, -1538}, 0, {5226, 12447}, {0x00, 0x00, 0x81, 0xFF}}},
	{{{-365, -559, -1538}, 0, {5298, 10274}, {0x00, 0x00, 0x81, 0xFF}}},
	{{{-711, 1557, -1538}, 0, {5988, 5393}, {0x00, 0x00, 0x81, 0xFF}}},
	{{{-524, 1472, -1538}, 0, {5638, 5590}, {0xFE, 0xFF, 0x81, 0xFF}}},
	{{{-711, 1825, -1538}, 0, {5989, 4775}, {0x00, 0x00, 0x81, 0xFF}}},
	{{{-355, 1947, -1538}, 0, {5276, 4494}, {0x00, 0x00, 0x81, 0xFF}}},
	{{{-355, 2347, -1538}, 0, {5276, 3571}, {0x00, 0x00, 0x81, 0xFF}}},
	{{{-22, 3160, -1538}, 0, {4563, 1696}, {0x00, 0x00, 0x81, 0xFF}}},
	{{{-22, 2547, -1538}, 0, {4563, 3110}, {0x00, 0x00, 0x81, 0xFF}}},
	{{{311, 2347, -1538}, 0, {3850, 3571}, {0x00, 0x00, 0x81, 0xFF}}},
	{{{667, 1825, -1538}, 0, {3153, 4775}, {0x00, 0x00, 0x81, 0xFF}}},
	{{{311, 1947, -1538}, 0, {3850, 4494}, {0x00, 0x00, 0x81, 0xFF}}},
	{{{481, 1472, -1538}, 0, {3487, 5590}, {0x02, 0xFF, 0x81, 0xFF}}},
	{{{667, 1557, -1538}, 0, {3154, 5393}, {0x00, 0x00, 0x81, 0xFF}}},
	{{{322, -559, -1538}, 0, {3827, 10274}, {0x00, 0x00, 0x81, 0xFF}}},
	{{{667, -1502, -1538}, 0, {3153, 12447}, {0x00, 0x00, 0x81, 0xFF}}},
	{{{667, -1502, -1538}, 0, {3153, 12447}, {0x00, 0x00, 0x81, 0xFF}}},
	{{{288, -762, -1538}, 0, {3900, 10741}, {0x00, 0x00, 0x81, 0xFF}}},
	{{{322, -559, -1538}, 0, {3827, 10274}, {0x00, 0x00, 0x81, 0xFF}}},
	{{{288, -1502, -1538}, 0, {3900, 12447}, {0x00, 0x00, 0x81, 0xFF}}},
	{{{-365, -559, -1538}, 0, {5298, 10274}, {0x00, 0x00, 0x81, 0xFF}}},
	{{{-332, -762, -1538}, 0, {5226, 10741}, {0x00, 0x00, 0x81, 0xFF}}},
	{{{667, -1502, -303}, 0, {8533, -856}, {0x00, 0x00, 0x81, 0xFF}}},
	{{{2928, -1399, -303}, 0, {3692, -1091}, {0x00, 0x00, 0x81, 0xFF}}},
	{{{2928, -1502, -303}, 0, {3692, -856}, {0x00, 0x00, 0x81, 0xFF}}},
	{{{868, 1483, -303}, 0, {8103, -7738}, {0x00, 0x00, 0x81, 0xFF}}},
	{{{667, 1557, -303}, 0, {8533, -7909}, {0x00, 0x00, 0x81, 0xFF}}},
	{{{2928, 1079, -303}, 0, {3692, -6806}, {0x00, 0x00, 0x81, 0xFF}}},
	{{{568, 1664, 2987}, 0, {3385, 4753}, {0x8C, 0xCC, 0x00, 0xFF}}},
	{{{-22, 3025, -1451}, 0, {-6846, 1334}, {0x8E, 0xC9, 0xFE, 0xFF}}},
	{{{656, 1664, -1451}, 0, {-6847, 4838}, {0x8E, 0xC7, 0xFE, 0xFF}}},
	{{{-22, 3025, 2987}, 0, {3385, 1334}, {0x8B, 0xCD, 0x00, 0xFF}}},
	{{{667, -1502, -1538}, 0, {11653, -864}, {0x28, 0x78, 0x00, 0xFF}}},
	{{{667, 1557, -303}, 0, {9010, -7918}, {0x7F, 0x00, 0x00, 0xFF}}},
	{{{667, -1502, -303}, 0, {9010, -864}, {0x5A, 0x5A, 0x00, 0xFF}}},
	{{{667, 1557, -1538}, 0, {11653, -7918}, {0x7F, 0x00, 0x00, 0xFF}}},
	{{{-2972, -1032, 2574}, 0, {-8113, -3841}, {0x81, 0x00, 0x00, 0xFF}}},
	{{{-2972, -1518, 3667}, 0, {-5300, -2659}, {0x81, 0x00, 0x00, 0xFF}}},
	{{{-2972, 1079, 3667}, 0, {-5244, -8647}, {0x81, 0x00, 0x00, 0xFF}}},
	{{{-2972, -1270, 1340}, 0, {-10766, -3358}, {0x81, 0x00, 0x00, 0xFF}}},
	{{{-2972, 1079, -303}, 0, {-14165, -8862}, {0x81, 0x00, 0x00, 0xFF}}},
	{{{-2972, -1399, -303}, 0, {-14290, -3150}, {0x81, 0x00, 0x00, 0xFF}}},
	{{{-2972, -1754, 683}, 0, {-12196, -2278}, {0x81, 0x00, 0x00, 0xFF}}},
	{{{-2972, -1502, -303}, 0, {-14295, -2914}, {0x81, 0x00, 0x00, 0xFF}}},
	{{{-2972, -1575, -303}, 0, {-14299, -2744}, {0x81, 0x00, 0x00, 0xFF}}},
	{{{-1699, -1582, 3667}, 0, {-12038, 10800}, {0x00, 0x00, 0x7F, 0xFF}}},
	{{{-2972, 1079, 3667}, 0, {-15299, 4661}, {0x00, 0x00, 0x7F, 0xFF}}},
	{{{-2972, -1518, 3667}, 0, {-15299, 10652}, {0x00, 0x00, 0x7F, 0xFF}}},
	{{{-1699, -1582, 3667}, 0, {-12038, 10800}, {0x00, 0x00, 0x7F, 0xFF}}},
	{{{-711, 1557, 3667}, 0, {-9922, 3557}, {0x00, 0x00, 0x7F, 0xFF}}},
	{{{-2972, 1079, 3667}, 0, {-15299, 4661}, {0x00, 0x00, 0x7F, 0xFF}}},
	{{{-740, -1820, 3667}, 0, {-9985, 11348}, {0x00, 0x00, 0x7F, 0xFF}}},
	{{{-22, 1557, 3667}, 0, {-8447, 3557}, {0x00, 0x00, 0x7F, 0xFF}}},
	{{{1352, -1119, 3667}, 0, {-5506, 9732}, {0x00, 0x00, 0x7F, 0xFF}}},
	{{{667, 1557, 3667}, 0, {-6973, 3557}, {0x00, 0x00, 0x7F, 0xFF}}},
	{{{2928, 1079, 3667}, 0, {-1678, 4688}, {0x00, 0x00, 0x7F, 0xFF}}},
	{{{2928, -1278, 3667}, 0, {-1678, 10124}, {0x00, 0x00, 0x7F, 0xFF}}},
	{{{667, 1825, 3667}, 0, {-6973, 2938}, {0x00, 0x00, 0x7F, 0xFF}}},
	{{{-22, 3160, 3667}, 0, {-8447, -141}, {0x00, 0x00, 0x7F, 0xFF}}},
	{{{-711, 1825, 3667}, 0, {-9922, 2938}, {0x00, 0x00, 0x7F, 0xFF}}},
	{{{-524, 1472, -1538}, 0, {5638, 5590}, {0xFE, 0xFF, 0x81, 0xFF}}},
	{{{-355, 1947, -1538}, 0, {5276, 4494}, {0x00, 0x00, 0x81, 0xFF}}},
	{{{-22, 1747, -1538}, 0, {4563, 4955}, {0x00, 0x00, 0x81, 0xFF}}},
	{{{-22, 1472, -1539}, 0, {4563, 5589}, {0x00, 0x01, 0x81, 0xFF}}},
	{{{481, 1472, -1538}, 0, {3487, 5590}, {0x02, 0xFF, 0x81, 0xFF}}},
	{{{311, 1947, -1538}, 0, {3850, 4494}, {0x00, 0x00, 0x81, 0xFF}}},
	{{{2928, -1119, 2533}, 0, {-5156, -3700}, {0x7F, 0x00, 0x00, 0xFF}}},
	{{{2928, -1515, 1766}, 0, {-3513, -2787}, {0x7F, 0x00, 0x00, 0xFF}}},
	{{{2928, -1376, 1093}, 0, {-2073, -3157}, {0x7F, 0x00, 0x00, 0xFF}}},
	{{{2928, -211, 1093}, 0, {-2073, -5843}, {0x7F, 0x00, 0x00, 0xFF}}},
	{{{2928, -1502, -303}, 0, {864, -2901}, {0x7F, 0x00, 0x00, 0xFF}}},
	{{{2928, -1644, -303}, 0, {864, -2574}, {0x7F, 0x00, 0x00, 0xFF}}},
	{{{2928, -1399, -303}, 0, {864, -3137}, {0x7F, 0x00, 0x00, 0xFF}}},
	{{{2928, 1079, -303}, 0, {864, -8851}, {0x7F, 0x00, 0x00, 0xFF}}},
	{{{2928, 1079, 3667}, 0, {-7576, -8623}, {0x7F, 0x00, 0x00, 0xFF}}},
	{{{2928, -1278, 3667}, 0, {-7591, -3189}, {0x7F, 0x00, 0x00, 0xFF}}},
	{{{568, 1664, 2987}, 0, {3300, 5251}, {0x00, 0x00, 0x81, 0xFF}}},
	{{{125, 1664, 2987}, 0, {4748, 5251}, {0x00, 0x00, 0x81, 0xFF}}},
	{{{125, 1920, 2987}, 0, {4748, 4610}, {0x00, 0x00, 0x81, 0xFF}}},
	{{{-22, 3025, 2987}, 0, {5087, 1856}, {0x00, 0x00, 0x81, 0xFF}}},
	{{{-22, 3025, 2987}, 0, {5087, 1856}, {0x00, 0x00, 0x81, 0xFF}}},
	{{{125, 1920, 2987}, 0, {4748, 4610}, {0x00, 0x00, 0x81, 0xFF}}},
	{{{-169, 1920, 2987}, 0, {5426, 4610}, {0x00, 0x00, 0x81, 0xFF}}},
	{{{-612, 1664, 2987}, 0, {6874, 5251}, {0x00, 0x00, 0x81, 0xFF}}},
	{{{-169, 1664, 2987}, 0, {5426, 5251}, {0x00, 0x00, 0x81, 0xFF}}},
	{{{-306, 1978, -1451}, 0, {4884, 455}, {0x00, 0x00, 0x7F, 0xFF}}},
	{{{-306, 2317, -1451}, 0, {4881, -417}, {0x00, 0x00, 0x7F, 0xFF}}},
	{{{-700, 1664, -1451}, 0, {4013, 1260}, {0x00, 0x00, 0x7F, 0xFF}}},
	{{{-22, 3025, -1451}, 0, {5601, -2242}, {0x00, 0x00, 0x7F, 0xFF}}},
	{{{-22, 2486, -1451}, 0, {5607, -854}, {0x00, 0x00, 0x7F, 0xFF}}},
	{{{263, 2317, -1451}, 0, {6336, -423}, {0x00, 0x00, 0x7F, 0xFF}}},
	{{{656, 1664, -1451}, 0, {7218, 1248}, {0x00, 0x00, 0x7F, 0xFF}}},
	{{{263, 1978, -1451}, 0, {6340, 448}, {0x00, 0x00, 0x7F, 0xFF}}},
	{{{125, 1664, -1451}, 0, {5952, 1252}, {0x00, 0x00, 0x7F, 0xFF}}},
	{{{-22, 1809, -1451}, 0, {5614, 891}, {0x00, 0x00, 0x7F, 0xFF}}},
	{{{-169, 1664, -1451}, 0, {5279, 1256}, {0x00, 0x00, 0x7F, 0xFF}}},
};

Gfx prince_valley_dl_Cube_009_mesh_layer_1_tri_0[] = {
	gsSPVertex(prince_valley_dl_Cube_009_mesh_layer_1_vtx_0 + 0, 32, 0),
	gsSP2Triangles(0, 1, 2, 0, 3, 1, 0, 0),
	gsSP2Triangles(0, 4, 3, 0, 3, 5, 1, 0),
	gsSP2Triangles(6, 7, 8, 0, 6, 9, 7, 0),
	gsSP2Triangles(10, 11, 12, 0, 10, 13, 11, 0),
	gsSP2Triangles(14, 15, 16, 0, 14, 17, 15, 0),
	gsSP2Triangles(17, 14, 18, 0, 17, 18, 19, 0),
	gsSP2Triangles(19, 18, 20, 0, 19, 20, 21, 0),
	gsSP2Triangles(21, 20, 22, 0, 22, 20, 23, 0),
	gsSP2Triangles(22, 23, 24, 0, 25, 24, 23, 0),
	gsSP2Triangles(25, 23, 26, 0, 27, 25, 26, 0),
	gsSP2Triangles(28, 27, 26, 0, 28, 26, 29, 0),
	gsSP2Triangles(30, 28, 29, 0, 30, 29, 31, 0),
	gsSPVertex(prince_valley_dl_Cube_009_mesh_layer_1_vtx_0 + 32, 32, 0),
	gsSP2Triangles(0, 1, 2, 0, 0, 3, 1, 0),
	gsSP2Triangles(1, 4, 2, 0, 1, 5, 4, 0),
	gsSP2Triangles(6, 7, 8, 0, 9, 7, 6, 0),
	gsSP2Triangles(9, 6, 10, 0, 11, 7, 9, 0),
	gsSP2Triangles(12, 13, 14, 0, 12, 15, 13, 0),
	gsSP2Triangles(16, 17, 18, 0, 16, 19, 17, 0),
	gsSP2Triangles(20, 21, 22, 0, 20, 22, 23, 0),
	gsSP2Triangles(24, 23, 22, 0, 24, 25, 23, 0),
	gsSP2Triangles(25, 26, 23, 0, 25, 27, 26, 0),
	gsSP2Triangles(27, 28, 26, 0, 29, 30, 31, 0),
	gsSPVertex(prince_valley_dl_Cube_009_mesh_layer_1_vtx_0 + 64, 32, 0),
	gsSP2Triangles(0, 1, 2, 0, 1, 0, 3, 0),
	gsSP2Triangles(1, 3, 4, 0, 4, 3, 5, 0),
	gsSP2Triangles(4, 5, 6, 0, 5, 7, 6, 0),
	gsSP2Triangles(5, 8, 7, 0, 9, 4, 6, 0),
	gsSP2Triangles(9, 10, 4, 0, 11, 4, 10, 0),
	gsSP2Triangles(11, 1, 4, 0, 12, 13, 14, 0),
	gsSP2Triangles(12, 14, 15, 0, 16, 15, 14, 0),
	gsSP2Triangles(16, 14, 17, 0, 18, 19, 20, 0),
	gsSP2Triangles(21, 18, 20, 0, 22, 21, 20, 0),
	gsSP2Triangles(22, 20, 23, 0, 21, 22, 24, 0),
	gsSP2Triangles(25, 21, 24, 0, 26, 21, 25, 0),
	gsSP2Triangles(26, 18, 21, 0, 26, 27, 18, 0),
	gsSP2Triangles(28, 29, 30, 0, 31, 28, 30, 0),
	gsSPVertex(prince_valley_dl_Cube_009_mesh_layer_1_vtx_0 + 96, 16, 0),
	gsSP2Triangles(0, 1, 2, 0, 3, 0, 2, 0),
	gsSP2Triangles(4, 3, 2, 0, 5, 6, 7, 0),
	gsSP2Triangles(7, 6, 8, 0, 6, 9, 8, 0),
	gsSP2Triangles(9, 10, 8, 0, 10, 11, 8, 0),
	gsSP2Triangles(12, 11, 10, 0, 12, 13, 11, 0),
	gsSP2Triangles(12, 14, 13, 0, 14, 15, 13, 0),
	gsSP2Triangles(5, 15, 14, 0, 5, 7, 15, 0),
	gsSPEndDisplayList(),
};

Vtx prince_valley_dl_Cube_009_mesh_layer_1_vtx_1[55] = {
	{{{-711, -1502, -2810}, 0, {-3698, -6537}, {0x00, 0x7F, 0x00, 0xFF}}},
	{{{-377, -1502, -2298}, 0, {-1707, -3488}, {0x00, 0x7F, 0x00, 0xFF}}},
	{{{-377, -1502, -2810}, 0, {-1707, -6537}, {0x00, 0x7F, 0x00, 0xFF}}},
	{{{-1209, -1502, -1704}, 0, {-6668, 53}, {0x00, 0x7F, 0x00, 0xFF}}},
	{{{-1594, -1502, -2029}, 0, {-8959, -1881}, {0x00, 0x7F, 0x00, 0xFF}}},
	{{{-1209, -1502, -484}, 0, {-6668, 7320}, {0x00, 0x7F, 0x00, 0xFF}}},
	{{{-2972, -1502, -484}, 0, {-17167, 7320}, {0x00, 0x7F, 0x00, 0xFF}}},
	{{{-2972, -1502, -1633}, 0, {-17167, 478}, {0x00, 0x7F, 0x00, 0xFF}}},
	{{{-341, -1502, -1704}, 0, {-1493, 53}, {0x00, 0x7F, 0x00, 0xFF}}},
	{{{333, -1502, -2298}, 0, {2522, -3488}, {0x00, 0x7F, 0x00, 0xFF}}},
	{{{298, -1502, -1704}, 0, {2312, 53}, {0x00, 0x7F, 0x00, 0xFF}}},
	{{{1166, -1502, -1704}, 0, {7484, 53}, {0x00, 0x7F, 0x00, 0xFF}}},
	{{{667, -1502, -2810}, 0, {4513, -6537}, {0x00, 0x7F, 0x00, 0xFF}}},
	{{{1550, -1502, -2029}, 0, {9775, -1881}, {0x00, 0x7F, 0x00, 0xFF}}},
	{{{1166, -1502, -484}, 0, {7484, 7320}, {0x00, 0x7F, 0x00, 0xFF}}},
	{{{2928, -1502, -484}, 0, {17982, 7320}, {0x00, 0x7F, 0x00, 0xFF}}},
	{{{2928, -1502, -1633}, 0, {17982, 478}, {0x00, 0x7F, 0x00, 0xFF}}},
	{{{333, -1502, -2810}, 0, {2522, -6537}, {0x00, 0x7F, 0x00, 0xFF}}},
	{{{-365, -559, -1274}, 0, {13915, 19741}, {0xFE, 0xED, 0x82, 0xFF}}},
	{{{-328, 1208, -1541}, 0, {13736, 11234}, {0xF3, 0xF7, 0x82, 0xFF}}},
	{{{-22, -559, -1274}, 0, {12268, 19741}, {0x00, 0xED, 0x82, 0xFF}}},
	{{{-524, 1472, -1538}, 0, {14676, 9971}, {0xFE, 0xFF, 0x81, 0xFF}}},
	{{{-22, 1472, -1539}, 0, {12268, 9971}, {0x00, 0x01, 0x81, 0xFF}}},
	{{{-22, 1208, -1541}, 0, {12268, 11234}, {0x00, 0x01, 0x81, 0xFF}}},
	{{{284, 1208, -1541}, 0, {10800, 11234}, {0x0D, 0xF7, 0x82, 0xFF}}},
	{{{481, 1472, -1538}, 0, {9859, 9971}, {0x02, 0xFF, 0x81, 0xFF}}},
	{{{322, -559, -1274}, 0, {10621, 19741}, {0x02, 0xED, 0x82, 0xFF}}},
	{{{-377, -1502, -2298}, 0, {-1707, -3488}, {0x00, 0x76, 0xD0, 0xFF}}},
	{{{333, -1770, -2958}, 0, {2522, -7418}, {0x00, 0x76, 0xD0, 0xFF}}},
	{{{-377, -1770, -2958}, 0, {-1707, -7418}, {0x00, 0x76, 0xD0, 0xFF}}},
	{{{333, -1502, -2298}, 0, {2522, -3488}, {0x00, 0x76, 0xD0, 0xFF}}},
	{{{-332, -762, -1538}, 0, {11087, -1851}, {0x5A, 0xA6, 0x00, 0xFF}}},
	{{{-332, -1502, -1409}, 0, {10470, 1695}, {0x7F, 0x00, 0x00, 0xFF}}},
	{{{-332, -1502, -1538}, 0, {11087, 1695}, {0x7F, 0x00, 0x00, 0xFF}}},
	{{{-332, -762, -1409}, 0, {10470, -1851}, {0x5A, 0xA6, 0x00, 0xFF}}},
	{{{-332, -1502, -1409}, 0, {8742, 1688}, {0x66, 0x00, 0xB4, 0xFF}}},
	{{{-250, -1004, -1299}, 0, {8227, -683}, {0x44, 0xE7, 0x97, 0xFF}}},
	{{{-250, -1502, -1299}, 0, {8214, 1699}, {0x66, 0x00, 0xB4, 0xFF}}},
	{{{-332, -762, -1409}, 0, {8742, -1853}, {0x21, 0xD7, 0x8C, 0xFF}}},
	{{{288, -762, -1409}, 0, {15787, 773}, {0x00, 0x81, 0x00, 0xFF}}},
	{{{-332, -762, -1538}, 0, {12816, 1388}, {0x5A, 0xA6, 0x00, 0xFF}}},
	{{{288, -762, -1538}, 0, {15787, 1388}, {0x00, 0x81, 0x00, 0xFF}}},
	{{{-332, -762, -1409}, 0, {12816, 773}, {0x5A, 0xA6, 0x00, 0xFF}}},
	{{{288, -1502, -1409}, 0, {10470, 1695}, {0x81, 0x00, 0x00, 0xFF}}},
	{{{288, -762, -1538}, 0, {9853, -1851}, {0x81, 0x00, 0x00, 0xFF}}},
	{{{288, -1502, -1538}, 0, {9853, 1695}, {0x81, 0x00, 0x00, 0xFF}}},
	{{{288, -762, -1409}, 0, {10470, -1851}, {0x81, 0x00, 0x00, 0xFF}}},
	{{{207, -1004, -1299}, 0, {17314, -1190}, {0x00, 0xCB, 0x8C, 0xFF}}},
	{{{-332, -762, -1409}, 0, {19895, -2364}, {0x21, 0xD7, 0x8C, 0xFF}}},
	{{{288, -762, -1409}, 0, {16924, -2364}, {0x00, 0xCB, 0x8C, 0xFF}}},
	{{{-250, -1004, -1299}, 0, {19504, -1190}, {0x44, 0xE7, 0x97, 0xFF}}},
	{{{207, -1004, -1299}, 0, {10135, -683}, {0x9A, 0x00, 0xB4, 0xFF}}},
	{{{288, -1502, -1409}, 0, {9620, 1688}, {0x9A, 0x00, 0xB4, 0xFF}}},
	{{{207, -1502, -1299}, 0, {10149, 1699}, {0x9A, 0x00, 0xB4, 0xFF}}},
	{{{288, -762, -1409}, 0, {9620, -1853}, {0x9A, 0x00, 0xB4, 0xFF}}},
};

Gfx prince_valley_dl_Cube_009_mesh_layer_1_tri_1[] = {
	gsSPVertex(prince_valley_dl_Cube_009_mesh_layer_1_vtx_1 + 0, 31, 0),
	gsSP2Triangles(0, 1, 2, 0, 3, 1, 0, 0),
	gsSP2Triangles(3, 0, 4, 0, 5, 3, 4, 0),
	gsSP2Triangles(5, 4, 6, 0, 4, 7, 6, 0),
	gsSP2Triangles(3, 8, 1, 0, 8, 9, 1, 0),
	gsSP2Triangles(8, 10, 9, 0, 9, 10, 11, 0),
	gsSP2Triangles(9, 11, 12, 0, 11, 13, 12, 0),
	gsSP2Triangles(14, 13, 11, 0, 14, 15, 13, 0),
	gsSP2Triangles(13, 15, 16, 0, 17, 9, 12, 0),
	gsSP2Triangles(18, 19, 20, 0, 18, 21, 19, 0),
	gsSP2Triangles(19, 21, 22, 0, 19, 22, 23, 0),
	gsSP2Triangles(24, 23, 22, 0, 24, 22, 25, 0),
	gsSP2Triangles(24, 25, 26, 0, 24, 26, 20, 0),
	gsSP2Triangles(27, 28, 29, 0, 27, 30, 28, 0),
	gsSPVertex(prince_valley_dl_Cube_009_mesh_layer_1_vtx_1 + 31, 24, 0),
	gsSP2Triangles(0, 1, 2, 0, 0, 3, 1, 0),
	gsSP2Triangles(4, 5, 6, 0, 4, 7, 5, 0),
	gsSP2Triangles(8, 9, 10, 0, 8, 11, 9, 0),
	gsSP2Triangles(12, 13, 14, 0, 12, 15, 13, 0),
	gsSP2Triangles(16, 17, 18, 0, 16, 19, 17, 0),
	gsSP2Triangles(20, 21, 22, 0, 20, 23, 21, 0),
	gsSPEndDisplayList(),
};

Vtx prince_valley_dl_Cube_009_mesh_layer_1_vtx_2[56] = {
	{{{-365, -559, -1538}, 0, {16658, 9513}, {0x7F, 0x0A, 0x00, 0xFF}}},
	{{{-524, 1472, -1538}, 0, {16658, -292}, {0x7F, 0x0A, 0x00, 0xFF}}},
	{{{-365, -559, -1274}, 0, {15201, 9513}, {0x7F, 0x0A, 0x00, 0xFF}}},
	{{{-22, -559, -1274}, 0, {19642, 8486}, {0x7D, 0x15, 0xFC, 0xFF}}},
	{{{-328, 1208, -1541}, 0, {19894, -33}, {0x7D, 0x15, 0xFC, 0xFF}}},
	{{{-328, 1255, -1321}, 0, {18818, -130}, {0x7D, 0x15, 0xFC, 0xFF}}},
	{{{322, -559, -1538}, 0, {16658, 9513}, {0x81, 0x0A, 0x00, 0xFF}}},
	{{{322, -559, -1274}, 0, {18115, 9513}, {0x81, 0x0A, 0x00, 0xFF}}},
	{{{481, 1472, -1538}, 0, {16658, -292}, {0x81, 0x0A, 0x00, 0xFF}}},
	{{{-22, -559, -1274}, 0, {21206, 8459}, {0x83, 0x15, 0xFC, 0xFF}}},
	{{{284, 1255, -1321}, 0, {22053, -101}, {0x83, 0x15, 0xFC, 0xFF}}},
	{{{284, 1208, -1541}, 0, {20976, -16}, {0x83, 0x15, 0xFC, 0xFF}}},
	{{{-365, -559, -1538}, 0, {14179, -2554}, {0x00, 0x7F, 0x00, 0xFF}}},
	{{{-365, -559, -1274}, 0, {14179, -1292}, {0x00, 0x7F, 0x00, 0xFF}}},
	{{{-22, -559, -1274}, 0, {15827, -1292}, {0x00, 0x7F, 0x00, 0xFF}}},
	{{{322, -559, -1538}, 0, {17474, -2554}, {0x00, 0x7F, 0x00, 0xFF}}},
	{{{322, -559, -1274}, 0, {17474, -1292}, {0x00, 0x7F, 0x00, 0xFF}}},
	{{{-328, 1208, -1541}, 0, {12809, -2024}, {0x06, 0x85, 0x1F, 0xFF}}},
	{{{-22, 1255, -1416}, 0, {14277, -2621}, {0x00, 0x87, 0x26, 0xFF}}},
	{{{-328, 1255, -1321}, 0, {12809, -3096}, {0x08, 0x84, 0x1A, 0xFF}}},
	{{{-22, 1208, -1541}, 0, {14277, -2024}, {0x00, 0x89, 0x2D, 0xFF}}},
	{{{284, 1208, -1541}, 0, {15745, -2024}, {0xFA, 0x85, 0x1F, 0xFF}}},
	{{{284, 1255, -1321}, 0, {15745, -3096}, {0xF8, 0x84, 0x1A, 0xFF}}},
	{{{-250, -1502, -866}, 0, {-953, 5048}, {0x00, 0x7F, 0x00, 0xFF}}},
	{{{-169, -1502, -1247}, 0, {-468, 2775}, {0x00, 0x7F, 0x00, 0xFF}}},
	{{{-250, -1502, -1247}, 0, {-953, 2775}, {0x00, 0x7F, 0x00, 0xFF}}},
	{{{125, -1502, -1247}, 0, {1283, 2775}, {0x00, 0x7F, 0x00, 0xFF}}},
	{{{207, -1502, -866}, 0, {1768, 5048}, {0x00, 0x7F, 0x00, 0xFF}}},
	{{{207, -1502, -1247}, 0, {1768, 2775}, {0x00, 0x7F, 0x00, 0xFF}}},
	{{{-22, -1502, -1299}, 0, {408, 2465}, {0x00, 0x7F, 0x00, 0xFF}}},
	{{{-169, -1502, -1299}, 0, {-468, 2465}, {0x00, 0x7F, 0x00, 0xFF}}},
	{{{-332, -1502, -1538}, 0, {-1438, 1044}, {0x00, 0x7F, 0x00, 0xFF}}},
	{{{288, -1502, -1538}, 0, {2253, 1044}, {0x00, 0x7F, 0x00, 0xFF}}},
	{{{-332, -1502, -1538}, 0, {-1438, 1044}, {0x00, 0x7F, 0x00, 0xFF}}},
	{{{-22, -1502, -1299}, 0, {408, 2465}, {0x00, 0x7F, 0x00, 0xFF}}},
	{{{125, -1502, -1299}, 0, {1283, 2465}, {0x00, 0x7F, 0x00, 0xFF}}},
	{{{125, -1502, -1247}, 0, {1283, 2775}, {0x00, 0x7F, 0x00, 0xFF}}},
	{{{288, -1502, -1409}, 0, {2253, 1811}, {0x00, 0x7F, 0x00, 0xFF}}},
	{{{207, -1502, -1299}, 0, {1768, 2465}, {0x00, 0x7F, 0x00, 0xFF}}},
	{{{-169, -1502, -1299}, 0, {-468, 2465}, {0x00, 0x7F, 0x00, 0xFF}}},
	{{{-332, -1502, -1409}, 0, {-1438, 1811}, {0x00, 0x7F, 0x00, 0xFF}}},
	{{{-250, -1502, -1299}, 0, {-953, 2465}, {0x00, 0x7F, 0x00, 0xFF}}},
	{{{1166, -1502, -484}, 0, {7484, 7320}, {0x00, 0x7F, 0x00, 0xFF}}},
	{{{2928, -1502, -303}, 0, {17982, 8398}, {0x00, 0x7F, 0x00, 0xFF}}},
	{{{2928, -1502, -484}, 0, {17982, 7320}, {0x00, 0x7F, 0x00, 0xFF}}},
	{{{667, -1502, -303}, 0, {4513, 8398}, {0x5A, 0x5A, 0x00, 0xFF}}},
	{{{667, -1502, -1538}, 0, {4513, 1044}, {0x28, 0x78, 0x00, 0xFF}}},
	{{{1166, -1502, -1704}, 0, {7484, 53}, {0x00, 0x7F, 0x00, 0xFF}}},
	{{{298, -1502, -1704}, 0, {2312, 53}, {0x00, 0x7F, 0x00, 0xFF}}},
	{{{-341, -1502, -1704}, 0, {-1493, 53}, {0x00, 0x7F, 0x00, 0xFF}}},
	{{{-711, -1502, -1538}, 0, {-3698, 1044}, {0x00, 0x7F, 0x00, 0xFF}}},
	{{{-1209, -1502, -1704}, 0, {-6668, 53}, {0x00, 0x7F, 0x00, 0xFF}}},
	{{{-1209, -1502, -484}, 0, {-6668, 7320}, {0x00, 0x7F, 0x00, 0xFF}}},
	{{{-711, -1502, -303}, 0, {-3698, 8398}, {0x00, 0x7F, 0x00, 0xFF}}},
	{{{-2972, -1502, -303}, 0, {-17167, 8398}, {0x00, 0x7F, 0x00, 0xFF}}},
	{{{-2972, -1502, -484}, 0, {-17167, 7320}, {0x00, 0x7F, 0x00, 0xFF}}},
};

Gfx prince_valley_dl_Cube_009_mesh_layer_1_tri_2[] = {
	gsSPVertex(prince_valley_dl_Cube_009_mesh_layer_1_vtx_2 + 0, 32, 0),
	gsSP2Triangles(0, 1, 2, 0, 3, 4, 5, 0),
	gsSP2Triangles(6, 7, 8, 0, 9, 10, 11, 0),
	gsSP2Triangles(12, 13, 14, 0, 12, 14, 15, 0),
	gsSP2Triangles(14, 16, 15, 0, 17, 18, 19, 0),
	gsSP2Triangles(17, 20, 18, 0, 21, 18, 20, 0),
	gsSP2Triangles(21, 22, 18, 0, 23, 24, 25, 0),
	gsSP2Triangles(24, 23, 26, 0, 23, 27, 26, 0),
	gsSP2Triangles(27, 28, 26, 0, 29, 24, 26, 0),
	gsSP2Triangles(30, 24, 29, 0, 31, 30, 29, 0),
	gsSPVertex(prince_valley_dl_Cube_009_mesh_layer_1_vtx_2 + 32, 24, 0),
	gsSP2Triangles(0, 1, 2, 0, 2, 3, 0, 0),
	gsSP2Triangles(2, 4, 3, 0, 5, 0, 3, 0),
	gsSP2Triangles(5, 3, 6, 0, 7, 8, 9, 0),
	gsSP2Triangles(7, 1, 8, 0, 10, 11, 12, 0),
	gsSP2Triangles(10, 13, 11, 0, 14, 13, 10, 0),
	gsSP2Triangles(14, 10, 15, 0, 16, 14, 15, 0),
	gsSP2Triangles(16, 0, 14, 0, 0, 16, 17, 0),
	gsSP2Triangles(0, 17, 1, 0, 18, 1, 17, 0),
	gsSP2Triangles(18, 17, 19, 0, 18, 19, 20, 0),
	gsSP2Triangles(18, 20, 21, 0, 20, 22, 21, 0),
	gsSP1Triangle(20, 23, 22, 0),
	gsSPEndDisplayList(),
};

Vtx prince_valley_dl_Cube_009_mesh_layer_1_vtx_3[24] = {
	{{{156, 3160, -1583}, 0, {6842, -6450}, {0x71, 0x3A, 0x00, 0xFF}}},
	{{{848, 1825, -484}, 0, {5269, -4536}, {0x71, 0x3A, 0x00, 0xFF}}},
	{{{848, 1825, -1583}, 0, {6842, -4536}, {0x71, 0x3A, 0x00, 0xFF}}},
	{{{156, 3160, -420}, 0, {5177, -6450}, {0x71, 0x3A, 0x00, 0xFF}}},
	{{{848, 1825, -356}, 0, {5086, -4536}, {0x71, 0x3A, 0x00, 0xFF}}},
	{{{156, 3160, 3724}, 0, {-755, -6450}, {0x71, 0x3A, 0x00, 0xFF}}},
	{{{848, 1825, 3724}, 0, {-755, -4536}, {0x71, 0x3A, 0x00, 0xFF}}},
	{{{848, 1825, 3724}, 0, {-755, -4536}, {0x1D, 0x7C, 0x00, 0xFF}}},
	{{{1138, 1747, -356}, 0, {5086, -4154}, {0x1F, 0x7B, 0x00, 0xFF}}},
	{{{848, 1825, -356}, 0, {5086, -4536}, {0x21, 0x7B, 0x00, 0xFF}}},
	{{{2877, 1347, 3724}, 0, {-755, -1883}, {0x1D, 0x7C, 0x00, 0xFF}}},
	{{{2877, 1347, -356}, 0, {5086, -1883}, {0x1D, 0x7C, 0x00, 0xFF}}},
	{{{-2920, 1347, 3724}, 0, {6842, 2913}, {0xE3, 0x7C, 0x00, 0xFF}}},
	{{{-1181, 1746, -356}, 0, {1002, 642}, {0xE1, 0x7B, 0x00, 0xFF}}},
	{{{-2920, 1347, -356}, 0, {1002, 2913}, {0xE4, 0x7C, 0x00, 0xFF}}},
	{{{-891, 1825, 3724}, 0, {6842, 260}, {0xE3, 0x7C, 0x00, 0xFF}}},
	{{{-891, 1825, -356}, 0, {1001, 260}, {0xDE, 0x7A, 0x00, 0xFF}}},
	{{{-891, 1825, -484}, 0, {818, 260}, {0x8F, 0x3A, 0x00, 0xFF}}},
	{{{-199, 3160, -1583}, 0, {-755, -1654}, {0x8F, 0x3A, 0x00, 0xFF}}},
	{{{-891, 1825, -1583}, 0, {-755, 260}, {0x8F, 0x3A, 0x00, 0xFF}}},
	{{{-199, 3160, -420}, 0, {910, -1654}, {0x8F, 0x3A, 0x00, 0xFF}}},
	{{{-891, 1825, -356}, 0, {1001, 260}, {0x8F, 0x3A, 0x00, 0xFF}}},
	{{{-199, 3160, 3724}, 0, {6842, -1654}, {0x8F, 0x3A, 0x00, 0xFF}}},
	{{{-891, 1825, 3724}, 0, {6842, 260}, {0x8F, 0x3A, 0x00, 0xFF}}},
};

Gfx prince_valley_dl_Cube_009_mesh_layer_1_tri_3[] = {
	gsSPVertex(prince_valley_dl_Cube_009_mesh_layer_1_vtx_3 + 0, 24, 0),
	gsSP2Triangles(0, 1, 2, 0, 0, 3, 1, 0),
	gsSP2Triangles(1, 3, 4, 0, 4, 3, 5, 0),
	gsSP2Triangles(4, 5, 6, 0, 7, 8, 9, 0),
	gsSP2Triangles(7, 10, 8, 0, 10, 11, 8, 0),
	gsSP2Triangles(12, 13, 14, 0, 15, 13, 12, 0),
	gsSP2Triangles(15, 16, 13, 0, 17, 18, 19, 0),
	gsSP2Triangles(17, 20, 18, 0, 20, 17, 21, 0),
	gsSP2Triangles(20, 21, 22, 0, 21, 23, 22, 0),
	gsSPEndDisplayList(),
};

Vtx prince_valley_dl_Cube_009_mesh_layer_1_vtx_4[137] = {
	{{{-377, -1502, -2810}, 0, {-6261, -11324}, {0x7F, 0x00, 0x00, 0xFF}}},
	{{{-377, -1502, -2298}, 0, {-5737, -10027}, {0x7F, 0x00, 0x00, 0xFF}}},
	{{{-377, -1770, -2958}, 0, {-5737, -11971}, {0x7F, 0x00, 0x00, 0xFF}}},
	{{{-377, -1399, -2958}, 0, {-7453, -11279}, {0x7F, 0x00, 0x00, 0xFF}}},
	{{{-377, -1399, -2810}, 0, {-7302, -10904}, {0x7F, 0x00, 0x00, 0xFF}}},
	{{{-711, -1502, -2810}, 0, {3474, -3236}, {0x2D, 0x00, 0x77, 0xFF}}},
	{{{-1594, -1399, -2029}, 0, {2345, -792}, {0x54, 0x00, 0x5F, 0xFF}}},
	{{{-1594, -1502, -2029}, 0, {3474, -792}, {0x54, 0x00, 0x5F, 0xFF}}},
	{{{-711, -1399, -2810}, 0, {2345, -3236}, {0x2D, 0x00, 0x77, 0xFF}}},
	{{{-377, -1502, -2810}, 0, {3474, -4149}, {0x00, 0x00, 0x7F, 0xFF}}},
	{{{-377, -1399, -2810}, 0, {2345, -4149}, {0x00, 0x00, 0x7F, 0xFF}}},
	{{{-774, -1580, -2958}, 0, {-3384, 1313}, {0xD8, 0x00, 0x87, 0xFF}}},
	{{{-377, -1399, -2958}, 0, {-5221, 2436}, {0x00, 0x00, 0x81, 0xFF}}},
	{{{-377, -1770, -2958}, 0, {-3361, 2399}, {0x00, 0x00, 0x81, 0xFF}}},
	{{{-774, -1399, -2958}, 0, {-5243, 1350}, {0xD3, 0x00, 0x89, 0xFF}}},
	{{{-1658, -1399, -2177}, 0, {-5207, -1101}, {0xC3, 0x00, 0x91, 0xFF}}},
	{{{-1658, -1618, -2177}, 0, {-3348, -1138}, {0xC2, 0x00, 0x91, 0xFF}}},
	{{{-3120, -1528, -1748}, 0, {-3384, -5153}, {0xDC, 0x00, 0x86, 0xFF}}},
	{{{-3120, -1399, -1748}, 0, {-5243, -5116}, {0xDC, 0x00, 0x86, 0xFF}}},
	{{{-2972, -1399, -1633}, 0, {-7855, -379}, {0x00, 0x7F, 0x00, 0xFF}}},
	{{{-3120, -1399, -303}, 0, {-5524, 2436}, {0x00, 0x7F, 0x00, 0xFF}}},
	{{{-2972, -1399, -303}, 0, {-5243, 2145}, {0x00, 0x7F, 0x00, 0xFF}}},
	{{{-3120, -1399, -1748}, 0, {-8363, -306}, {0x00, 0x7F, 0x00, 0xFF}}},
	{{{-1658, -1399, -2177}, 0, {-6429, -3994}, {0x00, 0x7F, 0x00, 0xFF}}},
	{{{-1594, -1399, -2029}, 0, {-6018, -3838}, {0x00, 0x7F, 0x00, 0xFF}}},
	{{{-711, -1399, -2810}, 0, {-5878, -7057}, {0x00, 0x7F, 0x00, 0xFF}}},
	{{{-774, -1399, -2958}, 0, {-6289, -7213}, {0x00, 0x7F, 0x00, 0xFF}}},
	{{{-377, -1399, -2958}, 0, {-5534, -7995}, {0x00, 0x7F, 0x00, 0xFF}}},
	{{{-377, -1399, -2810}, 0, {-5243, -7714}, {0x00, 0x7F, 0x00, 0xFF}}},
	{{{-1594, -1502, -2029}, 0, {3474, -792}, {0x23, 0x00, 0x7A, 0xFF}}},
	{{{-2972, -1399, -1633}, 0, {2345, 2988}, {0x23, 0x00, 0x7A, 0xFF}}},
	{{{-2972, -1502, -1633}, 0, {3474, 2988}, {0x23, 0x00, 0x7A, 0xFF}}},
	{{{-1594, -1502, -2029}, 0, {3474, -792}, {0x23, 0x00, 0x7A, 0xFF}}},
	{{{-1594, -1399, -2029}, 0, {2345, -792}, {0x23, 0x00, 0x7A, 0xFF}}},
	{{{-2972, -1399, -1633}, 0, {2345, 2988}, {0x23, 0x00, 0x7A, 0xFF}}},
	{{{-3120, -1528, -1748}, 0, {-8601, -6166}, {0x81, 0x00, 0x00, 0xFF}}},
	{{{-3120, -1399, -303}, 0, {-10462, -10113}, {0x81, 0x00, 0x00, 0xFF}}},
	{{{-3120, -1399, -1748}, 0, {-10462, -6166}, {0x81, 0x00, 0x00, 0xFF}}},
	{{{-3120, -1575, -303}, 0, {-8601, -10113}, {0x81, 0x00, 0x00, 0xFF}}},
	{{{-2972, -1502, -303}, 0, {7263, -11050}, {0x7F, 0x00, 0x00, 0xFF}}},
	{{{-2972, -1502, -484}, 0, {7264, -10292}, {0x7F, 0x00, 0x00, 0xFF}}},
	{{{-2972, -1399, -303}, 0, {8386, -11050}, {0x7F, 0x00, 0x00, 0xFF}}},
	{{{-2972, -1399, -1633}, 0, {8388, -7417}, {0x7F, 0x00, 0x00, 0xFF}}},
	{{{-2972, -1502, -1633}, 0, {7265, -7417}, {0x7F, 0x00, 0x00, 0xFF}}},
	{{{-2972, -1502, -303}, 0, {-5954, -9124}, {0x00, 0x00, 0x7F, 0xFF}}},
	{{{-3120, -1575, -303}, 0, {-5549, -9856}, {0xDE, 0x6E, 0x37, 0xFF}}},
	{{{-2972, -1575, -303}, 0, {-5954, -9856}, {0x00, 0x51, 0x61, 0xFF}}},
	{{{-3120, -1399, -303}, 0, {-5549, -7995}, {0x00, 0x00, 0x7F, 0xFF}}},
	{{{-2972, -1399, -303}, 0, {-5954, -7995}, {0x00, 0x00, 0x7F, 0xFF}}},
	{{{333, -1502, -2810}, 0, {-6261, -11324}, {0x81, 0x00, 0x00, 0xFF}}},
	{{{333, -1770, -2958}, 0, {-5737, -11971}, {0x81, 0x00, 0x00, 0xFF}}},
	{{{333, -1502, -2298}, 0, {-5737, -10027}, {0x81, 0x00, 0x00, 0xFF}}},
	{{{333, -1399, -2958}, 0, {-7453, -11279}, {0x81, 0x00, 0x00, 0xFF}}},
	{{{333, -1399, -2810}, 0, {-7302, -10904}, {0x81, 0x00, 0x00, 0xFF}}},
	{{{333, -1399, -2958}, 0, {-5221, 2436}, {0x00, 0x00, 0x81, 0xFF}}},
	{{{731, -1533, -2958}, 0, {-3384, 1313}, {0x26, 0x00, 0x87, 0xFF}}},
	{{{333, -1770, -2958}, 0, {-3361, 2399}, {0x00, 0x00, 0x81, 0xFF}}},
	{{{731, -1399, -2958}, 0, {-5243, 1350}, {0x2D, 0x00, 0x89, 0xFF}}},
	{{{1614, -1399, -2177}, 0, {-5207, -1101}, {0x3D, 0x00, 0x91, 0xFF}}},
	{{{1614, -1541, -2177}, 0, {-3348, -1138}, {0x3E, 0x00, 0x91, 0xFF}}},
	{{{3076, -1515, -1748}, 0, {-3384, -5153}, {0x24, 0x00, 0x86, 0xFF}}},
	{{{3076, -1399, -1748}, 0, {-5243, -5116}, {0x24, 0x00, 0x86, 0xFF}}},
	{{{667, -1399, -2810}, 0, {-5878, -7057}, {0x00, 0x7F, 0x00, 0xFF}}},
	{{{333, -1399, -2958}, 0, {-5534, -7995}, {0x00, 0x7F, 0x00, 0xFF}}},
	{{{333, -1399, -2810}, 0, {-5243, -7714}, {0x00, 0x7F, 0x00, 0xFF}}},
	{{{731, -1399, -2958}, 0, {-6289, -7213}, {0x00, 0x7F, 0x00, 0xFF}}},
	{{{1614, -1399, -2177}, 0, {-6429, -3994}, {0x00, 0x7F, 0x00, 0xFF}}},
	{{{1550, -1399, -2029}, 0, {-6018, -3838}, {0x00, 0x7F, 0x00, 0xFF}}},
	{{{2928, -1399, -1633}, 0, {-7855, -379}, {0x00, 0x7F, 0x00, 0xFF}}},
	{{{3076, -1399, -1748}, 0, {-8363, -306}, {0x00, 0x7F, 0x00, 0xFF}}},
	{{{3076, -1399, -303}, 0, {-5524, 2436}, {0x00, 0x7F, 0x00, 0xFF}}},
	{{{2928, -1399, -303}, 0, {-5243, 2145}, {0x00, 0x7F, 0x00, 0xFF}}},
	{{{2928, -1399, -1633}, 0, {2345, 2988}, {0xDD, 0x00, 0x7A, 0xFF}}},
	{{{1550, -1502, -2029}, 0, {3474, -792}, {0xC3, 0x00, 0x6F, 0xFF}}},
	{{{2928, -1502, -1633}, 0, {3474, 2988}, {0xDD, 0x00, 0x7A, 0xFF}}},
	{{{1550, -1399, -2029}, 0, {2345, -792}, {0xC3, 0x00, 0x6F, 0xFF}}},
	{{{667, -1502, -2810}, 0, {3474, -3236}, {0xD3, 0x00, 0x77, 0xFF}}},
	{{{667, -1399, -2810}, 0, {2345, -3236}, {0xD3, 0x00, 0x77, 0xFF}}},
	{{{333, -1502, -2810}, 0, {3474, -4149}, {0x00, 0x00, 0x7F, 0xFF}}},
	{{{333, -1399, -2810}, 0, {2345, -4149}, {0x00, 0x00, 0x7F, 0xFF}}},
	{{{3076, -1515, -1748}, 0, {-8601, -6166}, {0x7F, 0x00, 0x00, 0xFF}}},
	{{{3076, -1399, -303}, 0, {-10462, -10113}, {0x7F, 0x00, 0x00, 0xFF}}},
	{{{3076, -1566, -303}, 0, {-8601, -10113}, {0x7F, 0x00, 0x00, 0xFF}}},
	{{{3076, -1399, -1748}, 0, {-10462, -6166}, {0x7F, 0x00, 0x00, 0xFF}}},
	{{{2928, -1502, -303}, 0, {7263, -11050}, {0x81, 0x00, 0x00, 0xFF}}},
	{{{2928, -1399, -303}, 0, {8386, -11050}, {0x81, 0x00, 0x00, 0xFF}}},
	{{{2928, -1502, -484}, 0, {7264, -10289}, {0x81, 0x00, 0x00, 0xFF}}},
	{{{2928, -1399, -1633}, 0, {8388, -7417}, {0x81, 0x00, 0x00, 0xFF}}},
	{{{2928, -1502, -1633}, 0, {7265, -7417}, {0x81, 0x00, 0x00, 0xFF}}},
	{{{2928, -1502, -303}, 0, {-5954, -9124}, {0x00, 0x00, 0x7F, 0xFF}}},
	{{{2928, -1644, -303}, 0, {-5954, -9856}, {0x00, 0x00, 0x7F, 0xFF}}},
	{{{3076, -1566, -303}, 0, {-5549, -9856}, {0x00, 0x00, 0x7F, 0xFF}}},
	{{{3076, -1399, -303}, 0, {-5549, -7995}, {0x00, 0x00, 0x7F, 0xFF}}},
	{{{2928, -1399, -303}, 0, {-5954, -7995}, {0x00, 0x00, 0x7F, 0xFF}}},
	{{{-169, 1920, 2987}, 0, {8335, -7415}, {0x7F, 0x00, 0x00, 0xFF}}},
	{{{-169, 1664, 3039}, 0, {7364, -7412}, {0x7F, 0x00, 0x00, 0xFF}}},
	{{{-169, 1664, 2987}, 0, {7364, -7412}, {0x7F, 0x00, 0x00, 0xFF}}},
	{{{-169, 1920, 3039}, 0, {8335, -7415}, {0x7F, 0x00, 0x00, 0xFF}}},
	{{{125, 1664, -1451}, 0, {-1711, -9137}, {0x00, 0x7F, 0x00, 0xFF}}},
	{{{568, 1664, 2987}, 0, {-1248, 2988}, {0x00, 0x7F, 0x00, 0xFF}}},
	{{{656, 1664, -1451}, 0, {-1248, -9138}, {0x00, 0x7F, 0x00, 0xFF}}},
	{{{125, 1664, 2987}, 0, {-2174, 2988}, {0x00, 0x7F, 0x00, 0xFF}}},
	{{{-169, 1664, -1451}, 0, {-2174, -9137}, {0x00, 0x7F, 0x00, 0xFF}}},
	{{{-169, 1664, 2987}, 0, {-2637, 2988}, {0x00, 0x7F, 0x00, 0xFF}}},
	{{{-612, 1664, 2987}, 0, {-3100, 2988}, {0x00, 0x7F, 0x00, 0xFF}}},
	{{{-700, 1664, -1451}, 0, {-3100, -9137}, {0x00, 0x7F, 0x00, 0xFF}}},
	{{{-22, 1664, 3013}, 0, {-2405, 2988}, {0x00, 0x7F, 0x00, 0xFF}}},
	{{{-169, 1664, 3039}, 0, {-2637, 2988}, {0x00, 0x7F, 0x00, 0xFF}}},
	{{{125, 1664, 3039}, 0, {-2174, 2988}, {0x00, 0x7F, 0x00, 0xFF}}},
	{{{125, 1664, 3552}, 0, {-2174, 2988}, {0x00, 0x7F, 0x00, 0xFF}}},
	{{{-169, 1664, 3552}, 0, {-2637, 2988}, {0x00, 0x7F, 0x00, 0xFF}}},
	{{{125, 1920, 2987}, 0, {9306, -7417}, {0x00, 0x81, 0x00, 0xFF}}},
	{{{-169, 1920, 3039}, 0, {8335, -7415}, {0x00, 0x81, 0x00, 0xFF}}},
	{{{-169, 1920, 2987}, 0, {8335, -7415}, {0x00, 0x81, 0x00, 0xFF}}},
	{{{125, 1920, 3039}, 0, {9306, -7417}, {0x00, 0x81, 0x00, 0xFF}}},
	{{{125, 1664, 2987}, 0, {7364, -7412}, {0x81, 0x00, 0x00, 0xFF}}},
	{{{125, 1920, 3039}, 0, {9306, -7417}, {0x81, 0x00, 0x00, 0xFF}}},
	{{{125, 1920, 2987}, 0, {9306, -7417}, {0x81, 0x00, 0x00, 0xFF}}},
	{{{125, 1664, 3039}, 0, {7364, -7412}, {0x81, 0x00, 0x00, 0xFF}}},
	{{{-169, 1664, 3039}, 0, {-2637, 2988}, {0x01, 0x7F, 0x00, 0xFF}}},
	{{{-285, 1665, 3552}, 0, {-2637, 2988}, {0x01, 0x7F, 0x00, 0xFF}}},
	{{{-169, 1664, 3552}, 0, {-2637, 2988}, {0x01, 0x7F, 0x00, 0xFF}}},
	{{{-285, 1665, 3039}, 0, {-2637, 2988}, {0x01, 0x7F, 0x00, 0xFF}}},
	{{{125, 1664, 3552}, 0, {-2174, 2988}, {0xFF, 0x7F, 0x00, 0xFF}}},
	{{{241, 1665, 3039}, 0, {-2174, 2988}, {0xFF, 0x7F, 0x00, 0xFF}}},
	{{{125, 1664, 3039}, 0, {-2174, 2988}, {0xFF, 0x7F, 0x00, 0xFF}}},
	{{{125, 1664, 3552}, 0, {-2174, 2988}, {0xFF, 0x7F, 0x00, 0xFF}}},
	{{{241, 1665, 3552}, 0, {-2174, 2988}, {0xFF, 0x7F, 0x00, 0xFF}}},
	{{{241, 1665, 3039}, 0, {-2174, 2988}, {0xFF, 0x7F, 0x00, 0xFF}}},
	{{{-169, 1920, 3039}, 0, {8335, -7415}, {0x00, 0x00, 0x7F, 0xFF}}},
	{{{-285, 1665, 3039}, 0, {7364, -7412}, {0x00, 0x00, 0x7F, 0xFF}}},
	{{{-169, 1664, 3039}, 0, {7364, -7412}, {0x00, 0x00, 0x7F, 0xFF}}},
	{{{-285, 2150, 3039}, 0, {8335, -7415}, {0x00, 0x00, 0x7F, 0xFF}}},
	{{{125, 1920, 3039}, 0, {9306, -7417}, {0x00, 0x00, 0x7F, 0xFF}}},
	{{{241, 2150, 3039}, 0, {9306, -7417}, {0x00, 0x00, 0x7F, 0xFF}}},
	{{{241, 1665, 3039}, 0, {7364, -7412}, {0x00, 0x00, 0x7F, 0xFF}}},
	{{{125, 1664, 3039}, 0, {7364, -7412}, {0x00, 0x00, 0x7F, 0xFF}}},
};

Gfx prince_valley_dl_Cube_009_mesh_layer_1_tri_4[] = {
	gsSPVertex(prince_valley_dl_Cube_009_mesh_layer_1_vtx_4 + 0, 32, 0),
	gsSP2Triangles(0, 1, 2, 0, 0, 2, 3, 0),
	gsSP2Triangles(0, 3, 4, 0, 5, 6, 7, 0),
	gsSP2Triangles(5, 8, 6, 0, 9, 8, 5, 0),
	gsSP2Triangles(9, 10, 8, 0, 11, 12, 13, 0),
	gsSP2Triangles(11, 14, 12, 0, 11, 15, 14, 0),
	gsSP2Triangles(11, 16, 15, 0, 17, 15, 16, 0),
	gsSP2Triangles(17, 18, 15, 0, 19, 20, 21, 0),
	gsSP2Triangles(19, 22, 20, 0, 19, 23, 22, 0),
	gsSP2Triangles(19, 24, 23, 0, 25, 23, 24, 0),
	gsSP2Triangles(25, 26, 23, 0, 25, 27, 26, 0),
	gsSP2Triangles(25, 28, 27, 0, 29, 30, 31, 0),
	gsSPVertex(prince_valley_dl_Cube_009_mesh_layer_1_vtx_4 + 32, 30, 0),
	gsSP2Triangles(0, 1, 2, 0, 3, 4, 5, 0),
	gsSP2Triangles(3, 6, 4, 0, 7, 8, 9, 0),
	gsSP2Triangles(8, 10, 9, 0, 8, 11, 10, 0),
	gsSP2Triangles(12, 13, 14, 0, 12, 15, 13, 0),
	gsSP2Triangles(12, 16, 15, 0, 17, 18, 19, 0),
	gsSP2Triangles(17, 20, 18, 0, 17, 21, 20, 0),
	gsSP2Triangles(22, 23, 24, 0, 22, 25, 23, 0),
	gsSP2Triangles(23, 25, 26, 0, 23, 26, 27, 0),
	gsSP2Triangles(26, 28, 27, 0, 26, 29, 28, 0),
	gsSPVertex(prince_valley_dl_Cube_009_mesh_layer_1_vtx_4 + 62, 32, 0),
	gsSP2Triangles(0, 1, 2, 0, 0, 3, 1, 0),
	gsSP2Triangles(4, 3, 0, 0, 4, 0, 5, 0),
	gsSP2Triangles(6, 4, 5, 0, 6, 7, 4, 0),
	gsSP2Triangles(6, 8, 7, 0, 6, 9, 8, 0),
	gsSP2Triangles(10, 11, 12, 0, 10, 13, 11, 0),
	gsSP2Triangles(13, 14, 11, 0, 13, 15, 14, 0),
	gsSP2Triangles(15, 16, 14, 0, 15, 17, 16, 0),
	gsSP2Triangles(18, 19, 20, 0, 18, 21, 19, 0),
	gsSP2Triangles(22, 23, 24, 0, 24, 23, 25, 0),
	gsSP2Triangles(24, 25, 26, 0, 27, 28, 29, 0),
	gsSP2Triangles(30, 27, 29, 0, 30, 31, 27, 0),
	gsSPVertex(prince_valley_dl_Cube_009_mesh_layer_1_vtx_4 + 94, 32, 0),
	gsSP2Triangles(0, 1, 2, 0, 0, 3, 1, 0),
	gsSP2Triangles(4, 5, 6, 0, 4, 7, 5, 0),
	gsSP2Triangles(8, 7, 4, 0, 8, 9, 7, 0),
	gsSP2Triangles(8, 10, 9, 0, 8, 11, 10, 0),
	gsSP2Triangles(7, 9, 12, 0, 9, 13, 12, 0),
	gsSP2Triangles(13, 14, 12, 0, 13, 15, 14, 0),
	gsSP2Triangles(13, 16, 15, 0, 14, 7, 12, 0),
	gsSP2Triangles(17, 18, 19, 0, 17, 20, 18, 0),
	gsSP2Triangles(21, 22, 23, 0, 21, 24, 22, 0),
	gsSP2Triangles(25, 26, 27, 0, 25, 28, 26, 0),
	gsSP1Triangle(29, 30, 31, 0),
	gsSPVertex(prince_valley_dl_Cube_009_mesh_layer_1_vtx_4 + 126, 11, 0),
	gsSP2Triangles(0, 1, 2, 0, 3, 4, 5, 0),
	gsSP2Triangles(3, 6, 4, 0, 7, 6, 3, 0),
	gsSP2Triangles(7, 8, 6, 0, 7, 9, 8, 0),
	gsSP1Triangle(7, 10, 9, 0),
	gsSPEndDisplayList(),
};

Vtx prince_valley_dl_Cube_009_mesh_layer_1_vtx_5[94] = {
	{{{-2972, 1079, -484}, 0, {-2269, 2072}, {0x00, 0x00, 0x81, 0xFF}}},
	{{{-3204, 1015, -484}, 0, {-2066, 2122}, {0x00, 0x00, 0x81, 0xFF}}},
	{{{-2920, 1347, -484}, 0, {-2216, 2003}, {0x00, 0x36, 0x8D, 0xFF}}},
	{{{3161, 1015, -484}, 0, {-1648, 362}, {0x00, 0x00, 0x81, 0xFF}}},
	{{{2928, 1079, -484}, 0, {-1447, 305}, {0x00, 0x00, 0x81, 0xFF}}},
	{{{2877, 1347, -484}, 0, {-1502, 238}, {0x00, 0x36, 0x8D, 0xFF}}},
	{{{-355, 2347, -1538}, 0, {-3295, 2439}, {0x91, 0x3F, 0x00, 0xFF}}},
	{{{-355, 1947, -1609}, 0, {-3100, 1345}, {0x91, 0xC1, 0x00, 0xFF}}},
	{{{-355, 1947, -1538}, 0, {-3295, 1345}, {0x91, 0xC1, 0x00, 0xFF}}},
	{{{-355, 2347, -1609}, 0, {-3100, 2439}, {0x91, 0x3F, 0x00, 0xFF}}},
	{{{-22, 2547, -1538}, 0, {-3295, 1345}, {0x00, 0x7F, 0x00, 0xFF}}},
	{{{-355, 2347, -1609}, 0, {-3100, 427}, {0x91, 0x3F, 0x00, 0xFF}}},
	{{{-355, 2347, -1538}, 0, {-3295, 429}, {0x91, 0x3F, 0x00, 0xFF}}},
	{{{-22, 2547, -1609}, 0, {-3100, 1343}, {0x00, 0x7F, 0x00, 0xFF}}},
	{{{311, 2347, -1609}, 0, {-3100, 427}, {0x6F, 0x3F, 0x00, 0xFF}}},
	{{{311, 2347, -1538}, 0, {-3295, 429}, {0x6F, 0x3F, 0x00, 0xFF}}},
	{{{-306, 2317, -1609}, 0, {1666, -7818}, {0x6E, 0xC1, 0x00, 0xFF}}},
	{{{-306, 1978, -1451}, 0, {2098, -8739}, {0x6E, 0x3F, 0x00, 0xFF}}},
	{{{-306, 1978, -1609}, 0, {1666, -8739}, {0x6E, 0x3F, 0x00, 0xFF}}},
	{{{-306, 2317, -1451}, 0, {2098, -7819}, {0x6E, 0xC1, 0x00, 0xFF}}},
	{{{-22, 2486, -1609}, 0, {4248, -8011}, {0x00, 0x81, 0x00, 0xFF}}},
	{{{-306, 2317, -1451}, 0, {4680, -8813}, {0x6E, 0xC1, 0x00, 0xFF}}},
	{{{-306, 2317, -1609}, 0, {4248, -8816}, {0x6E, 0xC1, 0x00, 0xFF}}},
	{{{-22, 2486, -1451}, 0, {4680, -8008}, {0x00, 0x81, 0x00, 0xFF}}},
	{{{263, 2317, -1451}, 0, {4680, -8813}, {0x92, 0xC1, 0x00, 0xFF}}},
	{{{263, 2317, -1609}, 0, {4248, -8816}, {0x92, 0xC1, 0x00, 0xFF}}},
	{{{-22, 1255, -1416}, 0, {12398, 9577}, {0x00, 0xF6, 0x81, 0xFF}}},
	{{{-22, -559, -1274}, 0, {11588, 4803}, {0x00, 0xF6, 0x81, 0xFF}}},
	{{{-328, 1255, -1321}, 0, {11588, 9833}, {0xDA, 0xF7, 0x87, 0xFF}}},
	{{{284, 1255, -1321}, 0, {11588, 9833}, {0x26, 0xF7, 0x87, 0xFF}}},
	{{{-3204, 1015, 3852}, 0, {-2620, 1110}, {0x00, 0x00, 0x7F, 0xFF}}},
	{{{-2972, 1079, 3852}, 0, {-2468, 1069}, {0x00, 0x00, 0x7F, 0xFF}}},
	{{{-2920, 1347, 3852}, 0, {-2434, 894}, {0x00, 0x00, 0x7F, 0xFF}}},
	{{{-3502, 1347, 3852}, 0, {-2813, 892}, {0x00, 0x00, 0x7F, 0xFF}}},
	{{{-3404, 1097, 3852}, 0, {-2751, 1055}, {0x00, 0x00, 0x7F, 0xFF}}},
	{{{311, 1947, -1609}, 0, {-3100, 1345}, {0x6F, 0xC1, 0x00, 0xFF}}},
	{{{311, 2347, -1538}, 0, {-3295, 2439}, {0x6F, 0x3F, 0x00, 0xFF}}},
	{{{311, 1947, -1538}, 0, {-3295, 1345}, {0x6F, 0xC1, 0x00, 0xFF}}},
	{{{311, 2347, -1609}, 0, {-3100, 2439}, {0x6F, 0x3F, 0x00, 0xFF}}},
	{{{263, 1978, -1451}, 0, {2098, -8739}, {0x92, 0x3F, 0x00, 0xFF}}},
	{{{263, 2317, -1609}, 0, {1666, -7818}, {0x92, 0xC1, 0x00, 0xFF}}},
	{{{263, 1978, -1609}, 0, {1666, -8739}, {0x92, 0x3F, 0x00, 0xFF}}},
	{{{263, 2317, -1451}, 0, {2098, -7819}, {0x92, 0xC1, 0x00, 0xFF}}},
	{{{1069, 1557, -1711}, 0, {-2508, -1813}, {0x00, 0x00, 0x81, 0xFF}}},
	{{{848, 1825, -1711}, 0, {-2316, -2046}, {0x00, 0x00, 0x81, 0xFF}}},
	{{{1166, 1825, -1711}, 0, {-2593, -2046}, {0x00, 0x00, 0x81, 0xFF}}},
	{{{868, 1483, -1711}, 0, {-2334, -1748}, {0x00, 0x00, 0x81, 0xFF}}},
	{{{667, 1557, -1711}, 0, {-2159, -1813}, {0x00, 0x00, 0x81, 0xFF}}},
	{{{667, 1825, -1711}, 0, {-2159, -2046}, {0x00, 0x00, 0x81, 0xFF}}},
	{{{3458, 1347, 3852}, 0, {-2312, 379}, {0x00, 0x00, 0x7F, 0xFF}}},
	{{{3161, 1015, 3852}, 0, {-2464, 628}, {0x00, 0x00, 0x7F, 0xFF}}},
	{{{3361, 1097, 3852}, 0, {-2345, 551}, {0x00, 0x00, 0x7F, 0xFF}}},
	{{{2877, 1347, 3852}, 0, {-2685, 448}, {0x00, 0x00, 0x7F, 0xFF}}},
	{{{2928, 1079, 3852}, 0, {-2621, 614}, {0x00, 0x00, 0x7F, 0xFF}}},
	{{{3458, 1347, -484}, 0, {-1908, 75}, {0x00, 0x65, 0xB3, 0xFF}}},
	{{{3161, 1015, -484}, 0, {-1648, 362}, {0x00, 0x00, 0x81, 0xFF}}},
	{{{2877, 1347, -484}, 0, {-1667, 171}, {0x00, 0x36, 0x8D, 0xFF}}},
	{{{3361, 1097, -484}, 0, {-1822, 291}, {0x00, 0x00, 0x81, 0xFF}}},
	{{{-3204, 1015, -484}, 0, {-2066, 2122}, {0x00, 0x00, 0x81, 0xFF}}},
	{{{-3502, 1347, -484}, 0, {-1815, 1827}, {0x00, 0x65, 0xB3, 0xFF}}},
	{{{-2920, 1347, -484}, 0, {-2054, 1931}, {0x00, 0x36, 0x8D, 0xFF}}},
	{{{-3404, 1097, -484}, 0, {-1894, 2046}, {0x00, 0x00, 0x81, 0xFF}}},
	{{{-1149, 1825, -1711}, 0, {-1691, -2046}, {0x00, 0x00, 0x81, 0xFF}}},
	{{{-1140, 1633, -1711}, 0, {-1698, -1879}, {0x00, 0x00, 0x81, 0xFF}}},
	{{{-1209, 1825, -1711}, 0, {-1638, -2046}, {0x00, 0x00, 0x81, 0xFF}}},
	{{{-891, 1825, -1711}, 0, {-1914, -2046}, {0x00, 0x00, 0x81, 0xFF}}},
	{{{-911, 1483, -1711}, 0, {-1896, -1748}, {0x00, 0x00, 0x81, 0xFF}}},
	{{{-711, 1557, -1711}, 0, {-2071, -1813}, {0x00, 0x00, 0x81, 0xFF}}},
	{{{-711, 1825, -1711}, 0, {-2071, -2046}, {0x00, 0x00, 0x81, 0xFF}}},
	{{{-1112, 1557, -1711}, 0, {-1722, -1813}, {0x00, 0x00, 0x81, 0xFF}}},
	{{{-355, 1947, -1538}, 0, {-3100, -448}, {0x91, 0xC1, 0x00, 0xFF}}},
	{{{-355, 1947, -1609}, 0, {-3295, -447}, {0x91, 0xC1, 0x00, 0xFF}}},
	{{{-22, 1747, -1609}, 0, {-3295, 427}, {0x00, 0x81, 0x00, 0xFF}}},
	{{{-22, 1747, -1538}, 0, {-3100, 426}, {0x00, 0x81, 0x00, 0xFF}}},
	{{{311, 1947, -1538}, 0, {-3100, -448}, {0x6F, 0xC1, 0x00, 0xFF}}},
	{{{311, 1947, -1609}, 0, {-3295, -447}, {0x6F, 0xC1, 0x00, 0xFF}}},
	{{{-306, 1978, -1609}, 0, {5112, -8780}, {0x6E, 0x3F, 0x00, 0xFF}}},
	{{{-306, 1978, -1451}, 0, {4680, -8784}, {0x6E, 0x3F, 0x00, 0xFF}}},
	{{{-22, 1809, -1451}, 0, {4680, -8013}, {0x00, 0x7F, 0x00, 0xFF}}},
	{{{-22, 1809, -1609}, 0, {5112, -8008}, {0x00, 0x7F, 0x00, 0xFF}}},
	{{{263, 1978, -1609}, 0, {5112, -8780}, {0x92, 0x3F, 0x00, 0xFF}}},
	{{{263, 1978, -1451}, 0, {4680, -8784}, {0x92, 0x3F, 0x00, 0xFF}}},
	{{{-355, 2347, -1609}, 0, {-8363, -8540}, {0x00, 0x00, 0x81, 0xFF}}},
	{{{-306, 1978, -1609}, 0, {-8230, -9549}, {0x00, 0x00, 0x81, 0xFF}}},
	{{{-355, 1947, -1609}, 0, {-8363, -9633}, {0x00, 0x00, 0x81, 0xFF}}},
	{{{-306, 2317, -1609}, 0, {-8230, -8624}, {0x00, 0x00, 0x81, 0xFF}}},
	{{{-22, 2486, -1609}, 0, {-7453, -8162}, {0x00, 0x00, 0x81, 0xFF}}},
	{{{-22, 2547, -1609}, 0, {-7453, -7995}, {0x00, 0x00, 0x81, 0xFF}}},
	{{{311, 2347, -1609}, 0, {-8363, -8540}, {0x00, 0x00, 0x81, 0xFF}}},
	{{{263, 2317, -1609}, 0, {-8230, -8624}, {0x00, 0x00, 0x81, 0xFF}}},
	{{{263, 1978, -1609}, 0, {-8230, -9549}, {0x00, 0x00, 0x81, 0xFF}}},
	{{{311, 1947, -1609}, 0, {-8363, -9633}, {0x00, 0x00, 0x81, 0xFF}}},
	{{{-22, 1809, -1609}, 0, {-7453, -10012}, {0x00, 0x00, 0x81, 0xFF}}},
	{{{-22, 1747, -1609}, 0, {-7453, -10179}, {0x00, 0x00, 0x81, 0xFF}}},
};

Gfx prince_valley_dl_Cube_009_mesh_layer_1_tri_5[] = {
	gsSPVertex(prince_valley_dl_Cube_009_mesh_layer_1_vtx_5 + 0, 30, 0),
	gsSP2Triangles(0, 1, 2, 0, 3, 4, 5, 0),
	gsSP2Triangles(6, 7, 8, 0, 6, 9, 7, 0),
	gsSP2Triangles(10, 11, 12, 0, 10, 13, 11, 0),
	gsSP2Triangles(14, 13, 10, 0, 14, 10, 15, 0),
	gsSP2Triangles(16, 17, 18, 0, 16, 19, 17, 0),
	gsSP2Triangles(20, 21, 22, 0, 20, 23, 21, 0),
	gsSP2Triangles(24, 23, 20, 0, 24, 20, 25, 0),
	gsSP2Triangles(26, 27, 28, 0, 26, 29, 27, 0),
	gsSPVertex(prince_valley_dl_Cube_009_mesh_layer_1_vtx_5 + 30, 32, 0),
	gsSP2Triangles(0, 1, 2, 0, 3, 0, 2, 0),
	gsSP2Triangles(3, 4, 0, 0, 5, 6, 7, 0),
	gsSP2Triangles(5, 8, 6, 0, 9, 10, 11, 0),
	gsSP2Triangles(9, 12, 10, 0, 13, 14, 15, 0),
	gsSP2Triangles(13, 16, 14, 0, 17, 14, 16, 0),
	gsSP2Triangles(17, 18, 14, 0, 19, 20, 21, 0),
	gsSP2Triangles(19, 22, 20, 0, 20, 22, 23, 0),
	gsSP2Triangles(24, 25, 26, 0, 24, 27, 25, 0),
	gsSP2Triangles(28, 29, 30, 0, 28, 31, 29, 0),
	gsSPVertex(prince_valley_dl_Cube_009_mesh_layer_1_vtx_5 + 62, 32, 0),
	gsSP2Triangles(0, 1, 2, 0, 1, 0, 3, 0),
	gsSP2Triangles(1, 3, 4, 0, 3, 5, 4, 0),
	gsSP2Triangles(3, 6, 5, 0, 4, 7, 1, 0),
	gsSP2Triangles(8, 9, 10, 0, 8, 10, 11, 0),
	gsSP2Triangles(10, 12, 11, 0, 10, 13, 12, 0),
	gsSP2Triangles(14, 15, 16, 0, 14, 16, 17, 0),
	gsSP2Triangles(16, 18, 17, 0, 16, 19, 18, 0),
	gsSP2Triangles(20, 21, 22, 0, 20, 23, 21, 0),
	gsSP2Triangles(20, 24, 23, 0, 20, 25, 24, 0),
	gsSP2Triangles(26, 24, 25, 0, 26, 27, 24, 0),
	gsSP2Triangles(28, 27, 26, 0, 28, 26, 29, 0),
	gsSP2Triangles(30, 28, 29, 0, 30, 29, 31, 0),
	gsSP2Triangles(22, 30, 31, 0, 22, 21, 30, 0),
	gsSPEndDisplayList(),
};

Vtx prince_valley_dl_Cube_009_mesh_layer_1_vtx_6[234] = {
	{{{-891, 1825, -484}, 0, {-2749, -2427}, {0x00, 0x00, 0x7F, 0xFF}}},
	{{{-1209, 1825, -484}, 0, {-2471, -2427}, {0x00, 0x00, 0x7F, 0xFF}}},
	{{{-1181, 1746, -484}, 0, {-2496, -2497}, {0x00, 0x00, 0x7F, 0xFF}}},
	{{{848, 1825, -484}, 0, {-1929, -2427}, {0x00, 0x00, 0x7F, 0xFF}}},
	{{{1137, 1746, -484}, 0, {-2182, -2497}, {0x00, 0x00, 0x7F, 0xFF}}},
	{{{1166, 1825, -484}, 0, {-2207, -2427}, {0x00, 0x00, 0x7F, 0xFF}}},
	{{{-711, 1825, -1711}, 0, {301, 1105}, {0x71, 0xC6, 0x00, 0xFF}}},
	{{{-22, 3160, -1538}, 0, {132, -356}, {0x71, 0xC6, 0x00, 0xFF}}},
	{{{-711, 1825, -1538}, 0, {132, 1105}, {0x71, 0xC6, 0x00, 0xFF}}},
	{{{-22, 3160, -1711}, 0, {301, -356}, {0x71, 0xC6, 0x00, 0xFF}}},
	{{{-711, 1825, -1711}, 0, {1450, 2354}, {0x00, 0x00, 0x81, 0xFF}}},
	{{{-199, 3160, -1711}, 0, {1600, 1031}, {0x00, 0x00, 0x81, 0xFF}}},
	{{{-22, 3160, -1711}, 0, {1453, 955}, {0x00, 0x00, 0x81, 0xFF}}},
	{{{-891, 1825, -1711}, 0, {1600, 2432}, {0x00, 0x00, 0x81, 0xFF}}},
	{{{-711, 1825, 3852}, 0, {1659, 354}, {0x71, 0xC6, 0x00, 0xFF}}},
	{{{-22, 3160, 3667}, 0, {1831, -1045}, {0x71, 0xC6, 0x00, 0xFF}}},
	{{{-22, 3160, 3852}, 0, {1659, -1045}, {0x71, 0xC6, 0x00, 0xFF}}},
	{{{-711, 1825, 3667}, 0, {1831, 354}, {0x71, 0xC6, 0x00, 0xFF}}},
	{{{-891, 1825, 3852}, 0, {-198, 1057}, {0x8F, 0x3A, 0x00, 0xFF}}},
	{{{-199, 3160, 3724}, 0, {-58, 2695}, {0x83, 0x14, 0x00, 0xFF}}},
	{{{-891, 1825, 3724}, 0, {-58, 1057}, {0x8F, 0x3A, 0x00, 0xFF}}},
	{{{-199, 3160, 3852}, 0, {-198, 2695}, {0x85, 0x1E, 0x00, 0xFF}}},
	{{{-711, 1825, -1711}, 0, {-1434, -412}, {0x7F, 0x00, 0x00, 0xFF}}},
	{{{-711, 1557, -1538}, 0, {-1634, -542}, {0x7F, 0x00, 0x00, 0xFF}}},
	{{{-711, 1557, -1711}, 0, {-1634, -412}, {0x7F, 0x00, 0x00, 0xFF}}},
	{{{-711, 1825, -1538}, 0, {-1434, -542}, {0x7F, 0x00, 0x00, 0xFF}}},
	{{{-711, 1825, 3852}, 0, {1450, 2354}, {0x00, 0x00, 0x7F, 0xFF}}},
	{{{-199, 3160, 3852}, 0, {1301, 1031}, {0x00, 0x00, 0x7F, 0xFF}}},
	{{{-891, 1825, 3852}, 0, {1301, 2432}, {0x00, 0x00, 0x7F, 0xFF}}},
	{{{-22, 3160, 3852}, 0, {1448, 955}, {0x00, 0x00, 0x7F, 0xFF}}},
	{{{-22, 3160, -1711}, 0, {-1252, -561}, {0x00, 0xC8, 0x8E, 0xFF}}},
	{{{-199, 3160, -1711}, 0, {-1055, -561}, {0x00, 0xC8, 0x8E, 0xFF}}},
	{{{-198, 3570, -1913}, 0, {-1057, -1067}, {0x00, 0xC8, 0x8E, 0xFF}}},
	{{{154, 3570, -1913}, 0, {-1446, -1067}, {0x00, 0xC8, 0x8E, 0xFF}}},
	{{{156, 3160, -1711}, 0, {-1448, -561}, {0x00, 0xC8, 0x8E, 0xFF}}},
	{{{-198, 3570, 3852}, 0, {-559, -2688}, {0x81, 0x00, 0x00, 0xFF}}},
	{{{-199, 3160, 3724}, 0, {-106, -2546}, {0x83, 0x14, 0x00, 0xFF}}},
	{{{-199, 3160, 3852}, 0, {-106, -2688}, {0x85, 0x1E, 0x00, 0xFF}}},
	{{{-199, 3160, -420}, 0, {-106, 2031}, {0x81, 0x00, 0x00, 0xFF}}},
	{{{-198, 3570, -1913}, 0, {-559, 3680}, {0x81, 0x00, 0x00, 0xFF}}},
	{{{-199, 3160, -1583}, 0, {-106, 3315}, {0x81, 0x00, 0x00, 0xFF}}},
	{{{-199, 3160, -1711}, 0, {-106, 3456}, {0x81, 0x00, 0x00, 0xFF}}},
	{{{-198, 3570, -1913}, 0, {735, 3680}, {0x00, 0x7F, 0x00, 0xFF}}},
	{{{154, 3570, 3852}, 0, {347, -2688}, {0x00, 0x7F, 0x00, 0xFF}}},
	{{{154, 3570, -1913}, 0, {347, 3680}, {0x00, 0x7F, 0x00, 0xFF}}},
	{{{-198, 3570, 3852}, 0, {735, -2688}, {0x00, 0x7F, 0x00, 0xFF}}},
	{{{-891, 1825, -1583}, 0, {-2620, -2759}, {0x00, 0x7F, 0x00, 0xFF}}},
	{{{-1209, 1825, -484}, 0, {-2338, -3733}, {0x00, 0x7F, 0x00, 0xFF}}},
	{{{-891, 1825, -484}, 0, {-2620, -3733}, {0x00, 0x7F, 0x00, 0xFF}}},
	{{{-1209, 1825, -1711}, 0, {-2338, -2646}, {0x00, 0x7F, 0x00, 0xFF}}},
	{{{-1149, 1825, -1711}, 0, {-2392, -2646}, {0x00, 0x7F, 0x00, 0xFF}}},
	{{{-891, 1825, -1711}, 0, {-2620, -2646}, {0x00, 0x7F, 0x00, 0xFF}}},
	{{{-911, 1483, -484}, 0, {-1769, -707}, {0x12, 0x82, 0x00, 0xFF}}},
	{{{-711, 1557, -303}, 0, {-1940, -562}, {0x2C, 0x89, 0x00, 0xFF}}},
	{{{-911, 1483, -303}, 0, {-1769, -562}, {0x22, 0x86, 0x00, 0xFF}}},
	{{{-711, 1557, -1711}, 0, {-1940, -1691}, {0x2C, 0x89, 0x00, 0xFF}}},
	{{{-911, 1483, -1711}, 0, {-1769, -1691}, {0x00, 0x81, 0x00, 0xFF}}},
	{{{-1112, 1557, -484}, 0, {-1597, -707}, {0xA6, 0xA6, 0x00, 0xFF}}},
	{{{-1112, 1557, -1711}, 0, {-1597, -1691}, {0xA6, 0xA6, 0x00, 0xFF}}},
	{{{-1181, 1746, -484}, 0, {-1436, -707}, {0x89, 0xD5, 0x00, 0xFF}}},
	{{{-1140, 1633, -1711}, 0, {-1533, -1691}, {0x89, 0xD5, 0x00, 0xFF}}},
	{{{-1209, 1825, -1711}, 0, {-1368, -1691}, {0x89, 0xD5, 0x00, 0xFF}}},
	{{{-1181, 1746, -484}, 0, {-1436, -707}, {0x89, 0xD5, 0x00, 0xFF}}},
	{{{-1209, 1825, -484}, 0, {-1368, -707}, {0x89, 0xD5, 0x00, 0xFF}}},
	{{{-1209, 1825, -1711}, 0, {-1368, -1691}, {0x89, 0xD5, 0x00, 0xFF}}},
	{{{-911, 1483, -303}, 0, {1308, -1436}, {0x22, 0x86, 0x00, 0xFF}}},
	{{{-2972, 1079, -484}, 0, {1453, 248}, {0x1D, 0x84, 0x00, 0xFF}}},
	{{{-911, 1483, -484}, 0, {1453, -1436}, {0x12, 0x82, 0x00, 0xFF}}},
	{{{-2972, 1079, -303}, 0, {1308, 248}, {0x1F, 0x85, 0x00, 0xFF}}},
	{{{-2972, 1079, -484}, 0, {-86, -707}, {0x1D, 0x84, 0x00, 0xFF}}},
	{{{-2972, 1079, -303}, 0, {-86, -562}, {0x1F, 0x85, 0x00, 0xFF}}},
	{{{-3204, 1015, -484}, 0, {108, -707}, {0xF8, 0x81, 0x00, 0xFF}}},
	{{{-2972, 1079, 3667}, 0, {-86, 2621}, {0x1F, 0x85, 0x00, 0xFF}}},
	{{{-3204, 1015, 3852}, 0, {108, 2769}, {0xF8, 0x81, 0x00, 0xFF}}},
	{{{-2972, 1079, 3852}, 0, {-86, 2769}, {0x1E, 0x85, 0x00, 0xFF}}},
	{{{-3404, 1097, 3852}, 0, {281, 2769}, {0xA5, 0xA7, 0x00, 0xFF}}},
	{{{-3404, 1097, -484}, 0, {281, -707}, {0xA5, 0xA7, 0x00, 0xFF}}},
	{{{-3502, 1347, 3852}, 0, {496, 2769}, {0x8A, 0xD2, 0x00, 0xFF}}},
	{{{-3502, 1347, -484}, 0, {496, -707}, {0x8A, 0xD2, 0x00, 0xFF}}},
	{{{-3502, 1347, 3852}, 0, {-2692, -920}, {0x00, 0x7F, 0x00, 0xFF}}},
	{{{-2920, 1347, 3852}, 0, {-3072, -920}, {0xF1, 0x7E, 0x00, 0xFF}}},
	{{{-2920, 1347, 3724}, 0, {-3072, -836}, {0xF6, 0x7F, 0x00, 0xFF}}},
	{{{-2920, 1347, -356}, 0, {-3072, 1828}, {0x00, 0x7F, 0x00, 0xFF}}},
	{{{-3502, 1347, -484}, 0, {-2692, 1912}, {0x00, 0x65, 0xB3, 0xFF}}},
	{{{-2920, 1347, -484}, 0, {-3072, 1912}, {0x00, 0x36, 0x8D, 0xFF}}},
	{{{-1112, 1557, -484}, 0, {-1994, 351}, {0x00, 0x00, 0x81, 0xFF}}},
	{{{-2920, 1347, -484}, 0, {-1929, 1538}, {0x00, 0x36, 0x8D, 0xFF}}},
	{{{-1181, 1746, -484}, 0, {-1865, 374}, {0x00, 0x00, 0x81, 0xFF}}},
	{{{-2972, 1079, -484}, 0, {-2096, 1601}, {0x00, 0x00, 0x81, 0xFF}}},
	{{{-911, 1483, -484}, 0, {-2064, 230}, {0x00, 0x00, 0x81, 0xFF}}},
	{{{-2972, 1079, 3852}, 0, {-2125, 1603}, {0x00, 0x00, 0x7F, 0xFF}}},
	{{{-891, 1825, 3852}, 0, {-2360, 179}, {0x00, 0x00, 0x7F, 0xFF}}},
	{{{-2920, 1347, 3852}, 0, {-2291, 1539}, {0x00, 0x00, 0x7F, 0xFF}}},
	{{{-711, 1557, 3852}, 0, {-2166, 94}, {0x00, 0x00, 0x7F, 0xFF}}},
	{{{-891, 1825, 3852}, 0, {-2360, 179}, {0x00, 0x00, 0x7F, 0xFF}}},
	{{{-711, 1557, 3852}, 0, {-2166, 94}, {0x00, 0x00, 0x7F, 0xFF}}},
	{{{-711, 1825, 3852}, 0, {-2339, 63}, {0x00, 0x00, 0x7F, 0xFF}}},
	{{{-711, 1825, 3667}, 0, {-2007, -311}, {0x7F, 0x00, 0x00, 0xFF}}},
	{{{-711, 1557, 3852}, 0, {-2191, -439}, {0x7F, 0x00, 0x00, 0xFF}}},
	{{{-711, 1557, 3667}, 0, {-2191, -311}, {0x7F, 0x00, 0x00, 0xFF}}},
	{{{-711, 1825, 3852}, 0, {-2007, -439}, {0x7F, 0x00, 0x00, 0xFF}}},
	{{{-2972, 1079, 3852}, 0, {-2024, 248}, {0x1E, 0x85, 0x00, 0xFF}}},
	{{{-711, 1557, 3667}, 0, {-1875, -1605}, {0x1A, 0x84, 0x00, 0xFF}}},
	{{{-711, 1557, 3852}, 0, {-2024, -1605}, {0x1A, 0x84, 0x00, 0xFF}}},
	{{{-2972, 1079, 3667}, 0, {-1875, 248}, {0x1F, 0x85, 0x00, 0xFF}}},
	{{{-250, -1502, -1299}, 0, {62, 1989}, {0x00, 0x00, 0x81, 0xFF}}},
	{{{-169, -1246, -1299}, 0, {-158, 1298}, {0x00, 0x00, 0x81, 0xFF}}},
	{{{-169, -1502, -1299}, 0, {-158, 1989}, {0x00, 0x00, 0x81, 0xFF}}},
	{{{-250, -1004, -1299}, 0, {62, 646}, {0x00, 0x00, 0x81, 0xFF}}},
	{{{125, -1246, -1299}, 0, {-951, 1298}, {0x00, 0x00, 0x81, 0xFF}}},
	{{{207, -1004, -1299}, 0, {-1170, 646}, {0x00, 0x00, 0x81, 0xFF}}},
	{{{207, -1502, -1299}, 0, {-1171, 1989}, {0x00, 0x00, 0x81, 0xFF}}},
	{{{125, -1502, -1299}, 0, {-951, 1989}, {0x00, 0x00, 0x81, 0xFF}}},
	{{{1137, 1746, -484}, 0, {1000, 1786}, {0x77, 0xD5, 0x00, 0xFF}}},
	{{{1166, 1825, -1711}, 0, {1068, 2769}, {0x77, 0xD5, 0x00, 0xFF}}},
	{{{1166, 1825, -484}, 0, {1068, 1786}, {0x77, 0xD5, 0x00, 0xFF}}},
	{{{1069, 1557, -1711}, 0, {839, 2769}, {0x5A, 0xA6, 0x00, 0xFF}}},
	{{{1069, 1557, -484}, 0, {839, 1786}, {0x5A, 0xA6, 0x00, 0xFF}}},
	{{{868, 1483, -1711}, 0, {668, 2769}, {0x00, 0x81, 0x00, 0xFF}}},
	{{{868, 1483, -484}, 0, {668, 1786}, {0xEE, 0x82, 0x00, 0xFF}}},
	{{{667, 1557, -1711}, 0, {496, 2769}, {0xD4, 0x89, 0x00, 0xFF}}},
	{{{667, 1557, -303}, 0, {496, 1641}, {0xD4, 0x89, 0x00, 0xFF}}},
	{{{868, 1483, -303}, 0, {668, 1641}, {0xDE, 0x86, 0x00, 0xFF}}},
	{{{667, 1825, -1711}, 0, {301, 1105}, {0x8F, 0xC6, 0x00, 0xFF}}},
	{{{-22, 3160, -1538}, 0, {469, -356}, {0x8F, 0xC6, 0x00, 0xFF}}},
	{{{-22, 3160, -1711}, 0, {301, -356}, {0x8F, 0xC6, 0x00, 0xFF}}},
	{{{667, 1825, -1711}, 0, {301, 1105}, {0x8F, 0xC6, 0x00, 0xFF}}},
	{{{667, 1825, -1538}, 0, {469, 1105}, {0x8F, 0xC6, 0x00, 0xFF}}},
	{{{-22, 3160, -1538}, 0, {469, -356}, {0x8F, 0xC6, 0x00, 0xFF}}},
	{{{667, 1825, -1711}, 0, {1600, 877}, {0x00, 0x00, 0x81, 0xFF}}},
	{{{156, 3160, -1711}, 0, {1450, -446}, {0x00, 0x00, 0x81, 0xFF}}},
	{{{848, 1825, -1711}, 0, {1450, 955}, {0x00, 0x00, 0x81, 0xFF}}},
	{{{-22, 3160, -1711}, 0, {1597, -522}, {0x00, 0x00, 0x81, 0xFF}}},
	{{{-22, 3160, 3667}, 0, {662, -910}, {0x8F, 0xC6, 0x00, 0xFF}}},
	{{{667, 1825, 3852}, 0, {834, 489}, {0x8F, 0xC6, 0x00, 0xFF}}},
	{{{-22, 3160, 3852}, 0, {834, -910}, {0x8F, 0xC6, 0x00, 0xFF}}},
	{{{667, 1825, 3667}, 0, {662, 489}, {0x8F, 0xC6, 0x00, 0xFF}}},
	{{{156, 3160, 3852}, 0, {-1816, -951}, {0x00, 0x00, 0x7F, 0xFF}}},
	{{{154, 3570, 3852}, 0, {-1817, -1405}, {0x00, 0x00, 0x7F, 0xFF}}},
	{{{-22, 3160, 3852}, 0, {-2012, -951}, {0x00, 0x00, 0x7F, 0xFF}}},
	{{{-198, 3570, 3852}, 0, {-2207, -1405}, {0x00, 0x00, 0x7F, 0xFF}}},
	{{{-199, 3160, 3852}, 0, {-2208, -951}, {0x00, 0x00, 0x7F, 0xFF}}},
	{{{156, 3160, 3852}, 0, {129, 2695}, {0x7B, 0x1E, 0x00, 0xFF}}},
	{{{848, 1825, 3724}, 0, {-11, 1057}, {0x71, 0x3A, 0x00, 0xFF}}},
	{{{156, 3160, 3724}, 0, {-11, 2695}, {0x7D, 0x14, 0x00, 0xFF}}},
	{{{848, 1825, 3852}, 0, {129, 1057}, {0x71, 0x3A, 0x00, 0xFF}}},
	{{{667, 1557, -1538}, 0, {-1907, -412}, {0x81, 0x00, 0x00, 0xFF}}},
	{{{667, 1825, -1711}, 0, {-1707, -542}, {0x81, 0x00, 0x00, 0xFF}}},
	{{{667, 1557, -1711}, 0, {-1907, -542}, {0x81, 0x00, 0x00, 0xFF}}},
	{{{667, 1825, -1538}, 0, {-1707, -412}, {0x81, 0x00, 0x00, 0xFF}}},
	{{{156, 3160, 3852}, 0, {1450, -446}, {0x00, 0x00, 0x7F, 0xFF}}},
	{{{667, 1825, 3852}, 0, {1301, 877}, {0x00, 0x00, 0x7F, 0xFF}}},
	{{{848, 1825, 3852}, 0, {1450, 955}, {0x00, 0x00, 0x7F, 0xFF}}},
	{{{-22, 3160, 3852}, 0, {1304, -522}, {0x00, 0x00, 0x7F, 0xFF}}},
	{{{156, 3160, 3724}, 0, {-106, -2546}, {0x7D, 0x14, 0x00, 0xFF}}},
	{{{154, 3570, 3852}, 0, {347, -2688}, {0x7F, 0x00, 0x00, 0xFF}}},
	{{{156, 3160, 3852}, 0, {-106, -2688}, {0x7B, 0x1E, 0x00, 0xFF}}},
	{{{156, 3160, -420}, 0, {-106, 2031}, {0x7F, 0x00, 0x00, 0xFF}}},
	{{{154, 3570, 3852}, 0, {347, -2688}, {0x7F, 0x00, 0x00, 0xFF}}},
	{{{156, 3160, -420}, 0, {-106, 2031}, {0x7F, 0x00, 0x00, 0xFF}}},
	{{{154, 3570, -1913}, 0, {347, 3680}, {0x7F, 0x00, 0x00, 0xFF}}},
	{{{156, 3160, -1583}, 0, {-106, 3315}, {0x7F, 0x00, 0x00, 0xFF}}},
	{{{156, 3160, -1711}, 0, {-106, 3456}, {0x7F, 0x00, 0x00, 0xFF}}},
	{{{848, 1825, -1583}, 0, {-1926, -2759}, {0x00, 0x7F, 0x00, 0xFF}}},
	{{{848, 1825, -484}, 0, {-1926, -3733}, {0x00, 0x7F, 0x00, 0xFF}}},
	{{{1166, 1825, -484}, 0, {-2208, -3733}, {0x00, 0x7F, 0x00, 0xFF}}},
	{{{1166, 1825, -1711}, 0, {-2208, -2646}, {0x00, 0x7F, 0x00, 0xFF}}},
	{{{848, 1825, -1711}, 0, {-1926, -2646}, {0x00, 0x7F, 0x00, 0xFF}}},
	{{{2928, 1079, -484}, 0, {-1040, 2684}, {0xE3, 0x84, 0x00, 0xFF}}},
	{{{868, 1483, -303}, 0, {-895, 1001}, {0xDE, 0x86, 0x00, 0xFF}}},
	{{{868, 1483, -484}, 0, {-1040, 1001}, {0xEE, 0x82, 0x00, 0xFF}}},
	{{{2928, 1079, -303}, 0, {-895, 2684}, {0xE1, 0x85, 0x00, 0xFF}}},
	{{{2928, 1079, -484}, 0, {2351, 1786}, {0xE3, 0x84, 0x00, 0xFF}}},
	{{{3161, 1015, -484}, 0, {2544, 1786}, {0x08, 0x81, 0x00, 0xFF}}},
	{{{2928, 1079, -303}, 0, {2351, 1641}, {0xE1, 0x85, 0x00, 0xFF}}},
	{{{2928, 1079, 3667}, 0, {2351, -1542}, {0xE1, 0x85, 0x00, 0xFF}}},
	{{{3161, 1015, 3852}, 0, {2544, -1691}, {0x08, 0x81, 0x00, 0xFF}}},
	{{{3361, 1097, 3852}, 0, {2718, -1691}, {0x5B, 0xA7, 0x00, 0xFF}}},
	{{{3361, 1097, -484}, 0, {2718, 1786}, {0x5B, 0xA7, 0x00, 0xFF}}},
	{{{3458, 1347, 3852}, 0, {2932, -1691}, {0x76, 0xD2, 0x00, 0xFF}}},
	{{{3458, 1347, -484}, 0, {2932, 1786}, {0x76, 0xD2, 0x00, 0xFF}}},
	{{{2928, 1079, 3852}, 0, {2351, -1691}, {0xE2, 0x85, 0x00, 0xFF}}},
	{{{2877, 1347, 3724}, 0, {-3072, -836}, {0x0A, 0x7F, 0x00, 0xFF}}},
	{{{2877, 1347, 3852}, 0, {-3072, -920}, {0x0F, 0x7E, 0x00, 0xFF}}},
	{{{3458, 1347, 3852}, 0, {-3451, -920}, {0x00, 0x7F, 0x00, 0xFF}}},
	{{{3458, 1347, -484}, 0, {-3451, 1912}, {0x00, 0x65, 0xB3, 0xFF}}},
	{{{2877, 1347, -356}, 0, {-3072, 1828}, {0x00, 0x7F, 0x00, 0xFF}}},
	{{{2877, 1347, -484}, 0, {-3072, 1912}, {0x00, 0x36, 0x8D, 0xFF}}},
	{{{2877, 1347, -484}, 0, {-1682, 604}, {0x00, 0x36, 0x8D, 0xFF}}},
	{{{1069, 1557, -484}, 0, {-1747, 1791}, {0x00, 0x00, 0x81, 0xFF}}},
	{{{1137, 1746, -484}, 0, {-1618, 1768}, {0x00, 0x00, 0x81, 0xFF}}},
	{{{2928, 1079, -484}, 0, {-1849, 541}, {0x00, 0x00, 0x81, 0xFF}}},
	{{{868, 1483, -484}, 0, {-1817, 1912}, {0x00, 0x00, 0x81, 0xFF}}},
	{{{848, 1825, 3852}, 0, {-2608, 1796}, {0x00, 0x00, 0x7F, 0xFF}}},
	{{{2928, 1079, 3852}, 0, {-2374, 372}, {0x00, 0x00, 0x7F, 0xFF}}},
	{{{2877, 1347, 3852}, 0, {-2540, 436}, {0x00, 0x00, 0x7F, 0xFF}}},
	{{{667, 1557, 3852}, 0, {-2415, 1880}, {0x00, 0x00, 0x7F, 0xFF}}},
	{{{667, 1825, 3852}, 0, {-2587, 1912}, {0x00, 0x00, 0x7F, 0xFF}}},
	{{{667, 1825, 3667}, 0, {-2080, -597}, {0x81, 0x00, 0x00, 0xFF}}},
	{{{667, 1557, 3852}, 0, {-1896, -725}, {0x81, 0x00, 0x00, 0xFF}}},
	{{{667, 1825, 3852}, 0, {-2080, -725}, {0x81, 0x00, 0x00, 0xFF}}},
	{{{667, 1557, 3667}, 0, {-1896, -597}, {0x81, 0x00, 0x00, 0xFF}}},
	{{{667, 1557, 3667}, 0, {2288, 831}, {0xE6, 0x84, 0x00, 0xFF}}},
	{{{2928, 1079, 3852}, 0, {2436, 2684}, {0xE2, 0x85, 0x00, 0xFF}}},
	{{{667, 1557, 3852}, 0, {2436, 831}, {0xE6, 0x84, 0x00, 0xFF}}},
	{{{2928, 1079, 3667}, 0, {2288, 2684}, {0xE1, 0x85, 0x00, 0xFF}}},
	{{{1138, 1747, -356}, 0, {-3721, 679}, {0x1F, 0x7B, 0xFE, 0xFF}}},
	{{{848, 1825, -484}, 0, {-3626, 455}, {0x21, 0x7B, 0x00, 0xFF}}},
	{{{848, 1825, -356}, 0, {-3721, 455}, {0x21, 0x7B, 0x00, 0xFF}}},
	{{{1137, 1746, -484}, 0, {-3626, 679}, {0x1F, 0x7B, 0xFE, 0xFF}}},
	{{{2877, 1347, -484}, 0, {-3626, 2007}, {0x1D, 0x7C, 0x00, 0xFF}}},
	{{{2877, 1347, -356}, 0, {-3721, 2007}, {0x1D, 0x7C, 0x00, 0xFF}}},
	{{{156, 3160, -1711}, 0, {1062, -911}, {0x71, 0x3A, 0x00, 0xFF}}},
	{{{848, 1825, -1583}, 0, {943, 489}, {0x71, 0x3A, 0x00, 0xFF}}},
	{{{848, 1825, -1711}, 0, {1062, 489}, {0x71, 0x3A, 0x00, 0xFF}}},
	{{{156, 3160, -1583}, 0, {943, -911}, {0x71, 0x3A, 0x00, 0xFF}}},
	{{{2877, 1347, 3852}, 0, {129, -1214}, {0x0F, 0x7E, 0x00, 0xFF}}},
	{{{848, 1825, 3724}, 0, {-11, 1057}, {0x1D, 0x7C, 0x00, 0xFF}}},
	{{{848, 1825, 3852}, 0, {129, 1057}, {0x1D, 0x7C, 0x00, 0xFF}}},
	{{{2877, 1347, 3724}, 0, {-11, -1214}, {0x0A, 0x7F, 0x00, 0xFF}}},
	{{{-891, 1825, -1583}, 0, {2042, 1032}, {0x8F, 0x3A, 0x00, 0xFF}}},
	{{{-199, 3160, -1711}, 0, {1923, -368}, {0x8F, 0x3A, 0x00, 0xFF}}},
	{{{-891, 1825, -1711}, 0, {1923, 1032}, {0x8F, 0x3A, 0x00, 0xFF}}},
	{{{-199, 3160, -1583}, 0, {2042, -368}, {0x8F, 0x3A, 0x00, 0xFF}}},
	{{{-891, 1825, 3724}, 0, {-58, 1057}, {0xE3, 0x7C, 0x00, 0xFF}}},
	{{{-2920, 1347, 3852}, 0, {-198, -1214}, {0xF1, 0x7E, 0x00, 0xFF}}},
	{{{-891, 1825, 3852}, 0, {-198, 1057}, {0xE3, 0x7C, 0x00, 0xFF}}},
	{{{-2920, 1347, 3724}, 0, {-58, -1214}, {0xF6, 0x7F, 0x00, 0xFF}}},
	{{{-1181, 1746, -484}, 0, {-4009, 1784}, {0xE1, 0x7B, 0x00, 0xFF}}},
	{{{-2920, 1347, -484}, 0, {-4009, 455}, {0xE4, 0x7C, 0x00, 0xFF}}},
	{{{-2920, 1347, -356}, 0, {-4104, 455}, {0xE4, 0x7C, 0x00, 0xFF}}},
	{{{-1181, 1746, -356}, 0, {-4104, 1784}, {0xE1, 0x7B, 0x00, 0xFF}}},
	{{{-891, 1825, -356}, 0, {-4104, 2007}, {0xDE, 0x7A, 0x00, 0xFF}}},
	{{{-891, 1825, -484}, 0, {-4009, 2007}, {0xDE, 0x7A, 0x00, 0xFF}}},
};

Gfx prince_valley_dl_Cube_009_mesh_layer_1_tri_6[] = {
	gsSPVertex(prince_valley_dl_Cube_009_mesh_layer_1_vtx_6 + 0, 30, 0),
	gsSP2Triangles(0, 1, 2, 0, 3, 4, 5, 0),
	gsSP2Triangles(6, 7, 8, 0, 6, 9, 7, 0),
	gsSP2Triangles(10, 11, 12, 0, 10, 13, 11, 0),
	gsSP2Triangles(14, 15, 16, 0, 14, 17, 15, 0),
	gsSP2Triangles(18, 19, 20, 0, 18, 21, 19, 0),
	gsSP2Triangles(22, 23, 24, 0, 22, 25, 23, 0),
	gsSP2Triangles(26, 27, 28, 0, 26, 29, 27, 0),
	gsSPVertex(prince_valley_dl_Cube_009_mesh_layer_1_vtx_6 + 30, 32, 0),
	gsSP2Triangles(0, 1, 2, 0, 3, 0, 2, 0),
	gsSP2Triangles(0, 3, 4, 0, 5, 6, 7, 0),
	gsSP2Triangles(8, 6, 5, 0, 8, 5, 9, 0),
	gsSP2Triangles(10, 8, 9, 0, 11, 10, 9, 0),
	gsSP2Triangles(12, 13, 14, 0, 12, 15, 13, 0),
	gsSP2Triangles(16, 17, 18, 0, 19, 17, 16, 0),
	gsSP2Triangles(20, 19, 16, 0, 16, 21, 20, 0),
	gsSP2Triangles(22, 23, 24, 0, 25, 23, 22, 0),
	gsSP2Triangles(25, 22, 26, 0, 26, 22, 27, 0),
	gsSP2Triangles(26, 27, 28, 0, 27, 29, 28, 0),
	gsSP2Triangles(28, 29, 30, 0, 30, 29, 31, 0),
	gsSPVertex(prince_valley_dl_Cube_009_mesh_layer_1_vtx_6 + 62, 32, 0),
	gsSP2Triangles(0, 1, 2, 0, 3, 4, 5, 0),
	gsSP2Triangles(3, 6, 4, 0, 7, 8, 9, 0),
	gsSP2Triangles(9, 8, 10, 0, 9, 10, 11, 0),
	gsSP2Triangles(11, 10, 12, 0, 9, 11, 13, 0),
	gsSP2Triangles(9, 13, 14, 0, 14, 13, 15, 0),
	gsSP2Triangles(14, 15, 16, 0, 17, 18, 19, 0),
	gsSP2Triangles(17, 19, 20, 0, 17, 20, 21, 0),
	gsSP2Triangles(22, 21, 20, 0, 23, 24, 25, 0),
	gsSP2Triangles(23, 26, 24, 0, 23, 27, 26, 0),
	gsSP2Triangles(28, 29, 30, 0, 28, 31, 29, 0),
	gsSPVertex(prince_valley_dl_Cube_009_mesh_layer_1_vtx_6 + 94, 32, 0),
	gsSP2Triangles(0, 1, 2, 0, 3, 4, 5, 0),
	gsSP2Triangles(3, 6, 4, 0, 7, 8, 9, 0),
	gsSP2Triangles(7, 10, 8, 0, 11, 12, 13, 0),
	gsSP2Triangles(11, 14, 12, 0, 15, 12, 14, 0),
	gsSP2Triangles(15, 14, 16, 0, 15, 16, 17, 0),
	gsSP2Triangles(15, 17, 18, 0, 19, 20, 21, 0),
	gsSP2Triangles(19, 22, 20, 0, 23, 22, 19, 0),
	gsSP2Triangles(23, 24, 22, 0, 23, 25, 24, 0),
	gsSP2Triangles(25, 26, 24, 0, 25, 27, 26, 0),
	gsSP2Triangles(25, 28, 27, 0, 29, 30, 31, 0),
	gsSPVertex(prince_valley_dl_Cube_009_mesh_layer_1_vtx_6 + 126, 32, 0),
	gsSP2Triangles(0, 1, 2, 0, 3, 4, 5, 0),
	gsSP2Triangles(3, 6, 4, 0, 7, 8, 9, 0),
	gsSP2Triangles(7, 10, 8, 0, 11, 12, 13, 0),
	gsSP2Triangles(13, 12, 14, 0, 15, 13, 14, 0),
	gsSP2Triangles(16, 17, 18, 0, 16, 19, 17, 0),
	gsSP2Triangles(20, 21, 22, 0, 20, 23, 21, 0),
	gsSP2Triangles(24, 25, 26, 0, 24, 27, 25, 0),
	gsSP2Triangles(28, 29, 30, 0, 29, 28, 31, 0),
	gsSPVertex(prince_valley_dl_Cube_009_mesh_layer_1_vtx_6 + 158, 30, 0),
	gsSP2Triangles(0, 1, 2, 0, 2, 1, 3, 0),
	gsSP2Triangles(2, 3, 4, 0, 5, 6, 7, 0),
	gsSP2Triangles(5, 7, 8, 0, 5, 8, 9, 0),
	gsSP2Triangles(10, 11, 12, 0, 10, 13, 11, 0),
	gsSP2Triangles(14, 15, 16, 0, 15, 17, 16, 0),
	gsSP2Triangles(15, 18, 17, 0, 19, 18, 15, 0),
	gsSP2Triangles(19, 15, 20, 0, 21, 19, 20, 0),
	gsSP2Triangles(21, 20, 22, 0, 18, 23, 17, 0),
	gsSP2Triangles(24, 25, 26, 0, 24, 26, 27, 0),
	gsSP2Triangles(24, 27, 28, 0, 29, 28, 27, 0),
	gsSPVertex(prince_valley_dl_Cube_009_mesh_layer_1_vtx_6 + 188, 32, 0),
	gsSP2Triangles(0, 1, 2, 0, 0, 3, 1, 0),
	gsSP2Triangles(1, 3, 4, 0, 5, 6, 7, 0),
	gsSP2Triangles(5, 8, 6, 0, 5, 9, 8, 0),
	gsSP2Triangles(10, 11, 12, 0, 10, 13, 11, 0),
	gsSP2Triangles(14, 15, 16, 0, 14, 17, 15, 0),
	gsSP2Triangles(18, 19, 20, 0, 18, 21, 19, 0),
	gsSP2Triangles(18, 22, 21, 0, 18, 23, 22, 0),
	gsSP2Triangles(24, 25, 26, 0, 24, 27, 25, 0),
	gsSP2Triangles(28, 29, 30, 0, 28, 31, 29, 0),
	gsSPVertex(prince_valley_dl_Cube_009_mesh_layer_1_vtx_6 + 220, 14, 0),
	gsSP2Triangles(0, 1, 2, 0, 0, 3, 1, 0),
	gsSP2Triangles(4, 5, 6, 0, 4, 7, 5, 0),
	gsSP2Triangles(8, 9, 10, 0, 8, 10, 11, 0),
	gsSP2Triangles(12, 8, 11, 0, 12, 13, 8, 0),
	gsSPEndDisplayList(),
};

Vtx prince_valley_dl_Cube_009_mesh_layer_1_vtx_7[32] = {
	{{{-169, -1246, -1299}, 0, {-1, -838}, {0x7F, 0x00, 0x00, 0xFF}}},
	{{{-169, -1502, -1247}, 0, {-141, -147}, {0x7F, 0x00, 0x00, 0xFF}}},
	{{{-169, -1502, -1299}, 0, {-1, -147}, {0x7F, 0x00, 0x00, 0xFF}}},
	{{{-169, -1246, -1247}, 0, {-141, -838}, {0x7F, 0x00, 0x00, 0xFF}}},
	{{{-250, -1105, -1247}, 0, {2163, 918}, {0x5A, 0xA6, 0x00, 0xFF}}},
	{{{-250, -1502, -866}, 0, {1133, 1989}, {0x5A, 0x00, 0xA6, 0xFF}}},
	{{{-250, -1502, -1247}, 0, {2163, 1989}, {0x7F, 0x00, 0x00, 0xFF}}},
	{{{-250, -1105, -866}, 0, {1133, 918}, {0x49, 0xB7, 0xB7, 0xFF}}},
	{{{-169, -1246, -1247}, 0, {201, 1218}, {0x00, 0x00, 0x7F, 0xFF}}},
	{{{-250, -1502, -1247}, 0, {-19, 1908}, {0x00, 0x00, 0x7F, 0xFF}}},
	{{{-169, -1502, -1247}, 0, {201, 1908}, {0x00, 0x00, 0x7F, 0xFF}}},
	{{{-250, -1105, -1247}, 0, {-19, 837}, {0x00, 0x00, 0x7F, 0xFF}}},
	{{{207, -1105, -1247}, 0, {1214, 837}, {0x00, 0x00, 0x7F, 0xFF}}},
	{{{125, -1246, -1247}, 0, {994, 1218}, {0x00, 0x00, 0x7F, 0xFF}}},
	{{{207, -1502, -1247}, 0, {1214, 1908}, {0x00, 0x00, 0x7F, 0xFF}}},
	{{{125, -1502, -1247}, 0, {994, 1908}, {0x00, 0x00, 0x7F, 0xFF}}},
	{{{125, -1246, -1247}, 0, {-1, 646}, {0x00, 0x81, 0x00, 0xFF}}},
	{{{-169, -1246, -1299}, 0, {-141, -147}, {0x00, 0x81, 0x00, 0xFF}}},
	{{{125, -1246, -1299}, 0, {-141, 646}, {0x00, 0x81, 0x00, 0xFF}}},
	{{{-169, -1246, -1247}, 0, {-1, -147}, {0x00, 0x81, 0x00, 0xFF}}},
	{{{125, -1502, -1247}, 0, {1273, -153}, {0x81, 0x00, 0x00, 0xFF}}},
	{{{125, -1246, -1299}, 0, {1133, -843}, {0x81, 0x00, 0x00, 0xFF}}},
	{{{125, -1502, -1299}, 0, {1133, -153}, {0x81, 0x00, 0x00, 0xFF}}},
	{{{125, -1246, -1247}, 0, {1273, -843}, {0x81, 0x00, 0x00, 0xFF}}},
	{{{207, -1105, -866}, 0, {-1171, -587}, {0x00, 0x81, 0x00, 0xFF}}},
	{{{-250, -1105, -1247}, 0, {-141, 646}, {0x5A, 0xA6, 0x00, 0xFF}}},
	{{{207, -1105, -1247}, 0, {-141, -587}, {0x00, 0x81, 0x00, 0xFF}}},
	{{{-250, -1105, -866}, 0, {-1171, 646}, {0x49, 0xB7, 0xB7, 0xFF}}},
	{{{207, -1502, -866}, 0, {2163, 918}, {0x81, 0x00, 0x00, 0xFF}}},
	{{{207, -1105, -1247}, 0, {1133, -153}, {0x81, 0x00, 0x00, 0xFF}}},
	{{{207, -1502, -1247}, 0, {1133, 918}, {0x81, 0x00, 0x00, 0xFF}}},
	{{{207, -1105, -866}, 0, {2163, -153}, {0x81, 0x00, 0x00, 0xFF}}},
};

Gfx prince_valley_dl_Cube_009_mesh_layer_1_tri_7[] = {
	gsSPVertex(prince_valley_dl_Cube_009_mesh_layer_1_vtx_7 + 0, 32, 0),
	gsSP2Triangles(0, 1, 2, 0, 0, 3, 1, 0),
	gsSP2Triangles(4, 5, 6, 0, 4, 7, 5, 0),
	gsSP2Triangles(8, 9, 10, 0, 8, 11, 9, 0),
	gsSP2Triangles(12, 11, 8, 0, 12, 8, 13, 0),
	gsSP2Triangles(14, 12, 13, 0, 14, 13, 15, 0),
	gsSP2Triangles(16, 17, 18, 0, 16, 19, 17, 0),
	gsSP2Triangles(20, 21, 22, 0, 20, 23, 21, 0),
	gsSP2Triangles(24, 25, 26, 0, 24, 27, 25, 0),
	gsSP2Triangles(28, 29, 30, 0, 28, 31, 29, 0),
	gsSPEndDisplayList(),
};

Vtx prince_valley_dl_Cube_009_mesh_layer_1_vtx_8[18] = {
	{{{-250, -1502, -866}, 0, {-19, -395}, {0x5A, 0x00, 0xA6, 0xFF}}},
	{{{207, -1105, -866}, 0, {1214, 676}, {0x00, 0x00, 0x81, 0xFF}}},
	{{{207, -1502, -866}, 0, {1214, -395}, {0x00, 0x00, 0x81, 0xFF}}},
	{{{-250, -1105, -866}, 0, {-19, 676}, {0x49, 0xB7, 0xB7, 0xFF}}},
	{{{-285, 2150, 3039}, 0, {8335, -7415}, {0x7F, 0x00, 0x00, 0xFF}}},
	{{{-285, 1665, 3552}, 0, {7364, -7412}, {0x7F, 0x00, 0x00, 0xFF}}},
	{{{-285, 1665, 3039}, 0, {7364, -7412}, {0x7F, 0x00, 0x00, 0xFF}}},
	{{{-285, 2150, 3552}, 0, {8335, -7415}, {0x7F, 0x00, 0x00, 0xFF}}},
	{{{-285, 2150, 3552}, 0, {8335, -7415}, {0x00, 0xA6, 0xA6, 0xFF}}},
	{{{-169, 1664, 3552}, 0, {7364, -7412}, {0x00, 0x00, 0x81, 0xFF}}},
	{{{-285, 1665, 3552}, 0, {7364, -7412}, {0x00, 0x00, 0x81, 0xFF}}},
	{{{125, 1664, 3552}, 0, {-2174, 2988}, {0x00, 0x00, 0x81, 0xFF}}},
	{{{241, 2150, 3552}, 0, {9306, -7417}, {0xB7, 0xB7, 0xB7, 0xFF}}},
	{{{241, 2150, 3039}, 0, {9306, -7417}, {0xA6, 0xA6, 0x00, 0xFF}}},
	{{{-285, 2150, 3039}, 0, {8335, -7415}, {0x00, 0x81, 0x00, 0xFF}}},
	{{{241, 1665, 3039}, 0, {7364, -7412}, {0x81, 0x00, 0x00, 0xFF}}},
	{{{241, 1665, 3552}, 0, {7364, -7412}, {0x81, 0x00, 0x00, 0xFF}}},
	{{{241, 1665, 3552}, 0, {-2174, 2988}, {0x00, 0x00, 0x81, 0xFF}}},
};

Gfx prince_valley_dl_Cube_009_mesh_layer_1_tri_8[] = {
	gsSPVertex(prince_valley_dl_Cube_009_mesh_layer_1_vtx_8 + 0, 18, 0),
	gsSP2Triangles(0, 1, 2, 0, 0, 3, 1, 0),
	gsSP2Triangles(4, 5, 6, 0, 4, 7, 5, 0),
	gsSP2Triangles(8, 9, 10, 0, 8, 11, 9, 0),
	gsSP2Triangles(8, 12, 11, 0, 13, 12, 8, 0),
	gsSP2Triangles(13, 8, 14, 0, 15, 12, 13, 0),
	gsSP2Triangles(15, 16, 12, 0, 11, 12, 17, 0),
	gsSPEndDisplayList(),
};

Vtx prince_valley_dl_Cube_009_mesh_layer_1_vtx_9[156] = {
	{{{-2972, -1754, 683}, 0, {-1045, 2426}, {0xD4, 0x72, 0xDF, 0xFF}}},
	{{{-2972, -1575, -303}, 0, {-634, 3003}, {0x00, 0x51, 0x61, 0xFF}}},
	{{{-3120, -1575, -303}, 0, {-549, 2943}, {0xDE, 0x6E, 0x37, 0xFF}}},
	{{{-3448, -1981, 578}, 0, {-731, 2149}, {0xA1, 0x50, 0x1C, 0xFF}}},
	{{{-3911, -1981, 523}, 0, {-411, 2247}, {0xAB, 0x2E, 0x52, 0xFF}}},
	{{{-4200, -2112, -942}, 0, {-42, 2410}, {0x8B, 0x28, 0xE3, 0xFF}}},
	{{{-3120, -1528, -1748}, 0, {454, 2984}, {0xAD, 0x3E, 0xB7, 0xFF}}},
	{{{-3193, -2068, -1757}, 0, {423, 2661}, {0xA3, 0x09, 0xAA, 0xFF}}},
	{{{-2083, -1618, -2793}, 0, {1215, 2763}, {0xEF, 0x79, 0xDE, 0xFF}}},
	{{{-1658, -1618, -2177}, 0, {1407, 3152}, {0x01, 0x7F, 0xFF, 0xFF}}},
	{{{-861, -1580, -3135}, 0, {1759, 2514}, {0xFD, 0x5D, 0xA9, 0xFF}}},
	{{{-774, -1580, -2958}, 0, {1844, 2588}, {0x1B, 0x7B, 0xF3, 0xFF}}},
	{{{-377, -1770, -2958}, 0, {2091, 2422}, {0x1F, 0x70, 0xCD, 0xFF}}},
	{{{-377, -1922, -3273}, 0, {1959, 2226}, {0xF2, 0x3C, 0x91, 0xFF}}},
	{{{333, -1770, -2958}, 0, {2500, 2068}, {0xD7, 0x71, 0xD6, 0xFF}}},
	{{{301, -2029, -3579}, 0, {2161, 1850}, {0xFA, 0x33, 0x8C, 0xFF}}},
	{{{781, -1533, -3215}, 0, {2492, 1725}, {0xFF, 0x6B, 0xBC, 0xFF}}},
	{{{731, -1533, -2958}, 0, {2626, 1766}, {0xE2, 0x7B, 0xFA, 0xFF}}},
	{{{1770, -1541, -2399}, 0, {2783, 1081}, {0x13, 0x73, 0xCE, 0xFF}}},
	{{{1614, -1541, -2177}, 0, {2945, 1103}, {0xFF, 0x7F, 0x00, 0xFF}}},
	{{{3076, -1515, -1748}, 0, {2596, 306}, {0x03, 0x7F, 0x01, 0xFF}}},
	{{{3254, -1515, -2273}, 0, {2495, 479}, {0x3D, 0x5F, 0xC7, 0xFF}}},
	{{{3492, -1566, -212}, 0, {2392, -461}, {0x4E, 0x62, 0xEF, 0xFF}}},
	{{{3076, -1566, -303}, 0, {2621, -469}, {0xEE, 0x5F, 0x53, 0xFF}}},
	{{{2928, -1644, -303}, 0, {2701, -515}, {0xEE, 0x7D, 0x07, 0xFF}}},
	{{{2928, -1376, 1093}, 0, {2151, -1421}, {0x30, 0x72, 0x1E, 0xFF}}},
	{{{4055, -1781, 1431}, 0, {1732, -862}, {0x58, 0x40, 0x40, 0xFF}}},
	{{{3178, -2216, 1816}, 0, {1213, -1029}, {0x64, 0xD1, 0x3F, 0xFF}}},
	{{{2928, -1515, 1766}, 0, {1556, -1551}, {0x68, 0x39, 0xD3, 0xFF}}},
	{{{3562, -1403, 2381}, 0, {953, -1619}, {0x6D, 0x39, 0xE2, 0xFF}}},
	{{{2928, -1119, 2533}, 0, {1022, -2160}, {0x36, 0x73, 0xF7, 0xFF}}},
	{{{3479, -1684, 3679}, 0, {421, -1619}, {0x5B, 0x1A, 0x55, 0xFF}}},
	{{{3479, -1684, 3679}, 0, {421, -1619}, {0x5B, 0x1A, 0x55, 0xFF}}},
	{{{2928, -1119, 2533}, 0, {1022, -2160}, {0x36, 0x73, 0xF7, 0xFF}}},
	{{{2928, -1278, 3667}, 0, {93, -1934}, {0x58, 0x48, 0x38, 0xFF}}},
	{{{3196, -2760, 3599}, 0, {381, -1268}, {0x42, 0xA5, 0x3B, 0xFF}}},
	{{{2427, -2829, 3679}, 0, {165, -1060}, {0x29, 0x8F, 0x29, 0xFF}}},
	{{{2447, -2194, 4638}, 0, {-173, -1265}, {0x4E, 0xC2, 0x4F, 0xFF}}},
	{{{2610, -1119, 4782}, 0, {-349, -1491}, {0x4F, 0x47, 0x45, 0xFF}}},
	{{{1352, -1119, 3667}, 0, {-1061, -1897}, {0xE9, 0x7D, 0x00, 0xFF}}},
	{{{1352, -1119, 5235}, 0, {-566, -1282}, {0xED, 0x4A, 0x65, 0xFF}}},
	{{{-740, -2042, 3979}, 0, {-1340, -276}, {0x10, 0x50, 0x62, 0xFF}}},
	{{{-740, -1820, 3667}, 0, {-1580, -412}, {0xFB, 0x67, 0x4A, 0xFF}}},
	{{{-1699, -1582, 3667}, 0, {-2020, 150}, {0x1D, 0x7B, 0x08, 0xFF}}},
	{{{-1699, -1582, 4506}, 0, {-1670, 297}, {0x24, 0x74, 0x26, 0xFF}}},
	{{{-2972, -1518, 3667}, 0, {-1933, 852}, {0xF1, 0x7E, 0x0D, 0xFF}}},
	{{{-3467, -1582, 4670}, 0, {-1556, 652}, {0xAF, 0x4B, 0x3F, 0xFF}}},
	{{{-3679, -1582, 3011}, 0, {-1601, 1241}, {0x9B, 0x38, 0x35, 0xFF}}},
	{{{-2972, -1032, 2574}, 0, {-2020, 1572}, {0xED, 0x79, 0x20, 0xFF}}},
	{{{-4036, -1003, 2298}, 0, {-1535, 1571}, {0xA6, 0x57, 0x14, 0xFF}}},
	{{{-2972, -1270, 1340}, 0, {-1585, 2214}, {0xFE, 0x71, 0xC6, 0xFF}}},
	{{{-3847, -1270, 1340}, 0, {-1318, 1820}, {0xB2, 0x4E, 0xC2, 0xFF}}},
	{{{-3448, -1981, 578}, 0, {-731, 2149}, {0xA1, 0x50, 0x1C, 0xFF}}},
	{{{-2972, -1754, 683}, 0, {-1045, 2426}, {0xD4, 0x72, 0xDF, 0xFF}}},
	{{{-3847, -2487, 1340}, 0, {-943, 1576}, {0x9D, 0xB9, 0xDD, 0xFF}}},
	{{{-2191, -2869, 434}, 0, {-82, 1458}, {0xDE, 0x86, 0x0D, 0xFF}}},
	{{{-3608, -2732, 434}, 0, {-266, 2025}, {0xCA, 0xAE, 0x50, 0xFF}}},
	{{{-3911, -1981, 523}, 0, {-411, 2247}, {0xAB, 0x2E, 0x52, 0xFF}}},
	{{{-4200, -2112, -942}, 0, {-42, 2410}, {0x8B, 0x28, 0xE3, 0xFF}}},
	{{{-4053, -2884, -942}, 0, {55, 2234}, {0xA5, 0xAB, 0xE6, 0xFF}}},
	{{{-3193, -2648, -1757}, 0, {441, 2354}, {0xBE, 0xB4, 0xB2, 0xFF}}},
	{{{-3193, -2068, -1757}, 0, {423, 2661}, {0xA3, 0x09, 0xAA, 0xFF}}},
	{{{-2194, -2872, -3048}, 0, {1020, 2309}, {0xE8, 0x92, 0xC6, 0xFF}}},
	{{{-2768, -1967, -3398}, 0, {1046, 2513}, {0xB0, 0x1E, 0xA2, 0xFF}}},
	{{{-2083, -1618, -2793}, 0, {1215, 2763}, {0xEF, 0x79, 0xDE, 0xFF}}},
	{{{-2768, -1967, -3398}, 0, {1046, 2513}, {0xB0, 0x1E, 0xA2, 0xFF}}},
	{{{-3193, -2068, -1757}, 0, {423, 2661}, {0xA3, 0x09, 0xAA, 0xFF}}},
	{{{-377, -1922, -3273}, 0, {1959, 2226}, {0xF2, 0x3C, 0x91, 0xFF}}},
	{{{-861, -1580, -3135}, 0, {1759, 2514}, {0xFD, 0x5D, 0xA9, 0xFF}}},
	{{{-2194, -2872, -3048}, 0, {1020, 2309}, {0xE8, 0x92, 0xC6, 0xFF}}},
	{{{-797, -2662, -2862}, 0, {1468, 1948}, {0xF0, 0x96, 0xBC, 0xFF}}},
	{{{137, -2586, -3579}, 0, {1934, 1769}, {0xEB, 0xC6, 0x91, 0xFF}}},
	{{{301, -2029, -3579}, 0, {2161, 1850}, {0xFA, 0x33, 0x8C, 0xFF}}},
	{{{1315, -2015, -3221}, 0, {2348, 1445}, {0x49, 0x16, 0x9A, 0xFF}}},
	{{{781, -1533, -3215}, 0, {2492, 1725}, {0xFF, 0x6B, 0xBC, 0xFF}}},
	{{{1770, -1541, -2399}, 0, {2783, 1081}, {0x13, 0x73, 0xCE, 0xFF}}},
	{{{1890, -2008, -2553}, 0, {2465, 1045}, {0x23, 0x09, 0x86, 0xFF}}},
	{{{2749, -2081, -2785}, 0, {2389, 667}, {0x18, 0x09, 0x84, 0xFF}}},
	{{{3254, -1515, -2273}, 0, {2495, 479}, {0x3D, 0x5F, 0xC7, 0xFF}}},
	{{{3542, -2116, -2184}, 0, {2334, 464}, {0x6C, 0xF6, 0xBF, 0xFF}}},
	{{{3806, -2331, -1289}, 0, {2235, 254}, {0x7C, 0xE5, 0xFF, 0xFF}}},
	{{{3492, -1566, -212}, 0, {2392, -461}, {0x4E, 0x62, 0xEF, 0xFF}}},
	{{{3305, -2157, -80}, 0, {2018, -253}, {0x69, 0xDD, 0xC2, 0xFF}}},
	{{{4082, -2598, 212}, 0, {1769, -524}, {0x5A, 0xC2, 0xC0, 0xFF}}},
	{{{4055, -1781, 1431}, 0, {1732, -862}, {0x58, 0x40, 0x40, 0xFF}}},
	{{{4163, -2575, 1194}, 0, {1629, -691}, {0x65, 0xC0, 0x2A, 0xFF}}},
	{{{3178, -2216, 1816}, 0, {1213, -1029}, {0x64, 0xD1, 0x3F, 0xFF}}},
	{{{2827, -2922, 1560}, 0, {1124, -529}, {0x1A, 0x8E, 0x33, 0xFF}}},
	{{{66, -3297, 2037}, 0, {51, 181}, {0x08, 0x81, 0x02, 0xFF}}},
	{{{2427, -2829, 3679}, 0, {165, -1060}, {0x29, 0x8F, 0x29, 0xFF}}},
	{{{3196, -2760, 3599}, 0, {381, -1268}, {0x42, 0xA5, 0x3B, 0xFF}}},
	{{{3562, -1403, 2381}, 0, {953, -1619}, {0x6D, 0x39, 0xE2, 0xFF}}},
	{{{3479, -1684, 3679}, 0, {421, -1619}, {0x5B, 0x1A, 0x55, 0xFF}}},
	{{{-740, -2718, 3979}, 0, {-933, -64}, {0x09, 0x9A, 0x4B, 0xFF}}},
	{{{-2392, -3053, 2459}, 0, {-784, 847}, {0xE8, 0x84, 0x10, 0xFF}}},
	{{{-3679, -2623, 2823}, 0, {-1192, 1085}, {0xA4, 0xAB, 0x15, 0xFF}}},
	{{{-740, -2718, 3979}, 0, {-933, -64}, {0x09, 0x9A, 0x4B, 0xFF}}},
	{{{-3464, -2466, 4493}, 0, {-1401, 673}, {0xA8, 0xB3, 0x31, 0xFF}}},
	{{{-3679, -2623, 2823}, 0, {-1192, 1085}, {0xA4, 0xAB, 0x15, 0xFF}}},
	{{{-1902, -2793, 4978}, 0, {-1376, 437}, {0x12, 0x91, 0x3A, 0xFF}}},
	{{{-1451, -2068, 4967}, 0, {-1474, 324}, {0x51, 0x20, 0x5C, 0xFF}}},
	{{{-740, -2042, 3979}, 0, {-1340, -276}, {0x10, 0x50, 0x62, 0xFF}}},
	{{{1352, -2182, 5022}, 0, {-412, -1073}, {0xFB, 0xBD, 0x6C, 0xFF}}},
	{{{2427, -2829, 3679}, 0, {165, -1060}, {0x29, 0x8F, 0x29, 0xFF}}},
	{{{2447, -2194, 4638}, 0, {-173, -1265}, {0x4E, 0xC2, 0x4F, 0xFF}}},
	{{{1352, -1119, 5235}, 0, {-566, -1282}, {0xED, 0x4A, 0x65, 0xFF}}},
	{{{2610, -1119, 4782}, 0, {-349, -1491}, {0x4F, 0x47, 0x45, 0xFF}}},
	{{{-1699, -1582, 4506}, 0, {-1670, 297}, {0x24, 0x74, 0x26, 0xFF}}},
	{{{-2181, -2167, 5497}, 0, {-1476, 467}, {0x03, 0x08, 0x7F, 0xFF}}},
	{{{-3467, -1582, 4670}, 0, {-1556, 652}, {0xAF, 0x4B, 0x3F, 0xFF}}},
	{{{-3679, -1582, 3011}, 0, {-1601, 1241}, {0x9B, 0x38, 0x35, 0xFF}}},
	{{{-4036, -1003, 2298}, 0, {-1535, 1571}, {0xA6, 0x57, 0x14, 0xFF}}},
	{{{-3847, -2487, 1340}, 0, {-943, 1576}, {0x9D, 0xB9, 0xDD, 0xFF}}},
	{{{-3847, -1270, 1340}, 0, {-1318, 1820}, {0xB2, 0x4E, 0xC2, 0xFF}}},
	{{{-2392, -3053, 2459}, 0, {-784, 847}, {0xE8, 0x84, 0x10, 0xFF}}},
	{{{-2191, -2869, 434}, 0, {-82, 1458}, {0xDE, 0x86, 0x0D, 0xFF}}},
	{{{66, -3297, 2037}, 0, {51, 181}, {0x08, 0x81, 0x02, 0xFF}}},
	{{{-985, -3313, 674}, 0, {218, 943}, {0xFB, 0x81, 0x05, 0xFF}}},
	{{{-2191, -3105, -841}, 0, {411, 1768}, {0xF3, 0x82, 0xF3, 0xFF}}},
	{{{-4053, -2884, -942}, 0, {55, 2234}, {0xA5, 0xAB, 0xE6, 0xFF}}},
	{{{-3608, -2732, 434}, 0, {-266, 2025}, {0xCA, 0xAE, 0x50, 0xFF}}},
	{{{-3193, -2648, -1757}, 0, {441, 2354}, {0xBE, 0xB4, 0xB2, 0xFF}}},
	{{{-797, -2662, -2862}, 0, {1468, 1948}, {0xF0, 0x96, 0xBC, 0xFF}}},
	{{{-2194, -2872, -3048}, 0, {1020, 2309}, {0xE8, 0x92, 0xC6, 0xFF}}},
	{{{-866, -3028, -764}, 0, {754, 1323}, {0x00, 0x81, 0xF5, 0xFF}}},
	{{{246, -3290, -2019}, 0, {1468, 1309}, {0xF6, 0x83, 0xEE, 0xFF}}},
	{{{137, -2586, -3579}, 0, {1934, 1769}, {0xEB, 0xC6, 0x91, 0xFF}}},
	{{{1242, -2904, -3117}, 0, {2035, 1362}, {0x3A, 0xAA, 0xB7, 0xFF}}},
	{{{1315, -2015, -3221}, 0, {2348, 1445}, {0x49, 0x16, 0x9A, 0xFF}}},
	{{{1242, -2904, -3117}, 0, {2035, 1362}, {0x3A, 0xAA, 0xB7, 0xFF}}},
	{{{137, -2586, -3579}, 0, {1934, 1769}, {0xEB, 0xC6, 0x91, 0xFF}}},
	{{{1839, -2615, -2413}, 0, {2149, 962}, {0x1F, 0xA7, 0xAB, 0xFF}}},
	{{{1890, -2008, -2553}, 0, {2465, 1045}, {0x23, 0x09, 0x86, 0xFF}}},
	{{{2566, -2856, -2528}, 0, {2212, 694}, {0x03, 0x9C, 0xB1, 0xFF}}},
	{{{2749, -2081, -2785}, 0, {2389, 667}, {0x18, 0x09, 0x84, 0xFF}}},
	{{{3542, -2116, -2184}, 0, {2334, 464}, {0x6C, 0xF6, 0xBF, 0xFF}}},
	{{{3024, -2965, -1867}, 0, {2098, 534}, {0x35, 0x92, 0xDE, 0xFF}}},
	{{{3806, -2331, -1289}, 0, {2235, 254}, {0x7C, 0xE5, 0xFF, 0xFF}}},
	{{{3258, -2841, -1105}, 0, {2020, 306}, {0x3F, 0x95, 0x19, 0xFF}}},
	{{{3305, -2157, -80}, 0, {2018, -253}, {0x69, 0xDD, 0xC2, 0xFF}}},
	{{{3305, -2470, -80}, 0, {1865, -187}, {0x42, 0x9D, 0xD4, 0xFF}}},
	{{{4082, -2598, 212}, 0, {1769, -524}, {0x5A, 0xC2, 0xC0, 0xFF}}},
	{{{2827, -2922, 1560}, 0, {1124, -529}, {0x1A, 0x8E, 0x33, 0xFF}}},
	{{{4163, -2575, 1194}, 0, {1629, -691}, {0x65, 0xC0, 0x2A, 0xFF}}},
	{{{1800, -2555, 322}, 0, {1206, 142}, {0x0D, 0x82, 0xFE, 0xFF}}},
	{{{91, -2905, 895}, 0, {494, 515}, {0x1C, 0x86, 0xEB, 0xFF}}},
	{{{66, -3297, 2037}, 0, {51, 181}, {0x08, 0x81, 0x02, 0xFF}}},
	{{{-985, -3313, 674}, 0, {218, 943}, {0xFB, 0x81, 0x05, 0xFF}}},
	{{{-866, -3028, -764}, 0, {754, 1323}, {0x00, 0x81, 0xF5, 0xFF}}},
	{{{-2191, -3105, -841}, 0, {411, 1768}, {0xF3, 0x82, 0xF3, 0xFF}}},
	{{{246, -3290, -2019}, 0, {1468, 1309}, {0xF6, 0x83, 0xEE, 0xFF}}},
	{{{1485, -3290, -1400}, 0, {1658, 802}, {0x05, 0x81, 0x03, 0xFF}}},
	{{{-1902, -2793, 4978}, 0, {-1376, 437}, {0x12, 0x91, 0x3A, 0xFF}}},
	{{{-1451, -2068, 4967}, 0, {-1474, 324}, {0x51, 0x20, 0x5C, 0xFF}}},
	{{{-2181, -2167, 5497}, 0, {-1476, 467}, {0x03, 0x08, 0x7F, 0xFF}}},
	{{{-3464, -2466, 4493}, 0, {-1401, 673}, {0xA8, 0xB3, 0x31, 0xFF}}},
};

Gfx prince_valley_dl_Cube_009_mesh_layer_1_tri_9[] = {
	gsSPVertex(prince_valley_dl_Cube_009_mesh_layer_1_vtx_9 + 0, 32, 0),
	gsSP2Triangles(0, 1, 2, 0, 0, 2, 3, 0),
	gsSP2Triangles(4, 3, 2, 0, 5, 4, 2, 0),
	gsSP2Triangles(5, 2, 6, 0, 5, 6, 7, 0),
	gsSP2Triangles(8, 7, 6, 0, 9, 8, 6, 0),
	gsSP2Triangles(10, 8, 9, 0, 10, 9, 11, 0),
	gsSP2Triangles(12, 10, 11, 0, 12, 13, 10, 0),
	gsSP2Triangles(13, 12, 14, 0, 13, 14, 15, 0),
	gsSP2Triangles(16, 15, 14, 0, 16, 14, 17, 0),
	gsSP2Triangles(18, 16, 17, 0, 18, 17, 19, 0),
	gsSP2Triangles(20, 18, 19, 0, 20, 21, 18, 0),
	gsSP2Triangles(22, 21, 20, 0, 22, 20, 23, 0),
	gsSP2Triangles(23, 24, 22, 0, 22, 24, 25, 0),
	gsSP2Triangles(22, 25, 26, 0, 27, 26, 25, 0),
	gsSP2Triangles(27, 25, 28, 0, 29, 27, 28, 0),
	gsSP2Triangles(29, 28, 30, 0, 31, 29, 30, 0),
	gsSPVertex(prince_valley_dl_Cube_009_mesh_layer_1_vtx_9 + 32, 32, 0),
	gsSP2Triangles(0, 1, 2, 0, 3, 0, 2, 0),
	gsSP2Triangles(3, 2, 4, 0, 2, 5, 4, 0),
	gsSP2Triangles(2, 6, 5, 0, 6, 2, 7, 0),
	gsSP2Triangles(6, 7, 8, 0, 7, 9, 8, 0),
	gsSP2Triangles(7, 10, 9, 0, 9, 10, 11, 0),
	gsSP2Triangles(9, 11, 12, 0, 12, 11, 13, 0),
	gsSP2Triangles(12, 13, 14, 0, 14, 13, 15, 0),
	gsSP2Triangles(16, 15, 13, 0, 16, 17, 15, 0),
	gsSP2Triangles(18, 17, 16, 0, 18, 19, 17, 0),
	gsSP2Triangles(18, 20, 19, 0, 18, 21, 20, 0),
	gsSP2Triangles(20, 22, 19, 0, 20, 23, 22, 0),
	gsSP2Triangles(20, 24, 23, 0, 20, 25, 24, 0),
	gsSP2Triangles(24, 25, 26, 0, 24, 26, 27, 0),
	gsSP2Triangles(26, 28, 27, 0, 26, 29, 28, 0),
	gsSP2Triangles(29, 30, 28, 0, 29, 31, 30, 0),
	gsSPVertex(prince_valley_dl_Cube_009_mesh_layer_1_vtx_9 + 64, 32, 0),
	gsSP2Triangles(0, 1, 2, 0, 0, 3, 1, 0),
	gsSP2Triangles(0, 4, 3, 0, 3, 5, 1, 0),
	gsSP2Triangles(3, 6, 5, 0, 3, 7, 6, 0),
	gsSP2Triangles(3, 8, 7, 0, 9, 7, 8, 0),
	gsSP2Triangles(8, 10, 9, 0, 11, 9, 10, 0),
	gsSP2Triangles(11, 12, 9, 0, 11, 13, 12, 0),
	gsSP2Triangles(11, 14, 13, 0, 14, 15, 13, 0),
	gsSP2Triangles(14, 16, 15, 0, 14, 17, 16, 0),
	gsSP2Triangles(16, 17, 18, 0, 17, 19, 18, 0),
	gsSP2Triangles(19, 17, 20, 0, 19, 20, 21, 0),
	gsSP2Triangles(22, 21, 20, 0, 22, 23, 21, 0),
	gsSP2Triangles(23, 22, 24, 0, 22, 25, 24, 0),
	gsSP2Triangles(22, 26, 25, 0, 27, 26, 22, 0),
	gsSP2Triangles(27, 28, 26, 0, 29, 24, 25, 0),
	gsSP2Triangles(30, 24, 29, 0, 30, 29, 31, 0),
	gsSPVertex(prince_valley_dl_Cube_009_mesh_layer_1_vtx_9 + 96, 32, 0),
	gsSP2Triangles(0, 1, 2, 0, 0, 3, 1, 0),
	gsSP2Triangles(3, 0, 4, 0, 4, 0, 5, 0),
	gsSP2Triangles(6, 5, 0, 0, 0, 7, 6, 0),
	gsSP2Triangles(7, 8, 6, 0, 8, 9, 6, 0),
	gsSP2Triangles(8, 10, 9, 0, 6, 9, 5, 0),
	gsSP2Triangles(4, 5, 11, 0, 12, 4, 11, 0),
	gsSP2Triangles(12, 11, 13, 0, 1, 12, 13, 0),
	gsSP2Triangles(14, 1, 13, 0, 14, 2, 1, 0),
	gsSP2Triangles(2, 14, 15, 0, 15, 16, 2, 0),
	gsSP2Triangles(15, 17, 16, 0, 18, 2, 16, 0),
	gsSP2Triangles(19, 18, 16, 0, 18, 19, 20, 0),
	gsSP2Triangles(19, 21, 20, 0, 21, 19, 22, 0),
	gsSP2Triangles(23, 22, 19, 0, 24, 23, 19, 0),
	gsSP2Triangles(23, 25, 22, 0, 26, 22, 25, 0),
	gsSP2Triangles(27, 26, 25, 0, 22, 26, 28, 0),
	gsSP2Triangles(28, 26, 29, 0, 26, 30, 29, 0),
	gsSP1Triangle(30, 31, 29, 0),
	gsSPVertex(prince_valley_dl_Cube_009_mesh_layer_1_vtx_9 + 128, 28, 0),
	gsSP2Triangles(0, 1, 2, 0, 0, 3, 1, 0),
	gsSP2Triangles(0, 4, 3, 0, 5, 3, 4, 0),
	gsSP2Triangles(5, 4, 6, 0, 7, 5, 6, 0),
	gsSP2Triangles(7, 8, 5, 0, 8, 7, 9, 0),
	gsSP2Triangles(8, 9, 10, 0, 10, 9, 11, 0),
	gsSP2Triangles(10, 11, 12, 0, 13, 12, 11, 0),
	gsSP2Triangles(14, 12, 13, 0, 14, 13, 15, 0),
	gsSP2Triangles(14, 16, 12, 0, 16, 14, 17, 0),
	gsSP2Triangles(14, 18, 17, 0, 17, 18, 19, 0),
	gsSP2Triangles(20, 17, 19, 0, 20, 19, 21, 0),
	gsSP2Triangles(17, 20, 22, 0, 17, 22, 16, 0),
	gsSP2Triangles(22, 23, 16, 0, 22, 3, 23, 0),
	gsSP2Triangles(22, 1, 3, 0, 3, 8, 23, 0),
	gsSP2Triangles(3, 5, 8, 0, 23, 8, 10, 0),
	gsSP2Triangles(23, 10, 16, 0, 12, 16, 10, 0),
	gsSP2Triangles(24, 25, 26, 0, 27, 24, 26, 0),
	gsSPEndDisplayList(),
};

Vtx prince_valley_dl_Cylinder_001_mesh_layer_1_vtx_cull[8] = {
	{{{-2923, 4582, 885}, 0, {0, 0}, {0x00, 0x00, 0x00, 0x00}}},
	{{{-2923, 4615, 885}, 0, {0, 0}, {0x00, 0x00, 0x00, 0x00}}},
	{{{-2923, 4615, -1093}, 0, {0, 0}, {0x00, 0x00, 0x00, 0x00}}},
	{{{-2923, 4582, -1093}, 0, {0, 0}, {0x00, 0x00, 0x00, 0x00}}},
	{{{2923, 4582, 885}, 0, {0, 0}, {0x00, 0x00, 0x00, 0x00}}},
	{{{2923, 4615, 885}, 0, {0, 0}, {0x00, 0x00, 0x00, 0x00}}},
	{{{2923, 4615, -1093}, 0, {0, 0}, {0x00, 0x00, 0x00, 0x00}}},
	{{{2923, 4582, -1093}, 0, {0, 0}, {0x00, 0x00, 0x00, 0x00}}},
};

Vtx prince_valley_dl_Cylinder_001_mesh_layer_1_vtx_0[278] = {
	{{{-2242, 4615, 691}, 0, {-12950, 5754}, {0x00, 0x7F, 0x00, 0xFF}}},
	{{{-2412, 4615, 736}, 0, {-13961, 6026}, {0x00, 0x7F, 0x00, 0xFF}}},
	{{{-2216, 4615, 788}, 0, {-12792, 6334}, {0x00, 0x7F, 0x00, 0xFF}}},
	{{{-1653, 4615, -102}, 0, {-9438, 1029}, {0x04, 0x77, 0xD3, 0xFF}}},
	{{{-1549, 4615, -92}, 0, {-8818, 1089}, {0x04, 0x77, 0xD3, 0xFF}}},
	{{{-1694, 4582, -194}, 0, {-9685, 486}, {0x04, 0x77, 0xD3, 0xFF}}},
	{{{-454, 4615, -670}, 0, {-2294, -2354}, {0x23, 0x77, 0x1C, 0xFF}}},
	{{{-518, 4615, -590}, 0, {-2678, -1876}, {0x23, 0x77, 0x1C, 0xFF}}},
	{{{-355, 4582, -655}, 0, {-1705, -2264}, {0x23, 0x77, 0x1C, 0xFF}}},
	{{{-1292, 4582, -155}, 0, {-7289, 718}, {0x00, 0x81, 0x01, 0xFF}}},
	{{{-1188, 4584, 76}, 0, {-6664, 2092}, {0x00, 0x81, 0x01, 0xFF}}},
	{{{-1694, 4582, -194}, 0, {-9685, 486}, {0x00, 0x81, 0x01, 0xFF}}},
	{{{2242, 4615, 691}, 0, {-12950, 5754}, {0x00, 0x7F, 0x00, 0xFF}}},
	{{{2216, 4615, 788}, 0, {-12792, 6334}, {0x00, 0x7F, 0x00, 0xFF}}},
	{{{2412, 4615, 736}, 0, {-13961, 6026}, {0x00, 0x7F, 0x00, 0xFF}}},
	{{{1653, 4615, -102}, 0, {-9438, 1029}, {0xFC, 0x77, 0xD3, 0xFF}}},
	{{{1694, 4582, -194}, 0, {-9685, 486}, {0xFC, 0x77, 0xD3, 0xFF}}},
	{{{1549, 4615, -92}, 0, {-8818, 1089}, {0xFC, 0x77, 0xD3, 0xFF}}},
	{{{454, 4615, -670}, 0, {-2294, -2354}, {0xDD, 0x77, 0x1C, 0xFF}}},
	{{{355, 4582, -655}, 0, {-1705, -2264}, {0xDD, 0x77, 0x1C, 0xFF}}},
	{{{518, 4615, -590}, 0, {-2678, -1876}, {0xDD, 0x77, 0x1C, 0xFF}}},
	{{{1292, 4582, -155}, 0, {-7289, 718}, {0x00, 0x81, 0x01, 0xFF}}},
	{{{1694, 4582, -194}, 0, {-9685, 486}, {0x00, 0x81, 0x01, 0xFF}}},
	{{{1188, 4584, 76}, 0, {-6664, 2092}, {0x00, 0x81, 0x01, 0xFF}}},
	{{{-518, 4615, -590}, 0, {-2678, -1876}, {0x23, 0x77, 0x1C, 0xFF}}},
	{{{-644, 4615, -433}, 0, {-3428, -942}, {0x23, 0x77, 0x1C, 0xFF}}},
	{{{-607, 4582, -340}, 0, {-3211, -386}, {0x23, 0x77, 0x1C, 0xFF}}},
	{{{-355, 4582, -655}, 0, {-1705, -2264}, {0x23, 0x77, 0x1C, 0xFF}}},
	{{{-668, 4615, -970}, 0, {-3570, -4137}, {0x07, 0x77, 0xD3, 0xFF}}},
	{{{-564, 4615, -954}, 0, {-2951, -4042}, {0x07, 0x77, 0xD3, 0xFF}}},
	{{{-501, 4582, -1032}, 0, {-2578, -4507}, {0x07, 0x77, 0xD3, 0xFF}}},
	{{{-864, 4615, -1000}, 0, {-4741, -4317}, {0x07, 0x77, 0xD3, 0xFF}}},
	{{{-864, 4615, -1000}, 0, {-4741, -4317}, {0x07, 0x77, 0xD3, 0xFF}}},
	{{{-501, 4582, -1032}, 0, {-2578, -4507}, {0x07, 0x77, 0xD3, 0xFF}}},
	{{{-900, 4582, -1093}, 0, {-4957, -4873}, {0x07, 0x77, 0xD3, 0xFF}}},
	{{{-644, 4615, -433}, 0, {-3428, -942}, {0xFA, 0x77, 0x2C, 0xFF}}},
	{{{-844, 4615, -464}, 0, {-4622, -1126}, {0xFA, 0x77, 0x2C, 0xFF}}},
	{{{-1007, 4584, -401}, 0, {-5591, -752}, {0xFA, 0x77, 0x2C, 0xFF}}},
	{{{-607, 4582, -340}, 0, {-3211, -386}, {0xFA, 0x77, 0x2C, 0xFF}}},
	{{{-564, 4615, -954}, 0, {-2951, -4042}, {0x2A, 0x77, 0xF0, 0xFF}}},
	{{{-454, 4615, -670}, 0, {-2294, -2354}, {0x2A, 0x77, 0xF0, 0xFF}}},
	{{{-355, 4582, -655}, 0, {-1705, -2264}, {0x2A, 0x77, 0xF0, 0xFF}}},
	{{{-501, 4582, -1032}, 0, {-2578, -4507}, {0x2A, 0x77, 0xF0, 0xFF}}},
	{{{-2074, 4615, 645}, 0, {-11949, 5484}, {0x20, 0x77, 0x20, 0xFF}}},
	{{{-2216, 4615, 788}, 0, {-12792, 6334}, {0x20, 0x77, 0x20, 0xFF}}},
	{{{-2189, 4582, 885}, 0, {-12636, 6910}, {0x20, 0x77, 0x20, 0xFF}}},
	{{{-1905, 4582, 598}, 0, {-10940, 5201}, {0x20, 0x77, 0x20, 0xFF}}},
	{{{-2002, 4615, 572}, 0, {-11517, 5049}, {0x20, 0x77, 0x20, 0xFF}}},
	{{{-2179, 4615, 253}, 0, {-12574, 3149}, {0x0C, 0x77, 0xD4, 0xFF}}},
	{{{-2081, 4615, 279}, 0, {-11993, 3302}, {0x0C, 0x77, 0xD4, 0xFF}}},
	{{{-2011, 4582, 208}, 0, {-11573, 2878}, {0x0C, 0x77, 0xD4, 0xFF}}},
	{{{-2375, 4615, 201}, 0, {-13744, 2840}, {0x0C, 0x77, 0xD4, 0xFF}}},
	{{{-2402, 4582, 105}, 0, {-13900, 2264}, {0x0C, 0x77, 0xD4, 0xFF}}},
	{{{-2216, 4615, 788}, 0, {-12792, 6334}, {0xF5, 0x77, 0x2A, 0xFF}}},
	{{{-2412, 4615, 736}, 0, {-13961, 6026}, {0xF5, 0x77, 0x2A, 0xFF}}},
	{{{-2580, 4586, 782}, 0, {-14963, 6296}, {0xF5, 0x77, 0x2A, 0xFF}}},
	{{{-2189, 4582, 885}, 0, {-12636, 6910}, {0xF5, 0x77, 0x2A, 0xFF}}},
	{{{-2081, 4615, 279}, 0, {-11993, 3302}, {0x2C, 0x77, 0xF4, 0xFF}}},
	{{{-2002, 4615, 572}, 0, {-11517, 5049}, {0x2C, 0x77, 0xF4, 0xFF}}},
	{{{-1905, 4582, 598}, 0, {-10940, 5201}, {0x2C, 0x77, 0xF4, 0xFF}}},
	{{{-2011, 4582, 208}, 0, {-11573, 2878}, {0x2C, 0x77, 0xF4, 0xFF}}},
	{{{-1549, 4615, -92}, 0, {-8818, 1089}, {0x04, 0x77, 0xD3, 0xFF}}},
	{{{-1350, 4615, -73}, 0, {-7636, 1204}, {0x04, 0x77, 0xD3, 0xFF}}},
	{{{-1292, 4582, -155}, 0, {-7289, 718}, {0x04, 0x77, 0xD3, 0xFF}}},
	{{{-1549, 4615, -92}, 0, {-8818, 1089}, {0x04, 0x77, 0xD3, 0xFF}}},
	{{{-1292, 4582, -155}, 0, {-7289, 718}, {0x04, 0x77, 0xD3, 0xFF}}},
	{{{-1694, 4582, -194}, 0, {-9685, 486}, {0x04, 0x77, 0xD3, 0xFF}}},
	{{{-1786, 4615, 239}, 0, {-10236, 3062}, {0xD7, 0x77, 0x13, 0xFF}}},
	{{{-1829, 4615, 145}, 0, {-10490, 2503}, {0xD7, 0x77, 0x13, 0xFF}}},
	{{{-1929, 4582, 135}, 0, {-11084, 2445}, {0xD7, 0x77, 0x13, 0xFF}}},
	{{{-1703, 4615, 421}, 0, {-9740, 4151}, {0xD7, 0x77, 0x13, 0xFF}}},
	{{{-1761, 4582, 503}, 0, {-10087, 4636}, {0xD7, 0x77, 0x13, 0xFF}}},
	{{{-1829, 4615, 145}, 0, {-10490, 2503}, {0xDB, 0x77, 0xE6, 0xFF}}},
	{{{-1653, 4615, -102}, 0, {-9438, 1029}, {0xDB, 0x77, 0xE6, 0xFF}}},
	{{{-1694, 4582, -194}, 0, {-9685, 486}, {0xDB, 0x77, 0xE6, 0xFF}}},
	{{{-1929, 4582, 135}, 0, {-11084, 2445}, {0xDB, 0x77, 0xE6, 0xFF}}},
	{{{-2580, 4586, 782}, 0, {-14963, 6296}, {0xFF, 0x81, 0x00, 0xFF}}},
	{{{-2686, 4586, 392}, 0, {-15596, 3973}, {0xFF, 0x81, 0x00, 0xFF}}},
	{{{-1905, 4582, 598}, 0, {-10940, 5201}, {0xFF, 0x81, 0x00, 0xFF}}},
	{{{-2189, 4582, 885}, 0, {-12636, 6910}, {0xFF, 0x81, 0x00, 0xFF}}},
	{{{-2686, 4586, 392}, 0, {-15596, 3973}, {0xFF, 0x81, 0x01, 0xFF}}},
	{{{-2402, 4582, 105}, 0, {-13900, 2264}, {0xFF, 0x81, 0x01, 0xFF}}},
	{{{-2011, 4582, 208}, 0, {-11573, 2878}, {0xFF, 0x81, 0x01, 0xFF}}},
	{{{-1905, 4582, 598}, 0, {-10940, 5201}, {0xFF, 0x81, 0x01, 0xFF}}},
	{{{-1188, 4584, 76}, 0, {-6664, 2092}, {0x00, 0x81, 0x01, 0xFF}}},
	{{{-1125, 4586, 213}, 0, {-6292, 2910}, {0x00, 0x81, 0x01, 0xFF}}},
	{{{-1929, 4582, 135}, 0, {-11084, 2445}, {0x00, 0x81, 0x01, 0xFF}}},
	{{{-1694, 4582, -194}, 0, {-9685, 486}, {0x00, 0x81, 0x01, 0xFF}}},
	{{{-1125, 4586, 213}, 0, {-6292, 2910}, {0x01, 0x81, 0x00, 0xFF}}},
	{{{-1359, 4586, 542}, 0, {-7691, 4868}, {0x01, 0x81, 0x00, 0xFF}}},
	{{{-1761, 4582, 503}, 0, {-10087, 4636}, {0x01, 0x81, 0x00, 0xFF}}},
	{{{-1929, 4582, 135}, 0, {-11084, 2445}, {0x01, 0x81, 0x00, 0xFF}}},
	{{{-1007, 4584, -401}, 0, {-5591, -752}, {0x00, 0x81, 0x00, 0xFF}}},
	{{{-1153, 4584, -778}, 0, {-6463, -2995}, {0x00, 0x81, 0x00, 0xFF}}},
	{{{-355, 4582, -655}, 0, {-1705, -2264}, {0x00, 0x81, 0x00, 0xFF}}},
	{{{-607, 4582, -340}, 0, {-3211, -386}, {0x00, 0x81, 0x00, 0xFF}}},
	{{{-1153, 4584, -778}, 0, {-6463, -2995}, {0x00, 0x81, 0x00, 0xFF}}},
	{{{-900, 4582, -1093}, 0, {-4957, -4873}, {0x00, 0x81, 0x00, 0xFF}}},
	{{{-501, 4582, -1032}, 0, {-2578, -4507}, {0x00, 0x81, 0x00, 0xFF}}},
	{{{-355, 4582, -655}, 0, {-1705, -2264}, {0x00, 0x81, 0x00, 0xFF}}},
	{{{-2216, 4615, 788}, 0, {-12792, 6334}, {0x00, 0x7F, 0x00, 0xFF}}},
	{{{-2074, 4615, 645}, 0, {-11949, 5484}, {0x00, 0x7F, 0x00, 0xFF}}},
	{{{-2242, 4615, 691}, 0, {-12950, 5754}, {0x00, 0x7F, 0x00, 0xFF}}},
	{{{-2686, 4586, 392}, 0, {-15596, 3973}, {0xE1, 0x77, 0xE1, 0xFF}}},
	{{{-2519, 4615, 346}, 0, {-14598, 3701}, {0xE1, 0x77, 0xE1, 0xFF}}},
	{{{-2375, 4615, 201}, 0, {-13744, 2840}, {0xE1, 0x77, 0xE1, 0xFF}}},
	{{{-2402, 4582, 105}, 0, {-13900, 2264}, {0xE1, 0x77, 0xE1, 0xFF}}},
	{{{-2179, 4615, 253}, 0, {-12574, 3149}, {0x00, 0x7F, 0x00, 0xFF}}},
	{{{-2002, 4615, 572}, 0, {-11517, 5049}, {0x00, 0x7F, 0x00, 0xFF}}},
	{{{-2081, 4615, 279}, 0, {-11993, 3302}, {0x00, 0x7F, 0x00, 0xFF}}},
	{{{-1359, 4586, 542}, 0, {-7691, 4868}, {0xFB, 0x77, 0x2B, 0xFF}}},
	{{{-1501, 4615, 441}, 0, {-8538, 4267}, {0xFB, 0x77, 0x2B, 0xFF}}},
	{{{-1703, 4615, 421}, 0, {-9740, 4151}, {0xFB, 0x77, 0x2B, 0xFF}}},
	{{{-1761, 4582, 503}, 0, {-10087, 4636}, {0xFB, 0x77, 0x2B, 0xFF}}},
	{{{-1786, 4615, 239}, 0, {-10236, 3062}, {0x00, 0x7F, 0x00, 0xFF}}},
	{{{-1653, 4615, -102}, 0, {-9438, 1029}, {0x00, 0x7F, 0x00, 0xFF}}},
	{{{-1829, 4615, 145}, 0, {-10490, 2503}, {0x00, 0x7F, 0x00, 0xFF}}},
	{{{-1549, 4615, -92}, 0, {-8818, 1089}, {0x00, 0x7F, 0x00, 0xFF}}},
	{{{-668, 4615, -970}, 0, {-3570, -4137}, {0x00, 0x7F, 0x00, 0xFF}}},
	{{{-454, 4615, -670}, 0, {-2294, -2354}, {0x00, 0x7F, 0x00, 0xFF}}},
	{{{-564, 4615, -954}, 0, {-2951, -4042}, {0x00, 0x7F, 0x00, 0xFF}}},
	{{{-518, 4615, -590}, 0, {-2678, -1876}, {0x00, 0x7F, 0x00, 0xFF}}},
	{{{-1153, 4584, -778}, 0, {-6463, -2995}, {0xDE, 0x77, 0xE4, 0xFF}}},
	{{{-991, 4615, -842}, 0, {-5494, -3378}, {0xDE, 0x77, 0xE4, 0xFF}}},
	{{{-864, 4615, -1000}, 0, {-4741, -4317}, {0xDE, 0x77, 0xE4, 0xFF}}},
	{{{-900, 4582, -1093}, 0, {-4957, -4873}, {0xDE, 0x77, 0xE4, 0xFF}}},
	{{{-1292, 4582, -155}, 0, {-7289, 718}, {0x28, 0x77, 0xED, 0xFF}}},
	{{{-1350, 4615, -73}, 0, {-7636, 1204}, {0x28, 0x77, 0xED, 0xFF}}},
	{{{-1266, 4615, 111}, 0, {-7136, 2301}, {0x28, 0x77, 0xED, 0xFF}}},
	{{{-1188, 4584, 76}, 0, {-6664, 2092}, {0x28, 0x77, 0xED, 0xFF}}},
	{{{-1195, 4601, 162}, 0, {-6714, 2605}, {0x28, 0x77, 0xED, 0xFF}}},
	{{{518, 4615, -590}, 0, {-2678, -1876}, {0xDD, 0x77, 0x1C, 0xFF}}},
	{{{355, 4582, -655}, 0, {-1705, -2264}, {0xDD, 0x77, 0x1C, 0xFF}}},
	{{{607, 4582, -340}, 0, {-3211, -386}, {0xDD, 0x77, 0x1C, 0xFF}}},
	{{{644, 4615, -433}, 0, {-3428, -942}, {0xDD, 0x77, 0x1C, 0xFF}}},
	{{{668, 4615, -970}, 0, {-3570, -4137}, {0xF9, 0x77, 0xD3, 0xFF}}},
	{{{501, 4582, -1032}, 0, {-2578, -4507}, {0xF9, 0x77, 0xD3, 0xFF}}},
	{{{564, 4615, -954}, 0, {-2951, -4042}, {0xF9, 0x77, 0xD3, 0xFF}}},
	{{{864, 4615, -1000}, 0, {-4741, -4317}, {0xF9, 0x77, 0xD3, 0xFF}}},
	{{{900, 4582, -1093}, 0, {-4957, -4873}, {0xF9, 0x77, 0xD3, 0xFF}}},
	{{{644, 4615, -433}, 0, {-3428, -942}, {0x06, 0x77, 0x2C, 0xFF}}},
	{{{607, 4582, -340}, 0, {-3211, -386}, {0x06, 0x77, 0x2C, 0xFF}}},
	{{{1007, 4584, -401}, 0, {-5591, -752}, {0x06, 0x77, 0x2C, 0xFF}}},
	{{{844, 4615, -464}, 0, {-4622, -1126}, {0x06, 0x77, 0x2C, 0xFF}}},
	{{{564, 4615, -954}, 0, {-2951, -4042}, {0xD6, 0x77, 0xF0, 0xFF}}},
	{{{501, 4582, -1032}, 0, {-2578, -4507}, {0xD6, 0x77, 0xF0, 0xFF}}},
	{{{355, 4582, -655}, 0, {-1705, -2264}, {0xD6, 0x77, 0xF0, 0xFF}}},
	{{{454, 4615, -670}, 0, {-2294, -2354}, {0xD6, 0x77, 0xF0, 0xFF}}},
	{{{2074, 4615, 645}, 0, {-11949, 5484}, {0xE0, 0x77, 0x20, 0xFF}}},
	{{{2189, 4582, 885}, 0, {-12636, 6910}, {0xE0, 0x77, 0x20, 0xFF}}},
	{{{2216, 4615, 788}, 0, {-12792, 6334}, {0xE0, 0x77, 0x20, 0xFF}}},
	{{{1905, 4582, 598}, 0, {-10940, 5201}, {0xE0, 0x77, 0x20, 0xFF}}},
	{{{2002, 4615, 572}, 0, {-11517, 5049}, {0xE0, 0x77, 0x20, 0xFF}}},
	{{{2179, 4615, 253}, 0, {-12574, 3149}, {0xF4, 0x77, 0xD4, 0xFF}}},
	{{{2011, 4582, 208}, 0, {-11573, 2878}, {0xF4, 0x77, 0xD4, 0xFF}}},
	{{{2081, 4615, 279}, 0, {-11993, 3302}, {0xF4, 0x77, 0xD4, 0xFF}}},
	{{{2375, 4615, 201}, 0, {-13744, 2840}, {0xF4, 0x77, 0xD4, 0xFF}}},
	{{{2402, 4582, 105}, 0, {-13900, 2264}, {0xF4, 0x77, 0xD4, 0xFF}}},
	{{{2216, 4615, 788}, 0, {-12792, 6334}, {0x0B, 0x77, 0x2A, 0xFF}}},
	{{{2189, 4582, 885}, 0, {-12636, 6910}, {0x0B, 0x77, 0x2A, 0xFF}}},
	{{{2580, 4586, 782}, 0, {-14963, 6296}, {0x0B, 0x77, 0x2A, 0xFF}}},
	{{{2412, 4615, 736}, 0, {-13961, 6026}, {0x0B, 0x77, 0x2A, 0xFF}}},
	{{{2081, 4615, 279}, 0, {-11993, 3302}, {0xD4, 0x77, 0xF4, 0xFF}}},
	{{{2011, 4582, 208}, 0, {-11573, 2878}, {0xD4, 0x77, 0xF4, 0xFF}}},
	{{{1905, 4582, 598}, 0, {-10940, 5201}, {0xD4, 0x77, 0xF4, 0xFF}}},
	{{{2002, 4615, 572}, 0, {-11517, 5049}, {0xD4, 0x77, 0xF4, 0xFF}}},
	{{{1549, 4615, -92}, 0, {-8818, 1089}, {0xFC, 0x77, 0xD3, 0xFF}}},
	{{{1694, 4582, -194}, 0, {-9685, 486}, {0xFC, 0x77, 0xD3, 0xFF}}},
	{{{1292, 4582, -155}, 0, {-7289, 718}, {0xFC, 0x77, 0xD3, 0xFF}}},
	{{{1350, 4615, -73}, 0, {-7636, 1204}, {0xFC, 0x77, 0xD3, 0xFF}}},
	{{{1786, 4615, 239}, 0, {-10236, 3062}, {0x29, 0x77, 0x13, 0xFF}}},
	{{{1929, 4582, 135}, 0, {-11084, 2445}, {0x29, 0x77, 0x13, 0xFF}}},
	{{{1829, 4615, 145}, 0, {-10490, 2503}, {0x29, 0x77, 0x13, 0xFF}}},
	{{{1703, 4615, 421}, 0, {-9740, 4151}, {0x29, 0x77, 0x13, 0xFF}}},
	{{{1761, 4582, 503}, 0, {-10087, 4636}, {0x29, 0x77, 0x13, 0xFF}}},
	{{{1829, 4615, 145}, 0, {-10490, 2503}, {0x25, 0x77, 0xE6, 0xFF}}},
	{{{1929, 4582, 135}, 0, {-11084, 2445}, {0x25, 0x77, 0xE6, 0xFF}}},
	{{{1694, 4582, -194}, 0, {-9685, 486}, {0x25, 0x77, 0xE6, 0xFF}}},
	{{{1653, 4615, -102}, 0, {-9438, 1029}, {0x25, 0x77, 0xE6, 0xFF}}},
	{{{2580, 4586, 782}, 0, {-14963, 6296}, {0x01, 0x81, 0x00, 0xFF}}},
	{{{2189, 4582, 885}, 0, {-12636, 6910}, {0x01, 0x81, 0x00, 0xFF}}},
	{{{1905, 4582, 598}, 0, {-10940, 5201}, {0x01, 0x81, 0x00, 0xFF}}},
	{{{2686, 4586, 392}, 0, {-15596, 3973}, {0x01, 0x81, 0x00, 0xFF}}},
	{{{2686, 4586, 392}, 0, {-15596, 3973}, {0x01, 0x81, 0x01, 0xFF}}},
	{{{1905, 4582, 598}, 0, {-10940, 5201}, {0x01, 0x81, 0x01, 0xFF}}},
	{{{2011, 4582, 208}, 0, {-11573, 2878}, {0x01, 0x81, 0x01, 0xFF}}},
	{{{2402, 4582, 105}, 0, {-13900, 2264}, {0x01, 0x81, 0x01, 0xFF}}},
	{{{1188, 4584, 76}, 0, {-6664, 2092}, {0x00, 0x81, 0x01, 0xFF}}},
	{{{1694, 4582, -194}, 0, {-9685, 486}, {0x00, 0x81, 0x01, 0xFF}}},
	{{{1929, 4582, 135}, 0, {-11084, 2445}, {0x00, 0x81, 0x01, 0xFF}}},
	{{{1188, 4584, 76}, 0, {-6664, 2092}, {0x00, 0x81, 0x01, 0xFF}}},
	{{{1929, 4582, 135}, 0, {-11084, 2445}, {0x00, 0x81, 0x01, 0xFF}}},
	{{{1125, 4586, 213}, 0, {-6292, 2910}, {0x00, 0x81, 0x01, 0xFF}}},
	{{{1125, 4586, 213}, 0, {-6292, 2910}, {0xFF, 0x81, 0x00, 0xFF}}},
	{{{1929, 4582, 135}, 0, {-11084, 2445}, {0xFF, 0x81, 0x00, 0xFF}}},
	{{{1761, 4582, 503}, 0, {-10087, 4636}, {0xFF, 0x81, 0x00, 0xFF}}},
	{{{1359, 4586, 542}, 0, {-7691, 4868}, {0xFF, 0x81, 0x00, 0xFF}}},
	{{{1007, 4584, -401}, 0, {-5591, -752}, {0x00, 0x81, 0x00, 0xFF}}},
	{{{607, 4582, -340}, 0, {-3211, -386}, {0x00, 0x81, 0x00, 0xFF}}},
	{{{355, 4582, -655}, 0, {-1705, -2264}, {0x00, 0x81, 0x00, 0xFF}}},
	{{{1153, 4584, -778}, 0, {-6463, -2995}, {0x00, 0x81, 0x00, 0xFF}}},
	{{{1153, 4584, -778}, 0, {-6463, -2995}, {0x00, 0x81, 0x00, 0xFF}}},
	{{{355, 4582, -655}, 0, {-1705, -2264}, {0x00, 0x81, 0x00, 0xFF}}},
	{{{501, 4582, -1032}, 0, {-2578, -4507}, {0x00, 0x81, 0x00, 0xFF}}},
	{{{900, 4582, -1093}, 0, {-4957, -4873}, {0x00, 0x81, 0x00, 0xFF}}},
	{{{2216, 4615, 788}, 0, {-12792, 6334}, {0x00, 0x7F, 0x00, 0xFF}}},
	{{{2242, 4615, 691}, 0, {-12950, 5754}, {0x00, 0x7F, 0x00, 0xFF}}},
	{{{2074, 4615, 645}, 0, {-11949, 5484}, {0x00, 0x7F, 0x00, 0xFF}}},
	{{{2686, 4586, 392}, 0, {-15596, 3973}, {0x1F, 0x77, 0xE1, 0xFF}}},
	{{{2402, 4582, 105}, 0, {-13900, 2264}, {0x1F, 0x77, 0xE1, 0xFF}}},
	{{{2375, 4615, 201}, 0, {-13744, 2840}, {0x1F, 0x77, 0xE1, 0xFF}}},
	{{{2519, 4615, 346}, 0, {-14598, 3701}, {0x1F, 0x77, 0xE1, 0xFF}}},
	{{{2179, 4615, 253}, 0, {-12574, 3149}, {0x00, 0x7F, 0x00, 0xFF}}},
	{{{2081, 4615, 279}, 0, {-11993, 3302}, {0x00, 0x7F, 0x00, 0xFF}}},
	{{{2002, 4615, 572}, 0, {-11517, 5049}, {0x00, 0x7F, 0x00, 0xFF}}},
	{{{1359, 4586, 542}, 0, {-7691, 4868}, {0x05, 0x77, 0x2B, 0xFF}}},
	{{{1761, 4582, 503}, 0, {-10087, 4636}, {0x05, 0x77, 0x2B, 0xFF}}},
	{{{1703, 4615, 421}, 0, {-9740, 4151}, {0x05, 0x77, 0x2B, 0xFF}}},
	{{{1501, 4615, 441}, 0, {-8538, 4267}, {0x05, 0x77, 0x2B, 0xFF}}},
	{{{1786, 4615, 239}, 0, {-10236, 3062}, {0x00, 0x7F, 0x00, 0xFF}}},
	{{{1829, 4615, 145}, 0, {-10490, 2503}, {0x00, 0x7F, 0x00, 0xFF}}},
	{{{1653, 4615, -102}, 0, {-9438, 1029}, {0x00, 0x7F, 0x00, 0xFF}}},
	{{{1786, 4615, 239}, 0, {-10236, 3062}, {0x00, 0x7F, 0x00, 0xFF}}},
	{{{1653, 4615, -102}, 0, {-9438, 1029}, {0x00, 0x7F, 0x00, 0xFF}}},
	{{{1549, 4615, -92}, 0, {-8818, 1089}, {0x00, 0x7F, 0x00, 0xFF}}},
	{{{668, 4615, -970}, 0, {-3570, -4137}, {0x00, 0x7F, 0x00, 0xFF}}},
	{{{564, 4615, -954}, 0, {-2951, -4042}, {0x00, 0x7F, 0x00, 0xFF}}},
	{{{454, 4615, -670}, 0, {-2294, -2354}, {0x00, 0x7F, 0x00, 0xFF}}},
	{{{518, 4615, -590}, 0, {-2678, -1876}, {0x00, 0x7F, 0x00, 0xFF}}},
	{{{1153, 4584, -778}, 0, {-6463, -2995}, {0x22, 0x77, 0xE4, 0xFF}}},
	{{{900, 4582, -1093}, 0, {-4957, -4873}, {0x22, 0x77, 0xE4, 0xFF}}},
	{{{864, 4615, -1000}, 0, {-4741, -4317}, {0x22, 0x77, 0xE4, 0xFF}}},
	{{{991, 4615, -842}, 0, {-5494, -3378}, {0x22, 0x77, 0xE4, 0xFF}}},
	{{{1266, 4615, 111}, 0, {-7136, 2301}, {0xD8, 0x77, 0xED, 0xFF}}},
	{{{1350, 4615, -73}, 0, {-7636, 1204}, {0xD8, 0x77, 0xED, 0xFF}}},
	{{{1292, 4582, -155}, 0, {-7289, 718}, {0xD8, 0x77, 0xED, 0xFF}}},
	{{{1195, 4601, 162}, 0, {-6714, 2605}, {0xD8, 0x77, 0xED, 0xFF}}},
	{{{1188, 4584, 76}, 0, {-6664, 2092}, {0xD8, 0x77, 0xED, 0xFF}}},
	{{{-1350, 4615, -73}, 0, {-7636, 1204}, {0x00, 0x7F, 0x00, 0xFF}}},
	{{{-1549, 4615, -92}, 0, {-8818, 1089}, {0x00, 0x7F, 0x00, 0xFF}}},
	{{{-1408, 4615, 9}, 0, {-7983, 1691}, {0x00, 0x7F, 0x00, 0xFF}}},
	{{{-1266, 4615, 111}, 0, {-7136, 2301}, {0x00, 0x7F, 0x00, 0xFF}}},
	{{{-644, 4615, -433}, 0, {-3428, -942}, {0x00, 0x7F, 0x00, 0xFF}}},
	{{{-518, 4615, -590}, 0, {-2678, -1876}, {0x00, 0x7F, 0x00, 0xFF}}},
	{{{-680, 4615, -527}, 0, {-3646, -1503}, {0x00, 0x7F, 0x00, 0xFF}}},
	{{{-844, 4615, -464}, 0, {-4622, -1126}, {0x00, 0x7F, 0x00, 0xFF}}},
	{{{-2349, 4615, 300}, 0, {-13585, 3424}, {0x00, 0x7F, 0x00, 0xFF}}},
	{{{-2179, 4615, 253}, 0, {-12574, 3149}, {0x00, 0x7F, 0x00, 0xFF}}},
	{{{-2375, 4615, 201}, 0, {-13744, 2840}, {0x00, 0x7F, 0x00, 0xFF}}},
	{{{-2519, 4615, 346}, 0, {-14598, 3701}, {0x00, 0x7F, 0x00, 0xFF}}},
	{{{-1501, 4615, 441}, 0, {-8538, 4267}, {0x00, 0x7F, 0x00, 0xFF}}},
	{{{-1645, 4615, 339}, 0, {-9391, 3662}, {0x00, 0x7F, 0x00, 0xFF}}},
	{{{-1703, 4615, 421}, 0, {-9740, 4151}, {0x00, 0x7F, 0x00, 0xFF}}},
	{{{-1786, 4615, 239}, 0, {-10236, 3062}, {0x00, 0x7F, 0x00, 0xFF}}},
	{{{-991, 4615, -842}, 0, {-5494, -3378}, {0x00, 0x7F, 0x00, 0xFF}}},
	{{{-828, 4615, -906}, 0, {-4524, -3761}, {0x00, 0x7F, 0x00, 0xFF}}},
	{{{-864, 4615, -1000}, 0, {-4741, -4317}, {0x00, 0x7F, 0x00, 0xFF}}},
	{{{-668, 4615, -970}, 0, {-3570, -4137}, {0x00, 0x7F, 0x00, 0xFF}}},
	{{{1350, 4615, -73}, 0, {-7636, 1204}, {0x00, 0x7F, 0x00, 0xFF}}},
	{{{1408, 4615, 9}, 0, {-7983, 1691}, {0x00, 0x7F, 0x00, 0xFF}}},
	{{{1549, 4615, -92}, 0, {-8818, 1089}, {0x00, 0x7F, 0x00, 0xFF}}},
	{{{1266, 4615, 111}, 0, {-7136, 2301}, {0x00, 0x7F, 0x00, 0xFF}}},
	{{{644, 4615, -433}, 0, {-3428, -942}, {0x00, 0x7F, 0x00, 0xFF}}},
	{{{680, 4615, -527}, 0, {-3646, -1503}, {0x00, 0x7F, 0x00, 0xFF}}},
	{{{518, 4615, -590}, 0, {-2678, -1876}, {0x00, 0x7F, 0x00, 0xFF}}},
	{{{844, 4615, -464}, 0, {-4622, -1126}, {0x00, 0x7F, 0x00, 0xFF}}},
	{{{2349, 4615, 300}, 0, {-13585, 3424}, {0x00, 0x7F, 0x00, 0xFF}}},
	{{{2375, 4615, 201}, 0, {-13744, 2840}, {0x00, 0x7F, 0x00, 0xFF}}},
	{{{2179, 4615, 253}, 0, {-12574, 3149}, {0x00, 0x7F, 0x00, 0xFF}}},
	{{{2519, 4615, 346}, 0, {-14598, 3701}, {0x00, 0x7F, 0x00, 0xFF}}},
	{{{1501, 4615, 441}, 0, {-8538, 4267}, {0x00, 0x7F, 0x00, 0xFF}}},
	{{{1703, 4615, 421}, 0, {-9740, 4151}, {0x00, 0x7F, 0x00, 0xFF}}},
	{{{1645, 4615, 339}, 0, {-9391, 3662}, {0x00, 0x7F, 0x00, 0xFF}}},
	{{{1786, 4615, 239}, 0, {-10236, 3062}, {0x00, 0x7F, 0x00, 0xFF}}},
	{{{991, 4615, -842}, 0, {-5494, -3378}, {0x00, 0x7F, 0x00, 0xFF}}},
	{{{864, 4615, -1000}, 0, {-4741, -4317}, {0x00, 0x7F, 0x00, 0xFF}}},
	{{{828, 4615, -906}, 0, {-4524, -3761}, {0x00, 0x7F, 0x00, 0xFF}}},
	{{{668, 4615, -970}, 0, {-3570, -4137}, {0x00, 0x7F, 0x00, 0xFF}}},
};

Gfx prince_valley_dl_Cylinder_001_mesh_layer_1_tri_0[] = {
	gsSPVertex(prince_valley_dl_Cylinder_001_mesh_layer_1_vtx_0 + 0, 32, 0),
	gsSP2Triangles(0, 1, 2, 0, 3, 4, 5, 0),
	gsSP2Triangles(6, 7, 8, 0, 9, 10, 11, 0),
	gsSP2Triangles(12, 13, 14, 0, 15, 16, 17, 0),
	gsSP2Triangles(18, 19, 20, 0, 21, 22, 23, 0),
	gsSP2Triangles(24, 25, 26, 0, 24, 26, 27, 0),
	gsSP2Triangles(28, 29, 30, 0, 31, 28, 30, 0),
	gsSPVertex(prince_valley_dl_Cylinder_001_mesh_layer_1_vtx_0 + 32, 32, 0),
	gsSP2Triangles(0, 1, 2, 0, 3, 4, 5, 0),
	gsSP2Triangles(3, 5, 6, 0, 7, 8, 9, 0),
	gsSP2Triangles(7, 9, 10, 0, 11, 12, 13, 0),
	gsSP2Triangles(11, 13, 14, 0, 15, 11, 14, 0),
	gsSP2Triangles(16, 17, 18, 0, 19, 16, 18, 0),
	gsSP2Triangles(19, 18, 20, 0, 21, 22, 23, 0),
	gsSP2Triangles(21, 23, 24, 0, 25, 26, 27, 0),
	gsSP2Triangles(25, 27, 28, 0, 29, 30, 31, 0),
	gsSPVertex(prince_valley_dl_Cylinder_001_mesh_layer_1_vtx_0 + 64, 32, 0),
	gsSP2Triangles(0, 1, 2, 0, 3, 4, 5, 0),
	gsSP2Triangles(6, 3, 5, 0, 6, 5, 7, 0),
	gsSP2Triangles(8, 9, 10, 0, 8, 10, 11, 0),
	gsSP2Triangles(12, 13, 14, 0, 12, 14, 15, 0),
	gsSP2Triangles(16, 17, 18, 0, 16, 18, 19, 0),
	gsSP2Triangles(20, 21, 22, 0, 20, 22, 23, 0),
	gsSP2Triangles(24, 25, 26, 0, 24, 26, 27, 0),
	gsSP2Triangles(28, 29, 30, 0, 28, 30, 31, 0),
	gsSPVertex(prince_valley_dl_Cylinder_001_mesh_layer_1_vtx_0 + 96, 30, 0),
	gsSP2Triangles(0, 1, 2, 0, 0, 2, 3, 0),
	gsSP2Triangles(4, 5, 6, 0, 7, 8, 9, 0),
	gsSP2Triangles(7, 9, 10, 0, 11, 12, 13, 0),
	gsSP2Triangles(11, 5, 12, 0, 14, 15, 16, 0),
	gsSP2Triangles(14, 16, 17, 0, 18, 19, 20, 0),
	gsSP2Triangles(18, 21, 19, 0, 22, 23, 24, 0),
	gsSP2Triangles(22, 25, 23, 0, 26, 27, 28, 0),
	gsSP1Triangle(26, 28, 29, 0),
	gsSPVertex(prince_valley_dl_Cylinder_001_mesh_layer_1_vtx_0 + 126, 32, 0),
	gsSP2Triangles(0, 1, 2, 0, 2, 3, 0, 0),
	gsSP2Triangles(2, 4, 3, 0, 5, 6, 7, 0),
	gsSP2Triangles(5, 7, 8, 0, 9, 10, 11, 0),
	gsSP2Triangles(12, 10, 9, 0, 12, 13, 10, 0),
	gsSP2Triangles(14, 15, 16, 0, 14, 16, 17, 0),
	gsSP2Triangles(18, 19, 20, 0, 18, 20, 21, 0),
	gsSP2Triangles(22, 23, 24, 0, 22, 25, 23, 0),
	gsSP2Triangles(26, 25, 22, 0, 27, 28, 29, 0),
	gsSP2Triangles(30, 28, 27, 0, 30, 31, 28, 0),
	gsSPVertex(prince_valley_dl_Cylinder_001_mesh_layer_1_vtx_0 + 158, 32, 0),
	gsSP2Triangles(0, 1, 2, 0, 0, 2, 3, 0),
	gsSP2Triangles(4, 5, 6, 0, 4, 6, 7, 0),
	gsSP2Triangles(8, 9, 10, 0, 8, 10, 11, 0),
	gsSP2Triangles(12, 13, 14, 0, 15, 13, 12, 0),
	gsSP2Triangles(15, 16, 13, 0, 17, 18, 19, 0),
	gsSP2Triangles(17, 19, 20, 0, 21, 22, 23, 0),
	gsSP2Triangles(21, 23, 24, 0, 25, 26, 27, 0),
	gsSP2Triangles(25, 27, 28, 0, 29, 30, 31, 0),
	gsSPVertex(prince_valley_dl_Cylinder_001_mesh_layer_1_vtx_0 + 190, 32, 0),
	gsSP2Triangles(0, 1, 2, 0, 3, 4, 5, 0),
	gsSP2Triangles(3, 5, 6, 0, 7, 8, 9, 0),
	gsSP2Triangles(7, 9, 10, 0, 11, 12, 13, 0),
	gsSP2Triangles(11, 13, 14, 0, 15, 16, 17, 0),
	gsSP2Triangles(18, 19, 20, 0, 18, 20, 21, 0),
	gsSP2Triangles(22, 23, 24, 0, 22, 24, 17, 0),
	gsSP2Triangles(25, 26, 27, 0, 25, 27, 28, 0),
	gsSP1Triangle(29, 30, 31, 0),
	gsSPVertex(prince_valley_dl_Cylinder_001_mesh_layer_1_vtx_0 + 222, 32, 0),
	gsSP2Triangles(0, 1, 2, 0, 3, 4, 5, 0),
	gsSP2Triangles(3, 5, 6, 0, 7, 8, 9, 0),
	gsSP2Triangles(7, 9, 10, 0, 11, 12, 13, 0),
	gsSP2Triangles(13, 14, 11, 0, 13, 15, 14, 0),
	gsSP2Triangles(16, 17, 18, 0, 18, 19, 16, 0),
	gsSP2Triangles(20, 21, 22, 0, 22, 23, 20, 0),
	gsSP2Triangles(24, 25, 26, 0, 27, 24, 26, 0),
	gsSP2Triangles(28, 29, 30, 0, 29, 31, 30, 0),
	gsSPVertex(prince_valley_dl_Cylinder_001_mesh_layer_1_vtx_0 + 254, 24, 0),
	gsSP2Triangles(0, 1, 2, 0, 1, 3, 2, 0),
	gsSP2Triangles(4, 5, 6, 0, 5, 4, 7, 0),
	gsSP2Triangles(8, 9, 10, 0, 9, 8, 11, 0),
	gsSP2Triangles(12, 13, 14, 0, 15, 13, 12, 0),
	gsSP2Triangles(16, 17, 18, 0, 18, 17, 19, 0),
	gsSP2Triangles(20, 21, 22, 0, 22, 21, 23, 0),
	gsSPEndDisplayList(),
};

Vtx prince_valley_dl_Cylinder_001_mesh_layer_1_vtx_1[140] = {
	{{{-1054, 4615, -763}, 0, {-5874, -2905}, {0xDF, 0x78, 0xE5, 0xFF}}},
	{{{-991, 4615, -842}, 0, {-5494, -3378}, {0xDF, 0x78, 0xE5, 0xFF}}},
	{{{-1153, 4584, -778}, 0, {-6463, -2995}, {0xDF, 0x78, 0xE5, 0xFF}}},
	{{{-2589, 4615, 417}, 0, {-15019, 4126}, {0xE3, 0x78, 0xE3, 0xFF}}},
	{{{-2519, 4615, 346}, 0, {-14598, 3701}, {0xE3, 0x78, 0xE3, 0xFF}}},
	{{{-2686, 4586, 392}, 0, {-15596, 3973}, {0xE3, 0x78, 0xE3, 0xFF}}},
	{{{-1401, 4615, 451}, 0, {-7938, 4325}, {0xFC, 0x78, 0x29, 0xFF}}},
	{{{-1501, 4615, 441}, 0, {-8538, 4267}, {0xFC, 0x78, 0x29, 0xFF}}},
	{{{-1359, 4586, 542}, 0, {-7691, 4868}, {0xFC, 0x78, 0x29, 0xFF}}},
	{{{-1188, 4584, 76}, 0, {-6664, 2092}, {0x27, 0x77, 0xED, 0xFF}}},
	{{{-1195, 4601, 162}, 0, {-6714, 2605}, {0x27, 0x77, 0xED, 0xFF}}},
	{{{-1125, 4586, 213}, 0, {-6292, 2910}, {0x27, 0x77, 0xED, 0xFF}}},
	{{{-2580, 4586, 782}, 0, {-14963, 6296}, {0xF5, 0x78, 0x28, 0xFF}}},
	{{{-2412, 4615, 736}, 0, {-13961, 6026}, {0xF5, 0x78, 0x28, 0xFF}}},
	{{{-2509, 4615, 710}, 0, {-14543, 5873}, {0xF5, 0x78, 0x28, 0xFF}}},
	{{{-1007, 4584, -401}, 0, {-5591, -752}, {0xF9, 0x78, 0x2A, 0xFF}}},
	{{{-844, 4615, -464}, 0, {-4622, -1126}, {0xF9, 0x78, 0x2A, 0xFF}}},
	{{{-944, 4615, -480}, 0, {-5217, -1217}, {0xF9, 0x78, 0x2A, 0xFF}}},
	{{{1054, 4615, -763}, 0, {-5874, -2905}, {0x21, 0x78, 0xE5, 0xFF}}},
	{{{1153, 4584, -778}, 0, {-6463, -2995}, {0x21, 0x78, 0xE5, 0xFF}}},
	{{{991, 4615, -842}, 0, {-5494, -3378}, {0x21, 0x78, 0xE5, 0xFF}}},
	{{{2589, 4615, 417}, 0, {-15019, 4126}, {0x1D, 0x78, 0xE3, 0xFF}}},
	{{{2686, 4586, 392}, 0, {-15596, 3973}, {0x1D, 0x78, 0xE3, 0xFF}}},
	{{{2519, 4615, 346}, 0, {-14598, 3701}, {0x1D, 0x78, 0xE3, 0xFF}}},
	{{{1401, 4615, 451}, 0, {-7938, 4325}, {0x04, 0x78, 0x29, 0xFF}}},
	{{{1359, 4586, 542}, 0, {-7691, 4868}, {0x04, 0x78, 0x29, 0xFF}}},
	{{{1501, 4615, 441}, 0, {-8538, 4267}, {0x04, 0x78, 0x29, 0xFF}}},
	{{{1188, 4584, 76}, 0, {-6664, 2092}, {0xD9, 0x77, 0xED, 0xFF}}},
	{{{1125, 4586, 213}, 0, {-6292, 2910}, {0xD9, 0x77, 0xED, 0xFF}}},
	{{{1195, 4601, 162}, 0, {-6714, 2605}, {0xD9, 0x77, 0xED, 0xFF}}},
	{{{2580, 4586, 782}, 0, {-14963, 6296}, {0x0B, 0x78, 0x28, 0xFF}}},
	{{{2509, 4615, 710}, 0, {-14543, 5873}, {0x0B, 0x78, 0x28, 0xFF}}},
	{{{2412, 4615, 736}, 0, {-13961, 6026}, {0x0B, 0x78, 0x28, 0xFF}}},
	{{{1007, 4584, -401}, 0, {-5591, -752}, {0x07, 0x78, 0x2A, 0xFF}}},
	{{{944, 4615, -480}, 0, {-5217, -1217}, {0x07, 0x78, 0x2A, 0xFF}}},
	{{{844, 4615, -464}, 0, {-4622, -1126}, {0x07, 0x78, 0x2A, 0xFF}}},
	{{{-944, 4615, -480}, 0, {-5217, -1217}, {0xD8, 0x78, 0x10, 0xFF}}},
	{{{-1054, 4615, -763}, 0, {-5874, -2905}, {0xD8, 0x78, 0x10, 0xFF}}},
	{{{-1153, 4584, -778}, 0, {-6463, -2995}, {0xD8, 0x78, 0x10, 0xFF}}},
	{{{-1007, 4584, -401}, 0, {-5591, -752}, {0xD8, 0x78, 0x10, 0xFF}}},
	{{{-2509, 4615, 710}, 0, {-14543, 5873}, {0xD8, 0x78, 0x0B, 0xFF}}},
	{{{-2589, 4615, 417}, 0, {-15019, 4126}, {0xD8, 0x78, 0x0B, 0xFF}}},
	{{{-2686, 4586, 392}, 0, {-15596, 3973}, {0xD8, 0x78, 0x0B, 0xFF}}},
	{{{-2580, 4586, 782}, 0, {-14963, 6296}, {0xD8, 0x78, 0x0B, 0xFF}}},
	{{{-1224, 4615, 203}, 0, {-6886, 2852}, {0x22, 0x78, 0x18, 0xFF}}},
	{{{-1401, 4615, 451}, 0, {-7938, 4325}, {0x22, 0x78, 0x18, 0xFF}}},
	{{{-1359, 4586, 542}, 0, {-7691, 4868}, {0x22, 0x78, 0x18, 0xFF}}},
	{{{-1125, 4586, 213}, 0, {-6292, 2910}, {0x22, 0x78, 0x18, 0xFF}}},
	{{{-1153, 4584, -778}, 0, {-6463, -2995}, {0x00, 0x7F, 0x00, 0xFF}}},
	{{{-1201, 4584, -760}, 0, {-6750, -2885}, {0x00, 0x7F, 0x00, 0xFF}}},
	{{{-1055, 4584, -383}, 0, {-5877, -642}, {0x00, 0x7F, 0x00, 0xFF}}},
	{{{-1007, 4584, -401}, 0, {-5591, -752}, {0x00, 0x7F, 0x00, 0xFF}}},
	{{{-2242, 4615, 691}, 0, {-12950, 5754}, {0x00, 0x7F, 0x00, 0xFF}}},
	{{{-2074, 4615, 645}, 0, {-11949, 5484}, {0x00, 0x7F, 0x00, 0xFF}}},
	{{{-2179, 4615, 253}, 0, {-12574, 3149}, {0x00, 0x7F, 0x00, 0xFF}}},
	{{{-2349, 4615, 300}, 0, {-13585, 3424}, {0x00, 0x7F, 0x00, 0xFF}}},
	{{{-2412, 4615, 736}, 0, {-13961, 6026}, {0x00, 0x7F, 0x00, 0xFF}}},
	{{{-2519, 4615, 346}, 0, {-14598, 3701}, {0x00, 0x7F, 0x00, 0xFF}}},
	{{{-2509, 4615, 710}, 0, {-14543, 5873}, {0x00, 0x7F, 0x00, 0xFF}}},
	{{{-2589, 4615, 417}, 0, {-15019, 4126}, {0x00, 0x7F, 0x00, 0xFF}}},
	{{{-1195, 4601, 162}, 0, {-6714, 2605}, {0x25, 0x78, 0xEF, 0xFF}}},
	{{{-1266, 4615, 111}, 0, {-7136, 2301}, {0x25, 0x78, 0xEF, 0xFF}}},
	{{{-1224, 4615, 203}, 0, {-6886, 2852}, {0x25, 0x78, 0xEF, 0xFF}}},
	{{{-1125, 4586, 213}, 0, {-6292, 2910}, {0x25, 0x78, 0xEF, 0xFF}}},
	{{{-1408, 4615, 9}, 0, {-7983, 1691}, {0x00, 0x7F, 0x00, 0xFF}}},
	{{{-1549, 4615, -92}, 0, {-8818, 1089}, {0x00, 0x7F, 0x00, 0xFF}}},
	{{{-1786, 4615, 239}, 0, {-10236, 3062}, {0x00, 0x7F, 0x00, 0xFF}}},
	{{{-1645, 4615, 339}, 0, {-9391, 3662}, {0x00, 0x7F, 0x00, 0xFF}}},
	{{{-1266, 4615, 111}, 0, {-7136, 2301}, {0x00, 0x7F, 0x00, 0xFF}}},
	{{{-1501, 4615, 441}, 0, {-8538, 4267}, {0x00, 0x7F, 0x00, 0xFF}}},
	{{{-1224, 4615, 203}, 0, {-6886, 2852}, {0x00, 0x7F, 0x00, 0xFF}}},
	{{{-1401, 4615, 451}, 0, {-7938, 4325}, {0x00, 0x7F, 0x00, 0xFF}}},
	{{{-680, 4615, -527}, 0, {-3646, -1503}, {0x00, 0x7F, 0x00, 0xFF}}},
	{{{-518, 4615, -590}, 0, {-2678, -1876}, {0x00, 0x7F, 0x00, 0xFF}}},
	{{{-668, 4615, -970}, 0, {-3570, -4137}, {0x00, 0x7F, 0x00, 0xFF}}},
	{{{-828, 4615, -906}, 0, {-4524, -3761}, {0x00, 0x7F, 0x00, 0xFF}}},
	{{{-844, 4615, -464}, 0, {-4622, -1126}, {0x00, 0x7F, 0x00, 0xFF}}},
	{{{-991, 4615, -842}, 0, {-5494, -3378}, {0x00, 0x7F, 0x00, 0xFF}}},
	{{{-944, 4615, -480}, 0, {-5217, -1217}, {0x00, 0x7F, 0x00, 0xFF}}},
	{{{-1054, 4615, -763}, 0, {-5874, -2905}, {0x00, 0x7F, 0x00, 0xFF}}},
	{{{-1359, 4586, 542}, 0, {-7691, 4868}, {0x00, 0x7F, 0x00, 0xFF}}},
	{{{-1316, 4586, 574}, 0, {-7434, 5059}, {0x00, 0x7F, 0x00, 0xFF}}},
	{{{-1081, 4586, 245}, 0, {-6035, 3100}, {0x00, 0x7F, 0x00, 0xFF}}},
	{{{-1125, 4586, 213}, 0, {-6292, 2910}, {0x00, 0x7F, 0x00, 0xFF}}},
	{{{-2686, 4586, 392}, 0, {-15596, 3973}, {0x00, 0x7F, 0x00, 0xFF}}},
	{{{-2923, 4586, 459}, 0, {-17007, 4373}, {0x00, 0x7F, 0x00, 0xFF}}},
	{{{-2817, 4586, 849}, 0, {-16374, 6696}, {0x00, 0x7F, 0x00, 0xFF}}},
	{{{-2580, 4586, 782}, 0, {-14963, 6296}, {0x00, 0x7F, 0x00, 0xFF}}},
	{{{944, 4615, -480}, 0, {-5217, -1217}, {0x28, 0x78, 0x10, 0xFF}}},
	{{{1007, 4584, -401}, 0, {-5591, -752}, {0x28, 0x78, 0x10, 0xFF}}},
	{{{1153, 4584, -778}, 0, {-6463, -2995}, {0x28, 0x78, 0x10, 0xFF}}},
	{{{1054, 4615, -763}, 0, {-5874, -2905}, {0x28, 0x78, 0x10, 0xFF}}},
	{{{2509, 4615, 710}, 0, {-14543, 5873}, {0x28, 0x78, 0x0B, 0xFF}}},
	{{{2580, 4586, 782}, 0, {-14963, 6296}, {0x28, 0x78, 0x0B, 0xFF}}},
	{{{2686, 4586, 392}, 0, {-15596, 3973}, {0x28, 0x78, 0x0B, 0xFF}}},
	{{{2589, 4615, 417}, 0, {-15019, 4126}, {0x28, 0x78, 0x0B, 0xFF}}},
	{{{1224, 4615, 203}, 0, {-6886, 2852}, {0xDE, 0x78, 0x18, 0xFF}}},
	{{{1125, 4586, 213}, 0, {-6292, 2910}, {0xDE, 0x78, 0x18, 0xFF}}},
	{{{1359, 4586, 542}, 0, {-7691, 4868}, {0xDE, 0x78, 0x18, 0xFF}}},
	{{{1401, 4615, 451}, 0, {-7938, 4325}, {0xDE, 0x78, 0x18, 0xFF}}},
	{{{1153, 4584, -778}, 0, {-6463, -2995}, {0x00, 0x7F, 0x00, 0xFF}}},
	{{{1007, 4584, -401}, 0, {-5591, -752}, {0x00, 0x7F, 0x00, 0xFF}}},
	{{{1055, 4584, -383}, 0, {-5877, -642}, {0x00, 0x7F, 0x00, 0xFF}}},
	{{{1201, 4584, -760}, 0, {-6750, -2885}, {0x00, 0x7F, 0x00, 0xFF}}},
	{{{2242, 4615, 691}, 0, {-12950, 5754}, {0x00, 0x7F, 0x00, 0xFF}}},
	{{{2179, 4615, 253}, 0, {-12574, 3149}, {0x00, 0x7F, 0x00, 0xFF}}},
	{{{2074, 4615, 645}, 0, {-11949, 5484}, {0x00, 0x7F, 0x00, 0xFF}}},
	{{{2349, 4615, 300}, 0, {-13585, 3424}, {0x00, 0x7F, 0x00, 0xFF}}},
	{{{2412, 4615, 736}, 0, {-13961, 6026}, {0x00, 0x7F, 0x00, 0xFF}}},
	{{{2519, 4615, 346}, 0, {-14598, 3701}, {0x00, 0x7F, 0x00, 0xFF}}},
	{{{2509, 4615, 710}, 0, {-14543, 5873}, {0x00, 0x7F, 0x00, 0xFF}}},
	{{{2589, 4615, 417}, 0, {-15019, 4126}, {0x00, 0x7F, 0x00, 0xFF}}},
	{{{1195, 4601, 162}, 0, {-6714, 2605}, {0xDB, 0x78, 0xEF, 0xFF}}},
	{{{1224, 4615, 203}, 0, {-6886, 2852}, {0xDB, 0x78, 0xEF, 0xFF}}},
	{{{1266, 4615, 111}, 0, {-7136, 2301}, {0xDB, 0x78, 0xEF, 0xFF}}},
	{{{1125, 4586, 213}, 0, {-6292, 2910}, {0xDB, 0x78, 0xEF, 0xFF}}},
	{{{1408, 4615, 9}, 0, {-7983, 1691}, {0x00, 0x7F, 0x00, 0xFF}}},
	{{{1786, 4615, 239}, 0, {-10236, 3062}, {0x00, 0x7F, 0x00, 0xFF}}},
	{{{1549, 4615, -92}, 0, {-8818, 1089}, {0x00, 0x7F, 0x00, 0xFF}}},
	{{{1645, 4615, 339}, 0, {-9391, 3662}, {0x00, 0x7F, 0x00, 0xFF}}},
	{{{1266, 4615, 111}, 0, {-7136, 2301}, {0x00, 0x7F, 0x00, 0xFF}}},
	{{{1501, 4615, 441}, 0, {-8538, 4267}, {0x00, 0x7F, 0x00, 0xFF}}},
	{{{1224, 4615, 203}, 0, {-6886, 2852}, {0x00, 0x7F, 0x00, 0xFF}}},
	{{{1401, 4615, 451}, 0, {-7938, 4325}, {0x00, 0x7F, 0x00, 0xFF}}},
	{{{680, 4615, -527}, 0, {-3646, -1503}, {0x00, 0x7F, 0x00, 0xFF}}},
	{{{668, 4615, -970}, 0, {-3570, -4137}, {0x00, 0x7F, 0x00, 0xFF}}},
	{{{518, 4615, -590}, 0, {-2678, -1876}, {0x00, 0x7F, 0x00, 0xFF}}},
	{{{828, 4615, -906}, 0, {-4524, -3761}, {0x00, 0x7F, 0x00, 0xFF}}},
	{{{844, 4615, -464}, 0, {-4622, -1126}, {0x00, 0x7F, 0x00, 0xFF}}},
	{{{991, 4615, -842}, 0, {-5494, -3378}, {0x00, 0x7F, 0x00, 0xFF}}},
	{{{944, 4615, -480}, 0, {-5217, -1217}, {0x00, 0x7F, 0x00, 0xFF}}},
	{{{1054, 4615, -763}, 0, {-5874, -2905}, {0x00, 0x7F, 0x00, 0xFF}}},
	{{{1359, 4586, 542}, 0, {-7691, 4868}, {0x00, 0x7F, 0x00, 0xFF}}},
	{{{1125, 4586, 213}, 0, {-6292, 2910}, {0x00, 0x7F, 0x00, 0xFF}}},
	{{{1081, 4586, 245}, 0, {-6035, 3100}, {0x00, 0x7F, 0x00, 0xFF}}},
	{{{1316, 4586, 574}, 0, {-7434, 5059}, {0x00, 0x7F, 0x00, 0xFF}}},
	{{{2686, 4586, 392}, 0, {-15596, 3973}, {0x00, 0x7F, 0x00, 0xFF}}},
	{{{2580, 4586, 782}, 0, {-14963, 6296}, {0x00, 0x7F, 0x00, 0xFF}}},
	{{{2817, 4586, 849}, 0, {-16374, 6696}, {0x00, 0x7F, 0x00, 0xFF}}},
	{{{2923, 4586, 459}, 0, {-17007, 4373}, {0x00, 0x7F, 0x00, 0xFF}}},
};

Gfx prince_valley_dl_Cylinder_001_mesh_layer_1_tri_1[] = {
	gsSPVertex(prince_valley_dl_Cylinder_001_mesh_layer_1_vtx_1 + 0, 30, 0),
	gsSP2Triangles(0, 1, 2, 0, 3, 4, 5, 0),
	gsSP2Triangles(6, 7, 8, 0, 9, 10, 11, 0),
	gsSP2Triangles(12, 13, 14, 0, 15, 16, 17, 0),
	gsSP2Triangles(18, 19, 20, 0, 21, 22, 23, 0),
	gsSP2Triangles(24, 25, 26, 0, 27, 28, 29, 0),
	gsSPVertex(prince_valley_dl_Cylinder_001_mesh_layer_1_vtx_1 + 30, 30, 0),
	gsSP2Triangles(0, 1, 2, 0, 3, 4, 5, 0),
	gsSP2Triangles(6, 7, 8, 0, 6, 8, 9, 0),
	gsSP2Triangles(10, 11, 12, 0, 10, 12, 13, 0),
	gsSP2Triangles(14, 15, 16, 0, 14, 16, 17, 0),
	gsSP2Triangles(18, 19, 20, 0, 18, 20, 21, 0),
	gsSP2Triangles(22, 23, 24, 0, 22, 24, 25, 0),
	gsSP2Triangles(26, 22, 25, 0, 26, 25, 27, 0),
	gsSP2Triangles(28, 26, 27, 0, 28, 27, 29, 0),
	gsSPVertex(prince_valley_dl_Cylinder_001_mesh_layer_1_vtx_1 + 60, 32, 0),
	gsSP2Triangles(0, 1, 2, 0, 3, 0, 2, 0),
	gsSP2Triangles(4, 5, 6, 0, 4, 6, 7, 0),
	gsSP2Triangles(8, 4, 7, 0, 8, 7, 9, 0),
	gsSP2Triangles(10, 8, 9, 0, 10, 9, 11, 0),
	gsSP2Triangles(12, 13, 14, 0, 12, 14, 15, 0),
	gsSP2Triangles(16, 12, 15, 0, 16, 15, 17, 0),
	gsSP2Triangles(18, 16, 17, 0, 18, 17, 19, 0),
	gsSP2Triangles(20, 21, 22, 0, 20, 22, 23, 0),
	gsSP2Triangles(24, 25, 26, 0, 24, 26, 27, 0),
	gsSP2Triangles(28, 29, 30, 0, 28, 30, 31, 0),
	gsSPVertex(prince_valley_dl_Cylinder_001_mesh_layer_1_vtx_1 + 92, 32, 0),
	gsSP2Triangles(0, 1, 2, 0, 0, 2, 3, 0),
	gsSP2Triangles(4, 5, 6, 0, 4, 6, 7, 0),
	gsSP2Triangles(8, 9, 10, 0, 8, 10, 11, 0),
	gsSP2Triangles(12, 13, 14, 0, 12, 15, 13, 0),
	gsSP2Triangles(16, 15, 12, 0, 16, 17, 15, 0),
	gsSP2Triangles(18, 17, 16, 0, 18, 19, 17, 0),
	gsSP2Triangles(20, 21, 22, 0, 23, 21, 20, 0),
	gsSP2Triangles(24, 25, 26, 0, 24, 27, 25, 0),
	gsSP2Triangles(28, 27, 24, 0, 28, 29, 27, 0),
	gsSP2Triangles(30, 29, 28, 0, 30, 31, 29, 0),
	gsSPVertex(prince_valley_dl_Cylinder_001_mesh_layer_1_vtx_1 + 124, 16, 0),
	gsSP2Triangles(0, 1, 2, 0, 0, 3, 1, 0),
	gsSP2Triangles(4, 3, 0, 0, 4, 5, 3, 0),
	gsSP2Triangles(6, 5, 4, 0, 6, 7, 5, 0),
	gsSP2Triangles(8, 9, 10, 0, 8, 10, 11, 0),
	gsSP2Triangles(12, 13, 14, 0, 12, 14, 15, 0),
	gsSPEndDisplayList(),
};

Vtx prince_valley_dl_Cylinder_003_mesh_layer_1_vtx_cull[8] = {
	{{{-3069, 4573, 898}, 0, {0, 0}, {0x00, 0x00, 0x00, 0x00}}},
	{{{-3069, 7604, 898}, 0, {0, 0}, {0x00, 0x00, 0x00, 0x00}}},
	{{{-3069, 7604, -984}, 0, {0, 0}, {0x00, 0x00, 0x00, 0x00}}},
	{{{-3069, 4573, -984}, 0, {0, 0}, {0x00, 0x00, 0x00, 0x00}}},
	{{{3069, 4573, 898}, 0, {0, 0}, {0x00, 0x00, 0x00, 0x00}}},
	{{{3069, 7604, 898}, 0, {0, 0}, {0x00, 0x00, 0x00, 0x00}}},
	{{{3069, 7604, -984}, 0, {0, 0}, {0x00, 0x00, 0x00, 0x00}}},
	{{{3069, 4573, -984}, 0, {0, 0}, {0x00, 0x00, 0x00, 0x00}}},
};

Vtx prince_valley_dl_Cylinder_003_mesh_layer_1_vtx_0[353] = {
	{{{-619, 5141, -884}, 0, {431, 794}, {0x76, 0x00, 0xD2, 0xFF}}},
	{{{-657, 5141, -984}, 0, {431, 701}, {0x76, 0x00, 0xD2, 0xFF}}},
	{{{-657, 5588, -984}, 0, {431, 794}, {0x76, 0x00, 0xD2, 0xFF}}},
	{{{-2141, 7039, 342}, 0, {431, 794}, {0x7B, 0x00, 0xDF, 0xFF}}},
	{{{-2169, 7039, 239}, 0, {431, 701}, {0x7B, 0x00, 0xDF, 0xFF}}},
	{{{-2169, 7486, 239}, 0, {431, 794}, {0x7B, 0x00, 0xDF, 0xFF}}},
	{{{-1737, 6252, 153}, 0, {431, 794}, {0x99, 0x00, 0xB6, 0xFF}}},
	{{{-1800, 6252, 241}, 0, {431, 701}, {0x99, 0x00, 0xB6, 0xFF}}},
	{{{-1800, 6699, 241}, 0, {431, 794}, {0x99, 0x00, 0xB6, 0xFF}}},
	{{{619, 5141, -884}, 0, {431, 794}, {0x8A, 0x00, 0xD2, 0xFF}}},
	{{{657, 5588, -984}, 0, {431, 794}, {0x8A, 0x00, 0xD2, 0xFF}}},
	{{{657, 5141, -984}, 0, {431, 701}, {0x8A, 0x00, 0xD2, 0xFF}}},
	{{{2141, 7039, 342}, 0, {431, 794}, {0x85, 0x00, 0xDF, 0xFF}}},
	{{{2169, 7486, 239}, 0, {431, 794}, {0x85, 0x00, 0xDF, 0xFF}}},
	{{{2169, 7039, 239}, 0, {431, 701}, {0x85, 0x00, 0xDF, 0xFF}}},
	{{{1737, 6252, 153}, 0, {431, 794}, {0x67, 0x00, 0xB6, 0xFF}}},
	{{{1800, 6699, 241}, 0, {431, 794}, {0x67, 0x00, 0xB6, 0xFF}}},
	{{{1800, 6252, 241}, 0, {431, 701}, {0x67, 0x00, 0xB6, 0xFF}}},
	{{{-675, 5141, -517}, 0, {496, -278}, {0x00, 0x81, 0x00, 0xFF}}},
	{{{-541, 5141, -684}, 0, {755, -278}, {0x00, 0x81, 0x00, 0xFF}}},
	{{{-502, 5141, -584}, 0, {755, -278}, {0x00, 0x81, 0x00, 0xFF}}},
	{{{-887, 5141, -549}, 0, {237, -278}, {0x00, 0x81, 0x00, 0xFF}}},
	{{{-978, 5141, -399}, 0, {237, -278}, {0x00, 0x81, 0x00, 0xFF}}},
	{{{-964, 5141, -749}, 0, {-22, -278}, {0x00, 0x81, 0x00, 0xFF}}},
	{{{-1133, 5141, -799}, 0, {-22, -278}, {0x00, 0x81, 0x00, 0xFF}}},
	{{{-830, 5141, -917}, 0, {-280, -278}, {0x00, 0x81, 0x00, 0xFF}}},
	{{{-964, 5141, -749}, 0, {-22, -278}, {0x00, 0x81, 0x00, 0xFF}}},
	{{{-1133, 5141, -799}, 0, {-22, -278}, {0x00, 0x81, 0x00, 0xFF}}},
	{{{-619, 5141, -884}, 0, {1014, -278}, {0x00, 0x81, 0x00, 0xFF}}},
	{{{-830, 5141, -917}, 0, {1272, -278}, {0x00, 0x81, 0x00, 0xFF}}},
	{{{-830, 5141, -917}, 0, {1272, -278}, {0x00, 0x81, 0x00, 0xFF}}},
	{{{-657, 5141, -984}, 0, {1014, -278}, {0x00, 0x81, 0x00, 0xFF}}},
	{{{-541, 5141, -684}, 0, {755, -278}, {0x76, 0x00, 0xD2, 0xFF}}},
	{{{-502, 5588, -584}, 0, {755, -278}, {0x76, 0x00, 0xD2, 0xFF}}},
	{{{-502, 5141, -584}, 0, {755, -278}, {0x76, 0x00, 0xD2, 0xFF}}},
	{{{-619, 5141, -884}, 0, {1014, -278}, {0x76, 0x00, 0xD2, 0xFF}}},
	{{{-657, 5588, -984}, 0, {1014, -278}, {0x76, 0x00, 0xD2, 0xFF}}},
	{{{-978, 5141, -399}, 0, {-215, 1073}, {0x2E, 0x00, 0x76, 0xFF}}},
	{{{-675, 5141, -517}, 0, {108, 1260}, {0x2E, 0x00, 0x76, 0xFF}}},
	{{{-912, 5588, -424}, 0, {108, 1260}, {0x2E, 0x00, 0x76, 0xFF}}},
	{{{-1050, 5518, -370}, 0, {-215, 1073}, {0x2E, 0x00, 0x76, 0xFF}}},
	{{{-657, 5141, -984}, 0, {431, 701}, {0xD2, 0x00, 0x8A, 0xFF}}},
	{{{-1067, 5588, -824}, 0, {108, 514}, {0xD2, 0x00, 0x8A, 0xFF}}},
	{{{-657, 5588, -984}, 0, {431, 701}, {0xD2, 0x00, 0x8A, 0xFF}}},
	{{{-830, 5141, -917}, 0, {108, 514}, {0xD2, 0x00, 0x8A, 0xFF}}},
	{{{-1205, 5518, -770}, 0, {-215, 701}, {0xD2, 0x00, 0x8A, 0xFF}}},
	{{{-1133, 5141, -799}, 0, {-215, 701}, {0xD2, 0x00, 0x8A, 0xFF}}},
	{{{-502, 5141, -584}, 0, {755, -278}, {0x2E, 0x00, 0x76, 0xFF}}},
	{{{-502, 5588, -584}, 0, {755, -278}, {0x2E, 0x00, 0x76, 0xFF}}},
	{{{-912, 5588, -424}, 0, {496, -278}, {0x2E, 0x00, 0x76, 0xFF}}},
	{{{-675, 5141, -517}, 0, {496, -278}, {0x2E, 0x00, 0x76, 0xFF}}},
	{{{-1133, 5141, -799}, 0, {-215, 701}, {0x8C, 0xE6, 0x2D, 0xFF}}},
	{{{-978, 5141, -399}, 0, {-215, 1073}, {0x8C, 0xE6, 0x2D, 0xFF}}},
	{{{-1050, 5518, -370}, 0, {-215, 1073}, {0x8C, 0xE6, 0x2D, 0xFF}}},
	{{{-1205, 5518, -770}, 0, {-215, 701}, {0x8C, 0xE6, 0x2D, 0xFF}}},
	{{{-1050, 5518, -370}, 0, {-215, 1073}, {0xCE, 0x73, 0x14, 0xFF}}},
	{{{-912, 5588, -424}, 0, {108, 1260}, {0xCE, 0x73, 0x14, 0xFF}}},
	{{{-1067, 5588, -824}, 0, {108, 514}, {0xCE, 0x73, 0x14, 0xFF}}},
	{{{-1205, 5518, -770}, 0, {-215, 701}, {0xCE, 0x73, 0x14, 0xFF}}},
	{{{-2085, 7039, 549}, 0, {755, -278}, {0x00, 0x81, 0x00, 0xFF}}},
	{{{-2056, 7039, 653}, 0, {755, -278}, {0x00, 0x81, 0x00, 0xFF}}},
	{{{-2235, 7039, 702}, 0, {496, -278}, {0x00, 0x81, 0x00, 0xFF}}},
	{{{-2443, 7039, 647}, 0, {237, -278}, {0x00, 0x81, 0x00, 0xFF}}},
	{{{-2549, 7039, 787}, 0, {237, -278}, {0x00, 0x81, 0x00, 0xFF}}},
	{{{-2348, 7039, 288}, 0, {-280, -278}, {0x00, 0x81, 0x00, 0xFF}}},
	{{{-2661, 7039, 373}, 0, {-22, -278}, {0x00, 0x81, 0x00, 0xFF}}},
	{{{-2348, 7039, 288}, 0, {-280, -278}, {0x00, 0x81, 0x00, 0xFF}}},
	{{{-2499, 7039, 440}, 0, {-22, -278}, {0x00, 0x81, 0x00, 0xFF}}},
	{{{-2549, 7039, 787}, 0, {237, -278}, {0x00, 0x81, 0x00, 0xFF}}},
	{{{-2443, 7039, 647}, 0, {237, -278}, {0x00, 0x81, 0x00, 0xFF}}},
	{{{-2141, 7039, 342}, 0, {1014, -278}, {0x00, 0x81, 0x00, 0xFF}}},
	{{{-2348, 7039, 288}, 0, {1272, -278}, {0x00, 0x81, 0x00, 0xFF}}},
	{{{-2348, 7039, 288}, 0, {1272, -278}, {0x00, 0x81, 0x00, 0xFF}}},
	{{{-2169, 7039, 239}, 0, {1014, -278}, {0x00, 0x81, 0x00, 0xFF}}},
	{{{-2661, 7039, 373}, 0, {-215, 701}, {0x2E, 0x8A, 0xF3, 0xFF}}},
	{{{-2549, 7039, 787}, 0, {-215, 1073}, {0x2E, 0x8A, 0xF3, 0xFF}}},
	{{{-2733, 6961, 837}, 0, {-215, 1073}, {0x2E, 0x8A, 0xF3, 0xFF}}},
	{{{-2845, 6961, 423}, 0, {-215, 701}, {0x2E, 0x8A, 0xF3, 0xFF}}},
	{{{-2845, 6961, 423}, 0, {-215, 701}, {0xB6, 0x9B, 0x14, 0xFF}}},
	{{{-2733, 6961, 837}, 0, {-215, 1073}, {0xB6, 0x9B, 0x14, 0xFF}}},
	{{{-2872, 7070, 875}, 0, {-215, 1073}, {0xB6, 0x9B, 0x14, 0xFF}}},
	{{{-2985, 7070, 461}, 0, {-215, 701}, {0xB6, 0x9B, 0x14, 0xFF}}},
	{{{-2985, 7070, 461}, 0, {-215, 701}, {0x87, 0xEB, 0x21, 0xFF}}},
	{{{-2872, 7070, 875}, 0, {-215, 1073}, {0x87, 0xEB, 0x21, 0xFF}}},
	{{{-2956, 7604, 898}, 0, {-215, 1073}, {0x87, 0xEB, 0x21, 0xFF}}},
	{{{-3069, 7604, 484}, 0, {-215, 701}, {0x87, 0xEB, 0x21, 0xFF}}},
	{{{-2085, 7039, 549}, 0, {755, -278}, {0x7B, 0x00, 0xDF, 0xFF}}},
	{{{-2056, 7486, 653}, 0, {755, -278}, {0x7B, 0x00, 0xDF, 0xFF}}},
	{{{-2056, 7039, 653}, 0, {755, -278}, {0x7B, 0x00, 0xDF, 0xFF}}},
	{{{-2141, 7039, 342}, 0, {1014, -278}, {0x7B, 0x00, 0xDF, 0xFF}}},
	{{{-2169, 7486, 239}, 0, {1014, -278}, {0x7B, 0x00, 0xDF, 0xFF}}},
	{{{-2549, 7039, 787}, 0, {-215, 1073}, {0x21, 0x00, 0x7B, 0xFF}}},
	{{{-2235, 7039, 702}, 0, {108, 1260}, {0x21, 0x00, 0x7B, 0xFF}}},
	{{{-2481, 7486, 769}, 0, {108, 1260}, {0x21, 0x00, 0x7B, 0xFF}}},
	{{{-2624, 7416, 808}, 0, {-215, 1073}, {0x21, 0x00, 0x7B, 0xFF}}},
	{{{-2733, 6961, 837}, 0, {-215, 1073}, {0x21, 0x00, 0x7B, 0xFF}}},
	{{{-2733, 6961, 837}, 0, {-215, 1073}, {0x21, 0x00, 0x7B, 0xFF}}},
	{{{-2624, 7416, 808}, 0, {-215, 1073}, {0x21, 0x00, 0x7B, 0xFF}}},
	{{{-2880, 7604, 878}, 0, {-215, 1073}, {0x21, 0x00, 0x7B, 0xFF}}},
	{{{-2872, 7070, 875}, 0, {-215, 1073}, {0x21, 0x00, 0x7B, 0xFF}}},
	{{{-2956, 7604, 898}, 0, {-215, 1073}, {0x21, 0x00, 0x7B, 0xFF}}},
	{{{-2845, 6961, 423}, 0, {-215, 701}, {0xDF, 0x00, 0x85, 0xFF}}},
	{{{-2985, 7070, 461}, 0, {-215, 701}, {0xDF, 0x00, 0x85, 0xFF}}},
	{{{-3069, 7604, 484}, 0, {-215, 701}, {0xDF, 0x00, 0x85, 0xFF}}},
	{{{-2993, 7604, 463}, 0, {-215, 701}, {0xDF, 0x00, 0x85, 0xFF}}},
	{{{-2661, 7039, 373}, 0, {-215, 701}, {0xDF, 0x00, 0x85, 0xFF}}},
	{{{-2736, 7416, 394}, 0, {-215, 701}, {0xDF, 0x00, 0x85, 0xFF}}},
	{{{-2348, 7039, 288}, 0, {108, 514}, {0xDF, 0x00, 0x85, 0xFF}}},
	{{{-2593, 7486, 355}, 0, {108, 514}, {0xDF, 0x00, 0x85, 0xFF}}},
	{{{-2169, 7039, 239}, 0, {431, 701}, {0xDF, 0x00, 0x85, 0xFF}}},
	{{{-2169, 7486, 239}, 0, {431, 701}, {0xDF, 0x00, 0x85, 0xFF}}},
	{{{-2056, 7039, 653}, 0, {755, -278}, {0x21, 0x00, 0x7B, 0xFF}}},
	{{{-2056, 7486, 653}, 0, {755, -278}, {0x21, 0x00, 0x7B, 0xFF}}},
	{{{-2481, 7486, 769}, 0, {496, -278}, {0x21, 0x00, 0x7B, 0xFF}}},
	{{{-2235, 7039, 702}, 0, {496, -278}, {0x21, 0x00, 0x7B, 0xFF}}},
	{{{-2956, 7604, 898}, 0, {-215, 1073}, {0x00, 0x7F, 0x00, 0xFF}}},
	{{{-2880, 7604, 878}, 0, {-215, 1073}, {0x00, 0x7F, 0x00, 0xFF}}},
	{{{-2993, 7604, 463}, 0, {-215, 701}, {0x00, 0x7F, 0x00, 0xFF}}},
	{{{-3069, 7604, 484}, 0, {-215, 701}, {0x00, 0x7F, 0x00, 0xFF}}},
	{{{-2880, 7604, 878}, 0, {-215, 1073}, {0x47, 0x68, 0xED, 0xFF}}},
	{{{-2624, 7416, 808}, 0, {-215, 1073}, {0x47, 0x68, 0xED, 0xFF}}},
	{{{-2736, 7416, 394}, 0, {-215, 701}, {0x47, 0x68, 0xED, 0xFF}}},
	{{{-2993, 7604, 463}, 0, {-215, 701}, {0x47, 0x68, 0xED, 0xFF}}},
	{{{-2624, 7416, 808}, 0, {-215, 1073}, {0xCC, 0x73, 0x0E, 0xFF}}},
	{{{-2481, 7486, 769}, 0, {108, 1260}, {0xCC, 0x73, 0x0E, 0xFF}}},
	{{{-2593, 7486, 355}, 0, {108, 514}, {0xCC, 0x73, 0x0E, 0xFF}}},
	{{{-2736, 7416, 394}, 0, {-215, 701}, {0xCC, 0x73, 0x0E, 0xFF}}},
	{{{-1613, 6252, -21}, 0, {755, -278}, {0x00, 0x81, 0x00, 0xFF}}},
	{{{-1551, 6252, -108}, 0, {755, -278}, {0x00, 0x81, 0x00, 0xFF}}},
	{{{-1400, 6252, 0}, 0, {496, -278}, {0x00, 0x81, 0x00, 0xFF}}},
	{{{-1400, 6252, 0}, 0, {496, -278}, {0x00, 0x81, 0x00, 0xFF}}},
	{{{-1135, 6252, 189}, 0, {237, -278}, {0x00, 0x81, 0x00, 0xFF}}},
	{{{-1311, 6252, 195}, 0, {237, -278}, {0x00, 0x81, 0x00, 0xFF}}},
	{{{-1435, 6252, 369}, 0, {-22, -278}, {0x00, 0x81, 0x00, 0xFF}}},
	{{{-1384, 6252, 538}, 0, {-22, -278}, {0x00, 0x81, 0x00, 0xFF}}},
	{{{-1649, 6252, 349}, 0, {-280, -278}, {0x00, 0x81, 0x00, 0xFF}}},
	{{{-1649, 6252, 349}, 0, {-280, -278}, {0x00, 0x81, 0x00, 0xFF}}},
	{{{-1737, 6252, 153}, 0, {1014, -278}, {0x00, 0x81, 0x00, 0xFF}}},
	{{{-1649, 6252, 349}, 0, {1272, -278}, {0x00, 0x81, 0x00, 0xFF}}},
	{{{-1800, 6252, 241}, 0, {1014, -278}, {0x00, 0x81, 0x00, 0xFF}}},
	{{{-1649, 6252, 349}, 0, {1272, -278}, {0x00, 0x81, 0x00, 0xFF}}},
	{{{-1613, 6252, -21}, 0, {755, -278}, {0x99, 0x00, 0xB6, 0xFF}}},
	{{{-1551, 6699, -108}, 0, {755, -278}, {0x99, 0x00, 0xB6, 0xFF}}},
	{{{-1551, 6252, -108}, 0, {755, -278}, {0x99, 0x00, 0xB6, 0xFF}}},
	{{{-1737, 6252, 153}, 0, {1014, -278}, {0x99, 0x00, 0xB6, 0xFF}}},
	{{{-1800, 6699, 241}, 0, {1014, -278}, {0x99, 0x00, 0xB6, 0xFF}}},
	{{{-1135, 6252, 189}, 0, {-215, 1073}, {0x4A, 0x00, 0x99, 0xFF}}},
	{{{-1400, 6252, 0}, 0, {108, 1260}, {0x4A, 0x00, 0x99, 0xFF}}},
	{{{-1193, 6699, 147}, 0, {108, 1260}, {0x4A, 0x00, 0x99, 0xFF}}},
	{{{-1072, 6629, 234}, 0, {-215, 1073}, {0x4A, 0x00, 0x99, 0xFF}}},
	{{{-1800, 6252, 241}, 0, {431, 701}, {0xB6, 0x00, 0x67, 0xFF}}},
	{{{-1442, 6699, 497}, 0, {108, 514}, {0xB6, 0x00, 0x67, 0xFF}}},
	{{{-1800, 6699, 241}, 0, {431, 701}, {0xB6, 0x00, 0x67, 0xFF}}},
	{{{-1649, 6252, 349}, 0, {108, 514}, {0xB6, 0x00, 0x67, 0xFF}}},
	{{{-1321, 6629, 583}, 0, {-215, 701}, {0xB6, 0x00, 0x67, 0xFF}}},
	{{{-1384, 6252, 538}, 0, {-215, 701}, {0xB6, 0x00, 0x67, 0xFF}}},
	{{{-1551, 6252, -108}, 0, {755, -278}, {0x4A, 0x00, 0x99, 0xFF}}},
	{{{-1551, 6699, -108}, 0, {755, -278}, {0x4A, 0x00, 0x99, 0xFF}}},
	{{{-1193, 6699, 147}, 0, {496, -278}, {0x4A, 0x00, 0x99, 0xFF}}},
	{{{-1551, 6252, -108}, 0, {755, -278}, {0x4A, 0x00, 0x99, 0xFF}}},
	{{{-1193, 6699, 147}, 0, {496, -278}, {0x4A, 0x00, 0x99, 0xFF}}},
	{{{-1400, 6252, 0}, 0, {496, -278}, {0x4A, 0x00, 0x99, 0xFF}}},
	{{{-1072, 6629, 234}, 0, {-215, 1073}, {0x2C, 0x73, 0x1F, 0xFF}}},
	{{{-1193, 6699, 147}, 0, {108, 1260}, {0x2C, 0x73, 0x1F, 0xFF}}},
	{{{-1442, 6699, 497}, 0, {108, 514}, {0x2C, 0x73, 0x1F, 0xFF}}},
	{{{-1321, 6629, 583}, 0, {-215, 701}, {0x2C, 0x73, 0x1F, 0xFF}}},
	{{{-1384, 6252, 538}, 0, {-215, 701}, {0x65, 0xE6, 0x48, 0xFF}}},
	{{{-1135, 6252, 189}, 0, {-215, 1073}, {0x65, 0xE6, 0x48, 0xFF}}},
	{{{-1072, 6629, 234}, 0, {-215, 1073}, {0x65, 0xE6, 0x48, 0xFF}}},
	{{{-1321, 6629, 583}, 0, {-215, 701}, {0x65, 0xE6, 0x48, 0xFF}}},
	{{{675, 5141, -517}, 0, {496, -278}, {0x00, 0x81, 0x00, 0xFF}}},
	{{{502, 5141, -584}, 0, {755, -278}, {0x00, 0x81, 0x00, 0xFF}}},
	{{{541, 5141, -684}, 0, {755, -278}, {0x00, 0x81, 0x00, 0xFF}}},
	{{{887, 5141, -549}, 0, {237, -278}, {0x00, 0x81, 0x00, 0xFF}}},
	{{{978, 5141, -399}, 0, {237, -278}, {0x00, 0x81, 0x00, 0xFF}}},
	{{{964, 5141, -749}, 0, {-22, -278}, {0x00, 0x81, 0x00, 0xFF}}},
	{{{1133, 5141, -799}, 0, {-22, -278}, {0x00, 0x81, 0x00, 0xFF}}},
	{{{830, 5141, -917}, 0, {-280, -278}, {0x00, 0x81, 0x00, 0xFF}}},
	{{{619, 5141, -884}, 0, {1014, -278}, {0x00, 0x81, 0x00, 0xFF}}},
	{{{657, 5141, -984}, 0, {1014, -278}, {0x00, 0x81, 0x00, 0xFF}}},
	{{{830, 5141, -917}, 0, {1272, -278}, {0x00, 0x81, 0x00, 0xFF}}},
	{{{541, 5141, -684}, 0, {755, -278}, {0x8A, 0x00, 0xD2, 0xFF}}},
	{{{502, 5141, -584}, 0, {755, -278}, {0x8A, 0x00, 0xD2, 0xFF}}},
	{{{502, 5588, -584}, 0, {755, -278}, {0x8A, 0x00, 0xD2, 0xFF}}},
	{{{619, 5141, -884}, 0, {1014, -278}, {0x8A, 0x00, 0xD2, 0xFF}}},
	{{{657, 5588, -984}, 0, {1014, -278}, {0x8A, 0x00, 0xD2, 0xFF}}},
	{{{978, 5141, -399}, 0, {-215, 1073}, {0xD2, 0x00, 0x76, 0xFF}}},
	{{{1050, 5518, -370}, 0, {-215, 1073}, {0xD2, 0x00, 0x76, 0xFF}}},
	{{{912, 5588, -424}, 0, {108, 1260}, {0xD2, 0x00, 0x76, 0xFF}}},
	{{{675, 5141, -517}, 0, {108, 1260}, {0xD2, 0x00, 0x76, 0xFF}}},
	{{{657, 5141, -984}, 0, {431, 701}, {0x2E, 0x00, 0x8A, 0xFF}}},
	{{{657, 5588, -984}, 0, {431, 701}, {0x2E, 0x00, 0x8A, 0xFF}}},
	{{{1067, 5588, -824}, 0, {108, 514}, {0x2E, 0x00, 0x8A, 0xFF}}},
	{{{830, 5141, -917}, 0, {108, 514}, {0x2E, 0x00, 0x8A, 0xFF}}},
	{{{1205, 5518, -770}, 0, {-215, 701}, {0x2E, 0x00, 0x8A, 0xFF}}},
	{{{1133, 5141, -799}, 0, {-215, 701}, {0x2E, 0x00, 0x8A, 0xFF}}},
	{{{502, 5141, -584}, 0, {755, -278}, {0xD2, 0x00, 0x76, 0xFF}}},
	{{{675, 5141, -517}, 0, {496, -278}, {0xD2, 0x00, 0x76, 0xFF}}},
	{{{912, 5588, -424}, 0, {496, -278}, {0xD2, 0x00, 0x76, 0xFF}}},
	{{{502, 5588, -584}, 0, {755, -278}, {0xD2, 0x00, 0x76, 0xFF}}},
	{{{1133, 5141, -799}, 0, {-215, 701}, {0x74, 0xE6, 0x2D, 0xFF}}},
	{{{1205, 5518, -770}, 0, {-215, 701}, {0x74, 0xE6, 0x2D, 0xFF}}},
	{{{1050, 5518, -370}, 0, {-215, 1073}, {0x74, 0xE6, 0x2D, 0xFF}}},
	{{{978, 5141, -399}, 0, {-215, 1073}, {0x74, 0xE6, 0x2D, 0xFF}}},
	{{{1050, 5518, -370}, 0, {-215, 1073}, {0x32, 0x73, 0x14, 0xFF}}},
	{{{1205, 5518, -770}, 0, {-215, 701}, {0x32, 0x73, 0x14, 0xFF}}},
	{{{1067, 5588, -824}, 0, {108, 514}, {0x32, 0x73, 0x14, 0xFF}}},
	{{{912, 5588, -424}, 0, {108, 1260}, {0x32, 0x73, 0x14, 0xFF}}},
	{{{2235, 7039, 702}, 0, {496, -278}, {0x00, 0x81, 0x00, 0xFF}}},
	{{{2235, 7039, 702}, 0, {496, -278}, {0x00, 0x81, 0x00, 0xFF}}},
	{{{2085, 7039, 549}, 0, {755, -278}, {0x00, 0x81, 0x00, 0xFF}}},
	{{{2056, 7039, 653}, 0, {755, -278}, {0x00, 0x81, 0x00, 0xFF}}},
	{{{2348, 7039, 288}, 0, {-280, -278}, {0x00, 0x81, 0x00, 0xFF}}},
	{{{2348, 7039, 288}, 0, {-280, -278}, {0x00, 0x81, 0x00, 0xFF}}},
	{{{2661, 7039, 373}, 0, {-22, -278}, {0x00, 0x81, 0x00, 0xFF}}},
	{{{2499, 7039, 440}, 0, {-22, -278}, {0x00, 0x81, 0x00, 0xFF}}},
	{{{2549, 7039, 787}, 0, {237, -278}, {0x00, 0x81, 0x00, 0xFF}}},
	{{{2443, 7039, 647}, 0, {237, -278}, {0x00, 0x81, 0x00, 0xFF}}},
	{{{2443, 7039, 647}, 0, {237, -278}, {0x00, 0x81, 0x00, 0xFF}}},
	{{{2549, 7039, 787}, 0, {237, -278}, {0x00, 0x81, 0x00, 0xFF}}},
	{{{2235, 7039, 702}, 0, {496, -278}, {0x00, 0x81, 0x00, 0xFF}}},
	{{{2141, 7039, 342}, 0, {1014, -278}, {0x00, 0x81, 0x00, 0xFF}}},
	{{{2169, 7039, 239}, 0, {1014, -278}, {0x00, 0x81, 0x00, 0xFF}}},
	{{{2348, 7039, 288}, 0, {1272, -278}, {0x00, 0x81, 0x00, 0xFF}}},
	{{{2661, 7039, 373}, 0, {-215, 701}, {0xD2, 0x8A, 0xF3, 0xFF}}},
	{{{2845, 6961, 423}, 0, {-215, 701}, {0xD2, 0x8A, 0xF3, 0xFF}}},
	{{{2733, 6961, 837}, 0, {-215, 1073}, {0xD2, 0x8A, 0xF3, 0xFF}}},
	{{{2549, 7039, 787}, 0, {-215, 1073}, {0xD2, 0x8A, 0xF3, 0xFF}}},
	{{{2845, 6961, 423}, 0, {-215, 701}, {0x4A, 0x9B, 0x14, 0xFF}}},
	{{{2985, 7070, 461}, 0, {-215, 701}, {0x4A, 0x9B, 0x14, 0xFF}}},
	{{{2872, 7070, 875}, 0, {-215, 1073}, {0x4A, 0x9B, 0x14, 0xFF}}},
	{{{2733, 6961, 837}, 0, {-215, 1073}, {0x4A, 0x9B, 0x14, 0xFF}}},
	{{{2985, 7070, 461}, 0, {-215, 701}, {0x79, 0xEB, 0x21, 0xFF}}},
	{{{3069, 7604, 484}, 0, {-215, 701}, {0x79, 0xEB, 0x21, 0xFF}}},
	{{{2956, 7604, 898}, 0, {-215, 1073}, {0x79, 0xEB, 0x21, 0xFF}}},
	{{{2872, 7070, 875}, 0, {-215, 1073}, {0x79, 0xEB, 0x21, 0xFF}}},
	{{{2085, 7039, 549}, 0, {755, -278}, {0x85, 0x00, 0xDF, 0xFF}}},
	{{{2056, 7039, 653}, 0, {755, -278}, {0x85, 0x00, 0xDF, 0xFF}}},
	{{{2056, 7486, 653}, 0, {755, -278}, {0x85, 0x00, 0xDF, 0xFF}}},
	{{{2141, 7039, 342}, 0, {1014, -278}, {0x85, 0x00, 0xDF, 0xFF}}},
	{{{2169, 7486, 239}, 0, {1014, -278}, {0x85, 0x00, 0xDF, 0xFF}}},
	{{{2549, 7039, 787}, 0, {-215, 1073}, {0xDF, 0x00, 0x7B, 0xFF}}},
	{{{2481, 7486, 769}, 0, {108, 1260}, {0xDF, 0x00, 0x7B, 0xFF}}},
	{{{2235, 7039, 702}, 0, {108, 1260}, {0xDF, 0x00, 0x7B, 0xFF}}},
	{{{2624, 7416, 808}, 0, {-215, 1073}, {0xDF, 0x00, 0x7B, 0xFF}}},
	{{{2733, 6961, 837}, 0, {-215, 1073}, {0xDF, 0x00, 0x7B, 0xFF}}},
	{{{2880, 7604, 878}, 0, {-215, 1073}, {0xDF, 0x00, 0x7B, 0xFF}}},
	{{{2872, 7070, 875}, 0, {-215, 1073}, {0xDF, 0x00, 0x7B, 0xFF}}},
	{{{2956, 7604, 898}, 0, {-215, 1073}, {0xDF, 0x00, 0x7B, 0xFF}}},
	{{{2845, 6961, 423}, 0, {-215, 701}, {0x21, 0x00, 0x85, 0xFF}}},
	{{{3069, 7604, 484}, 0, {-215, 701}, {0x21, 0x00, 0x85, 0xFF}}},
	{{{2985, 7070, 461}, 0, {-215, 701}, {0x21, 0x00, 0x85, 0xFF}}},
	{{{2993, 7604, 463}, 0, {-215, 701}, {0x21, 0x00, 0x85, 0xFF}}},
	{{{2661, 7039, 373}, 0, {-215, 701}, {0x21, 0x00, 0x85, 0xFF}}},
	{{{2993, 7604, 463}, 0, {-215, 701}, {0x21, 0x00, 0x85, 0xFF}}},
	{{{2845, 6961, 423}, 0, {-215, 701}, {0x21, 0x00, 0x85, 0xFF}}},
	{{{2736, 7416, 394}, 0, {-215, 701}, {0x21, 0x00, 0x85, 0xFF}}},
	{{{2348, 7039, 288}, 0, {108, 514}, {0x21, 0x00, 0x85, 0xFF}}},
	{{{2593, 7486, 355}, 0, {108, 514}, {0x21, 0x00, 0x85, 0xFF}}},
	{{{2169, 7039, 239}, 0, {431, 701}, {0x21, 0x00, 0x85, 0xFF}}},
	{{{2169, 7486, 239}, 0, {431, 701}, {0x21, 0x00, 0x85, 0xFF}}},
	{{{2056, 7039, 653}, 0, {755, -278}, {0xDF, 0x00, 0x7B, 0xFF}}},
	{{{2235, 7039, 702}, 0, {496, -278}, {0xDF, 0x00, 0x7B, 0xFF}}},
	{{{2481, 7486, 769}, 0, {496, -278}, {0xDF, 0x00, 0x7B, 0xFF}}},
	{{{2056, 7486, 653}, 0, {755, -278}, {0xDF, 0x00, 0x7B, 0xFF}}},
	{{{2956, 7604, 898}, 0, {-215, 1073}, {0x00, 0x7F, 0x00, 0xFF}}},
	{{{3069, 7604, 484}, 0, {-215, 701}, {0x00, 0x7F, 0x00, 0xFF}}},
	{{{2993, 7604, 463}, 0, {-215, 701}, {0x00, 0x7F, 0x00, 0xFF}}},
	{{{2880, 7604, 878}, 0, {-215, 1073}, {0x00, 0x7F, 0x00, 0xFF}}},
	{{{2880, 7604, 878}, 0, {-215, 1073}, {0xB9, 0x68, 0xED, 0xFF}}},
	{{{2993, 7604, 463}, 0, {-215, 701}, {0xB9, 0x68, 0xED, 0xFF}}},
	{{{2736, 7416, 394}, 0, {-215, 701}, {0xB9, 0x68, 0xED, 0xFF}}},
	{{{2624, 7416, 808}, 0, {-215, 1073}, {0xB9, 0x68, 0xED, 0xFF}}},
	{{{2624, 7416, 808}, 0, {-215, 1073}, {0x34, 0x73, 0x0E, 0xFF}}},
	{{{2736, 7416, 394}, 0, {-215, 701}, {0x34, 0x73, 0x0E, 0xFF}}},
	{{{2593, 7486, 355}, 0, {108, 514}, {0x34, 0x73, 0x0E, 0xFF}}},
	{{{2481, 7486, 769}, 0, {108, 1260}, {0x34, 0x73, 0x0E, 0xFF}}},
	{{{1400, 6252, 0}, 0, {496, -278}, {0x00, 0x81, 0x00, 0xFF}}},
	{{{1551, 6252, -108}, 0, {755, -278}, {0x00, 0x81, 0x00, 0xFF}}},
	{{{1613, 6252, -21}, 0, {755, -278}, {0x00, 0x81, 0x00, 0xFF}}},
	{{{1400, 6252, 0}, 0, {496, -278}, {0x00, 0x81, 0x00, 0xFF}}},
	{{{1135, 6252, 189}, 0, {237, -278}, {0x00, 0x81, 0x00, 0xFF}}},
	{{{1311, 6252, 195}, 0, {237, -278}, {0x00, 0x81, 0x00, 0xFF}}},
	{{{1435, 6252, 369}, 0, {-22, -278}, {0x00, 0x81, 0x00, 0xFF}}},
	{{{1384, 6252, 538}, 0, {-22, -278}, {0x00, 0x81, 0x00, 0xFF}}},
	{{{1649, 6252, 349}, 0, {-280, -278}, {0x00, 0x81, 0x00, 0xFF}}},
	{{{1384, 6252, 538}, 0, {-22, -278}, {0x00, 0x81, 0x00, 0xFF}}},
	{{{1435, 6252, 369}, 0, {-22, -278}, {0x00, 0x81, 0x00, 0xFF}}},
	{{{1649, 6252, 349}, 0, {-280, -278}, {0x00, 0x81, 0x00, 0xFF}}},
	{{{1737, 6252, 153}, 0, {1014, -278}, {0x00, 0x81, 0x00, 0xFF}}},
	{{{1800, 6252, 241}, 0, {1014, -278}, {0x00, 0x81, 0x00, 0xFF}}},
	{{{1649, 6252, 349}, 0, {1272, -278}, {0x00, 0x81, 0x00, 0xFF}}},
	{{{1649, 6252, 349}, 0, {1272, -278}, {0x00, 0x81, 0x00, 0xFF}}},
	{{{1613, 6252, -21}, 0, {755, -278}, {0x67, 0x00, 0xB6, 0xFF}}},
	{{{1551, 6252, -108}, 0, {755, -278}, {0x67, 0x00, 0xB6, 0xFF}}},
	{{{1551, 6699, -108}, 0, {755, -278}, {0x67, 0x00, 0xB6, 0xFF}}},
	{{{1737, 6252, 153}, 0, {1014, -278}, {0x67, 0x00, 0xB6, 0xFF}}},
	{{{1800, 6699, 241}, 0, {1014, -278}, {0x67, 0x00, 0xB6, 0xFF}}},
	{{{1135, 6252, 189}, 0, {-215, 1073}, {0xB6, 0x00, 0x99, 0xFF}}},
	{{{1072, 6629, 234}, 0, {-215, 1073}, {0xB6, 0x00, 0x99, 0xFF}}},
	{{{1193, 6699, 147}, 0, {108, 1260}, {0xB6, 0x00, 0x99, 0xFF}}},
	{{{1400, 6252, 0}, 0, {108, 1260}, {0xB6, 0x00, 0x99, 0xFF}}},
	{{{1800, 6252, 241}, 0, {431, 701}, {0x4A, 0x00, 0x67, 0xFF}}},
	{{{1800, 6699, 241}, 0, {431, 701}, {0x4A, 0x00, 0x67, 0xFF}}},
	{{{1442, 6699, 497}, 0, {108, 514}, {0x4A, 0x00, 0x67, 0xFF}}},
	{{{1649, 6252, 349}, 0, {108, 514}, {0x4A, 0x00, 0x67, 0xFF}}},
	{{{1321, 6629, 583}, 0, {-215, 701}, {0x4A, 0x00, 0x67, 0xFF}}},
	{{{1384, 6252, 538}, 0, {-215, 701}, {0x4A, 0x00, 0x67, 0xFF}}},
	{{{1551, 6252, -108}, 0, {755, -278}, {0xB6, 0x00, 0x99, 0xFF}}},
	{{{1400, 6252, 0}, 0, {496, -278}, {0xB6, 0x00, 0x99, 0xFF}}},
	{{{1193, 6699, 147}, 0, {496, -278}, {0xB6, 0x00, 0x99, 0xFF}}},
	{{{1551, 6699, -108}, 0, {755, -278}, {0xB6, 0x00, 0x99, 0xFF}}},
	{{{1072, 6629, 234}, 0, {-215, 1073}, {0xD4, 0x73, 0x1F, 0xFF}}},
	{{{1321, 6629, 583}, 0, {-215, 701}, {0xD4, 0x73, 0x1F, 0xFF}}},
	{{{1442, 6699, 497}, 0, {108, 514}, {0xD4, 0x73, 0x1F, 0xFF}}},
	{{{1193, 6699, 147}, 0, {108, 1260}, {0xD4, 0x73, 0x1F, 0xFF}}},
	{{{1384, 6252, 538}, 0, {-215, 701}, {0x9B, 0xE6, 0x48, 0xFF}}},
	{{{1321, 6629, 583}, 0, {-215, 701}, {0x9B, 0xE6, 0x48, 0xFF}}},
	{{{1072, 6629, 234}, 0, {-215, 1073}, {0x9B, 0xE6, 0x48, 0xFF}}},
	{{{1135, 6252, 189}, 0, {-215, 1073}, {0x9B, 0xE6, 0x48, 0xFF}}},
	{{{-2481, 7486, 769}, 0, {496, -278}, {0x00, 0x7F, 0x00, 0xFF}}},
	{{{-2056, 7486, 653}, 0, {755, -278}, {0x00, 0x7F, 0x00, 0xFF}}},
	{{{-2325, 7486, 504}, 0, {447, 165}, {0x00, 0x7F, 0x00, 0xFF}}},
	{{{-2169, 7486, 239}, 0, {431, 701}, {0x00, 0x7F, 0x00, 0xFF}}},
	{{{-2593, 7486, 355}, 0, {108, 514}, {0x00, 0x7F, 0x00, 0xFF}}},
	{{{-1193, 6699, 147}, 0, {496, -278}, {0x00, 0x7F, 0x00, 0xFF}}},
	{{{-1551, 6699, -108}, 0, {755, -278}, {0x00, 0x7F, 0x00, 0xFF}}},
	{{{-1496, 6699, 194}, 0, {447, 165}, {0x00, 0x7F, 0x00, 0xFF}}},
	{{{-1800, 6699, 241}, 0, {431, 701}, {0x00, 0x7F, 0x00, 0xFF}}},
	{{{-1442, 6699, 497}, 0, {108, 514}, {0x00, 0x7F, 0x00, 0xFF}}},
	{{{-912, 5588, -424}, 0, {496, -278}, {0x00, 0x7F, 0x00, 0xFF}}},
	{{{-502, 5588, -584}, 0, {755, -278}, {0x00, 0x7F, 0x00, 0xFF}}},
	{{{-785, 5588, -704}, 0, {447, 165}, {0x00, 0x7F, 0x00, 0xFF}}},
	{{{-657, 5588, -984}, 0, {431, 701}, {0x00, 0x7F, 0x00, 0xFF}}},
	{{{-1067, 5588, -824}, 0, {108, 514}, {0x00, 0x7F, 0x00, 0xFF}}},
	{{{2481, 7486, 769}, 0, {496, -278}, {0x00, 0x7F, 0x00, 0xFF}}},
	{{{2325, 7486, 504}, 0, {447, 165}, {0x00, 0x7F, 0x00, 0xFF}}},
	{{{2056, 7486, 653}, 0, {755, -278}, {0x00, 0x7F, 0x00, 0xFF}}},
	{{{2593, 7486, 355}, 0, {108, 514}, {0x00, 0x7F, 0x00, 0xFF}}},
	{{{2169, 7486, 239}, 0, {431, 701}, {0x00, 0x7F, 0x00, 0xFF}}},
	{{{1193, 6699, 147}, 0, {496, -278}, {0x00, 0x7F, 0x00, 0xFF}}},
	{{{1496, 6699, 194}, 0, {447, 165}, {0x00, 0x7F, 0x00, 0xFF}}},
	{{{1551, 6699, -108}, 0, {755, -278}, {0x00, 0x7F, 0x00, 0xFF}}},
	{{{1442, 6699, 497}, 0, {108, 514}, {0x00, 0x7F, 0x00, 0xFF}}},
	{{{1800, 6699, 241}, 0, {431, 701}, {0x00, 0x7F, 0x00, 0xFF}}},
	{{{912, 5588, -424}, 0, {496, -278}, {0x00, 0x7F, 0x00, 0xFF}}},
	{{{785, 5588, -704}, 0, {447, 165}, {0x00, 0x7F, 0x00, 0xFF}}},
	{{{502, 5588, -584}, 0, {755, -278}, {0x00, 0x7F, 0x00, 0xFF}}},
	{{{1067, 5588, -824}, 0, {108, 514}, {0x00, 0x7F, 0x00, 0xFF}}},
	{{{785, 5588, -704}, 0, {447, 165}, {0x00, 0x7F, 0x00, 0xFF}}},
	{{{912, 5588, -424}, 0, {496, -278}, {0x00, 0x7F, 0x00, 0xFF}}},
	{{{657, 5588, -984}, 0, {431, 701}, {0x00, 0x7F, 0x00, 0xFF}}},
	{{{502, 5588, -584}, 0, {755, -278}, {0x00, 0x7F, 0x00, 0xFF}}},
};

Gfx prince_valley_dl_Cylinder_003_mesh_layer_1_tri_0[] = {
	gsSPVertex(prince_valley_dl_Cylinder_003_mesh_layer_1_vtx_0 + 0, 32, 0),
	gsSP2Triangles(0, 1, 2, 0, 3, 4, 5, 0),
	gsSP2Triangles(6, 7, 8, 0, 9, 10, 11, 0),
	gsSP2Triangles(12, 13, 14, 0, 15, 16, 17, 0),
	gsSP2Triangles(18, 19, 20, 0, 18, 20, 18, 0),
	gsSP2Triangles(21, 18, 18, 0, 21, 18, 22, 0),
	gsSP2Triangles(23, 21, 22, 0, 23, 22, 24, 0),
	gsSP2Triangles(25, 26, 27, 0, 25, 27, 25, 0),
	gsSP2Triangles(28, 29, 29, 0, 28, 29, 31, 0),
	gsSPVertex(prince_valley_dl_Cylinder_003_mesh_layer_1_vtx_0 + 32, 32, 0),
	gsSP2Triangles(0, 1, 2, 0, 3, 1, 0, 0),
	gsSP2Triangles(3, 4, 1, 0, 5, 6, 7, 0),
	gsSP2Triangles(5, 7, 8, 0, 9, 10, 11, 0),
	gsSP2Triangles(9, 12, 10, 0, 12, 13, 10, 0),
	gsSP2Triangles(12, 14, 13, 0, 15, 16, 17, 0),
	gsSP2Triangles(15, 17, 18, 0, 19, 20, 21, 0),
	gsSP2Triangles(19, 21, 22, 0, 23, 24, 25, 0),
	gsSP2Triangles(23, 25, 26, 0, 27, 28, 29, 0),
	gsSP2Triangles(29, 27, 29, 0, 30, 29, 29, 0),
	gsSP1Triangle(30, 29, 31, 0),
	gsSPVertex(prince_valley_dl_Cylinder_003_mesh_layer_1_vtx_0 + 64, 32, 0),
	gsSP2Triangles(0, 1, 0, 0, 0, 3, 1, 0),
	gsSP2Triangles(3, 4, 1, 0, 3, 5, 4, 0),
	gsSP2Triangles(6, 7, 7, 0, 6, 7, 9, 0),
	gsSP2Triangles(10, 11, 12, 0, 10, 12, 13, 0),
	gsSP2Triangles(14, 15, 16, 0, 14, 16, 17, 0),
	gsSP2Triangles(18, 19, 20, 0, 18, 20, 21, 0),
	gsSP2Triangles(22, 23, 24, 0, 25, 23, 22, 0),
	gsSP2Triangles(25, 26, 23, 0, 27, 28, 29, 0),
	gsSP2Triangles(27, 29, 30, 0, 31, 27, 30, 0),
	gsSPVertex(prince_valley_dl_Cylinder_003_mesh_layer_1_vtx_0 + 96, 31, 0),
	gsSP2Triangles(0, 1, 2, 0, 3, 0, 2, 0),
	gsSP2Triangles(3, 2, 4, 0, 5, 6, 7, 0),
	gsSP2Triangles(5, 7, 8, 0, 9, 5, 8, 0),
	gsSP2Triangles(9, 8, 10, 0, 11, 9, 10, 0),
	gsSP2Triangles(11, 10, 12, 0, 13, 11, 12, 0),
	gsSP2Triangles(13, 12, 14, 0, 15, 16, 17, 0),
	gsSP2Triangles(15, 17, 18, 0, 19, 20, 21, 0),
	gsSP2Triangles(19, 21, 22, 0, 23, 24, 25, 0),
	gsSP2Triangles(23, 25, 26, 0, 27, 28, 29, 0),
	gsSP1Triangle(27, 29, 30, 0),
	gsSPVertex(prince_valley_dl_Cylinder_003_mesh_layer_1_vtx_0 + 127, 32, 0),
	gsSP2Triangles(0, 1, 2, 0, 3, 0, 2, 0),
	gsSP2Triangles(3, 2, 4, 0, 5, 3, 4, 0),
	gsSP2Triangles(6, 5, 4, 0, 6, 4, 7, 0),
	gsSP2Triangles(6, 7, 8, 0, 9, 6, 8, 0),
	gsSP2Triangles(10, 11, 12, 0, 11, 13, 12, 0),
	gsSP2Triangles(14, 15, 16, 0, 17, 15, 14, 0),
	gsSP2Triangles(17, 18, 15, 0, 19, 20, 21, 0),
	gsSP2Triangles(19, 21, 22, 0, 23, 24, 25, 0),
	gsSP2Triangles(23, 26, 24, 0, 26, 27, 24, 0),
	gsSP2Triangles(26, 28, 27, 0, 29, 30, 31, 0),
	gsSPVertex(prince_valley_dl_Cylinder_003_mesh_layer_1_vtx_0 + 159, 31, 0),
	gsSP2Triangles(0, 1, 2, 0, 3, 4, 5, 0),
	gsSP2Triangles(3, 5, 6, 0, 7, 8, 9, 0),
	gsSP2Triangles(7, 9, 10, 0, 11, 12, 13, 0),
	gsSP2Triangles(11, 11, 12, 0, 14, 11, 11, 0),
	gsSP2Triangles(14, 15, 11, 0, 16, 15, 14, 0),
	gsSP2Triangles(16, 17, 15, 0, 18, 17, 16, 0),
	gsSP2Triangles(18, 18, 17, 0, 19, 20, 21, 0),
	gsSP2Triangles(19, 21, 21, 0, 22, 23, 24, 0),
	gsSP2Triangles(25, 22, 24, 0, 25, 24, 26, 0),
	gsSP2Triangles(27, 28, 29, 0, 27, 29, 30, 0),
	gsSPVertex(prince_valley_dl_Cylinder_003_mesh_layer_1_vtx_0 + 190, 31, 0),
	gsSP2Triangles(0, 1, 2, 0, 0, 2, 3, 0),
	gsSP2Triangles(3, 2, 4, 0, 3, 4, 5, 0),
	gsSP2Triangles(6, 7, 8, 0, 6, 8, 9, 0),
	gsSP2Triangles(10, 11, 12, 0, 10, 12, 13, 0),
	gsSP2Triangles(14, 15, 16, 0, 14, 16, 17, 0),
	gsSP2Triangles(18, 18, 20, 0, 18, 21, 20, 0),
	gsSP2Triangles(22, 22, 24, 0, 22, 24, 25, 0),
	gsSP2Triangles(25, 24, 26, 0, 25, 26, 27, 0),
	gsSP2Triangles(28, 29, 30, 0, 28, 30, 30, 0),
	gsSPVertex(prince_valley_dl_Cylinder_003_mesh_layer_1_vtx_0 + 221, 32, 0),
	gsSP2Triangles(0, 1, 2, 0, 0, 2, 2, 0),
	gsSP2Triangles(3, 4, 5, 0, 3, 5, 6, 0),
	gsSP2Triangles(7, 8, 9, 0, 7, 9, 10, 0),
	gsSP2Triangles(11, 12, 13, 0, 11, 13, 14, 0),
	gsSP2Triangles(15, 16, 17, 0, 18, 15, 17, 0),
	gsSP2Triangles(18, 17, 19, 0, 20, 21, 22, 0),
	gsSP2Triangles(20, 23, 21, 0, 24, 23, 20, 0),
	gsSP2Triangles(24, 25, 23, 0, 26, 25, 24, 0),
	gsSP2Triangles(26, 27, 25, 0, 28, 29, 30, 0),
	gsSP1Triangle(28, 31, 29, 0),
	gsSPVertex(prince_valley_dl_Cylinder_003_mesh_layer_1_vtx_0 + 253, 32, 0),
	gsSP2Triangles(0, 1, 2, 0, 0, 3, 1, 0),
	gsSP2Triangles(4, 3, 0, 0, 4, 5, 3, 0),
	gsSP2Triangles(6, 5, 4, 0, 6, 7, 5, 0),
	gsSP2Triangles(8, 9, 10, 0, 8, 10, 11, 0),
	gsSP2Triangles(12, 13, 14, 0, 12, 14, 15, 0),
	gsSP2Triangles(16, 17, 18, 0, 16, 18, 19, 0),
	gsSP2Triangles(20, 21, 22, 0, 20, 22, 23, 0),
	gsSP2Triangles(24, 25, 26, 0, 27, 24, 26, 0),
	gsSP2Triangles(28, 24, 27, 0, 29, 28, 27, 0),
	gsSP2Triangles(30, 28, 29, 0, 30, 31, 28, 0),
	gsSPVertex(prince_valley_dl_Cylinder_003_mesh_layer_1_vtx_0 + 285, 31, 0),
	gsSP2Triangles(0, 1, 2, 0, 3, 0, 2, 0),
	gsSP2Triangles(4, 5, 6, 0, 5, 7, 6, 0),
	gsSP2Triangles(8, 9, 10, 0, 11, 8, 10, 0),
	gsSP2Triangles(11, 10, 12, 0, 13, 14, 15, 0),
	gsSP2Triangles(13, 15, 16, 0, 17, 18, 19, 0),
	gsSP2Triangles(17, 19, 20, 0, 20, 19, 21, 0),
	gsSP2Triangles(20, 21, 22, 0, 23, 24, 25, 0),
	gsSP2Triangles(23, 25, 26, 0, 27, 28, 29, 0),
	gsSP1Triangle(27, 29, 30, 0),
	gsSPVertex(prince_valley_dl_Cylinder_003_mesh_layer_1_vtx_0 + 316, 32, 0),
	gsSP2Triangles(0, 1, 2, 0, 0, 2, 3, 0),
	gsSP2Triangles(4, 5, 6, 0, 5, 7, 6, 0),
	gsSP2Triangles(7, 8, 6, 0, 8, 4, 6, 0),
	gsSP2Triangles(9, 10, 11, 0, 10, 12, 11, 0),
	gsSP2Triangles(12, 13, 11, 0, 13, 9, 11, 0),
	gsSP2Triangles(14, 15, 16, 0, 15, 17, 16, 0),
	gsSP2Triangles(17, 18, 16, 0, 18, 14, 16, 0),
	gsSP2Triangles(19, 20, 21, 0, 22, 20, 19, 0),
	gsSP2Triangles(23, 20, 22, 0, 21, 20, 23, 0),
	gsSP2Triangles(24, 25, 26, 0, 27, 25, 24, 0),
	gsSP2Triangles(28, 25, 27, 0, 26, 25, 28, 0),
	gsSP1Triangle(29, 30, 31, 0),
	gsSPVertex(prince_valley_dl_Cylinder_003_mesh_layer_1_vtx_0 + 348, 5, 0),
	gsSP2Triangles(0, 1, 2, 0, 3, 1, 0, 0),
	gsSP1Triangle(4, 1, 3, 0),
	gsSPEndDisplayList(),
};

Vtx prince_valley_dl_Cylinder_003_mesh_layer_1_vtx_1[184] = {
	{{{-830, 4582, -917}, 0, {1272, 499}, {0x13, 0x00, 0x82, 0xFF}}},
	{{{-830, 5141, -917}, 0, {1272, -278}, {0x13, 0x00, 0x82, 0xFF}}},
	{{{-619, 5141, -884}, 0, {1014, -278}, {0x13, 0x00, 0x82, 0xFF}}},
	{{{-619, 4582, -884}, 0, {1014, 499}, {0x13, 0x00, 0x82, 0xFF}}},
	{{{-619, 4582, -884}, 0, {1014, 499}, {0x76, 0x00, 0xD2, 0xFF}}},
	{{{-619, 5141, -884}, 0, {1014, -278}, {0x76, 0x00, 0xD2, 0xFF}}},
	{{{-541, 5141, -684}, 0, {755, -278}, {0x76, 0x00, 0xD2, 0xFF}}},
	{{{-541, 4582, -684}, 0, {755, 499}, {0x76, 0x00, 0xD2, 0xFF}}},
	{{{-541, 4582, -684}, 0, {755, 499}, {0x63, 0x00, 0x4F, 0xFF}}},
	{{{-541, 5141, -684}, 0, {755, -278}, {0x63, 0x00, 0x4F, 0xFF}}},
	{{{-675, 5141, -517}, 0, {496, -278}, {0x63, 0x00, 0x4F, 0xFF}}},
	{{{-675, 4582, -517}, 0, {496, 499}, {0x63, 0x00, 0x4F, 0xFF}}},
	{{{-675, 4582, -517}, 0, {496, 499}, {0xED, 0x00, 0x7E, 0xFF}}},
	{{{-675, 5141, -517}, 0, {496, -278}, {0xED, 0x00, 0x7E, 0xFF}}},
	{{{-887, 5141, -549}, 0, {237, -278}, {0xED, 0x00, 0x7E, 0xFF}}},
	{{{-887, 4582, -549}, 0, {237, 499}, {0xED, 0x00, 0x7E, 0xFF}}},
	{{{-887, 4582, -549}, 0, {237, 499}, {0x8A, 0x00, 0x2E, 0xFF}}},
	{{{-887, 5141, -549}, 0, {237, -278}, {0x8A, 0x00, 0x2E, 0xFF}}},
	{{{-964, 5141, -749}, 0, {-22, -278}, {0x8A, 0x00, 0x2E, 0xFF}}},
	{{{-964, 4582, -749}, 0, {-22, 499}, {0x8A, 0x00, 0x2E, 0xFF}}},
	{{{-964, 4582, -749}, 0, {-22, 499}, {0x9D, 0x00, 0xB1, 0xFF}}},
	{{{-964, 5141, -749}, 0, {-22, -278}, {0x9D, 0x00, 0xB1, 0xFF}}},
	{{{-830, 5141, -917}, 0, {-280, -278}, {0x9D, 0x00, 0xB1, 0xFF}}},
	{{{-830, 4582, -917}, 0, {-280, 499}, {0x9D, 0x00, 0xB1, 0xFF}}},
	{{{-2348, 4573, 288}, 0, {1272, 499}, {0x20, 0x00, 0x85, 0xFF}}},
	{{{-2348, 7039, 288}, 0, {1272, -278}, {0x20, 0x00, 0x85, 0xFF}}},
	{{{-2141, 7039, 342}, 0, {1014, -278}, {0x20, 0x00, 0x85, 0xFF}}},
	{{{-2141, 4573, 342}, 0, {1014, 499}, {0x20, 0x00, 0x85, 0xFF}}},
	{{{-2141, 4573, 342}, 0, {1014, 499}, {0x7B, 0x00, 0xDF, 0xFF}}},
	{{{-2141, 7039, 342}, 0, {1014, -278}, {0x7B, 0x00, 0xDF, 0xFF}}},
	{{{-2085, 7039, 549}, 0, {755, -278}, {0x7B, 0x00, 0xDF, 0xFF}}},
	{{{-2085, 4573, 549}, 0, {755, 499}, {0x7B, 0x00, 0xDF, 0xFF}}},
	{{{-2085, 4573, 549}, 0, {755, 499}, {0x5A, 0x00, 0x59, 0xFF}}},
	{{{-2085, 7039, 549}, 0, {755, -278}, {0x5A, 0x00, 0x59, 0xFF}}},
	{{{-2235, 7039, 702}, 0, {496, -278}, {0x5A, 0x00, 0x59, 0xFF}}},
	{{{-2235, 4573, 702}, 0, {496, 499}, {0x5A, 0x00, 0x59, 0xFF}}},
	{{{-2235, 4573, 702}, 0, {496, 499}, {0xE0, 0x00, 0x7B, 0xFF}}},
	{{{-2235, 7039, 702}, 0, {496, -278}, {0xE0, 0x00, 0x7B, 0xFF}}},
	{{{-2443, 7039, 647}, 0, {237, -278}, {0xE0, 0x00, 0x7B, 0xFF}}},
	{{{-2443, 4573, 647}, 0, {237, 499}, {0xE0, 0x00, 0x7B, 0xFF}}},
	{{{-2443, 4573, 647}, 0, {237, 499}, {0x85, 0x00, 0x21, 0xFF}}},
	{{{-2443, 7039, 647}, 0, {237, -278}, {0x85, 0x00, 0x21, 0xFF}}},
	{{{-2499, 7039, 440}, 0, {-22, -278}, {0x85, 0x00, 0x21, 0xFF}}},
	{{{-2499, 4573, 440}, 0, {-22, 499}, {0x85, 0x00, 0x21, 0xFF}}},
	{{{-2499, 4573, 440}, 0, {-22, 499}, {0xA6, 0x00, 0xA7, 0xFF}}},
	{{{-2499, 7039, 440}, 0, {-22, -278}, {0xA6, 0x00, 0xA7, 0xFF}}},
	{{{-2348, 7039, 288}, 0, {-280, -278}, {0xA6, 0x00, 0xA7, 0xFF}}},
	{{{-2348, 4573, 288}, 0, {-280, 499}, {0xA6, 0x00, 0xA7, 0xFF}}},
	{{{-1649, 4573, 349}, 0, {1272, 499}, {0x8C, 0x00, 0x35, 0xFF}}},
	{{{-1649, 6252, 349}, 0, {1272, -278}, {0x8C, 0x00, 0x35, 0xFF}}},
	{{{-1737, 6252, 153}, 0, {1014, -278}, {0x8C, 0x00, 0x35, 0xFF}}},
	{{{-1737, 4573, 153}, 0, {1014, 499}, {0x8C, 0x00, 0x35, 0xFF}}},
	{{{-1737, 4573, 153}, 0, {1014, 499}, {0x99, 0x00, 0xB6, 0xFF}}},
	{{{-1737, 6252, 153}, 0, {1014, -278}, {0x99, 0x00, 0xB6, 0xFF}}},
	{{{-1613, 6252, -21}, 0, {755, -278}, {0x99, 0x00, 0xB6, 0xFF}}},
	{{{-1613, 4573, -21}, 0, {755, 499}, {0x99, 0x00, 0xB6, 0xFF}}},
	{{{-1613, 4573, -21}, 0, {755, 499}, {0x0C, 0x00, 0x82, 0xFF}}},
	{{{-1613, 6252, -21}, 0, {755, -278}, {0x0C, 0x00, 0x82, 0xFF}}},
	{{{-1400, 6252, 0}, 0, {496, -278}, {0x0C, 0x00, 0x82, 0xFF}}},
	{{{-1400, 4573, 0}, 0, {496, 499}, {0x0C, 0x00, 0x82, 0xFF}}},
	{{{-1400, 4573, 0}, 0, {496, 499}, {0x74, 0x00, 0xCB, 0xFF}}},
	{{{-1400, 6252, 0}, 0, {496, -278}, {0x74, 0x00, 0xCB, 0xFF}}},
	{{{-1311, 6252, 195}, 0, {237, -278}, {0x74, 0x00, 0xCB, 0xFF}}},
	{{{-1311, 4573, 195}, 0, {237, 499}, {0x74, 0x00, 0xCB, 0xFF}}},
	{{{-1311, 4573, 195}, 0, {237, 499}, {0x67, 0x00, 0x4A, 0xFF}}},
	{{{-1311, 6252, 195}, 0, {237, -278}, {0x67, 0x00, 0x4A, 0xFF}}},
	{{{-1435, 6252, 369}, 0, {-22, -278}, {0x67, 0x00, 0x4A, 0xFF}}},
	{{{-1435, 4573, 369}, 0, {-22, 499}, {0x67, 0x00, 0x4A, 0xFF}}},
	{{{-1435, 4573, 369}, 0, {-22, 499}, {0xF4, 0x00, 0x7E, 0xFF}}},
	{{{-1435, 6252, 369}, 0, {-22, -278}, {0xF4, 0x00, 0x7E, 0xFF}}},
	{{{-1649, 6252, 349}, 0, {-280, -278}, {0xF4, 0x00, 0x7E, 0xFF}}},
	{{{-1649, 4573, 349}, 0, {-280, 499}, {0xF4, 0x00, 0x7E, 0xFF}}},
	{{{-1311, 4573, 195}, 0, {237, 499}, {0x00, 0x81, 0x00, 0xFF}}},
	{{{-1613, 4573, -21}, 0, {755, 499}, {0x00, 0x81, 0x00, 0xFF}}},
	{{{-1400, 4573, 0}, 0, {496, 499}, {0x00, 0x81, 0x00, 0xFF}}},
	{{{-1435, 4573, 369}, 0, {-22, 499}, {0x00, 0x81, 0x00, 0xFF}}},
	{{{-1737, 4573, 153}, 0, {1014, 499}, {0x00, 0x81, 0x00, 0xFF}}},
	{{{-1649, 4573, 349}, 0, {-280, 499}, {0x00, 0x81, 0x00, 0xFF}}},
	{{{-2085, 4573, 549}, 0, {755, 499}, {0x00, 0x81, 0x00, 0xFF}}},
	{{{-2235, 4573, 702}, 0, {496, 499}, {0x00, 0x81, 0x00, 0xFF}}},
	{{{-2348, 4573, 288}, 0, {1272, 499}, {0x00, 0x81, 0x00, 0xFF}}},
	{{{-2141, 4573, 342}, 0, {1014, 499}, {0x00, 0x81, 0x00, 0xFF}}},
	{{{-2443, 4573, 647}, 0, {237, 499}, {0x00, 0x81, 0x00, 0xFF}}},
	{{{-2499, 4573, 440}, 0, {-22, 499}, {0x00, 0x81, 0x00, 0xFF}}},
	{{{-2348, 4573, 288}, 0, {-280, 499}, {0x00, 0x81, 0x00, 0xFF}}},
	{{{-541, 4582, -684}, 0, {755, 499}, {0x00, 0x81, 0x00, 0xFF}}},
	{{{-675, 4582, -517}, 0, {496, 499}, {0x00, 0x81, 0x00, 0xFF}}},
	{{{-830, 4582, -917}, 0, {1272, 499}, {0x00, 0x81, 0x00, 0xFF}}},
	{{{-619, 4582, -884}, 0, {1014, 499}, {0x00, 0x81, 0x00, 0xFF}}},
	{{{-887, 4582, -549}, 0, {237, 499}, {0x00, 0x81, 0x00, 0xFF}}},
	{{{-964, 4582, -749}, 0, {-22, 499}, {0x00, 0x81, 0x00, 0xFF}}},
	{{{-830, 4582, -917}, 0, {-280, 499}, {0x00, 0x81, 0x00, 0xFF}}},
	{{{830, 4582, -917}, 0, {1272, 499}, {0xED, 0x00, 0x82, 0xFF}}},
	{{{619, 4582, -884}, 0, {1014, 499}, {0xED, 0x00, 0x82, 0xFF}}},
	{{{619, 5141, -884}, 0, {1014, -278}, {0xED, 0x00, 0x82, 0xFF}}},
	{{{830, 5141, -917}, 0, {1272, -278}, {0xED, 0x00, 0x82, 0xFF}}},
	{{{619, 4582, -884}, 0, {1014, 499}, {0x8A, 0x00, 0xD2, 0xFF}}},
	{{{541, 4582, -684}, 0, {755, 499}, {0x8A, 0x00, 0xD2, 0xFF}}},
	{{{541, 5141, -684}, 0, {755, -278}, {0x8A, 0x00, 0xD2, 0xFF}}},
	{{{619, 5141, -884}, 0, {1014, -278}, {0x8A, 0x00, 0xD2, 0xFF}}},
	{{{541, 4582, -684}, 0, {755, 499}, {0x9D, 0x00, 0x4F, 0xFF}}},
	{{{675, 4582, -517}, 0, {496, 499}, {0x9D, 0x00, 0x4F, 0xFF}}},
	{{{675, 5141, -517}, 0, {496, -278}, {0x9D, 0x00, 0x4F, 0xFF}}},
	{{{541, 5141, -684}, 0, {755, -278}, {0x9D, 0x00, 0x4F, 0xFF}}},
	{{{675, 4582, -517}, 0, {496, 499}, {0x13, 0x00, 0x7E, 0xFF}}},
	{{{887, 4582, -549}, 0, {237, 499}, {0x13, 0x00, 0x7E, 0xFF}}},
	{{{887, 5141, -549}, 0, {237, -278}, {0x13, 0x00, 0x7E, 0xFF}}},
	{{{675, 5141, -517}, 0, {496, -278}, {0x13, 0x00, 0x7E, 0xFF}}},
	{{{887, 4582, -549}, 0, {237, 499}, {0x76, 0x00, 0x2E, 0xFF}}},
	{{{964, 4582, -749}, 0, {-22, 499}, {0x76, 0x00, 0x2E, 0xFF}}},
	{{{964, 5141, -749}, 0, {-22, -278}, {0x76, 0x00, 0x2E, 0xFF}}},
	{{{887, 5141, -549}, 0, {237, -278}, {0x76, 0x00, 0x2E, 0xFF}}},
	{{{964, 4582, -749}, 0, {-22, 499}, {0x63, 0x00, 0xB1, 0xFF}}},
	{{{830, 4582, -917}, 0, {-280, 499}, {0x63, 0x00, 0xB1, 0xFF}}},
	{{{830, 5141, -917}, 0, {-280, -278}, {0x63, 0x00, 0xB1, 0xFF}}},
	{{{964, 5141, -749}, 0, {-22, -278}, {0x63, 0x00, 0xB1, 0xFF}}},
	{{{2348, 4573, 288}, 0, {1272, 499}, {0xE0, 0x00, 0x85, 0xFF}}},
	{{{2141, 4573, 342}, 0, {1014, 499}, {0xE0, 0x00, 0x85, 0xFF}}},
	{{{2141, 7039, 342}, 0, {1014, -278}, {0xE0, 0x00, 0x85, 0xFF}}},
	{{{2348, 7039, 288}, 0, {1272, -278}, {0xE0, 0x00, 0x85, 0xFF}}},
	{{{2141, 4573, 342}, 0, {1014, 499}, {0x85, 0x00, 0xDF, 0xFF}}},
	{{{2085, 4573, 549}, 0, {755, 499}, {0x85, 0x00, 0xDF, 0xFF}}},
	{{{2085, 7039, 549}, 0, {755, -278}, {0x85, 0x00, 0xDF, 0xFF}}},
	{{{2141, 7039, 342}, 0, {1014, -278}, {0x85, 0x00, 0xDF, 0xFF}}},
	{{{2085, 4573, 549}, 0, {755, 499}, {0xA6, 0x00, 0x59, 0xFF}}},
	{{{2235, 4573, 702}, 0, {496, 499}, {0xA6, 0x00, 0x59, 0xFF}}},
	{{{2235, 7039, 702}, 0, {496, -278}, {0xA6, 0x00, 0x59, 0xFF}}},
	{{{2085, 7039, 549}, 0, {755, -278}, {0xA6, 0x00, 0x59, 0xFF}}},
	{{{2235, 4573, 702}, 0, {496, 499}, {0x20, 0x00, 0x7B, 0xFF}}},
	{{{2443, 4573, 647}, 0, {237, 499}, {0x20, 0x00, 0x7B, 0xFF}}},
	{{{2443, 7039, 647}, 0, {237, -278}, {0x20, 0x00, 0x7B, 0xFF}}},
	{{{2235, 7039, 702}, 0, {496, -278}, {0x20, 0x00, 0x7B, 0xFF}}},
	{{{2443, 4573, 647}, 0, {237, 499}, {0x7B, 0x00, 0x21, 0xFF}}},
	{{{2499, 4573, 440}, 0, {-22, 499}, {0x7B, 0x00, 0x21, 0xFF}}},
	{{{2499, 7039, 440}, 0, {-22, -278}, {0x7B, 0x00, 0x21, 0xFF}}},
	{{{2443, 7039, 647}, 0, {237, -278}, {0x7B, 0x00, 0x21, 0xFF}}},
	{{{2499, 4573, 440}, 0, {-22, 499}, {0x5A, 0x00, 0xA7, 0xFF}}},
	{{{2348, 4573, 288}, 0, {-280, 499}, {0x5A, 0x00, 0xA7, 0xFF}}},
	{{{2348, 7039, 288}, 0, {-280, -278}, {0x5A, 0x00, 0xA7, 0xFF}}},
	{{{2499, 7039, 440}, 0, {-22, -278}, {0x5A, 0x00, 0xA7, 0xFF}}},
	{{{1649, 4573, 349}, 0, {1272, 499}, {0x74, 0x00, 0x35, 0xFF}}},
	{{{1737, 4573, 153}, 0, {1014, 499}, {0x74, 0x00, 0x35, 0xFF}}},
	{{{1737, 6252, 153}, 0, {1014, -278}, {0x74, 0x00, 0x35, 0xFF}}},
	{{{1649, 6252, 349}, 0, {1272, -278}, {0x74, 0x00, 0x35, 0xFF}}},
	{{{1737, 4573, 153}, 0, {1014, 499}, {0x67, 0x00, 0xB6, 0xFF}}},
	{{{1613, 4573, -21}, 0, {755, 499}, {0x67, 0x00, 0xB6, 0xFF}}},
	{{{1613, 6252, -21}, 0, {755, -278}, {0x67, 0x00, 0xB6, 0xFF}}},
	{{{1737, 6252, 153}, 0, {1014, -278}, {0x67, 0x00, 0xB6, 0xFF}}},
	{{{1613, 4573, -21}, 0, {755, 499}, {0xF4, 0x00, 0x82, 0xFF}}},
	{{{1400, 4573, 0}, 0, {496, 499}, {0xF4, 0x00, 0x82, 0xFF}}},
	{{{1400, 6252, 0}, 0, {496, -278}, {0xF4, 0x00, 0x82, 0xFF}}},
	{{{1613, 6252, -21}, 0, {755, -278}, {0xF4, 0x00, 0x82, 0xFF}}},
	{{{1400, 4573, 0}, 0, {496, 499}, {0x8C, 0x00, 0xCB, 0xFF}}},
	{{{1311, 4573, 195}, 0, {237, 499}, {0x8C, 0x00, 0xCB, 0xFF}}},
	{{{1311, 6252, 195}, 0, {237, -278}, {0x8C, 0x00, 0xCB, 0xFF}}},
	{{{1400, 6252, 0}, 0, {496, -278}, {0x8C, 0x00, 0xCB, 0xFF}}},
	{{{1311, 4573, 195}, 0, {237, 499}, {0x99, 0x00, 0x4A, 0xFF}}},
	{{{1435, 4573, 369}, 0, {-22, 499}, {0x99, 0x00, 0x4A, 0xFF}}},
	{{{1435, 6252, 369}, 0, {-22, -278}, {0x99, 0x00, 0x4A, 0xFF}}},
	{{{1311, 6252, 195}, 0, {237, -278}, {0x99, 0x00, 0x4A, 0xFF}}},
	{{{1435, 4573, 369}, 0, {-22, 499}, {0x0C, 0x00, 0x7E, 0xFF}}},
	{{{1649, 4573, 349}, 0, {-280, 499}, {0x0C, 0x00, 0x7E, 0xFF}}},
	{{{1649, 6252, 349}, 0, {-280, -278}, {0x0C, 0x00, 0x7E, 0xFF}}},
	{{{1435, 6252, 369}, 0, {-22, -278}, {0x0C, 0x00, 0x7E, 0xFF}}},
	{{{1311, 4573, 195}, 0, {237, 499}, {0x00, 0x81, 0x00, 0xFF}}},
	{{{1400, 4573, 0}, 0, {496, 499}, {0x00, 0x81, 0x00, 0xFF}}},
	{{{1613, 4573, -21}, 0, {755, 499}, {0x00, 0x81, 0x00, 0xFF}}},
	{{{1435, 4573, 369}, 0, {-22, 499}, {0x00, 0x81, 0x00, 0xFF}}},
	{{{1737, 4573, 153}, 0, {1014, 499}, {0x00, 0x81, 0x00, 0xFF}}},
	{{{1649, 4573, 349}, 0, {-280, 499}, {0x00, 0x81, 0x00, 0xFF}}},
	{{{2085, 4573, 549}, 0, {755, 499}, {0x00, 0x81, 0x00, 0xFF}}},
	{{{2141, 4573, 342}, 0, {1014, 499}, {0x00, 0x81, 0x00, 0xFF}}},
	{{{2348, 4573, 288}, 0, {1272, 499}, {0x00, 0x81, 0x00, 0xFF}}},
	{{{2235, 4573, 702}, 0, {496, 499}, {0x00, 0x81, 0x00, 0xFF}}},
	{{{2348, 4573, 288}, 0, {-280, 499}, {0x00, 0x81, 0x00, 0xFF}}},
	{{{2499, 4573, 440}, 0, {-22, 499}, {0x00, 0x81, 0x00, 0xFF}}},
	{{{2443, 4573, 647}, 0, {237, 499}, {0x00, 0x81, 0x00, 0xFF}}},
	{{{541, 4582, -684}, 0, {755, 499}, {0x00, 0x81, 0x00, 0xFF}}},
	{{{619, 4582, -884}, 0, {1014, 499}, {0x00, 0x81, 0x00, 0xFF}}},
	{{{830, 4582, -917}, 0, {1272, 499}, {0x00, 0x81, 0x00, 0xFF}}},
	{{{675, 4582, -517}, 0, {496, 499}, {0x00, 0x81, 0x00, 0xFF}}},
	{{{830, 4582, -917}, 0, {-280, 499}, {0x00, 0x81, 0x00, 0xFF}}},
	{{{964, 4582, -749}, 0, {-22, 499}, {0x00, 0x81, 0x00, 0xFF}}},
	{{{887, 4582, -549}, 0, {237, 499}, {0x00, 0x81, 0x00, 0xFF}}},
};

Gfx prince_valley_dl_Cylinder_003_mesh_layer_1_tri_1[] = {
	gsSPVertex(prince_valley_dl_Cylinder_003_mesh_layer_1_vtx_1 + 0, 32, 0),
	gsSP2Triangles(0, 1, 2, 0, 0, 2, 3, 0),
	gsSP2Triangles(4, 5, 6, 0, 4, 6, 7, 0),
	gsSP2Triangles(8, 9, 10, 0, 8, 10, 11, 0),
	gsSP2Triangles(12, 13, 14, 0, 12, 14, 15, 0),
	gsSP2Triangles(16, 17, 18, 0, 16, 18, 19, 0),
	gsSP2Triangles(20, 21, 22, 0, 20, 22, 23, 0),
	gsSP2Triangles(24, 25, 26, 0, 24, 26, 27, 0),
	gsSP2Triangles(28, 29, 30, 0, 28, 30, 31, 0),
	gsSPVertex(prince_valley_dl_Cylinder_003_mesh_layer_1_vtx_1 + 32, 32, 0),
	gsSP2Triangles(0, 1, 2, 0, 0, 2, 3, 0),
	gsSP2Triangles(4, 5, 6, 0, 4, 6, 7, 0),
	gsSP2Triangles(8, 9, 10, 0, 8, 10, 11, 0),
	gsSP2Triangles(12, 13, 14, 0, 12, 14, 15, 0),
	gsSP2Triangles(16, 17, 18, 0, 16, 18, 19, 0),
	gsSP2Triangles(20, 21, 22, 0, 20, 22, 23, 0),
	gsSP2Triangles(24, 25, 26, 0, 24, 26, 27, 0),
	gsSP2Triangles(28, 29, 30, 0, 28, 30, 31, 0),
	gsSPVertex(prince_valley_dl_Cylinder_003_mesh_layer_1_vtx_1 + 64, 32, 0),
	gsSP2Triangles(0, 1, 2, 0, 0, 2, 3, 0),
	gsSP2Triangles(4, 5, 6, 0, 4, 6, 7, 0),
	gsSP2Triangles(8, 9, 10, 0, 8, 11, 9, 0),
	gsSP2Triangles(11, 12, 9, 0, 11, 13, 12, 0),
	gsSP2Triangles(14, 15, 16, 0, 14, 16, 17, 0),
	gsSP2Triangles(15, 18, 19, 0, 15, 19, 20, 0),
	gsSP2Triangles(21, 22, 23, 0, 21, 23, 24, 0),
	gsSP2Triangles(22, 25, 26, 0, 22, 26, 27, 0),
	gsSP2Triangles(28, 29, 30, 0, 28, 30, 31, 0),
	gsSPVertex(prince_valley_dl_Cylinder_003_mesh_layer_1_vtx_1 + 96, 32, 0),
	gsSP2Triangles(0, 1, 2, 0, 0, 2, 3, 0),
	gsSP2Triangles(4, 5, 6, 0, 4, 6, 7, 0),
	gsSP2Triangles(8, 9, 10, 0, 8, 10, 11, 0),
	gsSP2Triangles(12, 13, 14, 0, 12, 14, 15, 0),
	gsSP2Triangles(16, 17, 18, 0, 16, 18, 19, 0),
	gsSP2Triangles(20, 21, 22, 0, 20, 22, 23, 0),
	gsSP2Triangles(24, 25, 26, 0, 24, 26, 27, 0),
	gsSP2Triangles(28, 29, 30, 0, 28, 30, 31, 0),
	gsSPVertex(prince_valley_dl_Cylinder_003_mesh_layer_1_vtx_1 + 128, 32, 0),
	gsSP2Triangles(0, 1, 2, 0, 0, 2, 3, 0),
	gsSP2Triangles(4, 5, 6, 0, 4, 6, 7, 0),
	gsSP2Triangles(8, 9, 10, 0, 8, 10, 11, 0),
	gsSP2Triangles(12, 13, 14, 0, 12, 14, 15, 0),
	gsSP2Triangles(16, 17, 18, 0, 16, 18, 19, 0),
	gsSP2Triangles(20, 21, 22, 0, 20, 22, 23, 0),
	gsSP2Triangles(24, 25, 26, 0, 24, 26, 27, 0),
	gsSP2Triangles(28, 29, 30, 0, 28, 30, 31, 0),
	gsSPVertex(prince_valley_dl_Cylinder_003_mesh_layer_1_vtx_1 + 160, 24, 0),
	gsSP2Triangles(0, 1, 2, 0, 0, 2, 3, 0),
	gsSP2Triangles(4, 5, 6, 0, 4, 6, 7, 0),
	gsSP2Triangles(7, 6, 8, 0, 7, 8, 9, 0),
	gsSP2Triangles(10, 11, 12, 0, 10, 12, 13, 0),
	gsSP2Triangles(13, 14, 15, 0, 13, 15, 16, 0),
	gsSP2Triangles(17, 18, 19, 0, 17, 19, 20, 0),
	gsSP2Triangles(20, 21, 22, 0, 20, 22, 23, 0),
	gsSPEndDisplayList(),
};

Vtx prince_valley_dl_Plane_007_mesh_layer_4_vtx_cull[8] = {
	{{{-2964, -6895, 5125}, 0, {0, 0}, {0x00, 0x00, 0x00, 0x00}}},
	{{{-2964, -4794, 5125}, 0, {0, 0}, {0x00, 0x00, 0x00, 0x00}}},
	{{{-2964, -4794, 1124}, 0, {0, 0}, {0x00, 0x00, 0x00, 0x00}}},
	{{{-2964, -6895, 1124}, 0, {0, 0}, {0x00, 0x00, 0x00, 0x00}}},
	{{{2964, -6895, 5125}, 0, {0, 0}, {0x00, 0x00, 0x00, 0x00}}},
	{{{2964, -4794, 5125}, 0, {0, 0}, {0x00, 0x00, 0x00, 0x00}}},
	{{{2964, -4794, 1124}, 0, {0, 0}, {0x00, 0x00, 0x00, 0x00}}},
	{{{2964, -6895, 1124}, 0, {0, 0}, {0x00, 0x00, 0x00, 0x00}}},
};

Vtx prince_valley_dl_Plane_007_mesh_layer_4_vtx_0[164] = {
	{{{2173, -6480, 1124}, 0, {-16, 968}, {0x00, 0x00, 0x81, 0xFF}}},
	{{{2521, -6480, 1124}, 0, {1008, 968}, {0x00, 0x00, 0x81, 0xFF}}},
	{{{2521, -6828, 1124}, 0, {1008, -37}, {0x00, 0x00, 0x81, 0xFF}}},
	{{{2173, -6828, 1124}, 0, {-16, -37}, {0x00, 0x00, 0x81, 0xFF}}},
	{{{1018, -4896, 1124}, 0, {-16, 968}, {0x00, 0x00, 0x81, 0xFF}}},
	{{{1206, -4896, 1124}, 0, {1008, 968}, {0x00, 0x00, 0x81, 0xFF}}},
	{{{1206, -5084, 1124}, 0, {1008, -37}, {0x00, 0x00, 0x81, 0xFF}}},
	{{{1018, -5084, 1124}, 0, {-16, -37}, {0x00, 0x00, 0x81, 0xFF}}},
	{{{1512, -4896, 1124}, 0, {-16, 968}, {0x00, 0x00, 0x81, 0xFF}}},
	{{{1699, -4896, 1124}, 0, {1008, 968}, {0x00, 0x00, 0x81, 0xFF}}},
	{{{1699, -5084, 1124}, 0, {1008, -37}, {0x00, 0x00, 0x81, 0xFF}}},
	{{{1512, -5084, 1124}, 0, {-16, -37}, {0x00, 0x00, 0x81, 0xFF}}},
	{{{1998, -4896, 1124}, 0, {-16, 968}, {0x00, 0x00, 0x81, 0xFF}}},
	{{{2185, -4896, 1124}, 0, {1008, 968}, {0x00, 0x00, 0x81, 0xFF}}},
	{{{2185, -5084, 1124}, 0, {1008, -37}, {0x00, 0x00, 0x81, 0xFF}}},
	{{{1998, -5084, 1124}, 0, {-16, -37}, {0x00, 0x00, 0x81, 0xFF}}},
	{{{2492, -4896, 1124}, 0, {-16, 968}, {0x00, 0x00, 0x81, 0xFF}}},
	{{{2679, -4896, 1124}, 0, {1008, 968}, {0x00, 0x00, 0x81, 0xFF}}},
	{{{2679, -5084, 1124}, 0, {1008, -37}, {0x00, 0x00, 0x81, 0xFF}}},
	{{{2492, -5084, 1124}, 0, {-16, -37}, {0x00, 0x00, 0x81, 0xFF}}},
	{{{1689, -5816, 1124}, 0, {-16, 968}, {0x00, 0x00, 0x81, 0xFF}}},
	{{{2037, -5816, 1124}, 0, {1008, 968}, {0x00, 0x00, 0x81, 0xFF}}},
	{{{2037, -6164, 1124}, 0, {1008, -37}, {0x00, 0x00, 0x81, 0xFF}}},
	{{{1689, -6164, 1124}, 0, {-16, -37}, {0x00, 0x00, 0x81, 0xFF}}},
	{{{1209, -6480, 1124}, 0, {-16, 968}, {0x00, 0x00, 0x81, 0xFF}}},
	{{{1557, -6480, 1124}, 0, {1008, 968}, {0x00, 0x00, 0x81, 0xFF}}},
	{{{1557, -6828, 1124}, 0, {1008, -37}, {0x00, 0x00, 0x81, 0xFF}}},
	{{{1209, -6828, 1124}, 0, {-16, -37}, {0x00, 0x00, 0x81, 0xFF}}},
	{{{2964, -6521, 2727}, 0, {-16, 968}, {0x7F, 0x00, 0x00, 0xFF}}},
	{{{2964, -6521, 3075}, 0, {1008, 968}, {0x7F, 0x00, 0x00, 0xFF}}},
	{{{2964, -6869, 3075}, 0, {1008, -37}, {0x7F, 0x00, 0x00, 0xFF}}},
	{{{2964, -6869, 2727}, 0, {-16, -37}, {0x7F, 0x00, 0x00, 0xFF}}},
	{{{2964, -4908, 1708}, 0, {-16, 968}, {0x7F, 0x00, 0x00, 0xFF}}},
	{{{2964, -4908, 1895}, 0, {1008, 968}, {0x7F, 0x00, 0x00, 0xFF}}},
	{{{2964, -5096, 1895}, 0, {1008, -37}, {0x7F, 0x00, 0x00, 0xFF}}},
	{{{2964, -5096, 1708}, 0, {-16, -37}, {0x7F, 0x00, 0x00, 0xFF}}},
	{{{2964, -4923, 2186}, 0, {-16, 968}, {0x7F, 0x00, 0x00, 0xFF}}},
	{{{2964, -4923, 2374}, 0, {1008, 968}, {0x7F, 0x00, 0x00, 0xFF}}},
	{{{2964, -5111, 2374}, 0, {1008, -37}, {0x7F, 0x00, 0x00, 0xFF}}},
	{{{2964, -5111, 2186}, 0, {-16, -37}, {0x7F, 0x00, 0x00, 0xFF}}},
	{{{2964, -4932, 2660}, 0, {-16, 968}, {0x7F, 0x00, 0x00, 0xFF}}},
	{{{2964, -4932, 2847}, 0, {1008, 968}, {0x7F, 0x00, 0x00, 0xFF}}},
	{{{2964, -5120, 2847}, 0, {1008, -37}, {0x7F, 0x00, 0x00, 0xFF}}},
	{{{2964, -5120, 2660}, 0, {-16, -37}, {0x7F, 0x00, 0x00, 0xFF}}},
	{{{2964, -4939, 3128}, 0, {-16, 968}, {0x7F, 0x00, 0x00, 0xFF}}},
	{{{2964, -4939, 3316}, 0, {1008, 968}, {0x7F, 0x00, 0x00, 0xFF}}},
	{{{2964, -5127, 3316}, 0, {1008, -37}, {0x7F, 0x00, 0x00, 0xFF}}},
	{{{2964, -5127, 3128}, 0, {-16, -37}, {0x7F, 0x00, 0x00, 0xFF}}},
	{{{2964, -5847, 2298}, 0, {-16, 968}, {0x7F, 0x00, 0x00, 0xFF}}},
	{{{2964, -5847, 2646}, 0, {1008, 968}, {0x7F, 0x00, 0x00, 0xFF}}},
	{{{2964, -6195, 2646}, 0, {1008, -37}, {0x7F, 0x00, 0x00, 0xFF}}},
	{{{2964, -6195, 2298}, 0, {-16, -37}, {0x7F, 0x00, 0x00, 0xFF}}},
	{{{2964, -6497, 1813}, 0, {-16, 968}, {0x7F, 0x00, 0x00, 0xFF}}},
	{{{2964, -6497, 2161}, 0, {1008, 968}, {0x7F, 0x00, 0x00, 0xFF}}},
	{{{2964, -6845, 2161}, 0, {1008, -37}, {0x7F, 0x00, 0x00, 0xFF}}},
	{{{2964, -6845, 1813}, 0, {-16, -37}, {0x7F, 0x00, 0x00, 0xFF}}},
	{{{2964, -6547, 4310}, 0, {-16, 968}, {0x7F, 0x00, 0x00, 0xFF}}},
	{{{2964, -6547, 4658}, 0, {1008, 968}, {0x7F, 0x00, 0x00, 0xFF}}},
	{{{2964, -6895, 4658}, 0, {1008, -37}, {0x7F, 0x00, 0x00, 0xFF}}},
	{{{2964, -6895, 4310}, 0, {-16, -37}, {0x7F, 0x00, 0x00, 0xFF}}},
	{{{2964, -4946, 3594}, 0, {-16, 968}, {0x7F, 0x00, 0x00, 0xFF}}},
	{{{2964, -4946, 3782}, 0, {1008, 968}, {0x7F, 0x00, 0x00, 0xFF}}},
	{{{2964, -5134, 3782}, 0, {1008, -37}, {0x7F, 0x00, 0x00, 0xFF}}},
	{{{2964, -5134, 3594}, 0, {-16, -37}, {0x7F, 0x00, 0x00, 0xFF}}},
	{{{2964, -4961, 4073}, 0, {-16, 968}, {0x7F, 0x00, 0x00, 0xFF}}},
	{{{2964, -4961, 4260}, 0, {1008, 968}, {0x7F, 0x00, 0x00, 0xFF}}},
	{{{2964, -5149, 4260}, 0, {1008, -37}, {0x7F, 0x00, 0x00, 0xFF}}},
	{{{2964, -5149, 4073}, 0, {-16, -37}, {0x7F, 0x00, 0x00, 0xFF}}},
	{{{2964, -4970, 4465}, 0, {-16, 968}, {0x7F, 0x00, 0x00, 0xFF}}},
	{{{2964, -4970, 4653}, 0, {1008, 968}, {0x7F, 0x00, 0x00, 0xFF}}},
	{{{2964, -5158, 4653}, 0, {1008, -37}, {0x7F, 0x00, 0x00, 0xFF}}},
	{{{2964, -5158, 4465}, 0, {-16, -37}, {0x7F, 0x00, 0x00, 0xFF}}},
	{{{2964, -5881, 3902}, 0, {-16, 968}, {0x7F, 0x00, 0x00, 0xFF}}},
	{{{2964, -5881, 4250}, 0, {1008, 968}, {0x7F, 0x00, 0x00, 0xFF}}},
	{{{2964, -6229, 4250}, 0, {1008, -37}, {0x7F, 0x00, 0x00, 0xFF}}},
	{{{2964, -6229, 3902}, 0, {-16, -37}, {0x7F, 0x00, 0x00, 0xFF}}},
	{{{2964, -6523, 3397}, 0, {-16, 968}, {0x7F, 0x00, 0x00, 0xFF}}},
	{{{2964, -6523, 3744}, 0, {1008, 968}, {0x7F, 0x00, 0x00, 0xFF}}},
	{{{2964, -6871, 3744}, 0, {1008, -37}, {0x7F, 0x00, 0x00, 0xFF}}},
	{{{2964, -6871, 3397}, 0, {-16, -37}, {0x7F, 0x00, 0x00, 0xFF}}},
	{{{441, -4794, 5125}, 0, {-16, 968}, {0x00, 0x00, 0x7F, 0xFF}}},
	{{{441, -5141, 5125}, 0, {-16, -37}, {0x00, 0x00, 0x7F, 0xFF}}},
	{{{789, -5141, 5125}, 0, {1008, -37}, {0x00, 0x00, 0x7F, 0xFF}}},
	{{{789, -4794, 5125}, 0, {1008, 968}, {0x00, 0x00, 0x7F, 0xFF}}},
	{{{-2173, -6480, 1124}, 0, {-16, 968}, {0x00, 0x00, 0x81, 0xFF}}},
	{{{-2173, -6828, 1124}, 0, {-16, -37}, {0x00, 0x00, 0x81, 0xFF}}},
	{{{-2521, -6828, 1124}, 0, {1008, -37}, {0x00, 0x00, 0x81, 0xFF}}},
	{{{-2521, -6480, 1124}, 0, {1008, 968}, {0x00, 0x00, 0x81, 0xFF}}},
	{{{-1018, -4896, 1124}, 0, {-16, 968}, {0x00, 0x00, 0x81, 0xFF}}},
	{{{-1018, -5084, 1124}, 0, {-16, -37}, {0x00, 0x00, 0x81, 0xFF}}},
	{{{-1206, -5084, 1124}, 0, {1008, -37}, {0x00, 0x00, 0x81, 0xFF}}},
	{{{-1206, -4896, 1124}, 0, {1008, 968}, {0x00, 0x00, 0x81, 0xFF}}},
	{{{-1512, -4896, 1124}, 0, {-16, 968}, {0x00, 0x00, 0x81, 0xFF}}},
	{{{-1512, -5084, 1124}, 0, {-16, -37}, {0x00, 0x00, 0x81, 0xFF}}},
	{{{-1699, -5084, 1124}, 0, {1008, -37}, {0x00, 0x00, 0x81, 0xFF}}},
	{{{-1699, -4896, 1124}, 0, {1008, 968}, {0x00, 0x00, 0x81, 0xFF}}},
	{{{-1998, -4896, 1124}, 0, {-16, 968}, {0x00, 0x00, 0x81, 0xFF}}},
	{{{-1998, -5084, 1124}, 0, {-16, -37}, {0x00, 0x00, 0x81, 0xFF}}},
	{{{-2185, -5084, 1124}, 0, {1008, -37}, {0x00, 0x00, 0x81, 0xFF}}},
	{{{-2185, -4896, 1124}, 0, {1008, 968}, {0x00, 0x00, 0x81, 0xFF}}},
	{{{-2492, -4896, 1124}, 0, {-16, 968}, {0x00, 0x00, 0x81, 0xFF}}},
	{{{-2492, -5084, 1124}, 0, {-16, -37}, {0x00, 0x00, 0x81, 0xFF}}},
	{{{-2679, -5084, 1124}, 0, {1008, -37}, {0x00, 0x00, 0x81, 0xFF}}},
	{{{-2679, -4896, 1124}, 0, {1008, 968}, {0x00, 0x00, 0x81, 0xFF}}},
	{{{-1689, -5816, 1124}, 0, {-16, 968}, {0x00, 0x00, 0x81, 0xFF}}},
	{{{-1689, -6164, 1124}, 0, {-16, -37}, {0x00, 0x00, 0x81, 0xFF}}},
	{{{-2037, -6164, 1124}, 0, {1008, -37}, {0x00, 0x00, 0x81, 0xFF}}},
	{{{-2037, -5816, 1124}, 0, {1008, 968}, {0x00, 0x00, 0x81, 0xFF}}},
	{{{-1209, -6480, 1124}, 0, {-16, 968}, {0x00, 0x00, 0x81, 0xFF}}},
	{{{-1209, -6828, 1124}, 0, {-16, -37}, {0x00, 0x00, 0x81, 0xFF}}},
	{{{-1557, -6828, 1124}, 0, {1008, -37}, {0x00, 0x00, 0x81, 0xFF}}},
	{{{-1557, -6480, 1124}, 0, {1008, 968}, {0x00, 0x00, 0x81, 0xFF}}},
	{{{-2964, -6521, 2727}, 0, {-16, 968}, {0x81, 0x00, 0x00, 0xFF}}},
	{{{-2964, -6869, 2727}, 0, {-16, -37}, {0x81, 0x00, 0x00, 0xFF}}},
	{{{-2964, -6869, 3075}, 0, {1008, -37}, {0x81, 0x00, 0x00, 0xFF}}},
	{{{-2964, -6521, 3075}, 0, {1008, 968}, {0x81, 0x00, 0x00, 0xFF}}},
	{{{-2964, -4908, 1708}, 0, {-16, 968}, {0x81, 0x00, 0x00, 0xFF}}},
	{{{-2964, -5096, 1708}, 0, {-16, -37}, {0x81, 0x00, 0x00, 0xFF}}},
	{{{-2964, -5096, 1895}, 0, {1008, -37}, {0x81, 0x00, 0x00, 0xFF}}},
	{{{-2964, -4908, 1895}, 0, {1008, 968}, {0x81, 0x00, 0x00, 0xFF}}},
	{{{-2964, -4923, 2186}, 0, {-16, 968}, {0x81, 0x00, 0x00, 0xFF}}},
	{{{-2964, -5111, 2186}, 0, {-16, -37}, {0x81, 0x00, 0x00, 0xFF}}},
	{{{-2964, -5111, 2374}, 0, {1008, -37}, {0x81, 0x00, 0x00, 0xFF}}},
	{{{-2964, -4923, 2374}, 0, {1008, 968}, {0x81, 0x00, 0x00, 0xFF}}},
	{{{-2964, -4932, 2660}, 0, {-16, 968}, {0x81, 0x00, 0x00, 0xFF}}},
	{{{-2964, -5120, 2660}, 0, {-16, -37}, {0x81, 0x00, 0x00, 0xFF}}},
	{{{-2964, -5120, 2847}, 0, {1008, -37}, {0x81, 0x00, 0x00, 0xFF}}},
	{{{-2964, -4932, 2847}, 0, {1008, 968}, {0x81, 0x00, 0x00, 0xFF}}},
	{{{-2964, -4939, 3128}, 0, {-16, 968}, {0x81, 0x00, 0x00, 0xFF}}},
	{{{-2964, -5127, 3128}, 0, {-16, -37}, {0x81, 0x00, 0x00, 0xFF}}},
	{{{-2964, -5127, 3316}, 0, {1008, -37}, {0x81, 0x00, 0x00, 0xFF}}},
	{{{-2964, -4939, 3316}, 0, {1008, 968}, {0x81, 0x00, 0x00, 0xFF}}},
	{{{-2964, -5847, 2298}, 0, {-16, 968}, {0x81, 0x00, 0x00, 0xFF}}},
	{{{-2964, -6195, 2298}, 0, {-16, -37}, {0x81, 0x00, 0x00, 0xFF}}},
	{{{-2964, -6195, 2646}, 0, {1008, -37}, {0x81, 0x00, 0x00, 0xFF}}},
	{{{-2964, -5847, 2646}, 0, {1008, 968}, {0x81, 0x00, 0x00, 0xFF}}},
	{{{-2964, -6497, 1813}, 0, {-16, 968}, {0x81, 0x00, 0x00, 0xFF}}},
	{{{-2964, -6845, 1813}, 0, {-16, -37}, {0x81, 0x00, 0x00, 0xFF}}},
	{{{-2964, -6845, 2161}, 0, {1008, -37}, {0x81, 0x00, 0x00, 0xFF}}},
	{{{-2964, -6497, 2161}, 0, {1008, 968}, {0x81, 0x00, 0x00, 0xFF}}},
	{{{-2964, -6547, 4310}, 0, {-16, 968}, {0x81, 0x00, 0x00, 0xFF}}},
	{{{-2964, -6895, 4310}, 0, {-16, -37}, {0x81, 0x00, 0x00, 0xFF}}},
	{{{-2964, -6895, 4658}, 0, {1008, -37}, {0x81, 0x00, 0x00, 0xFF}}},
	{{{-2964, -6547, 4658}, 0, {1008, 968}, {0x81, 0x00, 0x00, 0xFF}}},
	{{{-2964, -4946, 3594}, 0, {-16, 968}, {0x81, 0x00, 0x00, 0xFF}}},
	{{{-2964, -5134, 3594}, 0, {-16, -37}, {0x81, 0x00, 0x00, 0xFF}}},
	{{{-2964, -5134, 3782}, 0, {1008, -37}, {0x81, 0x00, 0x00, 0xFF}}},
	{{{-2964, -4946, 3782}, 0, {1008, 968}, {0x81, 0x00, 0x00, 0xFF}}},
	{{{-2964, -4961, 4073}, 0, {-16, 968}, {0x81, 0x00, 0x00, 0xFF}}},
	{{{-2964, -5149, 4073}, 0, {-16, -37}, {0x81, 0x00, 0x00, 0xFF}}},
	{{{-2964, -5149, 4260}, 0, {1008, -37}, {0x81, 0x00, 0x00, 0xFF}}},
	{{{-2964, -4961, 4260}, 0, {1008, 968}, {0x81, 0x00, 0x00, 0xFF}}},
	{{{-2964, -4970, 4465}, 0, {-16, 968}, {0x81, 0x00, 0x00, 0xFF}}},
	{{{-2964, -5158, 4465}, 0, {-16, -37}, {0x81, 0x00, 0x00, 0xFF}}},
	{{{-2964, -5158, 4653}, 0, {1008, -37}, {0x81, 0x00, 0x00, 0xFF}}},
	{{{-2964, -4970, 4653}, 0, {1008, 968}, {0x81, 0x00, 0x00, 0xFF}}},
	{{{-2964, -5881, 3902}, 0, {-16, 968}, {0x81, 0x00, 0x00, 0xFF}}},
	{{{-2964, -6229, 3902}, 0, {-16, -37}, {0x81, 0x00, 0x00, 0xFF}}},
	{{{-2964, -6229, 4250}, 0, {1008, -37}, {0x81, 0x00, 0x00, 0xFF}}},
	{{{-2964, -5881, 4250}, 0, {1008, 968}, {0x81, 0x00, 0x00, 0xFF}}},
	{{{-2964, -6523, 3397}, 0, {-16, 968}, {0x81, 0x00, 0x00, 0xFF}}},
	{{{-2964, -6871, 3397}, 0, {-16, -37}, {0x81, 0x00, 0x00, 0xFF}}},
	{{{-2964, -6871, 3744}, 0, {1008, -37}, {0x81, 0x00, 0x00, 0xFF}}},
	{{{-2964, -6523, 3744}, 0, {1008, 968}, {0x81, 0x00, 0x00, 0xFF}}},
};

Gfx prince_valley_dl_Plane_007_mesh_layer_4_tri_0[] = {
	gsSPVertex(prince_valley_dl_Plane_007_mesh_layer_4_vtx_0 + 0, 32, 0),
	gsSP2Triangles(0, 1, 2, 0, 0, 2, 3, 0),
	gsSP2Triangles(4, 5, 6, 0, 4, 6, 7, 0),
	gsSP2Triangles(8, 9, 10, 0, 8, 10, 11, 0),
	gsSP2Triangles(12, 13, 14, 0, 12, 14, 15, 0),
	gsSP2Triangles(16, 17, 18, 0, 16, 18, 19, 0),
	gsSP2Triangles(20, 21, 22, 0, 20, 22, 23, 0),
	gsSP2Triangles(24, 25, 26, 0, 24, 26, 27, 0),
	gsSP2Triangles(28, 29, 30, 0, 28, 30, 31, 0),
	gsSPVertex(prince_valley_dl_Plane_007_mesh_layer_4_vtx_0 + 32, 32, 0),
	gsSP2Triangles(0, 1, 2, 0, 0, 2, 3, 0),
	gsSP2Triangles(4, 5, 6, 0, 4, 6, 7, 0),
	gsSP2Triangles(8, 9, 10, 0, 8, 10, 11, 0),
	gsSP2Triangles(12, 13, 14, 0, 12, 14, 15, 0),
	gsSP2Triangles(16, 17, 18, 0, 16, 18, 19, 0),
	gsSP2Triangles(20, 21, 22, 0, 20, 22, 23, 0),
	gsSP2Triangles(24, 25, 26, 0, 24, 26, 27, 0),
	gsSP2Triangles(28, 29, 30, 0, 28, 30, 31, 0),
	gsSPVertex(prince_valley_dl_Plane_007_mesh_layer_4_vtx_0 + 64, 32, 0),
	gsSP2Triangles(0, 1, 2, 0, 0, 2, 3, 0),
	gsSP2Triangles(4, 5, 6, 0, 4, 6, 7, 0),
	gsSP2Triangles(8, 9, 10, 0, 8, 10, 11, 0),
	gsSP2Triangles(12, 13, 14, 0, 12, 14, 15, 0),
	gsSP2Triangles(16, 17, 18, 0, 16, 18, 19, 0),
	gsSP2Triangles(20, 21, 22, 0, 20, 22, 23, 0),
	gsSP2Triangles(24, 25, 26, 0, 24, 26, 27, 0),
	gsSP2Triangles(28, 29, 30, 0, 28, 30, 31, 0),
	gsSPVertex(prince_valley_dl_Plane_007_mesh_layer_4_vtx_0 + 96, 32, 0),
	gsSP2Triangles(0, 1, 2, 0, 0, 2, 3, 0),
	gsSP2Triangles(4, 5, 6, 0, 4, 6, 7, 0),
	gsSP2Triangles(8, 9, 10, 0, 8, 10, 11, 0),
	gsSP2Triangles(12, 13, 14, 0, 12, 14, 15, 0),
	gsSP2Triangles(16, 17, 18, 0, 16, 18, 19, 0),
	gsSP2Triangles(20, 21, 22, 0, 20, 22, 23, 0),
	gsSP2Triangles(24, 25, 26, 0, 24, 26, 27, 0),
	gsSP2Triangles(28, 29, 30, 0, 28, 30, 31, 0),
	gsSPVertex(prince_valley_dl_Plane_007_mesh_layer_4_vtx_0 + 128, 32, 0),
	gsSP2Triangles(0, 1, 2, 0, 0, 2, 3, 0),
	gsSP2Triangles(4, 5, 6, 0, 4, 6, 7, 0),
	gsSP2Triangles(8, 9, 10, 0, 8, 10, 11, 0),
	gsSP2Triangles(12, 13, 14, 0, 12, 14, 15, 0),
	gsSP2Triangles(16, 17, 18, 0, 16, 18, 19, 0),
	gsSP2Triangles(20, 21, 22, 0, 20, 22, 23, 0),
	gsSP2Triangles(24, 25, 26, 0, 24, 26, 27, 0),
	gsSP2Triangles(28, 29, 30, 0, 28, 30, 31, 0),
	gsSPVertex(prince_valley_dl_Plane_007_mesh_layer_4_vtx_0 + 160, 4, 0),
	gsSP2Triangles(0, 1, 2, 0, 0, 2, 3, 0),
	gsSPEndDisplayList(),
};

Vtx prince_valley_dl_terrain_2_mesh_layer_1_vtx_cull[8] = {
	{{{-16022, -5613, 16431}, 0, {0, 0}, {0x00, 0x00, 0x00, 0x00}}},
	{{{-16022, 7719, 16431}, 0, {0, 0}, {0x00, 0x00, 0x00, 0x00}}},
	{{{-16022, 7719, -16799}, 0, {0, 0}, {0x00, 0x00, 0x00, 0x00}}},
	{{{-16022, -5613, -16799}, 0, {0, 0}, {0x00, 0x00, 0x00, 0x00}}},
	{{{17115, -5613, 16431}, 0, {0, 0}, {0x00, 0x00, 0x00, 0x00}}},
	{{{17115, 7719, 16431}, 0, {0, 0}, {0x00, 0x00, 0x00, 0x00}}},
	{{{17115, 7719, -16799}, 0, {0, 0}, {0x00, 0x00, 0x00, 0x00}}},
	{{{17115, -5613, -16799}, 0, {0, 0}, {0x00, 0x00, 0x00, 0x00}}},
};

Vtx prince_valley_dl_terrain_2_mesh_layer_1_vtx_0[182] = {
	{{{-5312, 1764, -2381}, 0, {16073, 1985}, {0x0C, 0x7E, 0x0B, 0xFF}}},
	{{{-3675, 1769, -4322}, 0, {13006, 633}, {0x06, 0x7E, 0x0C, 0xFF}}},
	{{{-7889, 2361, -5062}, 0, {13606, 6303}, {0x0F, 0x7D, 0x0D, 0xFF}}},
	{{{-2783, 1664, -3194}, 0, {14055, -1035}, {0x21, 0x7A, 0x0B, 0xFF}}},
	{{{-1761, 1366, -562}, 0, {17274, -3250}, {0x1B, 0x7C, 0xFA, 0xFF}}},
	{{{-1256, 1043, -2295}, 0, {14840, -3558}, {0x31, 0x72, 0xE4, 0xFF}}},
	{{{340, 969, -699}, 0, {16655, -5982}, {0x27, 0x73, 0xDD, 0xFF}}},
	{{{587, 645, -1285}, 0, {15763, -6285}, {0x29, 0x71, 0xD7, 0xFF}}},
	{{{2102, 229, -819}, 0, {16047, -8438}, {0x04, 0x7E, 0xF3, 0xFF}}},
	{{{1986, 229, -1387}, 0, {15329, -8176}, {0xEC, 0x7D, 0x01, 0xFF}}},
	{{{2178, 419, -2099}, 0, {14341, -8350}, {0x07, 0x7D, 0x13, 0xFF}}},
	{{{4906, 200, -2856}, 0, {13006, -11846}, {0x0A, 0x7F, 0x01, 0xFF}}},
	{{{26, 526, -2040}, 0, {14812, -5459}, {0x30, 0x6A, 0xCE, 0xFF}}},
	{{{-1868, 1006, -3223}, 0, {13681, -2585}, {0x43, 0x65, 0xD9, 0xFF}}},
	{{{-2823, 1805, -3611}, 0, {13490, -777}, {0xFA, 0x78, 0x29, 0xFF}}},
	{{{-3675, 2527, -4322}, 0, {11197, -9926}, {0x02, 0x7F, 0xFD, 0xFF}}},
	{{{-5607, 2527, -5884}, 0, {12817, -12843}, {0x05, 0x7F, 0xFA, 0xFF}}},
	{{{-7889, 2655, -5062}, 0, {11197, -15675}, {0x05, 0x7F, 0xFA, 0xFF}}},
	{{{-3923, 2527, -4936}, 0, {11951, -10396}, {0x00, 0x7F, 0x00, 0xFF}}},
	{{{-1868, 2007, -3223}, 0, {-1541, -9926}, {0x63, 0x4D, 0xF0, 0xFF}}},
	{{{-2919, 3154, -4201}, 0, {-2033, -12353}, {0x5B, 0x58, 0xFB, 0xFF}}},
	{{{-2823, 3154, -3611}, 0, {-2555, -11740}, {0x60, 0x52, 0xF0, 0xFF}}},
	{{{-3675, 3876, -4322}, 0, {-2874, -13495}, {0x41, 0x6C, 0x0F, 0xFF}}},
	{{{-3377, 3876, -5136}, 0, {-1846, -14050}, {0x18, 0x7D, 0x09, 0xFF}}},
	{{{-3923, 3876, -4936}, 0, {-2575, -14336}, {0x04, 0x7F, 0x01, 0xFF}}},
	{{{-3656, 3876, -6888}, 0, {-562, -16066}, {0x1D, 0x79, 0x1A, 0xFF}}},
	{{{-5607, 4081, -5884}, 0, {-3437, -16808}, {0x16, 0x7B, 0x19, 0xFF}}},
	{{{-4833, 4429, -7039}, 0, {-1633, -17449}, {0x11, 0x77, 0x28, 0xFF}}},
	{{{5337, 3199, -3897}, 0, {11197, -14003}, {0x0F, 0x7E, 0xF7, 0xFF}}},
	{{{3820, 3077, -5122}, 0, {10394, -11505}, {0xF3, 0x7E, 0x03, 0xFF}}},
	{{{2561, 2954, -5106}, 0, {11023, -9926}, {0xF4, 0x7E, 0x03, 0xFF}}},
	{{{4955, 3199, -4562}, 0, {10544, -13205}, {0xF7, 0x7F, 0x05, 0xFF}}},
	{{{4955, 3199, -4562}, 0, {10544, -13205}, {0xF7, 0x7F, 0x05, 0xFF}}},
	{{{5337, 3199, -3897}, 0, {11197, -14003}, {0x0F, 0x7E, 0xF7, 0xFF}}},
	{{{7038, 2863, -3858}, 0, {10394, -16189}, {0x19, 0x7C, 0xF2, 0xFF}}},
	{{{-2032, 2293, -4750}, 0, {-18364, -20553}, {0xFA, 0x6D, 0x41, 0xFF}}},
	{{{-1116, 2293, -3730}, 0, {-19185, -18904}, {0x00, 0x7F, 0x00, 0xFF}}},
	{{{-658, 2293, -4578}, 0, {-17900, -18751}, {0x00, 0x7F, 0x00, 0xFF}}},
	{{{-2299, 2293, -4777}, 0, {-18462, -20899}, {0xEB, 0x63, 0x4C, 0xFF}}},
	{{{-1419, 2624, -4820}, 0, {-17713, -19873}, {0xED, 0x71, 0x37, 0xFF}}},
	{{{-2635, 2982, -5591}, 0, {-17274, -21817}, {0xFB, 0x70, 0x3C, 0xFF}}},
	{{{-857, 2950, -5608}, 0, {-16367, -19606}, {0xEB, 0x79, 0x21, 0xFF}}},
	{{{82, 3141, -4659}, 0, {-16924, -17881}, {0xF1, 0x7E, 0x07, 0xFF}}},
	{{{-66, 3141, -5274}, 0, {-16275, -18429}, {0xEA, 0x7D, 0x05, 0xFF}}},
	{{{1390, 3134, -4950}, 0, {-15786, -16487}, {0x03, 0x7F, 0x0B, 0xFF}}},
	{{{1390, 3102, -4660}, 0, {-16136, -16310}, {0x04, 0x7E, 0x0E, 0xFF}}},
	{{{-2811, 3501, -6749}, 0, {-15786, -22680}, {0x03, 0x74, 0x34, 0xFF}}},
	{{{-9398, 4991, -10618}, 0, {4558, -18081}, {0x00, 0x7F, 0x00, 0xFF}}},
	{{{-7915, 4991, -7056}, 0, {5333, -12958}, {0x01, 0x7F, 0x00, 0xFF}}},
	{{{-7421, 4991, -9379}, 0, {6732, -15824}, {0x00, 0x7F, 0x00, 0xFF}}},
	{{{-9122, 4991, -5739}, 0, {3332, -11633}, {0x01, 0x7F, 0x01, 0xFF}}},
	{{{-8250, 4976, -4646}, 0, {4114, -9926}, {0x02, 0x7F, 0x01, 0xFF}}},
	{{{-6476, 4947, -5589}, 0, {6732, -10578}, {0x03, 0x7F, 0x01, 0xFF}}},
	{{{-3892, 548, 7779}, 0, {12253, -489}, {0xF0, 0x7E, 0x05, 0xFF}}},
	{{{-7374, 229, 4310}, 0, {10590, 5895}, {0xF8, 0x7F, 0x03, 0xFF}}},
	{{{-5744, 181, 7316}, 0, {13006, 2003}, {0xE5, 0x7C, 0x0B, 0xFF}}},
	{{{-5443, 374, 671}, 0, {5033, 6082}, {0xE5, 0x7C, 0x06, 0xFF}}},
	{{{-2716, 1417, 2770}, 0, {5550, 1324}, {0xF6, 0x7E, 0xF9, 0xFF}}},
	{{{1316, 1070, 4424}, 0, {4802, -4437}, {0x01, 0x7F, 0xFD, 0xFF}}},
	{{{1660, 1003, 5814}, 0, {6219, -5760}, {0xFF, 0x7F, 0x07, 0xFF}}},
	{{{1847, 937, 7002}, 0, {7501, -6769}, {0x02, 0x7F, 0x09, 0xFF}}},
	{{{2667, 1007, 4999}, 0, {4595, -6412}, {0x0D, 0x7E, 0x07, 0xFF}}},
	{{{3092, 1012, 3357}, 0, {2378, -5841}, {0x04, 0x7F, 0xF8, 0xFF}}},
	{{{2102, 229, -819}, 0, {-1972, -1877}, {0x04, 0x7E, 0xF3, 0xFF}}},
	{{{3092, 1012, 3357}, 0, {2378, -5841}, {0x04, 0x7F, 0xF8, 0xFF}}},
	{{{4906, 200, -2856}, 0, {-6203, -3873}, {0x0A, 0x7F, 0x01, 0xFF}}},
	{{{2102, 229, -819}, 0, {-1972, -1877}, {0x04, 0x7E, 0xF3, 0xFF}}},
	{{{6103, 707, 3111}, 0, {85, -9270}, {0x14, 0x7C, 0xEB, 0xFF}}},
	{{{5483, 756, 3495}, 0, {955, -8782}, {0x08, 0x7F, 0x07, 0xFF}}},
	{{{6388, -237, 78}, 0, {-3994, -7760}, {0x1B, 0x7C, 0xF7, 0xFF}}},
	{{{6414, 661, 3224}, 0, {7, -9718}, {0x1E, 0x77, 0xDE, 0xFF}}},
	{{{-2789, 881, 14728}, 0, {-15831, 18401}, {0xEA, 0x7D, 0xF7, 0xFF}}},
	{{{-2992, 923, 15975}, 0, {-14806, 19749}, {0xE5, 0x7C, 0xF6, 0xFF}}},
	{{{2385, 1698, 14624}, 0, {-11064, 13249}, {0xEC, 0x7D, 0xF9, 0xFF}}},
	{{{-5256, 171, 14161}, 0, {-18778, 20328}, {0xE5, 0x7C, 0x01, 0xFF}}},
	{{{-5804, 181, 12805}, 0, {-20576, 19547}, {0xEA, 0x7D, 0x00, 0xFF}}},
	{{{-854, 673, 10967}, 0, {-17706, 13034}, {0xF9, 0x7F, 0xFB, 0xFF}}},
	{{{2366, 1006, 13954}, 0, {-11804, 12688}, {0xFE, 0x7F, 0xFA, 0xFF}}},
	{{{2399, 896, 11428}, 0, {-14221, 10313}, {0xFE, 0x7F, 0xF7, 0xFF}}},
	{{{3828, 875, 12288}, 0, {-12067, 9724}, {0xFF, 0x7F, 0xF7, 0xFF}}},
	{{{6145, 868, 11347}, 0, {-10828, 6613}, {0x07, 0x7F, 0xFB, 0xFF}}},
	{{{8196, 773, 14002}, 0, {-6356, 7082}, {0x00, 0x7F, 0x00, 0xFF}}},
	{{{7231, 729, 11957}, 0, {-9225, 6110}, {0x07, 0x7F, 0xFA, 0xFF}}},
	{{{5182, 814, 10677}, 0, {-12372, 6920}, {0xFE, 0x7F, 0xFB, 0xFF}}},
	{{{-9277, 192, 14743}, 0, {-21889, 24795}, {0x00, 0x7F, 0xFC, 0xFF}}},
	{{{-5919, 226, 15785}, 0, {-17795, 22464}, {0xF4, 0x7E, 0xF7, 0xFF}}},
	{{{12880, 2114, -5565}, 0, {18919, -10740}, {0xB3, 0x5F, 0xDE, 0xFF}}},
	{{{12358, 1774, -2741}, 0, {20227, -14397}, {0xE8, 0x7C, 0x0A, 0xFF}}},
	{{{15222, 1703, 1315}, 0, {17274, -20376}, {0xF1, 0x7E, 0x0C, 0xFF}}},
	{{{12312, 1448, -5829}, 0, {20037, -10230}, {0xB4, 0x64, 0xEC, 0xFF}}},
	{{{14218, 2224, -6795}, 0, {17274, -8931}, {0xC3, 0x69, 0xDB, 0xFF}}},
	{{{12480, 1585, -6435}, 0, {19761, -9411}, {0xD7, 0x77, 0x10, 0xFF}}},
	{{{10813, 229, -6435}, 0, {-23696, -14717}, {0x33, 0x71, 0x1A, 0xFF}}},
	{{{12312, 92, -5829}, 0, {-21641, -15543}, {0xCF, 0x75, 0x00, 0xFF}}},
	{{{12480, 229, -6435}, 0, {-22070, -16310}, {0xCE, 0x74, 0xFD, 0xFF}}},
	{{{10645, 92, -5829}, 0, {-23267, -13950}, {0x37, 0x6B, 0x28, 0xFF}}},
	{{{12312, 92, -5829}, 0, {-21641, -15543}, {0xCF, 0x75, 0x00, 0xFF}}},
	{{{10645, 92, -5829}, 0, {-23267, -13950}, {0x37, 0x6B, 0x28, 0xFF}}},
	{{{11466, 229, -2191}, 0, {-18986, -11183}, {0xFF, 0x7F, 0xFE, 0xFF}}},
	{{{10438, 229, -4230}, 0, {-21943, -12178}, {0x0A, 0x7F, 0x00, 0xFF}}},
	{{{10046, 489, -5848}, 0, {-23964, -13283}, {0x27, 0x37, 0x6C, 0xFF}}},
	{{{9093, 229, -1731}, 0, {-20784, -8475}, {0xFA, 0x7F, 0x07, 0xFF}}},
	{{{8676, 229, -3695}, 0, {-23077, -9921}, {0x00, 0x7F, 0x00, 0xFF}}},
	{{{7038, 229, -3379}, 0, {-24303, -8042}, {0xFD, 0x7F, 0x0A, 0xFF}}},
	{{{8038, 229, -4151}, 0, {-24115, -9726}, {0x00, 0x7F, 0x00, 0xFF}}},
	{{{6388, -237, 78}, 0, {-21593, -4127}, {0x1B, 0x7C, 0xF7, 0xFF}}},
	{{{4906, 200, -2856}, 0, {-25820, -5517}, {0x0A, 0x7F, 0x01, 0xFF}}},
	{{{10298, 229, -637}, 0, {-18594, -8601}, {0xF9, 0x7F, 0xFF, 0xFF}}},
	{{{7722, 310, 4196}, 0, {-16315, -1587}, {0xF3, 0x7E, 0xF6, 0xFF}}},
	{{{7169, 171, 3525}, 0, {-17495, -1677}, {0xF8, 0x7E, 0xF4, 0xFF}}},
	{{{6414, 151, 3224}, 0, {-18488, -1221}, {0x03, 0x7E, 0xF0, 0xFF}}},
	{{{8626, 325, 3953}, 0, {-15707, -2687}, {0xFC, 0x7F, 0xF8, 0xFF}}},
	{{{13468, 433, 3560}, 0, {-11564, -7735}, {0xFE, 0x7F, 0xFB, 0xFF}}},
	{{{9584, 469, 4958}, 0, {-13831, -2674}, {0xFB, 0x7E, 0xF1, 0xFF}}},
	{{{9944, 752, 7036}, 0, {-11464, -1074}, {0xFE, 0x7E, 0xF4, 0xFF}}},
	{{{9348, 675, 6727}, 0, {-12325, -789}, {0xF9, 0x7E, 0xF0, 0xFF}}},
	{{{14048, 778, 8535}, 0, {-6203, -3657}, {0x02, 0x7F, 0xF8, 0xFF}}},
	{{{9914, 812, 8130}, 0, {-10430, -28}, {0x05, 0x7F, 0xFA, 0xFF}}},
	{{{10914, 954, 11339}, 0, {-6391, 1982}, {0xFF, 0x7F, 0xFE, 0xFF}}},
	{{{9292, 929, 10598}, 0, {-8613, 2867}, {0xFC, 0x7F, 0x01, 0xFF}}},
	{{{9308, 872, 8490}, 0, {-10642, 897}, {0x06, 0x7F, 0xFA, 0xFF}}},
	{{{8431, 846, 11506}, 0, {-8531, 4546}, {0xF6, 0x7F, 0x02, 0xFF}}},
	{{{8743, 885, 10597}, 0, {-9124, 3400}, {0xF4, 0x7E, 0x03, 0xFF}}},
	{{{8196, 773, 14002}, 0, {-6331, 7089}, {0x00, 0x7F, 0x00, 0xFF}}},
	{{{7231, 729, 11957}, 0, {-9208, 6134}, {0x07, 0x7F, 0xFA, 0xFF}}},
	{{{14523, 480, 1360}, 0, {-12701, -10806}, {0xFB, 0x7F, 0x00, 0xFF}}},
	{{{16119, 465, 4717}, 0, {-7978, -9218}, {0x01, 0x7F, 0xFA, 0xFF}}},
	{{{-9738, 200, -9379}, 0, {-4330, 18275}, {0xFD, 0x7C, 0x1B, 0xFF}}},
	{{{-9398, 507, -10784}, 0, {-6203, 19033}, {0x2C, 0x72, 0x23, 0xFF}}},
	{{{-10018, 810, -10993}, 0, {-5989, 19995}, {0xFE, 0x7C, 0x1D, 0xFF}}},
	{{{-11113, 76, -9379}, 0, {-3188, 19747}, {0xF7, 0x7E, 0x0E, 0xFF}}},
	{{{-12728, 124, -10193}, 0, {-2617, 22258}, {0x01, 0x7F, 0xFF, 0xFF}}},
	{{{-12089, 229, -12670}, 0, {-5782, 23694}, {0xEE, 0x7E, 0x01, 0xFF}}},
	{{{-14283, 229, -11342}, 0, {-2563, 24795}, {0x0D, 0x7E, 0xF9, 0xFF}}},
	{{{-14526, 635, -9220}, 0, {-197, 23390}, {0x16, 0x7B, 0xEA, 0xFF}}},
	{{{-13368, 714, -7715}, 0, {633, 21044}, {0x14, 0x7D, 0xF2, 0xFF}}},
	{{{-14769, 1042, -7098}, 0, {2296, 22261}, {0x17, 0x7C, 0xF2, 0xFF}}},
	{{{-12766, 714, -5387}, 0, {3040, 18946}, {0x04, 0x7F, 0xFD, 0xFF}}},
	{{{-11485, 714, -5728}, 0, {1909, 17801}, {0xFF, 0x7F, 0xFD, 0xFF}}},
	{{{-10350, 856, -2732}, 0, {4391, 14388}, {0x00, 0x7F, 0xFF, 0xFF}}},
	{{{-9758, 856, -2715}, 0, {3973, 13676}, {0x1D, 0x7A, 0xED, 0xFF}}},
	{{{-8239, 542, 410}, 0, {6611, 9611}, {0x23, 0x7A, 0x01, 0xFF}}},
	{{{-7572, 343, 207}, 0, {5888, 8923}, {0x10, 0x7E, 0x01, 0xFF}}},
	{{{-7895, 229, 4113}, 0, {10713, 6638}, {0x02, 0x7F, 0x04, 0xFF}}},
	{{{-7374, 229, 4310}, 0, {10590, 5895}, {0xF8, 0x7F, 0x03, 0xFF}}},
	{{{-5443, 374, 671}, 0, {5033, 6082}, {0xE5, 0x7C, 0x06, 0xFF}}},
	{{{-6655, 343, -277}, 0, {4698, 8149}, {0xFB, 0x7F, 0x04, 0xFF}}},
	{{{-5317, 533, -954}, 0, {2971, 6978}, {0xFB, 0x7F, 0xF9, 0xFF}}},
	{{{-2716, 1417, 2770}, 0, {5550, 1324}, {0xF6, 0x7E, 0xF9, 0xFF}}},
	{{{-1761, 288, -562}, 0, {870, 2484}, {0x0B, 0x7B, 0xE3, 0xFF}}},
	{{{1316, 1070, 4424}, 0, {4802, -4437}, {0x01, 0x7F, 0xFD, 0xFF}}},
	{{{2102, 229, -819}, 0, {-1972, -1877}, {0x04, 0x7E, 0xF3, 0xFF}}},
	{{{-5312, 348, -2381}, 0, {1248, 7956}, {0x0B, 0x7E, 0xF6, 0xFF}}},
	{{{-6785, 458, -2851}, 0, {1680, 10041}, {0xFC, 0x7E, 0x0D, 0xFF}}},
	{{{-6601, 672, -3721}, 0, {483, 10411}, {0xF3, 0x7C, 0x16, 0xFF}}},
	{{{-8253, 458, -3909}, 0, {1375, 12522}, {0xF5, 0x7F, 0x02, 0xFF}}},
	{{{-7889, 525, -5062}, 0, {-256, 12823}, {0xF0, 0x7E, 0x04, 0xFF}}},
	{{{-10625, 229, -6458}, 0, {-216, 16949}, {0xEE, 0x7D, 0x09, 0xFF}}},
	{{{-11485, 145, -5728}, 0, {1185, 17508}, {0xFB, 0x7F, 0xFF, 0xFF}}},
	{{{-11485, 145, -5728}, 0, {1185, 17508}, {0xFB, 0x7F, 0xFF, 0xFF}}},
	{{{-10625, 229, -6458}, 0, {-216, 16949}, {0xEE, 0x7D, 0x09, 0xFF}}},
	{{{-11570, 229, -7513}, 0, {-842, 18726}, {0xFC, 0x7F, 0xFD, 0xFF}}},
	{{{-13368, 145, -7715}, 0, {62, 20566}, {0xFD, 0x7F, 0xFE, 0xFF}}},
	{{{-11113, 76, -9379}, 0, {-3188, 19747}, {0xF7, 0x7E, 0x0E, 0xFF}}},
	{{{-12728, 124, -10193}, 0, {-2617, 22258}, {0x01, 0x7F, 0xFF, 0xFF}}},
	{{{-8253, 458, -3909}, 0, {1375, 12522}, {0xF5, 0x7F, 0x02, 0xFF}}},
	{{{-9018, 458, -2699}, 0, {3361, 12687}, {0x1B, 0x7B, 0xEE, 0xFF}}},
	{{{-9758, 856, -2715}, 0, {3973, 13676}, {0x1D, 0x7A, 0xED, 0xFF}}},
	{{{-7572, 343, 207}, 0, {5888, 8923}, {0x10, 0x7E, 0x01, 0xFF}}},
	{{{-6655, 343, -277}, 0, {4698, 8149}, {0xFB, 0x7F, 0x04, 0xFF}}},
	{{{-6785, 458, -2851}, 0, {1680, 10041}, {0xFC, 0x7E, 0x0D, 0xFF}}},
	{{{-5317, 533, -954}, 0, {2971, 6978}, {0xFB, 0x7F, 0xF9, 0xFF}}},
	{{{-3892, 548, 7779}, 0, {-23619, 12997}, {0xF0, 0x7E, 0x05, 0xFF}}},
	{{{-5744, 181, 7316}, 0, {-25820, 14389}, {0xE5, 0x7C, 0x0B, 0xFF}}},
	{{{-5804, 181, 12805}, 0, {-20576, 19547}, {0xEA, 0x7D, 0x00, 0xFF}}},
	{{{-854, 673, 10967}, 0, {-17706, 13034}, {0xF9, 0x7F, 0xFB, 0xFF}}},
	{{{1977, 673, 8156}, 0, {-17790, 7676}, {0xFE, 0x7E, 0xF4, 0xFF}}},
	{{{1846, 702, 9095}, 0, {-17004, 8677}, {0xFD, 0x7F, 0xFD, 0xFF}}},
	{{{2186, 702, 9761}, 0, {-16044, 8967}, {0xFC, 0x7F, 0xFC, 0xFF}}},
	{{{2399, 896, 11428}, 0, {-14221, 10313}, {0xFE, 0x7F, 0xF7, 0xFF}}},
	{{{1847, 498, 7002}, 0, {-19043, 6719}, {0x00, 0x7E, 0xEF, 0xFF}}},
	{{{2388, 547, 7424}, 0, {-18130, 6589}, {0xFF, 0x7D, 0xED, 0xFF}}},
};

Gfx prince_valley_dl_terrain_2_mesh_layer_1_tri_0[] = {
	gsSPVertex(prince_valley_dl_terrain_2_mesh_layer_1_vtx_0 + 0, 32, 0),
	gsSP2Triangles(0, 1, 2, 0, 0, 3, 1, 0),
	gsSP2Triangles(4, 3, 0, 0, 4, 5, 3, 0),
	gsSP2Triangles(6, 5, 4, 0, 6, 7, 5, 0),
	gsSP2Triangles(6, 8, 7, 0, 9, 7, 8, 0),
	gsSP2Triangles(10, 9, 8, 0, 10, 8, 11, 0),
	gsSP2Triangles(9, 12, 7, 0, 5, 7, 12, 0),
	gsSP2Triangles(5, 12, 13, 0, 3, 5, 13, 0),
	gsSP2Triangles(3, 13, 14, 0, 3, 14, 1, 0),
	gsSP2Triangles(15, 16, 17, 0, 15, 18, 16, 0),
	gsSP2Triangles(19, 20, 21, 0, 20, 22, 21, 0),
	gsSP2Triangles(20, 23, 22, 0, 24, 22, 23, 0),
	gsSP2Triangles(24, 23, 25, 0, 25, 26, 24, 0),
	gsSP2Triangles(25, 27, 26, 0, 28, 29, 30, 0),
	gsSP1Triangle(28, 31, 29, 0),
	gsSPVertex(prince_valley_dl_terrain_2_mesh_layer_1_vtx_0 + 32, 32, 0),
	gsSP2Triangles(0, 1, 2, 0, 3, 4, 5, 0),
	gsSP2Triangles(3, 6, 4, 0, 7, 6, 3, 0),
	gsSP2Triangles(7, 8, 6, 0, 9, 8, 7, 0),
	gsSP2Triangles(9, 7, 10, 0, 9, 10, 11, 0),
	gsSP2Triangles(10, 12, 11, 0, 10, 13, 12, 0),
	gsSP2Triangles(9, 14, 8, 0, 15, 16, 17, 0),
	gsSP2Triangles(15, 18, 16, 0, 16, 18, 19, 0),
	gsSP2Triangles(16, 19, 20, 0, 21, 22, 23, 0),
	gsSP2Triangles(21, 24, 22, 0, 25, 24, 21, 0),
	gsSP2Triangles(26, 25, 21, 0, 27, 26, 21, 0),
	gsSP2Triangles(21, 28, 27, 0, 29, 26, 27, 0),
	gsSP2Triangles(29, 30, 26, 0, 30, 31, 26, 0),
	gsSPVertex(prince_valley_dl_terrain_2_mesh_layer_1_vtx_0 + 64, 32, 0),
	gsSP2Triangles(0, 1, 2, 0, 3, 1, 0, 0),
	gsSP2Triangles(3, 0, 4, 0, 3, 5, 1, 0),
	gsSP2Triangles(3, 6, 5, 0, 7, 8, 9, 0),
	gsSP2Triangles(10, 8, 7, 0, 11, 10, 7, 0),
	gsSP2Triangles(11, 7, 12, 0, 7, 13, 12, 0),
	gsSP2Triangles(13, 14, 12, 0, 15, 14, 13, 0),
	gsSP2Triangles(15, 13, 16, 0, 16, 13, 17, 0),
	gsSP2Triangles(16, 17, 18, 0, 15, 16, 19, 0),
	gsSP2Triangles(10, 20, 21, 0, 10, 21, 8, 0),
	gsSP2Triangles(22, 23, 24, 0, 22, 25, 23, 0),
	gsSP2Triangles(25, 22, 26, 0, 27, 25, 26, 0),
	gsSP2Triangles(28, 29, 30, 0, 28, 31, 29, 0),
	gsSPVertex(prince_valley_dl_terrain_2_mesh_layer_1_vtx_0 + 96, 31, 0),
	gsSP2Triangles(0, 1, 2, 0, 1, 3, 2, 0),
	gsSP2Triangles(1, 4, 3, 0, 3, 5, 2, 0),
	gsSP2Triangles(3, 6, 5, 0, 6, 7, 5, 0),
	gsSP2Triangles(6, 8, 7, 0, 7, 9, 5, 0),
	gsSP2Triangles(7, 10, 9, 0, 5, 9, 11, 0),
	gsSP2Triangles(9, 12, 11, 0, 9, 13, 12, 0),
	gsSP2Triangles(13, 9, 14, 0, 15, 11, 12, 0),
	gsSP2Triangles(15, 16, 11, 0, 15, 17, 16, 0),
	gsSP2Triangles(17, 18, 16, 0, 17, 19, 18, 0),
	gsSP2Triangles(18, 20, 16, 0, 18, 21, 20, 0),
	gsSP2Triangles(20, 21, 22, 0, 21, 23, 22, 0),
	gsSP2Triangles(21, 24, 23, 0, 23, 25, 22, 0),
	gsSP2Triangles(23, 26, 25, 0, 25, 27, 22, 0),
	gsSP2Triangles(25, 28, 27, 0, 5, 11, 2, 0),
	gsSP2Triangles(11, 29, 2, 0, 11, 16, 29, 0),
	gsSP2Triangles(16, 30, 29, 0, 16, 20, 30, 0),
	gsSPVertex(prince_valley_dl_terrain_2_mesh_layer_1_vtx_0 + 127, 32, 0),
	gsSP2Triangles(0, 1, 2, 0, 0, 2, 3, 0),
	gsSP2Triangles(4, 3, 2, 0, 4, 2, 5, 0),
	gsSP2Triangles(4, 5, 6, 0, 4, 6, 7, 0),
	gsSP2Triangles(8, 4, 7, 0, 8, 7, 9, 0),
	gsSP2Triangles(10, 8, 9, 0, 10, 11, 8, 0),
	gsSP2Triangles(12, 11, 10, 0, 12, 13, 11, 0),
	gsSP2Triangles(13, 12, 14, 0, 13, 14, 15, 0),
	gsSP2Triangles(15, 14, 16, 0, 15, 16, 17, 0),
	gsSP2Triangles(15, 17, 18, 0, 15, 18, 19, 0),
	gsSP2Triangles(20, 19, 18, 0, 21, 20, 18, 0),
	gsSP2Triangles(22, 20, 21, 0, 23, 22, 21, 0),
	gsSP2Triangles(23, 24, 22, 0, 22, 25, 20, 0),
	gsSP2Triangles(25, 26, 20, 0, 25, 27, 26, 0),
	gsSP2Triangles(27, 28, 26, 0, 27, 29, 28, 0),
	gsSP2Triangles(28, 29, 30, 0, 28, 30, 31, 0),
	gsSPVertex(prince_valley_dl_terrain_2_mesh_layer_1_vtx_0 + 159, 23, 0),
	gsSP2Triangles(0, 1, 2, 0, 0, 2, 3, 0),
	gsSP2Triangles(3, 2, 4, 0, 3, 4, 5, 0),
	gsSP2Triangles(6, 0, 7, 0, 7, 0, 8, 0),
	gsSP2Triangles(7, 8, 9, 0, 7, 9, 10, 0),
	gsSP2Triangles(11, 7, 10, 0, 12, 11, 10, 0),
	gsSP2Triangles(11, 6, 7, 0, 13, 14, 15, 0),
	gsSP2Triangles(13, 15, 16, 0, 17, 13, 16, 0),
	gsSP2Triangles(18, 17, 16, 0, 16, 19, 18, 0),
	gsSP2Triangles(20, 19, 16, 0, 17, 21, 13, 0),
	gsSP1Triangle(17, 22, 21, 0),
	gsSPEndDisplayList(),
};

Vtx prince_valley_dl_terrain_2_mesh_layer_1_vtx_1[74] = {
	{{{-7889, 525, -5062}, 0, {-256, 12823}, {0xF0, 0x7E, 0x04, 0xFF}}},
	{{{-9905, 377, -6254}, 0, {-448, 15953}, {0xDC, 0x72, 0x2B, 0xFF}}},
	{{{-10625, 229, -6458}, 0, {-216, 16949}, {0xEE, 0x7D, 0x09, 0xFF}}},
	{{{-11208, 229, -7534}, 0, {-1118, 18337}, {0xFC, 0x7F, 0xFC, 0xFF}}},
	{{{-11570, 229, -7513}, 0, {-842, 18726}, {0xFC, 0x7F, 0xFD, 0xFF}}},
	{{{-11113, 76, -9379}, 0, {-3188, 19747}, {0xF7, 0x7E, 0x0E, 0xFF}}},
	{{{-9738, 200, -9379}, 0, {-4330, 18275}, {0xFD, 0x7C, 0x1B, 0xFF}}},
	{{{7728, 979, -4099}, 0, {-25252, -9517}, {0x52, 0x44, 0x45, 0xFF}}},
	{{{9037, 229, -4922}, 0, {-23940, -11413}, {0x21, 0x73, 0x2A, 0xFF}}},
	{{{9032, 750, -5424}, 0, {-24731, -11975}, {0x43, 0x4B, 0x4D, 0xFF}}},
	{{{10046, 489, -5848}, 0, {-23964, -13283}, {0x27, 0x37, 0x6C, 0xFF}}},
	{{{10438, 229, -4230}, 0, {-21943, -12178}, {0x0A, 0x7F, 0x00, 0xFF}}},
	{{{8676, 229, -3695}, 0, {-23077, -9921}, {0x00, 0x7F, 0x00, 0xFF}}},
	{{{8038, 229, -4151}, 0, {-24115, -9726}, {0x00, 0x7F, 0x00, 0xFF}}},
	{{{-9902, 1313, -7534}, 0, {-14611, -18501}, {0x00, 0x7F, 0x07, 0xFF}}},
	{{{-9738, 1313, -9379}, 0, {-15786, -16310}, {0x00, 0x7F, 0x00, 0xFF}}},
	{{{-11208, 1313, -7534}, 0, {-12998, -17812}, {0x00, 0x7F, 0x06, 0xFF}}},
	{{{-9905, 1190, -6254}, 0, {-13928, -20088}, {0x01, 0x7F, 0x09, 0xFF}}},
	{{{-9077, 1190, -6451}, 0, {-15054, -20282}, {0x01, 0x7F, 0x04, 0xFF}}},
	{{{-7889, 1190, -5062}, 0, {-15786, -22625}, {0x00, 0x7F, 0x00, 0xFF}}},
	{{{7253, 703, 10580}, 0, {-10542, 4816}, {0xFC, 0x7F, 0x00, 0xFF}}},
	{{{6145, 868, 11347}, 0, {-10828, 6613}, {0x07, 0x7F, 0xFB, 0xFF}}},
	{{{7231, 729, 11957}, 0, {-9225, 6110}, {0x07, 0x7F, 0xFA, 0xFF}}},
	{{{6204, 843, 10896}, 0, {-11209, 6137}, {0x00, 0x7F, 0xFA, 0xFF}}},
	{{{5182, 814, 10677}, 0, {-12372, 6920}, {0xFE, 0x7F, 0xFB, 0xFF}}},
	{{{1977, 673, 8156}, 0, {-17790, 7676}, {0xFE, 0x7E, 0xF4, 0xFF}}},
	{{{6270, 673, 7365}, 0, {-14566, 2788}, {0xFC, 0x7E, 0xF1, 0xFF}}},
	{{{7253, 977, 10580}, 0, {-10524, 4827}, {0xF2, 0x7E, 0xF8, 0xFF}}},
	{{{8372, 914, 8909}, 0, {-11103, 2192}, {0xFC, 0x7F, 0xF8, 0xFF}}},
	{{{7290, 290, 4686}, 0, {-16250, -712}, {0xF8, 0x7E, 0xF3, 0xFF}}},
	{{{9348, 675, 6727}, 0, {-12325, -789}, {0xF9, 0x7E, 0xF0, 0xFF}}},
	{{{9944, 752, 7036}, 0, {-11464, -1074}, {0xFE, 0x7E, 0xF4, 0xFF}}},
	{{{9308, 872, 8490}, 0, {-10642, 897}, {0x06, 0x7F, 0xFA, 0xFF}}},
	{{{9944, 752, 7036}, 0, {-11464, -1074}, {0xFE, 0x7E, 0xF4, 0xFF}}},
	{{{8372, 914, 8909}, 0, {-11103, 2192}, {0xFC, 0x7F, 0xF8, 0xFF}}},
	{{{9292, 929, 10598}, 0, {-8613, 2867}, {0xFC, 0x7F, 0x01, 0xFF}}},
	{{{8743, 885, 10597}, 0, {-9124, 3400}, {0xF4, 0x7E, 0x03, 0xFF}}},
	{{{7253, 703, 10580}, 0, {-10528, 4843}, {0xFC, 0x7F, 0x00, 0xFF}}},
	{{{8431, 846, 11506}, 0, {-8531, 4546}, {0xF6, 0x7F, 0x02, 0xFF}}},
	{{{7231, 729, 11957}, 0, {-9208, 6134}, {0x07, 0x7F, 0xFA, 0xFF}}},
	{{{9914, 812, 8130}, 0, {-10430, -28}, {0x05, 0x7F, 0xFA, 0xFF}}},
	{{{-5607, 4081, -5884}, 0, {-3437, -16808}, {0x16, 0x7B, 0x19, 0xFF}}},
	{{{-4833, 4429, -7039}, 0, {-1633, -17449}, {0x11, 0x77, 0x28, 0xFF}}},
	{{{-4611, 4664, -8034}, 0, {-562, -18353}, {0x24, 0x74, 0x24, 0xFF}}},
	{{{-3656, 3876, -6888}, 0, {-562, -16066}, {0x1D, 0x79, 0x1A, 0xFF}}},
	{{{1847, 937, 7002}, 0, {7501, -6769}, {0x02, 0x7F, 0x09, 0xFF}}},
	{{{2667, 1007, 4999}, 0, {4595, -6412}, {0x0D, 0x7E, 0x07, 0xFF}}},
	{{{1660, 1003, 5814}, 0, {6219, -5760}, {0xFF, 0x7F, 0x07, 0xFF}}},
	{{{5167, 573, 5405}, 0, {3435, -9680}, {0x0E, 0x7E, 0x0B, 0xFF}}},
	{{{3092, 1012, 3357}, 0, {2378, -5841}, {0x04, 0x7F, 0xF8, 0xFF}}},
	{{{5483, 756, 3495}, 0, {955, -8782}, {0x08, 0x7F, 0x07, 0xFF}}},
	{{{6416, 754, 3549}, 0, {411, -9926}, {0x08, 0x7E, 0xF7, 0xFF}}},
	{{{6103, 707, 3111}, 0, {85, -9270}, {0x14, 0x7C, 0xEB, 0xFF}}},
	{{{6414, 661, 3224}, 0, {7, -9718}, {0x1E, 0x77, 0xDE, 0xFF}}},
	{{{7722, 310, 4196}, 0, {-16315, -1587}, {0xF3, 0x7E, 0xF6, 0xFF}}},
	{{{9584, 469, 4958}, 0, {-13831, -2674}, {0xFB, 0x7E, 0xF1, 0xFF}}},
	{{{8626, 325, 3953}, 0, {-15707, -2687}, {0xFC, 0x7F, 0xF8, 0xFF}}},
	{{{9348, 675, 6727}, 0, {-12325, -789}, {0xF9, 0x7E, 0xF0, 0xFF}}},
	{{{7290, 290, 4686}, 0, {-16250, -712}, {0xF8, 0x7E, 0xF3, 0xFF}}},
	{{{7169, 171, 3525}, 0, {-17495, -1677}, {0xF8, 0x7E, 0xF4, 0xFF}}},
	{{{6416, 191, 3549}, 0, {-18167, -921}, {0x01, 0x7E, 0xF3, 0xFF}}},
	{{{6414, 151, 3224}, 0, {-18488, -1221}, {0x03, 0x7E, 0xF0, 0xFF}}},
	{{{5167, 318, 5405}, 0, {-17522, 2014}, {0xFC, 0x7E, 0xEE, 0xFF}}},
	{{{6270, 673, 7365}, 0, {-14566, 2788}, {0xFC, 0x7E, 0xF1, 0xFF}}},
	{{{5167, 318, 5405}, 0, {-17522, 2014}, {0xFC, 0x7E, 0xEE, 0xFF}}},
	{{{2388, 547, 7424}, 0, {-18130, 6589}, {0xFF, 0x7D, 0xED, 0xFF}}},
	{{{6270, 673, 7365}, 0, {-14566, 2788}, {0xFC, 0x7E, 0xF1, 0xFF}}},
	{{{1847, 498, 7002}, 0, {-19043, 6719}, {0x00, 0x7E, 0xEF, 0xFF}}},
	{{{1977, 673, 8156}, 0, {-17790, 7676}, {0xFE, 0x7E, 0xF4, 0xFF}}},
	{{{5182, 814, 10677}, 0, {-12372, 6920}, {0xFE, 0x7F, 0xFB, 0xFF}}},
	{{{1846, 702, 9095}, 0, {-17004, 8677}, {0xFD, 0x7F, 0xFD, 0xFF}}},
	{{{2186, 702, 9761}, 0, {-16044, 8967}, {0xFC, 0x7F, 0xFC, 0xFF}}},
	{{{2399, 896, 11428}, 0, {-14221, 10313}, {0xFE, 0x7F, 0xF7, 0xFF}}},
	{{{3828, 875, 12288}, 0, {-12067, 9724}, {0xFF, 0x7F, 0xF7, 0xFF}}},
};

Gfx prince_valley_dl_terrain_2_mesh_layer_1_tri_1[] = {
	gsSPVertex(prince_valley_dl_terrain_2_mesh_layer_1_vtx_1 + 0, 32, 0),
	gsSP2Triangles(0, 1, 2, 0, 2, 1, 3, 0),
	gsSP2Triangles(2, 3, 4, 0, 3, 5, 4, 0),
	gsSP2Triangles(3, 6, 5, 0, 7, 8, 9, 0),
	gsSP2Triangles(8, 10, 9, 0, 11, 10, 8, 0),
	gsSP2Triangles(12, 11, 8, 0, 12, 8, 13, 0),
	gsSP2Triangles(14, 15, 16, 0, 17, 14, 16, 0),
	gsSP2Triangles(17, 18, 14, 0, 17, 19, 18, 0),
	gsSP2Triangles(20, 21, 22, 0, 20, 23, 21, 0),
	gsSP2Triangles(23, 24, 21, 0, 24, 23, 25, 0),
	gsSP2Triangles(26, 25, 23, 0, 26, 23, 27, 0),
	gsSP2Triangles(26, 27, 28, 0, 26, 28, 29, 0),
	gsSP2Triangles(30, 29, 28, 0, 31, 30, 28, 0),
	gsSPVertex(prince_valley_dl_terrain_2_mesh_layer_1_vtx_1 + 32, 32, 0),
	gsSP2Triangles(0, 1, 2, 0, 3, 0, 2, 0),
	gsSP2Triangles(2, 4, 3, 0, 2, 5, 4, 0),
	gsSP2Triangles(5, 6, 4, 0, 5, 7, 6, 0),
	gsSP2Triangles(0, 8, 1, 0, 9, 10, 11, 0),
	gsSP2Triangles(11, 10, 12, 0, 13, 14, 15, 0),
	gsSP2Triangles(13, 16, 14, 0, 14, 16, 17, 0),
	gsSP2Triangles(16, 18, 17, 0, 16, 19, 18, 0),
	gsSP2Triangles(19, 20, 18, 0, 19, 21, 20, 0),
	gsSP2Triangles(22, 23, 24, 0, 22, 25, 23, 0),
	gsSP2Triangles(25, 22, 26, 0, 27, 26, 22, 0),
	gsSP2Triangles(27, 28, 26, 0, 28, 27, 29, 0),
	gsSP2Triangles(26, 28, 30, 0, 26, 30, 31, 0),
	gsSPVertex(prince_valley_dl_terrain_2_mesh_layer_1_vtx_1 + 64, 10, 0),
	gsSP2Triangles(0, 1, 2, 0, 0, 3, 1, 0),
	gsSP2Triangles(1, 4, 2, 0, 5, 4, 6, 0),
	gsSP2Triangles(6, 7, 5, 0, 8, 5, 7, 0),
	gsSP1Triangle(8, 9, 5, 0),
	gsSPEndDisplayList(),
};

Vtx prince_valley_dl_terrain_2_mesh_layer_1_vtx_2[3] = {
	{{{4245, 257, -13073}, 0, {21765, 24730}, {0xA2, 0x51, 0x1C, 0xFF}}},
	{{{4669, 229, -11572}, 0, {21854, 23727}, {0xEF, 0x7E, 0x07, 0xFF}}},
	{{{4755, 1246, -13073}, 0, {19278, 24080}, {0x93, 0x38, 0x20, 0xFF}}},
};

Gfx prince_valley_dl_terrain_2_mesh_layer_1_tri_2[] = {
	gsSPVertex(prince_valley_dl_terrain_2_mesh_layer_1_vtx_2 + 0, 3, 0),
	gsSP1Triangle(0, 1, 2, 0),
	gsSPEndDisplayList(),
};

Vtx prince_valley_dl_terrain_2_mesh_layer_1_vtx_3[14] = {
	{{{511, 566, -2689}, 0, {-3807, -5438}, {0x0F, 0x7C, 0x16, 0xFF}}},
	{{{1986, 229, -1387}, 0, {-4972, -8385}, {0x03, 0x7C, 0x1D, 0xFF}}},
	{{{2178, 419, -2099}, 0, {-5760, -7469}, {0xFF, 0x7B, 0x21, 0xFF}}},
	{{{26, 526, -2040}, 0, {-2657, -6015}, {0x11, 0x7C, 0x16, 0xFF}}},
	{{{-1116, 1046, -3730}, 0, {-2229, -2701}, {0x0E, 0x7B, 0x1C, 0xFF}}},
	{{{-1868, 1006, -3223}, 0, {-801, -2899}, {0x0F, 0x7B, 0x1D, 0xFF}}},
	{{{-2299, 1424, -4777}, 0, {-1289, -300}, {0x1B, 0x77, 0x23, 0xFF}}},
	{{{-2919, 1424, -4201}, 0, {3, -666}, {0x1D, 0x78, 0x1F, 0xFF}}},
	{{{-3377, 1853, -5136}, 0, {14, 1122}, {0x1D, 0x74, 0x2A, 0xFF}}},
	{{{-2635, 1853, -5591}, 0, {-1362, 1254}, {0x16, 0x74, 0x30, 0xFF}}},
	{{{-3656, 2525, -6888}, 0, {-788, 4024}, {0x5F, 0x4C, 0x26, 0xFF}}},
	{{{-2811, 2525, -6749}, 0, {-1948, 3315}, {0xA7, 0x55, 0x20, 0xFF}}},
	{{{-3389, 2746, -7496}, 0, {-1574, 4809}, {0x4E, 0x52, 0x3A, 0xFF}}},
	{{{-2474, 2746, -7496}, 0, {-2916, 4252}, {0xA9, 0x5C, 0xF4, 0xFF}}},
};

Gfx prince_valley_dl_terrain_2_mesh_layer_1_tri_3[] = {
	gsSPVertex(prince_valley_dl_terrain_2_mesh_layer_1_vtx_3 + 0, 14, 0),
	gsSP2Triangles(0, 1, 2, 0, 0, 3, 1, 0),
	gsSP2Triangles(4, 3, 0, 0, 4, 5, 3, 0),
	gsSP2Triangles(6, 5, 4, 0, 6, 7, 5, 0),
	gsSP2Triangles(8, 7, 6, 0, 8, 6, 9, 0),
	gsSP2Triangles(10, 8, 9, 0, 10, 9, 11, 0),
	gsSP2Triangles(12, 10, 11, 0, 12, 11, 13, 0),
	gsSPEndDisplayList(),
};

Vtx prince_valley_dl_terrain_2_mesh_layer_1_vtx_4[10] = {
	{{{-2203, 2878, -10144}, 0, {-4945, 8027}, {0x00, 0x7F, 0x00, 0xFF}}},
	{{{-1128, 2878, -8708}, 0, {-5652, 5268}, {0xE0, 0x60, 0xB3, 0xFF}}},
	{{{-1202, 2878, -9066}, 0, {-5760, 5839}, {0x00, 0x7F, 0x00, 0xFF}}},
	{{{-3291, 2878, -9419}, 0, {-2909, 7622}, {0x35, 0x73, 0xF5, 0xFF}}},
	{{{-3076, 2878, -10360}, 0, {-3795, 8872}, {0x00, 0x7F, 0x00, 0xFF}}},
	{{{-3593, 2878, -10491}, 0, {-3116, 9377}, {0x00, 0x7F, 0x00, 0xFF}}},
	{{{-2137, 2967, -8243}, 0, {-3885, 5190}, {0xC5, 0x61, 0xC8, 0xFF}}},
	{{{-3122, 2967, -8243}, 0, {-2439, 5789}, {0x56, 0x5B, 0x14, 0xFF}}},
	{{{-2474, 2746, -7496}, 0, {-2916, 4252}, {0xA9, 0x5C, 0xF4, 0xFF}}},
	{{{-3389, 2746, -7496}, 0, {-1574, 4809}, {0x4E, 0x52, 0x3A, 0xFF}}},
};

Gfx prince_valley_dl_terrain_2_mesh_layer_1_tri_4[] = {
	gsSPVertex(prince_valley_dl_terrain_2_mesh_layer_1_vtx_4 + 0, 10, 0),
	gsSP2Triangles(0, 1, 2, 0, 0, 3, 1, 0),
	gsSP2Triangles(4, 3, 0, 0, 4, 5, 3, 0),
	gsSP2Triangles(3, 6, 1, 0, 3, 7, 6, 0),
	gsSP2Triangles(8, 6, 7, 0, 8, 7, 9, 0),
	gsSPEndDisplayList(),
};

Vtx prince_valley_dl_terrain_2_mesh_layer_1_vtx_5[347] = {
	{{{-3963, 7064, -6888}, 0, {-4465, -7052}, {0x2C, 0x04, 0x77, 0xFF}}},
	{{{-4833, 6659, -7039}, 0, {-5415, -6611}, {0xEB, 0xFE, 0x7D, 0xFF}}},
	{{{-3656, 3876, -6888}, 0, {-4131, -3571}, {0x7A, 0x06, 0x23, 0xFF}}},
	{{{-6476, 4947, -5589}, 0, {-7211, -4740}, {0xD2, 0x51, 0x56, 0xFF}}},
	{{{-5607, 5753, -5884}, 0, {-6261, -5620}, {0xD9, 0x62, 0x47, 0xFF}}},
	{{{-7915, 5703, -7079}, 0, {-8783, -5567}, {0xD3, 0x76, 0x09, 0xFF}}},
	{{{-2299, 1424, -4777}, 0, {-2649, -892}, {0x9D, 0x00, 0x4F, 0xFF}}},
	{{{-1116, 1046, -3730}, 0, {-1356, -479}, {0xAC, 0x00, 0x5F, 0xFF}}},
	{{{-1116, 2293, -3730}, 0, {-1356, -1842}, {0xAC, 0x00, 0x5F, 0xFF}}},
	{{{-5312, 348, -2381}, 0, {-5939, 283}, {0xB5, 0x00, 0x67, 0xFF}}},
	{{{-1761, 1366, -562}, 0, {-2060, -829}, {0xE3, 0x00, 0x7C, 0xFF}}},
	{{{-5312, 1764, -2381}, 0, {-5939, -1263}, {0xB3, 0x00, 0x65, 0xFF}}},
	{{{-1761, 288, -562}, 0, {-2060, 348}, {0xE7, 0x00, 0x7C, 0xFF}}},
	{{{340, 969, -699}, 0, {234, -395}, {0x08, 0x00, 0x7F, 0xFF}}},
	{{{2102, 229, -819}, 0, {2159, 413}, {0x08, 0xFF, 0x7F, 0xFF}}},
	{{{-7889, 2361, -5062}, 0, {-8754, -1916}, {0xEA, 0x00, 0x7D, 0xFF}}},
	{{{-3675, 2527, -4322}, 0, {-4152, -2098}, {0xB0, 0x00, 0x62, 0xFF}}},
	{{{-7889, 2655, -5062}, 0, {-8754, -2237}, {0xEA, 0x00, 0x7D, 0xFF}}},
	{{{-3675, 1769, -4322}, 0, {-4152, -1269}, {0xC9, 0x00, 0x73, 0xFF}}},
	{{{-2823, 1805, -3611}, 0, {-3221, -1309}, {0xC1, 0x00, 0x6F, 0xFF}}},
	{{{-2823, 3154, -3611}, 0, {-3221, -2782}, {0xB7, 0x00, 0x68, 0xFF}}},
	{{{-1868, 2007, -3223}, 0, {-2178, -1530}, {0xD0, 0x00, 0x76, 0xFF}}},
	{{{-1868, 1006, -3223}, 0, {-2178, -436}, {0xD0, 0x00, 0x76, 0xFF}}},
	{{{-3675, 3876, -4322}, 0, {-4152, -3571}, {0x95, 0x00, 0x45, 0xFF}}},
	{{{6388, -237, 78}, 0, {-57, 922}, {0x7F, 0x00, 0xFF, 0xFF}}},
	{{{6414, 661, 3224}, 0, {-3494, -59}, {0x7F, 0x00, 0xFF, 0xFF}}},
	{{{6414, 151, 3224}, 0, {-3494, 498}, {0x7F, 0x00, 0xFF, 0xFF}}},
	{{{-3377, 1853, -5136}, 0, {5638, -1361}, {0x78, 0x00, 0xD5, 0xFF}}},
	{{{-2919, 3154, -4201}, 0, {4617, -2782}, {0x6B, 0x00, 0xBC, 0xFF}}},
	{{{-2919, 1424, -4201}, 0, {4617, -892}, {0x63, 0x00, 0xB0, 0xFF}}},
	{{{-3377, 3876, -5136}, 0, {5638, -3571}, {0x7A, 0x00, 0xDE, 0xFF}}},
	{{{-3656, 2525, -6888}, 0, {7551, -2095}, {0x5F, 0x4C, 0x26, 0xFF}}},
	{{{-3656, 2525, -6888}, 0, {7551, -2095}, {0x5F, 0x4C, 0x26, 0xFF}}},
	{{{-3656, 3876, -6888}, 0, {7551, -3571}, {0x7A, 0x06, 0x23, 0xFF}}},
	{{{-3377, 3876, -5136}, 0, {5638, -3571}, {0x7A, 0x00, 0xDE, 0xFF}}},
	{{{-3389, 2746, -7496}, 0, {8215, -2336}, {0x4E, 0x52, 0x3A, 0xFF}}},
	{{{-3389, 4047, -7496}, 0, {8215, -3758}, {0x73, 0x12, 0x33, 0xFF}}},
	{{{-3314, 5378, -8500}, 0, {9312, -5211}, {0x7B, 0x12, 0x19, 0xFF}}},
	{{{-3963, 7064, -6888}, 0, {7551, -7052}, {0x2C, 0x04, 0x77, 0xFF}}},
	{{{-2919, 1424, -4201}, 0, {-3326, -892}, {0x63, 0x00, 0xB0, 0xFF}}},
	{{{-1868, 2007, -3223}, 0, {-2178, -1530}, {0x57, 0x00, 0xA3, 0xFF}}},
	{{{-1868, 1006, -3223}, 0, {-2178, -436}, {0x57, 0x00, 0xA3, 0xFF}}},
	{{{-2919, 3154, -4201}, 0, {-3326, -2782}, {0x6B, 0x00, 0xBC, 0xFF}}},
	{{{-3675, 2527, -4322}, 0, {4749, -2098}, {0xB0, 0x00, 0x62, 0xFF}}},
	{{{-3923, 3876, -4936}, 0, {5419, -3571}, {0x8A, 0x00, 0x30, 0xFF}}},
	{{{-3923, 2527, -4936}, 0, {5419, -2098}, {0x8A, 0x00, 0x30, 0xFF}}},
	{{{-3675, 3876, -4322}, 0, {4749, -3571}, {0x95, 0x00, 0x45, 0xFF}}},
	{{{-3314, 5378, -8500}, 0, {-3756, -5211}, {0xDC, 0x47, 0x9D, 0xFF}}},
	{{{-4833, 6659, -7039}, 0, {-5415, -6611}, {0xE7, 0x50, 0xA0, 0xFF}}},
	{{{-3963, 7064, -6888}, 0, {-4465, -7052}, {0xEA, 0x52, 0xA1, 0xFF}}},
	{{{-3291, 4053, -9419}, 0, {-3732, -3764}, {0xDA, 0x45, 0x9C, 0xFF}}},
	{{{-5607, 2527, -5884}, 0, {-6261, -2098}, {0xC2, 0x00, 0x6F, 0xFF}}},
	{{{-3923, 3876, -4936}, 0, {-4422, -3571}, {0xC2, 0x00, 0x6F, 0xFF}}},
	{{{-5607, 4081, -5884}, 0, {-6261, -3795}, {0xC2, 0x00, 0x6F, 0xFF}}},
	{{{-3923, 2527, -4936}, 0, {-4422, -2098}, {0xC2, 0x00, 0x6F, 0xFF}}},
	{{{-11485, 145, -5728}, 0, {6285, 505}, {0x65, 0x00, 0xB3, 0xFF}}},
	{{{-11485, 714, -5728}, 0, {6285, -117}, {0x66, 0x00, 0xB4, 0xFF}}},
	{{{-9758, 856, -2715}, 0, {2994, -272}, {0x6E, 0x00, 0xC1, 0xFF}}},
	{{{-13368, 714, -7715}, 0, {8455, -117}, {0x79, 0x00, 0xDB, 0xFF}}},
	{{{-13368, 145, -7715}, 0, {8455, 505}, {0x7B, 0x00, 0xE0, 0xFF}}},
	{{{-12728, 124, -10193}, 0, {11161, 527}, {0x7B, 0x00, 0x20, 0xFF}}},
	{{{-1903, 5654, -7202}, 0, {-2215, -5513}, {0xF7, 0x2E, 0x8A, 0xFF}}},
	{{{-1084, 4739, -7621}, 0, {-1322, -4514}, {0xF5, 0x3A, 0x90, 0xFF}}},
	{{{-1903, 4625, -8076}, 0, {-2215, -4389}, {0x28, 0x4E, 0xA4, 0xFF}}},
	{{{-1903, 5654, -7202}, 0, {-2215, -5513}, {0xF7, 0x2E, 0x8A, 0xFF}}},
	{{{-1081, 6278, -7293}, 0, {-1318, -6194}, {0x9B, 0x27, 0xBD, 0xFF}}},
	{{{-1084, 4739, -7621}, 0, {-1322, -4514}, {0xF5, 0x3A, 0x90, 0xFF}}},
	{{{-1116, 1046, -3730}, 0, {4102, -479}, {0x70, 0x00, 0x3C, 0xFF}}},
	{{{-658, 2293, -4578}, 0, {5028, -1842}, {0x30, 0x06, 0x75, 0xFF}}},
	{{{-1116, 2293, -3730}, 0, {4102, -1842}, {0x70, 0x00, 0x3C, 0xFF}}},
	{{{-658, -5585, -4578}, 0, {5028, 6763}, {0x60, 0x00, 0x53, 0xFF}}},
	{{{-1116, -5584, -3730}, 0, {4102, 6762}, {0x70, 0x00, 0x3C, 0xFF}}},
	{{{-2299, 1424, -4777}, 0, {5245, -892}, {0x9D, 0x00, 0x4F, 0xFF}}},
	{{{-1116, 2293, -3730}, 0, {4102, -1842}, {0xAC, 0x00, 0x5F, 0xFF}}},
	{{{-2299, 2293, -4777}, 0, {5245, -1842}, {0x96, 0x00, 0x45, 0xFF}}},
	{{{-2635, 1853, -5591}, 0, {6135, -1361}, {0x87, 0x00, 0x27, 0xFF}}},
	{{{-2635, 2982, -5591}, 0, {6135, -2594}, {0x84, 0x00, 0x1C, 0xFF}}},
	{{{-2811, 2525, -6749}, 0, {7399, -2095}, {0xA7, 0x55, 0x20, 0xFF}}},
	{{{-2811, 3501, -6749}, 0, {7399, -3161}, {0x84, 0x00, 0xE6, 0xFF}}},
	{{{-2474, 2746, -7496}, 0, {8215, -2336}, {0xA9, 0x5C, 0xF4, 0xFF}}},
	{{{-2474, 3762, -7496}, 0, {8215, -3446}, {0x8C, 0x00, 0xCC, 0xFF}}},
	{{{-1903, 5654, -7202}, 0, {7895, -5513}, {0x84, 0x1A, 0xF4, 0xFF}}},
	{{{-2305, 4007, -6804}, 0, {7460, -3713}, {0x96, 0x43, 0xEC, 0xFF}}},
	{{{-1903, 5654, -6873}, 0, {7534, -5513}, {0x85, 0x1E, 0x00, 0xFF}}},
	{{{-2070, 4100, -7546}, 0, {8270, -3815}, {0x93, 0x3C, 0xE8, 0xFF}}},
	{{{-1081, 6278, -7293}, 0, {-1318, -7985}, {0xB6, 0x67, 0x08, 0xFF}}},
	{{{-1903, 5654, -6873}, 0, {-2215, -7526}, {0xB4, 0x66, 0x03, 0xFF}}},
	{{{-572, 6585, -6684}, 0, {-762, -7320}, {0xB7, 0x67, 0x09, 0xFF}}},
	{{{-1903, 5654, -7202}, 0, {-2215, -7886}, {0xB3, 0x65, 0x00, 0xFF}}},
	{{{-1084, 4739, -7621}, 0, {8352, -4514}, {0xF5, 0x3A, 0x90, 0xFF}}},
	{{{-1081, 6278, -7293}, 0, {7993, -6194}, {0x9B, 0x27, 0xBD, 0xFF}}},
	{{{-287, 7139, -8122}, 0, {8900, -7135}, {0x97, 0x3A, 0xD7, 0xFF}}},
	{{{-497, 7139, -6544}, 0, {7176, -7135}, {0x8B, 0x2D, 0x14, 0xFF}}},
	{{{-572, 6585, -6684}, 0, {7329, -6529}, {0x8A, 0x00, 0x2F, 0xFF}}},
	{{{-535, 6778, -6466}, 0, {7090, -6740}, {0x81, 0x09, 0xFA, 0xFF}}},
	{{{-572, 5601, -6390}, 0, {7007, -5455}, {0x83, 0x02, 0xE9, 0xFF}}},
	{{{-572, 5601, -6390}, 0, {7007, -5455}, {0x83, 0x02, 0xE9, 0xFF}}},
	{{{-572, 6585, -6684}, 0, {7329, -6529}, {0x8A, 0x00, 0x2F, 0xFF}}},
	{{{-572, 4613, -6487}, 0, {7113, -4375}, {0x87, 0x01, 0xDA, 0xFF}}},
	{{{-857, 5691, -5608}, 0, {6154, -5553}, {0x88, 0x02, 0xD6, 0xFF}}},
	{{{-857, 2950, -5608}, 0, {6154, -2559}, {0x87, 0x00, 0xD9, 0xFF}}},
	{{{-857, 2950, -5608}, 0, {-1073, -2559}, {0xCE, 0x00, 0x75, 0xFF}}},
	{{{-66, 5462, -5274}, 0, {-209, -5303}, {0xDD, 0x04, 0x7A, 0xFF}}},
	{{{-857, 5691, -5608}, 0, {-1073, -5553}, {0xCE, 0x00, 0x75, 0xFF}}},
	{{{-66, 3141, -5274}, 0, {-209, -2768}, {0xD9, 0x00, 0x79, 0xFF}}},
	{{{1390, 3134, -4950}, 0, {1381, -2760}, {0x03, 0xF3, 0x7E, 0xFF}}},
	{{{2561, 5042, -5106}, 0, {2660, -4844}, {0x01, 0x05, 0x7F, 0xFF}}},
	{{{2561, 2954, -5106}, 0, {2660, -2564}, {0xF6, 0xF1, 0x7E, 0xFF}}},
	{{{1009, 1214, -5599}, 0, {965, -663}, {0x17, 0xE8, 0x7B, 0xFF}}},
	{{{2535, 763, -5458}, 0, {2632, -170}, {0xE0, 0xF8, 0x7B, 0xFF}}},
	{{{734, -1089, -5624}, 0, {665, 1852}, {0x23, 0x00, 0x7A, 0xFF}}},
	{{{2535, -5584, -5458}, 0, {2632, 6762}, {0xE1, 0x00, 0x7B, 0xFF}}},
	{{{734, -5584, -5624}, 0, {665, 6762}, {0x23, 0x00, 0x7A, 0xFF}}},
	{{{-658, -5585, -4578}, 0, {-856, 6763}, {0x60, 0x00, 0x53, 0xFF}}},
	{{{-658, 2293, -4578}, 0, {-856, -1842}, {0x30, 0x06, 0x75, 0xFF}}},
	{{{379, 1044, -5337}, 0, {277, -477}, {0x39, 0xF0, 0x70, 0xFF}}},
	{{{82, 3141, -4659}, 0, {-48, -2768}, {0x0B, 0xE8, 0x7C, 0xFF}}},
	{{{-1419, 2624, -4820}, 0, {-1687, -2203}, {0xEF, 0x2F, 0x75, 0xFF}}},
	{{{-2032, 2293, -4750}, 0, {-2357, -1842}, {0xF2, 0x33, 0x73, 0xFF}}},
	{{{4682, -5584, -4527}, 0, {4977, 6762}, {0xD5, 0x00, 0x78, 0xFF}}},
	{{{4682, 1126, -4527}, 0, {4977, -566}, {0xD7, 0xF6, 0x78, 0xFF}}},
	{{{7038, 979, -3858}, 0, {7550, -406}, {0x03, 0x13, 0x7E, 0xFF}}},
	{{{7038, -5584, -3858}, 0, {7550, 6762}, {0xDD, 0x00, 0x7A, 0xFF}}},
	{{{7038, 2863, -3858}, 0, {7550, -2464}, {0x11, 0xF9, 0x7E, 0xFF}}},
	{{{7728, 2481, -4099}, 0, {8304, -2048}, {0x3A, 0xF7, 0x70, 0xFF}}},
	{{{7728, 979, -4099}, 0, {8304, -406}, {0x44, 0x11, 0x6A, 0xFF}}},
	{{{7038, 229, -3379}, 0, {7550, 413}, {0x3A, 0x2E, 0x67, 0xFF}}},
	{{{8038, 229, -4151}, 0, {8642, 413}, {0x4C, 0x19, 0x63, 0xFF}}},
	{{{7728, 4697, -4099}, 0, {8304, -4467}, {0x1C, 0xEB, 0x7A, 0xFF}}},
	{{{7038, 2863, -3858}, 0, {7550, -2464}, {0x11, 0xF9, 0x7E, 0xFF}}},
	{{{7728, 2481, -4099}, 0, {8304, -2048}, {0x3A, 0xF7, 0x70, 0xFF}}},
	{{{3820, 3077, -5122}, 0, {4036, -2698}, {0xE6, 0x00, 0x7C, 0xFF}}},
	{{{2561, 5042, -5106}, 0, {2660, -4844}, {0x01, 0x05, 0x7F, 0xFF}}},
	{{{2561, 2954, -5106}, 0, {2660, -2564}, {0xF6, 0xF1, 0x7E, 0xFF}}},
	{{{3820, 5042, -5122}, 0, {4036, -4844}, {0xE4, 0x00, 0x7C, 0xFF}}},
	{{{4955, 3199, -4562}, 0, {5275, -2831}, {0xEB, 0x1B, 0x7A, 0xFF}}},
	{{{4955, 5042, -4562}, 0, {5275, -4844}, {0x09, 0x00, 0x7F, 0xFF}}},
	{{{5256, 4969, -4807}, 0, {5604, -4764}, {0x36, 0xF2, 0x72, 0xFF}}},
	{{{5477, 3694, -4807}, 0, {5845, -3371}, {0x0E, 0x2D, 0x76, 0xFF}}},
	{{{7038, 2863, -3858}, 0, {7550, -2464}, {0xCC, 0x4B, 0x58, 0xFF}}},
	{{{7001, 3752, -4662}, 0, {7509, -3435}, {0xC5, 0x46, 0x58, 0xFF}}},
	{{{5337, 3199, -3897}, 0, {5692, -2831}, {0xE7, 0xE3, 0x79, 0xFF}}},
	{{{4682, 1126, -4527}, 0, {4977, -566}, {0xD7, 0xF6, 0x78, 0xFF}}},
	{{{2535, 763, -5458}, 0, {2632, -170}, {0xE0, 0xF8, 0x7B, 0xFF}}},
	{{{-9277, 192, 14743}, 0, {-10270, 453}, {0x2E, 0x0C, 0x8A, 0xFF}}},
	{{{-5779, -647, 13317}, 0, {-6449, 1370}, {0xAD, 0x5E, 0xED, 0xFF}}},
	{{{-9277, -134, 14743}, 0, {-10270, 809}, {0x22, 0x39, 0x94, 0xFF}}},
	{{{-5256, 171, 14161}, 0, {-5878, 477}, {0xBD, 0x5F, 0xCE, 0xFF}}},
	{{{-7895, 229, 4113}, 0, {-8761, 413}, {0x20, 0x00, 0x7B, 0xFF}}},
	{{{-7374, -645, 4310}, 0, {-8192, 1368}, {0x9C, 0x14, 0x4C, 0xFF}}},
	{{{-7374, 229, 4310}, 0, {-8192, 413}, {0xA3, 0x0D, 0x55, 0xFF}}},
	{{{-7895, -1563, 4113}, 0, {-8761, 2370}, {0xFA, 0x55, 0x5E, 0xFF}}},
	{{{-7895, 229, 4113}, 0, {-4464, 413}, {0x20, 0x00, 0x7B, 0xFF}}},
	{{{-11469, -764, 8172}, 0, {-8898, 1498}, {0x67, 0x42, 0x21, 0xFF}}},
	{{{-7895, -1563, 4113}, 0, {-4464, 2370}, {0xFA, 0x55, 0x5E, 0xFF}}},
	{{{-11469, 496, 8172}, 0, {-8898, 121}, {0x77, 0x00, 0x2B, 0xFF}}},
	{{{-11549, -278, 11312}, 0, {-12327, 966}, {0x6C, 0x39, 0xDD, 0xFF}}},
	{{{-11549, 1092, 11312}, 0, {-12327, -530}, {0x7A, 0x00, 0xDD, 0xFF}}},
	{{{-9277, 192, 14743}, 0, {-16075, 453}, {0x2E, 0x0C, 0x8A, 0xFF}}},
	{{{-9277, -134, 14743}, 0, {-16075, 809}, {0x22, 0x39, 0x94, 0xFF}}},
	{{{511, 566, -2689}, 0, {421, 45}, {0x39, 0x00, 0x8F, 0xFF}}},
	{{{-1116, -5584, -3730}, 0, {-1356, 6762}, {0x44, 0x00, 0x95, 0xFF}}},
	{{{-1116, 1046, -3730}, 0, {-1356, -479}, {0x44, 0x00, 0x95, 0xFF}}},
	{{{511, -5584, -2689}, 0, {421, 6762}, {0x38, 0x00, 0x8E, 0xFF}}},
	{{{2178, 419, -2099}, 0, {2242, 205}, {0x06, 0x00, 0x81, 0xFF}}},
	{{{2178, -5584, -2099}, 0, {2242, 6762}, {0x04, 0x00, 0x81, 0xFF}}},
	{{{4906, 200, -2856}, 0, {5221, 444}, {0xE0, 0x00, 0x85, 0xFF}}},
	{{{4906, -5613, -2856}, 0, {5221, 6794}, {0xE0, 0x00, 0x85, 0xFF}}},
	{{{7038, -5584, -3379}, 0, {7550, 6762}, {0xE2, 0x00, 0x85, 0xFF}}},
	{{{7038, 229, -3379}, 0, {7550, 413}, {0xE2, 0x00, 0x85, 0xFF}}},
	{{{7038, 229, -3379}, 0, {3719, 413}, {0x81, 0x00, 0x00, 0xFF}}},
	{{{7038, -5584, -3858}, 0, {4241, 6762}, {0x81, 0x00, 0x00, 0xFF}}},
	{{{7038, -5584, -3379}, 0, {3719, 6762}, {0x81, 0x00, 0x00, 0xFF}}},
	{{{7038, 979, -3858}, 0, {4241, -406}, {0x81, 0x00, 0x00, 0xFF}}},
	{{{6387, 1246, -14065}, 0, {15875, 20979}, {0x18, 0x61, 0x4E, 0xFF}}},
	{{{10128, 2569, -14888}, 0, {13147, 15842}, {0xFE, 0x17, 0x7D, 0xFF}}},
	{{{6387, 3207, -14516}, 0, {13006, 21313}, {0x11, 0x1C, 0x7B, 0xFF}}},
	{{{10128, 229, -14473}, 0, {16201, 15878}, {0x06, 0x60, 0x53, 0xFF}}},
	{{{13796, 2224, -14043}, 0, {14797, 10770}, {0xB1, 0x23, 0x5D, 0xFF}}},
	{{{13508, 229, -13449}, 0, {17292, 12056}, {0xC3, 0x5E, 0x3B, 0xFF}}},
	{{{15670, 2224, -8762}, 0, {21023, 6415}, {0x86, 0x1E, 0xEE, 0xFF}}},
	{{{15204, 229, -8828}, 0, {21886, 9073}, {0xA8, 0x5B, 0xF4, 0xFF}}},
	{{{14218, 2224, -6795}, 0, {24820, 6303}, {0x9C, 0x19, 0xB6, 0xFF}}},
	{{{13886, 229, -7017}, 0, {24711, 9470}, {0xD3, 0x73, 0xE1, 0xFF}}},
	{{{13886, 229, -7017}, 0, {15029, 413}, {0xD9, 0x0B, 0x88, 0xFF}}},
	{{{12480, 1585, -6435}, 0, {13494, -1068}, {0xD9, 0x0B, 0x88, 0xFF}}},
	{{{14218, 2224, -6795}, 0, {15392, -1767}, {0xE0, 0x13, 0x87, 0xFF}}},
	{{{12480, 229, -6435}, 0, {13494, 413}, {0xCF, 0x00, 0x8B, 0xFF}}},
	{{{-9122, 4991, -5739}, 0, {-10101, -6287}, {0x53, 0x60, 0x02, 0xFF}}},
	{{{-10107, 5899, -8975}, 0, {-11177, -9823}, {0x5C, 0x58, 0xFD, 0xFF}}},
	{{{-10625, 6187, -6458}, 0, {-11742, -7073}, {0x4E, 0x64, 0x04, 0xFF}}},
	{{{-9398, 4991, -10618}, 0, {-10402, -11617}, {0x5F, 0x54, 0xFB, 0xFF}}},
	{{{-10107, 5899, -8975}, 0, {9831, -5780}, {0x9D, 0x49, 0xDF, 0xFF}}},
	{{{-11570, 4589, -7513}, 0, {8234, -4349}, {0x9E, 0x49, 0xDF, 0xFF}}},
	{{{-10625, 6187, -6458}, 0, {7081, -6095}, {0x9F, 0x4C, 0xE3, 0xFF}}},
	{{{-11113, 4226, -9379}, 0, {10272, -3953}, {0x9C, 0x45, 0xDA, 0xFF}}},
	{{{-7913, 3242, -12222}, 0, {-8780, -2878}, {0x45, 0x00, 0x6B, 0xFF}}},
	{{{-9488, 3509, -10993}, 0, {-10500, -3169}, {0x3A, 0x24, 0x6B, 0xFF}}},
	{{{-9488, 2104, -10993}, 0, {-10500, -1635}, {0x4E, 0x00, 0x64, 0xFF}}},
	{{{-7913, 4631, -12222}, 0, {-8780, -4395}, {0x19, 0x40, 0x6B, 0xFF}}},
	{{{-6519, 4009, -12812}, 0, {-7257, -3716}, {0x41, 0x0B, 0x6D, 0xFF}}},
	{{{-6519, 4973, -12812}, 0, {-7257, -4769}, {0x4E, 0x43, 0x4A, 0xFF}}},
	{{{-7421, 4991, -9379}, 0, {10272, -4788}, {0x84, 0xFF, 0xE6, 0xFF}}},
	{{{-7915, 4991, -7056}, 0, {7735, -4788}, {0x87, 0x01, 0x25, 0xFF}}},
	{{{-7915, 5703, -7079}, 0, {7760, -5567}, {0x85, 0x01, 0x21, 0xFF}}},
	{{{-6476, 4947, -5589}, 0, {6132, -4740}, {0xA5, 0x03, 0x59, 0xFF}}},
	{{{-7913, 4631, -12222}, 0, {-8780, -13369}, {0x19, 0x40, 0x6B, 0xFF}}},
	{{{-9888, 5394, -13744}, 0, {-10938, -15031}, {0xEC, 0x64, 0x4C, 0xFF}}},
	{{{-9488, 3509, -10993}, 0, {-10500, -12027}, {0x3A, 0x24, 0x6B, 0xFF}}},
	{{{-8858, 5835, -13996}, 0, {-9813, -15307}, {0xE8, 0x61, 0x4F, 0xFF}}},
	{{{-7917, 6096, -13996}, 0, {-8785, -15307}, {0x03, 0x69, 0x47, 0xFF}}},
	{{{-6519, 4973, -12812}, 0, {-7257, -14014}, {0x4E, 0x43, 0x4A, 0xFF}}},
	{{{-6476, 4947, -5589}, 0, {-7211, -4740}, {0x2D, 0xFD, 0x77, 0xFF}}},
	{{{-5607, 4081, -5884}, 0, {-6261, -3795}, {0x45, 0x00, 0x6B, 0xFF}}},
	{{{-5607, 5753, -5884}, 0, {-6261, -5620}, {0x63, 0xFA, 0x50, 0xFF}}},
	{{{-6779, 4034, -5462}, 0, {-7542, -3743}, {0x2B, 0x01, 0x77, 0xFF}}},
	{{{-7889, 3988, -5062}, 0, {-8754, -3693}, {0x32, 0xF6, 0x75, 0xFF}}},
	{{{-8250, 4976, -4646}, 0, {-9148, -4773}, {0x3A, 0xE7, 0x6E, 0xFF}}},
	{{{-7889, 2655, -5062}, 0, {-8754, -2237}, {0x2B, 0x00, 0x77, 0xFF}}},
	{{{-5607, 2527, -5884}, 0, {-6261, -2098}, {0x2B, 0x00, 0x77, 0xFF}}},
	{{{-5607, 5753, -5884}, 0, {-6261, -6447}, {0xD9, 0x62, 0x47, 0xFF}}},
	{{{-4833, 6659, -7039}, 0, {-5415, -7708}, {0xDA, 0x79, 0x09, 0xFF}}},
	{{{-7915, 5703, -7079}, 0, {-8783, -7751}, {0xD3, 0x76, 0x09, 0xFF}}},
	{{{-5458, 5846, -9379}, 0, {-6099, -10263}, {0xD7, 0x72, 0xDB, 0xFF}}},
	{{{-7915, 5703, -7079}, 0, {-8783, -7751}, {0xD3, 0x76, 0x09, 0xFF}}},
	{{{-5458, 5846, -9379}, 0, {-6099, -10263}, {0xD7, 0x72, 0xDB, 0xFF}}},
	{{{-7421, 4991, -9379}, 0, {-8242, -10263}, {0xD0, 0x6D, 0xD4, 0xFF}}},
	{{{-14769, 1042, -7098}, 0, {-16269, -475}, {0x68, 0x38, 0xD0, 0xFF}}},
	{{{-12770, 2535, -4982}, 0, {-14086, -2106}, {0x55, 0x1F, 0xA7, 0xFF}}},
	{{{-12766, 714, -5387}, 0, {-14081, -117}, {0x58, 0x14, 0xA6, 0xFF}}},
	{{{-15727, 2833, -6642}, 0, {-17315, -2432}, {0x63, 0x41, 0xD3, 0xFF}}},
	{{{-14769, 1042, -7098}, 0, {7781, -475}, {0x68, 0x38, 0xD0, 0xFF}}},
	{{{-15414, 2815, -9376}, 0, {10269, -2412}, {0x74, 0x32, 0x04, 0xFF}}},
	{{{-15727, 2833, -6642}, 0, {7283, -2432}, {0x63, 0x41, 0xD3, 0xFF}}},
	{{{-14526, 635, -9220}, 0, {10099, -31}, {0x75, 0x32, 0x02, 0xFF}}},
	{{{-15100, 1983, -11589}, 0, {12686, -1502}, {0x69, 0x35, 0x30, 0xFF}}},
	{{{-14283, 229, -11342}, 0, {12417, 413}, {0x5F, 0x36, 0x40, 0xFF}}},
	{{{-14283, 229, -11342}, 0, {-15737, 413}, {0x5F, 0x36, 0x40, 0xFF}}},
	{{{-12274, 2081, -13379}, 0, {-13543, -1611}, {0xF9, 0x2D, 0x77, 0xFF}}},
	{{{-15100, 1983, -11589}, 0, {-16631, -1502}, {0x69, 0x35, 0x30, 0xFF}}},
	{{{-12089, 229, -12670}, 0, {-13341, 413}, {0xF3, 0x2C, 0x76, 0xFF}}},
	{{{-10018, 810, -10993}, 0, {-11079, -221}, {0xBC, 0x14, 0x6A, 0xFF}}},
	{{{-9488, 2104, -10993}, 0, {-10500, -1635}, {0x9D, 0x29, 0x44, 0xFF}}},
	{{{-9398, 2104, -10784}, 0, {-10402, -1635}, {0x88, 0x1D, 0x1D, 0xFF}}},
	{{{-9398, 507, -10784}, 0, {-10402, 109}, {0x87, 0x00, 0x26, 0xFF}}},
	{{{8196, 773, 14002}, 0, {8815, -182}, {0xDF, 0x5C, 0xAF, 0xFF}}},
	{{{2385, 1698, 14624}, 0, {2468, -1192}, {0xFB, 0x58, 0xA5, 0xFF}}},
	{{{8564, 1774, 14993}, 0, {9217, -1275}, {0xDE, 0x5C, 0xB0, 0xFF}}},
	{{{2366, 1006, 13954}, 0, {2447, -436}, {0xFA, 0x58, 0xA5, 0xFF}}},
	{{{-2789, 881, 14728}, 0, {-3184, -299}, {0xF0, 0x58, 0xA6, 0xFF}}},
	{{{14523, 480, 1360}, 0, {-1458, 138}, {0xA1, 0x3B, 0x3B, 0xFF}}},
	{{{12358, 1774, -2741}, 0, {3022, -1275}, {0xAC, 0x44, 0x42, 0xFF}}},
	{{{11466, 229, -2191}, 0, {2421, 413}, {0xAE, 0x47, 0x42, 0xFF}}},
	{{{15222, 1703, 1315}, 0, {-1408, -1197}, {0x9E, 0x3A, 0x38, 0xFF}}},
	{{{16119, 465, 4717}, 0, {-5124, 155}, {0x99, 0x4B, 0x07, 0xFF}}},
	{{{16887, 1488, 5110}, 0, {-5553, -962}, {0x9D, 0x4F, 0xF4, 0xFF}}},
	{{{14048, 778, 8535}, 0, {15206, 9303}, {0xB8, 0x56, 0xC4, 0xFF}}},
	{{{16887, 1488, 5110}, 0, {18307, 5562}, {0x9D, 0x4F, 0xF4, 0xFF}}},
	{{{16119, 465, 4717}, 0, {17468, 5132}, {0x99, 0x4B, 0x07, 0xFF}}},
	{{{14633, 1774, 9259}, 0, {15846, 10093}, {0xBB, 0x57, 0xC2, 0xFF}}},
	{{{10914, 954, 11339}, 0, {11783, 12366}, {0xC2, 0x59, 0xBE, 0xFF}}},
	{{{11553, 2087, 12267}, 0, {12482, 13380}, {0xC1, 0x59, 0xBF, 0xFF}}},
	{{{8196, 773, 14002}, 0, {8815, 15274}, {0xDF, 0x5C, 0xAF, 0xFF}}},
	{{{8564, 1774, 14993}, 0, {9217, 16357}, {0xDE, 0x5C, 0xB0, 0xFF}}},
	{{{12312, 92, -5829}, 0, {6395, 562}, {0x83, 0x12, 0xF8, 0xFF}}},
	{{{12358, 1774, -2741}, 0, {3022, -1275}, {0x8B, 0x2C, 0xEA, 0xFF}}},
	{{{12312, 1448, -5829}, 0, {6395, -919}, {0x81, 0x00, 0x02, 0xFF}}},
	{{{11466, 229, -2191}, 0, {2421, 413}, {0x91, 0x36, 0xE4, 0xFF}}},
	{{{-7895, 229, 4113}, 0, {-4464, 413}, {0x72, 0x38, 0xFA, 0xFF}}},
	{{{-8239, 542, 410}, 0, {-419, 71}, {0x6C, 0x3B, 0xE0, 0xFF}}},
	{{{-8949, 2009, 723}, 0, {-762, -1531}, {0x6B, 0x3A, 0xDB, 0xFF}}},
	{{{-10350, 856, -2732}, 0, {3012, -272}, {0x62, 0x2E, 0xBE, 0xFF}}},
	{{{-10861, 2308, -2393}, 0, {2641, -1858}, {0x63, 0x31, 0xC2, 0xFF}}},
	{{{-12770, 2535, -4982}, 0, {5469, -2106}, {0x55, 0x1F, 0xA7, 0xFF}}},
	{{{-12766, 714, -5387}, 0, {5912, -117}, {0x58, 0x14, 0xA6, 0xFF}}},
	{{{-7889, 525, -5062}, 0, {5557, 89}, {0xB2, 0x00, 0x64, 0xFF}}},
	{{{-6601, 672, -3721}, 0, {4093, -71}, {0xA4, 0x00, 0x58, 0xFF}}},
	{{{-7889, 1190, -5062}, 0, {5557, -637}, {0xA9, 0x00, 0x5D, 0xFF}}},
	{{{-7889, 2361, -5062}, 0, {5557, -1916}, {0xA1, 0x00, 0x54, 0xFF}}},
	{{{-5312, 1764, -2381}, 0, {2628, -1263}, {0xB3, 0x00, 0x65, 0xFF}}},
	{{{-5312, 348, -2381}, 0, {2628, 283}, {0xB5, 0x00, 0x67, 0xFF}}},
	{{{-5804, 181, 12805}, 0, {-13958, 465}, {0x8C, 0x26, 0x23, 0xFF}}},
	{{{-5779, -647, 13317}, 0, {-14518, 1370}, {0xAD, 0x5E, 0xED, 0xFF}}},
	{{{-5256, 171, 14161}, 0, {-15440, 477}, {0xBD, 0x5F, 0xCE, 0xFF}}},
	{{{-6822, -1504, 11330}, 0, {-12347, 2305}, {0xC6, 0x70, 0xF1, 0xFF}}},
	{{{-5744, 181, 7316}, 0, {-7963, 465}, {0xA7, 0x57, 0x1A, 0xFF}}},
	{{{-6799, -763, 7186}, 0, {-7821, 1496}, {0xAF, 0x60, 0x15, 0xFF}}},
	{{{-7374, 229, 4310}, 0, {-4680, 413}, {0xA3, 0x0D, 0x55, 0xFF}}},
	{{{-7374, 229, 4310}, 0, {-4680, 413}, {0xA3, 0x0D, 0x55, 0xFF}}},
	{{{-7374, -645, 4310}, 0, {-4680, 1368}, {0x9C, 0x14, 0x4C, 0xFF}}},
	{{{-6799, -763, 7186}, 0, {-7821, 1496}, {0xAF, 0x60, 0x15, 0xFF}}},
	{{{-3892, 548, 7779}, 0, {-4388, 64}, {0x11, 0x00, 0x7E, 0xFF}}},
	{{{1847, 498, 7002}, 0, {1880, 118}, {0x25, 0x00, 0x7A, 0xFF}}},
	{{{1847, 937, 7002}, 0, {1880, -360}, {0x24, 0x00, 0x7A, 0xFF}}},
	{{{10645, 92, -5829}, 0, {11490, 562}, {0x37, 0x6B, 0x28, 0xFF}}},
	{{{10645, 1311, -5829}, 0, {11490, -769}, {0x5A, 0x02, 0x59, 0xFF}}},
	{{{10046, 489, -5848}, 0, {10835, 129}, {0x27, 0x37, 0x6C, 0xFF}}},
	{{{12480, 229, -6435}, 0, {7056, 413}, {0xCE, 0x74, 0xFD, 0xFF}}},
	{{{12312, 1448, -5829}, 0, {6395, -919}, {0x86, 0x00, 0xDE, 0xFF}}},
	{{{12480, 1585, -6435}, 0, {7056, -1068}, {0x86, 0x00, 0xDE, 0xFF}}},
	{{{12312, 92, -5829}, 0, {6395, 562}, {0xCF, 0x75, 0x00, 0xFF}}},
	{{{10813, 229, -6435}, 0, {7056, 413}, {0x33, 0x71, 0x1A, 0xFF}}},
	{{{10645, 1311, -5829}, 0, {6395, -769}, {0x5A, 0x02, 0x59, 0xFF}}},
	{{{10645, 92, -5829}, 0, {6395, 562}, {0x37, 0x6B, 0x28, 0xFF}}},
	{{{10813, 1447, -6435}, 0, {7056, -918}, {0x7F, 0xFF, 0x06, 0xFF}}},
	{{{10146, 2678, -5446}, 0, {5977, -2262}, {0x5B, 0x01, 0x59, 0xFF}}},
	{{{10047, 3291, -5872}, 0, {6441, -2931}, {0x72, 0x24, 0x2A, 0xFF}}},
	{{{11382, 3155, -8014}, 0, {8782, -2784}, {0x6B, 0xCA, 0xD6, 0xFF}}},
	{{{-572, 4613, -6487}, 0, {-762, -4375}, {0xDF, 0x20, 0x76, 0xFF}}},
	{{{-572, 6585, -6684}, 0, {-762, -6529}, {0xE6, 0x0C, 0x7C, 0xFF}}},
	{{{-1903, 5654, -6873}, 0, {-2215, -5513}, {0xE6, 0x0C, 0x7C, 0xFF}}},
	{{{-2305, 4007, -6804}, 0, {-2655, -3713}, {0xD9, 0x2E, 0x70, 0xFF}}},
	{{{-857, 2950, -5608}, 0, {-1073, -2559}, {0xD6, 0x3C, 0x68, 0xFF}}},
	{{{-2811, 3501, -6749}, 0, {-3208, -3161}, {0xD3, 0x39, 0x68, 0xFF}}},
	{{{7728, 4697, -4099}, 0, {4505, -4467}, {0x96, 0x32, 0x31, 0xFF}}},
	{{{8676, 6296, -3695}, 0, {4064, -6214}, {0x96, 0x33, 0x2E, 0xFF}}},
	{{{8153, 6234, -4827}, 0, {5301, -6146}, {0x96, 0x34, 0x2F, 0xFF}}},
	{{{7472, 4671, -4627}, 0, {5081, -4439}, {0x9E, 0x20, 0x4A, 0xFF}}},
	{{{7038, 2863, -3858}, 0, {4241, -2464}, {0xCC, 0x4B, 0x58, 0xFF}}},
	{{{7001, 3752, -4662}, 0, {5120, -3435}, {0xC5, 0x46, 0x58, 0xFF}}},
	{{{-11113, 4226, -9379}, 0, {-12276, -3953}, {0xAF, 0x20, 0xA4, 0xFF}}},
	{{{-10107, 5899, -8975}, 0, {-11177, -5780}, {0xAF, 0x42, 0xB8, 0xFF}}},
	{{{-9398, 4991, -10618}, 0, {-10402, -4788}, {0xEE, 0x11, 0x84, 0xFF}}},
	{{{-9398, 2104, -10618}, 0, {-10402, -1635}, {0x12, 0x00, 0x82, 0xFF}}},
	{{{-7913, 3242, -9379}, 0, {-8780, -2878}, {0x3A, 0xF9, 0x8F, 0xFF}}},
	{{{-7421, 4991, -9379}, 0, {-8242, -4788}, {0x1A, 0xF9, 0x84, 0xFF}}},
	{{{-5458, 4485, -9379}, 0, {-6099, -4236}, {0x00, 0x00, 0x81, 0xFF}}},
	{{{-5458, 5846, -9379}, 0, {-6099, -5723}, {0x00, 0x00, 0x81, 0xFF}}},
	{{{-6799, -763, 7186}, 0, {-7563, 7830}, {0xAF, 0x60, 0x15, 0xFF}}},
	{{{-7374, -645, 4310}, 0, {-8192, 4688}, {0x9C, 0x14, 0x4C, 0xFF}}},
	{{{-7895, -1563, 4113}, 0, {-8761, 4473}, {0xFA, 0x55, 0x5E, 0xFF}}},
	{{{-8473, -1715, 7351}, 0, {-9391, 8010}, {0xF9, 0x7F, 0x08, 0xFF}}},
	{{{-11469, -764, 8172}, 0, {-12664, 8906}, {0x67, 0x42, 0x21, 0xFF}}},
	{{{-8943, -1715, 10958}, 0, {-9905, 11949}, {0x17, 0x7B, 0xE9, 0xFF}}},
	{{{-11549, -278, 11312}, 0, {-12751, 12336}, {0x6C, 0x39, 0xDD, 0xFF}}},
	{{{-9277, -134, 14743}, 0, {-10270, 16083}, {0x22, 0x39, 0x94, 0xFF}}},
	{{{-5779, -647, 13317}, 0, {-6449, 14526}, {0xAD, 0x5E, 0xED, 0xFF}}},
	{{{-6822, -1504, 11330}, 0, {-7588, 12356}, {0xC6, 0x70, 0xF1, 0xFF}}},
	{{{-2474, 3762, -7496}, 0, {-2839, -8207}, {0xAC, 0x5E, 0xF4, 0xFF}}},
	{{{-2811, 3501, -6749}, 0, {-3208, -7391}, {0xA6, 0x59, 0xF7, 0xFF}}},
	{{{-2305, 4007, -6804}, 0, {-2655, -7451}, {0x96, 0x43, 0xEC, 0xFF}}},
	{{{-2070, 4100, -7546}, 0, {-2398, -8262}, {0x93, 0x3C, 0xE8, 0xFF}}},
	{{{-9398, 507, -10784}, 0, {11806, 109}, {0x87, 0x00, 0x26, 0xFF}}},
	{{{-9738, 1313, -9379}, 0, {10272, -771}, {0x87, 0x06, 0xD9, 0xFF}}},
	{{{-9398, 2104, -10784}, 0, {11806, -1635}, {0x88, 0x1D, 0x1D, 0xFF}}},
	{{{-9738, 200, -9379}, 0, {10272, 445}, {0x8F, 0x00, 0xC6, 0xFF}}},
	{{{-9398, 2104, -10618}, 0, {11625, -1635}, {0x89, 0x2B, 0xFB, 0xFF}}},
};

Gfx prince_valley_dl_terrain_2_mesh_layer_1_tri_5[] = {
	gsSPVertex(prince_valley_dl_terrain_2_mesh_layer_1_vtx_5 + 0, 32, 0),
	gsSP2Triangles(0, 1, 2, 0, 3, 4, 5, 0),
	gsSP2Triangles(6, 7, 8, 0, 9, 10, 11, 0),
	gsSP2Triangles(9, 12, 10, 0, 12, 13, 10, 0),
	gsSP2Triangles(12, 14, 13, 0, 15, 16, 17, 0),
	gsSP2Triangles(15, 18, 16, 0, 19, 16, 18, 0),
	gsSP2Triangles(16, 19, 20, 0, 19, 21, 20, 0),
	gsSP2Triangles(19, 22, 21, 0, 16, 20, 23, 0),
	gsSP2Triangles(24, 25, 26, 0, 27, 28, 29, 0),
	gsSP2Triangles(27, 30, 28, 0, 31, 30, 27, 0),
	gsSPVertex(prince_valley_dl_terrain_2_mesh_layer_1_vtx_5 + 32, 32, 0),
	gsSP2Triangles(0, 1, 2, 0, 3, 1, 0, 0),
	gsSP2Triangles(3, 4, 1, 0, 5, 1, 4, 0),
	gsSP2Triangles(5, 6, 1, 0, 7, 8, 9, 0),
	gsSP2Triangles(7, 10, 8, 0, 11, 12, 13, 0),
	gsSP2Triangles(11, 14, 12, 0, 15, 16, 17, 0),
	gsSP2Triangles(15, 18, 16, 0, 19, 20, 21, 0),
	gsSP2Triangles(19, 22, 20, 0, 23, 24, 25, 0),
	gsSP2Triangles(26, 24, 23, 0, 26, 23, 27, 0),
	gsSP2Triangles(27, 28, 26, 0, 29, 30, 31, 0),
	gsSPVertex(prince_valley_dl_terrain_2_mesh_layer_1_vtx_5 + 64, 32, 0),
	gsSP2Triangles(0, 1, 2, 0, 3, 4, 5, 0),
	gsSP2Triangles(3, 6, 4, 0, 3, 7, 6, 0),
	gsSP2Triangles(8, 9, 10, 0, 11, 8, 10, 0),
	gsSP2Triangles(10, 12, 11, 0, 13, 11, 12, 0),
	gsSP2Triangles(13, 12, 14, 0, 15, 13, 14, 0),
	gsSP2Triangles(15, 14, 16, 0, 17, 18, 19, 0),
	gsSP2Triangles(17, 20, 18, 0, 21, 22, 23, 0),
	gsSP2Triangles(21, 24, 22, 0, 25, 26, 27, 0),
	gsSP2Triangles(26, 28, 27, 0, 26, 29, 28, 0),
	gsSP2Triangles(29, 30, 28, 0, 31, 30, 29, 0),
	gsSPVertex(prince_valley_dl_terrain_2_mesh_layer_1_vtx_5 + 96, 32, 0),
	gsSP2Triangles(0, 1, 2, 0, 2, 3, 0, 0),
	gsSP2Triangles(2, 4, 3, 0, 5, 6, 7, 0),
	gsSP2Triangles(5, 8, 6, 0, 9, 6, 8, 0),
	gsSP2Triangles(9, 10, 6, 0, 10, 9, 11, 0),
	gsSP2Triangles(12, 11, 9, 0, 12, 13, 11, 0),
	gsSP2Triangles(13, 12, 14, 0, 13, 14, 15, 0),
	gsSP2Triangles(15, 14, 16, 0, 14, 17, 16, 0),
	gsSP2Triangles(18, 17, 14, 0, 18, 14, 19, 0),
	gsSP2Triangles(20, 18, 19, 0, 21, 18, 20, 0),
	gsSP2Triangles(21, 22, 18, 0, 13, 15, 23, 0),
	gsSP2Triangles(13, 23, 24, 0, 25, 24, 23, 0),
	gsSP2Triangles(25, 23, 26, 0, 25, 27, 24, 0),
	gsSP2Triangles(28, 27, 25, 0, 28, 25, 29, 0),
	gsSP2Triangles(25, 30, 29, 0, 30, 31, 29, 0),
	gsSPVertex(prince_valley_dl_terrain_2_mesh_layer_1_vtx_5 + 128, 32, 0),
	gsSP2Triangles(0, 1, 2, 0, 3, 4, 5, 0),
	gsSP2Triangles(3, 6, 4, 0, 6, 3, 7, 0),
	gsSP2Triangles(6, 7, 8, 0, 9, 8, 7, 0),
	gsSP2Triangles(10, 9, 7, 0, 10, 7, 11, 0),
	gsSP2Triangles(10, 11, 12, 0, 1, 13, 14, 0),
	gsSP2Triangles(5, 14, 13, 0, 5, 15, 14, 0),
	gsSP2Triangles(16, 17, 18, 0, 16, 19, 17, 0),
	gsSP2Triangles(20, 21, 22, 0, 20, 23, 21, 0),
	gsSP2Triangles(24, 25, 26, 0, 24, 27, 25, 0),
	gsSP2Triangles(27, 28, 25, 0, 27, 29, 28, 0),
	gsSP2Triangles(30, 28, 29, 0, 30, 31, 28, 0),
	gsSPVertex(prince_valley_dl_terrain_2_mesh_layer_1_vtx_5 + 160, 32, 0),
	gsSP2Triangles(0, 1, 2, 0, 0, 3, 1, 0),
	gsSP2Triangles(4, 3, 0, 0, 4, 5, 3, 0),
	gsSP2Triangles(6, 5, 4, 0, 6, 7, 5, 0),
	gsSP2Triangles(6, 8, 7, 0, 6, 9, 8, 0),
	gsSP2Triangles(10, 11, 12, 0, 10, 13, 11, 0),
	gsSP2Triangles(14, 15, 16, 0, 14, 17, 15, 0),
	gsSP2Triangles(17, 18, 15, 0, 17, 19, 18, 0),
	gsSP2Triangles(19, 20, 18, 0, 19, 21, 20, 0),
	gsSP2Triangles(21, 22, 20, 0, 21, 23, 22, 0),
	gsSP2Triangles(24, 25, 26, 0, 24, 27, 25, 0),
	gsSP2Triangles(28, 29, 30, 0, 28, 31, 29, 0),
	gsSPVertex(prince_valley_dl_terrain_2_mesh_layer_1_vtx_5 + 192, 32, 0),
	gsSP2Triangles(0, 1, 2, 0, 0, 3, 1, 0),
	gsSP2Triangles(4, 5, 6, 0, 4, 7, 5, 0),
	gsSP2Triangles(8, 7, 4, 0, 8, 9, 7, 0),
	gsSP2Triangles(10, 11, 12, 0, 11, 13, 12, 0),
	gsSP2Triangles(14, 15, 16, 0, 14, 17, 15, 0),
	gsSP2Triangles(14, 18, 17, 0, 14, 19, 18, 0),
	gsSP2Triangles(20, 21, 22, 0, 20, 23, 21, 0),
	gsSP2Triangles(20, 24, 23, 0, 20, 25, 24, 0),
	gsSP2Triangles(23, 24, 26, 0, 23, 26, 27, 0),
	gsSP2Triangles(21, 23, 27, 0, 28, 29, 30, 0),
	gsSP1Triangle(30, 29, 31, 0),
	gsSPVertex(prince_valley_dl_terrain_2_mesh_layer_1_vtx_5 + 224, 32, 0),
	gsSP2Triangles(0, 1, 2, 0, 3, 4, 5, 0),
	gsSP2Triangles(3, 6, 4, 0, 7, 8, 9, 0),
	gsSP2Triangles(7, 10, 8, 0, 10, 11, 8, 0),
	gsSP2Triangles(10, 12, 11, 0, 13, 14, 15, 0),
	gsSP2Triangles(13, 16, 14, 0, 17, 14, 16, 0),
	gsSP2Triangles(17, 18, 14, 0, 17, 19, 18, 0),
	gsSP2Triangles(17, 20, 19, 0, 21, 22, 23, 0),
	gsSP2Triangles(21, 24, 22, 0, 24, 25, 22, 0),
	gsSP2Triangles(26, 27, 28, 0, 26, 29, 27, 0),
	gsSP2Triangles(30, 29, 26, 0, 30, 31, 29, 0),
	gsSPVertex(prince_valley_dl_terrain_2_mesh_layer_1_vtx_5 + 256, 32, 0),
	gsSP2Triangles(0, 1, 2, 0, 0, 3, 1, 0),
	gsSP2Triangles(4, 3, 0, 0, 4, 5, 3, 0),
	gsSP2Triangles(6, 5, 4, 0, 6, 7, 5, 0),
	gsSP2Triangles(8, 9, 10, 0, 8, 11, 9, 0),
	gsSP2Triangles(12, 13, 14, 0, 15, 14, 13, 0),
	gsSP2Triangles(15, 16, 14, 0, 15, 17, 16, 0),
	gsSP2Triangles(15, 18, 17, 0, 19, 20, 21, 0),
	gsSP2Triangles(21, 20, 22, 0, 22, 20, 23, 0),
	gsSP2Triangles(20, 24, 23, 0, 25, 26, 27, 0),
	gsSP2Triangles(25, 28, 26, 0, 29, 28, 25, 0),
	gsSP2Triangles(29, 30, 28, 0, 31, 30, 29, 0),
	gsSPVertex(prince_valley_dl_terrain_2_mesh_layer_1_vtx_5 + 288, 32, 0),
	gsSP2Triangles(0, 1, 2, 0, 3, 4, 5, 0),
	gsSP2Triangles(6, 7, 8, 0, 9, 10, 11, 0),
	gsSP2Triangles(9, 12, 10, 0, 13, 14, 15, 0),
	gsSP2Triangles(13, 16, 14, 0, 16, 17, 14, 0),
	gsSP2Triangles(16, 18, 17, 0, 19, 18, 16, 0),
	gsSP2Triangles(20, 21, 22, 0, 20, 22, 23, 0),
	gsSP2Triangles(23, 24, 20, 0, 23, 25, 24, 0),
	gsSP2Triangles(26, 27, 28, 0, 26, 28, 29, 0),
	gsSP2Triangles(26, 29, 30, 0, 29, 31, 30, 0),
	gsSPVertex(prince_valley_dl_terrain_2_mesh_layer_1_vtx_5 + 320, 27, 0),
	gsSP2Triangles(0, 1, 2, 0, 0, 2, 3, 0),
	gsSP2Triangles(4, 3, 2, 0, 4, 2, 5, 0),
	gsSP2Triangles(5, 6, 4, 0, 5, 7, 6, 0),
	gsSP2Triangles(8, 9, 10, 0, 8, 10, 11, 0),
	gsSP2Triangles(11, 10, 12, 0, 11, 12, 13, 0),
	gsSP2Triangles(13, 12, 14, 0, 13, 14, 15, 0),
	gsSP2Triangles(13, 15, 16, 0, 13, 16, 17, 0),
	gsSP2Triangles(11, 13, 17, 0, 11, 17, 8, 0),
	gsSP2Triangles(18, 19, 20, 0, 18, 20, 21, 0),
	gsSP2Triangles(22, 23, 24, 0, 22, 25, 23, 0),
	gsSP1Triangle(24, 23, 26, 0),
	gsSPEndDisplayList(),
};

Vtx prince_valley_dl_terrain_2_mesh_layer_1_vtx_6[132] = {
	{{{1390, 3102, -4660}, 0, {5118, -2725}, {0x73, 0xCA, 0xFA, 0xFF}}},
	{{{379, 1044, -5337}, 0, {5857, -477}, {0x73, 0xCA, 0xFA, 0xFF}}},
	{{{1390, 3134, -4950}, 0, {5435, -2760}, {0x73, 0xCA, 0xFA, 0xFF}}},
	{{{-3656, 3876, -6888}, 0, {7551, -3571}, {0x97, 0xD7, 0x3B, 0xFF}}},
	{{{-4833, 6659, -7039}, 0, {7716, -6611}, {0x97, 0xD7, 0x3B, 0xFF}}},
	{{{-4611, 4664, -8034}, 0, {8803, -4431}, {0x97, 0xD7, 0x3B, 0xFF}}},
	{{{7253, 977, 10580}, 0, {7785, -404}, {0x4D, 0x00, 0x65, 0xFF}}},
	{{{6204, 843, 10896}, 0, {6639, -258}, {0x25, 0x00, 0x7A, 0xFF}}},
	{{{7253, 703, 10580}, 0, {7785, -105}, {0x4C, 0x00, 0x66, 0xFF}}},
	{{{10047, 3291, -5872}, 0, {6441, -2931}, {0x72, 0x24, 0x2A, 0xFF}}},
	{{{9490, 3888, -4634}, 0, {5089, -3584}, {0x30, 0xE0, 0x71, 0xFF}}},
	{{{10146, 2678, -5446}, 0, {5977, -2262}, {0x5B, 0x01, 0x59, 0xFF}}},
	{{{8038, 229, -4151}, 0, {8642, 413}, {0x4C, 0x19, 0x63, 0xFF}}},
	{{{9037, 229, -4922}, 0, {9734, 413}, {0x4C, 0x19, 0x63, 0xFF}}},
	{{{7728, 979, -4099}, 0, {8304, -406}, {0x44, 0x11, 0x6A, 0xFF}}},
	{{{1390, 3102, -4660}, 0, {1381, -2725}, {0xFF, 0xD9, 0x79, 0xFF}}},
	{{{82, 3141, -4659}, 0, {-48, -2768}, {0x0B, 0xE8, 0x7C, 0xFF}}},
	{{{379, 1044, -5337}, 0, {277, -477}, {0x39, 0xF0, 0x70, 0xFF}}},
	{{{7253, 703, 10580}, 0, {-11528, -105}, {0x4C, 0x00, 0x66, 0xFF}}},
	{{{8372, 914, 8909}, 0, {-9702, -335}, {0x6A, 0x00, 0x47, 0xFF}}},
	{{{7253, 977, 10580}, 0, {-11528, -404}, {0x4D, 0x00, 0x65, 0xFF}}},
	{{{-11208, 229, -7534}, 0, {8257, 413}, {0x81, 0x00, 0x04, 0xFF}}},
	{{{-9738, 1313, -9379}, 0, {10272, -771}, {0x87, 0x06, 0xD9, 0xFF}}},
	{{{-9738, 200, -9379}, 0, {10272, 445}, {0x8F, 0x00, 0xC6, 0xFF}}},
	{{{-11208, 1313, -7534}, 0, {8257, -771}, {0x81, 0x00, 0x05, 0xFF}}},
	{{{-9905, 377, -6254}, 0, {-10956, 251}, {0xB2, 0x00, 0x64, 0xFF}}},
	{{{-11208, 1313, -7534}, 0, {-12379, -771}, {0x81, 0x00, 0x05, 0xFF}}},
	{{{-11208, 229, -7534}, 0, {-12379, 413}, {0x81, 0x00, 0x04, 0xFF}}},
	{{{-9905, 1190, -6254}, 0, {-10956, -637}, {0xB2, 0x00, 0x64, 0xFF}}},
	{{{-7889, 525, -5062}, 0, {-8754, 89}, {0xB2, 0x00, 0x64, 0xFF}}},
	{{{-7889, 1190, -5062}, 0, {-8754, -637}, {0xA9, 0x00, 0x5D, 0xFF}}},
	{{{1390, 3134, -4950}, 0, {1381, -2760}, {0x03, 0xF3, 0x7E, 0xFF}}},
	{{{379, 1044, -5337}, 0, {277, -477}, {0x39, 0xF0, 0x70, 0xFF}}},
	{{{1009, 1214, -5599}, 0, {965, -663}, {0x17, 0xE8, 0x7B, 0xFF}}},
	{{{734, -1089, -5624}, 0, {665, 1852}, {0x23, 0x00, 0x7A, 0xFF}}},
	{{{5572, 4227, -4998}, 0, {5948, -3954}, {0x6D, 0x08, 0x42, 0xFF}}},
	{{{7001, 3752, -4662}, 0, {7509, -3435}, {0xC5, 0x46, 0x58, 0xFF}}},
	{{{6990, 4011, -4896}, 0, {7497, -3718}, {0xAA, 0x3C, 0x47, 0xFF}}},
	{{{5477, 3694, -4807}, 0, {5845, -3371}, {0x0E, 0x2D, 0x76, 0xFF}}},
	{{{5610, 4474, -5009}, 0, {5990, -4223}, {0x26, 0xE6, 0x76, 0xFF}}},
	{{{5256, 4969, -4807}, 0, {5604, -4764}, {0x36, 0xF2, 0x72, 0xFF}}},
	{{{7472, 4671, -4627}, 0, {8024, -4439}, {0x9E, 0x20, 0x4A, 0xFF}}},
	{{{7028, 4257, -4907}, 0, {7539, -3987}, {0xBB, 0xF8, 0x6B, 0xFF}}},
	{{{7401, 229, -7325}, 0, {7946, 413}, {0x00, 0x00, 0x81, 0xFF}}},
	{{{10349, 1447, -7332}, 0, {11167, -918}, {0x35, 0xDB, 0x92, 0xFF}}},
	{{{10349, 229, -7332}, 0, {11167, 413}, {0x42, 0x00, 0x93, 0xFF}}},
	{{{7401, 1783, -7325}, 0, {7946, -1284}, {0x00, 0x00, 0x81, 0xFF}}},
	{{{7401, 3210, -7325}, 0, {7946, -2844}, {0xF5, 0xEE, 0x83, 0xFF}}},
	{{{11030, 3155, -8247}, 0, {11911, -2784}, {0x17, 0xBE, 0x96, 0xFF}}},
	{{{10645, 1311, -5829}, 0, {11490, -769}, {0x5A, 0x02, 0x59, 0xFF}}},
	{{{9032, 750, -5424}, 0, {9728, -156}, {0x3D, 0xFA, 0x6F, 0xFF}}},
	{{{10046, 489, -5848}, 0, {10835, 129}, {0x27, 0x37, 0x6C, 0xFF}}},
	{{{9032, 2161, -5424}, 0, {9728, -1697}, {0x3A, 0xE4, 0x6E, 0xFF}}},
	{{{10146, 2678, -5446}, 0, {10945, -2262}, {0x5B, 0x01, 0x59, 0xFF}}},
	{{{9490, 3888, -4634}, 0, {10229, -3584}, {0x30, 0xE0, 0x71, 0xFF}}},
	{{{7728, 2481, -4099}, 0, {8304, -2048}, {0x3A, 0xF7, 0x70, 0xFF}}},
	{{{7728, 4697, -4099}, 0, {8304, -4467}, {0x1C, 0xEB, 0x7A, 0xFF}}},
	{{{8676, 6296, -3695}, 0, {9339, -6214}, {0x12, 0xD8, 0x77, 0xFF}}},
	{{{10438, 5488, -4230}, 0, {11264, -5331}, {0x12, 0xD8, 0x77, 0xFF}}},
	{{{11382, 3155, -8014}, 0, {8782, -2784}, {0x6B, 0xCA, 0xD6, 0xFF}}},
	{{{10349, 1447, -7332}, 0, {8036, -918}, {0x35, 0xDB, 0x92, 0xFF}}},
	{{{11030, 3155, -8247}, 0, {9035, -2784}, {0x17, 0xBE, 0x96, 0xFF}}},
	{{{10813, 1447, -6435}, 0, {7056, -918}, {0x7F, 0xFF, 0x06, 0xFF}}},
	{{{10813, 229, -6435}, 0, {7056, 413}, {0x71, 0x00, 0xC6, 0xFF}}},
	{{{10349, 1447, -7332}, 0, {8036, -918}, {0x35, 0xDB, 0x92, 0xFF}}},
	{{{10813, 1447, -6435}, 0, {7056, -918}, {0x7F, 0xFF, 0x06, 0xFF}}},
	{{{10349, 229, -7332}, 0, {8036, 413}, {0x42, 0x00, 0x93, 0xFF}}},
	{{{9032, 2161, -5424}, 0, {5953, -1697}, {0x3A, 0xE4, 0x6E, 0xFF}}},
	{{{7728, 979, -4099}, 0, {4505, -406}, {0x44, 0x11, 0x6A, 0xFF}}},
	{{{9032, 750, -5424}, 0, {5953, -156}, {0x3D, 0xFA, 0x6F, 0xFF}}},
	{{{7728, 2481, -4099}, 0, {4505, -2048}, {0x3A, 0xF7, 0x70, 0xFF}}},
	{{{5610, 4474, -5009}, 0, {5499, -4223}, {0x7D, 0xEC, 0x00, 0xFF}}},
	{{{5572, 4227, -5365}, 0, {5888, -3954}, {0x7D, 0xEC, 0x00, 0xFF}}},
	{{{5610, 4474, -5376}, 0, {5900, -4223}, {0x7D, 0xEC, 0x00, 0xFF}}},
	{{{5572, 4227, -4998}, 0, {5487, -3954}, {0x7D, 0xEC, 0x00, 0xFF}}},
	{{{7028, 4257, -5274}, 0, {7539, -3987}, {0xF8, 0x07, 0x7F, 0xFF}}},
	{{{5572, 4227, -5365}, 0, {5948, -3954}, {0xF8, 0x07, 0x7F, 0xFF}}},
	{{{6990, 4011, -5263}, 0, {7497, -3718}, {0xF8, 0x07, 0x7F, 0xFF}}},
	{{{5610, 4474, -5376}, 0, {5990, -4223}, {0xF8, 0x07, 0x7F, 0xFF}}},
	{{{5572, 4227, -4998}, 0, {5948, -5479}, {0x13, 0x7E, 0x00, 0xFF}}},
	{{{6990, 4011, -5263}, 0, {7497, -5768}, {0xB6, 0x67, 0x00, 0xFF}}},
	{{{5572, 4227, -5365}, 0, {5948, -5880}, {0x13, 0x7E, 0x00, 0xFF}}},
	{{{6990, 4011, -4896}, 0, {7497, -5367}, {0xB4, 0x66, 0x00, 0xFF}}},
	{{{7028, 4257, -4907}, 0, {5387, -3987}, {0x83, 0x14, 0x00, 0xFF}}},
	{{{6990, 4011, -5263}, 0, {5777, -3718}, {0xB6, 0x67, 0x00, 0xFF}}},
	{{{6990, 4011, -4896}, 0, {5376, -3718}, {0xB4, 0x66, 0x00, 0xFF}}},
	{{{7028, 4257, -5274}, 0, {5788, -3987}, {0x83, 0x14, 0x00, 0xFF}}},
	{{{5610, 4474, -5009}, 0, {5990, -5490}, {0xED, 0x82, 0x00, 0xFF}}},
	{{{7028, 4257, -5274}, 0, {7539, -5780}, {0xED, 0x82, 0x00, 0xFF}}},
	{{{7028, 4257, -4907}, 0, {7539, -5379}, {0xED, 0x82, 0x00, 0xFF}}},
	{{{5610, 4474, -5376}, 0, {5990, -5891}, {0xED, 0x82, 0x00, 0xFF}}},
	{{{-4611, 4664, -8034}, 0, {8803, -4431}, {0x71, 0xF7, 0x39, 0xFF}}},
	{{{-5607, 5753, -5884}, 0, {6455, -5620}, {0x63, 0xFA, 0x50, 0xFF}}},
	{{{-5607, 4081, -5884}, 0, {6455, -3795}, {0x45, 0x00, 0x6B, 0xFF}}},
	{{{-4833, 6659, -7039}, 0, {7716, -6611}, {0x6E, 0xEE, 0x3C, 0xFF}}},
	{{{-9902, 2585, -7534}, 0, {8257, -2160}, {0x9D, 0xB1, 0xFA, 0xFF}}},
	{{{-11113, 4226, -9379}, 0, {10272, -3953}, {0x9D, 0xB0, 0xFA, 0xFF}}},
	{{{-9398, 2104, -10618}, 0, {11625, -1635}, {0x9C, 0xB2, 0xFC, 0xFF}}},
	{{{-11570, 4589, -7513}, 0, {8234, -4349}, {0x9F, 0xAF, 0xF8, 0xFF}}},
	{{{-9738, 1313, -9379}, 0, {10272, -771}, {0x87, 0x06, 0xD9, 0xFF}}},
	{{{-9902, 2585, -7534}, 0, {8257, -2160}, {0x92, 0xF0, 0x3E, 0xFF}}},
	{{{-9398, 2104, -10618}, 0, {11625, -1635}, {0x89, 0x2B, 0xFB, 0xFF}}},
	{{{-9902, 1313, -7534}, 0, {8257, -771}, {0x86, 0x00, 0x25, 0xFF}}},
	{{{-9077, 2655, -6451}, 0, {7074, -2237}, {0xA0, 0xF6, 0x52, 0xFF}}},
	{{{-9077, 1190, -6451}, 0, {7074, -637}, {0x9D, 0x00, 0x50, 0xFF}}},
	{{{-7889, 2361, -5062}, 0, {5557, -1916}, {0xA1, 0x00, 0x54, 0xFF}}},
	{{{-7889, 1190, -5062}, 0, {5557, -637}, {0xA9, 0x00, 0x5D, 0xFF}}},
	{{{-7889, 2655, -5062}, 0, {5557, -2237}, {0x9F, 0x00, 0x53, 0xFF}}},
	{{{-8398, 3983, -5657}, 0, {6207, -3688}, {0xAC, 0xE1, 0x5A, 0xFF}}},
	{{{-7889, 3988, -5062}, 0, {5557, -3693}, {0xA3, 0xE0, 0x50, 0xFF}}},
	{{{-8250, 4976, -4646}, 0, {5103, -4773}, {0xA9, 0xC5, 0x47, 0xFF}}},
	{{{-9122, 4991, -5739}, 0, {6296, -4788}, {0xB4, 0xD5, 0x5C, 0xFF}}},
	{{{6416, 191, 3549}, 0, {-3849, 454}, {0x7A, 0x00, 0x22, 0xFF}}},
	{{{5167, 573, 5405}, 0, {-5876, 37}, {0x53, 0x00, 0x60, 0xFF}}},
	{{{5167, 318, 5405}, 0, {-5876, 315}, {0x54, 0x00, 0x5F, 0xFF}}},
	{{{6416, 754, 3549}, 0, {-3849, -160}, {0x79, 0x00, 0x27, 0xFF}}},
	{{{6414, 661, 3224}, 0, {-3494, -59}, {0x7F, 0x00, 0xFF, 0xFF}}},
	{{{6414, 151, 3224}, 0, {-3494, 498}, {0x7F, 0x00, 0xFF, 0xFF}}},
	{{{1847, 498, 7002}, 0, {1880, 118}, {0x25, 0x00, 0x7A, 0xFF}}},
	{{{5167, 573, 5405}, 0, {5507, 37}, {0x53, 0x00, 0x60, 0xFF}}},
	{{{1847, 937, 7002}, 0, {1880, -360}, {0x24, 0x00, 0x7A, 0xFF}}},
	{{{5167, 318, 5405}, 0, {5507, 315}, {0x54, 0x00, 0x5F, 0xFF}}},
	{{{7001, 3752, -4662}, 0, {5120, -3435}, {0xC5, 0x46, 0x58, 0xFF}}},
	{{{7028, 4257, -4907}, 0, {5387, -3987}, {0xBB, 0xF8, 0x6B, 0xFF}}},
	{{{6990, 4011, -4896}, 0, {5376, -3718}, {0xAA, 0x3C, 0x47, 0xFF}}},
	{{{7472, 4671, -4627}, 0, {5081, -4439}, {0x9E, 0x20, 0x4A, 0xFF}}},
	{{{-9122, 4991, -5739}, 0, {-10101, -4788}, {0xB4, 0xD5, 0x5C, 0xFF}}},
	{{{-10625, 6187, -6458}, 0, {-11742, -6095}, {0xBA, 0xE6, 0x67, 0xFF}}},
	{{{-11570, 4589, -7513}, 0, {-12775, -4349}, {0xBE, 0xD5, 0x64, 0xFF}}},
	{{{-9902, 2585, -7534}, 0, {-10952, -2160}, {0x92, 0xF0, 0x3E, 0xFF}}},
	{{{-9077, 2655, -6451}, 0, {-10052, -2237}, {0xA0, 0xF6, 0x52, 0xFF}}},
	{{{-8398, 3983, -5657}, 0, {-9310, -3688}, {0xAC, 0xE1, 0x5A, 0xFF}}},
};

Gfx prince_valley_dl_terrain_2_mesh_layer_1_tri_6[] = {
	gsSPVertex(prince_valley_dl_terrain_2_mesh_layer_1_vtx_6 + 0, 31, 0),
	gsSP2Triangles(0, 1, 2, 0, 3, 4, 5, 0),
	gsSP2Triangles(6, 7, 8, 0, 9, 10, 11, 0),
	gsSP2Triangles(12, 13, 14, 0, 15, 16, 17, 0),
	gsSP2Triangles(18, 19, 20, 0, 21, 22, 23, 0),
	gsSP2Triangles(21, 24, 22, 0, 25, 26, 27, 0),
	gsSP2Triangles(25, 28, 26, 0, 29, 28, 25, 0),
	gsSP1Triangle(29, 30, 28, 0),
	gsSPVertex(prince_valley_dl_terrain_2_mesh_layer_1_vtx_6 + 31, 32, 0),
	gsSP2Triangles(0, 1, 2, 0, 3, 2, 1, 0),
	gsSP2Triangles(4, 5, 6, 0, 4, 7, 5, 0),
	gsSP2Triangles(8, 7, 4, 0, 8, 9, 7, 0),
	gsSP2Triangles(10, 9, 8, 0, 10, 8, 11, 0),
	gsSP2Triangles(12, 13, 14, 0, 12, 15, 13, 0),
	gsSP2Triangles(13, 15, 16, 0, 17, 13, 16, 0),
	gsSP2Triangles(18, 19, 20, 0, 18, 21, 19, 0),
	gsSP2Triangles(21, 18, 22, 0, 23, 21, 22, 0),
	gsSP2Triangles(23, 24, 21, 0, 23, 25, 24, 0),
	gsSP2Triangles(23, 26, 25, 0, 23, 27, 26, 0),
	gsSP2Triangles(28, 29, 30, 0, 28, 31, 29, 0),
	gsSPVertex(prince_valley_dl_terrain_2_mesh_layer_1_vtx_6 + 63, 32, 0),
	gsSP2Triangles(0, 1, 2, 0, 0, 3, 1, 0),
	gsSP2Triangles(4, 5, 6, 0, 4, 7, 5, 0),
	gsSP2Triangles(8, 9, 10, 0, 8, 11, 9, 0),
	gsSP2Triangles(12, 13, 14, 0, 12, 15, 13, 0),
	gsSP2Triangles(16, 17, 18, 0, 16, 19, 17, 0),
	gsSP2Triangles(20, 21, 22, 0, 20, 23, 21, 0),
	gsSP2Triangles(24, 25, 26, 0, 24, 27, 25, 0),
	gsSP2Triangles(28, 29, 30, 0, 28, 31, 29, 0),
	gsSPVertex(prince_valley_dl_terrain_2_mesh_layer_1_vtx_6 + 95, 31, 0),
	gsSP2Triangles(0, 1, 2, 0, 0, 3, 1, 0),
	gsSP2Triangles(4, 5, 6, 0, 4, 7, 5, 0),
	gsSP2Triangles(7, 8, 5, 0, 7, 9, 8, 0),
	gsSP2Triangles(9, 10, 8, 0, 9, 11, 10, 0),
	gsSP2Triangles(10, 12, 8, 0, 12, 13, 8, 0),
	gsSP2Triangles(12, 14, 13, 0, 13, 14, 15, 0),
	gsSP2Triangles(13, 15, 16, 0, 17, 18, 19, 0),
	gsSP2Triangles(17, 20, 18, 0, 21, 20, 17, 0),
	gsSP2Triangles(21, 17, 22, 0, 23, 24, 25, 0),
	gsSP2Triangles(23, 26, 24, 0, 27, 28, 29, 0),
	gsSP1Triangle(27, 30, 28, 0),
	gsSPVertex(prince_valley_dl_terrain_2_mesh_layer_1_vtx_6 + 126, 6, 0),
	gsSP2Triangles(0, 1, 2, 0, 0, 2, 3, 0),
	gsSP2Triangles(4, 0, 3, 0, 4, 5, 0, 0),
	gsSPEndDisplayList(),
};

Vtx prince_valley_dl_terrain_2_mesh_layer_1_vtx_7[9] = {
	{{{-6519, 4009, -10611}, 0, {-7257, -11609}, {0xC4, 0x70, 0x02, 0xFF}}},
	{{{-7913, 3242, -9379}, 0, {-8780, -10263}, {0xBD, 0x6C, 0x01, 0xFF}}},
	{{{-5458, 4485, -9379}, 0, {-6099, -10263}, {0xC7, 0x71, 0x06, 0xFF}}},
	{{{-7913, 3242, -10791}, 0, {-8780, -11806}, {0xBB, 0x6B, 0x01, 0xFF}}},
	{{{-7913, 3242, -12222}, 0, {-8780, -13369}, {0xBE, 0x6D, 0x00, 0xFF}}},
	{{{-6519, 4009, -12812}, 0, {-7257, -14014}, {0xC3, 0x6F, 0x00, 0xFF}}},
	{{{-9488, 2104, -10993}, 0, {-10500, -12027}, {0xB5, 0x64, 0x14, 0xFF}}},
	{{{-9398, 2104, -10784}, 0, {-10402, -11798}, {0xB4, 0x64, 0x12, 0xFF}}},
	{{{-9398, 2104, -10618}, 0, {-10402, -11617}, {0xB3, 0x65, 0x00, 0xFF}}},
};

Gfx prince_valley_dl_terrain_2_mesh_layer_1_tri_7[] = {
	gsSPVertex(prince_valley_dl_terrain_2_mesh_layer_1_vtx_7 + 0, 9, 0),
	gsSP2Triangles(0, 1, 2, 0, 0, 3, 1, 0),
	gsSP2Triangles(0, 4, 3, 0, 0, 5, 4, 0),
	gsSP2Triangles(3, 4, 6, 0, 3, 6, 7, 0),
	gsSP2Triangles(3, 7, 8, 0, 3, 8, 1, 0),
	gsSPEndDisplayList(),
};

Vtx prince_valley_dl_terrain_2_mesh_layer_1_vtx_8[193] = {
	{{{-4521, 2418, -9145}, 0, {-5075, -1978}, {0x1F, 0x00, 0x85, 0xFF}}},
	{{{-5458, 2525, -9379}, 0, {-6099, -2095}, {0x43, 0x00, 0x94, 0xFF}}},
	{{{-5458, 4485, -9379}, 0, {-6099, -4236}, {0x53, 0x00, 0xA0, 0xFF}}},
	{{{-6519, 3065, -12318}, 0, {-7257, -13474}, {0x00, 0x7F, 0x02, 0xFF}}},
	{{{-6032, 3074, -12812}, 0, {-6726, -14014}, {0x00, 0x7F, 0x02, 0xFF}}},
	{{{-6519, 3074, -12812}, 0, {-7257, -14014}, {0x00, 0x7F, 0x02, 0xFF}}},
	{{{3569, 4149, -8445}, 0, {9252, -3869}, {0x75, 0xE4, 0x29, 0xFF}}},
	{{{4638, 7543, -9160}, 0, {10033, -7576}, {0x68, 0xFC, 0x48, 0xFF}}},
	{{{3461, 4925, -7606}, 0, {8336, -4716}, {0x5F, 0xF8, 0x54, 0xFF}}},
	{{{6783, 4600, -6047}, 0, {6633, -4362}, {0x97, 0x35, 0x30, 0xFF}}},
	{{{7220, 4645, -5145}, 0, {5648, -4411}, {0x97, 0x35, 0x30, 0xFF}}},
	{{{7865, 6200, -5453}, 0, {5984, -6109}, {0x97, 0x35, 0x30, 0xFF}}},
	{{{-6519, 4973, -12812}, 0, {-7257, -14014}, {0x4E, 0x43, 0x4A, 0xFF}}},
	{{{-6269, 4723, -13722}, 0, {-6985, -15007}, {0x6A, 0x44, 0x12, 0xFF}}},
	{{{-7917, 6096, -13996}, 0, {-8785, -15307}, {0x03, 0x69, 0x47, 0xFF}}},
	{{{4755, 1246, -13073}, 0, {5056, -698}, {0x00, 0x00, 0x7F, 0xFF}}},
	{{{4245, 4313, -13073}, 0, {4500, -4048}, {0x00, 0x00, 0x7F, 0xFF}}},
	{{{4245, 257, -13073}, 0, {4500, -660}, {0x00, 0x00, 0x7F, 0xFF}}},
	{{{4755, 4930, -13073}, 0, {5056, -4722}, {0x00, 0x00, 0x7F, 0xFF}}},
	{{{4669, 229, -11572}, 0, {12668, 413}, {0x81, 0x00, 0xF8, 0xFF}}},
	{{{4636, 766, -11064}, 0, {12113, -174}, {0x90, 0x00, 0x3C, 0xFF}}},
	{{{4755, 1246, -13073}, 0, {14307, -698}, {0x81, 0xFF, 0xF8, 0xFF}}},
	{{{4636, 229, -11064}, 0, {12113, 413}, {0x93, 0x00, 0x41, 0xFF}}},
	{{{-3901, 1772, -9349}, 0, {-4399, -10231}, {0x4E, 0x59, 0xD3, 0xFF}}},
	{{{-4521, 2418, -9145}, 0, {-5075, -10008}, {0x55, 0x41, 0xBB, 0xFF}}},
	{{{-4317, 2525, -8814}, 0, {-4853, -9647}, {0x5B, 0x35, 0xB9, 0xFF}}},
	{{{-4119, 1772, -9804}, 0, {-4636, -10728}, {0x51, 0x5A, 0xD9, 0xFF}}},
	{{{-2137, 3958, -8243}, 0, {-2471, -9023}, {0xDA, 0x62, 0xB9, 0xFF}}},
	{{{-2070, 4100, -7546}, 0, {-2398, -8262}, {0x93, 0x3C, 0xE8, 0xFF}}},
	{{{-1903, 4167, -8076}, 0, {-2215, -8840}, {0xB1, 0x34, 0xAB, 0xFF}}},
	{{{-2474, 3762, -7496}, 0, {-2839, -8207}, {0xAC, 0x5E, 0xF4, 0xFF}}},
	{{{-4723, 2254, -9600}, 0, {-5296, -10505}, {0x29, 0x6D, 0xCE, 0xFF}}},
	{{{-4521, 2418, -9145}, 0, {-5075, -10008}, {0x29, 0x6A, 0xC8, 0xFF}}},
	{{{-4119, 1772, -9804}, 0, {-4636, -10728}, {0x39, 0x61, 0xC4, 0xFF}}},
	{{{-5458, 2525, -9379}, 0, {-6099, -10263}, {0x19, 0x77, 0xDB, 0xFF}}},
	{{{-5281, 2278, -10163}, 0, {-5905, -11120}, {0x11, 0x7B, 0xE6, 0xFF}}},
	{{{-6519, 2278, -10611}, 0, {-7257, -11609}, {0x03, 0x7F, 0xF8, 0xFF}}},
	{{{-5636, 2278, -10868}, 0, {-6293, -11890}, {0x00, 0x7F, 0x00, 0xFF}}},
	{{{-6519, 2278, -12101}, 0, {-7257, -13237}, {0x00, 0x7F, 0x00, 0xFF}}},
	{{{-5636, 2278, -12826}, 0, {-6293, -14029}, {0x00, 0x7F, 0x00, 0xFF}}},
	{{{-5458, 2525, -9379}, 0, {10272, -2095}, {0x43, 0x00, 0x94, 0xFF}}},
	{{{-6519, 4009, -10611}, 0, {11618, -3716}, {0x76, 0x00, 0xD0, 0xFF}}},
	{{{-5458, 4485, -9379}, 0, {10272, -4236}, {0x53, 0x00, 0xA0, 0xFF}}},
	{{{-6519, 2278, -10611}, 0, {11618, -1826}, {0x78, 0x00, 0xD6, 0xFF}}},
	{{{-6519, 3065, -12318}, 0, {13483, -2685}, {0x7F, 0x00, 0x00, 0xFF}}},
	{{{-6519, 2278, -12101}, 0, {13245, -1826}, {0x7F, 0x00, 0x00, 0xFF}}},
	{{{-6519, 4009, -12812}, 0, {14022, -3716}, {0x7F, 0x00, 0x00, 0xFF}}},
	{{{-6519, 3074, -12812}, 0, {14022, -2695}, {0x7F, 0x00, 0x00, 0xFF}}},
	{{{-6519, 2278, -12101}, 0, {-7257, -1826}, {0x52, 0x1F, 0x5B, 0xFF}}},
	{{{-6032, 3074, -12812}, 0, {-6726, -2695}, {0x52, 0x20, 0x5C, 0xFF}}},
	{{{-6519, 3065, -12318}, 0, {-7257, -2685}, {0x59, 0x18, 0x58, 0xFF}}},
	{{{-5636, 2278, -12826}, 0, {-6293, -1826}, {0x4D, 0x25, 0x5E, 0xFF}}},
	{{{3569, 4149, -8445}, 0, {9252, -3869}, {0x52, 0xCF, 0xAC, 0xFF}}},
	{{{3929, 7719, -10205}, 0, {11174, -7769}, {0x5A, 0xD1, 0xB3, 0xFF}}},
	{{{4638, 7543, -9160}, 0, {10033, -7576}, {0x5F, 0xD3, 0xB8, 0xFF}}},
	{{{2145, 4338, -9848}, 0, {10785, -4076}, {0x4E, 0xCE, 0xAA, 0xFF}}},
	{{{3929, 7719, -10205}, 0, {11174, -7769}, {0xA2, 0x2E, 0xB8, 0xFF}}},
	{{{2145, 4338, -9848}, 0, {10785, -4076}, {0xA4, 0x29, 0xB3, 0xFF}}},
	{{{895, 4802, -8108}, 0, {8884, -4582}, {0xA3, 0x2B, 0xB5, 0xFF}}},
	{{{2902, 7204, -9104}, 0, {9972, -7205}, {0xA0, 0x35, 0xC0, 0xFF}}},
	{{{2902, 7204, -9104}, 0, {3032, -9963}, {0xE9, 0x7A, 0x1A, 0xFF}}},
	{{{4638, 7543, -9160}, 0, {4929, -10024}, {0xE9, 0x7A, 0x1D, 0xFF}}},
	{{{3929, 7719, -10205}, 0, {4154, -11165}, {0xEA, 0x78, 0x23, 0xFF}}},
	{{{2902, 7204, -9104}, 0, {3032, -9963}, {0xE9, 0x7A, 0x1A, 0xFF}}},
	{{{3457, 7090, -7793}, 0, {3639, -8531}, {0xE9, 0x7B, 0x15, 0xFF}}},
	{{{4638, 7543, -9160}, 0, {4929, -10024}, {0xE9, 0x7A, 0x1D, 0xFF}}},
	{{{-4833, 6659, -7039}, 0, {-5415, -6611}, {0xB1, 0x25, 0xA4, 0xFF}}},
	{{{-3291, 4053, -9419}, 0, {-3732, -3764}, {0xB1, 0x13, 0x9F, 0xFF}}},
	{{{-4611, 4664, -8034}, 0, {-5174, -4431}, {0xAF, 0x21, 0xA4, 0xFF}}},
	{{{-4317, 2525, -8814}, 0, {-4853, -2095}, {0xB5, 0x16, 0x9C, 0xFF}}},
	{{{-3291, 2878, -9419}, 0, {-3732, -2480}, {0xC5, 0x09, 0x90, 0xFF}}},
	{{{-3901, 1772, -9349}, 0, {-4399, -1273}, {0xD3, 0x11, 0x8B, 0xFF}}},
	{{{-3291, 1772, -9419}, 0, {-3732, -1273}, {0xF1, 0x00, 0x82, 0xFF}}},
	{{{-1903, 4625, -8076}, 0, {8849, -4389}, {0x96, 0x09, 0xBB, 0xFF}}},
	{{{-2070, 4100, -7546}, 0, {8270, -3815}, {0x93, 0x3C, 0xE8, 0xFF}}},
	{{{-1903, 5654, -7202}, 0, {7895, -5513}, {0x84, 0x1A, 0xF4, 0xFF}}},
	{{{-1903, 4167, -8076}, 0, {8849, -3888}, {0xB1, 0x34, 0xAB, 0xFF}}},
	{{{-287, 7139, -8122}, 0, {-451, -8891}, {0x42, 0x6C, 0x0C, 0xFF}}},
	{{{321, 6618, -6803}, 0, {213, -7450}, {0x43, 0x6B, 0x0B, 0xFF}}},
	{{{871, 6474, -8102}, 0, {814, -8869}, {0x3F, 0x6E, 0x0E, 0xFF}}},
	{{{-497, 7139, -6544}, 0, {-680, -7167}, {0x46, 0x69, 0x09, 0xFF}}},
	{{{871, 6474, -8102}, 0, {8878, -6409}, {0x76, 0xFB, 0x2E, 0xFF}}},
	{{{321, 5290, -6803}, 0, {7459, -5115}, {0x77, 0xFB, 0x2D, 0xFF}}},
	{{{674, 4909, -7914}, 0, {8672, -4699}, {0x78, 0xF6, 0x2A, 0xFF}}},
	{{{321, 6618, -6803}, 0, {7459, -6566}, {0x75, 0x00, 0x32, 0xFF}}},
	{{{2902, 7204, -9104}, 0, {3032, -9963}, {0xAD, 0x55, 0x2D, 0xFF}}},
	{{{1804, 4923, -6803}, 0, {1833, -7450}, {0xAF, 0x56, 0x2F, 0xFF}}},
	{{{3457, 7090, -7793}, 0, {3639, -8531}, {0xAB, 0x54, 0x2B, 0xFF}}},
	{{{895, 4802, -8108}, 0, {840, -8875}, {0xB0, 0x57, 0x30, 0xFF}}},
	{{{-2137, 2967, -8243}, 0, {-2471, -2578}, {0xC5, 0x61, 0xC8, 0xFF}}},
	{{{-1128, 3055, -8708}, 0, {-1369, -2674}, {0xCB, 0x00, 0x8D, 0xFF}}},
	{{{-1128, 2878, -8708}, 0, {-1369, -2480}, {0xE0, 0x60, 0xB3, 0xFF}}},
	{{{-2137, 3958, -8243}, 0, {-2471, -3660}, {0x9F, 0x00, 0xAE, 0xFF}}},
	{{{-287, 7139, -8122}, 0, {-451, -7135}, {0xF3, 0xEF, 0x83, 0xFF}}},
	{{{674, 4909, -7914}, 0, {599, -4699}, {0xF1, 0xEE, 0x83, 0xFF}}},
	{{{-1084, 4739, -7621}, 0, {-1322, -4514}, {0xED, 0xEC, 0x84, 0xFF}}},
	{{{871, 6474, -8102}, 0, {814, -6409}, {0xFA, 0xF2, 0x82, 0xFF}}},
	{{{6783, 4600, -6047}, 0, {7271, -4362}, {0xF5, 0x2D, 0x8A, 0xFF}}},
	{{{10000, 5322, -6074}, 0, {10785, -5150}, {0xF5, 0x2C, 0x8A, 0xFF}}},
	{{{8689, 3155, -6668}, 0, {9354, -2784}, {0xF6, 0x27, 0x87, 0xFF}}},
	{{{7865, 6200, -5453}, 0, {8453, -6109}, {0xF4, 0x33, 0x8C, 0xFF}}},
	{{{9490, 3888, -4634}, 0, {5089, -3584}, {0x6E, 0xC4, 0xEB, 0xFF}}},
	{{{10000, 5322, -6074}, 0, {6662, -5150}, {0x6E, 0xC4, 0xEB, 0xFF}}},
	{{{10438, 5488, -4230}, 0, {4649, -5331}, {0x6E, 0xC4, 0xEB, 0xFF}}},
	{{{8689, 3155, -6668}, 0, {7311, -2784}, {0x6E, 0xC4, 0xEB, 0xFF}}},
	{{{8153, 6234, -4827}, 0, {8768, -5292}, {0x2B, 0x75, 0xE7, 0xFF}}},
	{{{10000, 5322, -6074}, 0, {10785, -6653}, {0x2B, 0x75, 0xEA, 0xFF}}},
	{{{7865, 6200, -5453}, 0, {8453, -5976}, {0x29, 0x76, 0xE7, 0xFF}}},
	{{{10438, 5488, -4230}, 0, {11264, -4640}, {0x2C, 0x75, 0xE9, 0xFF}}},
	{{{8676, 6296, -3695}, 0, {9339, -4056}, {0x2D, 0x74, 0xE5, 0xFF}}},
	{{{10129, 229, -11265}, 0, {10926, 413}, {0x13, 0x00, 0x7E, 0xFF}}},
	{{{7782, 587, -10917}, 0, {8362, 22}, {0x13, 0x00, 0x7E, 0xFF}}},
	{{{7782, 229, -10917}, 0, {8362, 413}, {0x13, 0x00, 0x7E, 0xFF}}},
	{{{5627, 229, -10598}, 0, {6009, 413}, {0x13, 0x00, 0x7E, 0xFF}}},
	{{{5627, 801, -10598}, 0, {6009, -212}, {0x13, 0x00, 0x7E, 0xFF}}},
	{{{4245, 257, -13073}, 0, {14307, -660}, {0x9A, 0x04, 0x4C, 0xFF}}},
	{{{2811, 1693, -15080}, 0, {16500, -1186}, {0x96, 0x0B, 0x45, 0xFF}}},
	{{{3182, 1021, -14417}, 0, {15775, -453}, {0xAF, 0x2A, 0x58, 0xFF}}},
	{{{4245, 4313, -13073}, 0, {14307, -4048}, {0x96, 0x39, 0x28, 0xFF}}},
	{{{2811, 3235, -15556}, 0, {17019, -2870}, {0x91, 0x24, 0x32, 0xFF}}},
	{{{4755, 4930, -13073}, 0, {14307, -4722}, {0x95, 0x3C, 0x22, 0xFF}}},
	{{{4165, 5827, -15850}, 0, {17340, -5702}, {0x91, 0x30, 0x27, 0xFF}}},
	{{{4960, 7269, -14739}, 0, {16127, -7277}, {0x8C, 0x24, 0x24, 0xFF}}},
	{{{3457, 7090, -7793}, 0, {3639, -7081}, {0x55, 0x08, 0x5E, 0xFF}}},
	{{{3461, 4925, -7606}, 0, {3643, -4716}, {0x5F, 0xF8, 0x54, 0xFF}}},
	{{{4638, 7543, -9160}, 0, {4929, -7576}, {0x68, 0xFC, 0x48, 0xFF}}},
	{{{1804, 4923, -6803}, 0, {1833, -4714}, {0x37, 0x0A, 0x72, 0xFF}}},
	{{{4949, 5144, -5170}, 0, {5269, -4956}, {0xB9, 0x00, 0x69, 0xFF}}},
	{{{3333, 6447, -6257}, 0, {3504, -6379}, {0xB9, 0x00, 0x69, 0xFF}}},
	{{{3333, 4923, -6257}, 0, {3504, -4714}, {0xB9, 0x00, 0x69, 0xFF}}},
	{{{4949, 7134, -5170}, 0, {5269, -7129}, {0xB9, 0x00, 0x69, 0xFF}}},
	{{{4949, 5144, -5170}, 0, {5269, -4956}, {0x46, 0xFB, 0x6A, 0xFF}}},
	{{{6612, 6661, -6191}, 0, {7085, -6612}, {0x46, 0xFB, 0x6A, 0xFF}}},
	{{{4949, 7134, -5170}, 0, {5269, -7129}, {0x42, 0x00, 0x6C, 0xFF}}},
	{{{6653, 4600, -6429}, 0, {7129, -4362}, {0x49, 0xF6, 0x67, 0xFF}}},
	{{{-497, 7139, -6544}, 0, {-680, -7135}, {0x31, 0x14, 0x73, 0xFF}}},
	{{{-535, 6778, -6466}, 0, {-722, -6740}, {0x30, 0x0D, 0x75, 0xFF}}},
	{{{321, 6618, -6803}, 0, {213, -6566}, {0x31, 0x06, 0x75, 0xFF}}},
	{{{-207, 5474, -6559}, 0, {-364, -5316}, {0x33, 0x01, 0x74, 0xFF}}},
	{{{321, 5290, -6803}, 0, {213, -5115}, {0x35, 0x00, 0x73, 0xFF}}},
	{{{-5636, 3532, -13864}, 0, {15170, -3195}, {0x6B, 0x2C, 0x34, 0xFF}}},
	{{{-6032, 3074, -12812}, 0, {14022, -2695}, {0x53, 0x24, 0x59, 0xFF}}},
	{{{-5636, 2278, -12826}, 0, {14038, -1826}, {0x65, 0x31, 0x3B, 0xFF}}},
	{{{-6182, 4083, -13130}, 0, {14369, -3797}, {0x68, 0x23, 0x40, 0xFF}}},
	{{{-6269, 4723, -13722}, 0, {15016, -4496}, {0x6A, 0x44, 0x12, 0xFF}}},
	{{{-6519, 4973, -12812}, 0, {14022, -4769}, {0x4E, 0x43, 0x4A, 0xFF}}},
	{{{-6519, 4009, -12812}, 0, {14022, -3716}, {0x41, 0x0B, 0x6D, 0xFF}}},
	{{{-6519, 4009, -12812}, 0, {-7257, -3716}, {0x41, 0x0B, 0x6D, 0xFF}}},
	{{{-6032, 3074, -12812}, 0, {-6726, -2695}, {0x53, 0x24, 0x59, 0xFF}}},
	{{{-6182, 4083, -13130}, 0, {-6889, -3797}, {0x68, 0x23, 0x40, 0xFF}}},
	{{{-6519, 3074, -12812}, 0, {-7257, -2695}, {0x00, 0x00, 0x7F, 0xFF}}},
	{{{4755, 1246, -13073}, 0, {5056, -698}, {0x4C, 0x0C, 0x65, 0xFF}}},
	{{{6387, 3207, -14516}, 0, {6839, -2840}, {0x57, 0x13, 0x5A, 0xFF}}},
	{{{4755, 4930, -13073}, 0, {5056, -4722}, {0x62, 0x1B, 0x4D, 0xFF}}},
	{{{6387, 1246, -14065}, 0, {6839, -698}, {0x41, 0x19, 0x6A, 0xFF}}},
	{{{4755, 4930, -13073}, 0, {14307, -4722}, {0x62, 0x1B, 0x4D, 0xFF}}},
	{{{5799, 5800, -15256}, 0, {16691, -5672}, {0x66, 0x27, 0x40, 0xFF}}},
	{{{4960, 7269, -14739}, 0, {16127, -7277}, {0x67, 0x25, 0x40, 0xFF}}},
	{{{6387, 3207, -14516}, 0, {15883, -2840}, {0x57, 0x13, 0x5A, 0xFF}}},
	{{{4636, 766, -11064}, 0, {4926, -174}, {0x90, 0x00, 0x3C, 0xFF}}},
	{{{5627, 229, -10598}, 0, {6009, 413}, {0xCA, 0x00, 0x73, 0xFF}}},
	{{{5627, 801, -10598}, 0, {6009, -212}, {0xCA, 0x00, 0x73, 0xFF}}},
	{{{4636, 229, -11064}, 0, {4926, 413}, {0x93, 0x00, 0x41, 0xFF}}},
	{{{-2474, 3762, -7496}, 0, {8215, -3446}, {0x8C, 0x00, 0xCC, 0xFF}}},
	{{{-2137, 2967, -8243}, 0, {9031, -2578}, {0xC5, 0x61, 0xC8, 0xFF}}},
	{{{-2474, 2746, -7496}, 0, {8215, -2336}, {0xA9, 0x5C, 0xF4, 0xFF}}},
	{{{-2137, 3958, -8243}, 0, {9031, -3660}, {0x9F, 0x00, 0xAE, 0xFF}}},
	{{{4949, 7134, -5170}, 0, {5269, -7129}, {0xF1, 0x7E, 0x03, 0xFF}}},
	{{{6612, 6661, -6191}, 0, {7085, -6612}, {0x34, 0x6F, 0x22, 0xFF}}},
	{{{5682, 7257, -6696}, 0, {5294, -6496}, {0x11, 0x7D, 0x12, 0xFF}}},
	{{{3333, 6447, -6257}, 0, {3504, -6379}, {0xD5, 0x77, 0xF5, 0xFF}}},
	{{{-1128, 3055, -8708}, 0, {-1369, -2674}, {0xB0, 0x01, 0x9D, 0xFF}}},
	{{{-2137, 3958, -8243}, 0, {-2471, -3660}, {0xDA, 0x62, 0xB9, 0xFF}}},
	{{{-1903, 4167, -8076}, 0, {-2215, -3888}, {0xB1, 0x34, 0xAB, 0xFF}}},
	{{{-950, 3275, -8904}, 0, {-1175, -2915}, {0xB1, 0x07, 0x9D, 0xFF}}},
	{{{-1040, 4522, -8402}, 0, {-1273, -4277}, {0xCA, 0x1D, 0x91, 0xFF}}},
	{{{-1903, 4625, -8076}, 0, {-2215, -4389}, {0x96, 0x09, 0xBB, 0xFF}}},
	{{{-3122, 2967, -8243}, 0, {9031, -2578}, {0x56, 0x5B, 0x14, 0xFF}}},
	{{{-3291, 2878, -9419}, 0, {10316, -2480}, {0x35, 0x73, 0xF5, 0xFF}}},
	{{{-3291, 4053, -9419}, 0, {10316, -3764}, {0x7D, 0x05, 0xED, 0xFF}}},
	{{{-3122, 4218, -8243}, 0, {9031, -3945}, {0x7D, 0x0D, 0x10, 0xFF}}},
	{{{-3314, 5378, -8500}, 0, {9312, -5211}, {0x7B, 0x12, 0x19, 0xFF}}},
	{{{-3389, 4047, -7496}, 0, {8215, -3758}, {0x73, 0x12, 0x33, 0xFF}}},
	{{{-3389, 2746, -7496}, 0, {8215, -2336}, {0x4E, 0x52, 0x3A, 0xFF}}},
	{{{-5458, 5846, -9379}, 0, {10272, -5723}, {0x70, 0x15, 0xC7, 0xFF}}},
	{{{-4833, 6659, -7039}, 0, {7716, -6611}, {0x73, 0x22, 0xD6, 0xFF}}},
	{{{-4611, 4664, -8034}, 0, {8803, -4431}, {0x70, 0x1E, 0xCD, 0xFF}}},
	{{{-5458, 5846, -9379}, 0, {10272, -5723}, {0x70, 0x15, 0xC7, 0xFF}}},
	{{{-4611, 4664, -8034}, 0, {8803, -4431}, {0x70, 0x1E, 0xCD, 0xFF}}},
	{{{-4942, 4519, -8754}, 0, {9590, -4273}, {0x69, 0x18, 0xBD, 0xFF}}},
	{{{-4317, 2525, -8814}, 0, {9655, -2095}, {0x5B, 0x35, 0xB9, 0xFF}}},
	{{{-4521, 2418, -9145}, 0, {10016, -1978}, {0x55, 0x41, 0xBB, 0xFF}}},
	{{{-5458, 4485, -9379}, 0, {10272, -4236}, {0x61, 0x0F, 0xAF, 0xFF}}},
};

Gfx prince_valley_dl_terrain_2_mesh_layer_1_tri_8[] = {
	gsSPVertex(prince_valley_dl_terrain_2_mesh_layer_1_vtx_8 + 0, 31, 0),
	gsSP2Triangles(0, 1, 2, 0, 3, 4, 5, 0),
	gsSP2Triangles(6, 7, 8, 0, 9, 10, 11, 0),
	gsSP2Triangles(12, 13, 14, 0, 15, 16, 17, 0),
	gsSP2Triangles(15, 18, 16, 0, 19, 20, 21, 0),
	gsSP2Triangles(19, 22, 20, 0, 23, 24, 25, 0),
	gsSP2Triangles(23, 26, 24, 0, 27, 28, 29, 0),
	gsSP1Triangle(27, 30, 28, 0),
	gsSPVertex(prince_valley_dl_terrain_2_mesh_layer_1_vtx_8 + 31, 32, 0),
	gsSP2Triangles(0, 1, 2, 0, 0, 3, 1, 0),
	gsSP2Triangles(0, 4, 3, 0, 4, 5, 3, 0),
	gsSP2Triangles(4, 6, 5, 0, 6, 7, 5, 0),
	gsSP2Triangles(6, 8, 7, 0, 9, 10, 11, 0),
	gsSP2Triangles(9, 12, 10, 0, 12, 13, 10, 0),
	gsSP2Triangles(12, 14, 13, 0, 13, 15, 10, 0),
	gsSP2Triangles(13, 16, 15, 0, 17, 18, 19, 0),
	gsSP2Triangles(17, 20, 18, 0, 21, 22, 23, 0),
	gsSP2Triangles(21, 24, 22, 0, 25, 26, 27, 0),
	gsSP2Triangles(28, 25, 27, 0, 29, 30, 31, 0),
	gsSPVertex(prince_valley_dl_terrain_2_mesh_layer_1_vtx_8 + 63, 30, 0),
	gsSP2Triangles(0, 1, 2, 0, 3, 4, 5, 0),
	gsSP2Triangles(6, 5, 4, 0, 6, 4, 7, 0),
	gsSP2Triangles(7, 8, 6, 0, 7, 9, 8, 0),
	gsSP2Triangles(10, 11, 12, 0, 10, 13, 11, 0),
	gsSP2Triangles(14, 15, 16, 0, 14, 17, 15, 0),
	gsSP2Triangles(18, 19, 20, 0, 18, 21, 19, 0),
	gsSP2Triangles(22, 23, 24, 0, 22, 25, 23, 0),
	gsSP2Triangles(26, 27, 28, 0, 26, 29, 27, 0),
	gsSPVertex(prince_valley_dl_terrain_2_mesh_layer_1_vtx_8 + 93, 30, 0),
	gsSP2Triangles(0, 1, 2, 0, 0, 3, 1, 0),
	gsSP2Triangles(4, 5, 6, 0, 4, 7, 5, 0),
	gsSP2Triangles(8, 9, 10, 0, 8, 11, 9, 0),
	gsSP2Triangles(12, 13, 14, 0, 12, 15, 13, 0),
	gsSP2Triangles(15, 12, 16, 0, 17, 18, 19, 0),
	gsSP2Triangles(18, 20, 19, 0, 18, 21, 20, 0),
	gsSP2Triangles(22, 23, 24, 0, 22, 25, 23, 0),
	gsSP2Triangles(25, 26, 23, 0, 25, 27, 26, 0),
	gsSP2Triangles(27, 28, 26, 0, 27, 29, 28, 0),
	gsSPVertex(prince_valley_dl_terrain_2_mesh_layer_1_vtx_8 + 123, 32, 0),
	gsSP2Triangles(0, 1, 2, 0, 0, 3, 1, 0),
	gsSP2Triangles(4, 5, 6, 0, 4, 7, 5, 0),
	gsSP2Triangles(8, 9, 10, 0, 8, 11, 9, 0),
	gsSP2Triangles(12, 13, 14, 0, 14, 13, 15, 0),
	gsSP2Triangles(14, 15, 16, 0, 17, 18, 19, 0),
	gsSP2Triangles(17, 20, 18, 0, 17, 21, 20, 0),
	gsSP2Triangles(20, 21, 22, 0, 20, 22, 23, 0),
	gsSP2Triangles(24, 25, 26, 0, 24, 27, 25, 0),
	gsSP2Triangles(28, 29, 30, 0, 28, 31, 29, 0),
	gsSPVertex(prince_valley_dl_terrain_2_mesh_layer_1_vtx_8 + 155, 32, 0),
	gsSP2Triangles(0, 1, 2, 0, 0, 3, 1, 0),
	gsSP2Triangles(4, 5, 6, 0, 4, 7, 5, 0),
	gsSP2Triangles(8, 9, 10, 0, 8, 11, 9, 0),
	gsSP2Triangles(12, 13, 14, 0, 15, 12, 14, 0),
	gsSP2Triangles(16, 17, 18, 0, 16, 18, 19, 0),
	gsSP2Triangles(18, 20, 19, 0, 18, 21, 20, 0),
	gsSP2Triangles(22, 23, 24, 0, 22, 24, 25, 0),
	gsSP2Triangles(25, 24, 26, 0, 25, 26, 27, 0),
	gsSP2Triangles(27, 22, 25, 0, 27, 28, 22, 0),
	gsSP1Triangle(29, 30, 31, 0),
	gsSPVertex(prince_valley_dl_terrain_2_mesh_layer_1_vtx_8 + 187, 6, 0),
	gsSP2Triangles(0, 1, 2, 0, 3, 2, 1, 0),
	gsSP2Triangles(3, 4, 2, 0, 2, 4, 5, 0),
	gsSP1Triangle(5, 0, 2, 0),
	gsSPEndDisplayList(),
};

Vtx prince_valley_dl_terrain_2_mesh_layer_1_vtx_9[10] = {
	{{{511, -5584, -2689}, 0, {-8370, 15581}, {0x00, 0x7F, 0x00, 0xFF}}},
	{{{-658, -5585, -4578}, 0, {-6686, 13479}, {0x00, 0x7F, 0x00, 0xFF}}},
	{{{-1116, -5584, -3730}, 0, {-7841, 13299}, {0x00, 0x7F, 0x00, 0xFF}}},
	{{{734, -5584, -5624}, 0, {-4925, 14644}, {0x00, 0x7F, 0x00, 0xFF}}},
	{{{2535, -5584, -5458}, 0, {-4382, 16769}, {0x00, 0x7F, 0x00, 0xFF}}},
	{{{2178, -5584, -2099}, 0, {-8366, 17726}, {0x00, 0x7F, 0x00, 0xFF}}},
	{{{4682, -5584, -4527}, 0, {-4574, 19601}, {0x00, 0x7F, 0x01, 0xFF}}},
	{{{4906, -5613, -2856}, 0, {-6393, 20536}, {0x01, 0x7F, 0x02, 0xFF}}},
	{{{7038, -5584, -3858}, 0, {-4382, 22565}, {0xFF, 0x7F, 0x01, 0xFF}}},
	{{{7038, -5584, -3379}, 0, {-4929, 22759}, {0xFE, 0x7F, 0x00, 0xFF}}},
};

Gfx prince_valley_dl_terrain_2_mesh_layer_1_tri_9[] = {
	gsSPVertex(prince_valley_dl_terrain_2_mesh_layer_1_vtx_9 + 0, 10, 0),
	gsSP2Triangles(0, 1, 2, 0, 0, 3, 1, 0),
	gsSP2Triangles(4, 3, 0, 0, 4, 0, 5, 0),
	gsSP2Triangles(6, 4, 5, 0, 6, 5, 7, 0),
	gsSP2Triangles(8, 6, 7, 0, 8, 7, 9, 0),
	gsSPEndDisplayList(),
};

Vtx prince_valley_dl_terrain_2_mesh_layer_1_vtx_10[29] = {
	{{{4245, 257, -13073}, 0, {22816, 24586}, {0xA2, 0x51, 0x1C, 0xFF}}},
	{{{4636, 229, -11064}, 0, {22572, 23599}, {0x04, 0x7F, 0x00, 0xFF}}},
	{{{4669, 229, -11572}, 0, {21854, 23727}, {0xEF, 0x7E, 0x07, 0xFF}}},
	{{{4245, 257, -13073}, 0, {23529, 24665}, {0xA2, 0x51, 0x1C, 0xFF}}},
	{{{3657, 263, -8918}, 0, {23735, 23913}, {0x03, 0x7F, 0x00, 0xFF}}},
	{{{5137, 229, -9600}, 0, {24435, 22398}, {0x01, 0x7F, 0x00, 0xFF}}},
	{{{5239, 229, -8463}, 0, {25981, 21865}, {0x02, 0x7F, 0xFF, 0xFF}}},
	{{{5627, 229, -10598}, 0, {22879, 22060}, {0x02, 0x7F, 0x02, 0xFF}}},
	{{{6521, 187, -9901}, 0, {23539, 20578}, {0x02, 0x7F, 0x02, 0xFF}}},
	{{{6477, 229, -8584}, 0, {25387, 20185}, {0x03, 0x7F, 0xFC, 0xFF}}},
	{{{7401, 229, -7325}, 0, {26812, 18462}, {0x01, 0x7F, 0xFE, 0xFF}}},
	{{{10998, 223, -8235}, 0, {24276, 13873}, {0xFD, 0x7F, 0x01, 0xFF}}},
	{{{10129, 229, -11265}, 0, {20406, 16016}, {0x02, 0x7F, 0x01, 0xFF}}},
	{{{13343, 346, -8987}, 0, {22464, 11128}, {0x02, 0x7F, 0x02, 0xFF}}},
	{{{11382, 229, -8014}, 0, {24444, 13276}, {0xFD, 0x7F, 0x02, 0xFF}}},
	{{{12480, 229, -6435}, 0, {26144, 11113}, {0xCE, 0x74, 0xFD, 0xFF}}},
	{{{10813, 229, -6435}, 0, {26812, 13425}, {0x33, 0x71, 0x1A, 0xFF}}},
	{{{13886, 229, -7017}, 0, {24711, 9470}, {0xD3, 0x73, 0xE1, 0xFF}}},
	{{{15204, 229, -8828}, 0, {21886, 9073}, {0xA8, 0x5B, 0xF4, 0xFF}}},
	{{{12936, 346, -11959}, 0, {19091, 12453}, {0x03, 0x7F, 0xFB, 0xFF}}},
	{{{13508, 229, -13449}, 0, {17292, 12056}, {0xC3, 0x5E, 0x3B, 0xFF}}},
	{{{10128, 229, -12648}, 0, {18537, 16013}, {0x0C, 0x7E, 0x01, 0xFF}}},
	{{{10128, 229, -14473}, 0, {16201, 15878}, {0x06, 0x60, 0x53, 0xFF}}},
	{{{6387, 1246, -14065}, 0, {15875, 20979}, {0x18, 0x61, 0x4E, 0xFF}}},
	{{{4755, 1246, -13073}, 0, {17038, 23419}, {0x0D, 0x7D, 0x15, 0xFF}}},
	{{{7782, 587, -10917}, 0, {20642, 19413}, {0x15, 0x7D, 0x08, 0xFF}}},
	{{{5627, 801, -10598}, 0, {20734, 22537}, {0x05, 0x7D, 0x15, 0xFF}}},
	{{{4636, 766, -11064}, 0, {19953, 23893}, {0xEE, 0x7B, 0x1C, 0xFF}}},
	{{{7782, 229, -10917}, 0, {21691, 19172}, {0x01, 0x7F, 0x06, 0xFF}}},
};

Gfx prince_valley_dl_terrain_2_mesh_layer_1_tri_10[] = {
	gsSPVertex(prince_valley_dl_terrain_2_mesh_layer_1_vtx_10 + 0, 29, 0),
	gsSP2Triangles(0, 1, 2, 0, 1, 3, 4, 0),
	gsSP2Triangles(5, 1, 4, 0, 5, 4, 6, 0),
	gsSP2Triangles(7, 5, 6, 0, 6, 8, 7, 0),
	gsSP2Triangles(6, 9, 8, 0, 8, 9, 10, 0),
	gsSP2Triangles(8, 10, 11, 0, 8, 11, 12, 0),
	gsSP2Triangles(11, 13, 12, 0, 11, 14, 13, 0),
	gsSP2Triangles(14, 15, 13, 0, 14, 16, 15, 0),
	gsSP2Triangles(13, 15, 17, 0, 13, 17, 18, 0),
	gsSP2Triangles(19, 13, 18, 0, 19, 18, 20, 0),
	gsSP2Triangles(21, 19, 20, 0, 21, 20, 22, 0),
	gsSP2Triangles(21, 22, 23, 0, 21, 23, 24, 0),
	gsSP2Triangles(25, 21, 24, 0, 24, 26, 25, 0),
	gsSP2Triangles(24, 27, 26, 0, 25, 12, 21, 0),
	gsSP2Triangles(12, 19, 21, 0, 12, 13, 19, 0),
	gsSP2Triangles(1, 5, 7, 0, 7, 8, 28, 0),
	gsSP1Triangle(8, 12, 28, 0),
	gsSPEndDisplayList(),
};

Vtx prince_valley_dl_terrain_2_mesh_layer_1_vtx_11[5] = {
	{{{11382, 229, -8014}, 0, {24444, 13276}, {0xFD, 0x7F, 0x02, 0xFF}}},
	{{{10349, 229, -7332}, 0, {25755, 14411}, {0x00, 0x7F, 0xFF, 0xFF}}},
	{{{10813, 229, -6435}, 0, {26812, 13425}, {0x33, 0x71, 0x1A, 0xFF}}},
	{{{10998, 223, -8235}, 0, {24276, 13873}, {0xFD, 0x7F, 0x01, 0xFF}}},
	{{{7401, 229, -7325}, 0, {26812, 18462}, {0x01, 0x7F, 0xFE, 0xFF}}},
};

Gfx prince_valley_dl_terrain_2_mesh_layer_1_tri_11[] = {
	gsSPVertex(prince_valley_dl_terrain_2_mesh_layer_1_vtx_11 + 0, 5, 0),
	gsSP2Triangles(0, 1, 2, 0, 3, 1, 0, 0),
	gsSP1Triangle(3, 4, 1, 0),
	gsSPEndDisplayList(),
};

Vtx prince_valley_dl_terrain_2_mesh_layer_4_vtx_cull[8] = {
	{{{-16022, -5613, 16431}, 0, {0, 0}, {0x00, 0x00, 0x00, 0x00}}},
	{{{-16022, 7719, 16431}, 0, {0, 0}, {0x00, 0x00, 0x00, 0x00}}},
	{{{-16022, 7719, -16799}, 0, {0, 0}, {0x00, 0x00, 0x00, 0x00}}},
	{{{-16022, -5613, -16799}, 0, {0, 0}, {0x00, 0x00, 0x00, 0x00}}},
	{{{17115, -5613, 16431}, 0, {0, 0}, {0x00, 0x00, 0x00, 0x00}}},
	{{{17115, 7719, 16431}, 0, {0, 0}, {0x00, 0x00, 0x00, 0x00}}},
	{{{17115, 7719, -16799}, 0, {0, 0}, {0x00, 0x00, 0x00, 0x00}}},
	{{{17115, -5613, -16799}, 0, {0, 0}, {0x00, 0x00, 0x00, 0x00}}},
};

Vtx prince_valley_dl_terrain_2_mesh_layer_4_vtx_0[92] = {
	{{{-5636, 2278, -12826}, 0, {-3769, -30}, {0x7B, 0x16, 0x16, 0xFF}}},
	{{{-5330, 2574, -14875}, 0, {-2684, -1021}, {0x7C, 0x14, 0x10, 0xFF}}},
	{{{-5636, 3532, -13864}, 0, {-4101, -1021}, {0x7C, 0x11, 0x15, 0xFF}}},
	{{{-5058, 1013, -14530}, 0, {-2720, -30}, {0x7C, 0x18, 0x0A, 0xFF}}},
	{{{-5058, 1001, -15781}, 0, {-1632, -30}, {0x74, 0x12, 0x31, 0xFF}}},
	{{{-5149, 2228, -15916}, 0, {-1632, -1021}, {0x71, 0x0B, 0x38, 0xFF}}},
	{{{-4062, 1001, -16799}, 0, {-717, -30}, {0x2E, 0x04, 0x76, 0xFF}}},
	{{{-4062, 2220, -16799}, 0, {-626, -1021}, {0x2B, 0x00, 0x78, 0xFF}}},
	{{{-2060, 1001, -16799}, 0, {-152, -30}, {0xC7, 0x0F, 0x70, 0xFF}}},
	{{{-2060, 2220, -16799}, 0, {-152, -1021}, {0xD1, 0x00, 0x76, 0xFF}}},
	{{{-1013, 2391, -15853}, 0, {1197, -1021}, {0xBD, 0x32, 0x60, 0xFF}}},
	{{{-1329, 1001, -15092}, 0, {1197, -30}, {0xBF, 0x3F, 0x59, 0xFF}}},
	{{{-184, 1001, -14912}, 0, {1914, -30}, {0xFA, 0x37, 0x72, 0xFF}}},
	{{{90, 2519, -15633}, 0, {2050, -1021}, {0xF2, 0x38, 0x71, 0xFF}}},
	{{{1151, 2513, -15613}, 0, {2575, -1021}, {0xF7, 0x2F, 0x75, 0xFF}}},
	{{{821, 356, -14732}, 0, {2575, -30}, {0x00, 0x30, 0x76, 0xFF}}},
	{{{2811, 1693, -15080}, 0, {3601, -30}, {0xF0, 0x2B, 0x76, 0xFF}}},
	{{{2811, 3235, -15556}, 0, {3597, -1021}, {0xEC, 0x25, 0x78, 0xFF}}},
	{{{-9488, 3509, -10993}, 0, {24984, 5}, {0xAC, 0x07, 0x5F, 0xFF}}},
	{{{-12274, 2081, -13379}, 0, {23963, 1000}, {0xF8, 0x24, 0x7A, 0xFF}}},
	{{{-9488, 2104, -10993}, 0, {24989, 1000}, {0xAD, 0x00, 0x60, 0xFF}}},
	{{{-12274, 3209, -13821}, 0, {23963, 5}, {0xFB, 0x2E, 0x76, 0xFF}}},
	{{{-15100, 3589, -11575}, 0, {22101, 5}, {0x6F, 0x05, 0x3E, 0xFF}}},
	{{{-15100, 1983, -11589}, 0, {22101, 1000}, {0x67, 0xFF, 0x4B, 0xFF}}},
	{{{-15414, 2815, -9376}, 0, {20906, 1000}, {0x7D, 0x08, 0x12, 0xFF}}},
	{{{-15639, 4477, -8692}, 0, {20906, 5}, {0x7D, 0x0D, 0x13, 0xFF}}},
	{{{-15727, 2833, -6642}, 0, {19501, 1000}, {0x6E, 0x20, 0xCA, 0xFF}}},
	{{{-16022, 3961, -6386}, 0, {19501, 5}, {0x6F, 0x28, 0xD1, 0xFF}}},
	{{{-12770, 3663, -4982}, 0, {18036, 5}, {0x53, 0x04, 0xA0, 0xFF}}},
	{{{-12770, 2535, -4982}, 0, {18036, 1000}, {0x55, 0x00, 0xA2, 0xFF}}},
	{{{-10861, 2308, -2393}, 0, {16734, 1000}, {0x69, 0x00, 0xB9, 0xFF}}},
	{{{-10861, 3918, -2393}, 0, {16734, 5}, {0x69, 0x00, 0xB9, 0xFF}}},
	{{{-8949, 3736, 723}, 0, {15186, 5}, {0x73, 0x00, 0xCA, 0xFF}}},
	{{{-10861, 2308, -2393}, 0, {16734, 1000}, {0x69, 0x00, 0xB9, 0xFF}}},
	{{{-10861, 3918, -2393}, 0, {16734, 5}, {0x69, 0x00, 0xB9, 0xFF}}},
	{{{-8949, 2009, 723}, 0, {15186, 1000}, {0x75, 0x00, 0xCE, 0xFF}}},
	{{{6387, 3207, -14516}, 0, {-23318, 1000}, {0x1B, 0x2D, 0x74, 0xFF}}},
	{{{10025, 4237, -15771}, 0, {-21162, 5}, {0x07, 0x38, 0x72, 0xFF}}},
	{{{5799, 5800, -15256}, 0, {-23318, 5}, {0x1D, 0x28, 0x75, 0xFF}}},
	{{{10128, 2569, -14888}, 0, {-21162, 1000}, {0x00, 0x3D, 0x70, 0xFF}}},
	{{{14515, 3849, -14926}, 0, {-19085, 5}, {0xB8, 0x48, 0x4C, 0xFF}}},
	{{{13796, 2224, -14043}, 0, {-19085, 1000}, {0xB3, 0x44, 0x4B, 0xFF}}},
	{{{16092, 4527, -8868}, 0, {-15914, 5}, {0x85, 0x1B, 0xF3, 0xFF}}},
	{{{15670, 2224, -8762}, 0, {-15914, 1000}, {0x85, 0x17, 0xEC, 0xFF}}},
	{{{14541, 3925, -6795}, 0, {-14867, 5}, {0xA0, 0x11, 0xAF, 0xFF}}},
	{{{14218, 2224, -6795}, 0, {-14867, 1000}, {0xA2, 0x13, 0xAC, 0xFF}}},
	{{{13366, 4193, -5565}, 0, {-14096, 5}, {0x88, 0x1B, 0xE0, 0xFF}}},
	{{{12880, 2114, -5565}, 0, {-14096, 1000}, {0x87, 0x1A, 0xE5, 0xFF}}},
	{{{15351, 3700, 1376}, 0, {-10793, 5}, {0x8B, 0x08, 0x30, 0xFF}}},
	{{{15222, 1703, 1315}, 0, {-10793, 1000}, {0x8B, 0x08, 0x30, 0xFF}}},
	{{{17115, 3549, 4996}, 0, {-8865, 5}, {0x82, 0x0E, 0xFE, 0xFF}}},
	{{{16887, 1488, 5110}, 0, {-8466, 1000}, {0x82, 0x0E, 0xF9, 0xFF}}},
	{{{14633, 1774, 9259}, 0, {-5214, 1000}, {0x9B, 0x18, 0xB7, 0xFF}}},
	{{{14823, 3672, 9677}, 0, {-5214, 5}, {0x9E, 0x16, 0xB2, 0xFF}}},
	{{{11553, 2087, 12267}, 0, {-2910, 1000}, {0xAA, 0x06, 0xA2, 0xFF}}},
	{{{11553, 4548, 12267}, 0, {-2910, 5}, {0xAB, 0x00, 0xA2, 0xFF}}},
	{{{8621, 3672, 15316}, 0, {-554, 5}, {0xD5, 0x0F, 0x8A, 0xFF}}},
	{{{8564, 1774, 14993}, 0, {-554, 1000}, {0xD6, 0x15, 0x8A, 0xFF}}},
	{{{2385, 1698, 14624}, 0, {1220, 1000}, {0xF1, 0x05, 0x82, 0xFF}}},
	{{{2385, 4497, 14624}, 0, {1220, 5}, {0xF4, 0x00, 0x82, 0xFF}}},
	{{{-2992, 3111, 16431}, 0, {3414, 5}, {0xEF, 0x16, 0x84, 0xFF}}},
	{{{-2992, 923, 15975}, 0, {3414, 1000}, {0xF4, 0x18, 0x84, 0xFF}}},
	{{{-6071, 2488, 16109}, 0, {5108, 5}, {0x18, 0x11, 0x84, 0xFF}}},
	{{{-5919, 226, 15785}, 0, {5108, 1000}, {0x16, 0x13, 0x84, 0xFF}}},
	{{{-9277, 192, 14743}, 0, {6934, 1000}, {0x4D, 0x04, 0x9B, 0xFF}}},
	{{{-6071, 2488, 16109}, 0, {5108, 5}, {0x18, 0x11, 0x84, 0xFF}}},
	{{{-5919, 226, 15785}, 0, {5108, 1000}, {0x16, 0x13, 0x84, 0xFF}}},
	{{{-9277, 2644, 14743}, 0, {6934, 5}, {0x52, 0x00, 0x9F, 0xFF}}},
	{{{-11549, 1092, 11312}, 0, {8660, 1000}, {0x7A, 0x00, 0xDD, 0xFF}}},
	{{{-11549, 2774, 11312}, 0, {8660, 5}, {0x79, 0x00, 0xDB, 0xFF}}},
	{{{-11469, 2134, 8172}, 0, {10615, 5}, {0x77, 0x00, 0x2D, 0xFF}}},
	{{{-11469, 496, 8172}, 0, {10615, 1000}, {0x75, 0x00, 0x32, 0xFF}}},
	{{{-7895, 229, 4113}, 0, {13464, 1000}, {0x79, 0x00, 0x25, 0xFF}}},
	{{{-7895, 2492, 4113}, 0, {13464, 5}, {0x7E, 0x00, 0x12, 0xFF}}},
	{{{-8949, 2009, 723}, 0, {15184, 1000}, {0x75, 0x00, 0xCE, 0xFF}}},
	{{{-8949, 3736, 723}, 0, {15184, 5}, {0x73, 0x00, 0xCA, 0xFF}}},
	{{{-572, 5601, -6390}, 0, {-8337, 1002}, {0x83, 0x02, 0xE9, 0xFF}}},
	{{{-857, 6549, -5608}, 0, {-7364, 1}, {0x85, 0x00, 0x20, 0xFF}}},
	{{{-535, 6778, -6466}, 0, {-8337, 1}, {0x81, 0x09, 0xFA, 0xFF}}},
	{{{-857, 5691, -5608}, 0, {-7364, 1002}, {0x8E, 0x00, 0x37, 0xFF}}},
	{{{-66, 6320, -5274}, 0, {-6161, 1}, {0xE0, 0x00, 0x7B, 0xFF}}},
	{{{-66, 5462, -5274}, 0, {-6161, 1002}, {0xE6, 0x00, 0x7C, 0xFF}}},
	{{{2561, 5899, -5106}, 0, {-3380, 1}, {0xFD, 0x00, 0x7F, 0xFF}}},
	{{{2561, 5042, -5106}, 0, {-3380, 1002}, {0xFD, 0x00, 0x7F, 0xFF}}},
	{{{3820, 5042, -5122}, 0, {-1880, 1002}, {0xE4, 0x00, 0x7C, 0xFF}}},
	{{{3820, 5899, -5122}, 0, {-1880, 1}, {0xDF, 0xFA, 0x7A, 0xFF}}},
	{{{4955, 5042, -4562}, 0, {-540, 1002}, {0x0B, 0xE8, 0x7C, 0xFF}}},
	{{{4955, 6135, -4303}, 0, {-743, 1}, {0xE8, 0xDA, 0x77, 0xFF}}},
	{{{5256, 4969, -4807}, 0, {-253, 1002}, {0x15, 0xD9, 0x77, 0xFF}}},
	{{{5796, 6042, -4375}, 0, {69, 1}, {0x01, 0xDE, 0x7A, 0xFF}}},
	{{{7472, 4671, -4627}, 0, {928, 1002}, {0x0C, 0xF7, 0x7E, 0xFF}}},
	{{{8153, 6234, -4827}, 0, {1580, 1}, {0x17, 0x06, 0x7D, 0xFF}}},
};

Gfx prince_valley_dl_terrain_2_mesh_layer_4_tri_0[] = {
	gsSPVertex(prince_valley_dl_terrain_2_mesh_layer_4_vtx_0 + 0, 32, 0),
	gsSP2Triangles(0, 1, 2, 0, 0, 3, 1, 0),
	gsSP2Triangles(4, 1, 3, 0, 4, 5, 1, 0),
	gsSP2Triangles(6, 5, 4, 0, 6, 7, 5, 0),
	gsSP2Triangles(8, 7, 6, 0, 8, 9, 7, 0),
	gsSP2Triangles(8, 10, 9, 0, 8, 11, 10, 0),
	gsSP2Triangles(12, 10, 11, 0, 12, 13, 10, 0),
	gsSP2Triangles(14, 13, 12, 0, 14, 12, 15, 0),
	gsSP2Triangles(16, 14, 15, 0, 16, 17, 14, 0),
	gsSP2Triangles(18, 19, 20, 0, 18, 21, 19, 0),
	gsSP2Triangles(19, 21, 22, 0, 19, 22, 23, 0),
	gsSP2Triangles(24, 23, 22, 0, 24, 22, 25, 0),
	gsSP2Triangles(26, 24, 25, 0, 26, 25, 27, 0),
	gsSP2Triangles(26, 27, 28, 0, 26, 28, 29, 0),
	gsSP2Triangles(30, 29, 28, 0, 30, 28, 31, 0),
	gsSPVertex(prince_valley_dl_terrain_2_mesh_layer_4_vtx_0 + 32, 32, 0),
	gsSP2Triangles(0, 1, 2, 0, 0, 3, 1, 0),
	gsSP2Triangles(4, 5, 6, 0, 4, 7, 5, 0),
	gsSP2Triangles(7, 8, 5, 0, 7, 9, 8, 0),
	gsSP2Triangles(9, 10, 8, 0, 9, 11, 10, 0),
	gsSP2Triangles(11, 12, 10, 0, 11, 13, 12, 0),
	gsSP2Triangles(14, 12, 13, 0, 14, 13, 15, 0),
	gsSP2Triangles(15, 16, 14, 0, 15, 17, 16, 0),
	gsSP2Triangles(17, 18, 16, 0, 17, 19, 18, 0),
	gsSP2Triangles(20, 18, 19, 0, 20, 21, 18, 0),
	gsSP2Triangles(22, 21, 20, 0, 22, 23, 21, 0),
	gsSP2Triangles(22, 24, 23, 0, 22, 25, 24, 0),
	gsSP2Triangles(26, 24, 25, 0, 26, 27, 24, 0),
	gsSP2Triangles(26, 28, 27, 0, 26, 29, 28, 0),
	gsSP2Triangles(29, 30, 28, 0, 29, 31, 30, 0),
	gsSPVertex(prince_valley_dl_terrain_2_mesh_layer_4_vtx_0 + 64, 28, 0),
	gsSP2Triangles(0, 1, 2, 0, 0, 3, 1, 0),
	gsSP2Triangles(4, 3, 0, 0, 4, 5, 3, 0),
	gsSP2Triangles(4, 6, 5, 0, 4, 7, 6, 0),
	gsSP2Triangles(8, 6, 7, 0, 8, 9, 6, 0),
	gsSP2Triangles(10, 9, 8, 0, 10, 11, 9, 0),
	gsSP2Triangles(12, 13, 14, 0, 12, 15, 13, 0),
	gsSP2Triangles(15, 16, 13, 0, 15, 17, 16, 0),
	gsSP2Triangles(17, 18, 16, 0, 17, 19, 18, 0),
	gsSP2Triangles(20, 18, 19, 0, 20, 21, 18, 0),
	gsSP2Triangles(22, 21, 20, 0, 22, 23, 21, 0),
	gsSP2Triangles(24, 23, 22, 0, 24, 25, 23, 0),
	gsSP2Triangles(26, 25, 24, 0, 26, 27, 25, 0),
	gsSPEndDisplayList(),
};

Vtx prince_valley_dl_zone_water_lake_2_mesh_layer_5_vtx_cull[8] = {
	{{{-1023, 149, 6744}, 0, {0, 0}, {0x00, 0x00, 0x00, 0x00}}},
	{{{-1023, 149, 6744}, 0, {0, 0}, {0x00, 0x00, 0x00, 0x00}}},
	{{{-1023, 149, -3885}, 0, {0, 0}, {0x00, 0x00, 0x00, 0x00}}},
	{{{-1023, 149, -3885}, 0, {0, 0}, {0x00, 0x00, 0x00, 0x00}}},
	{{{5374, 149, 6744}, 0, {0, 0}, {0x00, 0x00, 0x00, 0x00}}},
	{{{5374, 149, 6744}, 0, {0, 0}, {0x00, 0x00, 0x00, 0x00}}},
	{{{5374, 149, -3885}, 0, {0, 0}, {0x00, 0x00, 0x00, 0x00}}},
	{{{5374, 149, -3885}, 0, {0, 0}, {0x00, 0x00, 0x00, 0x00}}},
};

Vtx prince_valley_dl_zone_water_lake_2_mesh_layer_5_vtx_0[6] = {
	{{{-1023, 149, 3314}, 0, {-782, 1085}, {0x00, 0x7F, 0x00, 0xFF}}},
	{{{1249, 149, 6744}, 0, {-69, 2329}, {0x00, 0x7F, 0x00, 0xFF}}},
	{{{5374, 149, 6163}, 0, {1343, 2218}, {0x00, 0x7F, 0x00, 0xFF}}},
	{{{4723, 149, -3885}, 0, {1343, -1292}, {0x00, 0x7F, 0x00, 0xFF}}},
	{{{-943, 149, 174}, 0, {-683, -6}, {0x00, 0x7F, 0x00, 0xFF}}},
	{{{2631, 149, -3885}, 0, {652, -1337}, {0x00, 0x7F, 0x00, 0xFF}}},
};

Gfx prince_valley_dl_zone_water_lake_2_mesh_layer_5_tri_0[] = {
	gsSPVertex(prince_valley_dl_zone_water_lake_2_mesh_layer_5_vtx_0 + 0, 6, 0),
	gsSP2Triangles(0, 1, 2, 0, 0, 2, 3, 0),
	gsSP2Triangles(4, 0, 3, 0, 4, 3, 5, 0),
	gsSPEndDisplayList(),
};

Vtx prince_valley_dl_Cube_mesh_layer_1_vtx_cull[8] = {
	{{{-2855, -64, 4577}, 0, {0, 0}, {0x00, 0x00, 0x00, 0x00}}},
	{{{-2855, 3166, 4577}, 0, {0, 0}, {0x00, 0x00, 0x00, 0x00}}},
	{{{-2855, 3166, -481}, 0, {0, 0}, {0x00, 0x00, 0x00, 0x00}}},
	{{{-2855, -64, -481}, 0, {0, 0}, {0x00, 0x00, 0x00, 0x00}}},
	{{{2855, -64, 4577}, 0, {0, 0}, {0x00, 0x00, 0x00, 0x00}}},
	{{{2855, 3166, 4577}, 0, {0, 0}, {0x00, 0x00, 0x00, 0x00}}},
	{{{2855, 3166, -481}, 0, {0, 0}, {0x00, 0x00, 0x00, 0x00}}},
	{{{2855, -64, -481}, 0, {0, 0}, {0x00, 0x00, 0x00, 0x00}}},
};

Vtx prince_valley_dl_Cube_mesh_layer_1_vtx_0[564] = {
	{{{-228, 2002, 3819}, 0, {496, 560}, {0x00, 0x7F, 0x00, 0xFF}}},
	{{{-416, 2002, 3493}, 0, {496, 560}, {0x00, 0x7F, 0x00, 0xFF}}},
	{{{-416, 2002, 3819}, 0, {496, 560}, {0x00, 0x7F, 0x00, 0xFF}}},
	{{{416, 2002, 3819}, 0, {496, 688}, {0x00, 0x7F, 0x00, 0xFF}}},
	{{{416, 2002, 3493}, 0, {496, 688}, {0x00, 0x7F, 0x00, 0xFF}}},
	{{{228, 2002, 3819}, 0, {496, 688}, {0x00, 0x7F, 0x00, 0xFF}}},
	{{{-2855, 2580, 855}, 0, {624, 880}, {0x00, 0x00, 0x7F, 0xFF}}},
	{{{-554, 1290, 855}, 0, {496, 752}, {0x00, 0x00, 0x7F, 0xFF}}},
	{{{-554, 3166, 855}, 0, {624, 752}, {0x00, 0x00, 0x7F, 0xFF}}},
	{{{554, 3166, 855}, 0, {624, 496}, {0x00, 0x00, 0x7F, 0xFF}}},
	{{{554, 1290, 855}, 0, {496, 496}, {0x00, 0x00, 0x7F, 0xFF}}},
	{{{2855, 2580, 855}, 0, {496, 368}, {0x00, 0x00, 0x7F, 0xFF}}},
	{{{554, -64, 855}, 0, {368, 496}, {0x00, 0x00, 0x7F, 0xFF}}},
	{{{2855, -64, 855}, 0, {368, 368}, {0x00, 0x00, 0x7F, 0xFF}}},
	{{{-554, 3166, 855}, 0, {816, 368}, {0x1F, 0x85, 0x00, 0xFF}}},
	{{{-554, 3166, 4577}, 0, {816, 240}, {0x1F, 0x85, 0x00, 0xFF}}},
	{{{-2855, 2580, 4577}, 0, {880, 240}, {0x1F, 0x85, 0x00, 0xFF}}},
	{{{-2855, 2580, 855}, 0, {880, 368}, {0x1F, 0x85, 0x00, 0xFF}}},
	{{{-305, 475, 191}, 0, {816, 496}, {0x00, 0x00, 0x7F, 0xFF}}},
	{{{-228, 397, 191}, 0, {816, 496}, {0x00, 0x00, 0x7F, 0xFF}}},
	{{{228, 397, 191}, 0, {688, 496}, {0x00, 0x00, 0x7F, 0xFF}}},
	{{{305, 475, 191}, 0, {688, 496}, {0x00, 0x00, 0x7F, 0xFF}}},
	{{{-554, 1290, 191}, 0, {816, 496}, {0x00, 0x00, 0x7F, 0xFF}}},
	{{{554, 1290, 191}, 0, {688, 496}, {0x00, 0x00, 0x7F, 0xFF}}},
	{{{2855, 2580, 855}, 0, {624, 368}, {0xE1, 0x85, 0x00, 0xFF}}},
	{{{2855, 2580, 4577}, 0, {624, 240}, {0xE1, 0x85, 0x00, 0xFF}}},
	{{{554, 3166, 4577}, 0, {688, 240}, {0xE1, 0x85, 0x00, 0xFF}}},
	{{{554, 3166, 855}, 0, {688, 368}, {0xE1, 0x85, 0x00, 0xFF}}},
	{{{-2855, -64, 4577}, 0, {368, 1008}, {0x7F, 0x00, 0x00, 0xFF}}},
	{{{-2855, -64, 855}, 0, {368, 880}, {0x7F, 0x00, 0x00, 0xFF}}},
	{{{-2855, 2580, 855}, 0, {496, 880}, {0x7F, 0x00, 0x00, 0xFF}}},
	{{{-2855, 2580, 4577}, 0, {496, 1008}, {0x7F, 0x00, 0x00, 0xFF}}},
	{{{-554, 3166, 855}, 0, {816, 368}, {0x00, 0x81, 0x00, 0xFF}}},
	{{{-416, 3166, 3819}, 0, {816, 368}, {0x00, 0x81, 0x00, 0xFF}}},
	{{{-416, 3166, 4577}, 0, {816, 240}, {0x00, 0x81, 0x00, 0xFF}}},
	{{{-554, 3166, 4577}, 0, {816, 240}, {0x00, 0x81, 0x00, 0xFF}}},
	{{{-228, 188, 191}, 0, {496, 688}, {0x7F, 0x00, 0x00, 0xFF}}},
	{{{-228, 397, -191}, 0, {624, 688}, {0x7F, 0x00, 0x00, 0xFF}}},
	{{{-228, 397, 191}, 0, {624, 688}, {0x7F, 0x00, 0x00, 0xFF}}},
	{{{-228, 0, -191}, 0, {368, 688}, {0x7F, 0x00, 0x00, 0xFF}}},
	{{{-228, 0, 191}, 0, {368, 688}, {0x7F, 0x00, 0x00, 0xFF}}},
	{{{-228, 0, 305}, 0, {368, 688}, {0x7F, 0x00, 0x00, 0xFF}}},
	{{{-228, 188, 305}, 0, {496, 688}, {0x7F, 0x00, 0x00, 0xFF}}},
	{{{-228, -64, 442}, 0, {368, 688}, {0x7F, 0x00, 0x00, 0xFF}}},
	{{{-228, 50, 442}, 0, {496, 688}, {0x7F, 0x00, 0x00, 0xFF}}},
	{{{-228, 397, 191}, 0, {816, 496}, {0x00, 0x81, 0x00, 0xFF}}},
	{{{-228, 397, -191}, 0, {816, 496}, {0x00, 0x81, 0x00, 0xFF}}},
	{{{228, 397, -191}, 0, {688, 496}, {0x00, 0x81, 0x00, 0xFF}}},
	{{{228, 397, 191}, 0, {688, 496}, {0x00, 0x81, 0x00, 0xFF}}},
	{{{-228, 0, -191}, 0, {368, 688}, {0x00, 0x00, 0x7F, 0xFF}}},
	{{{-147, 0, -191}, 0, {368, 688}, {0x00, 0x00, 0x7F, 0xFF}}},
	{{{-147, 256, -191}, 0, {624, 688}, {0x00, 0x00, 0x7F, 0xFF}}},
	{{{-228, 397, -191}, 0, {624, 688}, {0x00, 0x00, 0x7F, 0xFF}}},
	{{{228, 397, -191}, 0, {624, 560}, {0x00, 0x00, 0x7F, 0xFF}}},
	{{{147, 256, -191}, 0, {624, 560}, {0x00, 0x00, 0x7F, 0xFF}}},
	{{{147, 0, -191}, 0, {368, 560}, {0x00, 0x00, 0x7F, 0xFF}}},
	{{{228, 0, -191}, 0, {368, 560}, {0x00, 0x00, 0x7F, 0xFF}}},
	{{{228, 397, -191}, 0, {688, 496}, {0x00, 0x00, 0x7F, 0xFF}}},
	{{{-228, 397, -191}, 0, {816, 496}, {0x00, 0x00, 0x7F, 0xFF}}},
	{{{-147, 256, -191}, 0, {816, 496}, {0x00, 0x00, 0x7F, 0xFF}}},
	{{{0, 256, -191}, 0, {752, 496}, {0x00, 0x00, 0x7F, 0xFF}}},
	{{{147, 256, -191}, 0, {688, 496}, {0x00, 0x00, 0x7F, 0xFF}}},
	{{{-147, 0, -217}, 0, {368, 688}, {0x7F, 0x00, 0x00, 0xFF}}},
	{{{-147, 0, -243}, 0, {368, 688}, {0x7F, 0x00, 0x00, 0xFF}}},
	{{{-147, 256, -243}, 0, {624, 688}, {0x7F, 0x00, 0x00, 0xFF}}},
	{{{-147, 256, -217}, 0, {624, 688}, {0x7F, 0x00, 0x00, 0xFF}}},
	{{{147, 256, -217}, 0, {624, 560}, {0x81, 0x00, 0x00, 0xFF}}},
	{{{147, 256, -243}, 0, {624, 560}, {0x81, 0x00, 0x00, 0xFF}}},
	{{{147, 0, -243}, 0, {368, 560}, {0x81, 0x00, 0x00, 0xFF}}},
	{{{147, 0, -217}, 0, {368, 560}, {0x81, 0x00, 0x00, 0xFF}}},
	{{{147, 256, -191}, 0, {624, 560}, {0x81, 0x00, 0x00, 0xFF}}},
	{{{147, 0, -191}, 0, {368, 560}, {0x81, 0x00, 0x00, 0xFF}}},
	{{{-147, 256, -217}, 0, {816, 496}, {0x00, 0x81, 0x00, 0xFF}}},
	{{{-147, 256, -243}, 0, {816, 496}, {0x00, 0x81, 0x00, 0xFF}}},
	{{{147, 256, -243}, 0, {688, 496}, {0x00, 0x81, 0x00, 0xFF}}},
	{{{147, 256, -217}, 0, {688, 496}, {0x00, 0x81, 0x00, 0xFF}}},
	{{{147, 256, -191}, 0, {688, 496}, {0x00, 0x81, 0x00, 0xFF}}},
	{{{0, 256, -191}, 0, {752, 496}, {0x00, 0x81, 0x00, 0xFF}}},
	{{{-147, 256, -191}, 0, {816, 496}, {0x00, 0x81, 0x00, 0xFF}}},
	{{{-147, 0, -243}, 0, {368, 688}, {0x00, 0x00, 0x81, 0xFF}}},
	{{{-228, 0, -243}, 0, {368, 688}, {0x00, 0x00, 0x81, 0xFF}}},
	{{{-228, 498, -243}, 0, {624, 688}, {0x00, 0x00, 0x81, 0xFF}}},
	{{{-147, 256, -243}, 0, {624, 688}, {0x00, 0x00, 0x81, 0xFF}}},
	{{{147, 256, -243}, 0, {624, 560}, {0x00, 0x00, 0x81, 0xFF}}},
	{{{228, 498, -243}, 0, {624, 560}, {0x00, 0x00, 0x81, 0xFF}}},
	{{{228, 0, -243}, 0, {368, 560}, {0x00, 0x00, 0x81, 0xFF}}},
	{{{147, 0, -243}, 0, {368, 560}, {0x00, 0x00, 0x81, 0xFF}}},
	{{{-147, 256, -243}, 0, {816, 496}, {0x00, 0x00, 0x81, 0xFF}}},
	{{{-228, 498, -243}, 0, {816, 496}, {0x00, 0x00, 0x81, 0xFF}}},
	{{{228, 498, -243}, 0, {688, 496}, {0x00, 0x00, 0x81, 0xFF}}},
	{{{147, 256, -243}, 0, {688, 496}, {0x00, 0x00, 0x81, 0xFF}}},
	{{{-228, 0, -243}, 0, {368, 688}, {0x66, 0x00, 0xB4, 0xFF}}},
	{{{-310, 0, -353}, 0, {368, 688}, {0x66, 0x00, 0xB4, 0xFF}}},
	{{{-310, 612, -353}, 0, {624, 688}, {0x66, 0x00, 0xB4, 0xFF}}},
	{{{-228, 0, -243}, 0, {368, 688}, {0x66, 0x00, 0xB4, 0xFF}}},
	{{{-310, 612, -353}, 0, {624, 688}, {0x66, 0x00, 0xB4, 0xFF}}},
	{{{-228, 498, -243}, 0, {624, 688}, {0x66, 0x00, 0xB4, 0xFF}}},
	{{{228, 498, -243}, 0, {624, 560}, {0x9A, 0x00, 0xB4, 0xFF}}},
	{{{310, 612, -353}, 0, {624, 560}, {0x9A, 0x00, 0xB4, 0xFF}}},
	{{{310, 0, -353}, 0, {368, 560}, {0x9A, 0x00, 0xB4, 0xFF}}},
	{{{228, 0, -243}, 0, {368, 560}, {0x9A, 0x00, 0xB4, 0xFF}}},
	{{{-228, 498, -243}, 0, {816, 496}, {0x00, 0xA8, 0xA4, 0xFF}}},
	{{{-310, 612, -353}, 0, {816, 496}, {0x00, 0xA8, 0xA4, 0xFF}}},
	{{{310, 612, -353}, 0, {688, 496}, {0x00, 0xA8, 0xA4, 0xFF}}},
	{{{228, 498, -243}, 0, {688, 496}, {0x00, 0xA8, 0xA4, 0xFF}}},
	{{{-310, 0, -353}, 0, {368, 688}, {0x7F, 0x00, 0x00, 0xFF}}},
	{{{-310, 0, -481}, 0, {368, 688}, {0x7F, 0x00, 0x00, 0xFF}}},
	{{{-310, 612, -481}, 0, {624, 688}, {0x7F, 0x00, 0x00, 0xFF}}},
	{{{-310, 612, -353}, 0, {624, 688}, {0x7F, 0x00, 0x00, 0xFF}}},
	{{{310, 612, -353}, 0, {624, 560}, {0x81, 0x00, 0x00, 0xFF}}},
	{{{310, 612, -481}, 0, {624, 560}, {0x81, 0x00, 0x00, 0xFF}}},
	{{{310, 0, -481}, 0, {368, 560}, {0x81, 0x00, 0x00, 0xFF}}},
	{{{310, 0, -353}, 0, {368, 560}, {0x81, 0x00, 0x00, 0xFF}}},
	{{{-310, 612, -353}, 0, {816, 496}, {0x00, 0x81, 0x00, 0xFF}}},
	{{{-310, 612, -481}, 0, {816, 496}, {0x00, 0x81, 0x00, 0xFF}}},
	{{{310, 612, -481}, 0, {688, 496}, {0x00, 0x81, 0x00, 0xFF}}},
	{{{310, 612, -353}, 0, {688, 496}, {0x00, 0x81, 0x00, 0xFF}}},
	{{{-310, 612, -481}, 0, {624, 688}, {0x00, 0x00, 0x7F, 0xFF}}},
	{{{-310, 0, -481}, 0, {368, 688}, {0x00, 0x00, 0x7F, 0xFF}}},
	{{{310, 0, -481}, 0, {368, 560}, {0x00, 0x00, 0x7F, 0xFF}}},
	{{{310, 612, -481}, 0, {624, 560}, {0x00, 0x00, 0x7F, 0xFF}}},
	{{{-147, 0, -243}, 0, {368, 688}, {0x00, 0x7F, 0x00, 0xFF}}},
	{{{-310, 0, -353}, 0, {368, 688}, {0x00, 0x7F, 0x00, 0xFF}}},
	{{{-228, 0, -243}, 0, {368, 688}, {0x00, 0x7F, 0x00, 0xFF}}},
	{{{0, 0, -353}, 0, {368, 624}, {0x00, 0x7F, 0x00, 0xFF}}},
	{{{147, 0, -243}, 0, {368, 560}, {0x00, 0x7F, 0x00, 0xFF}}},
	{{{-147, 0, -243}, 0, {368, 688}, {0x00, 0x7F, 0x00, 0xFF}}},
	{{{147, 0, -217}, 0, {368, 560}, {0x00, 0x7F, 0x00, 0xFF}}},
	{{{147, 0, -243}, 0, {368, 560}, {0x00, 0x7F, 0x00, 0xFF}}},
	{{{-147, 0, -217}, 0, {368, 688}, {0x00, 0x7F, 0x00, 0xFF}}},
	{{{147, 0, -191}, 0, {368, 560}, {0x00, 0x7F, 0x00, 0xFF}}},
	{{{-147, 0, -191}, 0, {368, 688}, {0x00, 0x7F, 0x00, 0xFF}}},
	{{{228, 0, 191}, 0, {368, 560}, {0x00, 0x7F, 0x00, 0xFF}}},
	{{{-228, 0, 191}, 0, {368, 688}, {0x00, 0x7F, 0x00, 0xFF}}},
	{{{-228, 0, -191}, 0, {368, 688}, {0x00, 0x7F, 0x00, 0xFF}}},
	{{{228, 0, 305}, 0, {368, 560}, {0x00, 0x7F, 0x00, 0xFF}}},
	{{{-228, 0, 305}, 0, {368, 688}, {0x00, 0x7F, 0x00, 0xFF}}},
	{{{228, 0, -191}, 0, {368, 560}, {0x00, 0x7F, 0x00, 0xFF}}},
	{{{-310, 0, -353}, 0, {368, 688}, {0x00, 0x7F, 0x00, 0xFF}}},
	{{{0, 0, -353}, 0, {368, 624}, {0x00, 0x7F, 0x00, 0xFF}}},
	{{{-310, 0, -481}, 0, {368, 688}, {0x00, 0x7F, 0x00, 0xFF}}},
	{{{310, 0, -481}, 0, {368, 560}, {0x00, 0x7F, 0x00, 0xFF}}},
	{{{310, 0, -353}, 0, {368, 560}, {0x00, 0x7F, 0x00, 0xFF}}},
	{{{228, 0, -243}, 0, {368, 560}, {0x00, 0x7F, 0x00, 0xFF}}},
	{{{-305, 188, 191}, 0, {496, 688}, {0x00, 0x00, 0x7F, 0xFF}}},
	{{{-228, 188, 191}, 0, {496, 688}, {0x00, 0x00, 0x7F, 0xFF}}},
	{{{-228, 397, 191}, 0, {624, 688}, {0x00, 0x00, 0x7F, 0xFF}}},
	{{{-305, 475, 191}, 0, {624, 688}, {0x00, 0x00, 0x7F, 0xFF}}},
	{{{-554, -64, 191}, 0, {368, 688}, {0x00, 0x00, 0x7F, 0xFF}}},
	{{{-554, 1290, 191}, 0, {624, 688}, {0x00, 0x00, 0x7F, 0xFF}}},
	{{{-305, -64, 191}, 0, {368, 688}, {0x00, 0x00, 0x7F, 0xFF}}},
	{{{-554, 1290, 191}, 0, {496, 688}, {0x00, 0x81, 0x00, 0xFF}}},
	{{{554, 1290, 191}, 0, {496, 560}, {0x00, 0x81, 0x00, 0xFF}}},
	{{{554, 1290, 855}, 0, {496, 496}, {0x00, 0x81, 0x00, 0xFF}}},
	{{{-554, 1290, 855}, 0, {496, 752}, {0x00, 0x81, 0x00, 0xFF}}},
	{{{2855, -64, 4577}, 0, {368, 240}, {0x00, 0x00, 0x81, 0xFF}}},
	{{{554, 3166, 4577}, 0, {496, 176}, {0x00, 0x00, 0x81, 0xFF}}},
	{{{2855, 2580, 4577}, 0, {496, 240}, {0x00, 0x00, 0x81, 0xFF}}},
	{{{2855, -64, 4577}, 0, {368, 240}, {0x00, 0x00, 0x81, 0xFF}}},
	{{{554, -64, 4577}, 0, {368, 176}, {0x00, 0x00, 0x81, 0xFF}}},
	{{{554, 3166, 4577}, 0, {496, 176}, {0x00, 0x00, 0x81, 0xFF}}},
	{{{416, 3166, 4577}, 0, {496, 176}, {0x00, 0x00, 0x81, 0xFF}}},
	{{{416, 1951, 4577}, 0, {368, 176}, {0x00, 0x00, 0x81, 0xFF}}},
	{{{-554, -64, 4577}, 0, {368, 48}, {0x00, 0x00, 0x81, 0xFF}}},
	{{{-416, 1951, 4577}, 0, {368, 48}, {0x00, 0x00, 0x81, 0xFF}}},
	{{{-554, 3166, 4577}, 0, {496, 48}, {0x00, 0x00, 0x81, 0xFF}}},
	{{{-2855, 2580, 4577}, 0, {496, -16}, {0x00, 0x00, 0x81, 0xFF}}},
	{{{-2855, -64, 4577}, 0, {368, -16}, {0x00, 0x00, 0x81, 0xFF}}},
	{{{-416, 3166, 4577}, 0, {496, 48}, {0x00, 0x00, 0x81, 0xFF}}},
	{{{2855, -64, 855}, 0, {368, 368}, {0x81, 0x00, 0x00, 0xFF}}},
	{{{2855, -64, 4577}, 0, {368, 240}, {0x81, 0x00, 0x00, 0xFF}}},
	{{{2855, 2580, 4577}, 0, {496, 240}, {0x81, 0x00, 0x00, 0xFF}}},
	{{{2855, 2580, 855}, 0, {496, 368}, {0x81, 0x00, 0x00, 0xFF}}},
	{{{-2855, -64, 855}, 0, {368, 880}, {0x00, 0x00, 0x7F, 0xFF}}},
	{{{-554, -64, 855}, 0, {368, 752}, {0x00, 0x00, 0x7F, 0xFF}}},
	{{{-554, 1290, 855}, 0, {496, 752}, {0x00, 0x00, 0x7F, 0xFF}}},
	{{{-2855, 2580, 855}, 0, {496, 880}, {0x00, 0x00, 0x7F, 0xFF}}},
	{{{-554, -64, 855}, 0, {368, 752}, {0x7F, 0x00, 0x00, 0xFF}}},
	{{{-554, -64, 191}, 0, {368, 688}, {0x7F, 0x00, 0x00, 0xFF}}},
	{{{-554, 1290, 191}, 0, {496, 688}, {0x7F, 0x00, 0x00, 0xFF}}},
	{{{-554, 1290, 855}, 0, {496, 752}, {0x7F, 0x00, 0x00, 0xFF}}},
	{{{554, -64, 191}, 0, {368, 560}, {0x81, 0x00, 0x00, 0xFF}}},
	{{{554, -64, 855}, 0, {368, 496}, {0x81, 0x00, 0x00, 0xFF}}},
	{{{554, 1290, 855}, 0, {496, 496}, {0x81, 0x00, 0x00, 0xFF}}},
	{{{554, 1290, 191}, 0, {496, 560}, {0x81, 0x00, 0x00, 0xFF}}},
	{{{305, 188, 191}, 0, {488, 560}, {0x00, 0x00, 0x7F, 0xFF}}},
	{{{305, -64, 191}, 0, {368, 560}, {0x00, 0x00, 0x7F, 0xFF}}},
	{{{554, -64, 191}, 0, {368, 560}, {0x00, 0x00, 0x7F, 0xFF}}},
	{{{554, 1290, 191}, 0, {496, 560}, {0x00, 0x00, 0x7F, 0xFF}}},
	{{{305, 475, 191}, 0, {608, 560}, {0x00, 0x00, 0x7F, 0xFF}}},
	{{{305, 475, 191}, 0, {608, 560}, {0x00, 0x00, 0x7F, 0xFF}}},
	{{{228, 188, 191}, 0, {496, 560}, {0x00, 0x00, 0x7F, 0xFF}}},
	{{{305, 188, 191}, 0, {488, 560}, {0x00, 0x00, 0x7F, 0xFF}}},
	{{{228, 397, 191}, 0, {624, 560}, {0x00, 0x00, 0x7F, 0xFF}}},
	{{{228, 397, 191}, 0, {624, 560}, {0x81, 0x00, 0x00, 0xFF}}},
	{{{228, 397, -191}, 0, {624, 560}, {0x81, 0x00, 0x00, 0xFF}}},
	{{{228, 0, -191}, 0, {368, 560}, {0x81, 0x00, 0x00, 0xFF}}},
	{{{228, 188, 191}, 0, {496, 560}, {0x81, 0x00, 0x00, 0xFF}}},
	{{{228, 0, 191}, 0, {368, 560}, {0x81, 0x00, 0x00, 0xFF}}},
	{{{228, 188, 305}, 0, {496, 560}, {0x81, 0x00, 0x00, 0xFF}}},
	{{{228, 0, 305}, 0, {368, 560}, {0x81, 0x00, 0x00, 0xFF}}},
	{{{228, 50, 442}, 0, {496, 560}, {0x81, 0x00, 0x00, 0xFF}}},
	{{{228, -64, 442}, 0, {368, 560}, {0x81, 0x00, 0x00, 0xFF}}},
	{{{-305, -64, 191}, 0, {368, 688}, {0x81, 0x00, 0x00, 0xFF}}},
	{{{-305, -64, 442}, 0, {368, 688}, {0x81, 0x00, 0x00, 0xFF}}},
	{{{-305, 50, 442}, 0, {496, 688}, {0x81, 0x00, 0x00, 0xFF}}},
	{{{-305, 188, 305}, 0, {496, 688}, {0x81, 0x00, 0x00, 0xFF}}},
	{{{-305, 188, 191}, 0, {496, 688}, {0x81, 0x00, 0x00, 0xFF}}},
	{{{-305, 50, 442}, 0, {496, 688}, {0x00, 0x7D, 0x18, 0xFF}}},
	{{{-365, 31, 540}, 0, {496, 688}, {0x00, 0x7D, 0x18, 0xFF}}},
	{{{-228, 31, 543}, 0, {496, 688}, {0x00, 0x7D, 0x18, 0xFF}}},
	{{{-228, 50, 442}, 0, {496, 688}, {0x00, 0x7D, 0x18, 0xFF}}},
	{{{228, 188, 191}, 0, {496, 560}, {0x00, 0x7F, 0x00, 0xFF}}},
	{{{228, 188, 305}, 0, {496, 560}, {0x00, 0x7F, 0x00, 0xFF}}},
	{{{305, 188, 305}, 0, {488, 560}, {0x00, 0x7F, 0x00, 0xFF}}},
	{{{305, 188, 191}, 0, {488, 560}, {0x00, 0x7F, 0x00, 0xFF}}},
	{{{305, 188, 191}, 0, {488, 560}, {0x7F, 0x00, 0x00, 0xFF}}},
	{{{305, 188, 305}, 0, {488, 560}, {0x7F, 0x00, 0x00, 0xFF}}},
	{{{305, -64, 191}, 0, {368, 560}, {0x7F, 0x00, 0x00, 0xFF}}},
	{{{305, -64, 442}, 0, {368, 560}, {0x7F, 0x00, 0x00, 0xFF}}},
	{{{305, 50, 442}, 0, {488, 560}, {0x7F, 0x00, 0x00, 0xFF}}},
	{{{-305, 188, 191}, 0, {496, 688}, {0x00, 0x7F, 0x00, 0xFF}}},
	{{{-305, 188, 305}, 0, {496, 688}, {0x00, 0x7F, 0x00, 0xFF}}},
	{{{-228, 188, 305}, 0, {496, 688}, {0x00, 0x7F, 0x00, 0xFF}}},
	{{{-228, 188, 191}, 0, {496, 688}, {0x00, 0x7F, 0x00, 0xFF}}},
	{{{-294, 31, 664}, 0, {496, 688}, {0x9A, 0x00, 0xB4, 0xFF}}},
	{{{-294, 120, 664}, 0, {496, 688}, {0x9A, 0x00, 0xB4, 0xFF}}},
	{{{-244, 120, 597}, 0, {496, 688}, {0x9A, 0x00, 0xB4, 0xFF}}},
	{{{-244, 31, 597}, 0, {496, 688}, {0x9A, 0x00, 0xB4, 0xFF}}},
	{{{177, -64, 647}, 0, {368, 560}, {0x9A, 0x00, 0x4C, 0xFF}}},
	{{{224, -64, 711}, 0, {368, 560}, {0x9A, 0x00, 0x4C, 0xFF}}},
	{{{224, 31, 711}, 0, {496, 560}, {0x9A, 0x00, 0x4C, 0xFF}}},
	{{{177, 31, 647}, 0, {496, 560}, {0x9A, 0x00, 0x4C, 0xFF}}},
	{{{177, 120, 647}, 0, {496, 560}, {0x9A, 0x00, 0x4C, 0xFF}}},
	{{{224, 120, 711}, 0, {496, 560}, {0x9A, 0x00, 0x4C, 0xFF}}},
	{{{294, 31, 664}, 0, {492, 560}, {0x47, 0x00, 0x69, 0xFF}}},
	{{{224, -64, 711}, 0, {368, 560}, {0x47, 0x00, 0x69, 0xFF}}},
	{{{294, -64, 664}, 0, {368, 560}, {0x47, 0x00, 0x69, 0xFF}}},
	{{{224, 31, 711}, 0, {496, 560}, {0x47, 0x00, 0x69, 0xFF}}},
	{{{224, 120, 711}, 0, {496, 560}, {0x47, 0x00, 0x69, 0xFF}}},
	{{{294, 120, 664}, 0, {492, 560}, {0x47, 0x00, 0x69, 0xFF}}},
	{{{228, 50, 442}, 0, {496, 560}, {0x00, 0x7D, 0x18, 0xFF}}},
	{{{228, 31, 543}, 0, {496, 560}, {0x00, 0x7D, 0x18, 0xFF}}},
	{{{365, 31, 540}, 0, {488, 560}, {0x00, 0x7D, 0x18, 0xFF}}},
	{{{305, 50, 442}, 0, {488, 560}, {0x00, 0x7D, 0x18, 0xFF}}},
	{{{294, -64, 664}, 0, {368, 560}, {0x6E, 0x00, 0x3F, 0xFF}}},
	{{{365, -64, 540}, 0, {368, 560}, {0x6E, 0x00, 0x3F, 0xFF}}},
	{{{365, 31, 540}, 0, {488, 560}, {0x6E, 0x00, 0x3F, 0xFF}}},
	{{{294, 31, 664}, 0, {488, 560}, {0x6E, 0x00, 0x3F, 0xFF}}},
	{{{-294, -64, 664}, 0, {368, 688}, {0xB9, 0x00, 0x69, 0xFF}}},
	{{{-224, -64, 711}, 0, {368, 688}, {0xB9, 0x00, 0x69, 0xFF}}},
	{{{-224, 31, 711}, 0, {496, 688}, {0xB9, 0x00, 0x69, 0xFF}}},
	{{{-294, 31, 664}, 0, {496, 688}, {0xB9, 0x00, 0x69, 0xFF}}},
	{{{-224, 31, 711}, 0, {496, 688}, {0xB9, 0x00, 0x69, 0xFF}}},
	{{{-294, 120, 664}, 0, {496, 688}, {0xB9, 0x00, 0x69, 0xFF}}},
	{{{-294, 31, 664}, 0, {496, 688}, {0xB9, 0x00, 0x69, 0xFF}}},
	{{{-224, 120, 711}, 0, {496, 688}, {0xB9, 0x00, 0x69, 0xFF}}},
	{{{-228, 0, 305}, 0, {368, 688}, {0x00, 0x73, 0x36, 0xFF}}},
	{{{-228, -64, 442}, 0, {368, 688}, {0x00, 0x73, 0x36, 0xFF}}},
	{{{228, -64, 442}, 0, {368, 560}, {0x00, 0x73, 0x36, 0xFF}}},
	{{{228, 0, 305}, 0, {368, 560}, {0x00, 0x73, 0x36, 0xFF}}},
	{{{-177, 31, 647}, 0, {496, 688}, {0x66, 0x00, 0x4C, 0xFF}}},
	{{{-224, 31, 711}, 0, {496, 688}, {0x66, 0x00, 0x4C, 0xFF}}},
	{{{-224, -64, 711}, 0, {368, 688}, {0x66, 0x00, 0x4C, 0xFF}}},
	{{{-177, -64, 647}, 0, {368, 688}, {0x66, 0x00, 0x4C, 0xFF}}},
	{{{-228, -64, 543}, 0, {-16, 1008}, {0x00, 0x7F, 0x00, 0xFF}}},
	{{{228, -64, 442}, 0, {-16, 1008}, {0x00, 0x7F, 0x00, 0xFF}}},
	{{{-228, -64, 442}, 0, {-16, 1008}, {0x00, 0x7F, 0x00, 0xFF}}},
	{{{228, -64, 543}, 0, {-16, 1008}, {0x00, 0x7F, 0x00, 0xFF}}},
	{{{-177, -64, 647}, 0, {-16, 1008}, {0x00, 0x7F, 0x00, 0xFF}}},
	{{{177, -64, 647}, 0, {-16, 1008}, {0x00, 0x7F, 0x00, 0xFF}}},
	{{{-224, -64, 711}, 0, {-16, 1008}, {0x00, 0x7F, 0x00, 0xFF}}},
	{{{224, -64, 711}, 0, {-16, 1008}, {0x00, 0x7F, 0x00, 0xFF}}},
	{{{-554, -64, 191}, 0, {368, 688}, {0x00, 0x7F, 0x00, 0xFF}}},
	{{{-305, -64, 442}, 0, {368, 688}, {0x00, 0x7F, 0x00, 0xFF}}},
	{{{-305, -64, 191}, 0, {368, 688}, {0x00, 0x7F, 0x00, 0xFF}}},
	{{{-365, -64, 540}, 0, {368, 688}, {0x00, 0x7F, 0x00, 0xFF}}},
	{{{-554, -64, 855}, 0, {368, 752}, {0x00, 0x7F, 0x00, 0xFF}}},
	{{{-294, -64, 664}, 0, {368, 688}, {0x00, 0x7F, 0x00, 0xFF}}},
	{{{-554, -64, 855}, 0, {368, 624}, {0x00, 0x7F, 0x00, 0xFF}}},
	{{{-224, -64, 711}, 0, {368, 688}, {0x00, 0x7F, 0x00, 0xFF}}},
	{{{224, -64, 711}, 0, {368, 560}, {0x00, 0x7F, 0x00, 0xFF}}},
	{{{554, -64, 855}, 0, {368, 560}, {0x00, 0x7F, 0x00, 0xFF}}},
	{{{305, 50, 442}, 0, {488, 560}, {0x6C, 0x00, 0xBD, 0xFF}}},
	{{{365, 31, 540}, 0, {488, 560}, {0x6C, 0x00, 0xBD, 0xFF}}},
	{{{365, -64, 540}, 0, {368, 560}, {0x6C, 0x00, 0xBD, 0xFF}}},
	{{{305, -64, 442}, 0, {368, 560}, {0x6C, 0x00, 0xBD, 0xFF}}},
	{{{-305, -64, 442}, 0, {368, 688}, {0x94, 0x00, 0xBD, 0xFF}}},
	{{{-365, -64, 540}, 0, {368, 688}, {0x94, 0x00, 0xBD, 0xFF}}},
	{{{-365, 31, 540}, 0, {496, 688}, {0x94, 0x00, 0xBD, 0xFF}}},
	{{{-305, 50, 442}, 0, {496, 688}, {0x94, 0x00, 0xBD, 0xFF}}},
	{{{-365, 31, 540}, 0, {496, 688}, {0x92, 0x00, 0x3F, 0xFF}}},
	{{{-365, -64, 540}, 0, {368, 688}, {0x92, 0x00, 0x3F, 0xFF}}},
	{{{-294, -64, 664}, 0, {368, 688}, {0x92, 0x00, 0x3F, 0xFF}}},
	{{{-294, 31, 664}, 0, {496, 688}, {0x92, 0x00, 0x3F, 0xFF}}},
	{{{228, 188, 305}, 0, {496, 560}, {0x00, 0x5A, 0x5A, 0xFF}}},
	{{{228, 50, 442}, 0, {496, 560}, {0x00, 0x5A, 0x5A, 0xFF}}},
	{{{305, 50, 442}, 0, {488, 560}, {0x00, 0x5A, 0x5A, 0xFF}}},
	{{{305, 188, 305}, 0, {488, 560}, {0x00, 0x5A, 0x5A, 0xFF}}},
	{{{-305, 188, 305}, 0, {496, 688}, {0x00, 0x5A, 0x5A, 0xFF}}},
	{{{-305, 50, 442}, 0, {496, 688}, {0x00, 0x5A, 0x5A, 0xFF}}},
	{{{-228, 50, 442}, 0, {496, 688}, {0x00, 0x5A, 0x5A, 0xFF}}},
	{{{-228, 188, 305}, 0, {496, 688}, {0x00, 0x5A, 0x5A, 0xFF}}},
	{{{305, -64, 191}, 0, {368, 560}, {0x00, 0x7F, 0x00, 0xFF}}},
	{{{305, -64, 442}, 0, {368, 560}, {0x00, 0x7F, 0x00, 0xFF}}},
	{{{554, -64, 191}, 0, {368, 560}, {0x00, 0x7F, 0x00, 0xFF}}},
	{{{365, -64, 540}, 0, {368, 560}, {0x00, 0x7F, 0x00, 0xFF}}},
	{{{554, -64, 855}, 0, {368, 496}, {0x00, 0x7F, 0x00, 0xFF}}},
	{{{294, -64, 664}, 0, {368, 560}, {0x00, 0x7F, 0x00, 0xFF}}},
	{{{224, -64, 711}, 0, {368, 560}, {0x00, 0x7F, 0x00, 0xFF}}},
	{{{-244, 31, 597}, 0, {496, 688}, {0x00, 0x7F, 0x00, 0xFF}}},
	{{{-177, 31, 647}, 0, {496, 688}, {0x00, 0x7F, 0x00, 0xFF}}},
	{{{-228, 31, 543}, 0, {496, 688}, {0x00, 0x7F, 0x00, 0xFF}}},
	{{{-365, 31, 540}, 0, {496, 688}, {0x00, 0x7F, 0x00, 0xFF}}},
	{{{-294, 31, 664}, 0, {496, 688}, {0x00, 0x7F, 0x00, 0xFF}}},
	{{{-177, 31, 647}, 0, {496, 688}, {0x65, 0xFE, 0x4E, 0xFF}}},
	{{{-177, 120, 651}, 0, {496, 688}, {0x65, 0xFE, 0x4E, 0xFF}}},
	{{{-224, 120, 711}, 0, {496, 688}, {0x65, 0xFE, 0x4E, 0xFF}}},
	{{{-224, 31, 711}, 0, {496, 688}, {0x65, 0xFE, 0x4E, 0xFF}}},
	{{{228, 31, 543}, 0, {496, 560}, {0x00, 0x7F, 0x00, 0xFF}}},
	{{{177, 31, 647}, 0, {496, 560}, {0x00, 0x7F, 0x00, 0xFF}}},
	{{{244, 31, 597}, 0, {492, 560}, {0x00, 0x7F, 0x00, 0xFF}}},
	{{{365, 31, 540}, 0, {488, 560}, {0x00, 0x7F, 0x00, 0xFF}}},
	{{{294, 31, 664}, 0, {492, 560}, {0x00, 0x7F, 0x00, 0xFF}}},
	{{{177, 31, 647}, 0, {496, 560}, {0xB3, 0x00, 0x9B, 0xFF}}},
	{{{177, 120, 647}, 0, {496, 560}, {0xB3, 0x00, 0x9B, 0xFF}}},
	{{{244, 120, 597}, 0, {492, 560}, {0xB3, 0x00, 0x9B, 0xFF}}},
	{{{244, 31, 597}, 0, {492, 560}, {0xB3, 0x00, 0x9B, 0xFF}}},
	{{{-244, 31, 597}, 0, {496, 688}, {0x4E, 0x02, 0x9C, 0xFF}}},
	{{{-244, 120, 597}, 0, {496, 688}, {0x4E, 0x02, 0x9C, 0xFF}}},
	{{{-177, 120, 651}, 0, {496, 688}, {0x4E, 0x02, 0x9C, 0xFF}}},
	{{{-177, 31, 647}, 0, {496, 688}, {0x4E, 0x02, 0x9C, 0xFF}}},
	{{{244, 31, 597}, 0, {492, 560}, {0x66, 0x00, 0xB4, 0xFF}}},
	{{{244, 120, 597}, 0, {492, 560}, {0x66, 0x00, 0xB4, 0xFF}}},
	{{{294, 120, 664}, 0, {492, 560}, {0x66, 0x00, 0xB4, 0xFF}}},
	{{{294, 31, 664}, 0, {492, 560}, {0x66, 0x00, 0xB4, 0xFF}}},
	{{{-177, -64, 647}, 0, {-16, 1008}, {0x72, 0x00, 0xC8, 0xFF}}},
	{{{-228, -64, 543}, 0, {-16, 1008}, {0x72, 0x00, 0xC8, 0xFF}}},
	{{{-228, 31, 543}, 0, {496, 688}, {0x72, 0x00, 0xC8, 0xFF}}},
	{{{-177, 31, 647}, 0, {496, 688}, {0x72, 0x00, 0xC8, 0xFF}}},
	{{{-228, -64, 543}, 0, {-16, 1008}, {0x7F, 0x00, 0x00, 0xFF}}},
	{{{-228, -64, 442}, 0, {-16, 1008}, {0x7F, 0x00, 0x00, 0xFF}}},
	{{{-228, 50, 442}, 0, {496, 688}, {0x7F, 0x00, 0x00, 0xFF}}},
	{{{-228, 31, 543}, 0, {496, 688}, {0x7F, 0x00, 0x00, 0xFF}}},
	{{{177, -64, 647}, 0, {-16, 1008}, {0x8E, 0x00, 0xC8, 0xFF}}},
	{{{177, 31, 647}, 0, {496, 560}, {0x8E, 0x00, 0xC8, 0xFF}}},
	{{{228, 31, 543}, 0, {496, 560}, {0x8E, 0x00, 0xC8, 0xFF}}},
	{{{177, -64, 647}, 0, {-16, 1008}, {0x8E, 0x00, 0xC8, 0xFF}}},
	{{{228, 31, 543}, 0, {496, 560}, {0x8E, 0x00, 0xC8, 0xFF}}},
	{{{228, -64, 543}, 0, {-16, 1008}, {0x8E, 0x00, 0xC8, 0xFF}}},
	{{{228, -64, 543}, 0, {-16, 1008}, {0x81, 0x00, 0x00, 0xFF}}},
	{{{228, 31, 543}, 0, {496, 560}, {0x81, 0x00, 0x00, 0xFF}}},
	{{{228, 50, 442}, 0, {496, 560}, {0x81, 0x00, 0x00, 0xFF}}},
	{{{228, -64, 442}, 0, {-16, 1008}, {0x81, 0x00, 0x00, 0xFF}}},
	{{{-224, 120, 711}, 0, {496, 688}, {0x00, 0x7F, 0x00, 0xFF}}},
	{{{-264, 120, 659}, 0, {496, 688}, {0x00, 0x7F, 0x00, 0xFF}}},
	{{{-294, 120, 664}, 0, {496, 688}, {0x00, 0x7F, 0x00, 0xFF}}},
	{{{-230, 120, 683}, 0, {496, 688}, {0x00, 0x7F, 0x00, 0xFF}}},
	{{{-177, 120, 651}, 0, {496, 688}, {0x00, 0x7F, 0x00, 0xFF}}},
	{{{-206, 120, 647}, 0, {496, 688}, {0x00, 0x7F, 0x00, 0xFF}}},
	{{{-244, 120, 597}, 0, {496, 688}, {0x00, 0x7F, 0x00, 0xFF}}},
	{{{-239, 120, 626}, 0, {496, 688}, {0x00, 0x7F, 0x00, 0xFF}}},
	{{{-294, 120, 664}, 0, {496, 688}, {0x00, 0x7F, 0x00, 0xFF}}},
	{{{-264, 120, 659}, 0, {496, 688}, {0x00, 0x7F, 0x00, 0xFF}}},
	{{{-239, 120, 626}, 0, {496, 688}, {0x45, 0x00, 0x95, 0xFF}}},
	{{{-239, 220, 626}, 0, {496, 688}, {0x45, 0x00, 0x95, 0xFF}}},
	{{{-206, 220, 647}, 0, {496, 688}, {0x45, 0x00, 0x95, 0xFF}}},
	{{{-206, 120, 647}, 0, {496, 688}, {0x45, 0x00, 0x95, 0xFF}}},
	{{{239, 120, 626}, 0, {492, 560}, {0x66, 0x00, 0xB4, 0xFF}}},
	{{{239, 220, 626}, 0, {492, 560}, {0x66, 0x00, 0xB4, 0xFF}}},
	{{{264, 220, 659}, 0, {492, 560}, {0x66, 0x00, 0xB4, 0xFF}}},
	{{{264, 120, 659}, 0, {492, 560}, {0x66, 0x00, 0xB4, 0xFF}}},
	{{{-206, 120, 647}, 0, {496, 688}, {0x6A, 0x00, 0x47, 0xFF}}},
	{{{-206, 220, 647}, 0, {496, 688}, {0x6A, 0x00, 0x47, 0xFF}}},
	{{{-230, 220, 683}, 0, {496, 688}, {0x6A, 0x00, 0x47, 0xFF}}},
	{{{-230, 120, 683}, 0, {496, 688}, {0x6A, 0x00, 0x47, 0xFF}}},
	{{{264, 120, 659}, 0, {492, 560}, {0x47, 0x00, 0x69, 0xFF}}},
	{{{264, 220, 659}, 0, {492, 560}, {0x47, 0x00, 0x69, 0xFF}}},
	{{{230, 220, 683}, 0, {496, 560}, {0x47, 0x00, 0x69, 0xFF}}},
	{{{264, 120, 659}, 0, {492, 560}, {0x47, 0x00, 0x69, 0xFF}}},
	{{{230, 220, 683}, 0, {496, 560}, {0x47, 0x00, 0x69, 0xFF}}},
	{{{230, 120, 683}, 0, {496, 560}, {0x47, 0x00, 0x69, 0xFF}}},
	{{{-264, 120, 659}, 0, {496, 688}, {0x9A, 0x00, 0xB4, 0xFF}}},
	{{{-264, 220, 659}, 0, {496, 688}, {0x9A, 0x00, 0xB4, 0xFF}}},
	{{{-239, 220, 626}, 0, {496, 688}, {0x9A, 0x00, 0xB4, 0xFF}}},
	{{{-239, 120, 626}, 0, {496, 688}, {0x9A, 0x00, 0xB4, 0xFF}}},
	{{{-230, 120, 683}, 0, {496, 688}, {0xB9, 0x00, 0x69, 0xFF}}},
	{{{-230, 220, 683}, 0, {496, 688}, {0xB9, 0x00, 0x69, 0xFF}}},
	{{{-264, 220, 659}, 0, {496, 688}, {0xB9, 0x00, 0x69, 0xFF}}},
	{{{-264, 120, 659}, 0, {496, 688}, {0xB9, 0x00, 0x69, 0xFF}}},
	{{{206, 120, 651}, 0, {496, 560}, {0xB3, 0x00, 0x9B, 0xFF}}},
	{{{206, 220, 651}, 0, {496, 560}, {0xB3, 0x00, 0x9B, 0xFF}}},
	{{{239, 220, 626}, 0, {492, 560}, {0xB3, 0x00, 0x9B, 0xFF}}},
	{{{239, 120, 626}, 0, {492, 560}, {0xB3, 0x00, 0x9B, 0xFF}}},
	{{{230, 120, 683}, 0, {496, 560}, {0x9A, 0x00, 0x4C, 0xFF}}},
	{{{230, 220, 683}, 0, {496, 560}, {0x9A, 0x00, 0x4C, 0xFF}}},
	{{{206, 220, 651}, 0, {496, 560}, {0x9A, 0x00, 0x4C, 0xFF}}},
	{{{206, 120, 651}, 0, {496, 560}, {0x9A, 0x00, 0x4C, 0xFF}}},
	{{{206, 220, 651}, 0, {496, 560}, {0x00, 0x7F, 0x00, 0xFF}}},
	{{{230, 220, 683}, 0, {496, 560}, {0x00, 0x7F, 0x00, 0xFF}}},
	{{{264, 220, 659}, 0, {492, 560}, {0x00, 0x7F, 0x00, 0xFF}}},
	{{{239, 220, 626}, 0, {492, 560}, {0x00, 0x7F, 0x00, 0xFF}}},
	{{{-206, 220, 647}, 0, {496, 688}, {0x00, 0x7F, 0x00, 0xFF}}},
	{{{-239, 220, 626}, 0, {496, 688}, {0x00, 0x7F, 0x00, 0xFF}}},
	{{{-264, 220, 659}, 0, {496, 688}, {0x00, 0x7F, 0x00, 0xFF}}},
	{{{-230, 220, 683}, 0, {496, 688}, {0x00, 0x7F, 0x00, 0xFF}}},
	{{{-2855, -64, 855}, 0, {368, 880}, {0x00, 0x7F, 0x00, 0xFF}}},
	{{{-2855, -64, 4577}, 0, {368, -16}, {0x00, 0x7F, 0x00, 0xFF}}},
	{{{-554, -64, 4577}, 0, {368, 48}, {0x00, 0x7F, 0x00, 0xFF}}},
	{{{-554, -64, 855}, 0, {368, 752}, {0x00, 0x7F, 0x00, 0xFF}}},
	{{{554, -64, 855}, 0, {368, 560}, {0x00, 0x7F, 0x00, 0xFF}}},
	{{{-554, -64, 4577}, 0, {368, 48}, {0x00, 0x7F, 0x00, 0xFF}}},
	{{{554, -64, 4577}, 0, {368, 176}, {0x00, 0x7F, 0x00, 0xFF}}},
	{{{554, -64, 855}, 0, {368, 560}, {0x00, 0x7F, 0x00, 0xFF}}},
	{{{2855, -64, 855}, 0, {368, 368}, {0x00, 0x7F, 0x00, 0xFF}}},
	{{{2855, -64, 4577}, 0, {368, 240}, {0x00, 0x7F, 0x00, 0xFF}}},
	{{{228, 2002, 3819}, 0, {496, 688}, {0x81, 0x00, 0x00, 0xFF}}},
	{{{228, 2002, 4069}, 0, {368, 688}, {0x81, 0x00, 0x00, 0xFF}}},
	{{{228, 2398, 4069}, 0, {624, 688}, {0x81, 0x00, 0x00, 0xFF}}},
	{{{228, 2398, 3819}, 0, {624, 688}, {0x81, 0x00, 0x00, 0xFF}}},
	{{{228, 2398, 3819}, 0, {816, 496}, {0x00, 0x81, 0x00, 0xFF}}},
	{{{228, 2398, 4069}, 0, {816, 496}, {0x00, 0x81, 0x00, 0xFF}}},
	{{{-228, 2398, 4069}, 0, {688, 496}, {0x00, 0x81, 0x00, 0xFF}}},
	{{{-228, 2398, 3819}, 0, {688, 496}, {0x00, 0x81, 0x00, 0xFF}}},
	{{{228, 2002, 4069}, 0, {368, 688}, {0x00, 0x00, 0x81, 0xFF}}},
	{{{147, 2002, 4069}, 0, {368, 688}, {0x00, 0x00, 0x81, 0xFF}}},
	{{{147, 2258, 4069}, 0, {624, 688}, {0x00, 0x00, 0x81, 0xFF}}},
	{{{228, 2398, 4069}, 0, {624, 688}, {0x00, 0x00, 0x81, 0xFF}}},
	{{{-228, 2398, 4069}, 0, {624, 560}, {0x00, 0x00, 0x81, 0xFF}}},
	{{{-147, 2258, 4069}, 0, {624, 560}, {0x00, 0x00, 0x81, 0xFF}}},
	{{{-147, 2002, 4069}, 0, {368, 560}, {0x00, 0x00, 0x81, 0xFF}}},
	{{{-228, 2002, 4069}, 0, {368, 560}, {0x00, 0x00, 0x81, 0xFF}}},
	{{{-228, 2398, 4069}, 0, {688, 496}, {0x00, 0x00, 0x81, 0xFF}}},
	{{{228, 2398, 4069}, 0, {816, 496}, {0x00, 0x00, 0x81, 0xFF}}},
	{{{147, 2258, 4069}, 0, {816, 496}, {0x00, 0x00, 0x81, 0xFF}}},
	{{{0, 2258, 4069}, 0, {752, 496}, {0x00, 0x00, 0x81, 0xFF}}},
	{{{-147, 2258, 4069}, 0, {688, 496}, {0x00, 0x00, 0x81, 0xFF}}},
	{{{147, 2002, 4097}, 0, {368, 688}, {0x81, 0x00, 0x00, 0xFF}}},
	{{{147, 2002, 4121}, 0, {368, 688}, {0x81, 0x00, 0x00, 0xFF}}},
	{{{147, 2258, 4121}, 0, {624, 688}, {0x81, 0x00, 0x00, 0xFF}}},
	{{{147, 2258, 4097}, 0, {624, 688}, {0x81, 0x00, 0x00, 0xFF}}},
	{{{147, 2002, 4069}, 0, {368, 688}, {0x81, 0x00, 0x00, 0xFF}}},
	{{{147, 2258, 4069}, 0, {624, 688}, {0x81, 0x00, 0x00, 0xFF}}},
	{{{-147, 2258, 4097}, 0, {624, 560}, {0x7F, 0x00, 0x00, 0xFF}}},
	{{{-147, 2258, 4121}, 0, {624, 560}, {0x7F, 0x00, 0x00, 0xFF}}},
	{{{-147, 2002, 4121}, 0, {368, 560}, {0x7F, 0x00, 0x00, 0xFF}}},
	{{{-147, 2002, 4097}, 0, {368, 560}, {0x7F, 0x00, 0x00, 0xFF}}},
	{{{147, 2258, 4097}, 0, {816, 496}, {0x00, 0x81, 0x00, 0xFF}}},
	{{{147, 2258, 4121}, 0, {816, 496}, {0x00, 0x81, 0x00, 0xFF}}},
	{{{-147, 2258, 4121}, 0, {688, 496}, {0x00, 0x81, 0x00, 0xFF}}},
	{{{-147, 2258, 4097}, 0, {688, 496}, {0x00, 0x81, 0x00, 0xFF}}},
	{{{-147, 2258, 4069}, 0, {688, 496}, {0x00, 0x81, 0x00, 0xFF}}},
	{{{0, 2258, 4069}, 0, {752, 496}, {0x00, 0x81, 0x00, 0xFF}}},
	{{{147, 2258, 4069}, 0, {816, 496}, {0x00, 0x81, 0x00, 0xFF}}},
	{{{-147, 2258, 4121}, 0, {624, 560}, {0x00, 0x00, 0x7F, 0xFF}}},
	{{{-228, 2398, 4121}, 0, {624, 560}, {0x00, 0x00, 0x7F, 0xFF}}},
	{{{-228, 2002, 4121}, 0, {368, 560}, {0x00, 0x00, 0x7F, 0xFF}}},
	{{{-147, 2002, 4121}, 0, {368, 560}, {0x00, 0x00, 0x7F, 0xFF}}},
	{{{147, 2258, 4121}, 0, {816, 496}, {0x00, 0x00, 0x7F, 0xFF}}},
	{{{228, 2398, 4121}, 0, {816, 496}, {0x00, 0x00, 0x7F, 0xFF}}},
	{{{-228, 2398, 4121}, 0, {688, 496}, {0x00, 0x00, 0x7F, 0xFF}}},
	{{{-147, 2258, 4121}, 0, {688, 496}, {0x00, 0x00, 0x7F, 0xFF}}},
	{{{-228, 2002, 4121}, 0, {368, 560}, {0x00, 0x7F, 0x00, 0xFF}}},
	{{{-228, 2002, 4524}, 0, {368, 560}, {0x00, 0x7F, 0x00, 0xFF}}},
	{{{-147, 2002, 4121}, 0, {368, 624}, {0x00, 0x7F, 0x00, 0xFF}}},
	{{{228, 2002, 4524}, 0, {368, 688}, {0x00, 0x7F, 0x00, 0xFF}}},
	{{{147, 2002, 4121}, 0, {368, 656}, {0x00, 0x7F, 0x00, 0xFF}}},
	{{{228, 2002, 4121}, 0, {368, 688}, {0x00, 0x7F, 0x00, 0xFF}}},
	{{{147, 2002, 4121}, 0, {368, 688}, {0x00, 0x00, 0x7F, 0xFF}}},
	{{{228, 2002, 4121}, 0, {368, 688}, {0x00, 0x00, 0x7F, 0xFF}}},
	{{{228, 2398, 4121}, 0, {624, 688}, {0x00, 0x00, 0x7F, 0xFF}}},
	{{{147, 2258, 4121}, 0, {624, 688}, {0x00, 0x00, 0x7F, 0xFF}}},
	{{{-228, 2002, 4069}, 0, {368, 560}, {0x00, 0x7F, 0x00, 0xFF}}},
	{{{-147, 2002, 4069}, 0, {368, 560}, {0x00, 0x7F, 0x00, 0xFF}}},
	{{{-228, 2002, 3819}, 0, {368, 560}, {0x00, 0x7F, 0x00, 0xFF}}},
	{{{147, 2002, 4069}, 0, {368, 688}, {0x00, 0x7F, 0x00, 0xFF}}},
	{{{-228, 2002, 3819}, 0, {368, 560}, {0x00, 0x7F, 0x00, 0xFF}}},
	{{{-147, 2002, 4069}, 0, {368, 560}, {0x00, 0x7F, 0x00, 0xFF}}},
	{{{147, 2002, 4097}, 0, {368, 688}, {0x00, 0x7F, 0x00, 0xFF}}},
	{{{-147, 2002, 4097}, 0, {368, 560}, {0x00, 0x7F, 0x00, 0xFF}}},
	{{{147, 2002, 4121}, 0, {368, 688}, {0x00, 0x7F, 0x00, 0xFF}}},
	{{{-147, 2002, 4121}, 0, {368, 560}, {0x00, 0x7F, 0x00, 0xFF}}},
	{{{228, 2002, 3819}, 0, {368, 688}, {0x00, 0x7F, 0x00, 0xFF}}},
	{{{228, 2002, 4069}, 0, {368, 688}, {0x00, 0x7F, 0x00, 0xFF}}},
	{{{-416, 2002, 3493}, 0, {368, 560}, {0x00, 0x7F, 0x00, 0xFF}}},
	{{{416, 2002, 3493}, 0, {368, 688}, {0x00, 0x7F, 0x00, 0xFF}}},
	{{{-228, 2398, 3819}, 0, {624, 560}, {0x7F, 0x00, 0x00, 0xFF}}},
	{{{-228, 2398, 4069}, 0, {624, 560}, {0x7F, 0x00, 0x00, 0xFF}}},
	{{{-228, 2002, 4069}, 0, {368, 560}, {0x7F, 0x00, 0x00, 0xFF}}},
	{{{-228, 2002, 3819}, 0, {496, 560}, {0x7F, 0x00, 0x00, 0xFF}}},
	{{{228, 2398, 3819}, 0, {624, 688}, {0x00, 0x00, 0x81, 0xFF}}},
	{{{416, 3166, 3819}, 0, {624, 688}, {0x00, 0x00, 0x81, 0xFF}}},
	{{{416, 2002, 3819}, 0, {496, 688}, {0x00, 0x00, 0x81, 0xFF}}},
	{{{228, 2002, 3819}, 0, {496, 688}, {0x00, 0x00, 0x81, 0xFF}}},
	{{{-228, 2002, 3819}, 0, {496, 560}, {0x00, 0x00, 0x81, 0xFF}}},
	{{{-416, 2002, 3819}, 0, {496, 560}, {0x00, 0x00, 0x81, 0xFF}}},
	{{{-416, 3166, 3819}, 0, {624, 560}, {0x00, 0x00, 0x81, 0xFF}}},
	{{{-228, 2398, 3819}, 0, {624, 560}, {0x00, 0x00, 0x81, 0xFF}}},
	{{{-228, 2398, 3819}, 0, {688, 496}, {0x00, 0x00, 0x81, 0xFF}}},
	{{{-416, 3166, 3819}, 0, {688, 496}, {0x00, 0x00, 0x81, 0xFF}}},
	{{{416, 3166, 3819}, 0, {816, 496}, {0x00, 0x00, 0x81, 0xFF}}},
	{{{228, 2398, 3819}, 0, {816, 496}, {0x00, 0x00, 0x81, 0xFF}}},
	{{{228, 2398, 4121}, 0, {816, 496}, {0x00, 0x81, 0x00, 0xFF}}},
	{{{228, 2398, 4524}, 0, {816, 496}, {0x00, 0x81, 0x00, 0xFF}}},
	{{{-228, 2398, 4524}, 0, {688, 496}, {0x00, 0x81, 0x00, 0xFF}}},
	{{{-228, 2398, 4121}, 0, {688, 496}, {0x00, 0x81, 0x00, 0xFF}}},
	{{{228, 2002, 4121}, 0, {368, 688}, {0x81, 0x00, 0x00, 0xFF}}},
	{{{228, 2002, 4524}, 0, {368, 688}, {0x81, 0x00, 0x00, 0xFF}}},
	{{{228, 2398, 4524}, 0, {624, 688}, {0x81, 0x00, 0x00, 0xFF}}},
	{{{228, 2398, 4121}, 0, {624, 688}, {0x81, 0x00, 0x00, 0xFF}}},
	{{{-228, 2398, 4121}, 0, {624, 560}, {0x7F, 0x00, 0x00, 0xFF}}},
	{{{-228, 2398, 4524}, 0, {624, 560}, {0x7F, 0x00, 0x00, 0xFF}}},
	{{{-228, 2002, 4524}, 0, {368, 560}, {0x7F, 0x00, 0x00, 0xFF}}},
	{{{-228, 2002, 4121}, 0, {368, 560}, {0x7F, 0x00, 0x00, 0xFF}}},
	{{{-228, 2002, 4524}, 0, {368, 560}, {0x00, 0x00, 0x81, 0xFF}}},
	{{{-228, 2398, 4524}, 0, {624, 560}, {0x00, 0x00, 0x81, 0xFF}}},
	{{{228, 2398, 4524}, 0, {816, 496}, {0x00, 0x00, 0x81, 0xFF}}},
	{{{228, 2002, 4524}, 0, {368, 688}, {0x00, 0x00, 0x81, 0xFF}}},
	{{{416, 2002, 3493}, 0, {368, 688}, {0x00, 0x00, 0x81, 0xFF}}},
	{{{416, 1951, 3493}, 0, {368, 688}, {0x00, 0x00, 0x81, 0xFF}}},
	{{{-416, 1951, 3493}, 0, {368, 560}, {0x00, 0x00, 0x81, 0xFF}}},
	{{{-416, 2002, 3493}, 0, {368, 560}, {0x00, 0x00, 0x81, 0xFF}}},
	{{{416, 1951, 3493}, 0, {368, 688}, {0x00, 0x81, 0x00, 0xFF}}},
	{{{416, 1951, 4577}, 0, {368, 688}, {0x00, 0x81, 0x00, 0xFF}}},
	{{{-416, 1951, 4577}, 0, {368, 560}, {0x00, 0x81, 0x00, 0xFF}}},
	{{{-416, 1951, 3493}, 0, {368, 560}, {0x00, 0x81, 0x00, 0xFF}}},
	{{{554, 3166, 4577}, 0, {688, 240}, {0x00, 0x81, 0x00, 0xFF}}},
	{{{416, 3166, 4577}, 0, {688, 240}, {0x00, 0x81, 0x00, 0xFF}}},
	{{{416, 3166, 3819}, 0, {688, 368}, {0x00, 0x81, 0x00, 0xFF}}},
	{{{554, 3166, 855}, 0, {688, 368}, {0x00, 0x81, 0x00, 0xFF}}},
	{{{554, 3166, 855}, 0, {624, 496}, {0x00, 0x81, 0x00, 0xFF}}},
	{{{416, 3166, 3819}, 0, {624, 496}, {0x00, 0x81, 0x00, 0xFF}}},
	{{{-416, 3166, 3819}, 0, {624, 752}, {0x00, 0x81, 0x00, 0xFF}}},
	{{{-554, 3166, 855}, 0, {624, 752}, {0x00, 0x81, 0x00, 0xFF}}},
	{{{-416, 2002, 3819}, 0, {496, 560}, {0x81, 0x00, 0x00, 0xFF}}},
	{{{-416, 2002, 3493}, 0, {496, 560}, {0x81, 0x00, 0x00, 0xFF}}},
	{{{-416, 1951, 3493}, 0, {496, 560}, {0x81, 0x00, 0x00, 0xFF}}},
	{{{-416, 1951, 4577}, 0, {496, 560}, {0x81, 0x00, 0x00, 0xFF}}},
	{{{-416, 2002, 3819}, 0, {496, 560}, {0x81, 0x00, 0x00, 0xFF}}},
	{{{-416, 1951, 4577}, 0, {496, 560}, {0x81, 0x00, 0x00, 0xFF}}},
	{{{-416, 3166, 4577}, 0, {496, 48}, {0x81, 0x00, 0x00, 0xFF}}},
	{{{-416, 3166, 3819}, 0, {816, 368}, {0x81, 0x00, 0x00, 0xFF}}},
	{{{416, 2002, 3493}, 0, {496, 688}, {0x7F, 0x00, 0x00, 0xFF}}},
	{{{416, 1951, 4577}, 0, {496, 688}, {0x7F, 0x00, 0x00, 0xFF}}},
	{{{416, 1951, 3493}, 0, {496, 688}, {0x7F, 0x00, 0x00, 0xFF}}},
	{{{416, 2002, 3819}, 0, {496, 688}, {0x7F, 0x00, 0x00, 0xFF}}},
	{{{416, 3166, 4577}, 0, {496, 176}, {0x7F, 0x00, 0x00, 0xFF}}},
	{{{416, 3166, 3819}, 0, {688, 368}, {0x7F, 0x00, 0x00, 0xFF}}},
	{{{-147, 0, -191}, 0, {368, 688}, {0x7F, 0x00, 0x00, 0xFF}}},
	{{{-147, 0, -217}, 0, {368, 688}, {0x7F, 0x00, 0x00, 0xFF}}},
	{{{-147, 256, -217}, 0, {624, 688}, {0x7F, 0x00, 0x00, 0xFF}}},
	{{{-147, 256, -191}, 0, {624, 688}, {0x7F, 0x00, 0x00, 0xFF}}},
	{{{-147, 2258, 4069}, 0, {624, 560}, {0x7F, 0x00, 0x00, 0xFF}}},
	{{{-147, 2258, 4097}, 0, {624, 560}, {0x7F, 0x00, 0x00, 0xFF}}},
	{{{-147, 2002, 4097}, 0, {368, 560}, {0x7F, 0x00, 0x00, 0xFF}}},
	{{{-147, 2002, 4069}, 0, {368, 560}, {0x7F, 0x00, 0x00, 0xFF}}},
	{{{177, 120, 647}, 0, {496, 560}, {0x00, 0x7F, 0x00, 0xFF}}},
	{{{206, 120, 651}, 0, {496, 560}, {0x00, 0x7F, 0x00, 0xFF}}},
	{{{239, 120, 626}, 0, {492, 560}, {0x00, 0x7F, 0x00, 0xFF}}},
	{{{224, 120, 711}, 0, {496, 560}, {0x00, 0x7F, 0x00, 0xFF}}},
	{{{230, 120, 683}, 0, {496, 560}, {0x00, 0x7F, 0x00, 0xFF}}},
	{{{294, 120, 664}, 0, {492, 560}, {0x00, 0x7F, 0x00, 0xFF}}},
	{{{264, 120, 659}, 0, {492, 560}, {0x00, 0x7F, 0x00, 0xFF}}},
	{{{244, 120, 597}, 0, {492, 560}, {0x00, 0x7F, 0x00, 0xFF}}},
};

Gfx prince_valley_dl_Cube_mesh_layer_1_tri_0[] = {
	gsSPVertex(prince_valley_dl_Cube_mesh_layer_1_vtx_0 + 0, 32, 0),
	gsSP2Triangles(0, 1, 2, 0, 3, 4, 5, 0),
	gsSP2Triangles(6, 7, 8, 0, 7, 9, 8, 0),
	gsSP2Triangles(7, 10, 9, 0, 10, 11, 9, 0),
	gsSP2Triangles(12, 11, 10, 0, 12, 13, 11, 0),
	gsSP2Triangles(14, 15, 16, 0, 14, 16, 17, 0),
	gsSP2Triangles(18, 19, 20, 0, 18, 20, 21, 0),
	gsSP2Triangles(22, 18, 21, 0, 22, 21, 23, 0),
	gsSP2Triangles(24, 25, 26, 0, 24, 26, 27, 0),
	gsSP2Triangles(28, 29, 30, 0, 28, 30, 31, 0),
	gsSPVertex(prince_valley_dl_Cube_mesh_layer_1_vtx_0 + 32, 30, 0),
	gsSP2Triangles(0, 1, 2, 0, 0, 2, 3, 0),
	gsSP2Triangles(4, 5, 6, 0, 4, 7, 5, 0),
	gsSP2Triangles(8, 7, 4, 0, 4, 9, 8, 0),
	gsSP2Triangles(4, 10, 9, 0, 10, 11, 9, 0),
	gsSP2Triangles(10, 12, 11, 0, 13, 14, 15, 0),
	gsSP2Triangles(13, 15, 16, 0, 17, 18, 19, 0),
	gsSP2Triangles(17, 19, 20, 0, 21, 22, 23, 0),
	gsSP2Triangles(21, 23, 24, 0, 25, 26, 27, 0),
	gsSP2Triangles(27, 28, 25, 0, 28, 29, 25, 0),
	gsSPVertex(prince_valley_dl_Cube_mesh_layer_1_vtx_0 + 62, 32, 0),
	gsSP2Triangles(0, 1, 2, 0, 0, 2, 3, 0),
	gsSP2Triangles(4, 5, 6, 0, 4, 6, 7, 0),
	gsSP2Triangles(8, 4, 7, 0, 8, 7, 9, 0),
	gsSP2Triangles(10, 11, 12, 0, 10, 12, 13, 0),
	gsSP2Triangles(10, 13, 14, 0, 10, 14, 15, 0),
	gsSP2Triangles(15, 16, 10, 0, 17, 18, 19, 0),
	gsSP2Triangles(17, 19, 20, 0, 21, 22, 23, 0),
	gsSP2Triangles(21, 23, 24, 0, 25, 26, 27, 0),
	gsSP2Triangles(25, 27, 28, 0, 29, 30, 31, 0),
	gsSPVertex(prince_valley_dl_Cube_mesh_layer_1_vtx_0 + 94, 32, 0),
	gsSP2Triangles(0, 1, 2, 0, 3, 4, 5, 0),
	gsSP2Triangles(3, 5, 6, 0, 7, 8, 9, 0),
	gsSP2Triangles(7, 9, 10, 0, 11, 12, 13, 0),
	gsSP2Triangles(11, 13, 14, 0, 15, 16, 17, 0),
	gsSP2Triangles(15, 17, 18, 0, 19, 20, 21, 0),
	gsSP2Triangles(19, 21, 22, 0, 23, 24, 25, 0),
	gsSP2Triangles(23, 25, 26, 0, 27, 28, 29, 0),
	gsSP2Triangles(27, 30, 28, 0, 30, 27, 31, 0),
	gsSPVertex(prince_valley_dl_Cube_mesh_layer_1_vtx_0 + 126, 32, 0),
	gsSP2Triangles(0, 1, 2, 0, 0, 3, 1, 0),
	gsSP2Triangles(3, 4, 1, 0, 3, 5, 4, 0),
	gsSP2Triangles(5, 6, 4, 0, 5, 7, 6, 0),
	gsSP2Triangles(8, 7, 5, 0, 7, 9, 6, 0),
	gsSP2Triangles(7, 10, 9, 0, 11, 4, 6, 0),
	gsSP2Triangles(12, 13, 14, 0, 14, 13, 15, 0),
	gsSP2Triangles(15, 13, 16, 0, 17, 16, 13, 0),
	gsSP2Triangles(17, 13, 2, 0, 18, 19, 20, 0),
	gsSP2Triangles(18, 20, 21, 0, 22, 18, 21, 0),
	gsSP2Triangles(22, 21, 23, 0, 18, 22, 24, 0),
	gsSP2Triangles(25, 26, 27, 0, 25, 27, 28, 0),
	gsSP1Triangle(29, 30, 31, 0),
	gsSPVertex(prince_valley_dl_Cube_mesh_layer_1_vtx_0 + 158, 32, 0),
	gsSP2Triangles(0, 1, 2, 0, 1, 3, 2, 0),
	gsSP2Triangles(1, 4, 3, 0, 5, 4, 1, 0),
	gsSP2Triangles(5, 6, 4, 0, 7, 6, 5, 0),
	gsSP2Triangles(5, 8, 7, 0, 5, 9, 8, 0),
	gsSP2Triangles(7, 10, 6, 0, 11, 12, 13, 0),
	gsSP2Triangles(11, 13, 14, 0, 15, 16, 17, 0),
	gsSP2Triangles(15, 17, 18, 0, 19, 20, 21, 0),
	gsSP2Triangles(19, 21, 22, 0, 23, 24, 25, 0),
	gsSP2Triangles(23, 25, 26, 0, 27, 28, 29, 0),
	gsSP2Triangles(30, 27, 29, 0, 30, 31, 27, 0),
	gsSPVertex(prince_valley_dl_Cube_mesh_layer_1_vtx_0 + 190, 31, 0),
	gsSP2Triangles(0, 1, 2, 0, 0, 3, 1, 0),
	gsSP2Triangles(4, 5, 6, 0, 4, 6, 7, 0),
	gsSP2Triangles(7, 6, 8, 0, 8, 9, 7, 0),
	gsSP2Triangles(8, 10, 9, 0, 10, 11, 9, 0),
	gsSP2Triangles(10, 12, 11, 0, 13, 14, 15, 0),
	gsSP2Triangles(13, 15, 16, 0, 13, 16, 17, 0),
	gsSP2Triangles(18, 19, 20, 0, 18, 20, 21, 0),
	gsSP2Triangles(22, 23, 24, 0, 22, 24, 25, 0),
	gsSP2Triangles(26, 27, 28, 0, 27, 29, 28, 0),
	gsSP1Triangle(27, 30, 29, 0),
	gsSPVertex(prince_valley_dl_Cube_mesh_layer_1_vtx_0 + 221, 32, 0),
	gsSP2Triangles(0, 1, 2, 0, 0, 2, 3, 0),
	gsSP2Triangles(4, 5, 6, 0, 4, 6, 7, 0),
	gsSP2Triangles(8, 9, 10, 0, 8, 10, 11, 0),
	gsSP2Triangles(10, 12, 11, 0, 10, 13, 12, 0),
	gsSP2Triangles(14, 15, 16, 0, 14, 17, 15, 0),
	gsSP2Triangles(14, 18, 17, 0, 14, 19, 18, 0),
	gsSP2Triangles(20, 21, 22, 0, 20, 22, 23, 0),
	gsSP2Triangles(24, 25, 26, 0, 24, 26, 27, 0),
	gsSP2Triangles(28, 29, 30, 0, 28, 30, 31, 0),
	gsSPVertex(prince_valley_dl_Cube_mesh_layer_1_vtx_0 + 253, 30, 0),
	gsSP2Triangles(0, 1, 2, 0, 0, 3, 1, 0),
	gsSP2Triangles(4, 5, 6, 0, 4, 6, 7, 0),
	gsSP2Triangles(8, 9, 10, 0, 8, 10, 11, 0),
	gsSP2Triangles(12, 13, 14, 0, 12, 15, 13, 0),
	gsSP2Triangles(16, 15, 12, 0, 16, 17, 15, 0),
	gsSP2Triangles(18, 17, 16, 0, 18, 19, 17, 0),
	gsSP2Triangles(20, 21, 22, 0, 23, 21, 20, 0),
	gsSP2Triangles(24, 23, 20, 0, 24, 25, 23, 0),
	gsSP2Triangles(26, 27, 25, 0, 28, 27, 26, 0),
	gsSP1Triangle(28, 26, 29, 0),
	gsSPVertex(prince_valley_dl_Cube_mesh_layer_1_vtx_0 + 283, 32, 0),
	gsSP2Triangles(0, 1, 2, 0, 0, 2, 3, 0),
	gsSP2Triangles(4, 5, 6, 0, 4, 6, 7, 0),
	gsSP2Triangles(8, 9, 10, 0, 8, 10, 11, 0),
	gsSP2Triangles(12, 13, 14, 0, 12, 14, 15, 0),
	gsSP2Triangles(16, 17, 18, 0, 16, 18, 19, 0),
	gsSP2Triangles(20, 21, 22, 0, 22, 21, 23, 0),
	gsSP2Triangles(24, 22, 23, 0, 24, 23, 25, 0),
	gsSP2Triangles(26, 24, 25, 0, 27, 28, 29, 0),
	gsSP2Triangles(30, 27, 29, 0, 31, 27, 30, 0),
	gsSPVertex(prince_valley_dl_Cube_mesh_layer_1_vtx_0 + 315, 32, 0),
	gsSP2Triangles(0, 1, 2, 0, 0, 2, 3, 0),
	gsSP2Triangles(4, 5, 6, 0, 4, 6, 7, 0),
	gsSP2Triangles(7, 6, 8, 0, 9, 10, 11, 0),
	gsSP2Triangles(9, 11, 12, 0, 13, 14, 15, 0),
	gsSP2Triangles(13, 15, 16, 0, 17, 18, 19, 0),
	gsSP2Triangles(17, 19, 20, 0, 21, 22, 23, 0),
	gsSP2Triangles(21, 23, 24, 0, 25, 26, 27, 0),
	gsSP2Triangles(25, 27, 28, 0, 29, 30, 31, 0),
	gsSPVertex(prince_valley_dl_Cube_mesh_layer_1_vtx_0 + 347, 32, 0),
	gsSP2Triangles(0, 1, 2, 0, 3, 4, 5, 0),
	gsSP2Triangles(3, 5, 6, 0, 7, 8, 9, 0),
	gsSP2Triangles(7, 10, 8, 0, 11, 10, 7, 0),
	gsSP2Triangles(11, 12, 10, 0, 13, 12, 11, 0),
	gsSP2Triangles(13, 14, 12, 0, 15, 14, 13, 0),
	gsSP2Triangles(15, 16, 14, 0, 17, 18, 19, 0),
	gsSP2Triangles(17, 19, 20, 0, 21, 22, 23, 0),
	gsSP2Triangles(21, 23, 24, 0, 25, 26, 27, 0),
	gsSP2Triangles(25, 27, 28, 0, 29, 30, 31, 0),
	gsSPVertex(prince_valley_dl_Cube_mesh_layer_1_vtx_0 + 379, 32, 0),
	gsSP2Triangles(0, 1, 2, 0, 3, 4, 5, 0),
	gsSP2Triangles(3, 5, 6, 0, 7, 8, 9, 0),
	gsSP2Triangles(7, 9, 10, 0, 11, 12, 13, 0),
	gsSP2Triangles(11, 13, 14, 0, 15, 16, 17, 0),
	gsSP2Triangles(15, 17, 18, 0, 19, 20, 21, 0),
	gsSP2Triangles(19, 21, 22, 0, 23, 24, 25, 0),
	gsSP2Triangles(23, 25, 26, 0, 27, 28, 29, 0),
	gsSP2Triangles(27, 29, 30, 0, 29, 31, 30, 0),
	gsSPVertex(prince_valley_dl_Cube_mesh_layer_1_vtx_0 + 411, 32, 0),
	gsSP2Triangles(0, 1, 2, 0, 3, 2, 1, 0),
	gsSP2Triangles(3, 1, 4, 0, 5, 6, 7, 0),
	gsSP2Triangles(5, 7, 8, 0, 9, 10, 11, 0),
	gsSP2Triangles(9, 11, 12, 0, 13, 14, 15, 0),
	gsSP2Triangles(13, 15, 16, 0, 17, 18, 19, 0),
	gsSP2Triangles(17, 19, 20, 0, 21, 22, 23, 0),
	gsSP2Triangles(23, 24, 21, 0, 24, 25, 21, 0),
	gsSP2Triangles(26, 27, 28, 0, 26, 28, 29, 0),
	gsSP2Triangles(30, 26, 29, 0, 30, 29, 31, 0),
	gsSPVertex(prince_valley_dl_Cube_mesh_layer_1_vtx_0 + 443, 32, 0),
	gsSP2Triangles(0, 1, 2, 0, 0, 2, 3, 0),
	gsSP2Triangles(4, 5, 6, 0, 4, 6, 7, 0),
	gsSP2Triangles(4, 7, 8, 0, 4, 8, 9, 0),
	gsSP2Triangles(9, 10, 4, 0, 11, 12, 13, 0),
	gsSP2Triangles(11, 13, 14, 0, 15, 16, 17, 0),
	gsSP2Triangles(15, 17, 18, 0, 19, 20, 21, 0),
	gsSP2Triangles(21, 20, 22, 0, 21, 22, 23, 0),
	gsSP2Triangles(22, 24, 23, 0, 25, 26, 27, 0),
	gsSP2Triangles(25, 27, 28, 0, 29, 30, 31, 0),
	gsSPVertex(prince_valley_dl_Cube_mesh_layer_1_vtx_0 + 475, 31, 0),
	gsSP2Triangles(0, 1, 2, 0, 3, 0, 2, 0),
	gsSP2Triangles(3, 2, 4, 0, 5, 3, 4, 0),
	gsSP2Triangles(5, 4, 6, 0, 0, 7, 1, 0),
	gsSP2Triangles(8, 7, 0, 0, 7, 9, 1, 0),
	gsSP2Triangles(7, 10, 9, 0, 11, 12, 13, 0),
	gsSP2Triangles(11, 13, 14, 0, 15, 16, 17, 0),
	gsSP2Triangles(15, 17, 18, 0, 19, 20, 21, 0),
	gsSP2Triangles(19, 21, 22, 0, 23, 24, 25, 0),
	gsSP2Triangles(23, 25, 26, 0, 27, 28, 29, 0),
	gsSP1Triangle(27, 29, 30, 0),
	gsSPVertex(prince_valley_dl_Cube_mesh_layer_1_vtx_0 + 506, 32, 0),
	gsSP2Triangles(0, 1, 2, 0, 0, 2, 3, 0),
	gsSP2Triangles(4, 5, 6, 0, 4, 6, 7, 0),
	gsSP2Triangles(8, 9, 10, 0, 8, 10, 11, 0),
	gsSP2Triangles(12, 13, 14, 0, 12, 14, 15, 0),
	gsSP2Triangles(16, 17, 18, 0, 16, 18, 19, 0),
	gsSP2Triangles(20, 21, 22, 0, 20, 22, 23, 0),
	gsSP2Triangles(24, 25, 26, 0, 24, 26, 27, 0),
	gsSP2Triangles(28, 29, 30, 0, 28, 30, 31, 0),
	gsSPVertex(prince_valley_dl_Cube_mesh_layer_1_vtx_0 + 538, 26, 0),
	gsSP2Triangles(0, 1, 2, 0, 0, 2, 3, 0),
	gsSP2Triangles(4, 5, 6, 0, 4, 7, 5, 0),
	gsSP2Triangles(7, 8, 5, 0, 7, 9, 8, 0),
	gsSP2Triangles(10, 11, 12, 0, 10, 12, 13, 0),
	gsSP2Triangles(14, 15, 16, 0, 14, 16, 17, 0),
	gsSP2Triangles(18, 19, 20, 0, 21, 19, 18, 0),
	gsSP2Triangles(21, 22, 19, 0, 23, 22, 21, 0),
	gsSP2Triangles(23, 24, 22, 0, 25, 24, 23, 0),
	gsSP2Triangles(25, 20, 24, 0, 18, 20, 25, 0),
	gsSPEndDisplayList(),
};

Gfx mat_prince_valley_dl_mat_cloudswhite[] = {
	gsSPLightColor(LIGHT_1, 0xFFFFFFFF),
	gsSPLightColor(LIGHT_2, 0x7F7F7FFF),
	gsDPPipeSync(),
	gsDPSetCombineLERP(TEXEL0, 0, SHADE, 0, 0, 0, 0, ENVIRONMENT, TEXEL0, 0, SHADE, 0, 0, 0, 0, ENVIRONMENT),
	gsDPSetAlphaDither(G_AD_NOISE),
	gsDPSetTextureLUT(G_TT_RGBA16),
	gsSPTexture(65535, 65535, 0, 0, 1),
	gsDPSetTextureImage(G_IM_FMT_RGBA, G_IM_SIZ_16b, 1, prince_valley_dl_t_cloudswhite_pal_rgba16),
	gsDPSetTile(0, 0, 0, 256, 5, 0, G_TX_WRAP | G_TX_NOMIRROR, 0, 0, G_TX_WRAP | G_TX_NOMIRROR, 0, 0),
	gsDPLoadTLUTCmd(5, 18),
	gsDPSetTextureImage(G_IM_FMT_CI, G_IM_SIZ_8b_LOAD_BLOCK, 1, prince_valley_dl_t_cloudswhite_ci8),
	gsDPSetTile(G_IM_FMT_CI, G_IM_SIZ_8b_LOAD_BLOCK, 0, 0, 7, 0, G_TX_WRAP | G_TX_NOMIRROR, 0, 0, G_TX_WRAP | G_TX_NOMIRROR, 0, 0),
	gsDPLoadBlock(7, 0, 0, 511, 512),
	gsDPSetTile(G_IM_FMT_CI, G_IM_SIZ_8b, 4, 0, 0, 0, G_TX_WRAP | G_TX_NOMIRROR, 5, 0, G_TX_WRAP | G_TX_NOMIRROR, 5, 0),
	gsDPSetTileSize(0, 0, 0, 124, 124),
	gsSPEndDisplayList(),
};

Gfx mat_revert_prince_valley_dl_mat_cloudswhite[] = {
	gsDPPipeSync(),
	gsDPSetAlphaDither(G_AD_DISABLE),
	gsDPSetTextureLUT(G_TT_NONE),
	gsSPEndDisplayList(),
};

Gfx mat_prince_valley_dl_mat_treewood[] = {
	gsSPLightColor(LIGHT_1, 0xFF883CFF),
	gsSPLightColor(LIGHT_2, 0x7F4119FF),
	gsDPPipeSync(),
	gsDPSetCombineLERP(TEXEL0, 0, SHADE, 0, 0, 0, 0, ENVIRONMENT, TEXEL0, 0, SHADE, 0, 0, 0, 0, ENVIRONMENT),
	gsDPSetAlphaDither(G_AD_NOISE),
	gsDPSetTextureLUT(G_TT_RGBA16),
	gsSPTexture(65535, 65535, 0, 0, 1),
	gsDPSetTextureImage(G_IM_FMT_RGBA, G_IM_SIZ_16b, 1, prince_valley_dl_t_0_planks_pal_rgba16),
	gsDPSetTile(0, 0, 0, 256, 5, 0, G_TX_WRAP | G_TX_NOMIRROR, 0, 0, G_TX_WRAP | G_TX_NOMIRROR, 0, 0),
	gsDPLoadTLUTCmd(5, 34),
	gsDPSetTextureImage(G_IM_FMT_CI, G_IM_SIZ_8b_LOAD_BLOCK, 1, prince_valley_dl_t_0_planks_ci8),
	gsDPSetTile(G_IM_FMT_CI, G_IM_SIZ_8b_LOAD_BLOCK, 0, 0, 7, 0, G_TX_WRAP | G_TX_NOMIRROR, 0, 0, G_TX_WRAP | G_TX_NOMIRROR, 0, 0),
	gsDPLoadBlock(7, 0, 0, 511, 512),
	gsDPSetTile(G_IM_FMT_CI, G_IM_SIZ_8b, 4, 0, 0, 0, G_TX_WRAP | G_TX_NOMIRROR, 5, 0, G_TX_WRAP | G_TX_NOMIRROR, 5, 0),
	gsDPSetTileSize(0, 0, 0, 124, 124),
	gsSPEndDisplayList(),
};

Gfx mat_revert_prince_valley_dl_mat_treewood[] = {
	gsDPPipeSync(),
	gsDPSetAlphaDither(G_AD_DISABLE),
	gsDPSetTextureLUT(G_TT_NONE),
	gsSPEndDisplayList(),
};

Gfx mat_prince_valley_dl_mat_grass[] = {
	gsSPLightColor(LIGHT_1, 0xFFFFFFFF),
	gsSPLightColor(LIGHT_2, 0x7F7F7FFF),
	gsDPPipeSync(),
	gsDPSetCombineLERP(TEXEL0, 0, SHADE, 0, 0, 0, 0, ENVIRONMENT, TEXEL0, 0, SHADE, 0, 0, 0, 0, ENVIRONMENT),
	gsDPSetAlphaDither(G_AD_NOISE),
	gsDPSetTextureLUT(G_TT_RGBA16),
	gsSPTexture(65535, 65535, 0, 0, 1),
	gsDPSetTextureImage(G_IM_FMT_RGBA, G_IM_SIZ_16b, 1, prince_valley_dl_t_princevalley_grass_pal_rgba16),
	gsDPSetTile(0, 0, 0, 256, 5, 0, G_TX_WRAP | G_TX_NOMIRROR, 0, 0, G_TX_WRAP | G_TX_NOMIRROR, 0, 0),
	gsDPLoadTLUTCmd(5, 27),
	gsDPSetTextureImage(G_IM_FMT_CI, G_IM_SIZ_8b_LOAD_BLOCK, 1, prince_valley_dl_t_princevalley_grass_ci8),
	gsDPSetTile(G_IM_FMT_CI, G_IM_SIZ_8b_LOAD_BLOCK, 0, 0, 7, 0, G_TX_WRAP | G_TX_NOMIRROR, 0, 0, G_TX_WRAP | G_TX_NOMIRROR, 0, 0),
	gsDPLoadBlock(7, 0, 0, 511, 512),
	gsDPSetTile(G_IM_FMT_CI, G_IM_SIZ_8b, 4, 0, 0, 0, G_TX_WRAP | G_TX_NOMIRROR, 5, 0, G_TX_WRAP | G_TX_NOMIRROR, 5, 0),
	gsDPSetTileSize(0, 0, 0, 124, 124),
	gsSPEndDisplayList(),
};

Gfx mat_revert_prince_valley_dl_mat_grass[] = {
	gsDPPipeSync(),
	gsDPSetAlphaDither(G_AD_DISABLE),
	gsDPSetTextureLUT(G_TT_NONE),
	gsSPEndDisplayList(),
};

Gfx mat_prince_valley_dl_mat_grass_shadow[] = {
	gsSPLightColor(LIGHT_1, 0x818181FF),
	gsSPLightColor(LIGHT_2, 0x3D3D3DFF),
	gsDPPipeSync(),
	gsDPSetCombineLERP(TEXEL0, 0, SHADE, 0, 0, 0, 0, ENVIRONMENT, TEXEL0, 0, SHADE, 0, 0, 0, 0, ENVIRONMENT),
	gsDPSetAlphaDither(G_AD_NOISE),
	gsDPSetTextureLUT(G_TT_RGBA16),
	gsSPTexture(65535, 65535, 0, 0, 1),
	gsDPSetTextureImage(G_IM_FMT_RGBA, G_IM_SIZ_16b, 1, prince_valley_dl_t_princevalley_grass_pal_rgba16),
	gsDPSetTile(0, 0, 0, 256, 5, 0, G_TX_WRAP | G_TX_NOMIRROR, 0, 0, G_TX_WRAP | G_TX_NOMIRROR, 0, 0),
	gsDPLoadTLUTCmd(5, 27),
	gsDPSetTextureImage(G_IM_FMT_CI, G_IM_SIZ_8b_LOAD_BLOCK, 1, prince_valley_dl_t_princevalley_grass_ci8),
	gsDPSetTile(G_IM_FMT_CI, G_IM_SIZ_8b_LOAD_BLOCK, 0, 0, 7, 0, G_TX_WRAP | G_TX_NOMIRROR, 0, 0, G_TX_WRAP | G_TX_NOMIRROR, 0, 0),
	gsDPLoadBlock(7, 0, 0, 511, 512),
	gsDPSetTile(G_IM_FMT_CI, G_IM_SIZ_8b, 4, 0, 0, 0, G_TX_WRAP | G_TX_NOMIRROR, 5, 0, G_TX_WRAP | G_TX_NOMIRROR, 5, 0),
	gsDPSetTileSize(0, 0, 0, 124, 124),
	gsSPEndDisplayList(),
};

Gfx mat_revert_prince_valley_dl_mat_grass_shadow[] = {
	gsDPPipeSync(),
	gsDPSetAlphaDither(G_AD_DISABLE),
	gsDPSetTextureLUT(G_TT_NONE),
	gsSPEndDisplayList(),
};

Gfx mat_prince_valley_dl_mat_grass_warp_1[] = {
	gsSPLightColor(LIGHT_1, 0xFFFFFFFF),
	gsSPLightColor(LIGHT_2, 0x7F7F7FFF),
	gsDPPipeSync(),
	gsDPSetCombineLERP(TEXEL0, 0, SHADE, 0, 0, 0, 0, ENVIRONMENT, TEXEL0, 0, SHADE, 0, 0, 0, 0, ENVIRONMENT),
	gsDPSetAlphaDither(G_AD_NOISE),
	gsDPSetTextureLUT(G_TT_RGBA16),
	gsSPTexture(65535, 65535, 0, 0, 1),
	gsDPSetTextureImage(G_IM_FMT_RGBA, G_IM_SIZ_16b, 1, prince_valley_dl_t_princevalley_grass_pal_rgba16),
	gsDPSetTile(0, 0, 0, 256, 5, 0, G_TX_WRAP | G_TX_NOMIRROR, 0, 0, G_TX_WRAP | G_TX_NOMIRROR, 0, 0),
	gsDPLoadTLUTCmd(5, 27),
	gsDPSetTextureImage(G_IM_FMT_CI, G_IM_SIZ_8b_LOAD_BLOCK, 1, prince_valley_dl_t_princevalley_grass_ci8),
	gsDPSetTile(G_IM_FMT_CI, G_IM_SIZ_8b_LOAD_BLOCK, 0, 0, 7, 0, G_TX_WRAP | G_TX_NOMIRROR, 0, 0, G_TX_WRAP | G_TX_NOMIRROR, 0, 0),
	gsDPLoadBlock(7, 0, 0, 511, 512),
	gsDPSetTile(G_IM_FMT_CI, G_IM_SIZ_8b, 4, 0, 0, 0, G_TX_WRAP | G_TX_NOMIRROR, 5, 0, G_TX_WRAP | G_TX_NOMIRROR, 5, 0),
	gsDPSetTileSize(0, 0, 0, 124, 124),
	gsSPEndDisplayList(),
};

Gfx mat_revert_prince_valley_dl_mat_grass_warp_1[] = {
	gsDPPipeSync(),
	gsDPSetAlphaDither(G_AD_DISABLE),
	gsDPSetTextureLUT(G_TT_NONE),
	gsSPEndDisplayList(),
};

Gfx mat_prince_valley_dl_mat_road[] = {
	gsSPLightColor(LIGHT_1, 0xFFFFFFFF),
	gsSPLightColor(LIGHT_2, 0x7F7F7FFF),
	gsDPPipeSync(),
	gsDPSetCombineLERP(TEXEL0, 0, SHADE, 0, 0, 0, 0, ENVIRONMENT, TEXEL0, 0, SHADE, 0, 0, 0, 0, ENVIRONMENT),
	gsDPSetAlphaDither(G_AD_NOISE),
	gsSPTexture(65535, 65535, 0, 0, 1),
	gsDPSetTextureImage(G_IM_FMT_RGBA, G_IM_SIZ_16b_LOAD_BLOCK, 1, prince_valley_dl_t_princevalley_roads_rgba16),
	gsDPSetTile(G_IM_FMT_RGBA, G_IM_SIZ_16b_LOAD_BLOCK, 0, 0, 7, 0, G_TX_WRAP | G_TX_NOMIRROR, 0, 0, G_TX_WRAP | G_TX_NOMIRROR, 0, 0),
	gsDPLoadBlock(7, 0, 0, 1023, 256),
	gsDPSetTile(G_IM_FMT_RGBA, G_IM_SIZ_16b, 8, 0, 0, 0, G_TX_WRAP | G_TX_NOMIRROR, 5, 0, G_TX_WRAP | G_TX_NOMIRROR, 5, 0),
	gsDPSetTileSize(0, 0, 0, 124, 124),
	gsSPEndDisplayList(),
};

Gfx mat_revert_prince_valley_dl_mat_road[] = {
	gsDPPipeSync(),
	gsDPSetAlphaDither(G_AD_DISABLE),
	gsSPEndDisplayList(),
};

Gfx mat_prince_valley_dl_mat_road_shadow[] = {
	gsSPLightColor(LIGHT_1, 0x818181FF),
	gsSPLightColor(LIGHT_2, 0x3D3D3DFF),
	gsDPPipeSync(),
	gsDPSetCombineLERP(TEXEL0, 0, SHADE, 0, 0, 0, 0, ENVIRONMENT, TEXEL0, 0, SHADE, 0, 0, 0, 0, ENVIRONMENT),
	gsDPSetAlphaDither(G_AD_NOISE),
	gsSPTexture(65535, 65535, 0, 0, 1),
	gsDPSetTextureImage(G_IM_FMT_RGBA, G_IM_SIZ_16b_LOAD_BLOCK, 1, prince_valley_dl_t_princevalley_roads_rgba16),
	gsDPSetTile(G_IM_FMT_RGBA, G_IM_SIZ_16b_LOAD_BLOCK, 0, 0, 7, 0, G_TX_WRAP | G_TX_NOMIRROR, 0, 0, G_TX_WRAP | G_TX_NOMIRROR, 0, 0),
	gsDPLoadBlock(7, 0, 0, 1023, 256),
	gsDPSetTile(G_IM_FMT_RGBA, G_IM_SIZ_16b, 8, 0, 0, 0, G_TX_WRAP | G_TX_NOMIRROR, 5, 0, G_TX_WRAP | G_TX_NOMIRROR, 5, 0),
	gsDPSetTileSize(0, 0, 0, 124, 124),
	gsSPEndDisplayList(),
};

Gfx mat_revert_prince_valley_dl_mat_road_shadow[] = {
	gsDPPipeSync(),
	gsDPSetAlphaDither(G_AD_DISABLE),
	gsSPEndDisplayList(),
};

Gfx mat_prince_valley_dl_mat_road_warp_1[] = {
	gsSPLightColor(LIGHT_1, 0xFFFFFFFF),
	gsSPLightColor(LIGHT_2, 0x7F7F7FFF),
	gsDPPipeSync(),
	gsDPSetCombineLERP(TEXEL0, 0, SHADE, 0, 0, 0, 0, ENVIRONMENT, TEXEL0, 0, SHADE, 0, 0, 0, 0, ENVIRONMENT),
	gsDPSetAlphaDither(G_AD_NOISE),
	gsSPTexture(65535, 65535, 0, 0, 1),
	gsDPSetTextureImage(G_IM_FMT_RGBA, G_IM_SIZ_16b_LOAD_BLOCK, 1, prince_valley_dl_t_princevalley_roads_rgba16),
	gsDPSetTile(G_IM_FMT_RGBA, G_IM_SIZ_16b_LOAD_BLOCK, 0, 0, 7, 0, G_TX_WRAP | G_TX_NOMIRROR, 0, 0, G_TX_WRAP | G_TX_NOMIRROR, 0, 0),
	gsDPLoadBlock(7, 0, 0, 1023, 256),
	gsDPSetTile(G_IM_FMT_RGBA, G_IM_SIZ_16b, 8, 0, 0, 0, G_TX_WRAP | G_TX_NOMIRROR, 5, 0, G_TX_WRAP | G_TX_NOMIRROR, 5, 0),
	gsDPSetTileSize(0, 0, 0, 124, 124),
	gsSPEndDisplayList(),
};

Gfx mat_revert_prince_valley_dl_mat_road_warp_1[] = {
	gsDPPipeSync(),
	gsDPSetAlphaDither(G_AD_DISABLE),
	gsSPEndDisplayList(),
};

Gfx mat_prince_valley_dl_mat_rockyhillside[] = {
	gsSPLightColor(LIGHT_1, 0xFFFFFFFF),
	gsSPLightColor(LIGHT_2, 0x7F7F7FFF),
	gsDPPipeSync(),
	gsDPSetCombineLERP(TEXEL0, 0, SHADE, 0, 0, 0, 0, ENVIRONMENT, TEXEL0, 0, SHADE, 0, 0, 0, 0, ENVIRONMENT),
	gsDPSetAlphaDither(G_AD_NOISE),
	gsDPSetTextureLUT(G_TT_RGBA16),
	gsSPTexture(65535, 65535, 0, 0, 1),
	gsDPSetTextureImage(G_IM_FMT_RGBA, G_IM_SIZ_16b, 1, prince_valley_dl_t_princevalley_hill_pal_rgba16),
	gsDPSetTile(0, 0, 0, 256, 5, 0, G_TX_WRAP | G_TX_NOMIRROR, 0, 0, G_TX_WRAP | G_TX_NOMIRROR, 0, 0),
	gsDPLoadTLUTCmd(5, 11),
	gsDPSetTextureImage(G_IM_FMT_CI, G_IM_SIZ_8b_LOAD_BLOCK, 1, prince_valley_dl_t_princevalley_hill_ci8),
	gsDPSetTile(G_IM_FMT_CI, G_IM_SIZ_8b_LOAD_BLOCK, 0, 0, 7, 0, G_TX_WRAP | G_TX_NOMIRROR, 0, 0, G_TX_WRAP | G_TX_NOMIRROR, 0, 0),
	gsDPLoadBlock(7, 0, 0, 511, 512),
	gsDPSetTile(G_IM_FMT_CI, G_IM_SIZ_8b, 4, 0, 0, 0, G_TX_WRAP | G_TX_NOMIRROR, 5, 0, G_TX_WRAP | G_TX_NOMIRROR, 5, 0),
	gsDPSetTileSize(0, 0, 0, 124, 124),
	gsSPEndDisplayList(),
};

Gfx mat_revert_prince_valley_dl_mat_rockyhillside[] = {
	gsDPPipeSync(),
	gsDPSetAlphaDither(G_AD_DISABLE),
	gsDPSetTextureLUT(G_TT_NONE),
	gsSPEndDisplayList(),
};

Gfx mat_prince_valley_dl_mat_rockyhillside_shadow[] = {
	gsSPLightColor(LIGHT_1, 0x818181FF),
	gsSPLightColor(LIGHT_2, 0x3D3D3DFF),
	gsDPPipeSync(),
	gsDPSetCombineLERP(TEXEL0, 0, SHADE, 0, 0, 0, 0, ENVIRONMENT, TEXEL0, 0, SHADE, 0, 0, 0, 0, ENVIRONMENT),
	gsDPSetAlphaDither(G_AD_NOISE),
	gsDPSetTextureLUT(G_TT_RGBA16),
	gsSPTexture(65535, 65535, 0, 0, 1),
	gsDPSetTextureImage(G_IM_FMT_RGBA, G_IM_SIZ_16b, 1, prince_valley_dl_t_princevalley_hill_pal_rgba16),
	gsDPSetTile(0, 0, 0, 256, 5, 0, G_TX_WRAP | G_TX_NOMIRROR, 0, 0, G_TX_WRAP | G_TX_NOMIRROR, 0, 0),
	gsDPLoadTLUTCmd(5, 11),
	gsDPSetTextureImage(G_IM_FMT_CI, G_IM_SIZ_16b, 1, prince_valley_dl_t_princevalley_hill_ci4),
	gsDPSetTile(G_IM_FMT_CI, G_IM_SIZ_16b, 0, 0, 7, 0, G_TX_WRAP | G_TX_NOMIRROR, 0, 0, G_TX_WRAP | G_TX_NOMIRROR, 0, 0),
	gsDPLoadBlock(7, 0, 0, 255, 1024),
	gsDPSetTile(G_IM_FMT_CI, G_IM_SIZ_4b, 2, 0, 0, 0, G_TX_WRAP | G_TX_NOMIRROR, 5, 0, G_TX_WRAP | G_TX_NOMIRROR, 5, 0),
	gsDPSetTileSize(0, 0, 0, 124, 124),
	gsSPEndDisplayList(),
};

Gfx mat_revert_prince_valley_dl_mat_rockyhillside_shadow[] = {
	gsDPPipeSync(),
	gsDPSetAlphaDither(G_AD_DISABLE),
	gsDPSetTextureLUT(G_TT_NONE),
	gsSPEndDisplayList(),
};

Gfx mat_prince_valley_dl_mat_rockyhillside_slide[] = {
	gsSPLightColor(LIGHT_1, 0xFFFFFFFF),
	gsSPLightColor(LIGHT_2, 0x7F7F7FFF),
	gsDPPipeSync(),
	gsDPSetCombineLERP(TEXEL0, 0, SHADE, 0, 0, 0, 0, ENVIRONMENT, TEXEL0, 0, SHADE, 0, 0, 0, 0, ENVIRONMENT),
	gsDPSetAlphaDither(G_AD_NOISE),
	gsDPSetTextureLUT(G_TT_RGBA16),
	gsSPTexture(65535, 65535, 0, 0, 1),
	gsDPSetTextureImage(G_IM_FMT_RGBA, G_IM_SIZ_16b, 1, prince_valley_dl_t_princevalley_hill_pal_rgba16),
	gsDPSetTile(0, 0, 0, 256, 5, 0, G_TX_WRAP | G_TX_NOMIRROR, 0, 0, G_TX_WRAP | G_TX_NOMIRROR, 0, 0),
	gsDPLoadTLUTCmd(5, 11),
	gsDPSetTextureImage(G_IM_FMT_CI, G_IM_SIZ_16b, 1, prince_valley_dl_t_princevalley_hill_ci4),
	gsDPSetTile(G_IM_FMT_CI, G_IM_SIZ_16b, 0, 0, 7, 0, G_TX_WRAP | G_TX_NOMIRROR, 0, 0, G_TX_WRAP | G_TX_NOMIRROR, 0, 0),
	gsDPLoadBlock(7, 0, 0, 255, 1024),
	gsDPSetTile(G_IM_FMT_CI, G_IM_SIZ_4b, 2, 0, 0, 0, G_TX_WRAP | G_TX_NOMIRROR, 5, 0, G_TX_WRAP | G_TX_NOMIRROR, 5, 0),
	gsDPSetTileSize(0, 0, 0, 124, 124),
	gsSPEndDisplayList(),
};

Gfx mat_revert_prince_valley_dl_mat_rockyhillside_slide[] = {
	gsDPPipeSync(),
	gsDPSetAlphaDither(G_AD_DISABLE),
	gsDPSetTextureLUT(G_TT_NONE),
	gsSPEndDisplayList(),
};

Gfx mat_prince_valley_dl_mat_rockyhillside_warp_1[] = {
	gsSPLightColor(LIGHT_1, 0xFFFFFFFF),
	gsSPLightColor(LIGHT_2, 0x7F7F7FFF),
	gsDPPipeSync(),
	gsDPSetCombineLERP(TEXEL0, 0, SHADE, 0, 0, 0, 0, ENVIRONMENT, TEXEL0, 0, SHADE, 0, 0, 0, 0, ENVIRONMENT),
	gsDPSetAlphaDither(G_AD_NOISE),
	gsDPSetTextureLUT(G_TT_RGBA16),
	gsSPTexture(65535, 65535, 0, 0, 1),
	gsDPSetTextureImage(G_IM_FMT_RGBA, G_IM_SIZ_16b, 1, prince_valley_dl_t_princevalley_hill_pal_rgba16),
	gsDPSetTile(0, 0, 0, 256, 5, 0, G_TX_WRAP | G_TX_NOMIRROR, 0, 0, G_TX_WRAP | G_TX_NOMIRROR, 0, 0),
	gsDPLoadTLUTCmd(5, 11),
	gsDPSetTextureImage(G_IM_FMT_CI, G_IM_SIZ_16b, 1, prince_valley_dl_t_princevalley_hill_ci4),
	gsDPSetTile(G_IM_FMT_CI, G_IM_SIZ_16b, 0, 0, 7, 0, G_TX_WRAP | G_TX_NOMIRROR, 0, 0, G_TX_WRAP | G_TX_NOMIRROR, 0, 0),
	gsDPLoadBlock(7, 0, 0, 255, 1024),
	gsDPSetTile(G_IM_FMT_CI, G_IM_SIZ_4b, 2, 0, 0, 0, G_TX_WRAP | G_TX_NOMIRROR, 5, 0, G_TX_WRAP | G_TX_NOMIRROR, 5, 0),
	gsDPSetTileSize(0, 0, 0, 124, 124),
	gsSPEndDisplayList(),
};

Gfx mat_revert_prince_valley_dl_mat_rockyhillside_warp_1[] = {
	gsDPPipeSync(),
	gsDPSetAlphaDither(G_AD_DISABLE),
	gsDPSetTextureLUT(G_TT_NONE),
	gsSPEndDisplayList(),
};

Gfx mat_prince_valley_dl_mat_deathpit[] = {
	gsSPLightColor(LIGHT_1, 0x000000FF),
	gsSPLightColor(LIGHT_2, 0x000000FF),
	gsDPPipeSync(),
	gsDPSetCombineLERP(0, 0, 0, SHADE, 0, 0, 0, ENVIRONMENT, 0, 0, 0, SHADE, 0, 0, 0, ENVIRONMENT),
	gsDPSetAlphaDither(G_AD_NOISE),
	gsSPTexture(65535, 65535, 0, 0, 1),
	gsSPEndDisplayList(),
};

Gfx mat_revert_prince_valley_dl_mat_deathpit[] = {
	gsDPPipeSync(),
	gsDPSetAlphaDither(G_AD_DISABLE),
	gsSPEndDisplayList(),
};

Gfx mat_prince_valley_dl_mat_sideforest[] = {
	gsSPClearGeometryMode(G_CULL_BACK),
	gsSPLightColor(LIGHT_1, 0xFFFFFFFF),
	gsSPLightColor(LIGHT_2, 0x7F7F7FFF),
	gsDPPipeSync(),
	gsDPSetCombineLERP(TEXEL0, 0, SHADE, 0, TEXEL0, 0, ENVIRONMENT, 0, TEXEL0, 0, SHADE, 0, TEXEL0, 0, ENVIRONMENT, 0),
	gsDPSetAlphaDither(G_AD_NOISE),
	gsSPTexture(65535, 65535, 0, 0, 1),
	gsDPSetTextureImage(G_IM_FMT_RGBA, G_IM_SIZ_16b_LOAD_BLOCK, 1, prince_valley_dl_t_princevalley_sideforest_low_rgba16),
	gsDPSetTile(G_IM_FMT_RGBA, G_IM_SIZ_16b_LOAD_BLOCK, 0, 0, 7, 0, G_TX_WRAP | G_TX_NOMIRROR, 0, 0, G_TX_WRAP | G_TX_NOMIRROR, 0, 0),
	gsDPLoadBlock(7, 0, 0, 1023, 256),
	gsDPSetTile(G_IM_FMT_RGBA, G_IM_SIZ_16b, 8, 0, 0, 0, G_TX_WRAP | G_TX_NOMIRROR, 5, 0, G_TX_WRAP | G_TX_NOMIRROR, 5, 0),
	gsDPSetTileSize(0, 0, 0, 124, 124),
	gsSPEndDisplayList(),
};

Gfx mat_revert_prince_valley_dl_mat_sideforest[] = {
	gsSPSetGeometryMode(G_CULL_BACK),
	gsDPPipeSync(),
	gsDPSetAlphaDither(G_AD_DISABLE),
	gsSPEndDisplayList(),
};

Gfx mat_prince_valley_dl_mat_floweryground[] = {
	gsSPLightColor(LIGHT_1, 0xFFFFFFFF),
	gsSPLightColor(LIGHT_2, 0x7F7F7FFF),
	gsDPPipeSync(),
	gsDPSetCombineLERP(TEXEL0, 0, SHADE, 0, 0, 0, 0, ENVIRONMENT, TEXEL0, 0, SHADE, 0, 0, 0, 0, ENVIRONMENT),
	gsDPSetAlphaDither(G_AD_NOISE),
	gsDPSetTextureLUT(G_TT_RGBA16),
	gsSPTexture(65535, 65535, 0, 0, 1),
	gsDPSetTextureImage(G_IM_FMT_RGBA, G_IM_SIZ_16b, 1, prince_valley_dl_t_princevalley_flowerygrass_pal_rgba16),
	gsDPSetTile(0, 0, 0, 256, 5, 0, G_TX_WRAP | G_TX_NOMIRROR, 0, 0, G_TX_WRAP | G_TX_NOMIRROR, 0, 0),
	gsDPLoadTLUTCmd(5, 8),
	gsDPSetTextureImage(G_IM_FMT_CI, G_IM_SIZ_16b, 1, prince_valley_dl_t_princevalley_flowerygrass_ci4),
	gsDPSetTile(G_IM_FMT_CI, G_IM_SIZ_16b, 0, 0, 7, 0, G_TX_WRAP | G_TX_NOMIRROR, 0, 0, G_TX_WRAP | G_TX_NOMIRROR, 0, 0),
	gsDPLoadBlock(7, 0, 0, 255, 1024),
	gsDPSetTile(G_IM_FMT_CI, G_IM_SIZ_4b, 2, 0, 0, 0, G_TX_WRAP | G_TX_NOMIRROR, 5, 0, G_TX_WRAP | G_TX_NOMIRROR, 5, 0),
	gsDPSetTileSize(0, 0, 0, 124, 124),
	gsSPEndDisplayList(),
};

Gfx mat_revert_prince_valley_dl_mat_floweryground[] = {
	gsDPPipeSync(),
	gsDPSetAlphaDither(G_AD_DISABLE),
	gsDPSetTextureLUT(G_TT_NONE),
	gsSPEndDisplayList(),
};

Gfx mat_prince_valley_dl_mat_floweryground_shadow[] = {
	gsSPLightColor(LIGHT_1, 0x818181FF),
	gsSPLightColor(LIGHT_2, 0x3D3D3DFF),
	gsDPPipeSync(),
	gsDPSetCombineLERP(TEXEL0, 0, SHADE, 0, 0, 0, 0, ENVIRONMENT, TEXEL0, 0, SHADE, 0, 0, 0, 0, ENVIRONMENT),
	gsDPSetAlphaDither(G_AD_NOISE),
	gsDPSetTextureLUT(G_TT_RGBA16),
	gsSPTexture(65535, 65535, 0, 0, 1),
	gsDPSetTextureImage(G_IM_FMT_RGBA, G_IM_SIZ_16b, 1, prince_valley_dl_t_princevalley_flowerygrass_pal_rgba16),
	gsDPSetTile(0, 0, 0, 256, 5, 0, G_TX_WRAP | G_TX_NOMIRROR, 0, 0, G_TX_WRAP | G_TX_NOMIRROR, 0, 0),
	gsDPLoadTLUTCmd(5, 8),
	gsDPSetTextureImage(G_IM_FMT_CI, G_IM_SIZ_16b, 1, prince_valley_dl_t_princevalley_flowerygrass_ci4),
	gsDPSetTile(G_IM_FMT_CI, G_IM_SIZ_16b, 0, 0, 7, 0, G_TX_WRAP | G_TX_NOMIRROR, 0, 0, G_TX_WRAP | G_TX_NOMIRROR, 0, 0),
	gsDPLoadBlock(7, 0, 0, 255, 1024),
	gsDPSetTile(G_IM_FMT_CI, G_IM_SIZ_4b, 2, 0, 0, 0, G_TX_WRAP | G_TX_NOMIRROR, 5, 0, G_TX_WRAP | G_TX_NOMIRROR, 5, 0),
	gsDPSetTileSize(0, 0, 0, 124, 124),
	gsSPEndDisplayList(),
};

Gfx mat_revert_prince_valley_dl_mat_floweryground_shadow[] = {
	gsDPPipeSync(),
	gsDPSetAlphaDither(G_AD_DISABLE),
	gsDPSetTextureLUT(G_TT_NONE),
	gsSPEndDisplayList(),
};

Gfx mat_prince_valley_dl_mat_water[] = {
	gsSPClearGeometryMode(G_CULL_BACK),
	gsSPLightColor(LIGHT_1, 0xFFFFFFFF),
	gsSPLightColor(LIGHT_2, 0x7F7F7FFF),
	gsDPPipeSync(),
	gsDPSetCombineLERP(TEXEL0, 0, SHADE, 0, TEXEL0, 0, PRIMITIVE, 0, TEXEL0, 0, SHADE, 0, TEXEL0, 0, PRIMITIVE, 0),
	gsDPSetAlphaDither(G_AD_NOISE),
	gsDPSetTextureLUT(G_TT_RGBA16),
	gsSPTexture(65535, 65535, 0, 0, 1),
	gsDPSetPrimColor(0, 0, 255, 255, 255, 131),
	gsDPSetTextureImage(G_IM_FMT_RGBA, G_IM_SIZ_16b, 1, prince_valley_dl_jrb_textures_00000_rgba16_pal_rgba16),
	gsDPSetTile(0, 0, 0, 256, 5, 0, G_TX_WRAP | G_TX_NOMIRROR, 0, 0, G_TX_WRAP | G_TX_NOMIRROR, 0, 0),
	gsDPLoadTLUTCmd(5, 49),
	gsDPSetTextureImage(G_IM_FMT_CI, G_IM_SIZ_8b_LOAD_BLOCK, 1, prince_valley_dl_jrb_textures_00000_rgba16_ci8),
	gsDPSetTile(G_IM_FMT_CI, G_IM_SIZ_8b_LOAD_BLOCK, 0, 0, 7, 0, G_TX_WRAP | G_TX_NOMIRROR, 0, 0, G_TX_WRAP | G_TX_NOMIRROR, 0, 0),
	gsDPLoadBlock(7, 0, 0, 511, 512),
	gsDPSetTile(G_IM_FMT_CI, G_IM_SIZ_8b, 4, 0, 0, 0, G_TX_WRAP | G_TX_NOMIRROR, 5, 0, G_TX_WRAP | G_TX_NOMIRROR, 5, 0),
	gsDPSetTileSize(0, 0, 0, 124, 124),
	gsSPEndDisplayList(),
};

Gfx mat_revert_prince_valley_dl_mat_water[] = {
	gsSPSetGeometryMode(G_CULL_BACK),
	gsDPPipeSync(),
	gsDPSetAlphaDither(G_AD_DISABLE),
	gsDPSetTextureLUT(G_TT_NONE),
	gsSPEndDisplayList(),
};

Gfx mat_prince_valley_dl_mat_whitetemple_bricks[] = {
	gsSPLightColor(LIGHT_1, 0xFFFFFFFF),
	gsSPLightColor(LIGHT_2, 0x7F7F7FFF),
	gsDPPipeSync(),
	gsDPSetCombineLERP(TEXEL0, 0, SHADE, 0, 0, 0, 0, ENVIRONMENT, TEXEL0, 0, SHADE, 0, 0, 0, 0, ENVIRONMENT),
	gsDPSetAlphaDither(G_AD_NOISE),
	gsDPSetTextureLUT(G_TT_RGBA16),
	gsSPTexture(65535, 65535, 0, 0, 1),
	gsDPSetTextureImage(G_IM_FMT_RGBA, G_IM_SIZ_16b, 1, prince_valley_dl_t_whitetemple_bricks_pal_rgba16),
	gsDPSetTile(0, 0, 0, 256, 5, 0, G_TX_WRAP | G_TX_NOMIRROR, 0, 0, G_TX_WRAP | G_TX_NOMIRROR, 0, 0),
	gsDPLoadTLUTCmd(5, 38),
	gsDPSetTextureImage(G_IM_FMT_CI, G_IM_SIZ_8b_LOAD_BLOCK, 1, prince_valley_dl_t_whitetemple_bricks_ci8),
	gsDPSetTile(G_IM_FMT_CI, G_IM_SIZ_8b_LOAD_BLOCK, 0, 0, 7, 0, G_TX_WRAP | G_TX_NOMIRROR, 0, 0, G_TX_WRAP | G_TX_NOMIRROR, 0, 0),
	gsDPLoadBlock(7, 0, 0, 511, 512),
	gsDPSetTile(G_IM_FMT_CI, G_IM_SIZ_8b, 4, 0, 0, 0, G_TX_WRAP | G_TX_NOMIRROR, 5, 0, G_TX_WRAP | G_TX_NOMIRROR, 5, 0),
	gsDPSetTileSize(0, 0, 0, 124, 124),
	gsSPEndDisplayList(),
};

Gfx mat_revert_prince_valley_dl_mat_whitetemple_bricks[] = {
	gsDPPipeSync(),
	gsDPSetAlphaDither(G_AD_DISABLE),
	gsDPSetTextureLUT(G_TT_NONE),
	gsSPEndDisplayList(),
};

Gfx mat_prince_valley_dl_mat_whitetemple_bricks_small[] = {
	gsSPLightColor(LIGHT_1, 0xFFFFFFFF),
	gsSPLightColor(LIGHT_2, 0x7F7F7FFF),
	gsDPPipeSync(),
	gsDPSetCombineLERP(TEXEL0, 0, SHADE, 0, 0, 0, 0, ENVIRONMENT, TEXEL0, 0, SHADE, 0, 0, 0, 0, ENVIRONMENT),
	gsDPSetAlphaDither(G_AD_NOISE),
	gsDPSetTextureLUT(G_TT_RGBA16),
	gsSPTexture(65535, 65535, 0, 0, 1),
	gsDPSetTextureImage(G_IM_FMT_RGBA, G_IM_SIZ_16b, 1, prince_valley_dl_t_whitetemple_bricks_pal_rgba16),
	gsDPSetTile(0, 0, 0, 256, 5, 0, G_TX_WRAP | G_TX_NOMIRROR, 0, 0, G_TX_WRAP | G_TX_NOMIRROR, 0, 0),
	gsDPLoadTLUTCmd(5, 38),
	gsDPSetTextureImage(G_IM_FMT_CI, G_IM_SIZ_8b_LOAD_BLOCK, 1, prince_valley_dl_t_whitetemple_bricks_ci8),
	gsDPSetTile(G_IM_FMT_CI, G_IM_SIZ_8b_LOAD_BLOCK, 0, 0, 7, 0, G_TX_WRAP | G_TX_NOMIRROR, 0, 0, G_TX_WRAP | G_TX_NOMIRROR, 0, 0),
	gsDPLoadBlock(7, 0, 0, 511, 512),
	gsDPSetTile(G_IM_FMT_CI, G_IM_SIZ_8b, 4, 0, 0, 0, G_TX_WRAP | G_TX_NOMIRROR, 5, 0, G_TX_WRAP | G_TX_NOMIRROR, 5, 0),
	gsDPSetTileSize(0, 0, 0, 124, 124),
	gsSPEndDisplayList(),
};

Gfx mat_revert_prince_valley_dl_mat_whitetemple_bricks_small[] = {
	gsDPPipeSync(),
	gsDPSetAlphaDither(G_AD_DISABLE),
	gsDPSetTextureLUT(G_TT_NONE),
	gsSPEndDisplayList(),
};

Gfx mat_prince_valley_dl_mat_whitetemple_bricks_shadow[] = {
	gsSPLightColor(LIGHT_1, 0x818181FF),
	gsSPLightColor(LIGHT_2, 0x3D3D3DFF),
	gsDPPipeSync(),
	gsDPSetCombineLERP(TEXEL0, 0, SHADE, 0, 0, 0, 0, ENVIRONMENT, TEXEL0, 0, SHADE, 0, 0, 0, 0, ENVIRONMENT),
	gsDPSetAlphaDither(G_AD_NOISE),
	gsDPSetTextureLUT(G_TT_RGBA16),
	gsSPTexture(65535, 65535, 0, 0, 1),
	gsDPSetTextureImage(G_IM_FMT_RGBA, G_IM_SIZ_16b, 1, prince_valley_dl_t_whitetemple_bricks_pal_rgba16),
	gsDPSetTile(0, 0, 0, 256, 5, 0, G_TX_WRAP | G_TX_NOMIRROR, 0, 0, G_TX_WRAP | G_TX_NOMIRROR, 0, 0),
	gsDPLoadTLUTCmd(5, 38),
	gsDPSetTextureImage(G_IM_FMT_CI, G_IM_SIZ_8b_LOAD_BLOCK, 1, prince_valley_dl_t_whitetemple_bricks_ci8),
	gsDPSetTile(G_IM_FMT_CI, G_IM_SIZ_8b_LOAD_BLOCK, 0, 0, 7, 0, G_TX_WRAP | G_TX_NOMIRROR, 0, 0, G_TX_WRAP | G_TX_NOMIRROR, 0, 0),
	gsDPLoadBlock(7, 0, 0, 511, 512),
	gsDPSetTile(G_IM_FMT_CI, G_IM_SIZ_8b, 4, 0, 0, 0, G_TX_WRAP | G_TX_NOMIRROR, 5, 0, G_TX_WRAP | G_TX_NOMIRROR, 5, 0),
	gsDPSetTileSize(0, 0, 0, 124, 124),
	gsSPEndDisplayList(),
};

Gfx mat_revert_prince_valley_dl_mat_whitetemple_bricks_shadow[] = {
	gsDPPipeSync(),
	gsDPSetAlphaDither(G_AD_DISABLE),
	gsDPSetTextureLUT(G_TT_NONE),
	gsSPEndDisplayList(),
};

Gfx mat_prince_valley_dl_mat_whitetemple_roof[] = {
	gsSPLightColor(LIGHT_1, 0xFFFFFFFF),
	gsSPLightColor(LIGHT_2, 0x7F7F7FFF),
	gsDPPipeSync(),
	gsDPSetCombineLERP(TEXEL0, 0, SHADE, 0, 0, 0, 0, ENVIRONMENT, TEXEL0, 0, SHADE, 0, 0, 0, 0, ENVIRONMENT),
	gsDPSetAlphaDither(G_AD_NOISE),
	gsDPSetTextureLUT(G_TT_RGBA16),
	gsSPTexture(65535, 65535, 0, 0, 1),
	gsDPSetTextureImage(G_IM_FMT_RGBA, G_IM_SIZ_16b, 1, prince_valley_dl_t_roof_tiles_white_pal_rgba16),
	gsDPSetTile(0, 0, 0, 256, 5, 0, G_TX_WRAP | G_TX_NOMIRROR, 0, 0, G_TX_WRAP | G_TX_NOMIRROR, 0, 0),
	gsDPLoadTLUTCmd(5, 44),
	gsDPSetTextureImage(G_IM_FMT_CI, G_IM_SIZ_8b_LOAD_BLOCK, 1, prince_valley_dl_t_roof_tiles_white_ci8),
	gsDPSetTile(G_IM_FMT_CI, G_IM_SIZ_8b_LOAD_BLOCK, 0, 0, 7, 0, G_TX_WRAP | G_TX_NOMIRROR, 0, 0, G_TX_WRAP | G_TX_NOMIRROR, 0, 0),
	gsDPLoadBlock(7, 0, 0, 511, 512),
	gsDPSetTile(G_IM_FMT_CI, G_IM_SIZ_8b, 4, 0, 0, 0, G_TX_WRAP | G_TX_NOMIRROR, 5, 0, G_TX_WRAP | G_TX_NOMIRROR, 5, 0),
	gsDPSetTileSize(0, 0, 0, 124, 124),
	gsSPEndDisplayList(),
};

Gfx mat_revert_prince_valley_dl_mat_whitetemple_roof[] = {
	gsDPPipeSync(),
	gsDPSetAlphaDither(G_AD_DISABLE),
	gsDPSetTextureLUT(G_TT_NONE),
	gsSPEndDisplayList(),
};

Gfx mat_prince_valley_dl_mat_whitetemple_wood[] = {
	gsSPLightColor(LIGHT_1, 0xDABFB5FF),
	gsSPLightColor(LIGHT_2, 0x6C5E59FF),
	gsDPPipeSync(),
	gsDPSetCombineLERP(0, 0, 0, SHADE, 0, 0, 0, ENVIRONMENT, 0, 0, 0, SHADE, 0, 0, 0, ENVIRONMENT),
	gsDPSetAlphaDither(G_AD_NOISE),
	gsSPTexture(65535, 65535, 0, 0, 1),
	gsSPEndDisplayList(),
};

Gfx mat_revert_prince_valley_dl_mat_whitetemple_wood[] = {
	gsDPPipeSync(),
	gsDPSetAlphaDither(G_AD_DISABLE),
	gsSPEndDisplayList(),
};

Gfx mat_prince_valley_dl_mat_whitetemple_green[] = {
	gsSPLightColor(LIGHT_1, 0xAAFFA9FF),
	gsSPLightColor(LIGHT_2, 0x537F52FF),
	gsDPPipeSync(),
	gsDPSetCombineLERP(0, 0, 0, SHADE, 0, 0, 0, ENVIRONMENT, 0, 0, 0, SHADE, 0, 0, 0, ENVIRONMENT),
	gsDPSetAlphaDither(G_AD_NOISE),
	gsSPTexture(65535, 65535, 0, 0, 1),
	gsSPEndDisplayList(),
};

Gfx mat_revert_prince_valley_dl_mat_whitetemple_green[] = {
	gsDPPipeSync(),
	gsDPSetAlphaDither(G_AD_DISABLE),
	gsSPEndDisplayList(),
};

Gfx mat_prince_valley_dl_mat_whitetemple_pillar[] = {
	gsSPLightColor(LIGHT_1, 0xFFFFFFFF),
	gsSPLightColor(LIGHT_2, 0x7F7F7FFF),
	gsDPPipeSync(),
	gsDPSetCombineLERP(TEXEL0, 0, SHADE, 0, 0, 0, 0, ENVIRONMENT, TEXEL0, 0, SHADE, 0, 0, 0, 0, ENVIRONMENT),
	gsDPSetAlphaDither(G_AD_NOISE),
	gsDPSetTextureLUT(G_TT_RGBA16),
	gsSPTexture(65535, 65535, 0, 0, 1),
	gsDPSetTextureImage(G_IM_FMT_RGBA, G_IM_SIZ_16b, 1, prince_valley_dl_t_whitetemple_pillar_pal_rgba16),
	gsDPSetTile(0, 0, 0, 256, 5, 0, G_TX_WRAP | G_TX_NOMIRROR, 0, 0, G_TX_WRAP | G_TX_NOMIRROR, 0, 0),
	gsDPLoadTLUTCmd(5, 18),
	gsDPSetTextureImage(G_IM_FMT_CI, G_IM_SIZ_8b_LOAD_BLOCK, 1, prince_valley_dl_t_whitetemple_pillar_ci8),
	gsDPSetTile(G_IM_FMT_CI, G_IM_SIZ_8b_LOAD_BLOCK, 0, 0, 7, 0, G_TX_WRAP | G_TX_NOMIRROR, 0, 0, G_TX_WRAP | G_TX_NOMIRROR, 0, 0),
	gsDPLoadBlock(7, 0, 0, 511, 512),
	gsDPSetTile(G_IM_FMT_CI, G_IM_SIZ_8b, 4, 0, 0, 0, G_TX_WRAP | G_TX_NOMIRROR, 5, 0, G_TX_WRAP | G_TX_NOMIRROR, 5, 0),
	gsDPSetTileSize(0, 0, 0, 124, 124),
	gsSPEndDisplayList(),
};

Gfx mat_revert_prince_valley_dl_mat_whitetemple_pillar[] = {
	gsDPPipeSync(),
	gsDPSetAlphaDither(G_AD_DISABLE),
	gsDPSetTextureLUT(G_TT_NONE),
	gsSPEndDisplayList(),
};

Gfx mat_prince_valley_dl_mat_whitetemple_pillar_shadow[] = {
	gsSPLightColor(LIGHT_1, 0x818181FF),
	gsSPLightColor(LIGHT_2, 0x3D3D3DFF),
	gsDPPipeSync(),
	gsDPSetCombineLERP(TEXEL0, 0, SHADE, 0, 0, 0, 0, ENVIRONMENT, TEXEL0, 0, SHADE, 0, 0, 0, 0, ENVIRONMENT),
	gsDPSetAlphaDither(G_AD_NOISE),
	gsDPSetTextureLUT(G_TT_RGBA16),
	gsSPTexture(65535, 65535, 0, 0, 1),
	gsDPSetTextureImage(G_IM_FMT_RGBA, G_IM_SIZ_16b, 1, prince_valley_dl_t_whitetemple_pillar_pal_rgba16),
	gsDPSetTile(0, 0, 0, 256, 5, 0, G_TX_WRAP | G_TX_NOMIRROR, 0, 0, G_TX_WRAP | G_TX_NOMIRROR, 0, 0),
	gsDPLoadTLUTCmd(5, 18),
	gsDPSetTextureImage(G_IM_FMT_CI, G_IM_SIZ_8b_LOAD_BLOCK, 1, prince_valley_dl_t_whitetemple_pillar_ci8),
	gsDPSetTile(G_IM_FMT_CI, G_IM_SIZ_8b_LOAD_BLOCK, 0, 0, 7, 0, G_TX_WRAP | G_TX_NOMIRROR, 0, 0, G_TX_WRAP | G_TX_NOMIRROR, 0, 0),
	gsDPLoadBlock(7, 0, 0, 511, 512),
	gsDPSetTile(G_IM_FMT_CI, G_IM_SIZ_8b, 4, 0, 0, 0, G_TX_WRAP | G_TX_NOMIRROR, 5, 0, G_TX_WRAP | G_TX_NOMIRROR, 5, 0),
	gsDPSetTileSize(0, 0, 0, 124, 124),
	gsSPEndDisplayList(),
};

Gfx mat_revert_prince_valley_dl_mat_whitetemple_pillar_shadow[] = {
	gsDPPipeSync(),
	gsDPSetAlphaDither(G_AD_DISABLE),
	gsDPSetTextureLUT(G_TT_NONE),
	gsSPEndDisplayList(),
};

Gfx mat_prince_valley_dl_mat_darkness[] = {
	gsSPLightColor(LIGHT_1, 0x190D04FF),
	gsSPLightColor(LIGHT_2, 0x070301FF),
	gsDPPipeSync(),
	gsDPSetCombineLERP(0, 0, 0, SHADE, 0, 0, 0, ENVIRONMENT, 0, 0, 0, SHADE, 0, 0, 0, ENVIRONMENT),
	gsDPSetAlphaDither(G_AD_NOISE),
	gsSPTexture(65535, 65535, 0, 0, 1),
	gsSPEndDisplayList(),
};

Gfx mat_revert_prince_valley_dl_mat_darkness[] = {
	gsDPPipeSync(),
	gsDPSetAlphaDither(G_AD_DISABLE),
	gsSPEndDisplayList(),
};

Gfx mat_prince_valley_dl_mat_whitetemple[] = {
	gsSPLightColor(LIGHT_1, 0xFFFFFFFF),
	gsSPLightColor(LIGHT_2, 0x7F7F7FFF),
	gsDPPipeSync(),
	gsDPSetCombineLERP(0, 0, 0, SHADE, 0, 0, 0, ENVIRONMENT, 0, 0, 0, SHADE, 0, 0, 0, ENVIRONMENT),
	gsDPSetAlphaDither(G_AD_NOISE),
	gsSPTexture(65535, 65535, 0, 0, 1),
	gsSPEndDisplayList(),
};

Gfx mat_revert_prince_valley_dl_mat_whitetemple[] = {
	gsDPPipeSync(),
	gsDPSetAlphaDither(G_AD_DISABLE),
	gsSPEndDisplayList(),
};

Gfx mat_prince_valley_dl_mat_whitetemple_window_002[] = {
	gsSPClearGeometryMode(G_CULL_BACK),
	gsSPLightColor(LIGHT_1, 0xFFFFFFFF),
	gsSPLightColor(LIGHT_2, 0x7F7F7FFF),
	gsDPPipeSync(),
	gsDPSetCombineLERP(TEXEL0, 0, SHADE, 0, TEXEL0, 0, ENVIRONMENT, 0, TEXEL0, 0, SHADE, 0, TEXEL0, 0, ENVIRONMENT, 0),
	gsDPSetAlphaDither(G_AD_NOISE),
	gsSPTexture(65535, 65535, 0, 0, 1),
	gsDPSetTextureImage(G_IM_FMT_RGBA, G_IM_SIZ_16b_LOAD_BLOCK, 1, prince_valley_dl_castle_grounds_textures_0A800_rgba16_rgba16),
	gsDPSetTile(G_IM_FMT_RGBA, G_IM_SIZ_16b_LOAD_BLOCK, 0, 0, 7, 0, G_TX_WRAP | G_TX_NOMIRROR, 0, 0, G_TX_WRAP | G_TX_NOMIRROR, 0, 0),
	gsDPLoadBlock(7, 0, 0, 1023, 256),
	gsDPSetTile(G_IM_FMT_RGBA, G_IM_SIZ_16b, 8, 0, 0, 0, G_TX_WRAP | G_TX_NOMIRROR, 5, 0, G_TX_WRAP | G_TX_NOMIRROR, 5, 0),
	gsDPSetTileSize(0, 0, 0, 124, 124),
	gsSPEndDisplayList(),
};

Gfx mat_revert_prince_valley_dl_mat_whitetemple_window_002[] = {
	gsSPSetGeometryMode(G_CULL_BACK),
	gsDPPipeSync(),
	gsDPSetAlphaDither(G_AD_DISABLE),
	gsSPEndDisplayList(),
};

Gfx mat_prince_valley_dl_mat_floweryground_warp_1[] = {
	gsSPLightColor(LIGHT_1, 0xFFFFFFFF),
	gsSPLightColor(LIGHT_2, 0x7F7F7FFF),
	gsDPPipeSync(),
	gsDPSetCombineLERP(TEXEL0, 0, SHADE, 0, 0, 0, 0, ENVIRONMENT, TEXEL0, 0, SHADE, 0, 0, 0, 0, ENVIRONMENT),
	gsDPSetAlphaDither(G_AD_NOISE),
	gsDPSetTextureLUT(G_TT_RGBA16),
	gsSPTexture(65535, 65535, 0, 0, 1),
	gsDPSetTextureImage(G_IM_FMT_RGBA, G_IM_SIZ_16b, 1, prince_valley_dl_t_princevalley_flowerygrass_pal_rgba16),
	gsDPSetTile(0, 0, 0, 256, 5, 0, G_TX_WRAP | G_TX_NOMIRROR, 0, 0, G_TX_WRAP | G_TX_NOMIRROR, 0, 0),
	gsDPLoadTLUTCmd(5, 8),
	gsDPSetTextureImage(G_IM_FMT_CI, G_IM_SIZ_16b, 1, prince_valley_dl_t_princevalley_flowerygrass_ci4),
	gsDPSetTile(G_IM_FMT_CI, G_IM_SIZ_16b, 0, 0, 7, 0, G_TX_WRAP | G_TX_NOMIRROR, 0, 0, G_TX_WRAP | G_TX_NOMIRROR, 0, 0),
	gsDPLoadBlock(7, 0, 0, 255, 1024),
	gsDPSetTile(G_IM_FMT_CI, G_IM_SIZ_4b, 2, 0, 0, 0, G_TX_WRAP | G_TX_NOMIRROR, 5, 0, G_TX_WRAP | G_TX_NOMIRROR, 5, 0),
	gsDPSetTileSize(0, 0, 0, 124, 124),
	gsSPEndDisplayList(),
};

Gfx mat_revert_prince_valley_dl_mat_floweryground_warp_1[] = {
	gsDPPipeSync(),
	gsDPSetAlphaDither(G_AD_DISABLE),
	gsDPSetTextureLUT(G_TT_NONE),
	gsSPEndDisplayList(),
};

Gfx prince_valley_dl_cloud_tree_002_mesh_layer_1[] = {
	gsSPClearGeometryMode(G_LIGHTING),
	gsSPVertex(prince_valley_dl_cloud_tree_002_mesh_layer_1_vtx_cull + 0, 8, 0),
	gsSPSetGeometryMode(G_LIGHTING),
	gsSPCullDisplayList(0, 7),
	gsSPDisplayList(mat_prince_valley_dl_mat_cloudswhite),
	gsSPDisplayList(prince_valley_dl_cloud_tree_002_mesh_layer_1_tri_0),
	gsSPDisplayList(mat_revert_prince_valley_dl_mat_cloudswhite),
	gsSPDisplayList(mat_prince_valley_dl_mat_treewood),
	gsSPDisplayList(prince_valley_dl_cloud_tree_002_mesh_layer_1_tri_1),
	gsSPDisplayList(mat_revert_prince_valley_dl_mat_treewood),
	gsSPEndDisplayList(),
};

Gfx prince_valley_dl_terrain_mesh_layer_1[] = {
	gsSPClearGeometryMode(G_LIGHTING),
	gsSPVertex(prince_valley_dl_terrain_mesh_layer_1_vtx_cull + 0, 8, 0),
	gsSPSetGeometryMode(G_LIGHTING),
	gsSPCullDisplayList(0, 7),
	gsSPDisplayList(mat_prince_valley_dl_mat_grass),
	gsSPDisplayList(prince_valley_dl_terrain_mesh_layer_1_tri_0),
	gsSPDisplayList(mat_revert_prince_valley_dl_mat_grass),
	gsSPDisplayList(mat_prince_valley_dl_mat_grass_shadow),
	gsSPDisplayList(prince_valley_dl_terrain_mesh_layer_1_tri_1),
	gsSPDisplayList(mat_revert_prince_valley_dl_mat_grass_shadow),
	gsSPDisplayList(mat_prince_valley_dl_mat_grass_warp_1),
	gsSPDisplayList(prince_valley_dl_terrain_mesh_layer_1_tri_2),
	gsSPDisplayList(mat_revert_prince_valley_dl_mat_grass_warp_1),
	gsSPDisplayList(mat_prince_valley_dl_mat_road),
	gsSPDisplayList(prince_valley_dl_terrain_mesh_layer_1_tri_3),
	gsSPDisplayList(mat_revert_prince_valley_dl_mat_road),
	gsSPDisplayList(mat_prince_valley_dl_mat_road_shadow),
	gsSPDisplayList(prince_valley_dl_terrain_mesh_layer_1_tri_4),
	gsSPDisplayList(mat_revert_prince_valley_dl_mat_road_shadow),
	gsSPDisplayList(mat_prince_valley_dl_mat_road_warp_1),
	gsSPDisplayList(prince_valley_dl_terrain_mesh_layer_1_tri_5),
	gsSPDisplayList(mat_revert_prince_valley_dl_mat_road_warp_1),
	gsSPDisplayList(mat_prince_valley_dl_mat_rockyhillside),
	gsSPDisplayList(prince_valley_dl_terrain_mesh_layer_1_tri_6),
	gsSPDisplayList(mat_revert_prince_valley_dl_mat_rockyhillside),
	gsSPDisplayList(mat_prince_valley_dl_mat_rockyhillside_shadow),
	gsSPDisplayList(prince_valley_dl_terrain_mesh_layer_1_tri_7),
	gsSPDisplayList(mat_revert_prince_valley_dl_mat_rockyhillside_shadow),
	gsSPDisplayList(mat_prince_valley_dl_mat_rockyhillside_slide),
	gsSPDisplayList(prince_valley_dl_terrain_mesh_layer_1_tri_8),
	gsSPDisplayList(mat_revert_prince_valley_dl_mat_rockyhillside_slide),
	gsSPDisplayList(mat_prince_valley_dl_mat_rockyhillside_warp_1),
	gsSPDisplayList(prince_valley_dl_terrain_mesh_layer_1_tri_9),
	gsSPDisplayList(mat_revert_prince_valley_dl_mat_rockyhillside_warp_1),
	gsSPDisplayList(mat_prince_valley_dl_mat_deathpit),
	gsSPDisplayList(prince_valley_dl_terrain_mesh_layer_1_tri_10),
	gsSPDisplayList(mat_revert_prince_valley_dl_mat_deathpit),
	gsSPDisplayList(mat_prince_valley_dl_mat_floweryground),
	gsSPDisplayList(prince_valley_dl_terrain_mesh_layer_1_tri_11),
	gsSPDisplayList(mat_revert_prince_valley_dl_mat_floweryground),
	gsSPDisplayList(mat_prince_valley_dl_mat_floweryground_shadow),
	gsSPDisplayList(prince_valley_dl_terrain_mesh_layer_1_tri_12),
	gsSPDisplayList(mat_revert_prince_valley_dl_mat_floweryground_shadow),
	gsSPEndDisplayList(),
};

Gfx prince_valley_dl_terrain_mesh_layer_4[] = {
	gsSPClearGeometryMode(G_LIGHTING),
	gsSPVertex(prince_valley_dl_terrain_mesh_layer_4_vtx_cull + 0, 8, 0),
	gsSPSetGeometryMode(G_LIGHTING),
	gsSPCullDisplayList(0, 7),
	gsSPDisplayList(mat_prince_valley_dl_mat_sideforest),
	gsSPDisplayList(prince_valley_dl_terrain_mesh_layer_4_tri_0),
	gsSPDisplayList(mat_revert_prince_valley_dl_mat_sideforest),
	gsSPEndDisplayList(),
};

Gfx prince_valley_dl_zone_water_lake_1_mesh_layer_5[] = {
	gsSPClearGeometryMode(G_LIGHTING),
	gsSPVertex(prince_valley_dl_zone_water_lake_1_mesh_layer_5_vtx_cull + 0, 8, 0),
	gsSPSetGeometryMode(G_LIGHTING),
	gsSPCullDisplayList(0, 7),
	gsSPDisplayList(mat_prince_valley_dl_mat_water),
	gsSPDisplayList(prince_valley_dl_zone_water_lake_1_mesh_layer_5_tri_0),
	gsSPDisplayList(mat_revert_prince_valley_dl_mat_water),
	gsSPEndDisplayList(),
};

Gfx prince_valley_dl_final_revert_mesh_layer_1[] = {
	gsDPPipeSync(),
	gsSPSetGeometryMode(G_LIGHTING),
	gsSPClearGeometryMode(G_TEXTURE_GEN),
	gsDPSetCombineLERP(0, 0, 0, SHADE, 0, 0, 0, ENVIRONMENT, 0, 0, 0, SHADE, 0, 0, 0, ENVIRONMENT),
	gsSPTexture(65535, 65535, 0, 0, 0),
	gsDPSetEnvColor(255, 255, 255, 255),
	gsDPSetAlphaCompare(G_AC_NONE),
	gsSPEndDisplayList(),
};

Gfx prince_valley_dl_final_revert_mesh_layer_4[] = {
	gsDPPipeSync(),
	gsSPSetGeometryMode(G_LIGHTING),
	gsSPClearGeometryMode(G_TEXTURE_GEN),
	gsDPSetCombineLERP(0, 0, 0, SHADE, 0, 0, 0, ENVIRONMENT, 0, 0, 0, SHADE, 0, 0, 0, ENVIRONMENT),
	gsSPTexture(65535, 65535, 0, 0, 0),
	gsDPSetEnvColor(255, 255, 255, 255),
	gsDPSetAlphaCompare(G_AC_NONE),
	gsSPEndDisplayList(),
};

Gfx prince_valley_dl_final_revert_mesh_layer_5[] = {
	gsDPPipeSync(),
	gsSPSetGeometryMode(G_LIGHTING),
	gsSPClearGeometryMode(G_TEXTURE_GEN),
	gsDPSetCombineLERP(0, 0, 0, SHADE, 0, 0, 0, ENVIRONMENT, 0, 0, 0, SHADE, 0, 0, 0, ENVIRONMENT),
	gsSPTexture(65535, 65535, 0, 0, 0),
	gsDPSetEnvColor(255, 255, 255, 255),
	gsDPSetAlphaCompare(G_AC_NONE),
	gsSPEndDisplayList(),
};

Gfx prince_valley_dl_Cube_001_mesh_layer_1[] = {
	gsSPClearGeometryMode(G_LIGHTING),
	gsSPVertex(prince_valley_dl_Cube_001_mesh_layer_1_vtx_cull + 0, 8, 0),
	gsSPSetGeometryMode(G_LIGHTING),
	gsSPCullDisplayList(0, 7),
	gsSPDisplayList(mat_prince_valley_dl_mat_grass),
	gsSPDisplayList(prince_valley_dl_Cube_001_mesh_layer_1_tri_0),
	gsSPDisplayList(mat_revert_prince_valley_dl_mat_grass),
	gsSPEndDisplayList(),
};

Gfx prince_valley_dl_Cube_009_mesh_layer_1[] = {
	gsSPClearGeometryMode(G_LIGHTING),
	gsSPVertex(prince_valley_dl_Cube_009_mesh_layer_1_vtx_cull + 0, 8, 0),
	gsSPSetGeometryMode(G_LIGHTING),
	gsSPCullDisplayList(0, 7),
	gsSPDisplayList(mat_prince_valley_dl_mat_whitetemple_bricks),
	gsSPDisplayList(prince_valley_dl_Cube_009_mesh_layer_1_tri_0),
	gsSPDisplayList(mat_revert_prince_valley_dl_mat_whitetemple_bricks),
	gsSPDisplayList(mat_prince_valley_dl_mat_whitetemple_bricks_small),
	gsSPDisplayList(prince_valley_dl_Cube_009_mesh_layer_1_tri_1),
	gsSPDisplayList(mat_revert_prince_valley_dl_mat_whitetemple_bricks_small),
	gsSPDisplayList(mat_prince_valley_dl_mat_whitetemple_bricks_shadow),
	gsSPDisplayList(prince_valley_dl_Cube_009_mesh_layer_1_tri_2),
	gsSPDisplayList(mat_revert_prince_valley_dl_mat_whitetemple_bricks_shadow),
	gsSPDisplayList(mat_prince_valley_dl_mat_whitetemple_roof),
	gsSPDisplayList(prince_valley_dl_Cube_009_mesh_layer_1_tri_3),
	gsSPDisplayList(mat_revert_prince_valley_dl_mat_whitetemple_roof),
	gsSPDisplayList(mat_prince_valley_dl_mat_whitetemple_wood),
	gsSPDisplayList(prince_valley_dl_Cube_009_mesh_layer_1_tri_4),
	gsSPDisplayList(mat_revert_prince_valley_dl_mat_whitetemple_wood),
	gsSPDisplayList(mat_prince_valley_dl_mat_whitetemple_green),
	gsSPDisplayList(prince_valley_dl_Cube_009_mesh_layer_1_tri_5),
	gsSPDisplayList(mat_revert_prince_valley_dl_mat_whitetemple_green),
	gsSPDisplayList(mat_prince_valley_dl_mat_whitetemple_pillar),
	gsSPDisplayList(prince_valley_dl_Cube_009_mesh_layer_1_tri_6),
	gsSPDisplayList(mat_revert_prince_valley_dl_mat_whitetemple_pillar),
	gsSPDisplayList(mat_prince_valley_dl_mat_whitetemple_pillar_shadow),
	gsSPDisplayList(prince_valley_dl_Cube_009_mesh_layer_1_tri_7),
	gsSPDisplayList(mat_revert_prince_valley_dl_mat_whitetemple_pillar_shadow),
	gsSPDisplayList(mat_prince_valley_dl_mat_darkness),
	gsSPDisplayList(prince_valley_dl_Cube_009_mesh_layer_1_tri_8),
	gsSPDisplayList(mat_revert_prince_valley_dl_mat_darkness),
	gsSPDisplayList(mat_prince_valley_dl_mat_cloudswhite),
	gsSPDisplayList(prince_valley_dl_Cube_009_mesh_layer_1_tri_9),
	gsSPDisplayList(mat_revert_prince_valley_dl_mat_cloudswhite),
	gsSPEndDisplayList(),
};

Gfx prince_valley_dl_Cylinder_001_mesh_layer_1[] = {
	gsSPClearGeometryMode(G_LIGHTING),
	gsSPVertex(prince_valley_dl_Cylinder_001_mesh_layer_1_vtx_cull + 0, 8, 0),
	gsSPSetGeometryMode(G_LIGHTING),
	gsSPCullDisplayList(0, 7),
	gsSPDisplayList(mat_prince_valley_dl_mat_whitetemple_bricks_small),
	gsSPDisplayList(prince_valley_dl_Cylinder_001_mesh_layer_1_tri_0),
	gsSPDisplayList(mat_revert_prince_valley_dl_mat_whitetemple_bricks_small),
	gsSPDisplayList(mat_prince_valley_dl_mat_whitetemple_bricks_shadow),
	gsSPDisplayList(prince_valley_dl_Cylinder_001_mesh_layer_1_tri_1),
	gsSPDisplayList(mat_revert_prince_valley_dl_mat_whitetemple_bricks_shadow),
	gsSPEndDisplayList(),
};

Gfx prince_valley_dl_Cylinder_003_mesh_layer_1[] = {
	gsSPClearGeometryMode(G_LIGHTING),
	gsSPVertex(prince_valley_dl_Cylinder_003_mesh_layer_1_vtx_cull + 0, 8, 0),
	gsSPSetGeometryMode(G_LIGHTING),
	gsSPCullDisplayList(0, 7),
	gsSPDisplayList(mat_prince_valley_dl_mat_whitetemple),
	gsSPDisplayList(prince_valley_dl_Cylinder_003_mesh_layer_1_tri_0),
	gsSPDisplayList(mat_revert_prince_valley_dl_mat_whitetemple),
	gsSPDisplayList(mat_prince_valley_dl_mat_whitetemple_pillar),
	gsSPDisplayList(prince_valley_dl_Cylinder_003_mesh_layer_1_tri_1),
	gsSPDisplayList(mat_revert_prince_valley_dl_mat_whitetemple_pillar),
	gsSPEndDisplayList(),
};

Gfx prince_valley_dl_Plane_007_mesh_layer_4[] = {
	gsSPClearGeometryMode(G_LIGHTING),
	gsSPVertex(prince_valley_dl_Plane_007_mesh_layer_4_vtx_cull + 0, 8, 0),
	gsSPSetGeometryMode(G_LIGHTING),
	gsSPCullDisplayList(0, 7),
	gsSPDisplayList(mat_prince_valley_dl_mat_whitetemple_window_002),
	gsSPDisplayList(prince_valley_dl_Plane_007_mesh_layer_4_tri_0),
	gsSPDisplayList(mat_revert_prince_valley_dl_mat_whitetemple_window_002),
	gsSPEndDisplayList(),
};

Gfx prince_valley_dl_terrain_2_mesh_layer_1[] = {
	gsSPClearGeometryMode(G_LIGHTING),
	gsSPVertex(prince_valley_dl_terrain_2_mesh_layer_1_vtx_cull + 0, 8, 0),
	gsSPSetGeometryMode(G_LIGHTING),
	gsSPCullDisplayList(0, 7),
	gsSPDisplayList(mat_prince_valley_dl_mat_grass),
	gsSPDisplayList(prince_valley_dl_terrain_2_mesh_layer_1_tri_0),
	gsSPDisplayList(mat_revert_prince_valley_dl_mat_grass),
	gsSPDisplayList(mat_prince_valley_dl_mat_grass_shadow),
	gsSPDisplayList(prince_valley_dl_terrain_2_mesh_layer_1_tri_1),
	gsSPDisplayList(mat_revert_prince_valley_dl_mat_grass_shadow),
	gsSPDisplayList(mat_prince_valley_dl_mat_grass_warp_1),
	gsSPDisplayList(prince_valley_dl_terrain_2_mesh_layer_1_tri_2),
	gsSPDisplayList(mat_revert_prince_valley_dl_mat_grass_warp_1),
	gsSPDisplayList(mat_prince_valley_dl_mat_road),
	gsSPDisplayList(prince_valley_dl_terrain_2_mesh_layer_1_tri_3),
	gsSPDisplayList(mat_revert_prince_valley_dl_mat_road),
	gsSPDisplayList(mat_prince_valley_dl_mat_road_warp_1),
	gsSPDisplayList(prince_valley_dl_terrain_2_mesh_layer_1_tri_4),
	gsSPDisplayList(mat_revert_prince_valley_dl_mat_road_warp_1),
	gsSPDisplayList(mat_prince_valley_dl_mat_rockyhillside),
	gsSPDisplayList(prince_valley_dl_terrain_2_mesh_layer_1_tri_5),
	gsSPDisplayList(mat_revert_prince_valley_dl_mat_rockyhillside),
	gsSPDisplayList(mat_prince_valley_dl_mat_rockyhillside_shadow),
	gsSPDisplayList(prince_valley_dl_terrain_2_mesh_layer_1_tri_6),
	gsSPDisplayList(mat_revert_prince_valley_dl_mat_rockyhillside_shadow),
	gsSPDisplayList(mat_prince_valley_dl_mat_rockyhillside_slide),
	gsSPDisplayList(prince_valley_dl_terrain_2_mesh_layer_1_tri_7),
	gsSPDisplayList(mat_revert_prince_valley_dl_mat_rockyhillside_slide),
	gsSPDisplayList(mat_prince_valley_dl_mat_rockyhillside_warp_1),
	gsSPDisplayList(prince_valley_dl_terrain_2_mesh_layer_1_tri_8),
	gsSPDisplayList(mat_revert_prince_valley_dl_mat_rockyhillside_warp_1),
	gsSPDisplayList(mat_prince_valley_dl_mat_deathpit),
	gsSPDisplayList(prince_valley_dl_terrain_2_mesh_layer_1_tri_9),
	gsSPDisplayList(mat_revert_prince_valley_dl_mat_deathpit),
	gsSPDisplayList(mat_prince_valley_dl_mat_floweryground_warp_1),
	gsSPDisplayList(prince_valley_dl_terrain_2_mesh_layer_1_tri_10),
	gsSPDisplayList(mat_revert_prince_valley_dl_mat_floweryground_warp_1),
	gsSPDisplayList(mat_prince_valley_dl_mat_floweryground_shadow),
	gsSPDisplayList(prince_valley_dl_terrain_2_mesh_layer_1_tri_11),
	gsSPDisplayList(mat_revert_prince_valley_dl_mat_floweryground_shadow),
	gsSPEndDisplayList(),
};

Gfx prince_valley_dl_terrain_2_mesh_layer_4[] = {
	gsSPClearGeometryMode(G_LIGHTING),
	gsSPVertex(prince_valley_dl_terrain_2_mesh_layer_4_vtx_cull + 0, 8, 0),
	gsSPSetGeometryMode(G_LIGHTING),
	gsSPCullDisplayList(0, 7),
	gsSPDisplayList(mat_prince_valley_dl_mat_sideforest),
	gsSPDisplayList(prince_valley_dl_terrain_2_mesh_layer_4_tri_0),
	gsSPDisplayList(mat_revert_prince_valley_dl_mat_sideforest),
	gsSPEndDisplayList(),
};

Gfx prince_valley_dl_zone_water_lake_2_mesh_layer_5[] = {
	gsSPClearGeometryMode(G_LIGHTING),
	gsSPVertex(prince_valley_dl_zone_water_lake_2_mesh_layer_5_vtx_cull + 0, 8, 0),
	gsSPSetGeometryMode(G_LIGHTING),
	gsSPCullDisplayList(0, 7),
	gsSPDisplayList(mat_prince_valley_dl_mat_water),
	gsSPDisplayList(prince_valley_dl_zone_water_lake_2_mesh_layer_5_tri_0),
	gsSPDisplayList(mat_revert_prince_valley_dl_mat_water),
	gsSPEndDisplayList(),
};

Gfx prince_valley_dl_final_revert_mesh_layer_1_001[] = {
	gsDPPipeSync(),
	gsSPSetGeometryMode(G_LIGHTING),
	gsSPClearGeometryMode(G_TEXTURE_GEN),
	gsDPSetCombineLERP(0, 0, 0, SHADE, 0, 0, 0, ENVIRONMENT, 0, 0, 0, SHADE, 0, 0, 0, ENVIRONMENT),
	gsSPTexture(65535, 65535, 0, 0, 0),
	gsDPSetEnvColor(255, 255, 255, 255),
	gsDPSetAlphaCompare(G_AC_NONE),
	gsSPEndDisplayList(),
};

Gfx prince_valley_dl_final_revert_mesh_layer_4_001[] = {
	gsDPPipeSync(),
	gsSPSetGeometryMode(G_LIGHTING),
	gsSPClearGeometryMode(G_TEXTURE_GEN),
	gsDPSetCombineLERP(0, 0, 0, SHADE, 0, 0, 0, ENVIRONMENT, 0, 0, 0, SHADE, 0, 0, 0, ENVIRONMENT),
	gsSPTexture(65535, 65535, 0, 0, 0),
	gsDPSetEnvColor(255, 255, 255, 255),
	gsDPSetAlphaCompare(G_AC_NONE),
	gsSPEndDisplayList(),
};

Gfx prince_valley_dl_final_revert_mesh_layer_5_001[] = {
	gsDPPipeSync(),
	gsSPSetGeometryMode(G_LIGHTING),
	gsSPClearGeometryMode(G_TEXTURE_GEN),
	gsDPSetCombineLERP(0, 0, 0, SHADE, 0, 0, 0, ENVIRONMENT, 0, 0, 0, SHADE, 0, 0, 0, ENVIRONMENT),
	gsSPTexture(65535, 65535, 0, 0, 0),
	gsDPSetEnvColor(255, 255, 255, 255),
	gsDPSetAlphaCompare(G_AC_NONE),
	gsSPEndDisplayList(),
};

Gfx prince_valley_dl_Cube_mesh_layer_1[] = {
	gsSPClearGeometryMode(G_LIGHTING),
	gsSPVertex(prince_valley_dl_Cube_mesh_layer_1_vtx_cull + 0, 8, 0),
	gsSPSetGeometryMode(G_LIGHTING),
	gsSPCullDisplayList(0, 7),
	gsSPDisplayList(mat_prince_valley_dl_mat_whitetemple_bricks),
	gsSPDisplayList(prince_valley_dl_Cube_mesh_layer_1_tri_0),
	gsSPDisplayList(mat_revert_prince_valley_dl_mat_whitetemple_bricks),
	gsSPEndDisplayList(),
};

Gfx prince_valley_dl_final_revert_mesh_layer_1_002[] = {
	gsDPPipeSync(),
	gsSPSetGeometryMode(G_LIGHTING),
	gsSPClearGeometryMode(G_TEXTURE_GEN),
	gsDPSetCombineLERP(0, 0, 0, SHADE, 0, 0, 0, ENVIRONMENT, 0, 0, 0, SHADE, 0, 0, 0, ENVIRONMENT),
	gsSPTexture(65535, 65535, 0, 0, 0),
	gsDPSetEnvColor(255, 255, 255, 255),
	gsDPSetAlphaCompare(G_AC_NONE),
	gsSPEndDisplayList(),
};

