Gfx welkit_city_dl_t_0_rockyhillside_ci8_aligner[] = {gsSPEndDisplayList()};
u8 welkit_city_dl_t_0_rockyhillside_ci8[] = {
	0x00, 0x01, 0x02, 0x03, 0x04, 0x03, 0x05, 0x05, 
	0x06, 0x07, 0x08, 0x09, 0x09, 0x09, 0x0a, 0x09, 
	0x0b, 0x0c, 0x04, 0x07, 0x0d, 0x05, 0x0c, 0x09, 
	0x09, 0x09, 0x09, 0x0e, 0x0e, 0x09, 0x0f, 0x0b, 
	0x0b, 0x10, 0x11, 0x02, 0x12, 0x11, 0x02, 0x05, 
	0x0c, 0x09, 0x13, 0x08, 0x14, 0x15, 0x08, 0x0f, 
	0x09, 0x16, 0x17, 0x18, 0x06, 0x10, 0x00, 0x07, 
	0x09, 0x09, 0x09, 0x09, 0x13, 0x0e, 0x08, 0x09, 
	0x09, 0x18, 0x11, 0x01, 0x19, 0x11, 0x05, 0x00, 
	0x1a, 0x09, 0x09, 0x09, 0x0e, 0x15, 0x09, 0x09, 
	0x09, 0x0f, 0x0b, 0x0c, 0x06, 0x02, 0x03, 0x0b, 
	0x09, 0x09, 0x09, 0x09, 0x09, 0x09, 0x08, 0x1b, 
	0x08, 0x0b, 0x05, 0x1c, 0x01, 0x02, 0x06, 0x09, 
	0x13, 0x09, 0x09, 0x09, 0x09, 0x08, 0x08, 0x09, 
	0x09, 0x09, 0x0f, 0x17, 0x06, 0x02, 0x06, 0x18, 
	0x07, 0x09, 0x09, 0x09, 0x09, 0x09, 0x09, 0x08, 
	0x08, 0x09, 0x04, 0x11, 0x11, 0x10, 0x00, 0x09, 
	0x09, 0x09, 0x0b, 0x09, 0x09, 0x09, 0x08, 0x09, 
	0x09, 0x09, 0x09, 0x16, 0x00, 0x02, 0x05, 0x00, 
	0x0b, 0x09, 0x09, 0x09, 0x09, 0x09, 0x09, 0x09, 
	0x08, 0x09, 0x0b, 0x10, 0x11, 0x05, 0x04, 0x09, 
	0x09, 0x18, 0x0b, 0x09, 0x09, 0x09, 0x0e, 0x0e, 
	0x09, 0x09, 0x09, 0x0f, 0x0c, 0x05, 0x05, 0x03, 
	0x18, 0x07, 0x09, 0x09, 0x09, 0x09, 0x09, 0x09, 
	0x0e, 0x0e, 0x16, 0x0d, 0x11, 0x05, 0x04, 0x09, 
	0x0b, 0x04, 0x07, 0x09, 0x09, 0x09, 0x09, 0x08, 
	0x13, 0x09, 0x09, 0x0f, 0x07, 0x10, 0x02, 0x06, 
	0x18, 0x07, 0x09, 0x09, 0x09, 0x09, 0x09, 0x09, 
	0x09, 0x08, 0x07, 0x00, 0x1d, 0x02, 0x00, 0x18, 
	0x04, 0x04, 0x09, 0x09, 0x09, 0x09, 0x09, 0x08, 
	0x08, 0x09, 0x09, 0x0f, 0x17, 0x10, 0x02, 0x06, 
	0x04, 0x17, 0x09, 0x09, 0x09, 0x09, 0x09, 0x09, 
	0x09, 0x14, 0x07, 0x18, 0x02, 0x02, 0x06, 0x00, 
	0x00, 0x18, 0x09, 0x09, 0x09, 0x09, 0x09, 0x08, 
	0x08, 0x09, 0x09, 0x09, 0x09, 0x06, 0x1e, 0x05, 
	0x00, 0x18, 0x07, 0x09, 0x09, 0x09, 0x09, 0x09, 
	0x09, 0x09, 0x09, 0x17, 0x1f, 0x1d, 0x05, 0x06, 
	0x00, 0x18, 0x09, 0x09, 0x09, 0x09, 0x09, 0x0e, 
	0x09, 0x09, 0x09, 0x09, 0x09, 0x20, 0x11, 0x02, 
	0x05, 0x06, 0x00, 0x18, 0x0b, 0x09, 0x09, 0x09, 
	0x09, 0x09, 0x09, 0x16, 0x06, 0x21, 0x05, 0x06, 
	0x03, 0x18, 0x09, 0x09, 0x09, 0x09, 0x09, 0x09, 
	0x09, 0x09, 0x09, 0x09, 0x16, 0x20, 0x01, 0x1d, 
	0x10, 0x05, 0x05, 0x20, 0x00, 0x0b, 0x09, 0x09, 
	0x09, 0x09, 0x09, 0x0b, 0x05, 0x11, 0x02, 0x05, 
	0x06, 0x04, 0x07, 0x09, 0x09, 0x09, 0x09, 0x09, 
	0x09, 0x09, 0x09, 0x0f, 0x0b, 0x10, 0x11, 0x22, 
	0x00, 0x07, 0x07, 0x0c, 0x06, 0x00, 0x09, 0x09, 
	0x09, 0x09, 0x0f, 0x23, 0x24, 0x01, 0x1d, 0x10, 
	0x05, 0x03, 0x18, 0x09, 0x09, 0x09, 0x09, 0x09, 
	0x09, 0x09, 0x16, 0x0b, 0x18, 0x06, 0x18, 0x0b, 
	0x09, 0x08, 0x09, 0x09, 0x25, 0x0d, 0x18, 0x09, 
	0x09, 0x16, 0x0b, 0x00, 0x22, 0x05, 0x02, 0x1d, 
	0x1d, 0x05, 0x03, 0x18, 0x09, 0x09, 0x09, 0x0b, 
	0x09, 0x16, 0x0b, 0x0c, 0x17, 0x0b, 0x0f, 0x0f, 
	0x08, 0x09, 0x0f, 0x0f, 0x26, 0x27, 0x00, 0x09, 
	0x0b, 0x18, 0x17, 0x07, 0x0b, 0x09, 0x28, 0x04, 
	0x20, 0x05, 0x05, 0x00, 0x0b, 0x09, 0x0b, 0x04, 
	0x18, 0x0b, 0x17, 0x17, 0x0b, 0x0f, 0x09, 0x09, 
	0x26, 0x09, 0x09, 0x09, 0x09, 0x29, 0x18, 0x0b, 
	0x18, 0x18, 0x07, 0x0b, 0x16, 0x15, 0x15, 0x0b, 
	0x14, 0x29, 0x06, 0x05, 0x04, 0x0b, 0x18, 0x06, 
	0x00, 0x07, 0x07, 0x0b, 0x09, 0x09, 0x09, 0x09, 
	0x26, 0x14, 0x09, 0x09, 0x0f, 0x09, 0x0c, 0x18, 
	0x04, 0x18, 0x0b, 0x0f, 0x0f, 0x08, 0x08, 0x09, 
	0x15, 0x0e, 0x18, 0x02, 0x03, 0x04, 0x03, 0x05, 
	0x00, 0x28, 0x16, 0x09, 0x09, 0x09, 0x09, 0x0b, 
	0x17, 0x26, 0x09, 0x09, 0x09, 0x09, 0x2a, 0x04, 
	0x04, 0x0b, 0x0f, 0x09, 0x09, 0x16, 0x14, 0x0e, 
	0x08, 0x09, 0x07, 0x10, 0x05, 0x06, 0x05, 0x02, 
	0x0c, 0x14, 0x0f, 0x09, 0x09, 0x09, 0x07, 0x18, 
	0x04, 0x17, 0x28, 0x07, 0x09, 0x09, 0x2b, 0x06, 
	0x00, 0x0b, 0x09, 0x07, 0x0b, 0x0b, 0x09, 0x08, 
	0x0e, 0x09, 0x09, 0x06, 0x11, 0x05, 0x02, 0x02, 
	0x0c, 0x09, 0x09, 0x09, 0x09, 0x07, 0x0b, 0x18, 
	0x00, 0x00, 0x07, 0x07, 0x09, 0x09, 0x07, 0x05, 
	0x03, 0x0b, 0x09, 0x0b, 0x0b, 0x0b, 0x0b, 0x09, 
	0x09, 0x09, 0x09, 0x18, 0x11, 0x11, 0x11, 0x05, 
	0x07, 0x09, 0x09, 0x09, 0x07, 0x0b, 0x0b, 0x0b, 
	0x04, 0x04, 0x17, 0x17, 0x09, 0x09, 0x07, 0x1f, 
	0x03, 0x0b, 0x16, 0x0b, 0x0b, 0x0b, 0x0b, 0x09, 
	0x09, 0x09, 0x09, 0x07, 0x02, 0x1c, 0x01, 0x10, 
	0x07, 0x09, 0x09, 0x09, 0x0b, 0x0b, 0x09, 0x09, 
	0x0b, 0x18, 0x0b, 0x17, 0x09, 0x09, 0x07, 0x06, 
	0x06, 0x0b, 0x09, 0x09, 0x09, 0x0b, 0x0b, 0x09, 
	0x09, 0x09, 0x09, 0x0f, 0x06, 0x19, 0x1c, 0x21, 
	0x04, 0x09, 0x09, 0x07, 0x0b, 0x07, 0x09, 0x09, 
	0x09, 0x0b, 0x0b, 0x09, 0x09, 0x0f, 0x28, 0x2c, 
	0x03, 0x0b, 0x09, 0x09, 0x09, 0x07, 0x0b, 0x0b, 
	0x09, 0x09, 0x09, 0x0f, 0x06, 0x01, 0x1c, 0x11, 
	0x05, 0x0b, 0x09, 0x0b, 0x18, 0x09, 0x09, 0x09, 
	0x09, 0x09, 0x0b, 0x28, 0x0e, 0x0f, 0x09, 0x0c, 
	0x06, 0x18, 0x09, 0x09, 0x09, 0x09, 0x0b, 0x0b, 
	0x07, 0x14, 0x09, 0x0f, 0x04, 0x11, 0x1c, 0x2d, 
	0x02, 0x00, 0x04, 0x00, 0x18, 0x07, 0x09, 0x09, 
	0x09, 0x09, 0x09, 0x09, 0x09, 0x09, 0x09, 0x00, 
	0x20, 0x04, 0x07, 0x09, 0x09, 0x09, 0x0b, 0x18, 
	0x18, 0x28, 0x09, 0x09, 0x0b, 0x10, 0x1d, 0x2e, 
	0x2e, 0x10, 0x10, 0x05, 0x00, 0x18, 0x0b, 0x0b, 
	0x0b, 0x0f, 0x09, 0x0b, 0x09, 0x09, 0x09, 0x03, 
	0x05, 0x00, 0x0b, 0x09, 0x09, 0x09, 0x0b, 0x04, 
	0x00, 0x07, 0x0e, 0x09, 0x16, 0x00, 0x06, 0x28, 
	0x18, 0x06, 0x21, 0x02, 0x05, 0x06, 0x00, 0x00, 
	0x04, 0x18, 0x0b, 0x0b, 0x16, 0x09, 0x09, 0x06, 
	0x05, 0x00, 0x0b, 0x09, 0x09, 0x09, 0x0b, 0x04, 
	0x00, 0x0b, 0x09, 0x09, 0x0f, 0x04, 0x2f, 0x28, 
	0x0f, 0x2b, 0x2e, 0x11, 0x1d, 0x02, 0x05, 0x20, 
	0x20, 0x20, 0x00, 0x04, 0x0b, 0x16, 0x0b, 0x10, 
	0x1d, 0x00, 0x0b, 0x09, 0x09, 0x09, 0x0b, 0x18, 
	0x04, 0x07, 0x09, 0x09, 0x16, 0x30, 0x06, 0x04, 
	0x09, 0x14, 0x0c, 0x1d, 0x1d, 0x10, 0x06, 0x00, 
	0x00, 0x00, 0x04, 0x00, 0x03, 0x20, 0x12, 0x24, 
	0x01, 0x06, 0x0b, 0x09, 0x09, 0x09, 0x07, 0x0b, 
	0x18, 0x0b, 0x09, 0x09, 0x18, 0x12, 0x10, 0x06, 
	0x18, 0x09, 0x28, 0x1f, 0x21, 0x05, 0x00, 0x28, 
	0x08, 0x0f, 0x0b, 0x18, 0x04, 0x12, 0x1c, 0x01, 
	0x01, 0x05, 0x18, 0x09, 0x09, 0x09, 0x07, 0x18, 
	0x04, 0x18, 0x0b, 0x0b, 0x23, 0x24, 0x11, 0x10, 
	0x20, 0x18, 0x28, 0x2b, 0x02, 0x20, 0x18, 0x08, 
	0x1b, 0x09, 0x09, 0x0f, 0x0b, 0x18, 0x1d, 0x1c, 
	0x1c, 0x1d, 0x00, 0x0b, 0x09, 0x09, 0x0b, 0x00, 
	0x06, 0x00, 0x0b, 0x17, 0x18, 0x20, 0x10, 0x2e, 
	0x2e, 0x03, 0x0b, 0x29, 0x06, 0x20, 0x18, 0x08, 
	0x15, 0x0e, 0x09, 0x09, 0x09, 0x0f, 0x18, 0x1e, 
	0x1d, 0x24, 0x05, 0x04, 0x0b, 0x18, 0x00, 0x20, 
	0x05, 0x04, 0x09, 0x09, 0x07, 0x16, 0x08, 0x1a, 
	0x18, 0x00, 0x04, 0x28, 0x31, 0x05, 0x18, 0x32, 
	0x09, 0x09, 0x09, 0x09, 0x09, 0x09, 0x09, 0x18, 
	
};

Gfx welkit_city_dl_t_0_rockyhillside_pal_rgba16_aligner[] = {gsSPEndDisplayList()};
u8 welkit_city_dl_t_0_rockyhillside_pal_rgba16[] = {
	0xac, 0x1b, 0x7a, 0xd5, 0x93, 0x59, 0xab, 0xdb, 
	0xb4, 0x1b, 0x9b, 0x99, 0xa3, 0xdb, 0xbc, 0x9d, 
	0xcc, 0xdf, 0xc4, 0x9d, 0xd5, 0x63, 0xbc, 0x5b, 
	0xb4, 0x5d, 0xa4, 0x1b, 0xcc, 0xdd, 0xc4, 0x9b, 
	0x93, 0x99, 0x83, 0x17, 0x93, 0x57, 0xcc, 0x9d, 
	0xc4, 0xdd, 0xd5, 0x21, 0xbc, 0x9b, 0xbc, 0x5d, 
	0xb4, 0x5b, 0x72, 0xd5, 0xc4, 0x9f, 0xd5, 0x61, 
	0x72, 0x95, 0x8b, 0x57, 0x8b, 0x17, 0x9b, 0xdb, 
	0xa3, 0xd9, 0x8b, 0x59, 0x9b, 0xd9, 0xac, 0x19, 
	0x83, 0x15, 0xc5, 0x21, 0xcd, 0x21, 0xbc, 0xa1, 
	0xc4, 0xdf, 0xc4, 0xe1, 0xb4, 0x9f, 0xbc, 0x9f, 
	0xac, 0x5d, 0x7a, 0xd7, 0x9b, 0x9b, 0xb4, 0x5f, 
	0xab, 0xd9, 0xac, 0x1d, 0xcd, 0x1f, 
};

Gfx welkit_city_dl_t_0_grass_ci8_aligner[] = {gsSPEndDisplayList()};
u8 welkit_city_dl_t_0_grass_ci8[] = {
	0x00, 0x01, 0x01, 0x02, 0x03, 0x04, 0x04, 0x02, 
	0x05, 0x06, 0x04, 0x07, 0x00, 0x01, 0x02, 0x06, 
	0x06, 0x06, 0x05, 0x08, 0x08, 0x01, 0x09, 0x08, 
	0x0a, 0x03, 0x04, 0x0b, 0x01, 0x03, 0x03, 0x01, 
	0x01, 0x06, 0x02, 0x01, 0x06, 0x03, 0x01, 0x0c, 
	0x0d, 0x06, 0x0e, 0x09, 0x07, 0x00, 0x0f, 0x03, 
	0x03, 0x05, 0x0a, 0x10, 0x11, 0x03, 0x0b, 0x01, 
	0x05, 0x00, 0x04, 0x00, 0x0f, 0x03, 0x02, 0x04, 
	0x00, 0x11, 0x06, 0x06, 0x06, 0x06, 0x00, 0x0a, 
	0x08, 0x02, 0x12, 0x09, 0x04, 0x13, 0x0e, 0x0f, 
	0x01, 0x06, 0x08, 0x0c, 0x02, 0x03, 0x04, 0x00, 
	0x11, 0x07, 0x04, 0x11, 0x12, 0x07, 0x07, 0x04, 
	0x14, 0x03, 0x05, 0x02, 0x06, 0x06, 0x11, 0x06, 
	0x03, 0x00, 0x13, 0x12, 0x00, 0x13, 0x15, 0x00, 
	0x01, 0x03, 0x05, 0x11, 0x03, 0x01, 0x01, 0x03, 
	0x06, 0x03, 0x05, 0x06, 0x0b, 0x13, 0x14, 0x0e, 
	0x01, 0x02, 0x03, 0x01, 0x03, 0x06, 0x05, 0x11, 
	0x11, 0x0e, 0x13, 0x12, 0x04, 0x0b, 0x16, 0x0e, 
	0x01, 0x0f, 0x01, 0x06, 0x02, 0x00, 0x00, 0x07, 
	0x00, 0x01, 0x0a, 0x11, 0x02, 0x0e, 0x15, 0x13, 
	0x0d, 0x0f, 0x03, 0x02, 0x01, 0x03, 0x06, 0x02, 
	0x03, 0x09, 0x09, 0x12, 0x0e, 0x00, 0x14, 0x14, 
	0x00, 0x04, 0x00, 0x0f, 0x04, 0x0f, 0x0f, 0x09, 
	0x09, 0x00, 0x06, 0x0a, 0x17, 0x0f, 0x04, 0x09, 
	0x01, 0x00, 0x01, 0x01, 0x00, 0x01, 0x03, 0x06, 
	0x03, 0x0e, 0x0e, 0x0e, 0x0e, 0x00, 0x12, 0x0b, 
	0x04, 0x07, 0x0f, 0x00, 0x12, 0x00, 0x01, 0x0e, 
	0x09, 0x04, 0x07, 0x17, 0x08, 0x06, 0x02, 0x09, 
	0x00, 0x0f, 0x0f, 0x0f, 0x00, 0x0f, 0x03, 0x0f, 
	0x00, 0x09, 0x00, 0x01, 0x04, 0x00, 0x00, 0x0b, 
	0x12, 0x07, 0x07, 0x0f, 0x0e, 0x04, 0x00, 0x0f, 
	0x0f, 0x00, 0x01, 0x03, 0x05, 0x17, 0x03, 0x14, 
	0x00, 0x01, 0x0f, 0x0f, 0x00, 0x00, 0x00, 0x0e, 
	0x0b, 0x00, 0x00, 0x0f, 0x04, 0x0e, 0x07, 0x04, 
	0x04, 0x00, 0x07, 0x06, 0x00, 0x04, 0x00, 0x0f, 
	0x0f, 0x0f, 0x01, 0x06, 0x0d, 0x08, 0x11, 0x09, 
	0x01, 0x03, 0x00, 0x01, 0x03, 0x0f, 0x04, 0x07, 
	0x12, 0x00, 0x07, 0x00, 0x04, 0x18, 0x14, 0x04, 
	0x0f, 0x00, 0x01, 0x06, 0x04, 0x0b, 0x07, 0x03, 
	0x06, 0x06, 0x03, 0x00, 0x0d, 0x10, 0x0d, 0x04, 
	0x06, 0x02, 0x07, 0x01, 0x06, 0x03, 0x0b, 0x0b, 
	0x0e, 0x0b, 0x09, 0x0e, 0x00, 0x19, 0x1a, 0x00, 
	0x07, 0x00, 0x01, 0x06, 0x07, 0x0b, 0x00, 0x01, 
	0x01, 0x03, 0x0f, 0x04, 0x02, 0x0c, 0x0d, 0x0b, 
	0x01, 0x11, 0x04, 0x04, 0x03, 0x03, 0x04, 0x09, 
	0x14, 0x13, 0x19, 0x09, 0x11, 0x18, 0x09, 0x0f, 
	0x00, 0x0f, 0x0f, 0x00, 0x04, 0x00, 0x11, 0x01, 
	0x00, 0x01, 0x00, 0x04, 0x00, 0x03, 0x05, 0x0e, 
	0x00, 0x11, 0x0e, 0x0e, 0x01, 0x11, 0x0f, 0x07, 
	0x13, 0x13, 0x15, 0x00, 0x11, 0x01, 0x00, 0x03, 
	0x02, 0x01, 0x0f, 0x04, 0x0e, 0x00, 0x11, 0x01, 
	0x00, 0x0f, 0x04, 0x12, 0x07, 0x00, 0x0f, 0x00, 
	0x11, 0x01, 0x09, 0x04, 0x01, 0x11, 0x11, 0x0f, 
	0x04, 0x14, 0x14, 0x0e, 0x0d, 0x06, 0x00, 0x02, 
	0x01, 0x04, 0x03, 0x06, 0x0f, 0x0f, 0x05, 0x00, 
	0x04, 0x07, 0x07, 0x07, 0x00, 0x0f, 0x02, 0x01, 
	0x0a, 0x02, 0x13, 0x09, 0x00, 0x06, 0x06, 0x01, 
	0x0f, 0x14, 0x13, 0x13, 0x03, 0x00, 0x0e, 0x00, 
	0x00, 0x09, 0x05, 0x0a, 0x02, 0x03, 0x06, 0x04, 
	0x12, 0x0f, 0x03, 0x06, 0x03, 0x03, 0x03, 0x06, 
	0x10, 0x11, 0x09, 0x07, 0x00, 0x01, 0x01, 0x01, 
	0x01, 0x14, 0x14, 0x0e, 0x00, 0x0e, 0x09, 0x01, 
	0x0f, 0x0e, 0x11, 0x0d, 0x06, 0x06, 0x03, 0x0e, 
	0x04, 0x03, 0x11, 0x08, 0x11, 0x03, 0x0f, 0x11, 
	0x10, 0x08, 0x0f, 0x0f, 0x00, 0x00, 0x01, 0x02, 
	0x00, 0x13, 0x15, 0x12, 0x07, 0x14, 0x09, 0x03, 
	0x01, 0x04, 0x06, 0x11, 0x11, 0x06, 0x06, 0x01, 
	0x06, 0x06, 0x08, 0x08, 0x11, 0x00, 0x07, 0x11, 
	0x11, 0x06, 0x0f, 0x04, 0x07, 0x01, 0x05, 0x03, 
	0x0f, 0x0e, 0x14, 0x13, 0x04, 0x13, 0x0b, 0x03, 
	0x06, 0x00, 0x11, 0x11, 0x06, 0x06, 0x11, 0x03, 
	0x05, 0x06, 0x05, 0x05, 0x06, 0x04, 0x0f, 0x17, 
	0x06, 0x01, 0x00, 0x07, 0x04, 0x06, 0x0d, 0x03, 
	0x03, 0x07, 0x09, 0x18, 0x09, 0x0b, 0x00, 0x05, 
	0x06, 0x01, 0x11, 0x06, 0x03, 0x03, 0x06, 0x01, 
	0x06, 0x03, 0x01, 0x06, 0x0f, 0x07, 0x0f, 0x11, 
	0x11, 0x01, 0x04, 0x12, 0x00, 0x05, 0x11, 0x11, 
	0x03, 0x00, 0x12, 0x15, 0x15, 0x13, 0x11, 0x0a, 
	0x11, 0x0f, 0x06, 0x06, 0x02, 0x06, 0x01, 0x01, 
	0x02, 0x05, 0x0f, 0x07, 0x04, 0x07, 0x06, 0x0a, 
	0x03, 0x00, 0x07, 0x07, 0x05, 0x08, 0x08, 0x0c, 
	0x03, 0x01, 0x04, 0x15, 0x14, 0x0e, 0x0d, 0x10, 
	0x06, 0x00, 0x03, 0x0f, 0x01, 0x02, 0x00, 0x05, 
	0x11, 0x0d, 0x0f, 0x04, 0x04, 0x00, 0x05, 0x11, 
	0x03, 0x0f, 0x01, 0x00, 0x03, 0x08, 0x0d, 0x08, 
	0x02, 0x01, 0x0e, 0x13, 0x07, 0x07, 0x08, 0x0a, 
	0x0d, 0x01, 0x02, 0x07, 0x00, 0x01, 0x0f, 0x11, 
	0x06, 0x00, 0x0f, 0x07, 0x00, 0x01, 0x06, 0x03, 
	0x04, 0x00, 0x03, 0x04, 0x06, 0x11, 0x0a, 0x03, 
	0x00, 0x01, 0x07, 0x0b, 0x07, 0x02, 0x0a, 0x08, 
	0x0d, 0x06, 0x02, 0x04, 0x04, 0x04, 0x06, 0x06, 
	0x01, 0x04, 0x07, 0x0f, 0x0f, 0x03, 0x07, 0x04, 
	0x0b, 0x04, 0x03, 0x04, 0x0f, 0x08, 0x08, 0x01, 
	0x03, 0x03, 0x0f, 0x09, 0x04, 0x02, 0x17, 0x11, 
	0x11, 0x06, 0x02, 0x09, 0x09, 0x04, 0x06, 0x03, 
	0x01, 0x12, 0x09, 0x0f, 0x0f, 0x00, 0x12, 0x0e, 
	0x0f, 0x06, 0x11, 0x06, 0x17, 0x11, 0x11, 0x07, 
	0x01, 0x02, 0x03, 0x00, 0x00, 0x07, 0x03, 0x03, 
	0x08, 0x06, 0x01, 0x0b, 0x09, 0x06, 0x05, 0x0f, 
	0x04, 0x0e, 0x00, 0x00, 0x00, 0x07, 0x13, 0x0e, 
	0x05, 0x08, 0x05, 0x03, 0x11, 0x05, 0x11, 0x00, 
	0x0e, 0x01, 0x06, 0x02, 0x0f, 0x12, 0x00, 0x0f, 
	0x11, 0x11, 0x03, 0x0b, 0x01, 0x06, 0x01, 0x04, 
	0x04, 0x0e, 0x01, 0x00, 0x07, 0x01, 0x00, 0x0f, 
	0x06, 0x0c, 0x1b, 0x06, 0x0f, 0x01, 0x11, 0x02, 
	0x0e, 0x00, 0x02, 0x03, 0x0f, 0x0e, 0x01, 0x03, 
	0x02, 0x03, 0x0e, 0x13, 0x05, 0x06, 0x00, 0x13, 
	0x09, 0x04, 0x01, 0x00, 0x0f, 0x11, 0x05, 0x06, 
	0x06, 0x11, 0x0d, 0x06, 0x0f, 0x01, 0x06, 0x0f, 
	0x00, 0x00, 0x07, 0x00, 0x0f, 0x00, 0x01, 0x06, 
	0x06, 0x06, 0x14, 0x1a, 0x00, 0x00, 0x0e, 0x0e, 
	0x09, 0x07, 0x01, 0x0f, 0x01, 0x11, 0x05, 0x11, 
	0x06, 0x11, 0x08, 0x06, 0x00, 0x0e, 0x00, 0x00, 
	0x00, 0x0f, 0x00, 0x07, 0x0f, 0x0f, 0x00, 0x06, 
	0x06, 0x06, 0x13, 0x14, 0x00, 0x0e, 0x00, 0x01, 
	0x04, 0x04, 0x00, 0x01, 0x01, 0x06, 0x06, 0x06, 
	0x06, 0x08, 0x17, 0x06, 0x0f, 0x0e, 0x0e, 0x0e, 
	0x01, 0x01, 0x00, 0x07, 0x0f, 0x00, 0x06, 0x11, 
	0x03, 0x01, 0x18, 0x04, 0x01, 0x04, 0x04, 0x06, 
	0x00, 0x13, 0x00, 0x01, 0x0f, 0x02, 0x02, 0x0f, 
	0x11, 0x06, 0x01, 0x03, 0x00, 0x04, 0x0e, 0x0e, 
	0x02, 0x03, 0x07, 0x04, 0x01, 0x03, 0x0a, 0x11, 
	0x03, 0x01, 0x07, 0x0f, 0x08, 0x02, 0x04, 0x08, 
	0x06, 0x07, 0x07, 0x0e, 0x00, 0x0f, 0x00, 0x00, 
	0x03, 0x06, 0x01, 0x03, 0x0f, 0x00, 0x0e, 0x07, 
	0x11, 0x05, 0x07, 0x07, 0x0f, 0x03, 0x06, 0x11, 
	0x03, 0x0f, 0x00, 0x03, 0x17, 0x01, 0x04, 0x11, 
	0x05, 0x01, 0x00, 0x14, 0x00, 0x02, 0x00, 0x03, 
	
};

Gfx welkit_city_dl_t_0_grass_pal_rgba16_aligner[] = {gsSPEndDisplayList()};
u8 welkit_city_dl_t_0_grass_pal_rgba16[] = {
	0x64, 0x05, 0x6c, 0x45, 0x6c, 0x47, 0x6c, 0x87, 
	0x5b, 0xc5, 0x74, 0xc7, 0x74, 0x87, 0x5c, 0x05, 
	0x85, 0x07, 0x4b, 0x83, 0x8d, 0x49, 0x53, 0x83, 
	0x85, 0x49, 0x85, 0x09, 0x53, 0xc5, 0x64, 0x45, 
	0x95, 0x89, 0x7c, 0xc7, 0x53, 0x85, 0x4b, 0x43, 
	0x43, 0x43, 0x3b, 0x03, 0x32, 0x81, 0x7d, 0x07, 
	0x43, 0x03, 0x32, 0xc1, 0x3a, 0xc1, 0x8d, 0x89, 
	
};

Vtx welkit_city_dl_Cube_002_mesh_layer_1_vtx_cull[8] = {
	{{{-201, -164, 196}, 0, {0, 0}, {0x00, 0x00, 0x00, 0x00}}},
	{{{-201, 164, 196}, 0, {0, 0}, {0x00, 0x00, 0x00, 0x00}}},
	{{{-201, 164, -196}, 0, {0, 0}, {0x00, 0x00, 0x00, 0x00}}},
	{{{-201, -164, -196}, 0, {0, 0}, {0x00, 0x00, 0x00, 0x00}}},
	{{{201, -164, 196}, 0, {0, 0}, {0x00, 0x00, 0x00, 0x00}}},
	{{{201, 164, 196}, 0, {0, 0}, {0x00, 0x00, 0x00, 0x00}}},
	{{{201, 164, -196}, 0, {0, 0}, {0x00, 0x00, 0x00, 0x00}}},
	{{{201, -164, -196}, 0, {0, 0}, {0x00, 0x00, 0x00, 0x00}}},
};

Vtx welkit_city_dl_Cube_002_mesh_layer_1_vtx_0[24] = {
	{{{-201, -164, 196}, 0, {368, 1008}, {0x81, 0x00, 0x00, 0xFF}}},
	{{{-201, 164, 196}, 0, {624, 1008}, {0x81, 0x00, 0x00, 0xFF}}},
	{{{-201, 164, -196}, 0, {624, 752}, {0x81, 0x00, 0x00, 0xFF}}},
	{{{-201, -164, -196}, 0, {368, 752}, {0x81, 0x00, 0x00, 0xFF}}},
	{{{-201, -164, -196}, 0, {368, 752}, {0x00, 0x00, 0x81, 0xFF}}},
	{{{-201, 164, -196}, 0, {624, 752}, {0x00, 0x00, 0x81, 0xFF}}},
	{{{201, 164, -196}, 0, {624, 496}, {0x00, 0x00, 0x81, 0xFF}}},
	{{{201, -164, -196}, 0, {368, 496}, {0x00, 0x00, 0x81, 0xFF}}},
	{{{201, -164, -196}, 0, {368, 496}, {0x7F, 0x00, 0x00, 0xFF}}},
	{{{201, 164, -196}, 0, {624, 496}, {0x7F, 0x00, 0x00, 0xFF}}},
	{{{201, 164, 196}, 0, {624, 240}, {0x7F, 0x00, 0x00, 0xFF}}},
	{{{201, -164, 196}, 0, {368, 240}, {0x7F, 0x00, 0x00, 0xFF}}},
	{{{201, -164, 196}, 0, {368, 240}, {0x00, 0x00, 0x7F, 0xFF}}},
	{{{201, 164, 196}, 0, {624, 240}, {0x00, 0x00, 0x7F, 0xFF}}},
	{{{-201, 164, 196}, 0, {624, -16}, {0x00, 0x00, 0x7F, 0xFF}}},
	{{{-201, -164, 196}, 0, {368, -16}, {0x00, 0x00, 0x7F, 0xFF}}},
	{{{-201, -164, -196}, 0, {112, 496}, {0x00, 0x81, 0x00, 0xFF}}},
	{{{201, -164, -196}, 0, {368, 496}, {0x00, 0x81, 0x00, 0xFF}}},
	{{{201, -164, 196}, 0, {368, 240}, {0x00, 0x81, 0x00, 0xFF}}},
	{{{-201, -164, 196}, 0, {112, 240}, {0x00, 0x81, 0x00, 0xFF}}},
	{{{201, 164, -196}, 0, {624, 496}, {0x00, 0x7F, 0x00, 0xFF}}},
	{{{-201, 164, -196}, 0, {880, 496}, {0x00, 0x7F, 0x00, 0xFF}}},
	{{{-201, 164, 196}, 0, {880, 240}, {0x00, 0x7F, 0x00, 0xFF}}},
	{{{201, 164, 196}, 0, {624, 240}, {0x00, 0x7F, 0x00, 0xFF}}},
};

Gfx welkit_city_dl_Cube_002_mesh_layer_1_tri_0[] = {
	gsSPVertex(welkit_city_dl_Cube_002_mesh_layer_1_vtx_0 + 0, 24, 0),
	gsSP2Triangles(0, 1, 2, 0, 0, 2, 3, 0),
	gsSP2Triangles(4, 5, 6, 0, 4, 6, 7, 0),
	gsSP2Triangles(8, 9, 10, 0, 8, 10, 11, 0),
	gsSP2Triangles(12, 13, 14, 0, 12, 14, 15, 0),
	gsSP2Triangles(16, 17, 18, 0, 16, 18, 19, 0),
	gsSP2Triangles(20, 21, 22, 0, 20, 22, 23, 0),
	gsSPEndDisplayList(),
};

Vtx welkit_city_dl_Cube_003_mesh_layer_1_vtx_cull[8] = {
	{{{66, -1303, 196}, 0, {0, 0}, {0x00, 0x00, 0x00, 0x00}}},
	{{{66, 555, 196}, 0, {0, 0}, {0x00, 0x00, 0x00, 0x00}}},
	{{{66, 555, -196}, 0, {0, 0}, {0x00, 0x00, 0x00, 0x00}}},
	{{{66, -1303, -196}, 0, {0, 0}, {0x00, 0x00, 0x00, 0x00}}},
	{{{201, -1303, 196}, 0, {0, 0}, {0x00, 0x00, 0x00, 0x00}}},
	{{{201, 555, 196}, 0, {0, 0}, {0x00, 0x00, 0x00, 0x00}}},
	{{{201, 555, -196}, 0, {0, 0}, {0x00, 0x00, 0x00, 0x00}}},
	{{{201, -1303, -196}, 0, {0, 0}, {0x00, 0x00, 0x00, 0x00}}},
};

Vtx welkit_city_dl_Cube_003_mesh_layer_1_vtx_0[24] = {
	{{{66, -1303, 196}, 0, {368, 1008}, {0x81, 0x00, 0x00, 0xFF}}},
	{{{66, 555, 196}, 0, {624, 1008}, {0x81, 0x00, 0x00, 0xFF}}},
	{{{66, 555, -196}, 0, {624, 752}, {0x81, 0x00, 0x00, 0xFF}}},
	{{{66, -1303, -196}, 0, {368, 752}, {0x81, 0x00, 0x00, 0xFF}}},
	{{{66, -1303, -196}, 0, {368, 752}, {0x00, 0x00, 0x81, 0xFF}}},
	{{{66, 555, -196}, 0, {624, 752}, {0x00, 0x00, 0x81, 0xFF}}},
	{{{201, 555, -196}, 0, {624, 496}, {0x00, 0x00, 0x81, 0xFF}}},
	{{{201, -1303, -196}, 0, {368, 496}, {0x00, 0x00, 0x81, 0xFF}}},
	{{{201, -1303, -196}, 0, {368, 496}, {0x7F, 0x00, 0x00, 0xFF}}},
	{{{201, 555, -196}, 0, {624, 496}, {0x7F, 0x00, 0x00, 0xFF}}},
	{{{201, 555, 196}, 0, {624, 240}, {0x7F, 0x00, 0x00, 0xFF}}},
	{{{201, -1303, 196}, 0, {368, 240}, {0x7F, 0x00, 0x00, 0xFF}}},
	{{{201, -1303, 196}, 0, {368, 240}, {0x00, 0x00, 0x7F, 0xFF}}},
	{{{201, 555, 196}, 0, {624, 240}, {0x00, 0x00, 0x7F, 0xFF}}},
	{{{66, 555, 196}, 0, {624, -16}, {0x00, 0x00, 0x7F, 0xFF}}},
	{{{66, -1303, 196}, 0, {368, -16}, {0x00, 0x00, 0x7F, 0xFF}}},
	{{{66, -1303, -196}, 0, {112, 496}, {0x00, 0x81, 0x00, 0xFF}}},
	{{{201, -1303, -196}, 0, {368, 496}, {0x00, 0x81, 0x00, 0xFF}}},
	{{{201, -1303, 196}, 0, {368, 240}, {0x00, 0x81, 0x00, 0xFF}}},
	{{{66, -1303, 196}, 0, {112, 240}, {0x00, 0x81, 0x00, 0xFF}}},
	{{{201, 555, -196}, 0, {624, 496}, {0x00, 0x7F, 0x00, 0xFF}}},
	{{{66, 555, -196}, 0, {880, 496}, {0x00, 0x7F, 0x00, 0xFF}}},
	{{{66, 555, 196}, 0, {880, 240}, {0x00, 0x7F, 0x00, 0xFF}}},
	{{{201, 555, 196}, 0, {624, 240}, {0x00, 0x7F, 0x00, 0xFF}}},
};

Gfx welkit_city_dl_Cube_003_mesh_layer_1_tri_0[] = {
	gsSPVertex(welkit_city_dl_Cube_003_mesh_layer_1_vtx_0 + 0, 24, 0),
	gsSP2Triangles(0, 1, 2, 0, 0, 2, 3, 0),
	gsSP2Triangles(4, 5, 6, 0, 4, 6, 7, 0),
	gsSP2Triangles(8, 9, 10, 0, 8, 10, 11, 0),
	gsSP2Triangles(12, 13, 14, 0, 12, 14, 15, 0),
	gsSP2Triangles(16, 17, 18, 0, 16, 18, 19, 0),
	gsSP2Triangles(20, 21, 22, 0, 20, 22, 23, 0),
	gsSPEndDisplayList(),
};

Vtx welkit_city_dl_Cube_004_mesh_layer_1_vtx_cull[8] = {
	{{{-201, -164, 196}, 0, {0, 0}, {0x00, 0x00, 0x00, 0x00}}},
	{{{-201, 164, 196}, 0, {0, 0}, {0x00, 0x00, 0x00, 0x00}}},
	{{{-201, 164, -196}, 0, {0, 0}, {0x00, 0x00, 0x00, 0x00}}},
	{{{-201, -164, -196}, 0, {0, 0}, {0x00, 0x00, 0x00, 0x00}}},
	{{{201, -164, 196}, 0, {0, 0}, {0x00, 0x00, 0x00, 0x00}}},
	{{{201, 164, 196}, 0, {0, 0}, {0x00, 0x00, 0x00, 0x00}}},
	{{{201, 164, -196}, 0, {0, 0}, {0x00, 0x00, 0x00, 0x00}}},
	{{{201, -164, -196}, 0, {0, 0}, {0x00, 0x00, 0x00, 0x00}}},
};

Vtx welkit_city_dl_Cube_004_mesh_layer_1_vtx_0[24] = {
	{{{-201, -164, 196}, 0, {368, 1008}, {0x81, 0x00, 0x00, 0xFF}}},
	{{{-201, 164, 196}, 0, {624, 1008}, {0x81, 0x00, 0x00, 0xFF}}},
	{{{-201, 164, -196}, 0, {624, 752}, {0x81, 0x00, 0x00, 0xFF}}},
	{{{-201, -164, -196}, 0, {368, 752}, {0x81, 0x00, 0x00, 0xFF}}},
	{{{-201, -164, -196}, 0, {368, 752}, {0x00, 0x00, 0x81, 0xFF}}},
	{{{-201, 164, -196}, 0, {624, 752}, {0x00, 0x00, 0x81, 0xFF}}},
	{{{201, 164, -196}, 0, {624, 496}, {0x00, 0x00, 0x81, 0xFF}}},
	{{{201, -164, -196}, 0, {368, 496}, {0x00, 0x00, 0x81, 0xFF}}},
	{{{201, -164, -196}, 0, {368, 496}, {0x7F, 0x00, 0x00, 0xFF}}},
	{{{201, 164, -196}, 0, {624, 496}, {0x7F, 0x00, 0x00, 0xFF}}},
	{{{201, 164, 196}, 0, {624, 240}, {0x7F, 0x00, 0x00, 0xFF}}},
	{{{201, -164, 196}, 0, {368, 240}, {0x7F, 0x00, 0x00, 0xFF}}},
	{{{201, -164, 196}, 0, {368, 240}, {0x00, 0x00, 0x7F, 0xFF}}},
	{{{201, 164, 196}, 0, {624, 240}, {0x00, 0x00, 0x7F, 0xFF}}},
	{{{-201, 164, 196}, 0, {624, -16}, {0x00, 0x00, 0x7F, 0xFF}}},
	{{{-201, -164, 196}, 0, {368, -16}, {0x00, 0x00, 0x7F, 0xFF}}},
	{{{-201, -164, -196}, 0, {112, 496}, {0x00, 0x81, 0x00, 0xFF}}},
	{{{201, -164, -196}, 0, {368, 496}, {0x00, 0x81, 0x00, 0xFF}}},
	{{{201, -164, 196}, 0, {368, 240}, {0x00, 0x81, 0x00, 0xFF}}},
	{{{-201, -164, 196}, 0, {112, 240}, {0x00, 0x81, 0x00, 0xFF}}},
	{{{201, 164, -196}, 0, {624, 496}, {0x00, 0x7F, 0x00, 0xFF}}},
	{{{-201, 164, -196}, 0, {880, 496}, {0x00, 0x7F, 0x00, 0xFF}}},
	{{{-201, 164, 196}, 0, {880, 240}, {0x00, 0x7F, 0x00, 0xFF}}},
	{{{201, 164, 196}, 0, {624, 240}, {0x00, 0x7F, 0x00, 0xFF}}},
};

Gfx welkit_city_dl_Cube_004_mesh_layer_1_tri_0[] = {
	gsSPVertex(welkit_city_dl_Cube_004_mesh_layer_1_vtx_0 + 0, 24, 0),
	gsSP2Triangles(0, 1, 2, 0, 0, 2, 3, 0),
	gsSP2Triangles(4, 5, 6, 0, 4, 6, 7, 0),
	gsSP2Triangles(8, 9, 10, 0, 8, 10, 11, 0),
	gsSP2Triangles(12, 13, 14, 0, 12, 14, 15, 0),
	gsSP2Triangles(16, 17, 18, 0, 16, 18, 19, 0),
	gsSP2Triangles(20, 21, 22, 0, 20, 22, 23, 0),
	gsSPEndDisplayList(),
};

Vtx welkit_city_dl_Cube_005_mesh_layer_1_vtx_cull[8] = {
	{{{-201, -564, 598}, 0, {0, 0}, {0x00, 0x00, 0x00, 0x00}}},
	{{{-201, 164, 598}, 0, {0, 0}, {0x00, 0x00, 0x00, 0x00}}},
	{{{-201, 164, -327}, 0, {0, 0}, {0x00, 0x00, 0x00, 0x00}}},
	{{{-201, -564, -327}, 0, {0, 0}, {0x00, 0x00, 0x00, 0x00}}},
	{{{201, -564, 598}, 0, {0, 0}, {0x00, 0x00, 0x00, 0x00}}},
	{{{201, 164, 598}, 0, {0, 0}, {0x00, 0x00, 0x00, 0x00}}},
	{{{201, 164, -327}, 0, {0, 0}, {0x00, 0x00, 0x00, 0x00}}},
	{{{201, -564, -327}, 0, {0, 0}, {0x00, 0x00, 0x00, 0x00}}},
};

Vtx welkit_city_dl_Cube_005_mesh_layer_1_vtx_0[24] = {
	{{{-201, -564, 598}, 0, {368, 1008}, {0x81, 0x00, 0x00, 0xFF}}},
	{{{-201, 164, 598}, 0, {624, 1008}, {0x81, 0x00, 0x00, 0xFF}}},
	{{{-201, 164, -327}, 0, {624, 752}, {0x81, 0x00, 0x00, 0xFF}}},
	{{{-201, -564, 73}, 0, {368, 752}, {0x81, 0x00, 0x00, 0xFF}}},
	{{{-201, -564, 73}, 0, {368, 752}, {0x00, 0xC3, 0x91, 0xFF}}},
	{{{-201, 164, -327}, 0, {624, 752}, {0x00, 0xC3, 0x91, 0xFF}}},
	{{{201, 164, -327}, 0, {624, 496}, {0x00, 0xC3, 0x91, 0xFF}}},
	{{{201, -564, 73}, 0, {368, 496}, {0x00, 0xC3, 0x91, 0xFF}}},
	{{{201, -564, 73}, 0, {368, 496}, {0x7F, 0x00, 0x00, 0xFF}}},
	{{{201, 164, -327}, 0, {624, 496}, {0x7F, 0x00, 0x00, 0xFF}}},
	{{{201, 164, 598}, 0, {624, 240}, {0x7F, 0x00, 0x00, 0xFF}}},
	{{{201, -564, 598}, 0, {368, 240}, {0x7F, 0x00, 0x00, 0xFF}}},
	{{{201, -564, 598}, 0, {368, 240}, {0x00, 0x00, 0x7F, 0xFF}}},
	{{{201, 164, 598}, 0, {624, 240}, {0x00, 0x00, 0x7F, 0xFF}}},
	{{{-201, 164, 598}, 0, {624, -16}, {0x00, 0x00, 0x7F, 0xFF}}},
	{{{-201, -564, 598}, 0, {368, -16}, {0x00, 0x00, 0x7F, 0xFF}}},
	{{{-201, -564, 73}, 0, {112, 496}, {0x00, 0x81, 0x00, 0xFF}}},
	{{{201, -564, 73}, 0, {368, 496}, {0x00, 0x81, 0x00, 0xFF}}},
	{{{201, -564, 598}, 0, {368, 240}, {0x00, 0x81, 0x00, 0xFF}}},
	{{{-201, -564, 598}, 0, {112, 240}, {0x00, 0x81, 0x00, 0xFF}}},
	{{{201, 164, -327}, 0, {624, 496}, {0x00, 0x7F, 0x00, 0xFF}}},
	{{{-201, 164, -327}, 0, {880, 496}, {0x00, 0x7F, 0x00, 0xFF}}},
	{{{-201, 164, 598}, 0, {880, 240}, {0x00, 0x7F, 0x00, 0xFF}}},
	{{{201, 164, 598}, 0, {624, 240}, {0x00, 0x7F, 0x00, 0xFF}}},
};

Gfx welkit_city_dl_Cube_005_mesh_layer_1_tri_0[] = {
	gsSPVertex(welkit_city_dl_Cube_005_mesh_layer_1_vtx_0 + 0, 24, 0),
	gsSP2Triangles(0, 1, 2, 0, 0, 2, 3, 0),
	gsSP2Triangles(4, 5, 6, 0, 4, 6, 7, 0),
	gsSP2Triangles(8, 9, 10, 0, 8, 10, 11, 0),
	gsSP2Triangles(12, 13, 14, 0, 12, 14, 15, 0),
	gsSP2Triangles(16, 17, 18, 0, 16, 18, 19, 0),
	gsSP2Triangles(20, 21, 22, 0, 20, 22, 23, 0),
	gsSPEndDisplayList(),
};

Vtx welkit_city_dl_Cube_006_mesh_layer_1_vtx_cull[8] = {
	{{{66, -1303, 196}, 0, {0, 0}, {0x00, 0x00, 0x00, 0x00}}},
	{{{66, 555, 196}, 0, {0, 0}, {0x00, 0x00, 0x00, 0x00}}},
	{{{66, 555, -196}, 0, {0, 0}, {0x00, 0x00, 0x00, 0x00}}},
	{{{66, -1303, -196}, 0, {0, 0}, {0x00, 0x00, 0x00, 0x00}}},
	{{{201, -1303, 196}, 0, {0, 0}, {0x00, 0x00, 0x00, 0x00}}},
	{{{201, 555, 196}, 0, {0, 0}, {0x00, 0x00, 0x00, 0x00}}},
	{{{201, 555, -196}, 0, {0, 0}, {0x00, 0x00, 0x00, 0x00}}},
	{{{201, -1303, -196}, 0, {0, 0}, {0x00, 0x00, 0x00, 0x00}}},
};

Vtx welkit_city_dl_Cube_006_mesh_layer_1_vtx_0[24] = {
	{{{66, -1303, 196}, 0, {368, 1008}, {0x81, 0x00, 0x00, 0xFF}}},
	{{{66, 555, 196}, 0, {624, 1008}, {0x81, 0x00, 0x00, 0xFF}}},
	{{{66, 555, -196}, 0, {624, 752}, {0x81, 0x00, 0x00, 0xFF}}},
	{{{66, -1303, -196}, 0, {368, 752}, {0x81, 0x00, 0x00, 0xFF}}},
	{{{66, -1303, -196}, 0, {368, 752}, {0x00, 0x00, 0x81, 0xFF}}},
	{{{66, 555, -196}, 0, {624, 752}, {0x00, 0x00, 0x81, 0xFF}}},
	{{{201, 555, -196}, 0, {624, 496}, {0x00, 0x00, 0x81, 0xFF}}},
	{{{201, -1303, -196}, 0, {368, 496}, {0x00, 0x00, 0x81, 0xFF}}},
	{{{201, -1303, -196}, 0, {368, 496}, {0x7F, 0x00, 0x00, 0xFF}}},
	{{{201, 555, -196}, 0, {624, 496}, {0x7F, 0x00, 0x00, 0xFF}}},
	{{{201, 555, 196}, 0, {624, 240}, {0x7F, 0x00, 0x00, 0xFF}}},
	{{{201, -1303, 196}, 0, {368, 240}, {0x7F, 0x00, 0x00, 0xFF}}},
	{{{201, -1303, 196}, 0, {368, 240}, {0x00, 0x00, 0x7F, 0xFF}}},
	{{{201, 555, 196}, 0, {624, 240}, {0x00, 0x00, 0x7F, 0xFF}}},
	{{{66, 555, 196}, 0, {624, -16}, {0x00, 0x00, 0x7F, 0xFF}}},
	{{{66, -1303, 196}, 0, {368, -16}, {0x00, 0x00, 0x7F, 0xFF}}},
	{{{66, -1303, -196}, 0, {112, 496}, {0x00, 0x81, 0x00, 0xFF}}},
	{{{201, -1303, -196}, 0, {368, 496}, {0x00, 0x81, 0x00, 0xFF}}},
	{{{201, -1303, 196}, 0, {368, 240}, {0x00, 0x81, 0x00, 0xFF}}},
	{{{66, -1303, 196}, 0, {112, 240}, {0x00, 0x81, 0x00, 0xFF}}},
	{{{201, 555, -196}, 0, {624, 496}, {0x00, 0x7F, 0x00, 0xFF}}},
	{{{66, 555, -196}, 0, {880, 496}, {0x00, 0x7F, 0x00, 0xFF}}},
	{{{66, 555, 196}, 0, {880, 240}, {0x00, 0x7F, 0x00, 0xFF}}},
	{{{201, 555, 196}, 0, {624, 240}, {0x00, 0x7F, 0x00, 0xFF}}},
};

Gfx welkit_city_dl_Cube_006_mesh_layer_1_tri_0[] = {
	gsSPVertex(welkit_city_dl_Cube_006_mesh_layer_1_vtx_0 + 0, 24, 0),
	gsSP2Triangles(0, 1, 2, 0, 0, 2, 3, 0),
	gsSP2Triangles(4, 5, 6, 0, 4, 6, 7, 0),
	gsSP2Triangles(8, 9, 10, 0, 8, 10, 11, 0),
	gsSP2Triangles(12, 13, 14, 0, 12, 14, 15, 0),
	gsSP2Triangles(16, 17, 18, 0, 16, 18, 19, 0),
	gsSP2Triangles(20, 21, 22, 0, 20, 22, 23, 0),
	gsSPEndDisplayList(),
};

Vtx welkit_city_dl_Cube_007_mesh_layer_1_vtx_cull[8] = {
	{{{-338, -164, 196}, 0, {0, 0}, {0x00, 0x00, 0x00, 0x00}}},
	{{{-338, -38, 196}, 0, {0, 0}, {0x00, 0x00, 0x00, 0x00}}},
	{{{-338, -38, -196}, 0, {0, 0}, {0x00, 0x00, 0x00, 0x00}}},
	{{{-338, -164, -196}, 0, {0, 0}, {0x00, 0x00, 0x00, 0x00}}},
	{{{201, -164, 196}, 0, {0, 0}, {0x00, 0x00, 0x00, 0x00}}},
	{{{201, -38, 196}, 0, {0, 0}, {0x00, 0x00, 0x00, 0x00}}},
	{{{201, -38, -196}, 0, {0, 0}, {0x00, 0x00, 0x00, 0x00}}},
	{{{201, -164, -196}, 0, {0, 0}, {0x00, 0x00, 0x00, 0x00}}},
};

Vtx welkit_city_dl_Cube_007_mesh_layer_1_vtx_0[24] = {
	{{{-338, -164, 196}, 0, {368, 1008}, {0x81, 0x00, 0x00, 0xFF}}},
	{{{-338, -38, 196}, 0, {624, 1008}, {0x81, 0x00, 0x00, 0xFF}}},
	{{{-338, -38, -196}, 0, {624, 752}, {0x81, 0x00, 0x00, 0xFF}}},
	{{{-338, -164, -196}, 0, {368, 752}, {0x81, 0x00, 0x00, 0xFF}}},
	{{{-338, -164, -196}, 0, {368, 752}, {0x00, 0x00, 0x81, 0xFF}}},
	{{{-338, -38, -196}, 0, {624, 752}, {0x00, 0x00, 0x81, 0xFF}}},
	{{{201, -38, -196}, 0, {624, 496}, {0x00, 0x00, 0x81, 0xFF}}},
	{{{201, -164, -196}, 0, {368, 496}, {0x00, 0x00, 0x81, 0xFF}}},
	{{{201, -164, -196}, 0, {368, 496}, {0x7F, 0x00, 0x00, 0xFF}}},
	{{{201, -38, -196}, 0, {624, 496}, {0x7F, 0x00, 0x00, 0xFF}}},
	{{{201, -38, 196}, 0, {624, 240}, {0x7F, 0x00, 0x00, 0xFF}}},
	{{{201, -164, 196}, 0, {368, 240}, {0x7F, 0x00, 0x00, 0xFF}}},
	{{{201, -164, 196}, 0, {368, 240}, {0x00, 0x00, 0x7F, 0xFF}}},
	{{{201, -38, 196}, 0, {624, 240}, {0x00, 0x00, 0x7F, 0xFF}}},
	{{{-338, -38, 196}, 0, {624, -16}, {0x00, 0x00, 0x7F, 0xFF}}},
	{{{-338, -164, 196}, 0, {368, -16}, {0x00, 0x00, 0x7F, 0xFF}}},
	{{{-338, -164, -196}, 0, {112, 496}, {0x00, 0x81, 0x00, 0xFF}}},
	{{{201, -164, -196}, 0, {368, 496}, {0x00, 0x81, 0x00, 0xFF}}},
	{{{201, -164, 196}, 0, {368, 240}, {0x00, 0x81, 0x00, 0xFF}}},
	{{{-338, -164, 196}, 0, {112, 240}, {0x00, 0x81, 0x00, 0xFF}}},
	{{{201, -38, -196}, 0, {624, 496}, {0x00, 0x7F, 0x00, 0xFF}}},
	{{{-338, -38, -196}, 0, {880, 496}, {0x00, 0x7F, 0x00, 0xFF}}},
	{{{-338, -38, 196}, 0, {880, 240}, {0x00, 0x7F, 0x00, 0xFF}}},
	{{{201, -38, 196}, 0, {624, 240}, {0x00, 0x7F, 0x00, 0xFF}}},
};

Gfx welkit_city_dl_Cube_007_mesh_layer_1_tri_0[] = {
	gsSPVertex(welkit_city_dl_Cube_007_mesh_layer_1_vtx_0 + 0, 24, 0),
	gsSP2Triangles(0, 1, 2, 0, 0, 2, 3, 0),
	gsSP2Triangles(4, 5, 6, 0, 4, 6, 7, 0),
	gsSP2Triangles(8, 9, 10, 0, 8, 10, 11, 0),
	gsSP2Triangles(12, 13, 14, 0, 12, 14, 15, 0),
	gsSP2Triangles(16, 17, 18, 0, 16, 18, 19, 0),
	gsSP2Triangles(20, 21, 22, 0, 20, 22, 23, 0),
	gsSPEndDisplayList(),
};

Vtx welkit_city_dl_Cube_008_mesh_layer_1_vtx_cull[8] = {
	{{{-201, -164, 196}, 0, {0, 0}, {0x00, 0x00, 0x00, 0x00}}},
	{{{-201, 164, 196}, 0, {0, 0}, {0x00, 0x00, 0x00, 0x00}}},
	{{{-201, 164, -196}, 0, {0, 0}, {0x00, 0x00, 0x00, 0x00}}},
	{{{-201, -164, -196}, 0, {0, 0}, {0x00, 0x00, 0x00, 0x00}}},
	{{{201, -164, 196}, 0, {0, 0}, {0x00, 0x00, 0x00, 0x00}}},
	{{{201, 164, 196}, 0, {0, 0}, {0x00, 0x00, 0x00, 0x00}}},
	{{{201, 164, -196}, 0, {0, 0}, {0x00, 0x00, 0x00, 0x00}}},
	{{{201, -164, -196}, 0, {0, 0}, {0x00, 0x00, 0x00, 0x00}}},
};

Vtx welkit_city_dl_Cube_008_mesh_layer_1_vtx_0[24] = {
	{{{-201, -164, 196}, 0, {368, 1008}, {0x81, 0x00, 0x00, 0xFF}}},
	{{{-201, 164, 196}, 0, {624, 1008}, {0x81, 0x00, 0x00, 0xFF}}},
	{{{-201, 164, -196}, 0, {624, 752}, {0x81, 0x00, 0x00, 0xFF}}},
	{{{-201, -164, -196}, 0, {368, 752}, {0x81, 0x00, 0x00, 0xFF}}},
	{{{-201, -164, -196}, 0, {368, 752}, {0x00, 0x00, 0x81, 0xFF}}},
	{{{-201, 164, -196}, 0, {624, 752}, {0x00, 0x00, 0x81, 0xFF}}},
	{{{201, 164, -196}, 0, {624, 496}, {0x00, 0x00, 0x81, 0xFF}}},
	{{{201, -164, -196}, 0, {368, 496}, {0x00, 0x00, 0x81, 0xFF}}},
	{{{201, -164, -196}, 0, {368, 496}, {0x7F, 0x00, 0x00, 0xFF}}},
	{{{201, 164, -196}, 0, {624, 496}, {0x7F, 0x00, 0x00, 0xFF}}},
	{{{201, 164, 196}, 0, {624, 240}, {0x7F, 0x00, 0x00, 0xFF}}},
	{{{201, -164, 196}, 0, {368, 240}, {0x7F, 0x00, 0x00, 0xFF}}},
	{{{201, -164, 196}, 0, {368, 240}, {0x00, 0x00, 0x7F, 0xFF}}},
	{{{201, 164, 196}, 0, {624, 240}, {0x00, 0x00, 0x7F, 0xFF}}},
	{{{-201, 164, 196}, 0, {624, -16}, {0x00, 0x00, 0x7F, 0xFF}}},
	{{{-201, -164, 196}, 0, {368, -16}, {0x00, 0x00, 0x7F, 0xFF}}},
	{{{-201, -164, -196}, 0, {112, 496}, {0x00, 0x81, 0x00, 0xFF}}},
	{{{201, -164, -196}, 0, {368, 496}, {0x00, 0x81, 0x00, 0xFF}}},
	{{{201, -164, 196}, 0, {368, 240}, {0x00, 0x81, 0x00, 0xFF}}},
	{{{-201, -164, 196}, 0, {112, 240}, {0x00, 0x81, 0x00, 0xFF}}},
	{{{201, 164, -196}, 0, {624, 496}, {0x00, 0x7F, 0x00, 0xFF}}},
	{{{-201, 164, -196}, 0, {880, 496}, {0x00, 0x7F, 0x00, 0xFF}}},
	{{{-201, 164, 196}, 0, {880, 240}, {0x00, 0x7F, 0x00, 0xFF}}},
	{{{201, 164, 196}, 0, {624, 240}, {0x00, 0x7F, 0x00, 0xFF}}},
};

Gfx welkit_city_dl_Cube_008_mesh_layer_1_tri_0[] = {
	gsSPVertex(welkit_city_dl_Cube_008_mesh_layer_1_vtx_0 + 0, 24, 0),
	gsSP2Triangles(0, 1, 2, 0, 0, 2, 3, 0),
	gsSP2Triangles(4, 5, 6, 0, 4, 6, 7, 0),
	gsSP2Triangles(8, 9, 10, 0, 8, 10, 11, 0),
	gsSP2Triangles(12, 13, 14, 0, 12, 14, 15, 0),
	gsSP2Triangles(16, 17, 18, 0, 16, 18, 19, 0),
	gsSP2Triangles(20, 21, 22, 0, 20, 22, 23, 0),
	gsSPEndDisplayList(),
};

Vtx welkit_city_dl_Plane_001_mesh_layer_1_vtx_cull[8] = {
	{{{-25474, -7017, 4855}, 0, {0, 0}, {0x00, 0x00, 0x00, 0x00}}},
	{{{-25474, 18929, 4855}, 0, {0, 0}, {0x00, 0x00, 0x00, 0x00}}},
	{{{-25474, 18929, -18630}, 0, {0, 0}, {0x00, 0x00, 0x00, 0x00}}},
	{{{-25474, -7017, -18630}, 0, {0, 0}, {0x00, 0x00, 0x00, 0x00}}},
	{{{11486, -7017, 4855}, 0, {0, 0}, {0x00, 0x00, 0x00, 0x00}}},
	{{{11486, 18929, 4855}, 0, {0, 0}, {0x00, 0x00, 0x00, 0x00}}},
	{{{11486, 18929, -18630}, 0, {0, 0}, {0x00, 0x00, 0x00, 0x00}}},
	{{{11486, -7017, -18630}, 0, {0, 0}, {0x00, 0x00, 0x00, 0x00}}},
};

Vtx welkit_city_dl_Plane_001_mesh_layer_1_vtx_0[26] = {
	{{{-10745, 18411, 4690}, 0, {1008, 1008}, {0xFD, 0x7D, 0x19, 0xFF}}},
	{{{-7953, 18929, 2346}, 0, {-16, -16}, {0xFD, 0x7D, 0x19, 0xFF}}},
	{{{-10854, 18929, 2042}, 0, {-16, 1008}, {0xFD, 0x7D, 0x19, 0xFF}}},
	{{{-10745, 18411, 4690}, 0, {1008, 1008}, {0x04, 0x00, 0x7F, 0xFF}}},
	{{{-7881, 18009, 4590}, 0, {1008, -16}, {0x04, 0x00, 0x7F, 0xFF}}},
	{{{-7881, 18929, 4590}, 0, {1008, -16}, {0x04, 0x00, 0x7F, 0xFF}}},
	{{{-10745, 17491, 4690}, 0, {1008, 1008}, {0x17, 0x83, 0xFF, 0xFF}}},
	{{{-7953, 18009, 2346}, 0, {-16, -16}, {0x17, 0x83, 0xFF, 0xFF}}},
	{{{-7881, 18009, 4590}, 0, {1008, -16}, {0x17, 0x83, 0xFF, 0xFF}}},
	{{{-10745, 18411, 4690}, 0, {1008, 1008}, {0xE9, 0x7D, 0x01, 0xFF}}},
	{{{-7881, 18929, 4590}, 0, {1008, -16}, {0xE9, 0x7D, 0x01, 0xFF}}},
	{{{-7953, 18929, 2346}, 0, {-16, -16}, {0xE9, 0x7D, 0x01, 0xFF}}},
	{{{-10745, 18411, 4690}, 0, {1008, 1008}, {0x04, 0x00, 0x7F, 0xFF}}},
	{{{-10745, 17491, 4690}, 0, {1008, 1008}, {0x04, 0x00, 0x7F, 0xFF}}},
	{{{-7881, 18009, 4590}, 0, {1008, -16}, {0x04, 0x00, 0x7F, 0xFF}}},
	{{{-10745, 17491, 4690}, 0, {1008, 1008}, {0x03, 0x83, 0xE7, 0xFF}}},
	{{{-10854, 18009, 2042}, 0, {-16, 1008}, {0x03, 0x83, 0xE7, 0xFF}}},
	{{{-7953, 18009, 2346}, 0, {-16, -16}, {0x03, 0x83, 0xE7, 0xFF}}},
	{{{-7953, 18929, 2346}, 0, {-16, -16}, {0x0D, 0x00, 0x82, 0xFF}}},
	{{{-10854, 18009, 2042}, 0, {-16, 1008}, {0x0D, 0x00, 0x82, 0xFF}}},
	{{{-10854, 18929, 2042}, 0, {-16, 1008}, {0x0D, 0x00, 0x82, 0xFF}}},
	{{{-7953, 18009, 2346}, 0, {-16, -16}, {0x0D, 0x00, 0x82, 0xFF}}},
	{{{-10745, 18411, 4690}, 0, {1008, 1008}, {0x81, 0x00, 0x05, 0xFF}}},
	{{{-10854, 18009, 2042}, 0, {-16, 1008}, {0x81, 0x00, 0x05, 0xFF}}},
	{{{-10745, 17491, 4690}, 0, {1008, 1008}, {0x81, 0x00, 0x05, 0xFF}}},
	{{{-10854, 18929, 2042}, 0, {-16, 1008}, {0x81, 0x00, 0x05, 0xFF}}},
};

Gfx welkit_city_dl_Plane_001_mesh_layer_1_tri_0[] = {
	gsSPVertex(welkit_city_dl_Plane_001_mesh_layer_1_vtx_0 + 0, 26, 0),
	gsSP2Triangles(0, 1, 2, 0, 3, 4, 5, 0),
	gsSP2Triangles(6, 7, 8, 0, 9, 10, 11, 0),
	gsSP2Triangles(12, 13, 14, 0, 15, 16, 17, 0),
	gsSP2Triangles(18, 19, 20, 0, 18, 21, 19, 0),
	gsSP2Triangles(22, 23, 24, 0, 22, 25, 23, 0),
	gsSPEndDisplayList(),
};

Vtx welkit_city_dl_Plane_001_mesh_layer_1_vtx_1[540] = {
	{{{-7881, 18929, 4590}, 0, {1008, -16}, {0x30, 0x76, 0xFE, 0xFF}}},
	{{{-1563, 16342, 2754}, 0, {-16, -16}, {0x30, 0x76, 0xFE, 0xFF}}},
	{{{-7953, 18929, 2346}, 0, {-16, -16}, {0x30, 0x76, 0xFE, 0xFF}}},
	{{{-1194, 16342, 4855}, 0, {1008, -16}, {0x2F, 0x76, 0xF8, 0xFF}}},
	{{{3708, 14176, 1988}, 0, {-16, -16}, {0x2F, 0x76, 0xF8, 0xFF}}},
	{{{-1563, 16342, 2754}, 0, {-16, -16}, {0x2F, 0x76, 0xF8, 0xFF}}},
	{{{4637, 14176, 3988}, 0, {1008, -16}, {0x20, 0x7A, 0xF1, 0xFF}}},
	{{{7815, 12845, 49}, 0, {-16, -16}, {0x20, 0x7A, 0xF1, 0xFF}}},
	{{{3708, 14176, 1988}, 0, {-16, -16}, {0x20, 0x7A, 0xF1, 0xFF}}},
	{{{7815, 12845, 49}, 0, {-16, -16}, {0x0C, 0x79, 0xDD, 0xFF}}},
	{{{11227, 11821, -2348}, 0, {1008, -16}, {0x0C, 0x79, 0xDD, 0xFF}}},
	{{{9227, 11821, -3005}, 0, {-16, -16}, {0x0C, 0x79, 0xDD, 0xFF}}},
	{{{9227, 11821, -3005}, 0, {-16, -16}, {0x00, 0x7E, 0xEE, 0xFF}}},
	{{{11486, 11350, -6237}, 0, {1008, -16}, {0x00, 0x7E, 0xEE, 0xFF}}},
	{{{9309, 11350, -6237}, 0, {-16, -16}, {0x00, 0x7E, 0xEE, 0xFF}}},
	{{{5059, 9983, -13093}, 0, {1008, -16}, {0xF2, 0x7D, 0xEC, 0xFF}}},
	{{{7650, 10907, -9180}, 0, {-16, -16}, {0xF2, 0x7D, 0xEC, 0xFF}}},
	{{{9505, 10907, -10499}, 0, {1008, -16}, {0xF2, 0x7D, 0xEC, 0xFF}}},
	{{{4105, 9983, -10921}, 0, {-16, -16}, {0xCD, 0x74, 0x08, 0xFF}}},
	{{{283, 8447, -13144}, 0, {1008, -16}, {0xCD, 0x74, 0x08, 0xFF}}},
	{{{300, 8266, -10382}, 0, {-16, -16}, {0xCD, 0x74, 0x08, 0xFF}}},
	{{{300, 8266, -10382}, 0, {-16, -16}, {0xE0, 0x7B, 0xF9, 0xFF}}},
	{{{-2818, 7299, -12879}, 0, {1008, -16}, {0xE0, 0x7B, 0xF9, 0xFF}}},
	{{{-3381, 7299, -10226}, 0, {-16, -16}, {0xE0, 0x7B, 0xF9, 0xFF}}},
	{{{-3381, 7299, -10226}, 0, {-16, -16}, {0xDC, 0x67, 0x41, 0xFF}}},
	{{{-2598, 5897, -7595}, 0, {-16, -16}, {0xDC, 0x67, 0x41, 0xFF}}},
	{{{-1149, 7434, -9210}, 0, {-16, -16}, {0xDC, 0x67, 0x41, 0xFF}}},
	{{{-4515, 5897, -8562}, 0, {-16, -16}, {0xE4, 0x6F, 0x37, 0xFF}}},
	{{{-3946, 4510, -5507}, 0, {-16, -16}, {0xE4, 0x6F, 0x37, 0xFF}}},
	{{{-2598, 5897, -7595}, 0, {-16, -16}, {0xE4, 0x6F, 0x37, 0xFF}}},
	{{{-3381, 7299, -10226}, 0, {-16, -16}, {0xC1, 0x6E, 0x00, 0xFF}}},
	{{{-5771, 5937, -12375}, 0, {1008, -16}, {0xC1, 0x6E, 0x00, 0xFF}}},
	{{{-5754, 5937, -10089}, 0, {-16, -16}, {0xC1, 0x6E, 0x00, 0xFF}}},
	{{{-5754, 5937, -10089}, 0, {-16, -16}, {0xCD, 0x73, 0xF1, 0xFF}}},
	{{{-8630, 4349, -12634}, 0, {1008, -16}, {0xCD, 0x73, 0xF1, 0xFF}}},
	{{{-9590, 4222, -10322}, 0, {-16, -16}, {0xCD, 0x73, 0xF1, 0xFF}}},
	{{{-9590, 4222, -10322}, 0, {-16, -16}, {0xDC, 0x77, 0xE6, 0xFF}}},
	{{{-10931, 3066, -13820}, 0, {1008, -16}, {0xDC, 0x77, 0xE6, 0xFF}}},
	{{{-12377, 3066, -11811}, 0, {-16, -16}, {0xDC, 0x77, 0xE6, 0xFF}}},
	{{{-10931, 3066, -13820}, 0, {1008, -16}, {0xD5, 0x74, 0xE1, 0xFF}}},
	{{{-14507, 1661, -14157}, 0, {-16, -16}, {0xD5, 0x74, 0xE1, 0xFF}}},
	{{{-12377, 3066, -11811}, 0, {-16, -16}, {0xD5, 0x74, 0xE1, 0xFF}}},
	{{{-12956, 1661, -16266}, 0, {1008, -16}, {0xE6, 0x7B, 0xED, 0xFF}}},
	{{{-17093, 803, -16112}, 0, {-16, -16}, {0xE6, 0x7B, 0xED, 0xFF}}},
	{{{-14507, 1661, -14157}, 0, {-16, -16}, {0xE6, 0x7B, 0xED, 0xFF}}},
	{{{-17093, 803, -16112}, 0, {-16, -16}, {0xDB, 0x79, 0x0D, 0xFF}}},
	{{{-20606, 12, -18630}, 0, {1008, -16}, {0xDB, 0x79, 0x0D, 0xFF}}},
	{{{-19610, 12, -15892}, 0, {-16, -16}, {0xDB, 0x79, 0x0D, 0xFF}}},
	{{{-19610, 12, -15892}, 0, {-16, -16}, {0xDE, 0x74, 0x27, 0xFF}}},
	{{{-23761, -1094, -16211}, 0, {1008, -16}, {0xDE, 0x74, 0x27, 0xFF}}},
	{{{-21659, -1094, -14390}, 0, {-16, -16}, {0xDE, 0x74, 0x27, 0xFF}}},
	{{{-21659, -1094, -14390}, 0, {-16, -16}, {0xF3, 0x74, 0x32, 0xFF}}},
	{{{-25238, -2358, -12357}, 0, {1008, -16}, {0xF3, 0x74, 0x32, 0xFF}}},
	{{{-22801, -2358, -11737}, 0, {-16, -16}, {0xF3, 0x74, 0x32, 0xFF}}},
	{{{-22801, -2358, -11737}, 0, {-16, -16}, {0x02, 0x76, 0x2F, 0xFF}}},
	{{{-25474, -3852, -7934}, 0, {1008, -16}, {0x02, 0x76, 0x2F, 0xFF}}},
	{{{-22958, -3852, -8015}, 0, {-16, -16}, {0x02, 0x76, 0x2F, 0xFF}}},
	{{{-22958, -3852, -8015}, 0, {-16, -16}, {0x08, 0x7C, 0x1A, 0xFF}}},
	{{{-23949, -4739, -3484}, 0, {1008, -16}, {0x08, 0x7C, 0x1A, 0xFF}}},
	{{{-21041, -4739, -4363}, 0, {-16, -16}, {0x08, 0x7C, 0x1A, 0xFF}}},
	{{{-21041, -4739, -4363}, 0, {-16, -16}, {0x0F, 0x7D, 0x10, 0xFF}}},
	{{{-21218, -5220, -451}, 0, {1008, -16}, {0x0F, 0x7D, 0x10, 0xFF}}},
	{{{-18861, -5220, -2647}, 0, {-16, -16}, {0x0F, 0x7D, 0x10, 0xFF}}},
	{{{-18861, -5220, -2647}, 0, {-16, -16}, {0x18, 0x7C, 0x06, 0xFF}}},
	{{{-15347, -6097, 951}, 0, {1008, -16}, {0x18, 0x7C, 0x06, 0xFF}}},
	{{{-14430, -6097, -2529}, 0, {-16, -16}, {0x18, 0x7C, 0x06, 0xFF}}},
	{{{-5674, 4510, -5696}, 0, {-16, -16}, {0xFC, 0x78, 0x28, 0xFF}}},
	{{{-3826, 3709, -3081}, 0, {-16, -16}, {0xFC, 0x78, 0x28, 0xFF}}},
	{{{-3946, 4510, -5507}, 0, {-16, -16}, {0xFC, 0x78, 0x28, 0xFF}}},
	{{{-3826, 3709, -3081}, 0, {-16, -16}, {0x27, 0x78, 0x0C, 0xFF}}},
	{{{-3997, 3403, 528}, 0, {-16, -16}, {0x27, 0x78, 0x0C, 0xFF}}},
	{{{-2476, 3028, -616}, 0, {-16, -16}, {0x27, 0x78, 0x0C, 0xFF}}},
	{{{300, 8266, -10382}, 0, {-16, -16}, {0xE4, 0x73, 0x2F, 0xFF}}},
	{{{-3381, 7299, -10226}, 0, {-16, -16}, {0xE4, 0x73, 0x2F, 0xFF}}},
	{{{-1149, 7434, -9210}, 0, {-16, -16}, {0xE4, 0x73, 0x2F, 0xFF}}},
	{{{9505, 10907, -10499}, 0, {1008, -16}, {0x00, 0x7E, 0xF3, 0xFF}}},
	{{{9309, 11350, -6237}, 0, {-16, -16}, {0x00, 0x7E, 0xF3, 0xFF}}},
	{{{11486, 11350, -6237}, 0, {1008, -16}, {0x00, 0x7E, 0xF3, 0xFF}}},
	{{{-2476, 3028, -616}, 0, {-16, -16}, {0x03, 0x7F, 0x05, 0xFF}}},
	{{{-923, 2865, 2699}, 0, {-16, -16}, {0x03, 0x7F, 0x05, 0xFF}}},
	{{{256, 2865, 1824}, 0, {-16, -16}, {0x03, 0x7F, 0x05, 0xFF}}},
	{{{-2598, 5897, -7595}, 0, {-16, -16}, {0x5F, 0x00, 0x55, 0xFF}}},
	{{{-1149, 6514, -9210}, 0, {-16, -16}, {0x5F, 0x00, 0x55, 0xFF}}},
	{{{-1149, 7434, -9210}, 0, {-16, -16}, {0x5F, 0x00, 0x55, 0xFF}}},
	{{{4637, 14176, 3988}, 0, {1008, -16}, {0x13, 0x00, 0x7E, 0xFF}}},
	{{{-1194, 15422, 4855}, 0, {1008, -16}, {0x13, 0x00, 0x7E, 0xFF}}},
	{{{4637, 13256, 3988}, 0, {1008, -16}, {0x13, 0x00, 0x7E, 0xFF}}},
	{{{-12956, 1661, -16266}, 0, {1008, -16}, {0x62, 0x00, 0xAF, 0xFF}}},
	{{{-10931, 2146, -13820}, 0, {1008, -16}, {0x62, 0x00, 0xAF, 0xFF}}},
	{{{-12956, 741, -16266}, 0, {1008, -16}, {0x62, 0x00, 0xAF, 0xFF}}},
	{{{-3381, 6379, -10226}, 0, {-16, -16}, {0x37, 0x8E, 0x0C, 0xFF}}},
	{{{-5771, 5017, -12375}, 0, {1008, -16}, {0x37, 0x8E, 0x0C, 0xFF}}},
	{{{-2818, 6379, -12879}, 0, {1008, -16}, {0x37, 0x8E, 0x0C, 0xFF}}},
	{{{-5754, 5017, -10089}, 0, {-16, -16}, {0x3E, 0x91, 0x00, 0xFF}}},
	{{{-8630, 3429, -12634}, 0, {1008, -16}, {0x3E, 0x91, 0x00, 0xFF}}},
	{{{-5771, 5017, -12375}, 0, {1008, -16}, {0x3E, 0x91, 0x00, 0xFF}}},
	{{{-9590, 3302, -10322}, 0, {-16, -16}, {0x37, 0x8F, 0x11, 0xFF}}},
	{{{-10931, 2146, -13820}, 0, {1008, -16}, {0x37, 0x8F, 0x11, 0xFF}}},
	{{{-8630, 3429, -12634}, 0, {1008, -16}, {0x37, 0x8F, 0x11, 0xFF}}},
	{{{-14507, 741, -14157}, 0, {-16, -16}, {0x2B, 0x8C, 0x1F, 0xFF}}},
	{{{-10931, 2146, -13820}, 0, {1008, -16}, {0x2B, 0x8C, 0x1F, 0xFF}}},
	{{{-12377, 2146, -11811}, 0, {-16, -16}, {0x2B, 0x8C, 0x1F, 0xFF}}},
	{{{-17093, -117, -16112}, 0, {-16, -16}, {0x1A, 0x85, 0x13, 0xFF}}},
	{{{-12956, 741, -16266}, 0, {1008, -16}, {0x1A, 0x85, 0x13, 0xFF}}},
	{{{-14507, 741, -14157}, 0, {-16, -16}, {0x1A, 0x85, 0x13, 0xFF}}},
	{{{-17093, -117, -16112}, 0, {-16, -16}, {0x16, 0x83, 0x09, 0xFF}}},
	{{{-20606, -908, -18630}, 0, {1008, -16}, {0x16, 0x83, 0x09, 0xFF}}},
	{{{-16146, -117, -18512}, 0, {1008, -16}, {0x16, 0x83, 0x09, 0xFF}}},
	{{{-19610, -908, -15892}, 0, {-16, -16}, {0x21, 0x86, 0xF4, 0xFF}}},
	{{{-23761, -2014, -16211}, 0, {1008, -16}, {0x21, 0x86, 0xF4, 0xFF}}},
	{{{-20606, -908, -18630}, 0, {1008, -16}, {0x21, 0x86, 0xF4, 0xFF}}},
	{{{-21659, -2014, -14390}, 0, {-16, -16}, {0x1A, 0x87, 0xE2, 0xFF}}},
	{{{-25238, -3278, -12357}, 0, {1008, -16}, {0x1A, 0x87, 0xE2, 0xFF}}},
	{{{-23761, -2014, -16211}, 0, {1008, -16}, {0x1A, 0x87, 0xE2, 0xFF}}},
	{{{-22801, -3278, -11737}, 0, {-16, -16}, {0x0A, 0x88, 0xD8, 0xFF}}},
	{{{-25474, -4772, -7934}, 0, {1008, -16}, {0x0A, 0x88, 0xD8, 0xFF}}},
	{{{-25238, -3278, -12357}, 0, {1008, -16}, {0x0A, 0x88, 0xD8, 0xFF}}},
	{{{-22958, -4772, -8015}, 0, {-16, -16}, {0xFF, 0x83, 0xE7, 0xFF}}},
	{{{-23949, -5659, -3484}, 0, {1008, -16}, {0xFF, 0x83, 0xE7, 0xFF}}},
	{{{-25474, -4772, -7934}, 0, {1008, -16}, {0xFF, 0x83, 0xE7, 0xFF}}},
	{{{-21041, -5659, -4363}, 0, {-16, -16}, {0xFB, 0x82, 0xF0, 0xFF}}},
	{{{-21218, -6140, -451}, 0, {1008, -16}, {0xFB, 0x82, 0xF0, 0xFF}}},
	{{{-23949, -5659, -3484}, 0, {1008, -16}, {0xFB, 0x82, 0xF0, 0xFF}}},
	{{{-18861, -6140, -2647}, 0, {-16, -16}, {0xF1, 0x83, 0xF0, 0xFF}}},
	{{{-15347, -7017, 951}, 0, {1008, -16}, {0xF1, 0x83, 0xF0, 0xFF}}},
	{{{-21218, -6140, -451}, 0, {1008, -16}, {0xF1, 0x83, 0xF0, 0xFF}}},
	{{{-2598, 4977, -7595}, 0, {-16, -16}, {0x24, 0x99, 0xBF, 0xFF}}},
	{{{-3381, 6379, -10226}, 0, {-16, -16}, {0x24, 0x99, 0xBF, 0xFF}}},
	{{{-1149, 6514, -9210}, 0, {-16, -16}, {0x24, 0x99, 0xBF, 0xFF}}},
	{{{-3946, 3590, -5507}, 0, {-16, -16}, {0x1C, 0x91, 0xC9, 0xFF}}},
	{{{-4515, 4977, -8562}, 0, {-16, -16}, {0x1C, 0x91, 0xC9, 0xFF}}},
	{{{-2598, 4977, -7595}, 0, {-16, -16}, {0x1C, 0x91, 0xC9, 0xFF}}},
	{{{-3826, 2789, -3081}, 0, {-16, -16}, {0x04, 0x88, 0xD8, 0xFF}}},
	{{{-5674, 3590, -5696}, 0, {-16, -16}, {0x04, 0x88, 0xD8, 0xFF}}},
	{{{-3946, 3590, -5507}, 0, {-16, -16}, {0x04, 0x88, 0xD8, 0xFF}}},
	{{{-3826, 2789, -3081}, 0, {-16, -16}, {0xFD, 0x81, 0xF5, 0xFF}}},
	{{{-3997, 2483, 528}, 0, {-16, -16}, {0xFD, 0x81, 0xF5, 0xFF}}},
	{{{-5409, 2789, -2651}, 0, {-16, -16}, {0xFD, 0x81, 0xF5, 0xFF}}},
	{{{-2476, 2108, -616}, 0, {-16, -16}, {0xE6, 0x84, 0x06, 0xFF}}},
	{{{-923, 1945, 2699}, 0, {-16, -16}, {0xE6, 0x84, 0x06, 0xFF}}},
	{{{-3997, 2483, 528}, 0, {-16, -16}, {0xE6, 0x84, 0x06, 0xFF}}},
	{{{283, 7527, -13144}, 0, {1008, -16}, {0x33, 0x8C, 0xF8, 0xFF}}},
	{{{4105, 9063, -10921}, 0, {-16, -16}, {0x33, 0x8C, 0xF8, 0xFF}}},
	{{{300, 7346, -10382}, 0, {-16, -16}, {0x33, 0x8C, 0xF8, 0xFF}}},
	{{{5059, 9063, -13093}, 0, {1008, -16}, {0x1B, 0x84, 0x0C, 0xFF}}},
	{{{7650, 9987, -9180}, 0, {-16, -16}, {0x1B, 0x84, 0x0C, 0xFF}}},
	{{{4105, 9063, -10921}, 0, {-16, -16}, {0x1B, 0x84, 0x0C, 0xFF}}},
	{{{9505, 9987, -10499}, 0, {1008, -16}, {0x0A, 0x82, 0x0E, 0xFF}}},
	{{{9309, 10430, -6237}, 0, {-16, -16}, {0x0A, 0x82, 0x0E, 0xFF}}},
	{{{7650, 9987, -9180}, 0, {-16, -16}, {0x0A, 0x82, 0x0E, 0xFF}}},
	{{{11486, 10430, -6237}, 0, {1008, -16}, {0x00, 0x82, 0x12, 0xFF}}},
	{{{9227, 10901, -3005}, 0, {-16, -16}, {0x00, 0x82, 0x12, 0xFF}}},
	{{{9309, 10430, -6237}, 0, {-16, -16}, {0x00, 0x82, 0x12, 0xFF}}},
	{{{11227, 10901, -2348}, 0, {1008, -16}, {0xF4, 0x87, 0x23, 0xFF}}},
	{{{7815, 11925, 49}, 0, {-16, -16}, {0xF4, 0x87, 0x23, 0xFF}}},
	{{{9227, 10901, -3005}, 0, {-16, -16}, {0xF4, 0x87, 0x23, 0xFF}}},
	{{{4637, 13256, 3988}, 0, {1008, -16}, {0xEA, 0x85, 0x18, 0xFF}}},
	{{{7815, 11925, 49}, 0, {-16, -16}, {0xEA, 0x85, 0x18, 0xFF}}},
	{{{9433, 11925, 1516}, 0, {1008, -16}, {0xEA, 0x85, 0x18, 0xFF}}},
	{{{-1194, 15422, 4855}, 0, {1008, -16}, {0xD7, 0x89, 0x13, 0xFF}}},
	{{{3708, 13256, 1988}, 0, {-16, -16}, {0xD7, 0x89, 0x13, 0xFF}}},
	{{{4637, 13256, 3988}, 0, {1008, -16}, {0xD7, 0x89, 0x13, 0xFF}}},
	{{{-7881, 18009, 4590}, 0, {1008, -16}, {0xD2, 0x8A, 0x08, 0xFF}}},
	{{{-1563, 15422, 2754}, 0, {-16, -16}, {0xD2, 0x8A, 0x08, 0xFF}}},
	{{{-1194, 15422, 4855}, 0, {1008, -16}, {0xD2, 0x8A, 0x08, 0xFF}}},
	{{{300, 7346, -10382}, 0, {-16, -16}, {0x2B, 0x89, 0xF8, 0xFF}}},
	{{{-2818, 6379, -12879}, 0, {1008, -16}, {0x2B, 0x89, 0xF8, 0xFF}}},
	{{{283, 7527, -13144}, 0, {1008, -16}, {0x2B, 0x89, 0xF8, 0xFF}}},
	{{{-1149, 6514, -9210}, 0, {-16, -16}, {0x1C, 0x8D, 0xD1, 0xFF}}},
	{{{-3381, 6379, -10226}, 0, {-16, -16}, {0x1C, 0x8D, 0xD1, 0xFF}}},
	{{{300, 7346, -10382}, 0, {-16, -16}, {0x1C, 0x8D, 0xD1, 0xFF}}},
	{{{-7881, 18929, 4590}, 0, {1008, -16}, {0x2E, 0x76, 0xF8, 0xFF}}},
	{{{-1194, 16342, 4855}, 0, {1008, -16}, {0x2E, 0x76, 0xF8, 0xFF}}},
	{{{-1563, 16342, 2754}, 0, {-16, -16}, {0x2E, 0x76, 0xF8, 0xFF}}},
	{{{-1194, 16342, 4855}, 0, {1008, -16}, {0x29, 0x77, 0xED, 0xFF}}},
	{{{4637, 14176, 3988}, 0, {1008, -16}, {0x29, 0x77, 0xED, 0xFF}}},
	{{{3708, 14176, 1988}, 0, {-16, -16}, {0x29, 0x77, 0xED, 0xFF}}},
	{{{4637, 14176, 3988}, 0, {1008, -16}, {0x16, 0x7B, 0xE8, 0xFF}}},
	{{{9433, 12845, 1516}, 0, {1008, -16}, {0x16, 0x7B, 0xE8, 0xFF}}},
	{{{7815, 12845, 49}, 0, {-16, -16}, {0x16, 0x7B, 0xE8, 0xFF}}},
	{{{7815, 12845, 49}, 0, {-16, -16}, {0x15, 0x7B, 0xE9, 0xFF}}},
	{{{9433, 12845, 1516}, 0, {1008, -16}, {0x15, 0x7B, 0xE9, 0xFF}}},
	{{{11227, 11821, -2348}, 0, {1008, -16}, {0x15, 0x7B, 0xE9, 0xFF}}},
	{{{9227, 11821, -3005}, 0, {-16, -16}, {0x05, 0x7E, 0xF1, 0xFF}}},
	{{{11227, 11821, -2348}, 0, {1008, -16}, {0x05, 0x7E, 0xF1, 0xFF}}},
	{{{11486, 11350, -6237}, 0, {1008, -16}, {0x05, 0x7E, 0xF1, 0xFF}}},
	{{{5059, 9983, -13093}, 0, {1008, -16}, {0xE5, 0x7C, 0xF4, 0xFF}}},
	{{{4105, 9983, -10921}, 0, {-16, -16}, {0xE5, 0x7C, 0xF4, 0xFF}}},
	{{{7650, 10907, -9180}, 0, {-16, -16}, {0xE5, 0x7C, 0xF4, 0xFF}}},
	{{{4105, 9983, -10921}, 0, {-16, -16}, {0xDA, 0x78, 0xEF, 0xFF}}},
	{{{5059, 9983, -13093}, 0, {1008, -16}, {0xDA, 0x78, 0xEF, 0xFF}}},
	{{{283, 8447, -13144}, 0, {1008, -16}, {0xDA, 0x78, 0xEF, 0xFF}}},
	{{{300, 8266, -10382}, 0, {-16, -16}, {0xD5, 0x77, 0x08, 0xFF}}},
	{{{283, 8447, -13144}, 0, {1008, -16}, {0xD5, 0x77, 0x08, 0xFF}}},
	{{{-2818, 7299, -12879}, 0, {1008, -16}, {0xD5, 0x77, 0x08, 0xFF}}},
	{{{-3381, 7299, -10226}, 0, {-16, -16}, {0xDF, 0x68, 0x41, 0xFF}}},
	{{{-4515, 5897, -8562}, 0, {-16, -16}, {0xDF, 0x68, 0x41, 0xFF}}},
	{{{-2598, 5897, -7595}, 0, {-16, -16}, {0xDF, 0x68, 0x41, 0xFF}}},
	{{{-4515, 5897, -8562}, 0, {-16, -16}, {0xFA, 0x73, 0x35, 0xFF}}},
	{{{-5674, 4510, -5696}, 0, {-16, -16}, {0xFA, 0x73, 0x35, 0xFF}}},
	{{{-3946, 4510, -5507}, 0, {-16, -16}, {0xFA, 0x73, 0x35, 0xFF}}},
	{{{-3381, 7299, -10226}, 0, {-16, -16}, {0xC9, 0x72, 0xF4, 0xFF}}},
	{{{-2818, 7299, -12879}, 0, {1008, -16}, {0xC9, 0x72, 0xF4, 0xFF}}},
	{{{-5771, 5937, -12375}, 0, {1008, -16}, {0xC9, 0x72, 0xF4, 0xFF}}},
	{{{-5754, 5937, -10089}, 0, {-16, -16}, {0xC2, 0x6F, 0x00, 0xFF}}},
	{{{-5771, 5937, -12375}, 0, {1008, -16}, {0xC2, 0x6F, 0x00, 0xFF}}},
	{{{-8630, 4349, -12634}, 0, {1008, -16}, {0xC2, 0x6F, 0x00, 0xFF}}},
	{{{-9590, 4222, -10322}, 0, {-16, -16}, {0xC9, 0x71, 0xEF, 0xFF}}},
	{{{-8630, 4349, -12634}, 0, {1008, -16}, {0xC9, 0x71, 0xEF, 0xFF}}},
	{{{-10931, 3066, -13820}, 0, {1008, -16}, {0xC9, 0x71, 0xEF, 0xFF}}},
	{{{-10931, 3066, -13820}, 0, {1008, -16}, {0xD6, 0x74, 0xE1, 0xFF}}},
	{{{-12956, 1661, -16266}, 0, {1008, -16}, {0xD6, 0x74, 0xE1, 0xFF}}},
	{{{-14507, 1661, -14157}, 0, {-16, -16}, {0xD6, 0x74, 0xE1, 0xFF}}},
	{{{-12956, 1661, -16266}, 0, {1008, -16}, {0xE6, 0x7C, 0xF6, 0xFF}}},
	{{{-16146, 803, -18512}, 0, {1008, -16}, {0xE6, 0x7C, 0xF6, 0xFF}}},
	{{{-17093, 803, -16112}, 0, {-16, -16}, {0xE6, 0x7C, 0xF6, 0xFF}}},
	{{{-17093, 803, -16112}, 0, {-16, -16}, {0xEA, 0x7D, 0xF7, 0xFF}}},
	{{{-16146, 803, -18512}, 0, {1008, -16}, {0xEA, 0x7D, 0xF7, 0xFF}}},
	{{{-20606, 12, -18630}, 0, {1008, -16}, {0xEA, 0x7D, 0xF7, 0xFF}}},
	{{{-19610, 12, -15892}, 0, {-16, -16}, {0xDF, 0x7A, 0x0C, 0xFF}}},
	{{{-20606, 12, -18630}, 0, {1008, -16}, {0xDF, 0x7A, 0x0C, 0xFF}}},
	{{{-23761, -1094, -16211}, 0, {1008, -16}, {0xDF, 0x7A, 0x0C, 0xFF}}},
	{{{-21659, -1094, -14390}, 0, {-16, -16}, {0xE6, 0x79, 0x1E, 0xFF}}},
	{{{-23761, -1094, -16211}, 0, {1008, -16}, {0xE6, 0x79, 0x1E, 0xFF}}},
	{{{-25238, -2358, -12357}, 0, {1008, -16}, {0xE6, 0x79, 0x1E, 0xFF}}},
	{{{-22801, -2358, -11737}, 0, {-16, -16}, {0xF6, 0x78, 0x28, 0xFF}}},
	{{{-25238, -2358, -12357}, 0, {1008, -16}, {0xF6, 0x78, 0x28, 0xFF}}},
	{{{-25474, -3852, -7934}, 0, {1008, -16}, {0xF6, 0x78, 0x28, 0xFF}}},
	{{{-22958, -3852, -8015}, 0, {-16, -16}, {0x01, 0x7D, 0x19, 0xFF}}},
	{{{-25474, -3852, -7934}, 0, {1008, -16}, {0x01, 0x7D, 0x19, 0xFF}}},
	{{{-23949, -4739, -3484}, 0, {1008, -16}, {0x01, 0x7D, 0x19, 0xFF}}},
	{{{-21041, -4739, -4363}, 0, {-16, -16}, {0x05, 0x7E, 0x10, 0xFF}}},
	{{{-23949, -4739, -3484}, 0, {1008, -16}, {0x05, 0x7E, 0x10, 0xFF}}},
	{{{-21218, -5220, -451}, 0, {1008, -16}, {0x05, 0x7E, 0x10, 0xFF}}},
	{{{-18861, -5220, -2647}, 0, {-16, -16}, {0x0F, 0x7D, 0x10, 0xFF}}},
	{{{-21218, -5220, -451}, 0, {1008, -16}, {0x0F, 0x7D, 0x10, 0xFF}}},
	{{{-15347, -6097, 951}, 0, {1008, -16}, {0x0F, 0x7D, 0x10, 0xFF}}},
	{{{-5674, 4510, -5696}, 0, {-16, -16}, {0x09, 0x7B, 0x20, 0xFF}}},
	{{{-5409, 3709, -2651}, 0, {-16, -16}, {0x09, 0x7B, 0x20, 0xFF}}},
	{{{-3826, 3709, -3081}, 0, {-16, -16}, {0x09, 0x7B, 0x20, 0xFF}}},
	{{{-3826, 3709, -3081}, 0, {-16, -16}, {0x03, 0x7F, 0x0B, 0xFF}}},
	{{{-5409, 3709, -2651}, 0, {-16, -16}, {0x03, 0x7F, 0x0B, 0xFF}}},
	{{{-3997, 3403, 528}, 0, {-16, -16}, {0x03, 0x7F, 0x0B, 0xFF}}},
	{{{9505, 10907, -10499}, 0, {1008, -16}, {0xF6, 0x7E, 0xF2, 0xFF}}},
	{{{7650, 10907, -9180}, 0, {-16, -16}, {0xF6, 0x7E, 0xF2, 0xFF}}},
	{{{9309, 11350, -6237}, 0, {-16, -16}, {0xF6, 0x7E, 0xF2, 0xFF}}},
	{{{-2476, 3028, -616}, 0, {-16, -16}, {0x1A, 0x7C, 0xFA, 0xFF}}},
	{{{-3997, 3403, 528}, 0, {-16, -16}, {0x1A, 0x7C, 0xFA, 0xFF}}},
	{{{-923, 2865, 2699}, 0, {-16, -16}, {0x1A, 0x7C, 0xFA, 0xFF}}},
	{{{-2598, 5897, -7595}, 0, {-16, -16}, {0x5F, 0x00, 0x55, 0xFF}}},
	{{{-2598, 4977, -7595}, 0, {-16, -16}, {0x5F, 0x00, 0x55, 0xFF}}},
	{{{-1149, 6514, -9210}, 0, {-16, -16}, {0x5F, 0x00, 0x55, 0xFF}}},
	{{{4637, 14176, 3988}, 0, {1008, -16}, {0x13, 0x00, 0x7E, 0xFF}}},
	{{{-1194, 16342, 4855}, 0, {1008, -16}, {0x13, 0x00, 0x7E, 0xFF}}},
	{{{-1194, 15422, 4855}, 0, {1008, -16}, {0x13, 0x00, 0x7E, 0xFF}}},
	{{{-12956, 1661, -16266}, 0, {1008, -16}, {0x62, 0x00, 0xAF, 0xFF}}},
	{{{-10931, 3066, -13820}, 0, {1008, -16}, {0x62, 0x00, 0xAF, 0xFF}}},
	{{{-10931, 2146, -13820}, 0, {1008, -16}, {0x62, 0x00, 0xAF, 0xFF}}},
	{{{-3381, 6379, -10226}, 0, {-16, -16}, {0x3F, 0x92, 0x00, 0xFF}}},
	{{{-5754, 5017, -10089}, 0, {-16, -16}, {0x3F, 0x92, 0x00, 0xFF}}},
	{{{-5771, 5017, -12375}, 0, {1008, -16}, {0x3F, 0x92, 0x00, 0xFF}}},
	{{{-5754, 5017, -10089}, 0, {-16, -16}, {0x33, 0x8D, 0x0F, 0xFF}}},
	{{{-9590, 3302, -10322}, 0, {-16, -16}, {0x33, 0x8D, 0x0F, 0xFF}}},
	{{{-8630, 3429, -12634}, 0, {1008, -16}, {0x33, 0x8D, 0x0F, 0xFF}}},
	{{{-9590, 3302, -10322}, 0, {-16, -16}, {0x24, 0x89, 0x1A, 0xFF}}},
	{{{-12377, 2146, -11811}, 0, {-16, -16}, {0x24, 0x89, 0x1A, 0xFF}}},
	{{{-10931, 2146, -13820}, 0, {1008, -16}, {0x24, 0x89, 0x1A, 0xFF}}},
	{{{-14507, 741, -14157}, 0, {-16, -16}, {0x2A, 0x8C, 0x1F, 0xFF}}},
	{{{-12956, 741, -16266}, 0, {1008, -16}, {0x2A, 0x8C, 0x1F, 0xFF}}},
	{{{-10931, 2146, -13820}, 0, {1008, -16}, {0x2A, 0x8C, 0x1F, 0xFF}}},
	{{{-17093, -117, -16112}, 0, {-16, -16}, {0x1A, 0x84, 0x0A, 0xFF}}},
	{{{-16146, -117, -18512}, 0, {1008, -16}, {0x1A, 0x84, 0x0A, 0xFF}}},
	{{{-12956, 741, -16266}, 0, {1008, -16}, {0x1A, 0x84, 0x0A, 0xFF}}},
	{{{-17093, -117, -16112}, 0, {-16, -16}, {0x25, 0x87, 0xF3, 0xFF}}},
	{{{-19610, -908, -15892}, 0, {-16, -16}, {0x25, 0x87, 0xF3, 0xFF}}},
	{{{-20606, -908, -18630}, 0, {1008, -16}, {0x25, 0x87, 0xF3, 0xFF}}},
	{{{-19610, -908, -15892}, 0, {-16, -16}, {0x22, 0x8C, 0xD9, 0xFF}}},
	{{{-21659, -2014, -14390}, 0, {-16, -16}, {0x22, 0x8C, 0xD9, 0xFF}}},
	{{{-23761, -2014, -16211}, 0, {1008, -16}, {0x22, 0x8C, 0xD9, 0xFF}}},
	{{{-21659, -2014, -14390}, 0, {-16, -16}, {0x0D, 0x8C, 0xCE, 0xFF}}},
	{{{-22801, -3278, -11737}, 0, {-16, -16}, {0x0D, 0x8C, 0xCE, 0xFF}}},
	{{{-25238, -3278, -12357}, 0, {1008, -16}, {0x0D, 0x8C, 0xCE, 0xFF}}},
	{{{-22801, -3278, -11737}, 0, {-16, -16}, {0xFE, 0x8A, 0xD1, 0xFF}}},
	{{{-22958, -4772, -8015}, 0, {-16, -16}, {0xFE, 0x8A, 0xD1, 0xFF}}},
	{{{-25474, -4772, -7934}, 0, {1008, -16}, {0xFE, 0x8A, 0xD1, 0xFF}}},
	{{{-22958, -4772, -8015}, 0, {-16, -16}, {0xF8, 0x84, 0xE6, 0xFF}}},
	{{{-21041, -5659, -4363}, 0, {-16, -16}, {0xF8, 0x84, 0xE6, 0xFF}}},
	{{{-23949, -5659, -3484}, 0, {1008, -16}, {0xF8, 0x84, 0xE6, 0xFF}}},
	{{{-21041, -5659, -4363}, 0, {-16, -16}, {0xF1, 0x83, 0xF0, 0xFF}}},
	{{{-18861, -6140, -2647}, 0, {-16, -16}, {0xF1, 0x83, 0xF0, 0xFF}}},
	{{{-21218, -6140, -451}, 0, {1008, -16}, {0xF1, 0x83, 0xF0, 0xFF}}},
	{{{-18861, -6140, -2647}, 0, {-16, -16}, {0xE8, 0x84, 0xFA, 0xFF}}},
	{{{-14430, -7017, -2529}, 0, {-16, -16}, {0xE8, 0x84, 0xFA, 0xFF}}},
	{{{-15347, -7017, 951}, 0, {1008, -16}, {0xE8, 0x84, 0xFA, 0xFF}}},
	{{{-2598, 4977, -7595}, 0, {-16, -16}, {0x21, 0x98, 0xBF, 0xFF}}},
	{{{-4515, 4977, -8562}, 0, {-16, -16}, {0x21, 0x98, 0xBF, 0xFF}}},
	{{{-3381, 6379, -10226}, 0, {-16, -16}, {0x21, 0x98, 0xBF, 0xFF}}},
	{{{-3946, 3590, -5507}, 0, {-16, -16}, {0x06, 0x8D, 0xCB, 0xFF}}},
	{{{-5674, 3590, -5696}, 0, {-16, -16}, {0x06, 0x8D, 0xCB, 0xFF}}},
	{{{-4515, 4977, -8562}, 0, {-16, -16}, {0x06, 0x8D, 0xCB, 0xFF}}},
	{{{-3826, 2789, -3081}, 0, {-16, -16}, {0xF7, 0x85, 0xE0, 0xFF}}},
	{{{-5409, 2789, -2651}, 0, {-16, -16}, {0xF7, 0x85, 0xE0, 0xFF}}},
	{{{-5674, 3590, -5696}, 0, {-16, -16}, {0xF7, 0x85, 0xE0, 0xFF}}},
	{{{-3826, 2789, -3081}, 0, {-16, -16}, {0xD9, 0x88, 0xF4, 0xFF}}},
	{{{-2476, 2108, -616}, 0, {-16, -16}, {0xD9, 0x88, 0xF4, 0xFF}}},
	{{{-3997, 2483, 528}, 0, {-16, -16}, {0xD9, 0x88, 0xF4, 0xFF}}},
	{{{-2476, 2108, -616}, 0, {-16, -16}, {0xFD, 0x81, 0xFB, 0xFF}}},
	{{{256, 1945, 1824}, 0, {-16, -16}, {0xFD, 0x81, 0xFB, 0xFF}}},
	{{{-923, 1945, 2699}, 0, {-16, -16}, {0xFD, 0x81, 0xFB, 0xFF}}},
	{{{283, 7527, -13144}, 0, {1008, -16}, {0x26, 0x88, 0x11, 0xFF}}},
	{{{5059, 9063, -13093}, 0, {1008, -16}, {0x26, 0x88, 0x11, 0xFF}}},
	{{{4105, 9063, -10921}, 0, {-16, -16}, {0x26, 0x88, 0x11, 0xFF}}},
	{{{5059, 9063, -13093}, 0, {1008, -16}, {0x0E, 0x83, 0x14, 0xFF}}},
	{{{9505, 9987, -10499}, 0, {1008, -16}, {0x0E, 0x83, 0x14, 0xFF}}},
	{{{7650, 9987, -9180}, 0, {-16, -16}, {0x0E, 0x83, 0x14, 0xFF}}},
	{{{9505, 9987, -10499}, 0, {1008, -16}, {0x00, 0x82, 0x0D, 0xFF}}},
	{{{11486, 10430, -6237}, 0, {1008, -16}, {0x00, 0x82, 0x0D, 0xFF}}},
	{{{9309, 10430, -6237}, 0, {-16, -16}, {0x00, 0x82, 0x0D, 0xFF}}},
	{{{11486, 10430, -6237}, 0, {1008, -16}, {0xFB, 0x82, 0x0F, 0xFF}}},
	{{{11227, 10901, -2348}, 0, {1008, -16}, {0xFB, 0x82, 0x0F, 0xFF}}},
	{{{9227, 10901, -3005}, 0, {-16, -16}, {0xFB, 0x82, 0x0F, 0xFF}}},
	{{{11227, 10901, -2348}, 0, {1008, -16}, {0xEB, 0x85, 0x17, 0xFF}}},
	{{{9433, 11925, 1516}, 0, {1008, -16}, {0xEB, 0x85, 0x17, 0xFF}}},
	{{{7815, 11925, 49}, 0, {-16, -16}, {0xEB, 0x85, 0x17, 0xFF}}},
	{{{4637, 13256, 3988}, 0, {1008, -16}, {0xE0, 0x86, 0x0F, 0xFF}}},
	{{{3708, 13256, 1988}, 0, {-16, -16}, {0xE0, 0x86, 0x0F, 0xFF}}},
	{{{7815, 11925, 49}, 0, {-16, -16}, {0xE0, 0x86, 0x0F, 0xFF}}},
	{{{-1194, 15422, 4855}, 0, {1008, -16}, {0xD1, 0x8A, 0x08, 0xFF}}},
	{{{-1563, 15422, 2754}, 0, {-16, -16}, {0xD1, 0x8A, 0x08, 0xFF}}},
	{{{3708, 13256, 1988}, 0, {-16, -16}, {0xD1, 0x8A, 0x08, 0xFF}}},
	{{{-7881, 18009, 4590}, 0, {1008, -16}, {0xD0, 0x8A, 0x02, 0xFF}}},
	{{{-7953, 18009, 2346}, 0, {-16, -16}, {0xD0, 0x8A, 0x02, 0xFF}}},
	{{{-1563, 15422, 2754}, 0, {-16, -16}, {0xD0, 0x8A, 0x02, 0xFF}}},
	{{{300, 7346, -10382}, 0, {-16, -16}, {0x20, 0x85, 0x07, 0xFF}}},
	{{{-3381, 6379, -10226}, 0, {-16, -16}, {0x20, 0x85, 0x07, 0xFF}}},
	{{{-2818, 6379, -12879}, 0, {1008, -16}, {0x20, 0x85, 0x07, 0xFF}}},
	{{{-16146, 803, -18512}, 0, {1008, -16}, {0x49, 0x00, 0x98, 0xFF}}},
	{{{-12956, 741, -16266}, 0, {1008, -16}, {0x49, 0x00, 0x98, 0xFF}}},
	{{{-16146, -117, -18512}, 0, {1008, -16}, {0x49, 0x00, 0x98, 0xFF}}},
	{{{-12956, 1661, -16266}, 0, {1008, -16}, {0x49, 0x00, 0x98, 0xFF}}},
	{{{-3997, 3403, 528}, 0, {-16, -16}, {0x8C, 0x00, 0x34, 0xFF}}},
	{{{-5409, 2789, -2651}, 0, {-16, -16}, {0x8C, 0x00, 0x34, 0xFF}}},
	{{{-3997, 2483, 528}, 0, {-16, -16}, {0x8C, 0x00, 0x34, 0xFF}}},
	{{{-5409, 3709, -2651}, 0, {-16, -16}, {0x8C, 0x00, 0x34, 0xFF}}},
	{{{-17093, 803, -16112}, 0, {-16, -16}, {0xB3, 0x00, 0x65, 0xFF}}},
	{{{-14507, 741, -14157}, 0, {-16, -16}, {0xB3, 0x00, 0x65, 0xFF}}},
	{{{-14507, 1661, -14157}, 0, {-16, -16}, {0xB3, 0x00, 0x65, 0xFF}}},
	{{{-17093, -117, -16112}, 0, {-16, -16}, {0xB3, 0x00, 0x65, 0xFF}}},
	{{{-2476, 3028, -616}, 0, {-16, -16}, {0x6F, 0x00, 0xC3, 0xFF}}},
	{{{-3826, 2789, -3081}, 0, {-16, -16}, {0x6F, 0x00, 0xC3, 0xFF}}},
	{{{-3826, 3709, -3081}, 0, {-16, -16}, {0x6F, 0x00, 0xC3, 0xFF}}},
	{{{-2476, 2108, -616}, 0, {-16, -16}, {0x6F, 0x00, 0xC3, 0xFF}}},
	{{{283, 8447, -13144}, 0, {1008, -16}, {0x01, 0x00, 0x81, 0xFF}}},
	{{{5059, 9063, -13093}, 0, {1008, -16}, {0x01, 0x00, 0x81, 0xFF}}},
	{{{283, 7527, -13144}, 0, {1008, -16}, {0x01, 0x00, 0x81, 0xFF}}},
	{{{5059, 9983, -13093}, 0, {1008, -16}, {0x01, 0x00, 0x81, 0xFF}}},
	{{{-20606, 12, -18630}, 0, {1008, -16}, {0x03, 0x00, 0x81, 0xFF}}},
	{{{-16146, -117, -18512}, 0, {1008, -16}, {0x03, 0x00, 0x81, 0xFF}}},
	{{{-20606, -908, -18630}, 0, {1008, -16}, {0x03, 0x00, 0x81, 0xFF}}},
	{{{-16146, 803, -18512}, 0, {1008, -16}, {0x03, 0x00, 0x81, 0xFF}}},
	{{{300, 8266, -10382}, 0, {-16, -16}, {0x12, 0x00, 0x7E, 0xFF}}},
	{{{4105, 9063, -10921}, 0, {-16, -16}, {0x12, 0x00, 0x7E, 0xFF}}},
	{{{4105, 9983, -10921}, 0, {-16, -16}, {0x12, 0x00, 0x7E, 0xFF}}},
	{{{300, 7346, -10382}, 0, {-16, -16}, {0x12, 0x00, 0x7E, 0xFF}}},
	{{{-19610, 12, -15892}, 0, {-16, -16}, {0x0B, 0x00, 0x7F, 0xFF}}},
	{{{-17093, -117, -16112}, 0, {-16, -16}, {0x0B, 0x00, 0x7F, 0xFF}}},
	{{{-17093, 803, -16112}, 0, {-16, -16}, {0x0B, 0x00, 0x7F, 0xFF}}},
	{{{-19610, -908, -15892}, 0, {-16, -16}, {0x0B, 0x00, 0x7F, 0xFF}}},
	{{{-2818, 7299, -12879}, 0, {1008, -16}, {0xF5, 0x00, 0x81, 0xFF}}},
	{{{283, 7527, -13144}, 0, {1008, -16}, {0xF5, 0x00, 0x81, 0xFF}}},
	{{{-2818, 6379, -12879}, 0, {1008, -16}, {0xF5, 0x00, 0x81, 0xFF}}},
	{{{283, 8447, -13144}, 0, {1008, -16}, {0xF5, 0x00, 0x81, 0xFF}}},
	{{{-923, 2865, 2699}, 0, {-16, -16}, {0xB7, 0x00, 0x68, 0xFF}}},
	{{{-3997, 2483, 528}, 0, {-16, -16}, {0xB7, 0x00, 0x68, 0xFF}}},
	{{{-923, 1945, 2699}, 0, {-16, -16}, {0xB7, 0x00, 0x68, 0xFF}}},
	{{{-3997, 3403, 528}, 0, {-16, -16}, {0xB7, 0x00, 0x68, 0xFF}}},
	{{{-23761, -1094, -16211}, 0, {1008, -16}, {0xB3, 0x00, 0x9B, 0xFF}}},
	{{{-20606, -908, -18630}, 0, {1008, -16}, {0xB3, 0x00, 0x9B, 0xFF}}},
	{{{-23761, -2014, -16211}, 0, {1008, -16}, {0xB3, 0x00, 0x9B, 0xFF}}},
	{{{-20606, 12, -18630}, 0, {1008, -16}, {0xB3, 0x00, 0x9B, 0xFF}}},
	{{{256, 2865, 1824}, 0, {-16, -16}, {0x55, 0x00, 0xA1, 0xFF}}},
	{{{-2476, 2108, -616}, 0, {-16, -16}, {0x55, 0x00, 0xA1, 0xFF}}},
	{{{-2476, 3028, -616}, 0, {-16, -16}, {0x55, 0x00, 0xA1, 0xFF}}},
	{{{256, 1945, 1824}, 0, {-16, -16}, {0x55, 0x00, 0xA1, 0xFF}}},
	{{{-21659, -1094, -14390}, 0, {-16, -16}, {0x4B, 0x00, 0x66, 0xFF}}},
	{{{-19610, -908, -15892}, 0, {-16, -16}, {0x4B, 0x00, 0x66, 0xFF}}},
	{{{-19610, 12, -15892}, 0, {-16, -16}, {0x4B, 0x00, 0x66, 0xFF}}},
	{{{-21659, -2014, -14390}, 0, {-16, -16}, {0x4B, 0x00, 0x66, 0xFF}}},
	{{{-1194, 16342, 4855}, 0, {1008, -16}, {0xFB, 0x00, 0x7F, 0xFF}}},
	{{{-7881, 18009, 4590}, 0, {1008, -16}, {0xFB, 0x00, 0x7F, 0xFF}}},
	{{{-1194, 15422, 4855}, 0, {1008, -16}, {0xFB, 0x00, 0x7F, 0xFF}}},
	{{{-7881, 18929, 4590}, 0, {1008, -16}, {0xFB, 0x00, 0x7F, 0xFF}}},
	{{{-4515, 5897, -8562}, 0, {-16, -16}, {0x97, 0x00, 0xB8, 0xFF}}},
	{{{-3381, 6379, -10226}, 0, {-16, -16}, {0x97, 0x00, 0xB8, 0xFF}}},
	{{{-4515, 4977, -8562}, 0, {-16, -16}, {0x97, 0x00, 0xB8, 0xFF}}},
	{{{-3381, 7299, -10226}, 0, {-16, -16}, {0x97, 0x00, 0xB8, 0xFF}}},
	{{{-1563, 16342, 2754}, 0, {-16, -16}, {0x08, 0x00, 0x81, 0xFF}}},
	{{{-7953, 18009, 2346}, 0, {-16, -16}, {0x08, 0x00, 0x81, 0xFF}}},
	{{{-7953, 18929, 2346}, 0, {-16, -16}, {0x08, 0x00, 0x81, 0xFF}}},
	{{{-1563, 15422, 2754}, 0, {-16, -16}, {0x08, 0x00, 0x81, 0xFF}}},
	{{{-25238, -2358, -12357}, 0, {1008, -16}, {0x89, 0x00, 0xD3, 0xFF}}},
	{{{-23761, -2014, -16211}, 0, {1008, -16}, {0x89, 0x00, 0xD3, 0xFF}}},
	{{{-25238, -3278, -12357}, 0, {1008, -16}, {0x89, 0x00, 0xD3, 0xFF}}},
	{{{-23761, -1094, -16211}, 0, {1008, -16}, {0x89, 0x00, 0xD3, 0xFF}}},
	{{{-1149, 7434, -9210}, 0, {-16, -16}, {0x50, 0x00, 0x63, 0xFF}}},
	{{{300, 7346, -10382}, 0, {-16, -16}, {0x50, 0x00, 0x63, 0xFF}}},
	{{{300, 8266, -10382}, 0, {-16, -16}, {0x50, 0x00, 0x63, 0xFF}}},
	{{{-1149, 6514, -9210}, 0, {-16, -16}, {0x50, 0x00, 0x63, 0xFF}}},
	{{{-22801, -2358, -11737}, 0, {-16, -16}, {0x75, 0x00, 0x32, 0xFF}}},
	{{{-21659, -2014, -14390}, 0, {-16, -16}, {0x75, 0x00, 0x32, 0xFF}}},
	{{{-21659, -1094, -14390}, 0, {-16, -16}, {0x75, 0x00, 0x32, 0xFF}}},
	{{{-22801, -3278, -11737}, 0, {-16, -16}, {0x75, 0x00, 0x32, 0xFF}}},
	{{{-5674, 4510, -5696}, 0, {-16, -16}, {0x8A, 0x00, 0xD0, 0xFF}}},
	{{{-4515, 4977, -8562}, 0, {-16, -16}, {0x8A, 0x00, 0xD0, 0xFF}}},
	{{{-5674, 3590, -5696}, 0, {-16, -16}, {0x8A, 0x00, 0xD0, 0xFF}}},
	{{{-4515, 5897, -8562}, 0, {-16, -16}, {0x8A, 0x00, 0xD0, 0xFF}}},
	{{{3708, 14176, 1988}, 0, {-16, -16}, {0xEE, 0x00, 0x82, 0xFF}}},
	{{{-1563, 15422, 2754}, 0, {-16, -16}, {0xEE, 0x00, 0x82, 0xFF}}},
	{{{-1563, 16342, 2754}, 0, {-16, -16}, {0xEE, 0x00, 0x82, 0xFF}}},
	{{{3708, 13256, 1988}, 0, {-16, -16}, {0xEE, 0x00, 0x82, 0xFF}}},
	{{{-25474, -3852, -7934}, 0, {1008, -16}, {0x81, 0x00, 0xF9, 0xFF}}},
	{{{-25238, -3278, -12357}, 0, {1008, -16}, {0x81, 0x00, 0xF9, 0xFF}}},
	{{{-25474, -4772, -7934}, 0, {1008, -16}, {0x81, 0x00, 0xF9, 0xFF}}},
	{{{-25238, -2358, -12357}, 0, {1008, -16}, {0x81, 0x00, 0xF9, 0xFF}}},
	{{{-3946, 4510, -5507}, 0, {-16, -16}, {0x6B, 0x00, 0x45, 0xFF}}},
	{{{-2598, 4977, -7595}, 0, {-16, -16}, {0x6B, 0x00, 0x45, 0xFF}}},
	{{{-2598, 5897, -7595}, 0, {-16, -16}, {0x6B, 0x00, 0x45, 0xFF}}},
	{{{-3946, 3590, -5507}, 0, {-16, -16}, {0x6B, 0x00, 0x45, 0xFF}}},
	{{{-22958, -3852, -8015}, 0, {-16, -16}, {0x7F, 0x00, 0x05, 0xFF}}},
	{{{-22801, -3278, -11737}, 0, {-16, -16}, {0x7F, 0x00, 0x05, 0xFF}}},
	{{{-22801, -2358, -11737}, 0, {-16, -16}, {0x7F, 0x00, 0x05, 0xFF}}},
	{{{-22958, -4772, -8015}, 0, {-16, -16}, {0x7F, 0x00, 0x05, 0xFF}}},
	{{{9433, 12845, 1516}, 0, {1008, -16}, {0x3A, 0x00, 0x71, 0xFF}}},
	{{{4637, 13256, 3988}, 0, {1008, -16}, {0x3A, 0x00, 0x71, 0xFF}}},
	{{{9433, 11925, 1516}, 0, {1008, -16}, {0x3A, 0x00, 0x71, 0xFF}}},
	{{{4637, 14176, 3988}, 0, {1008, -16}, {0x3A, 0x00, 0x71, 0xFF}}},
	{{{-5771, 5937, -12375}, 0, {1008, -16}, {0xEB, 0x00, 0x83, 0xFF}}},
	{{{-2818, 6379, -12879}, 0, {1008, -16}, {0xEB, 0x00, 0x83, 0xFF}}},
	{{{-5771, 5017, -12375}, 0, {1008, -16}, {0xEB, 0x00, 0x83, 0xFF}}},
	{{{-2818, 7299, -12879}, 0, {1008, -16}, {0xEB, 0x00, 0x83, 0xFF}}},
	{{{7815, 12845, 49}, 0, {-16, -16}, {0xCA, 0x00, 0x8D, 0xFF}}},
	{{{3708, 13256, 1988}, 0, {-16, -16}, {0xCA, 0x00, 0x8D, 0xFF}}},
	{{{3708, 14176, 1988}, 0, {-16, -16}, {0xCA, 0x00, 0x8D, 0xFF}}},
	{{{7815, 11925, 49}, 0, {-16, -16}, {0xCA, 0x00, 0x8D, 0xFF}}},
	{{{-23949, -4739, -3484}, 0, {1008, -16}, {0x88, 0x00, 0x29, 0xFF}}},
	{{{-25474, -4772, -7934}, 0, {1008, -16}, {0x88, 0x00, 0x29, 0xFF}}},
	{{{-23949, -5659, -3484}, 0, {1008, -16}, {0x88, 0x00, 0x29, 0xFF}}},
	{{{-25474, -3852, -7934}, 0, {1008, -16}, {0x88, 0x00, 0x29, 0xFF}}},
	{{{-5754, 5937, -10089}, 0, {-16, -16}, {0x07, 0x00, 0x7F, 0xFF}}},
	{{{-3381, 6379, -10226}, 0, {-16, -16}, {0x07, 0x00, 0x7F, 0xFF}}},
	{{{-3381, 7299, -10226}, 0, {-16, -16}, {0x07, 0x00, 0x7F, 0xFF}}},
	{{{-5754, 5017, -10089}, 0, {-16, -16}, {0x07, 0x00, 0x7F, 0xFF}}},
	{{{-21041, -4739, -4363}, 0, {-16, -16}, {0x70, 0x00, 0xC5, 0xFF}}},
	{{{-22958, -4772, -8015}, 0, {-16, -16}, {0x70, 0x00, 0xC5, 0xFF}}},
	{{{-22958, -3852, -8015}, 0, {-16, -16}, {0x70, 0x00, 0xC5, 0xFF}}},
	{{{-21041, -5659, -4363}, 0, {-16, -16}, {0x70, 0x00, 0xC5, 0xFF}}},
	{{{11227, 11821, -2348}, 0, {1008, -16}, {0x73, 0x00, 0x35, 0xFF}}},
	{{{9433, 11925, 1516}, 0, {1008, -16}, {0x73, 0x00, 0x35, 0xFF}}},
	{{{11227, 10901, -2348}, 0, {1008, -16}, {0x73, 0x00, 0x35, 0xFF}}},
	{{{9433, 12845, 1516}, 0, {1008, -16}, {0x73, 0x00, 0x35, 0xFF}}},
	{{{-8630, 4349, -12634}, 0, {1008, -16}, {0x0B, 0x00, 0x82, 0xFF}}},
	{{{-5771, 5017, -12375}, 0, {1008, -16}, {0x0B, 0x00, 0x82, 0xFF}}},
	{{{-8630, 3429, -12634}, 0, {1008, -16}, {0x0B, 0x00, 0x82, 0xFF}}},
	{{{-5771, 5937, -12375}, 0, {1008, -16}, {0x0B, 0x00, 0x82, 0xFF}}},
	{{{9227, 11821, -3005}, 0, {-16, -16}, {0x8D, 0x00, 0xCB, 0xFF}}},
	{{{7815, 11925, 49}, 0, {-16, -16}, {0x8D, 0x00, 0xCB, 0xFF}}},
	{{{7815, 12845, 49}, 0, {-16, -16}, {0x8D, 0x00, 0xCB, 0xFF}}},
	{{{9227, 10901, -3005}, 0, {-16, -16}, {0x8D, 0x00, 0xCB, 0xFF}}},
	{{{-21218, -5220, -451}, 0, {1008, -16}, {0xA2, 0x00, 0x55, 0xFF}}},
	{{{-23949, -5659, -3484}, 0, {1008, -16}, {0xA2, 0x00, 0x55, 0xFF}}},
	{{{-21218, -6140, -451}, 0, {1008, -16}, {0xA2, 0x00, 0x55, 0xFF}}},
	{{{-23949, -4739, -3484}, 0, {1008, -16}, {0xA2, 0x00, 0x55, 0xFF}}},
	{{{-9590, 4222, -10322}, 0, {-16, -16}, {0xF8, 0x00, 0x7F, 0xFF}}},
	{{{-5754, 5017, -10089}, 0, {-16, -16}, {0xF8, 0x00, 0x7F, 0xFF}}},
	{{{-5754, 5937, -10089}, 0, {-16, -16}, {0xF8, 0x00, 0x7F, 0xFF}}},
	{{{-9590, 3302, -10322}, 0, {-16, -16}, {0xF8, 0x00, 0x7F, 0xFF}}},
	{{{-18861, -5220, -2647}, 0, {-16, -16}, {0x4F, 0x00, 0x9C, 0xFF}}},
	{{{-21041, -5659, -4363}, 0, {-16, -16}, {0x4F, 0x00, 0x9C, 0xFF}}},
	{{{-21041, -4739, -4363}, 0, {-16, -16}, {0x4F, 0x00, 0x9C, 0xFF}}},
	{{{-18861, -6140, -2647}, 0, {-16, -16}, {0x4F, 0x00, 0x9C, 0xFF}}},
	{{{11486, 11350, -6237}, 0, {1008, -16}, {0x7F, 0x00, 0x08, 0xFF}}},
	{{{11227, 10901, -2348}, 0, {1008, -16}, {0x7F, 0x00, 0x08, 0xFF}}},
	{{{11486, 10430, -6237}, 0, {1008, -16}, {0x7F, 0x00, 0x08, 0xFF}}},
	{{{11227, 11821, -2348}, 0, {1008, -16}, {0x7F, 0x00, 0x08, 0xFF}}},
	{{{-10931, 3066, -13820}, 0, {1008, -16}, {0x3A, 0x00, 0x8F, 0xFF}}},
	{{{-8630, 3429, -12634}, 0, {1008, -16}, {0x3A, 0x00, 0x8F, 0xFF}}},
	{{{-10931, 2146, -13820}, 0, {1008, -16}, {0x3A, 0x00, 0x8F, 0xFF}}},
	{{{-8630, 4349, -12634}, 0, {1008, -16}, {0x3A, 0x00, 0x8F, 0xFF}}},
	{{{9309, 11350, -6237}, 0, {-16, -16}, {0x81, 0x00, 0xFD, 0xFF}}},
	{{{9227, 10901, -3005}, 0, {-16, -16}, {0x81, 0x00, 0xFD, 0xFF}}},
	{{{9227, 11821, -3005}, 0, {-16, -16}, {0x81, 0x00, 0xFD, 0xFF}}},
	{{{9309, 10430, -6237}, 0, {-16, -16}, {0x81, 0x00, 0xFD, 0xFF}}},
	{{{-15347, -6097, 951}, 0, {1008, -16}, {0xE2, 0x00, 0x7C, 0xFF}}},
	{{{-21218, -6140, -451}, 0, {1008, -16}, {0xE2, 0x00, 0x7C, 0xFF}}},
	{{{-15347, -7017, 951}, 0, {1008, -16}, {0xE2, 0x00, 0x7C, 0xFF}}},
	{{{-21218, -5220, -451}, 0, {1008, -16}, {0xE2, 0x00, 0x7C, 0xFF}}},
	{{{-12377, 3066, -11811}, 0, {-16, -16}, {0xC4, 0x00, 0x70, 0xFF}}},
	{{{-9590, 3302, -10322}, 0, {-16, -16}, {0xC4, 0x00, 0x70, 0xFF}}},
	{{{-9590, 4222, -10322}, 0, {-16, -16}, {0xC4, 0x00, 0x70, 0xFF}}},
	{{{-12377, 2146, -11811}, 0, {-16, -16}, {0xC4, 0x00, 0x70, 0xFF}}},
	{{{7650, 10907, -9180}, 0, {-16, -16}, {0x91, 0x00, 0x3E, 0xFF}}},
	{{{9309, 10430, -6237}, 0, {-16, -16}, {0x91, 0x00, 0x3E, 0xFF}}},
	{{{9309, 11350, -6237}, 0, {-16, -16}, {0x91, 0x00, 0x3E, 0xFF}}},
	{{{7650, 9987, -9180}, 0, {-16, -16}, {0x91, 0x00, 0x3E, 0xFF}}},
	{{{-14430, -6097, -2529}, 0, {-16, -16}, {0x03, 0x00, 0x81, 0xFF}}},
	{{{-18861, -6140, -2647}, 0, {-16, -16}, {0x03, 0x00, 0x81, 0xFF}}},
	{{{-18861, -5220, -2647}, 0, {-16, -16}, {0x03, 0x00, 0x81, 0xFF}}},
	{{{-14430, -7017, -2529}, 0, {-16, -16}, {0x03, 0x00, 0x81, 0xFF}}},
	{{{5059, 9983, -13093}, 0, {1008, -16}, {0x40, 0x00, 0x92, 0xFF}}},
	{{{9505, 9987, -10499}, 0, {1008, -16}, {0x40, 0x00, 0x92, 0xFF}}},
	{{{5059, 9063, -13093}, 0, {1008, -16}, {0x40, 0x00, 0x92, 0xFF}}},
	{{{9505, 10907, -10499}, 0, {1008, -16}, {0x40, 0x00, 0x92, 0xFF}}},
	{{{-5409, 3709, -2651}, 0, {-16, -16}, {0x81, 0x00, 0x0B, 0xFF}}},
	{{{-5674, 3590, -5696}, 0, {-16, -16}, {0x81, 0x00, 0x0B, 0xFF}}},
	{{{-5409, 2789, -2651}, 0, {-16, -16}, {0x81, 0x00, 0x0B, 0xFF}}},
	{{{-5674, 4510, -5696}, 0, {-16, -16}, {0x81, 0x00, 0x0B, 0xFF}}},
	{{{-14507, 1661, -14157}, 0, {-16, -16}, {0xA2, 0x00, 0x55, 0xFF}}},
	{{{-12377, 2146, -11811}, 0, {-16, -16}, {0xA2, 0x00, 0x55, 0xFF}}},
	{{{-12377, 3066, -11811}, 0, {-16, -16}, {0xA2, 0x00, 0x55, 0xFF}}},
	{{{-14507, 741, -14157}, 0, {-16, -16}, {0xA2, 0x00, 0x55, 0xFF}}},
	{{{9505, 10907, -10499}, 0, {1008, -16}, {0x73, 0x00, 0xCA, 0xFF}}},
	{{{11486, 10430, -6237}, 0, {1008, -16}, {0x73, 0x00, 0xCA, 0xFF}}},
	{{{9505, 9987, -10499}, 0, {1008, -16}, {0x73, 0x00, 0xCA, 0xFF}}},
	{{{11486, 11350, -6237}, 0, {1008, -16}, {0x73, 0x00, 0xCA, 0xFF}}},
	{{{-3826, 3709, -3081}, 0, {-16, -16}, {0x7F, 0x00, 0xFA, 0xFF}}},
	{{{-3946, 3590, -5507}, 0, {-16, -16}, {0x7F, 0x00, 0xFA, 0xFF}}},
	{{{-3946, 4510, -5507}, 0, {-16, -16}, {0x7F, 0x00, 0xFA, 0xFF}}},
	{{{-3826, 2789, -3081}, 0, {-16, -16}, {0x7F, 0x00, 0xFA, 0xFF}}},
	{{{4105, 9983, -10921}, 0, {-16, -16}, {0xC8, 0x00, 0x72, 0xFF}}},
	{{{7650, 9987, -9180}, 0, {-16, -16}, {0xC8, 0x00, 0x72, 0xFF}}},
	{{{7650, 10907, -9180}, 0, {-16, -16}, {0xC8, 0x00, 0x72, 0xFF}}},
	{{{4105, 9063, -10921}, 0, {-16, -16}, {0xC8, 0x00, 0x72, 0xFF}}},
	{{{-923, 2865, 2699}, 0, {-16, -16}, {0x4C, 0x00, 0x66, 0xFF}}},
	{{{256, 1945, 1824}, 0, {-16, -16}, {0x4C, 0x00, 0x66, 0xFF}}},
	{{{256, 2865, 1824}, 0, {-16, -16}, {0x4C, 0x00, 0x66, 0xFF}}},
	{{{-923, 1945, 2699}, 0, {-16, -16}, {0x4C, 0x00, 0x66, 0xFF}}},
	{{{-15347, -6097, 951}, 0, {1008, -16}, {0x7B, 0x00, 0x20, 0xFF}}},
	{{{-14430, -7017, -2529}, 0, {-16, -16}, {0x7B, 0x00, 0x20, 0xFF}}},
	{{{-14430, -6097, -2529}, 0, {-16, -16}, {0x7B, 0x00, 0x20, 0xFF}}},
	{{{-15347, -7017, 951}, 0, {1008, -16}, {0x7B, 0x00, 0x20, 0xFF}}},
};

Gfx welkit_city_dl_Plane_001_mesh_layer_1_tri_1[] = {
	gsSPVertex(welkit_city_dl_Plane_001_mesh_layer_1_vtx_1 + 0, 30, 0),
	gsSP2Triangles(0, 1, 2, 0, 3, 4, 5, 0),
	gsSP2Triangles(6, 7, 8, 0, 9, 10, 11, 0),
	gsSP2Triangles(12, 13, 14, 0, 15, 16, 17, 0),
	gsSP2Triangles(18, 19, 20, 0, 21, 22, 23, 0),
	gsSP2Triangles(24, 25, 26, 0, 27, 28, 29, 0),
	gsSPVertex(welkit_city_dl_Plane_001_mesh_layer_1_vtx_1 + 30, 30, 0),
	gsSP2Triangles(0, 1, 2, 0, 3, 4, 5, 0),
	gsSP2Triangles(6, 7, 8, 0, 9, 10, 11, 0),
	gsSP2Triangles(12, 13, 14, 0, 15, 16, 17, 0),
	gsSP2Triangles(18, 19, 20, 0, 21, 22, 23, 0),
	gsSP2Triangles(24, 25, 26, 0, 27, 28, 29, 0),
	gsSPVertex(welkit_city_dl_Plane_001_mesh_layer_1_vtx_1 + 60, 30, 0),
	gsSP2Triangles(0, 1, 2, 0, 3, 4, 5, 0),
	gsSP2Triangles(6, 7, 8, 0, 9, 10, 11, 0),
	gsSP2Triangles(12, 13, 14, 0, 15, 16, 17, 0),
	gsSP2Triangles(18, 19, 20, 0, 21, 22, 23, 0),
	gsSP2Triangles(24, 25, 26, 0, 27, 28, 29, 0),
	gsSPVertex(welkit_city_dl_Plane_001_mesh_layer_1_vtx_1 + 90, 30, 0),
	gsSP2Triangles(0, 1, 2, 0, 3, 4, 5, 0),
	gsSP2Triangles(6, 7, 8, 0, 9, 10, 11, 0),
	gsSP2Triangles(12, 13, 14, 0, 15, 16, 17, 0),
	gsSP2Triangles(18, 19, 20, 0, 21, 22, 23, 0),
	gsSP2Triangles(24, 25, 26, 0, 27, 28, 29, 0),
	gsSPVertex(welkit_city_dl_Plane_001_mesh_layer_1_vtx_1 + 120, 30, 0),
	gsSP2Triangles(0, 1, 2, 0, 3, 4, 5, 0),
	gsSP2Triangles(6, 7, 8, 0, 9, 10, 11, 0),
	gsSP2Triangles(12, 13, 14, 0, 15, 16, 17, 0),
	gsSP2Triangles(18, 19, 20, 0, 21, 22, 23, 0),
	gsSP2Triangles(24, 25, 26, 0, 27, 28, 29, 0),
	gsSPVertex(welkit_city_dl_Plane_001_mesh_layer_1_vtx_1 + 150, 30, 0),
	gsSP2Triangles(0, 1, 2, 0, 3, 4, 5, 0),
	gsSP2Triangles(6, 7, 8, 0, 9, 10, 11, 0),
	gsSP2Triangles(12, 13, 14, 0, 15, 16, 17, 0),
	gsSP2Triangles(18, 19, 20, 0, 21, 22, 23, 0),
	gsSP2Triangles(24, 25, 26, 0, 27, 28, 29, 0),
	gsSPVertex(welkit_city_dl_Plane_001_mesh_layer_1_vtx_1 + 180, 30, 0),
	gsSP2Triangles(0, 1, 2, 0, 3, 4, 5, 0),
	gsSP2Triangles(6, 7, 8, 0, 9, 10, 11, 0),
	gsSP2Triangles(12, 13, 14, 0, 15, 16, 17, 0),
	gsSP2Triangles(18, 19, 20, 0, 21, 22, 23, 0),
	gsSP2Triangles(24, 25, 26, 0, 27, 28, 29, 0),
	gsSPVertex(welkit_city_dl_Plane_001_mesh_layer_1_vtx_1 + 210, 30, 0),
	gsSP2Triangles(0, 1, 2, 0, 3, 4, 5, 0),
	gsSP2Triangles(6, 7, 8, 0, 9, 10, 11, 0),
	gsSP2Triangles(12, 13, 14, 0, 15, 16, 17, 0),
	gsSP2Triangles(18, 19, 20, 0, 21, 22, 23, 0),
	gsSP2Triangles(24, 25, 26, 0, 27, 28, 29, 0),
	gsSPVertex(welkit_city_dl_Plane_001_mesh_layer_1_vtx_1 + 240, 30, 0),
	gsSP2Triangles(0, 1, 2, 0, 3, 4, 5, 0),
	gsSP2Triangles(6, 7, 8, 0, 9, 10, 11, 0),
	gsSP2Triangles(12, 13, 14, 0, 15, 16, 17, 0),
	gsSP2Triangles(18, 19, 20, 0, 21, 22, 23, 0),
	gsSP2Triangles(24, 25, 26, 0, 27, 28, 29, 0),
	gsSPVertex(welkit_city_dl_Plane_001_mesh_layer_1_vtx_1 + 270, 30, 0),
	gsSP2Triangles(0, 1, 2, 0, 3, 4, 5, 0),
	gsSP2Triangles(6, 7, 8, 0, 9, 10, 11, 0),
	gsSP2Triangles(12, 13, 14, 0, 15, 16, 17, 0),
	gsSP2Triangles(18, 19, 20, 0, 21, 22, 23, 0),
	gsSP2Triangles(24, 25, 26, 0, 27, 28, 29, 0),
	gsSPVertex(welkit_city_dl_Plane_001_mesh_layer_1_vtx_1 + 300, 30, 0),
	gsSP2Triangles(0, 1, 2, 0, 3, 4, 5, 0),
	gsSP2Triangles(6, 7, 8, 0, 9, 10, 11, 0),
	gsSP2Triangles(12, 13, 14, 0, 15, 16, 17, 0),
	gsSP2Triangles(18, 19, 20, 0, 21, 22, 23, 0),
	gsSP2Triangles(24, 25, 26, 0, 27, 28, 29, 0),
	gsSPVertex(welkit_city_dl_Plane_001_mesh_layer_1_vtx_1 + 330, 30, 0),
	gsSP2Triangles(0, 1, 2, 0, 3, 4, 5, 0),
	gsSP2Triangles(6, 7, 8, 0, 6, 9, 7, 0),
	gsSP2Triangles(10, 11, 12, 0, 10, 13, 11, 0),
	gsSP2Triangles(14, 15, 16, 0, 14, 17, 15, 0),
	gsSP2Triangles(18, 19, 20, 0, 18, 21, 19, 0),
	gsSP2Triangles(22, 23, 24, 0, 22, 25, 23, 0),
	gsSP2Triangles(26, 27, 28, 0, 26, 29, 27, 0),
	gsSPVertex(welkit_city_dl_Plane_001_mesh_layer_1_vtx_1 + 360, 32, 0),
	gsSP2Triangles(0, 1, 2, 0, 0, 3, 1, 0),
	gsSP2Triangles(4, 5, 6, 0, 4, 7, 5, 0),
	gsSP2Triangles(8, 9, 10, 0, 8, 11, 9, 0),
	gsSP2Triangles(12, 13, 14, 0, 12, 15, 13, 0),
	gsSP2Triangles(16, 17, 18, 0, 16, 19, 17, 0),
	gsSP2Triangles(20, 21, 22, 0, 20, 23, 21, 0),
	gsSP2Triangles(24, 25, 26, 0, 24, 27, 25, 0),
	gsSP2Triangles(28, 29, 30, 0, 28, 31, 29, 0),
	gsSPVertex(welkit_city_dl_Plane_001_mesh_layer_1_vtx_1 + 392, 32, 0),
	gsSP2Triangles(0, 1, 2, 0, 0, 3, 1, 0),
	gsSP2Triangles(4, 5, 6, 0, 4, 7, 5, 0),
	gsSP2Triangles(8, 9, 10, 0, 8, 11, 9, 0),
	gsSP2Triangles(12, 13, 14, 0, 12, 15, 13, 0),
	gsSP2Triangles(16, 17, 18, 0, 16, 19, 17, 0),
	gsSP2Triangles(20, 21, 22, 0, 20, 23, 21, 0),
	gsSP2Triangles(24, 25, 26, 0, 24, 27, 25, 0),
	gsSP2Triangles(28, 29, 30, 0, 28, 31, 29, 0),
	gsSPVertex(welkit_city_dl_Plane_001_mesh_layer_1_vtx_1 + 424, 32, 0),
	gsSP2Triangles(0, 1, 2, 0, 0, 3, 1, 0),
	gsSP2Triangles(4, 5, 6, 0, 4, 7, 5, 0),
	gsSP2Triangles(8, 9, 10, 0, 8, 11, 9, 0),
	gsSP2Triangles(12, 13, 14, 0, 12, 15, 13, 0),
	gsSP2Triangles(16, 17, 18, 0, 16, 19, 17, 0),
	gsSP2Triangles(20, 21, 22, 0, 20, 23, 21, 0),
	gsSP2Triangles(24, 25, 26, 0, 24, 27, 25, 0),
	gsSP2Triangles(28, 29, 30, 0, 28, 31, 29, 0),
	gsSPVertex(welkit_city_dl_Plane_001_mesh_layer_1_vtx_1 + 456, 32, 0),
	gsSP2Triangles(0, 1, 2, 0, 0, 3, 1, 0),
	gsSP2Triangles(4, 5, 6, 0, 4, 7, 5, 0),
	gsSP2Triangles(8, 9, 10, 0, 8, 11, 9, 0),
	gsSP2Triangles(12, 13, 14, 0, 12, 15, 13, 0),
	gsSP2Triangles(16, 17, 18, 0, 16, 19, 17, 0),
	gsSP2Triangles(20, 21, 22, 0, 20, 23, 21, 0),
	gsSP2Triangles(24, 25, 26, 0, 24, 27, 25, 0),
	gsSP2Triangles(28, 29, 30, 0, 28, 31, 29, 0),
	gsSPVertex(welkit_city_dl_Plane_001_mesh_layer_1_vtx_1 + 488, 32, 0),
	gsSP2Triangles(0, 1, 2, 0, 0, 3, 1, 0),
	gsSP2Triangles(4, 5, 6, 0, 4, 7, 5, 0),
	gsSP2Triangles(8, 9, 10, 0, 8, 11, 9, 0),
	gsSP2Triangles(12, 13, 14, 0, 12, 15, 13, 0),
	gsSP2Triangles(16, 17, 18, 0, 16, 19, 17, 0),
	gsSP2Triangles(20, 21, 22, 0, 20, 23, 21, 0),
	gsSP2Triangles(24, 25, 26, 0, 24, 27, 25, 0),
	gsSP2Triangles(28, 29, 30, 0, 28, 31, 29, 0),
	gsSPVertex(welkit_city_dl_Plane_001_mesh_layer_1_vtx_1 + 520, 20, 0),
	gsSP2Triangles(0, 1, 2, 0, 0, 3, 1, 0),
	gsSP2Triangles(4, 5, 6, 0, 4, 7, 5, 0),
	gsSP2Triangles(8, 9, 10, 0, 8, 11, 9, 0),
	gsSP2Triangles(12, 13, 14, 0, 12, 15, 13, 0),
	gsSP2Triangles(16, 17, 18, 0, 16, 19, 17, 0),
	gsSPEndDisplayList(),
};

Vtx welkit_city_dl_Plane_002_mesh_layer_1_vtx_cull[8] = {
	{{{-29821, -10790, 28615}, 0, {0, 0}, {0x00, 0x00, 0x00, 0x00}}},
	{{{-29821, -5778, 28615}, 0, {0, 0}, {0x00, 0x00, 0x00, 0x00}}},
	{{{-29821, -5778, -30525}, 0, {0, 0}, {0x00, 0x00, 0x00, 0x00}}},
	{{{-29821, -10790, -30525}, 0, {0, 0}, {0x00, 0x00, 0x00, 0x00}}},
	{{{29909, -10790, 28615}, 0, {0, 0}, {0x00, 0x00, 0x00, 0x00}}},
	{{{29909, -5778, 28615}, 0, {0, 0}, {0x00, 0x00, 0x00, 0x00}}},
	{{{29909, -5778, -30525}, 0, {0, 0}, {0x00, 0x00, 0x00, 0x00}}},
	{{{29909, -10790, -30525}, 0, {0, 0}, {0x00, 0x00, 0x00, 0x00}}},
};

Vtx welkit_city_dl_Plane_002_mesh_layer_1_vtx_0[120] = {
	{{{22537, -10790, 135}, 0, {1008, -16}, {0x00, 0x7F, 0x00, 0xFF}}},
	{{{29909, -10790, 5594}, 0, {1008, 1008}, {0x00, 0x7F, 0x00, 0xFF}}},
	{{{29909, -10790, -3021}, 0, {1008, -16}, {0x00, 0x7F, 0x00, 0xFF}}},
	{{{22537, -10790, 4648}, 0, {1008, 1008}, {0x00, 0x7F, 0x00, 0xFF}}},
	{{{19189, -10790, 4208}, 0, {1008, 1008}, {0x00, 0x7F, 0x00, 0xFF}}},
	{{{19189, -10790, 261}, 0, {1008, -16}, {0x00, 0x7F, 0x00, 0xFF}}},
	{{{11258, -10790, 2905}, 0, {1008, -16}, {0x00, 0x7F, 0x00, 0xFF}}},
	{{{11321, -10790, 6285}, 0, {1008, 1008}, {0x00, 0x7F, 0x00, 0xFF}}},
	{{{2886, -10790, 3282}, 0, {1008, -16}, {0x00, 0x7F, 0x00, 0xFF}}},
	{{{2949, -10790, 6663}, 0, {1008, 1008}, {0x00, 0x7F, 0x00, 0xFF}}},
	{{{-4290, -10790, 3516}, 0, {1008, 1008}, {0x00, 0x7F, 0x00, 0xFF}}},
	{{{-2842, -10790, 765}, 0, {1008, -16}, {0x00, 0x7F, 0x00, 0xFF}}},
	{{{-10899, -10790, 1753}, 0, {1008, 1008}, {0x00, 0x7F, 0x00, 0xFF}}},
	{{{-10899, -10790, -3075}, 0, {1008, -16}, {0x00, 0x7F, 0x00, 0xFF}}},
	{{{-22902, -10790, -3075}, 0, {-16, -16}, {0x00, 0x7F, 0x00, 0xFF}}},
	{{{-22902, -10790, 1753}, 0, {-16, 1008}, {0x00, 0x7F, 0x00, 0xFF}}},
	{{{-29821, -10790, 3768}, 0, {-16, 1008}, {0x00, 0x7F, 0x00, 0xFF}}},
	{{{-29821, -10790, -5448}, 0, {-16, -16}, {0x00, 0x7F, 0x00, 0xFF}}},
	{{{-4290, -5778, 3516}, 0, {1008, 1008}, {0x33, 0x00, 0x8C, 0xFF}}},
	{{{2949, -10790, 6663}, 0, {1008, 1008}, {0x33, 0x00, 0x8C, 0xFF}}},
	{{{-4290, -10790, 3516}, 0, {1008, 1008}, {0x33, 0x00, 0x8C, 0xFF}}},
	{{{2949, -5778, 6663}, 0, {1008, 1008}, {0x33, 0x00, 0x8C, 0xFF}}},
	{{{-22902, -5778, -3075}, 0, {-16, -16}, {0xD7, 0x00, 0x78, 0xFF}}},
	{{{-29821, -10790, -5448}, 0, {-16, -16}, {0xD7, 0x00, 0x78, 0xFF}}},
	{{{-22902, -10790, -3075}, 0, {-16, -16}, {0xD7, 0x00, 0x78, 0xFF}}},
	{{{-29821, -5778, -5448}, 0, {-16, -16}, {0xD7, 0x00, 0x78, 0xFF}}},
	{{{-22902, -5778, 1753}, 0, {-16, 1008}, {0x00, 0x00, 0x81, 0xFF}}},
	{{{-10899, -10790, 1753}, 0, {1008, 1008}, {0x00, 0x00, 0x81, 0xFF}}},
	{{{-22902, -10790, 1753}, 0, {-16, 1008}, {0x00, 0x00, 0x81, 0xFF}}},
	{{{-10899, -5778, 1753}, 0, {1008, 1008}, {0x00, 0x00, 0x81, 0xFF}}},
	{{{2886, -5778, 3282}, 0, {1008, -16}, {0xCD, 0x00, 0x74, 0xFF}}},
	{{{-2842, -10790, 765}, 0, {1008, -16}, {0xCD, 0x00, 0x74, 0xFF}}},
	{{{2886, -10790, 3282}, 0, {1008, -16}, {0xCD, 0x00, 0x74, 0xFF}}},
	{{{-2842, -5778, 765}, 0, {1008, -16}, {0xCD, 0x00, 0x74, 0xFF}}},
	{{{-29821, -5778, 3768}, 0, {-16, 1008}, {0xDC, 0x00, 0x86, 0xFF}}},
	{{{-22902, -10790, 1753}, 0, {-16, 1008}, {0xDC, 0x00, 0x86, 0xFF}}},
	{{{-29821, -10790, 3768}, 0, {-16, 1008}, {0xDC, 0x00, 0x86, 0xFF}}},
	{{{-22902, -5778, 1753}, 0, {-16, 1008}, {0xDC, 0x00, 0x86, 0xFF}}},
	{{{19189, -5778, 4208}, 0, {1008, 1008}, {0x11, 0x00, 0x82, 0xFF}}},
	{{{22537, -10790, 4648}, 0, {1008, 1008}, {0x11, 0x00, 0x82, 0xFF}}},
	{{{19189, -10790, 4208}, 0, {1008, 1008}, {0x11, 0x00, 0x82, 0xFF}}},
	{{{22537, -5778, 4648}, 0, {1008, 1008}, {0x11, 0x00, 0x82, 0xFF}}},
	{{{-10899, -5778, -3075}, 0, {1008, -16}, {0x00, 0x00, 0x7F, 0xFF}}},
	{{{-22902, -10790, -3075}, 0, {-16, -16}, {0x00, 0x00, 0x7F, 0xFF}}},
	{{{-10899, -10790, -3075}, 0, {1008, -16}, {0x00, 0x00, 0x7F, 0xFF}}},
	{{{-22902, -5778, -3075}, 0, {-16, -16}, {0x00, 0x00, 0x7F, 0xFF}}},
	{{{22537, -5778, 135}, 0, {1008, -16}, {0x05, 0x00, 0x7F, 0xFF}}},
	{{{19189, -10790, 261}, 0, {1008, -16}, {0x05, 0x00, 0x7F, 0xFF}}},
	{{{22537, -10790, 135}, 0, {1008, -16}, {0x05, 0x00, 0x7F, 0xFF}}},
	{{{19189, -5778, 261}, 0, {1008, -16}, {0x05, 0x00, 0x7F, 0xFF}}},
	{{{2949, -5778, 6663}, 0, {1008, 1008}, {0xFA, 0x00, 0x81, 0xFF}}},
	{{{11321, -10790, 6285}, 0, {1008, 1008}, {0xFA, 0x00, 0x81, 0xFF}}},
	{{{2949, -10790, 6663}, 0, {1008, 1008}, {0xFA, 0x00, 0x81, 0xFF}}},
	{{{11321, -5778, 6285}, 0, {1008, 1008}, {0xFA, 0x00, 0x81, 0xFF}}},
	{{{11258, -5778, 2905}, 0, {1008, -16}, {0x06, 0x00, 0x7F, 0xFF}}},
	{{{2886, -10790, 3282}, 0, {1008, -16}, {0x06, 0x00, 0x7F, 0xFF}}},
	{{{11258, -10790, 2905}, 0, {1008, -16}, {0x06, 0x00, 0x7F, 0xFF}}},
	{{{2886, -5778, 3282}, 0, {1008, -16}, {0x06, 0x00, 0x7F, 0xFF}}},
	{{{-10899, -5778, 1753}, 0, {1008, 1008}, {0x21, 0x00, 0x85, 0xFF}}},
	{{{-4290, -10790, 3516}, 0, {1008, 1008}, {0x21, 0x00, 0x85, 0xFF}}},
	{{{-10899, -10790, 1753}, 0, {1008, 1008}, {0x21, 0x00, 0x85, 0xFF}}},
	{{{-4290, -5778, 3516}, 0, {1008, 1008}, {0x21, 0x00, 0x85, 0xFF}}},
	{{{-2842, -5778, 765}, 0, {1008, -16}, {0xC9, 0x00, 0x73, 0xFF}}},
	{{{-10899, -10790, -3075}, 0, {1008, -16}, {0xC9, 0x00, 0x73, 0xFF}}},
	{{{-2842, -10790, 765}, 0, {1008, -16}, {0xC9, 0x00, 0x73, 0xFF}}},
	{{{-10899, -5778, -3075}, 0, {1008, -16}, {0xC9, 0x00, 0x73, 0xFF}}},
	{{{22537, -5778, 4648}, 0, {1008, 1008}, {0x10, 0x00, 0x82, 0xFF}}},
	{{{29909, -10790, 5594}, 0, {1008, 1008}, {0x10, 0x00, 0x82, 0xFF}}},
	{{{22537, -10790, 4648}, 0, {1008, 1008}, {0x10, 0x00, 0x82, 0xFF}}},
	{{{29909, -5778, 5594}, 0, {1008, 1008}, {0x10, 0x00, 0x82, 0xFF}}},
	{{{11321, -5778, 6285}, 0, {1008, 1008}, {0xE0, 0x00, 0x85, 0xFF}}},
	{{{19189, -10790, 4208}, 0, {1008, 1008}, {0xE0, 0x00, 0x85, 0xFF}}},
	{{{11321, -10790, 6285}, 0, {1008, 1008}, {0xE0, 0x00, 0x85, 0xFF}}},
	{{{19189, -5778, 4208}, 0, {1008, 1008}, {0xE0, 0x00, 0x85, 0xFF}}},
	{{{29909, -5778, -3021}, 0, {1008, -16}, {0x32, 0x00, 0x75, 0xFF}}},
	{{{22537, -10790, 135}, 0, {1008, -16}, {0x32, 0x00, 0x75, 0xFF}}},
	{{{29909, -10790, -3021}, 0, {1008, -16}, {0x32, 0x00, 0x75, 0xFF}}},
	{{{22537, -5778, 135}, 0, {1008, -16}, {0x32, 0x00, 0x75, 0xFF}}},
	{{{19189, -5778, 261}, 0, {1008, -16}, {0x28, 0x00, 0x78, 0xFF}}},
	{{{11258, -10790, 2905}, 0, {1008, -16}, {0x28, 0x00, 0x78, 0xFF}}},
	{{{19189, -10790, 261}, 0, {1008, -16}, {0x28, 0x00, 0x78, 0xFF}}},
	{{{11258, -5778, 2905}, 0, {1008, -16}, {0x28, 0x00, 0x78, 0xFF}}},
	{{{-22902, -5778, -28152}, 0, {-16, -16}, {0x00, 0x7F, 0x00, 0xFF}}},
	{{{-29821, -5778, -30525}, 0, {-16, -16}, {0x00, 0x7F, 0x00, 0xFF}}},
	{{{-29821, -5778, -5448}, 0, {-16, -16}, {0x00, 0x7F, 0x00, 0xFF}}},
	{{{-22902, -5778, -3075}, 0, {-16, -16}, {0x00, 0x7F, 0x00, 0xFF}}},
	{{{-10899, -5778, -28152}, 0, {1008, -16}, {0x00, 0x7F, 0x00, 0xFF}}},
	{{{-10899, -5778, -3075}, 0, {1008, -16}, {0x00, 0x7F, 0x00, 0xFF}}},
	{{{-2842, -5778, -24312}, 0, {1008, -16}, {0x00, 0x7F, 0x00, 0xFF}}},
	{{{-2842, -5778, 765}, 0, {1008, -16}, {0x00, 0x7F, 0x00, 0xFF}}},
	{{{2886, -5778, -21795}, 0, {1008, -16}, {0x00, 0x7F, 0x00, 0xFF}}},
	{{{2886, -5778, 3282}, 0, {1008, -16}, {0x00, 0x7F, 0x00, 0xFF}}},
	{{{11258, -5778, 2905}, 0, {1008, -16}, {0x00, 0x7F, 0x00, 0xFF}}},
	{{{11258, -5778, -22172}, 0, {1008, -16}, {0x00, 0x7F, 0x00, 0xFF}}},
	{{{19189, -5778, 261}, 0, {1008, -16}, {0x00, 0x7F, 0x00, 0xFF}}},
	{{{11258, -5778, -22172}, 0, {1008, -16}, {0x00, 0x7F, 0x00, 0xFF}}},
	{{{11258, -5778, 2905}, 0, {1008, -16}, {0x00, 0x7F, 0x00, 0xFF}}},
	{{{19189, -5778, -24816}, 0, {1008, -16}, {0x00, 0x7F, 0x00, 0xFF}}},
	{{{22537, -5778, 135}, 0, {1008, -16}, {0x00, 0x7F, 0x00, 0xFF}}},
	{{{22537, -5778, -24942}, 0, {1008, -16}, {0x00, 0x7F, 0x00, 0xFF}}},
	{{{29909, -5778, -3021}, 0, {1008, -16}, {0x00, 0x7F, 0x00, 0xFF}}},
	{{{29909, -5778, -28098}, 0, {1008, -16}, {0x00, 0x7F, 0x00, 0xFF}}},
	{{{-29821, -5778, 3768}, 0, {-16, 1008}, {0x00, 0x7F, 0x00, 0xFF}}},
	{{{-29821, -5778, 25720}, 0, {-16, 1008}, {0x00, 0x7F, 0x00, 0xFF}}},
	{{{-22902, -5778, 23705}, 0, {-16, 1008}, {0x00, 0x7F, 0x00, 0xFF}}},
	{{{-22902, -5778, 1753}, 0, {-16, 1008}, {0x00, 0x7F, 0x00, 0xFF}}},
	{{{-10899, -5778, 1753}, 0, {1008, 1008}, {0x00, 0x7F, 0x00, 0xFF}}},
	{{{-10899, -5778, 23705}, 0, {1008, 1008}, {0x00, 0x7F, 0x00, 0xFF}}},
	{{{-4290, -5778, 3516}, 0, {1008, 1008}, {0x00, 0x7F, 0x00, 0xFF}}},
	{{{-4290, -5778, 25468}, 0, {1008, 1008}, {0x00, 0x7F, 0x00, 0xFF}}},
	{{{2949, -5778, 6663}, 0, {1008, 1008}, {0x00, 0x7F, 0x00, 0xFF}}},
	{{{2949, -5778, 28615}, 0, {1008, 1008}, {0x00, 0x7F, 0x00, 0xFF}}},
	{{{11321, -5778, 28237}, 0, {1008, 1008}, {0x00, 0x7F, 0x00, 0xFF}}},
	{{{11321, -5778, 6285}, 0, {1008, 1008}, {0x00, 0x7F, 0x00, 0xFF}}},
	{{{19189, -5778, 26160}, 0, {1008, 1008}, {0x00, 0x7F, 0x00, 0xFF}}},
	{{{19189, -5778, 4208}, 0, {1008, 1008}, {0x00, 0x7F, 0x00, 0xFF}}},
	{{{22537, -5778, 4648}, 0, {1008, 1008}, {0x00, 0x7F, 0x00, 0xFF}}},
	{{{22537, -5778, 26601}, 0, {1008, 1008}, {0x00, 0x7F, 0x00, 0xFF}}},
	{{{29909, -5778, 5594}, 0, {1008, 1008}, {0x00, 0x7F, 0x00, 0xFF}}},
	{{{29909, -5778, 27546}, 0, {1008, 1008}, {0x00, 0x7F, 0x00, 0xFF}}},
};

Gfx welkit_city_dl_Plane_002_mesh_layer_1_tri_0[] = {
	gsSPVertex(welkit_city_dl_Plane_002_mesh_layer_1_vtx_0 + 0, 30, 0),
	gsSP2Triangles(0, 1, 2, 0, 0, 3, 1, 0),
	gsSP2Triangles(4, 3, 0, 0, 4, 0, 5, 0),
	gsSP2Triangles(6, 4, 5, 0, 6, 7, 4, 0),
	gsSP2Triangles(8, 7, 6, 0, 8, 9, 7, 0),
	gsSP2Triangles(10, 9, 8, 0, 10, 8, 11, 0),
	gsSP2Triangles(12, 10, 11, 0, 12, 11, 13, 0),
	gsSP2Triangles(12, 13, 14, 0, 12, 14, 15, 0),
	gsSP2Triangles(14, 16, 15, 0, 14, 17, 16, 0),
	gsSP2Triangles(18, 19, 20, 0, 18, 21, 19, 0),
	gsSP2Triangles(22, 23, 24, 0, 22, 25, 23, 0),
	gsSP2Triangles(26, 27, 28, 0, 26, 29, 27, 0),
	gsSPVertex(welkit_city_dl_Plane_002_mesh_layer_1_vtx_0 + 30, 32, 0),
	gsSP2Triangles(0, 1, 2, 0, 0, 3, 1, 0),
	gsSP2Triangles(4, 5, 6, 0, 4, 7, 5, 0),
	gsSP2Triangles(8, 9, 10, 0, 8, 11, 9, 0),
	gsSP2Triangles(12, 13, 14, 0, 12, 15, 13, 0),
	gsSP2Triangles(16, 17, 18, 0, 16, 19, 17, 0),
	gsSP2Triangles(20, 21, 22, 0, 20, 23, 21, 0),
	gsSP2Triangles(24, 25, 26, 0, 24, 27, 25, 0),
	gsSP2Triangles(28, 29, 30, 0, 28, 31, 29, 0),
	gsSPVertex(welkit_city_dl_Plane_002_mesh_layer_1_vtx_0 + 62, 32, 0),
	gsSP2Triangles(0, 1, 2, 0, 0, 3, 1, 0),
	gsSP2Triangles(4, 5, 6, 0, 4, 7, 5, 0),
	gsSP2Triangles(8, 9, 10, 0, 8, 11, 9, 0),
	gsSP2Triangles(12, 13, 14, 0, 12, 15, 13, 0),
	gsSP2Triangles(16, 17, 18, 0, 16, 19, 17, 0),
	gsSP2Triangles(20, 21, 22, 0, 20, 22, 23, 0),
	gsSP2Triangles(24, 20, 23, 0, 24, 23, 25, 0),
	gsSP2Triangles(26, 24, 25, 0, 26, 25, 27, 0),
	gsSP2Triangles(28, 26, 27, 0, 28, 27, 29, 0),
	gsSP2Triangles(30, 28, 29, 0, 30, 31, 28, 0),
	gsSPVertex(welkit_city_dl_Plane_002_mesh_layer_1_vtx_0 + 94, 26, 0),
	gsSP2Triangles(0, 1, 2, 0, 0, 3, 1, 0),
	gsSP2Triangles(4, 3, 0, 0, 4, 5, 3, 0),
	gsSP2Triangles(6, 5, 4, 0, 6, 7, 5, 0),
	gsSP2Triangles(8, 9, 10, 0, 8, 10, 11, 0),
	gsSP2Triangles(10, 12, 11, 0, 10, 13, 12, 0),
	gsSP2Triangles(13, 14, 12, 0, 13, 15, 14, 0),
	gsSP2Triangles(15, 16, 14, 0, 15, 17, 16, 0),
	gsSP2Triangles(16, 17, 18, 0, 16, 18, 19, 0),
	gsSP2Triangles(19, 18, 20, 0, 19, 20, 21, 0),
	gsSP2Triangles(20, 22, 21, 0, 20, 23, 22, 0),
	gsSP2Triangles(23, 24, 22, 0, 23, 25, 24, 0),
	gsSPEndDisplayList(),
};

Vtx welkit_city_dl_slop1_mesh_layer_1_vtx_cull[8] = {
	{{{-1004, -100, 100}, 0, {0, 0}, {0x00, 0x00, 0x00, 0x00}}},
	{{{-1004, 100, 100}, 0, {0, 0}, {0x00, 0x00, 0x00, 0x00}}},
	{{{-1004, 100, -100}, 0, {0, 0}, {0x00, 0x00, 0x00, 0x00}}},
	{{{-1004, -100, -100}, 0, {0, 0}, {0x00, 0x00, 0x00, 0x00}}},
	{{{1004, -100, 100}, 0, {0, 0}, {0x00, 0x00, 0x00, 0x00}}},
	{{{1004, 100, 100}, 0, {0, 0}, {0x00, 0x00, 0x00, 0x00}}},
	{{{1004, 100, -100}, 0, {0, 0}, {0x00, 0x00, 0x00, 0x00}}},
	{{{1004, -100, -100}, 0, {0, 0}, {0x00, 0x00, 0x00, 0x00}}},
};

Vtx welkit_city_dl_slop1_mesh_layer_1_vtx_0[18] = {
	{{{-1004, -100, -100}, 0, {624, 752}, {0x00, 0x00, 0x81, 0xFF}}},
	{{{1004, 100, -100}, 0, {624, 496}, {0x00, 0x00, 0x81, 0xFF}}},
	{{{1004, -100, -100}, 0, {368, 496}, {0x00, 0x00, 0x81, 0xFF}}},
	{{{1004, -100, 100}, 0, {368, 240}, {0x00, 0x00, 0x7F, 0xFF}}},
	{{{1004, 100, 100}, 0, {624, 240}, {0x00, 0x00, 0x7F, 0xFF}}},
	{{{-1004, -100, 100}, 0, {368, -16}, {0x00, 0x00, 0x7F, 0xFF}}},
	{{{1004, -100, -100}, 0, {368, 496}, {0x7F, 0x00, 0x00, 0xFF}}},
	{{{1004, 100, -100}, 0, {624, 496}, {0x7F, 0x00, 0x00, 0xFF}}},
	{{{1004, 100, 100}, 0, {624, 240}, {0x7F, 0x00, 0x00, 0xFF}}},
	{{{1004, -100, 100}, 0, {368, 240}, {0x7F, 0x00, 0x00, 0xFF}}},
	{{{-1004, -100, -100}, 0, {112, 496}, {0x00, 0x81, 0x00, 0xFF}}},
	{{{1004, -100, -100}, 0, {368, 496}, {0x00, 0x81, 0x00, 0xFF}}},
	{{{1004, -100, 100}, 0, {368, 240}, {0x00, 0x81, 0x00, 0xFF}}},
	{{{-1004, -100, 100}, 0, {112, 240}, {0x00, 0x81, 0x00, 0xFF}}},
	{{{1004, 100, -100}, 0, {624, 496}, {0xF3, 0x7E, 0x00, 0xFF}}},
	{{{-1004, -100, -100}, 0, {880, 496}, {0xF3, 0x7E, 0x00, 0xFF}}},
	{{{-1004, -100, 100}, 0, {880, 240}, {0xF3, 0x7E, 0x00, 0xFF}}},
	{{{1004, 100, 100}, 0, {624, 240}, {0xF3, 0x7E, 0x00, 0xFF}}},
};

Gfx welkit_city_dl_slop1_mesh_layer_1_tri_0[] = {
	gsSPVertex(welkit_city_dl_slop1_mesh_layer_1_vtx_0 + 0, 18, 0),
	gsSP2Triangles(0, 1, 2, 0, 3, 4, 5, 0),
	gsSP2Triangles(6, 7, 8, 0, 6, 8, 9, 0),
	gsSP2Triangles(10, 11, 12, 0, 10, 12, 13, 0),
	gsSP2Triangles(14, 15, 16, 0, 14, 16, 17, 0),
	gsSPEndDisplayList(),
};

Vtx welkit_city_dl_slop2_mesh_layer_1_vtx_cull[8] = {
	{{{-1004, -100, 100}, 0, {0, 0}, {0x00, 0x00, 0x00, 0x00}}},
	{{{-1004, 300, 100}, 0, {0, 0}, {0x00, 0x00, 0x00, 0x00}}},
	{{{-1004, 300, -100}, 0, {0, 0}, {0x00, 0x00, 0x00, 0x00}}},
	{{{-1004, -100, -100}, 0, {0, 0}, {0x00, 0x00, 0x00, 0x00}}},
	{{{1004, -100, 100}, 0, {0, 0}, {0x00, 0x00, 0x00, 0x00}}},
	{{{1004, 300, 100}, 0, {0, 0}, {0x00, 0x00, 0x00, 0x00}}},
	{{{1004, 300, -100}, 0, {0, 0}, {0x00, 0x00, 0x00, 0x00}}},
	{{{1004, -100, -100}, 0, {0, 0}, {0x00, 0x00, 0x00, 0x00}}},
};

Vtx welkit_city_dl_slop2_mesh_layer_1_vtx_0[18] = {
	{{{-1004, -100, -100}, 0, {624, 752}, {0x00, 0x00, 0x81, 0xFF}}},
	{{{1004, 300, -100}, 0, {624, 496}, {0x00, 0x00, 0x81, 0xFF}}},
	{{{1004, -100, -100}, 0, {368, 496}, {0x00, 0x00, 0x81, 0xFF}}},
	{{{1004, -100, 100}, 0, {368, 240}, {0x00, 0x00, 0x7F, 0xFF}}},
	{{{1004, 300, 100}, 0, {624, 240}, {0x00, 0x00, 0x7F, 0xFF}}},
	{{{-1004, -100, 100}, 0, {368, -16}, {0x00, 0x00, 0x7F, 0xFF}}},
	{{{1004, -100, -100}, 0, {368, 496}, {0x7F, 0x00, 0x00, 0xFF}}},
	{{{1004, 300, -100}, 0, {624, 496}, {0x7F, 0x00, 0x00, 0xFF}}},
	{{{1004, 300, 100}, 0, {624, 240}, {0x7F, 0x00, 0x00, 0xFF}}},
	{{{1004, -100, 100}, 0, {368, 240}, {0x7F, 0x00, 0x00, 0xFF}}},
	{{{-1004, -100, -100}, 0, {112, 496}, {0x00, 0x81, 0x00, 0xFF}}},
	{{{1004, -100, -100}, 0, {368, 496}, {0x00, 0x81, 0x00, 0xFF}}},
	{{{1004, -100, 100}, 0, {368, 240}, {0x00, 0x81, 0x00, 0xFF}}},
	{{{-1004, -100, 100}, 0, {112, 240}, {0x00, 0x81, 0x00, 0xFF}}},
	{{{1004, 300, -100}, 0, {624, 496}, {0xE7, 0x7D, 0x00, 0xFF}}},
	{{{-1004, -100, -100}, 0, {880, 496}, {0xE7, 0x7D, 0x00, 0xFF}}},
	{{{-1004, -100, 100}, 0, {880, 240}, {0xE7, 0x7D, 0x00, 0xFF}}},
	{{{1004, 300, 100}, 0, {624, 240}, {0xE7, 0x7D, 0x00, 0xFF}}},
};

Gfx welkit_city_dl_slop2_mesh_layer_1_tri_0[] = {
	gsSPVertex(welkit_city_dl_slop2_mesh_layer_1_vtx_0 + 0, 18, 0),
	gsSP2Triangles(0, 1, 2, 0, 3, 4, 5, 0),
	gsSP2Triangles(6, 7, 8, 0, 6, 8, 9, 0),
	gsSP2Triangles(10, 11, 12, 0, 10, 12, 13, 0),
	gsSP2Triangles(14, 15, 16, 0, 14, 16, 17, 0),
	gsSPEndDisplayList(),
};

Vtx welkit_city_dl_slop3_mesh_layer_1_vtx_cull[8] = {
	{{{-1004, -100, 100}, 0, {0, 0}, {0x00, 0x00, 0x00, 0x00}}},
	{{{-1004, 0, 100}, 0, {0, 0}, {0x00, 0x00, 0x00, 0x00}}},
	{{{-1004, 0, -100}, 0, {0, 0}, {0x00, 0x00, 0x00, 0x00}}},
	{{{-1004, -100, -100}, 0, {0, 0}, {0x00, 0x00, 0x00, 0x00}}},
	{{{1004, -100, 100}, 0, {0, 0}, {0x00, 0x00, 0x00, 0x00}}},
	{{{1004, 0, 100}, 0, {0, 0}, {0x00, 0x00, 0x00, 0x00}}},
	{{{1004, 0, -100}, 0, {0, 0}, {0x00, 0x00, 0x00, 0x00}}},
	{{{1004, -100, -100}, 0, {0, 0}, {0x00, 0x00, 0x00, 0x00}}},
};

Vtx welkit_city_dl_slop3_mesh_layer_1_vtx_0[18] = {
	{{{-1004, -100, -100}, 0, {624, 752}, {0x00, 0x00, 0x81, 0xFF}}},
	{{{1004, 0, -100}, 0, {624, 496}, {0x00, 0x00, 0x81, 0xFF}}},
	{{{1004, -100, -100}, 0, {368, 496}, {0x00, 0x00, 0x81, 0xFF}}},
	{{{1004, -100, 100}, 0, {368, 240}, {0x00, 0x00, 0x7F, 0xFF}}},
	{{{1004, 0, 100}, 0, {624, 240}, {0x00, 0x00, 0x7F, 0xFF}}},
	{{{-1004, -100, 100}, 0, {368, -16}, {0x00, 0x00, 0x7F, 0xFF}}},
	{{{1004, -100, -100}, 0, {368, 496}, {0x7F, 0x00, 0x00, 0xFF}}},
	{{{1004, 0, -100}, 0, {624, 496}, {0x7F, 0x00, 0x00, 0xFF}}},
	{{{1004, 0, 100}, 0, {624, 240}, {0x7F, 0x00, 0x00, 0xFF}}},
	{{{1004, -100, 100}, 0, {368, 240}, {0x7F, 0x00, 0x00, 0xFF}}},
	{{{-1004, -100, -100}, 0, {112, 496}, {0x00, 0x81, 0x00, 0xFF}}},
	{{{1004, -100, -100}, 0, {368, 496}, {0x00, 0x81, 0x00, 0xFF}}},
	{{{1004, -100, 100}, 0, {368, 240}, {0x00, 0x81, 0x00, 0xFF}}},
	{{{-1004, -100, 100}, 0, {112, 240}, {0x00, 0x81, 0x00, 0xFF}}},
	{{{1004, 0, -100}, 0, {624, 496}, {0xFA, 0x7F, 0x00, 0xFF}}},
	{{{-1004, -100, -100}, 0, {880, 496}, {0xFA, 0x7F, 0x00, 0xFF}}},
	{{{-1004, -100, 100}, 0, {880, 240}, {0xFA, 0x7F, 0x00, 0xFF}}},
	{{{1004, 0, 100}, 0, {624, 240}, {0xFA, 0x7F, 0x00, 0xFF}}},
};

Gfx welkit_city_dl_slop3_mesh_layer_1_tri_0[] = {
	gsSPVertex(welkit_city_dl_slop3_mesh_layer_1_vtx_0 + 0, 18, 0),
	gsSP2Triangles(0, 1, 2, 0, 3, 4, 5, 0),
	gsSP2Triangles(6, 7, 8, 0, 6, 8, 9, 0),
	gsSP2Triangles(10, 11, 12, 0, 10, 12, 13, 0),
	gsSP2Triangles(14, 15, 16, 0, 14, 16, 17, 0),
	gsSPEndDisplayList(),
};

Gfx mat_welkit_city_dl_mat_rockyhillside[] = {
	gsSPLightColor(LIGHT_1, 0xFFFFFFFF),
	gsSPLightColor(LIGHT_2, 0x7F7F7FFF),
	gsDPPipeSync(),
	gsDPSetCombineLERP(TEXEL0, 0, SHADE, 0, 0, 0, 0, ENVIRONMENT, TEXEL0, 0, SHADE, 0, 0, 0, 0, ENVIRONMENT),
	gsDPSetAlphaDither(G_AD_NOISE),
	gsDPSetTextureLUT(G_TT_RGBA16),
	gsSPTexture(65535, 65535, 0, 0, 1),
	gsDPSetTextureImage(G_IM_FMT_RGBA, G_IM_SIZ_16b, 1, welkit_city_dl_t_0_rockyhillside_pal_rgba16),
	gsDPSetTile(0, 0, 0, 256, 5, 0, G_TX_WRAP | G_TX_NOMIRROR, 0, 0, G_TX_WRAP | G_TX_NOMIRROR, 0, 0),
	gsDPLoadTLUTCmd(5, 50),
	gsDPSetTextureImage(G_IM_FMT_CI, G_IM_SIZ_8b_LOAD_BLOCK, 1, welkit_city_dl_t_0_rockyhillside_ci8),
	gsDPSetTile(G_IM_FMT_CI, G_IM_SIZ_8b_LOAD_BLOCK, 0, 0, 7, 0, G_TX_WRAP | G_TX_NOMIRROR, 0, 0, G_TX_WRAP | G_TX_NOMIRROR, 0, 0),
	gsDPLoadBlock(7, 0, 0, 511, 512),
	gsDPSetTile(G_IM_FMT_CI, G_IM_SIZ_8b, 4, 0, 0, 0, G_TX_WRAP | G_TX_NOMIRROR, 5, 0, G_TX_WRAP | G_TX_NOMIRROR, 5, 0),
	gsDPSetTileSize(0, 0, 0, 124, 124),
	gsSPEndDisplayList(),
};

Gfx mat_revert_welkit_city_dl_mat_rockyhillside[] = {
	gsDPPipeSync(),
	gsDPSetAlphaDither(G_AD_DISABLE),
	gsDPSetTextureLUT(G_TT_NONE),
	gsSPEndDisplayList(),
};

Gfx mat_welkit_city_dl_mat_stonebricks[] = {
	gsSPLightColor(LIGHT_1, 0xFFFFFFFF),
	gsSPLightColor(LIGHT_2, 0x7F7F7FFF),
	gsDPPipeSync(),
	gsDPSetCombineLERP(TEXEL0, 0, SHADE, 0, 0, 0, 0, ENVIRONMENT, TEXEL0, 0, SHADE, 0, 0, 0, 0, ENVIRONMENT),
	gsDPSetAlphaDither(G_AD_NOISE),
	gsDPSetTextureLUT(G_TT_RGBA16),
	gsSPTexture(65535, 65535, 0, 0, 1),
	gsDPSetTextureImage(G_IM_FMT_RGBA, G_IM_SIZ_16b, 1, welkit_city_dl_t_0_grass_pal_rgba16),
	gsDPSetTile(0, 0, 0, 256, 5, 0, G_TX_WRAP | G_TX_NOMIRROR, 0, 0, G_TX_WRAP | G_TX_NOMIRROR, 0, 0),
	gsDPLoadTLUTCmd(5, 27),
	gsDPSetTextureImage(G_IM_FMT_CI, G_IM_SIZ_8b_LOAD_BLOCK, 1, welkit_city_dl_t_0_grass_ci8),
	gsDPSetTile(G_IM_FMT_CI, G_IM_SIZ_8b_LOAD_BLOCK, 0, 0, 7, 0, G_TX_WRAP | G_TX_NOMIRROR, 0, 0, G_TX_WRAP | G_TX_NOMIRROR, 0, 0),
	gsDPLoadBlock(7, 0, 0, 511, 512),
	gsDPSetTile(G_IM_FMT_CI, G_IM_SIZ_8b, 4, 0, 0, 0, G_TX_WRAP | G_TX_NOMIRROR, 5, 0, G_TX_WRAP | G_TX_NOMIRROR, 5, 0),
	gsDPSetTileSize(0, 0, 0, 124, 124),
	gsSPEndDisplayList(),
};

Gfx mat_revert_welkit_city_dl_mat_stonebricks[] = {
	gsDPPipeSync(),
	gsDPSetAlphaDither(G_AD_DISABLE),
	gsDPSetTextureLUT(G_TT_NONE),
	gsSPEndDisplayList(),
};

Gfx mat_welkit_city_dl_mat_coldroads[] = {
	gsSPLightColor(LIGHT_1, 0xFFFFFFFF),
	gsSPLightColor(LIGHT_2, 0x7F7F7FFF),
	gsDPPipeSync(),
	gsDPSetCombineLERP(0, 0, 0, SHADE, 0, 0, 0, ENVIRONMENT, 0, 0, 0, SHADE, 0, 0, 0, ENVIRONMENT),
	gsDPSetAlphaDither(G_AD_NOISE),
	gsSPTexture(65535, 65535, 0, 0, 1),
	gsSPEndDisplayList(),
};

Gfx mat_revert_welkit_city_dl_mat_coldroads[] = {
	gsDPPipeSync(),
	gsDPSetAlphaDither(G_AD_DISABLE),
	gsSPEndDisplayList(),
};

Gfx welkit_city_dl_Cube_002_mesh_layer_1[] = {
	gsSPClearGeometryMode(G_LIGHTING),
	gsSPVertex(welkit_city_dl_Cube_002_mesh_layer_1_vtx_cull + 0, 8, 0),
	gsSPSetGeometryMode(G_LIGHTING),
	gsSPCullDisplayList(0, 7),
	gsSPDisplayList(mat_welkit_city_dl_mat_rockyhillside),
	gsSPDisplayList(welkit_city_dl_Cube_002_mesh_layer_1_tri_0),
	gsSPDisplayList(mat_revert_welkit_city_dl_mat_rockyhillside),
	gsSPEndDisplayList(),
};

Gfx welkit_city_dl_Cube_003_mesh_layer_1[] = {
	gsSPClearGeometryMode(G_LIGHTING),
	gsSPVertex(welkit_city_dl_Cube_003_mesh_layer_1_vtx_cull + 0, 8, 0),
	gsSPSetGeometryMode(G_LIGHTING),
	gsSPCullDisplayList(0, 7),
	gsSPDisplayList(mat_welkit_city_dl_mat_rockyhillside),
	gsSPDisplayList(welkit_city_dl_Cube_003_mesh_layer_1_tri_0),
	gsSPDisplayList(mat_revert_welkit_city_dl_mat_rockyhillside),
	gsSPEndDisplayList(),
};

Gfx welkit_city_dl_Cube_004_mesh_layer_1[] = {
	gsSPClearGeometryMode(G_LIGHTING),
	gsSPVertex(welkit_city_dl_Cube_004_mesh_layer_1_vtx_cull + 0, 8, 0),
	gsSPSetGeometryMode(G_LIGHTING),
	gsSPCullDisplayList(0, 7),
	gsSPDisplayList(mat_welkit_city_dl_mat_rockyhillside),
	gsSPDisplayList(welkit_city_dl_Cube_004_mesh_layer_1_tri_0),
	gsSPDisplayList(mat_revert_welkit_city_dl_mat_rockyhillside),
	gsSPEndDisplayList(),
};

Gfx welkit_city_dl_Cube_005_mesh_layer_1[] = {
	gsSPClearGeometryMode(G_LIGHTING),
	gsSPVertex(welkit_city_dl_Cube_005_mesh_layer_1_vtx_cull + 0, 8, 0),
	gsSPSetGeometryMode(G_LIGHTING),
	gsSPCullDisplayList(0, 7),
	gsSPDisplayList(mat_welkit_city_dl_mat_rockyhillside),
	gsSPDisplayList(welkit_city_dl_Cube_005_mesh_layer_1_tri_0),
	gsSPDisplayList(mat_revert_welkit_city_dl_mat_rockyhillside),
	gsSPEndDisplayList(),
};

Gfx welkit_city_dl_Cube_006_mesh_layer_1[] = {
	gsSPClearGeometryMode(G_LIGHTING),
	gsSPVertex(welkit_city_dl_Cube_006_mesh_layer_1_vtx_cull + 0, 8, 0),
	gsSPSetGeometryMode(G_LIGHTING),
	gsSPCullDisplayList(0, 7),
	gsSPDisplayList(mat_welkit_city_dl_mat_rockyhillside),
	gsSPDisplayList(welkit_city_dl_Cube_006_mesh_layer_1_tri_0),
	gsSPDisplayList(mat_revert_welkit_city_dl_mat_rockyhillside),
	gsSPEndDisplayList(),
};

Gfx welkit_city_dl_Cube_007_mesh_layer_1[] = {
	gsSPClearGeometryMode(G_LIGHTING),
	gsSPVertex(welkit_city_dl_Cube_007_mesh_layer_1_vtx_cull + 0, 8, 0),
	gsSPSetGeometryMode(G_LIGHTING),
	gsSPCullDisplayList(0, 7),
	gsSPDisplayList(mat_welkit_city_dl_mat_rockyhillside),
	gsSPDisplayList(welkit_city_dl_Cube_007_mesh_layer_1_tri_0),
	gsSPDisplayList(mat_revert_welkit_city_dl_mat_rockyhillside),
	gsSPEndDisplayList(),
};

Gfx welkit_city_dl_Cube_008_mesh_layer_1[] = {
	gsSPClearGeometryMode(G_LIGHTING),
	gsSPVertex(welkit_city_dl_Cube_008_mesh_layer_1_vtx_cull + 0, 8, 0),
	gsSPSetGeometryMode(G_LIGHTING),
	gsSPCullDisplayList(0, 7),
	gsSPDisplayList(mat_welkit_city_dl_mat_rockyhillside),
	gsSPDisplayList(welkit_city_dl_Cube_008_mesh_layer_1_tri_0),
	gsSPDisplayList(mat_revert_welkit_city_dl_mat_rockyhillside),
	gsSPEndDisplayList(),
};

Gfx welkit_city_dl_Plane_001_mesh_layer_1[] = {
	gsSPClearGeometryMode(G_LIGHTING),
	gsSPVertex(welkit_city_dl_Plane_001_mesh_layer_1_vtx_cull + 0, 8, 0),
	gsSPSetGeometryMode(G_LIGHTING),
	gsSPCullDisplayList(0, 7),
	gsSPDisplayList(mat_welkit_city_dl_mat_stonebricks),
	gsSPDisplayList(welkit_city_dl_Plane_001_mesh_layer_1_tri_0),
	gsSPDisplayList(mat_revert_welkit_city_dl_mat_stonebricks),
	gsSPDisplayList(mat_welkit_city_dl_mat_coldroads),
	gsSPDisplayList(welkit_city_dl_Plane_001_mesh_layer_1_tri_1),
	gsSPDisplayList(mat_revert_welkit_city_dl_mat_coldroads),
	gsSPEndDisplayList(),
};

Gfx welkit_city_dl_Plane_002_mesh_layer_1[] = {
	gsSPClearGeometryMode(G_LIGHTING),
	gsSPVertex(welkit_city_dl_Plane_002_mesh_layer_1_vtx_cull + 0, 8, 0),
	gsSPSetGeometryMode(G_LIGHTING),
	gsSPCullDisplayList(0, 7),
	gsSPDisplayList(mat_welkit_city_dl_mat_rockyhillside),
	gsSPDisplayList(welkit_city_dl_Plane_002_mesh_layer_1_tri_0),
	gsSPDisplayList(mat_revert_welkit_city_dl_mat_rockyhillside),
	gsSPEndDisplayList(),
};

Gfx welkit_city_dl_slop1_mesh_layer_1[] = {
	gsSPClearGeometryMode(G_LIGHTING),
	gsSPVertex(welkit_city_dl_slop1_mesh_layer_1_vtx_cull + 0, 8, 0),
	gsSPSetGeometryMode(G_LIGHTING),
	gsSPCullDisplayList(0, 7),
	gsSPDisplayList(mat_welkit_city_dl_mat_rockyhillside),
	gsSPDisplayList(welkit_city_dl_slop1_mesh_layer_1_tri_0),
	gsSPDisplayList(mat_revert_welkit_city_dl_mat_rockyhillside),
	gsSPEndDisplayList(),
};

Gfx welkit_city_dl_slop2_mesh_layer_1[] = {
	gsSPClearGeometryMode(G_LIGHTING),
	gsSPVertex(welkit_city_dl_slop2_mesh_layer_1_vtx_cull + 0, 8, 0),
	gsSPSetGeometryMode(G_LIGHTING),
	gsSPCullDisplayList(0, 7),
	gsSPDisplayList(mat_welkit_city_dl_mat_rockyhillside),
	gsSPDisplayList(welkit_city_dl_slop2_mesh_layer_1_tri_0),
	gsSPDisplayList(mat_revert_welkit_city_dl_mat_rockyhillside),
	gsSPEndDisplayList(),
};

Gfx welkit_city_dl_slop3_mesh_layer_1[] = {
	gsSPClearGeometryMode(G_LIGHTING),
	gsSPVertex(welkit_city_dl_slop3_mesh_layer_1_vtx_cull + 0, 8, 0),
	gsSPSetGeometryMode(G_LIGHTING),
	gsSPCullDisplayList(0, 7),
	gsSPDisplayList(mat_welkit_city_dl_mat_rockyhillside),
	gsSPDisplayList(welkit_city_dl_slop3_mesh_layer_1_tri_0),
	gsSPDisplayList(mat_revert_welkit_city_dl_mat_rockyhillside),
	gsSPEndDisplayList(),
};

Gfx welkit_city_dl_final_revert_mesh_layer_1[] = {
	gsDPPipeSync(),
	gsSPSetGeometryMode(G_LIGHTING),
	gsSPClearGeometryMode(G_TEXTURE_GEN),
	gsDPSetCombineLERP(0, 0, 0, SHADE, 0, 0, 0, ENVIRONMENT, 0, 0, 0, SHADE, 0, 0, 0, ENVIRONMENT),
	gsSPTexture(65535, 65535, 0, 0, 0),
	gsDPSetEnvColor(255, 255, 255, 255),
	gsDPSetAlphaCompare(G_AC_NONE),
	gsSPEndDisplayList(),
};

