Gfx welkit_castle_past_dl_t_0_planks_ci8_aligner[] = {gsSPEndDisplayList()};
u8 welkit_castle_past_dl_t_0_planks_ci8[] = {
	0x00, 0x01, 0x02, 0x03, 0x02, 0x02, 0x02, 0x02, 
	0x02, 0x02, 0x03, 0x03, 0x03, 0x03, 0x03, 0x03, 
	0x03, 0x03, 0x03, 0x03, 0x03, 0x01, 0x01, 0x01, 
	0x01, 0x01, 0x01, 0x04, 0x05, 0x00, 0x06, 0x06, 
	0x07, 0x06, 0x03, 0x01, 0x06, 0x00, 0x00, 0x06, 
	0x00, 0x00, 0x08, 0x09, 0x0a, 0x0a, 0x0a, 0x0a, 
	0x0a, 0x0a, 0x0a, 0x0a, 0x0b, 0x0a, 0x0a, 0x0a, 
	0x07, 0x07, 0x0a, 0x0a, 0x0c, 0x0a, 0x0d, 0x0b, 
	0x0e, 0x03, 0x01, 0x08, 0x0a, 0x0a, 0x0c, 0x0f, 
	0x10, 0x0a, 0x0a, 0x0a, 0x09, 0x09, 0x08, 0x0d, 
	0x09, 0x0d, 0x0d, 0x0b, 0x0b, 0x0a, 0x0a, 0x0a, 
	0x09, 0x08, 0x08, 0x08, 0x00, 0x0e, 0x0e, 0x0e, 
	0x09, 0x00, 0x01, 0x08, 0x09, 0x09, 0x09, 0x08, 
	0x11, 0x00, 0x00, 0x00, 0x12, 0x09, 0x09, 0x09, 
	0x09, 0x09, 0x09, 0x0a, 0x0a, 0x0f, 0x0a, 0x0b, 
	0x0a, 0x0a, 0x0a, 0x0f, 0x0f, 0x0a, 0x0d, 0x08, 
	0x10, 0x09, 0x01, 0x00, 0x00, 0x00, 0x08, 0x08, 
	0x08, 0x08, 0x09, 0x0a, 0x0a, 0x0a, 0x0a, 0x09, 
	0x09, 0x08, 0x00, 0x08, 0x08, 0x00, 0x00, 0x00, 
	0x00, 0x00, 0x13, 0x08, 0x08, 0x09, 0x14, 0x09, 
	0x09, 0x15, 0x03, 0x06, 0x13, 0x08, 0x12, 0x12, 
	0x08, 0x08, 0x08, 0x08, 0x16, 0x08, 0x0d, 0x0d, 
	0x09, 0x09, 0x09, 0x09, 0x08, 0x08, 0x08, 0x08, 
	0x08, 0x08, 0x17, 0x09, 0x14, 0x0a, 0x0a, 0x09, 
	0x03, 0x03, 0x01, 0x01, 0x06, 0x06, 0x06, 0x06, 
	0x06, 0x01, 0x18, 0x18, 0x18, 0x18, 0x18, 0x03, 
	0x03, 0x03, 0x18, 0x01, 0x04, 0x04, 0x01, 0x01, 
	0x18, 0x03, 0x03, 0x03, 0x03, 0x03, 0x03, 0x03, 
	0x09, 0x09, 0x14, 0x09, 0x09, 0x09, 0x09, 0x09, 
	0x09, 0x0d, 0x08, 0x16, 0x08, 0x0d, 0x0d, 0x08, 
	0x00, 0x03, 0x01, 0x00, 0x11, 0x08, 0x08, 0x08, 
	0x13, 0x19, 0x00, 0x08, 0x09, 0x09, 0x09, 0x09, 
	0x0a, 0x0a, 0x0a, 0x0a, 0x0a, 0x09, 0x0d, 0x09, 
	0x08, 0x08, 0x08, 0x0d, 0x0d, 0x09, 0x09, 0x0d, 
	0x00, 0x18, 0x06, 0x06, 0x00, 0x13, 0x12, 0x09, 
	0x09, 0x00, 0x06, 0x12, 0x0f, 0x0a, 0x0f, 0x10, 
	0x0c, 0x14, 0x09, 0x09, 0x14, 0x0a, 0x0a, 0x0a, 
	0x0a, 0x0a, 0x0a, 0x0a, 0x09, 0x08, 0x00, 0x00, 
	0x18, 0x03, 0x00, 0x08, 0x08, 0x09, 0x17, 0x08, 
	0x08, 0x08, 0x12, 0x14, 0x10, 0x0a, 0x0a, 0x0a, 
	0x14, 0x14, 0x12, 0x13, 0x08, 0x13, 0x08, 0x13, 
	0x00, 0x05, 0x13, 0x11, 0x13, 0x08, 0x08, 0x09, 
	0x00, 0x03, 0x00, 0x08, 0x00, 0x00, 0x00, 0x08, 
	0x08, 0x08, 0x08, 0x09, 0x08, 0x08, 0x08, 0x09, 
	0x0a, 0x0f, 0x0a, 0x09, 0x0d, 0x08, 0x08, 0x12, 
	0x09, 0x09, 0x0a, 0x0f, 0x0a, 0x09, 0x08, 0x09, 
	0x05, 0x02, 0x15, 0x00, 0x08, 0x17, 0x09, 0x09, 
	0x09, 0x09, 0x09, 0x09, 0x09, 0x1a, 0x09, 0x09, 
	0x00, 0x00, 0x00, 0x06, 0x06, 0x06, 0x06, 0x06, 
	0x05, 0x06, 0x05, 0x08, 0x08, 0x09, 0x17, 0x0d, 
	0x15, 0x02, 0x06, 0x08, 0x13, 0x13, 0x11, 0x08, 
	0x13, 0x08, 0x08, 0x08, 0x08, 0x00, 0x00, 0x00, 
	0x01, 0x03, 0x03, 0x1b, 0x1b, 0x03, 0x03, 0x1c, 
	0x1c, 0x1c, 0x1c, 0x1c, 0x03, 0x03, 0x03, 0x03, 
	0x03, 0x03, 0x03, 0x03, 0x03, 0x18, 0x01, 0x01, 
	0x18, 0x18, 0x18, 0x03, 0x03, 0x03, 0x03, 0x03, 
	0x13, 0x00, 0x06, 0x06, 0x06, 0x00, 0x08, 0x09, 
	0x09, 0x0d, 0x09, 0x09, 0x09, 0x0d, 0x08, 0x08, 
	0x08, 0x08, 0x09, 0x08, 0x13, 0x00, 0x08, 0x08, 
	0x08, 0x00, 0x01, 0x18, 0x00, 0x0e, 0x00, 0x00, 
	0x09, 0x09, 0x09, 0x09, 0x09, 0x08, 0x14, 0x0f, 
	0x0f, 0x10, 0x0a, 0x0b, 0x0b, 0x0b, 0x0b, 0x09, 
	0x09, 0x0d, 0x09, 0x08, 0x08, 0x09, 0x0d, 0x09, 
	0x09, 0x08, 0x06, 0x03, 0x0e, 0x0d, 0x0d, 0x0d, 
	0x09, 0x0d, 0x08, 0x00, 0x00, 0x00, 0x1d, 0x08, 
	0x08, 0x17, 0x14, 0x0a, 0x0a, 0x0a, 0x09, 0x08, 
	0x08, 0x08, 0x09, 0x09, 0x09, 0x0d, 0x0d, 0x0d, 
	0x09, 0x09, 0x1e, 0x01, 0x00, 0x0a, 0x0a, 0x09, 
	0x09, 0x09, 0x0a, 0x0a, 0x0b, 0x0a, 0x0a, 0x0a, 
	0x0a, 0x0a, 0x10, 0x14, 0x0d, 0x09, 0x09, 0x0d, 
	0x08, 0x0d, 0x09, 0x0a, 0x0a, 0x0a, 0x09, 0x09, 
	0x0d, 0x08, 0x13, 0x01, 0x1f, 0x0a, 0x0a, 0x0a, 
	0x09, 0x0a, 0x10, 0x0a, 0x0a, 0x0a, 0x0f, 0x0a, 
	0x0a, 0x0c, 0x0a, 0x14, 0x14, 0x0a, 0x09, 0x0a, 
	0x0a, 0x0a, 0x0a, 0x09, 0x08, 0x08, 0x08, 0x08, 
	0x08, 0x00, 0x06, 0x03, 0x05, 0x0a, 0x0a, 0x0a, 
	0x18, 0x01, 0x18, 0x03, 0x18, 0x01, 0x01, 0x01, 
	0x01, 0x01, 0x18, 0x01, 0x01, 0x01, 0x18, 0x18, 
	0x03, 0x01, 0x01, 0x01, 0x18, 0x03, 0x18, 0x18, 
	0x03, 0x03, 0x03, 0x03, 0x1c, 0x03, 0x18, 0x18, 
	0x00, 0x00, 0x00, 0x0e, 0x0e, 0x00, 0x00, 0x0e, 
	0x0e, 0x00, 0x08, 0x09, 0x09, 0x09, 0x08, 0x00, 
	0x03, 0x02, 0x06, 0x08, 0x08, 0x08, 0x16, 0x00, 
	0x00, 0x08, 0x08, 0x08, 0x08, 0x08, 0x08, 0x16, 
	0x09, 0x08, 0x16, 0x16, 0x08, 0x08, 0x09, 0x09, 
	0x09, 0x10, 0x0f, 0x0a, 0x09, 0x08, 0x00, 0x0e, 
	0x01, 0x03, 0x08, 0x14, 0x0a, 0x0a, 0x09, 0x08, 
	0x09, 0x09, 0x0d, 0x08, 0x08, 0x09, 0x09, 0x09, 
	0x09, 0x09, 0x09, 0x09, 0x09, 0x09, 0x14, 0x0a, 
	0x0a, 0x09, 0x14, 0x14, 0x09, 0x08, 0x16, 0x0e, 
	0x01, 0x15, 0x09, 0x09, 0x09, 0x09, 0x09, 0x09, 
	0x0a, 0x0a, 0x08, 0x16, 0x08, 0x08, 0x08, 0x09, 
	0x08, 0x08, 0x0d, 0x0d, 0x0a, 0x09, 0x0a, 0x0f, 
	0x0f, 0x0a, 0x0a, 0x09, 0x08, 0x0d, 0x08, 0x06, 
	0x03, 0x01, 0x08, 0x08, 0x08, 0x17, 0x08, 0x08, 
	0x09, 0x09, 0x09, 0x0d, 0x09, 0x14, 0x14, 0x09, 
	0x0d, 0x0d, 0x09, 0x09, 0x09, 0x09, 0x0a, 0x0b, 
	0x0b, 0x0a, 0x09, 0x08, 0x08, 0x13, 0x11, 0x05, 
	0x18, 0x01, 0x0c, 0x0a, 0x0c, 0x0f, 0x20, 0x0f, 
	0x21, 0x22, 0x0a, 0x09, 0x09, 0x0a, 0x0a, 0x09, 
	0x08, 0x09, 0x0a, 0x0a, 0x09, 0x09, 0x09, 0x09, 
	0x09, 0x08, 0x08, 0x08, 0x08, 0x13, 0x13, 0x15, 
	0x03, 0x02, 0x00, 0x08, 0x09, 0x0a, 0x0a, 0x0c, 
	0x0f, 0x0a, 0x09, 0x08, 0x08, 0x08, 0x08, 0x08, 
	0x00, 0x06, 0x06, 0x01, 0x00, 0x00, 0x0e, 0x0e, 
	0x00, 0x0e, 0x06, 0x06, 0x00, 0x08, 0x08, 0x00, 
	0x00, 0x06, 0x06, 0x00, 0x00, 0x00, 0x00, 0x00, 
	0x00, 0x06, 0x06, 0x00, 0x00, 0x00, 0x00, 0x00, 
	0x08, 0x08, 0x08, 0x03, 0x00, 0x09, 0x08, 0x16, 
	0x16, 0x16, 0x08, 0x08, 0x08, 0x09, 0x10, 0x22, 
	0x20, 0x10, 0x14, 0x08, 0x08, 0x08, 0x08, 0x08, 
	0x13, 0x08, 0x08, 0x08, 0x08, 0x08, 0x08, 0x08, 
	0x09, 0x09, 0x0d, 0x01, 0x01, 0x09, 0x09, 0x08, 
	0x16, 0x0d, 0x08, 0x08, 0x08, 0x08, 0x09, 0x09, 
	0x09, 0x09, 0x0a, 0x0a, 0x0a, 0x14, 0x09, 0x08, 
	0x09, 0x09, 0x08, 0x08, 0x08, 0x09, 0x09, 0x09, 
	0x0a, 0x0a, 0x09, 0x06, 0x00, 0x0a, 0x0a, 0x09, 
	0x09, 0x08, 0x08, 0x08, 0x0d, 0x08, 0x08, 0x09, 
	0x09, 0x14, 0x0a, 0x0a, 0x1a, 0x09, 0x09, 0x08, 
	0x08, 0x08, 0x08, 0x09, 0x0a, 0x0a, 0x0a, 0x0a, 
	0x0a, 0x0a, 0x08, 0x03, 0x08, 0x0c, 0x0a, 0x1a, 
	0x0a, 0x10, 0x0f, 0x0f, 0x0f, 0x0f, 0x0f, 0x21, 
	0x0f, 0x0a, 0x0d, 0x08, 0x09, 0x09, 0x09, 0x09, 
	0x09, 0x09, 0x09, 0x0a, 0x0f, 0x0f, 0x0f, 0x0a, 
	0x08, 0x08, 0x15, 0x03, 0x15, 0x12, 0x08, 0x08, 
	0x08, 0x12, 0x08, 0x08, 0x17, 0x09, 0x09, 0x14, 
	0x09, 0x09, 0x16, 0x16, 0x00, 0x08, 0x08, 0x08, 
	0x08, 0x13, 0x08, 0x08, 0x08, 0x08, 0x08, 0x08, 
	
};

Gfx welkit_castle_past_dl_t_0_planks_pal_rgba16_aligner[] = {gsSPEndDisplayList()};
u8 welkit_castle_past_dl_t_0_planks_pal_rgba16[] = {
	0x5a, 0x17, 0x49, 0x93, 0x39, 0x4f, 0x41, 0x51, 
	0x51, 0x95, 0x52, 0x15, 0x51, 0xd5, 0x7a, 0xdf, 
	0x62, 0x59, 0x6a, 0x9b, 0x72, 0xdd, 0x72, 0x9d, 
	0x73, 0x1f, 0x6a, 0x5b, 0x59, 0xd7, 0x7b, 0x1f, 
	0x73, 0x1d, 0x5a, 0x59, 0x62, 0x99, 0x5a, 0x57, 
	0x6a, 0xdb, 0x49, 0xd3, 0x62, 0x19, 0x62, 0x9b, 
	0x49, 0x53, 0x59, 0xd5, 0x6a, 0xdd, 0x41, 0x11, 
	0x39, 0x0f, 0x5a, 0x19, 0x6a, 0x59, 0x62, 0x5b, 
	0x7b, 0x5f, 0x7b, 0x61, 0x83, 0x61, 
};

Gfx welkit_castle_past_dl_t_0_rockyhillside_ci8_aligner[] = {gsSPEndDisplayList()};
u8 welkit_castle_past_dl_t_0_rockyhillside_ci8[] = {
	0x00, 0x01, 0x02, 0x03, 0x04, 0x03, 0x05, 0x05, 
	0x06, 0x07, 0x08, 0x09, 0x09, 0x09, 0x0a, 0x09, 
	0x0b, 0x0c, 0x04, 0x07, 0x0d, 0x05, 0x0c, 0x09, 
	0x09, 0x09, 0x09, 0x0e, 0x0e, 0x09, 0x0f, 0x0b, 
	0x0b, 0x10, 0x11, 0x02, 0x12, 0x11, 0x02, 0x05, 
	0x0c, 0x09, 0x13, 0x08, 0x14, 0x15, 0x08, 0x0f, 
	0x09, 0x16, 0x17, 0x18, 0x06, 0x10, 0x00, 0x07, 
	0x09, 0x09, 0x09, 0x09, 0x13, 0x0e, 0x08, 0x09, 
	0x09, 0x18, 0x11, 0x01, 0x19, 0x11, 0x05, 0x00, 
	0x1a, 0x09, 0x09, 0x09, 0x0e, 0x15, 0x09, 0x09, 
	0x09, 0x0f, 0x0b, 0x0c, 0x06, 0x02, 0x03, 0x0b, 
	0x09, 0x09, 0x09, 0x09, 0x09, 0x09, 0x08, 0x1b, 
	0x08, 0x0b, 0x05, 0x1c, 0x01, 0x02, 0x06, 0x09, 
	0x13, 0x09, 0x09, 0x09, 0x09, 0x08, 0x08, 0x09, 
	0x09, 0x09, 0x0f, 0x17, 0x06, 0x02, 0x06, 0x18, 
	0x07, 0x09, 0x09, 0x09, 0x09, 0x09, 0x09, 0x08, 
	0x08, 0x09, 0x04, 0x11, 0x11, 0x10, 0x00, 0x09, 
	0x09, 0x09, 0x0b, 0x09, 0x09, 0x09, 0x08, 0x09, 
	0x09, 0x09, 0x09, 0x16, 0x00, 0x02, 0x05, 0x00, 
	0x0b, 0x09, 0x09, 0x09, 0x09, 0x09, 0x09, 0x09, 
	0x08, 0x09, 0x0b, 0x10, 0x11, 0x05, 0x04, 0x09, 
	0x09, 0x18, 0x0b, 0x09, 0x09, 0x09, 0x0e, 0x0e, 
	0x09, 0x09, 0x09, 0x0f, 0x0c, 0x05, 0x05, 0x03, 
	0x18, 0x07, 0x09, 0x09, 0x09, 0x09, 0x09, 0x09, 
	0x0e, 0x0e, 0x16, 0x0d, 0x11, 0x05, 0x04, 0x09, 
	0x0b, 0x04, 0x07, 0x09, 0x09, 0x09, 0x09, 0x08, 
	0x13, 0x09, 0x09, 0x0f, 0x07, 0x10, 0x02, 0x06, 
	0x18, 0x07, 0x09, 0x09, 0x09, 0x09, 0x09, 0x09, 
	0x09, 0x08, 0x07, 0x00, 0x1d, 0x02, 0x00, 0x18, 
	0x04, 0x04, 0x09, 0x09, 0x09, 0x09, 0x09, 0x08, 
	0x08, 0x09, 0x09, 0x0f, 0x17, 0x10, 0x02, 0x06, 
	0x04, 0x17, 0x09, 0x09, 0x09, 0x09, 0x09, 0x09, 
	0x09, 0x14, 0x07, 0x18, 0x02, 0x02, 0x06, 0x00, 
	0x00, 0x18, 0x09, 0x09, 0x09, 0x09, 0x09, 0x08, 
	0x08, 0x09, 0x09, 0x09, 0x09, 0x06, 0x1e, 0x05, 
	0x00, 0x18, 0x07, 0x09, 0x09, 0x09, 0x09, 0x09, 
	0x09, 0x09, 0x09, 0x17, 0x1f, 0x1d, 0x05, 0x06, 
	0x00, 0x18, 0x09, 0x09, 0x09, 0x09, 0x09, 0x0e, 
	0x09, 0x09, 0x09, 0x09, 0x09, 0x20, 0x11, 0x02, 
	0x05, 0x06, 0x00, 0x18, 0x0b, 0x09, 0x09, 0x09, 
	0x09, 0x09, 0x09, 0x16, 0x06, 0x21, 0x05, 0x06, 
	0x03, 0x18, 0x09, 0x09, 0x09, 0x09, 0x09, 0x09, 
	0x09, 0x09, 0x09, 0x09, 0x16, 0x20, 0x01, 0x1d, 
	0x10, 0x05, 0x05, 0x20, 0x00, 0x0b, 0x09, 0x09, 
	0x09, 0x09, 0x09, 0x0b, 0x05, 0x11, 0x02, 0x05, 
	0x06, 0x04, 0x07, 0x09, 0x09, 0x09, 0x09, 0x09, 
	0x09, 0x09, 0x09, 0x0f, 0x0b, 0x10, 0x11, 0x22, 
	0x00, 0x07, 0x07, 0x0c, 0x06, 0x00, 0x09, 0x09, 
	0x09, 0x09, 0x0f, 0x23, 0x24, 0x01, 0x1d, 0x10, 
	0x05, 0x03, 0x18, 0x09, 0x09, 0x09, 0x09, 0x09, 
	0x09, 0x09, 0x16, 0x0b, 0x18, 0x06, 0x18, 0x0b, 
	0x09, 0x08, 0x09, 0x09, 0x25, 0x0d, 0x18, 0x09, 
	0x09, 0x16, 0x0b, 0x00, 0x22, 0x05, 0x02, 0x1d, 
	0x1d, 0x05, 0x03, 0x18, 0x09, 0x09, 0x09, 0x0b, 
	0x09, 0x16, 0x0b, 0x0c, 0x17, 0x0b, 0x0f, 0x0f, 
	0x08, 0x09, 0x0f, 0x0f, 0x26, 0x27, 0x00, 0x09, 
	0x0b, 0x18, 0x17, 0x07, 0x0b, 0x09, 0x28, 0x04, 
	0x20, 0x05, 0x05, 0x00, 0x0b, 0x09, 0x0b, 0x04, 
	0x18, 0x0b, 0x17, 0x17, 0x0b, 0x0f, 0x09, 0x09, 
	0x26, 0x09, 0x09, 0x09, 0x09, 0x29, 0x18, 0x0b, 
	0x18, 0x18, 0x07, 0x0b, 0x16, 0x15, 0x15, 0x0b, 
	0x14, 0x29, 0x06, 0x05, 0x04, 0x0b, 0x18, 0x06, 
	0x00, 0x07, 0x07, 0x0b, 0x09, 0x09, 0x09, 0x09, 
	0x26, 0x14, 0x09, 0x09, 0x0f, 0x09, 0x0c, 0x18, 
	0x04, 0x18, 0x0b, 0x0f, 0x0f, 0x08, 0x08, 0x09, 
	0x15, 0x0e, 0x18, 0x02, 0x03, 0x04, 0x03, 0x05, 
	0x00, 0x28, 0x16, 0x09, 0x09, 0x09, 0x09, 0x0b, 
	0x17, 0x26, 0x09, 0x09, 0x09, 0x09, 0x2a, 0x04, 
	0x04, 0x0b, 0x0f, 0x09, 0x09, 0x16, 0x14, 0x0e, 
	0x08, 0x09, 0x07, 0x10, 0x05, 0x06, 0x05, 0x02, 
	0x0c, 0x14, 0x0f, 0x09, 0x09, 0x09, 0x07, 0x18, 
	0x04, 0x17, 0x28, 0x07, 0x09, 0x09, 0x2b, 0x06, 
	0x00, 0x0b, 0x09, 0x07, 0x0b, 0x0b, 0x09, 0x08, 
	0x0e, 0x09, 0x09, 0x06, 0x11, 0x05, 0x02, 0x02, 
	0x0c, 0x09, 0x09, 0x09, 0x09, 0x07, 0x0b, 0x18, 
	0x00, 0x00, 0x07, 0x07, 0x09, 0x09, 0x07, 0x05, 
	0x03, 0x0b, 0x09, 0x0b, 0x0b, 0x0b, 0x0b, 0x09, 
	0x09, 0x09, 0x09, 0x18, 0x11, 0x11, 0x11, 0x05, 
	0x07, 0x09, 0x09, 0x09, 0x07, 0x0b, 0x0b, 0x0b, 
	0x04, 0x04, 0x17, 0x17, 0x09, 0x09, 0x07, 0x1f, 
	0x03, 0x0b, 0x16, 0x0b, 0x0b, 0x0b, 0x0b, 0x09, 
	0x09, 0x09, 0x09, 0x07, 0x02, 0x1c, 0x01, 0x10, 
	0x07, 0x09, 0x09, 0x09, 0x0b, 0x0b, 0x09, 0x09, 
	0x0b, 0x18, 0x0b, 0x17, 0x09, 0x09, 0x07, 0x06, 
	0x06, 0x0b, 0x09, 0x09, 0x09, 0x0b, 0x0b, 0x09, 
	0x09, 0x09, 0x09, 0x0f, 0x06, 0x19, 0x1c, 0x21, 
	0x04, 0x09, 0x09, 0x07, 0x0b, 0x07, 0x09, 0x09, 
	0x09, 0x0b, 0x0b, 0x09, 0x09, 0x0f, 0x28, 0x2c, 
	0x03, 0x0b, 0x09, 0x09, 0x09, 0x07, 0x0b, 0x0b, 
	0x09, 0x09, 0x09, 0x0f, 0x06, 0x01, 0x1c, 0x11, 
	0x05, 0x0b, 0x09, 0x0b, 0x18, 0x09, 0x09, 0x09, 
	0x09, 0x09, 0x0b, 0x28, 0x0e, 0x0f, 0x09, 0x0c, 
	0x06, 0x18, 0x09, 0x09, 0x09, 0x09, 0x0b, 0x0b, 
	0x07, 0x14, 0x09, 0x0f, 0x04, 0x11, 0x1c, 0x2d, 
	0x02, 0x00, 0x04, 0x00, 0x18, 0x07, 0x09, 0x09, 
	0x09, 0x09, 0x09, 0x09, 0x09, 0x09, 0x09, 0x00, 
	0x20, 0x04, 0x07, 0x09, 0x09, 0x09, 0x0b, 0x18, 
	0x18, 0x28, 0x09, 0x09, 0x0b, 0x10, 0x1d, 0x2e, 
	0x2e, 0x10, 0x10, 0x05, 0x00, 0x18, 0x0b, 0x0b, 
	0x0b, 0x0f, 0x09, 0x0b, 0x09, 0x09, 0x09, 0x03, 
	0x05, 0x00, 0x0b, 0x09, 0x09, 0x09, 0x0b, 0x04, 
	0x00, 0x07, 0x0e, 0x09, 0x16, 0x00, 0x06, 0x28, 
	0x18, 0x06, 0x21, 0x02, 0x05, 0x06, 0x00, 0x00, 
	0x04, 0x18, 0x0b, 0x0b, 0x16, 0x09, 0x09, 0x06, 
	0x05, 0x00, 0x0b, 0x09, 0x09, 0x09, 0x0b, 0x04, 
	0x00, 0x0b, 0x09, 0x09, 0x0f, 0x04, 0x2f, 0x28, 
	0x0f, 0x2b, 0x2e, 0x11, 0x1d, 0x02, 0x05, 0x20, 
	0x20, 0x20, 0x00, 0x04, 0x0b, 0x16, 0x0b, 0x10, 
	0x1d, 0x00, 0x0b, 0x09, 0x09, 0x09, 0x0b, 0x18, 
	0x04, 0x07, 0x09, 0x09, 0x16, 0x30, 0x06, 0x04, 
	0x09, 0x14, 0x0c, 0x1d, 0x1d, 0x10, 0x06, 0x00, 
	0x00, 0x00, 0x04, 0x00, 0x03, 0x20, 0x12, 0x24, 
	0x01, 0x06, 0x0b, 0x09, 0x09, 0x09, 0x07, 0x0b, 
	0x18, 0x0b, 0x09, 0x09, 0x18, 0x12, 0x10, 0x06, 
	0x18, 0x09, 0x28, 0x1f, 0x21, 0x05, 0x00, 0x28, 
	0x08, 0x0f, 0x0b, 0x18, 0x04, 0x12, 0x1c, 0x01, 
	0x01, 0x05, 0x18, 0x09, 0x09, 0x09, 0x07, 0x18, 
	0x04, 0x18, 0x0b, 0x0b, 0x23, 0x24, 0x11, 0x10, 
	0x20, 0x18, 0x28, 0x2b, 0x02, 0x20, 0x18, 0x08, 
	0x1b, 0x09, 0x09, 0x0f, 0x0b, 0x18, 0x1d, 0x1c, 
	0x1c, 0x1d, 0x00, 0x0b, 0x09, 0x09, 0x0b, 0x00, 
	0x06, 0x00, 0x0b, 0x17, 0x18, 0x20, 0x10, 0x2e, 
	0x2e, 0x03, 0x0b, 0x29, 0x06, 0x20, 0x18, 0x08, 
	0x15, 0x0e, 0x09, 0x09, 0x09, 0x0f, 0x18, 0x1e, 
	0x1d, 0x24, 0x05, 0x04, 0x0b, 0x18, 0x00, 0x20, 
	0x05, 0x04, 0x09, 0x09, 0x07, 0x16, 0x08, 0x1a, 
	0x18, 0x00, 0x04, 0x28, 0x31, 0x05, 0x18, 0x32, 
	0x09, 0x09, 0x09, 0x09, 0x09, 0x09, 0x09, 0x18, 
	
};

Gfx welkit_castle_past_dl_t_0_rockyhillside_pal_rgba16_aligner[] = {gsSPEndDisplayList()};
u8 welkit_castle_past_dl_t_0_rockyhillside_pal_rgba16[] = {
	0xac, 0x1b, 0x7a, 0xd5, 0x93, 0x59, 0xab, 0xdb, 
	0xb4, 0x1b, 0x9b, 0x99, 0xa3, 0xdb, 0xbc, 0x9d, 
	0xcc, 0xdf, 0xc4, 0x9d, 0xd5, 0x63, 0xbc, 0x5b, 
	0xb4, 0x5d, 0xa4, 0x1b, 0xcc, 0xdd, 0xc4, 0x9b, 
	0x93, 0x99, 0x83, 0x17, 0x93, 0x57, 0xcc, 0x9d, 
	0xc4, 0xdd, 0xd5, 0x21, 0xbc, 0x9b, 0xbc, 0x5d, 
	0xb4, 0x5b, 0x72, 0xd5, 0xc4, 0x9f, 0xd5, 0x61, 
	0x72, 0x95, 0x8b, 0x57, 0x8b, 0x17, 0x9b, 0xdb, 
	0xa3, 0xd9, 0x8b, 0x59, 0x9b, 0xd9, 0xac, 0x19, 
	0x83, 0x15, 0xc5, 0x21, 0xcd, 0x21, 0xbc, 0xa1, 
	0xc4, 0xdf, 0xc4, 0xe1, 0xb4, 0x9f, 0xbc, 0x9f, 
	0xac, 0x5d, 0x7a, 0xd7, 0x9b, 0x9b, 0xb4, 0x5f, 
	0xab, 0xd9, 0xac, 0x1d, 0xcd, 0x1f, 
};

Gfx welkit_castle_past_dl_t_0_blocking_ci4_aligner[] = {gsSPEndDisplayList()};
u8 welkit_castle_past_dl_t_0_blocking_ci4[] = {
	0x00, 0x00, 0x00, 0x00, 0x00, 0x00, 0x00, 0x00, 
	0x11, 0x11, 0x11, 0x11, 0x11, 0x11, 0x11, 0x11, 
	0x00, 0x00, 0x00, 0x00, 0x00, 0x00, 0x00, 0x00, 
	0x11, 0x11, 0x11, 0x11, 0x11, 0x11, 0x11, 0x11, 
	0x00, 0x11, 0x11, 0x11, 0x11, 0x11, 0x11, 0x00, 
	0x11, 0x00, 0x00, 0x00, 0x00, 0x00, 0x00, 0x11, 
	0x00, 0x11, 0x11, 0x11, 0x11, 0x11, 0x11, 0x00, 
	0x11, 0x00, 0x00, 0x00, 0x00, 0x00, 0x00, 0x11, 
	0x00, 0x11, 0x11, 0x11, 0x11, 0x11, 0x11, 0x00, 
	0x11, 0x00, 0x00, 0x00, 0x00, 0x00, 0x00, 0x11, 
	0x00, 0x11, 0x11, 0x11, 0x11, 0x11, 0x11, 0x00, 
	0x11, 0x00, 0x00, 0x00, 0x00, 0x00, 0x00, 0x11, 
	0x00, 0x11, 0x11, 0x11, 0x11, 0x11, 0x11, 0x00, 
	0x11, 0x00, 0x00, 0x00, 0x00, 0x00, 0x00, 0x11, 
	0x00, 0x11, 0x11, 0x11, 0x11, 0x11, 0x11, 0x00, 
	0x11, 0x00, 0x00, 0x00, 0x00, 0x00, 0x00, 0x11, 
	0x00, 0x11, 0x11, 0x11, 0x11, 0x11, 0x11, 0x00, 
	0x11, 0x00, 0x00, 0x00, 0x00, 0x00, 0x00, 0x11, 
	0x00, 0x11, 0x11, 0x11, 0x11, 0x11, 0x11, 0x00, 
	0x11, 0x00, 0x00, 0x00, 0x00, 0x00, 0x00, 0x11, 
	0x00, 0x11, 0x11, 0x11, 0x11, 0x11, 0x11, 0x00, 
	0x11, 0x00, 0x00, 0x00, 0x00, 0x00, 0x00, 0x11, 
	0x00, 0x11, 0x11, 0x11, 0x11, 0x11, 0x11, 0x00, 
	0x11, 0x00, 0x00, 0x00, 0x00, 0x00, 0x00, 0x11, 
	0x00, 0x11, 0x11, 0x11, 0x11, 0x11, 0x11, 0x00, 
	0x11, 0x00, 0x00, 0x00, 0x00, 0x00, 0x00, 0x11, 
	0x00, 0x11, 0x11, 0x11, 0x11, 0x11, 0x11, 0x00, 
	0x11, 0x00, 0x00, 0x00, 0x00, 0x00, 0x00, 0x11, 
	0x00, 0x00, 0x00, 0x00, 0x00, 0x00, 0x00, 0x00, 
	0x11, 0x11, 0x11, 0x11, 0x11, 0x11, 0x11, 0x11, 
	0x00, 0x00, 0x00, 0x00, 0x00, 0x00, 0x00, 0x00, 
	0x11, 0x11, 0x11, 0x11, 0x11, 0x11, 0x11, 0x11, 
	0x11, 0x11, 0x11, 0x11, 0x11, 0x11, 0x11, 0x11, 
	0x00, 0x00, 0x00, 0x00, 0x00, 0x00, 0x00, 0x00, 
	0x11, 0x11, 0x11, 0x11, 0x11, 0x11, 0x11, 0x11, 
	0x00, 0x00, 0x00, 0x00, 0x00, 0x00, 0x00, 0x00, 
	0x11, 0x00, 0x00, 0x00, 0x00, 0x00, 0x00, 0x11, 
	0x00, 0x11, 0x11, 0x11, 0x11, 0x11, 0x11, 0x00, 
	0x11, 0x00, 0x00, 0x00, 0x00, 0x00, 0x00, 0x11, 
	0x00, 0x11, 0x11, 0x11, 0x11, 0x11, 0x11, 0x00, 
	0x11, 0x00, 0x00, 0x00, 0x00, 0x00, 0x00, 0x11, 
	0x00, 0x11, 0x11, 0x11, 0x11, 0x11, 0x11, 0x00, 
	0x11, 0x00, 0x00, 0x00, 0x00, 0x00, 0x00, 0x11, 
	0x00, 0x11, 0x11, 0x11, 0x11, 0x11, 0x11, 0x00, 
	0x11, 0x00, 0x00, 0x00, 0x00, 0x00, 0x00, 0x11, 
	0x00, 0x11, 0x11, 0x11, 0x11, 0x11, 0x11, 0x00, 
	0x11, 0x00, 0x00, 0x00, 0x00, 0x00, 0x00, 0x11, 
	0x00, 0x11, 0x11, 0x11, 0x11, 0x11, 0x11, 0x00, 
	0x11, 0x00, 0x00, 0x00, 0x00, 0x00, 0x00, 0x11, 
	0x00, 0x11, 0x11, 0x11, 0x11, 0x11, 0x11, 0x00, 
	0x11, 0x00, 0x00, 0x00, 0x00, 0x00, 0x00, 0x11, 
	0x00, 0x11, 0x11, 0x11, 0x11, 0x11, 0x11, 0x00, 
	0x11, 0x00, 0x00, 0x00, 0x00, 0x00, 0x00, 0x11, 
	0x00, 0x11, 0x11, 0x11, 0x11, 0x11, 0x11, 0x00, 
	0x11, 0x00, 0x00, 0x00, 0x00, 0x00, 0x00, 0x11, 
	0x00, 0x11, 0x11, 0x11, 0x11, 0x11, 0x11, 0x00, 
	0x11, 0x00, 0x00, 0x00, 0x00, 0x00, 0x00, 0x11, 
	0x00, 0x11, 0x11, 0x11, 0x11, 0x11, 0x11, 0x00, 
	0x11, 0x00, 0x00, 0x00, 0x00, 0x00, 0x00, 0x11, 
	0x00, 0x11, 0x11, 0x11, 0x11, 0x11, 0x11, 0x00, 
	0x11, 0x11, 0x11, 0x11, 0x11, 0x11, 0x11, 0x11, 
	0x00, 0x00, 0x00, 0x00, 0x00, 0x00, 0x00, 0x00, 
	0x11, 0x11, 0x11, 0x11, 0x11, 0x11, 0x11, 0x11, 
	0x00, 0x00, 0x00, 0x00, 0x00, 0x00, 0x00, 0x00, 
	
};

Gfx welkit_castle_past_dl_t_0_blocking_pal_rgba16_aligner[] = {gsSPEndDisplayList()};
u8 welkit_castle_past_dl_t_0_blocking_pal_rgba16[] = {
	0x93, 0x95, 0xa3, 0xd7, 
};

Gfx welkit_castle_past_dl_t_0_grass_ci8_aligner[] = {gsSPEndDisplayList()};
u8 welkit_castle_past_dl_t_0_grass_ci8[] = {
	0x00, 0x01, 0x01, 0x02, 0x03, 0x04, 0x04, 0x02, 
	0x05, 0x06, 0x04, 0x07, 0x00, 0x01, 0x02, 0x06, 
	0x06, 0x06, 0x05, 0x08, 0x08, 0x01, 0x09, 0x08, 
	0x0a, 0x03, 0x04, 0x0b, 0x01, 0x03, 0x03, 0x01, 
	0x01, 0x06, 0x02, 0x01, 0x06, 0x03, 0x01, 0x0c, 
	0x0d, 0x06, 0x0e, 0x09, 0x07, 0x00, 0x0f, 0x03, 
	0x03, 0x05, 0x0a, 0x10, 0x11, 0x03, 0x0b, 0x01, 
	0x05, 0x00, 0x04, 0x00, 0x0f, 0x03, 0x02, 0x04, 
	0x00, 0x11, 0x06, 0x06, 0x06, 0x06, 0x00, 0x0a, 
	0x08, 0x02, 0x12, 0x09, 0x04, 0x13, 0x0e, 0x0f, 
	0x01, 0x06, 0x08, 0x0c, 0x02, 0x03, 0x04, 0x00, 
	0x11, 0x07, 0x04, 0x11, 0x12, 0x07, 0x07, 0x04, 
	0x14, 0x03, 0x05, 0x02, 0x06, 0x06, 0x11, 0x06, 
	0x03, 0x00, 0x13, 0x12, 0x00, 0x13, 0x15, 0x00, 
	0x01, 0x03, 0x05, 0x11, 0x03, 0x01, 0x01, 0x03, 
	0x06, 0x03, 0x05, 0x06, 0x0b, 0x13, 0x14, 0x0e, 
	0x01, 0x02, 0x03, 0x01, 0x03, 0x06, 0x05, 0x11, 
	0x11, 0x0e, 0x13, 0x12, 0x04, 0x0b, 0x16, 0x0e, 
	0x01, 0x0f, 0x01, 0x06, 0x02, 0x00, 0x00, 0x07, 
	0x00, 0x01, 0x0a, 0x11, 0x02, 0x0e, 0x15, 0x13, 
	0x0d, 0x0f, 0x03, 0x02, 0x01, 0x03, 0x06, 0x02, 
	0x03, 0x09, 0x09, 0x12, 0x0e, 0x00, 0x14, 0x14, 
	0x00, 0x04, 0x00, 0x0f, 0x04, 0x0f, 0x0f, 0x09, 
	0x09, 0x00, 0x06, 0x0a, 0x17, 0x0f, 0x04, 0x09, 
	0x01, 0x00, 0x01, 0x01, 0x00, 0x01, 0x03, 0x06, 
	0x03, 0x0e, 0x0e, 0x0e, 0x0e, 0x00, 0x12, 0x0b, 
	0x04, 0x07, 0x0f, 0x00, 0x12, 0x00, 0x01, 0x0e, 
	0x09, 0x04, 0x07, 0x17, 0x08, 0x06, 0x02, 0x09, 
	0x00, 0x0f, 0x0f, 0x0f, 0x00, 0x0f, 0x03, 0x0f, 
	0x00, 0x09, 0x00, 0x01, 0x04, 0x00, 0x00, 0x0b, 
	0x12, 0x07, 0x07, 0x0f, 0x0e, 0x04, 0x00, 0x0f, 
	0x0f, 0x00, 0x01, 0x03, 0x05, 0x17, 0x03, 0x14, 
	0x00, 0x01, 0x0f, 0x0f, 0x00, 0x00, 0x00, 0x0e, 
	0x0b, 0x00, 0x00, 0x0f, 0x04, 0x0e, 0x07, 0x04, 
	0x04, 0x00, 0x07, 0x06, 0x00, 0x04, 0x00, 0x0f, 
	0x0f, 0x0f, 0x01, 0x06, 0x0d, 0x08, 0x11, 0x09, 
	0x01, 0x03, 0x00, 0x01, 0x03, 0x0f, 0x04, 0x07, 
	0x12, 0x00, 0x07, 0x00, 0x04, 0x18, 0x14, 0x04, 
	0x0f, 0x00, 0x01, 0x06, 0x04, 0x0b, 0x07, 0x03, 
	0x06, 0x06, 0x03, 0x00, 0x0d, 0x10, 0x0d, 0x04, 
	0x06, 0x02, 0x07, 0x01, 0x06, 0x03, 0x0b, 0x0b, 
	0x0e, 0x0b, 0x09, 0x0e, 0x00, 0x19, 0x1a, 0x00, 
	0x07, 0x00, 0x01, 0x06, 0x07, 0x0b, 0x00, 0x01, 
	0x01, 0x03, 0x0f, 0x04, 0x02, 0x0c, 0x0d, 0x0b, 
	0x01, 0x11, 0x04, 0x04, 0x03, 0x03, 0x04, 0x09, 
	0x14, 0x13, 0x19, 0x09, 0x11, 0x18, 0x09, 0x0f, 
	0x00, 0x0f, 0x0f, 0x00, 0x04, 0x00, 0x11, 0x01, 
	0x00, 0x01, 0x00, 0x04, 0x00, 0x03, 0x05, 0x0e, 
	0x00, 0x11, 0x0e, 0x0e, 0x01, 0x11, 0x0f, 0x07, 
	0x13, 0x13, 0x15, 0x00, 0x11, 0x01, 0x00, 0x03, 
	0x02, 0x01, 0x0f, 0x04, 0x0e, 0x00, 0x11, 0x01, 
	0x00, 0x0f, 0x04, 0x12, 0x07, 0x00, 0x0f, 0x00, 
	0x11, 0x01, 0x09, 0x04, 0x01, 0x11, 0x11, 0x0f, 
	0x04, 0x14, 0x14, 0x0e, 0x0d, 0x06, 0x00, 0x02, 
	0x01, 0x04, 0x03, 0x06, 0x0f, 0x0f, 0x05, 0x00, 
	0x04, 0x07, 0x07, 0x07, 0x00, 0x0f, 0x02, 0x01, 
	0x0a, 0x02, 0x13, 0x09, 0x00, 0x06, 0x06, 0x01, 
	0x0f, 0x14, 0x13, 0x13, 0x03, 0x00, 0x0e, 0x00, 
	0x00, 0x09, 0x05, 0x0a, 0x02, 0x03, 0x06, 0x04, 
	0x12, 0x0f, 0x03, 0x06, 0x03, 0x03, 0x03, 0x06, 
	0x10, 0x11, 0x09, 0x07, 0x00, 0x01, 0x01, 0x01, 
	0x01, 0x14, 0x14, 0x0e, 0x00, 0x0e, 0x09, 0x01, 
	0x0f, 0x0e, 0x11, 0x0d, 0x06, 0x06, 0x03, 0x0e, 
	0x04, 0x03, 0x11, 0x08, 0x11, 0x03, 0x0f, 0x11, 
	0x10, 0x08, 0x0f, 0x0f, 0x00, 0x00, 0x01, 0x02, 
	0x00, 0x13, 0x15, 0x12, 0x07, 0x14, 0x09, 0x03, 
	0x01, 0x04, 0x06, 0x11, 0x11, 0x06, 0x06, 0x01, 
	0x06, 0x06, 0x08, 0x08, 0x11, 0x00, 0x07, 0x11, 
	0x11, 0x06, 0x0f, 0x04, 0x07, 0x01, 0x05, 0x03, 
	0x0f, 0x0e, 0x14, 0x13, 0x04, 0x13, 0x0b, 0x03, 
	0x06, 0x00, 0x11, 0x11, 0x06, 0x06, 0x11, 0x03, 
	0x05, 0x06, 0x05, 0x05, 0x06, 0x04, 0x0f, 0x17, 
	0x06, 0x01, 0x00, 0x07, 0x04, 0x06, 0x0d, 0x03, 
	0x03, 0x07, 0x09, 0x18, 0x09, 0x0b, 0x00, 0x05, 
	0x06, 0x01, 0x11, 0x06, 0x03, 0x03, 0x06, 0x01, 
	0x06, 0x03, 0x01, 0x06, 0x0f, 0x07, 0x0f, 0x11, 
	0x11, 0x01, 0x04, 0x12, 0x00, 0x05, 0x11, 0x11, 
	0x03, 0x00, 0x12, 0x15, 0x15, 0x13, 0x11, 0x0a, 
	0x11, 0x0f, 0x06, 0x06, 0x02, 0x06, 0x01, 0x01, 
	0x02, 0x05, 0x0f, 0x07, 0x04, 0x07, 0x06, 0x0a, 
	0x03, 0x00, 0x07, 0x07, 0x05, 0x08, 0x08, 0x0c, 
	0x03, 0x01, 0x04, 0x15, 0x14, 0x0e, 0x0d, 0x10, 
	0x06, 0x00, 0x03, 0x0f, 0x01, 0x02, 0x00, 0x05, 
	0x11, 0x0d, 0x0f, 0x04, 0x04, 0x00, 0x05, 0x11, 
	0x03, 0x0f, 0x01, 0x00, 0x03, 0x08, 0x0d, 0x08, 
	0x02, 0x01, 0x0e, 0x13, 0x07, 0x07, 0x08, 0x0a, 
	0x0d, 0x01, 0x02, 0x07, 0x00, 0x01, 0x0f, 0x11, 
	0x06, 0x00, 0x0f, 0x07, 0x00, 0x01, 0x06, 0x03, 
	0x04, 0x00, 0x03, 0x04, 0x06, 0x11, 0x0a, 0x03, 
	0x00, 0x01, 0x07, 0x0b, 0x07, 0x02, 0x0a, 0x08, 
	0x0d, 0x06, 0x02, 0x04, 0x04, 0x04, 0x06, 0x06, 
	0x01, 0x04, 0x07, 0x0f, 0x0f, 0x03, 0x07, 0x04, 
	0x0b, 0x04, 0x03, 0x04, 0x0f, 0x08, 0x08, 0x01, 
	0x03, 0x03, 0x0f, 0x09, 0x04, 0x02, 0x17, 0x11, 
	0x11, 0x06, 0x02, 0x09, 0x09, 0x04, 0x06, 0x03, 
	0x01, 0x12, 0x09, 0x0f, 0x0f, 0x00, 0x12, 0x0e, 
	0x0f, 0x06, 0x11, 0x06, 0x17, 0x11, 0x11, 0x07, 
	0x01, 0x02, 0x03, 0x00, 0x00, 0x07, 0x03, 0x03, 
	0x08, 0x06, 0x01, 0x0b, 0x09, 0x06, 0x05, 0x0f, 
	0x04, 0x0e, 0x00, 0x00, 0x00, 0x07, 0x13, 0x0e, 
	0x05, 0x08, 0x05, 0x03, 0x11, 0x05, 0x11, 0x00, 
	0x0e, 0x01, 0x06, 0x02, 0x0f, 0x12, 0x00, 0x0f, 
	0x11, 0x11, 0x03, 0x0b, 0x01, 0x06, 0x01, 0x04, 
	0x04, 0x0e, 0x01, 0x00, 0x07, 0x01, 0x00, 0x0f, 
	0x06, 0x0c, 0x1b, 0x06, 0x0f, 0x01, 0x11, 0x02, 
	0x0e, 0x00, 0x02, 0x03, 0x0f, 0x0e, 0x01, 0x03, 
	0x02, 0x03, 0x0e, 0x13, 0x05, 0x06, 0x00, 0x13, 
	0x09, 0x04, 0x01, 0x00, 0x0f, 0x11, 0x05, 0x06, 
	0x06, 0x11, 0x0d, 0x06, 0x0f, 0x01, 0x06, 0x0f, 
	0x00, 0x00, 0x07, 0x00, 0x0f, 0x00, 0x01, 0x06, 
	0x06, 0x06, 0x14, 0x1a, 0x00, 0x00, 0x0e, 0x0e, 
	0x09, 0x07, 0x01, 0x0f, 0x01, 0x11, 0x05, 0x11, 
	0x06, 0x11, 0x08, 0x06, 0x00, 0x0e, 0x00, 0x00, 
	0x00, 0x0f, 0x00, 0x07, 0x0f, 0x0f, 0x00, 0x06, 
	0x06, 0x06, 0x13, 0x14, 0x00, 0x0e, 0x00, 0x01, 
	0x04, 0x04, 0x00, 0x01, 0x01, 0x06, 0x06, 0x06, 
	0x06, 0x08, 0x17, 0x06, 0x0f, 0x0e, 0x0e, 0x0e, 
	0x01, 0x01, 0x00, 0x07, 0x0f, 0x00, 0x06, 0x11, 
	0x03, 0x01, 0x18, 0x04, 0x01, 0x04, 0x04, 0x06, 
	0x00, 0x13, 0x00, 0x01, 0x0f, 0x02, 0x02, 0x0f, 
	0x11, 0x06, 0x01, 0x03, 0x00, 0x04, 0x0e, 0x0e, 
	0x02, 0x03, 0x07, 0x04, 0x01, 0x03, 0x0a, 0x11, 
	0x03, 0x01, 0x07, 0x0f, 0x08, 0x02, 0x04, 0x08, 
	0x06, 0x07, 0x07, 0x0e, 0x00, 0x0f, 0x00, 0x00, 
	0x03, 0x06, 0x01, 0x03, 0x0f, 0x00, 0x0e, 0x07, 
	0x11, 0x05, 0x07, 0x07, 0x0f, 0x03, 0x06, 0x11, 
	0x03, 0x0f, 0x00, 0x03, 0x17, 0x01, 0x04, 0x11, 
	0x05, 0x01, 0x00, 0x14, 0x00, 0x02, 0x00, 0x03, 
	
};

Gfx welkit_castle_past_dl_t_0_grass_pal_rgba16_aligner[] = {gsSPEndDisplayList()};
u8 welkit_castle_past_dl_t_0_grass_pal_rgba16[] = {
	0x64, 0x05, 0x6c, 0x45, 0x6c, 0x47, 0x6c, 0x87, 
	0x5b, 0xc5, 0x74, 0xc7, 0x74, 0x87, 0x5c, 0x05, 
	0x85, 0x07, 0x4b, 0x83, 0x8d, 0x49, 0x53, 0x83, 
	0x85, 0x49, 0x85, 0x09, 0x53, 0xc5, 0x64, 0x45, 
	0x95, 0x89, 0x7c, 0xc7, 0x53, 0x85, 0x4b, 0x43, 
	0x43, 0x43, 0x3b, 0x03, 0x32, 0x81, 0x7d, 0x07, 
	0x43, 0x03, 0x32, 0xc1, 0x3a, 0xc1, 0x8d, 0x89, 
	
};

Gfx welkit_castle_past_dl_t_0_rockyhillside_ci8_copy_aligner[] = {gsSPEndDisplayList()};
u8 welkit_castle_past_dl_t_0_rockyhillside_ci8_copy[] = {
	0x00, 0x01, 0x02, 0x03, 0x04, 0x03, 0x05, 0x05, 
	0x06, 0x07, 0x08, 0x09, 0x09, 0x09, 0x0a, 0x09, 
	0x0b, 0x0c, 0x04, 0x07, 0x0d, 0x05, 0x0c, 0x09, 
	0x09, 0x09, 0x09, 0x0e, 0x0e, 0x09, 0x0f, 0x0b, 
	0x0b, 0x10, 0x11, 0x02, 0x12, 0x11, 0x02, 0x05, 
	0x0c, 0x09, 0x13, 0x08, 0x14, 0x15, 0x08, 0x0f, 
	0x09, 0x16, 0x17, 0x18, 0x06, 0x10, 0x00, 0x07, 
	0x09, 0x09, 0x09, 0x09, 0x13, 0x0e, 0x08, 0x09, 
	0x09, 0x18, 0x11, 0x01, 0x19, 0x11, 0x05, 0x00, 
	0x1a, 0x09, 0x09, 0x09, 0x0e, 0x15, 0x09, 0x09, 
	0x09, 0x0f, 0x0b, 0x0c, 0x06, 0x02, 0x03, 0x0b, 
	0x09, 0x09, 0x09, 0x09, 0x09, 0x09, 0x08, 0x1b, 
	0x08, 0x0b, 0x05, 0x1c, 0x01, 0x02, 0x06, 0x09, 
	0x13, 0x09, 0x09, 0x09, 0x09, 0x08, 0x08, 0x09, 
	0x09, 0x09, 0x0f, 0x17, 0x06, 0x02, 0x06, 0x18, 
	0x07, 0x09, 0x09, 0x09, 0x09, 0x09, 0x09, 0x08, 
	0x08, 0x09, 0x04, 0x11, 0x11, 0x10, 0x00, 0x09, 
	0x09, 0x09, 0x0b, 0x09, 0x09, 0x09, 0x08, 0x09, 
	0x09, 0x09, 0x09, 0x16, 0x00, 0x02, 0x05, 0x00, 
	0x0b, 0x09, 0x09, 0x09, 0x09, 0x09, 0x09, 0x09, 
	0x08, 0x09, 0x0b, 0x10, 0x11, 0x05, 0x04, 0x09, 
	0x09, 0x18, 0x0b, 0x09, 0x09, 0x09, 0x0e, 0x0e, 
	0x09, 0x09, 0x09, 0x0f, 0x0c, 0x05, 0x05, 0x03, 
	0x18, 0x07, 0x09, 0x09, 0x09, 0x09, 0x09, 0x09, 
	0x0e, 0x0e, 0x16, 0x0d, 0x11, 0x05, 0x04, 0x09, 
	0x0b, 0x04, 0x07, 0x09, 0x09, 0x09, 0x09, 0x08, 
	0x13, 0x09, 0x09, 0x0f, 0x07, 0x10, 0x02, 0x06, 
	0x18, 0x07, 0x09, 0x09, 0x09, 0x09, 0x09, 0x09, 
	0x09, 0x08, 0x07, 0x00, 0x1d, 0x02, 0x00, 0x18, 
	0x04, 0x04, 0x09, 0x09, 0x09, 0x09, 0x09, 0x08, 
	0x08, 0x09, 0x09, 0x0f, 0x17, 0x10, 0x02, 0x06, 
	0x04, 0x17, 0x09, 0x09, 0x09, 0x09, 0x09, 0x09, 
	0x09, 0x14, 0x07, 0x18, 0x02, 0x02, 0x06, 0x00, 
	0x00, 0x18, 0x09, 0x09, 0x09, 0x09, 0x09, 0x08, 
	0x08, 0x09, 0x09, 0x09, 0x09, 0x06, 0x1e, 0x05, 
	0x00, 0x18, 0x07, 0x09, 0x09, 0x09, 0x09, 0x09, 
	0x09, 0x09, 0x09, 0x17, 0x1f, 0x1d, 0x05, 0x06, 
	0x00, 0x18, 0x09, 0x09, 0x09, 0x09, 0x09, 0x0e, 
	0x09, 0x09, 0x09, 0x09, 0x09, 0x20, 0x11, 0x02, 
	0x05, 0x06, 0x00, 0x18, 0x0b, 0x09, 0x09, 0x09, 
	0x09, 0x09, 0x09, 0x16, 0x06, 0x21, 0x05, 0x06, 
	0x03, 0x18, 0x09, 0x09, 0x09, 0x09, 0x09, 0x09, 
	0x09, 0x09, 0x09, 0x09, 0x16, 0x20, 0x01, 0x1d, 
	0x10, 0x05, 0x05, 0x20, 0x00, 0x0b, 0x09, 0x09, 
	0x09, 0x09, 0x09, 0x0b, 0x05, 0x11, 0x02, 0x05, 
	0x06, 0x04, 0x07, 0x09, 0x09, 0x09, 0x09, 0x09, 
	0x09, 0x09, 0x09, 0x0f, 0x0b, 0x10, 0x11, 0x22, 
	0x00, 0x07, 0x07, 0x0c, 0x06, 0x00, 0x09, 0x09, 
	0x09, 0x09, 0x0f, 0x23, 0x24, 0x01, 0x1d, 0x10, 
	0x05, 0x03, 0x18, 0x09, 0x09, 0x09, 0x09, 0x09, 
	0x09, 0x09, 0x16, 0x0b, 0x18, 0x06, 0x18, 0x0b, 
	0x09, 0x08, 0x09, 0x09, 0x25, 0x0d, 0x18, 0x09, 
	0x09, 0x16, 0x0b, 0x00, 0x22, 0x05, 0x02, 0x1d, 
	0x1d, 0x05, 0x03, 0x18, 0x09, 0x09, 0x09, 0x0b, 
	0x09, 0x16, 0x0b, 0x0c, 0x17, 0x0b, 0x0f, 0x0f, 
	0x08, 0x09, 0x0f, 0x0f, 0x26, 0x27, 0x00, 0x09, 
	0x0b, 0x18, 0x17, 0x07, 0x0b, 0x09, 0x28, 0x04, 
	0x20, 0x05, 0x05, 0x00, 0x0b, 0x09, 0x0b, 0x04, 
	0x18, 0x0b, 0x17, 0x17, 0x0b, 0x0f, 0x09, 0x09, 
	0x26, 0x09, 0x09, 0x09, 0x09, 0x29, 0x18, 0x0b, 
	0x18, 0x18, 0x07, 0x0b, 0x16, 0x15, 0x15, 0x0b, 
	0x14, 0x29, 0x06, 0x05, 0x04, 0x0b, 0x18, 0x06, 
	0x00, 0x07, 0x07, 0x0b, 0x09, 0x09, 0x09, 0x09, 
	0x26, 0x14, 0x09, 0x09, 0x0f, 0x09, 0x0c, 0x18, 
	0x04, 0x18, 0x0b, 0x0f, 0x0f, 0x08, 0x08, 0x09, 
	0x15, 0x0e, 0x18, 0x02, 0x03, 0x04, 0x03, 0x05, 
	0x00, 0x28, 0x16, 0x09, 0x09, 0x09, 0x09, 0x0b, 
	0x17, 0x26, 0x09, 0x09, 0x09, 0x09, 0x2a, 0x04, 
	0x04, 0x0b, 0x0f, 0x09, 0x09, 0x16, 0x14, 0x0e, 
	0x08, 0x09, 0x07, 0x10, 0x05, 0x06, 0x05, 0x02, 
	0x0c, 0x14, 0x0f, 0x09, 0x09, 0x09, 0x07, 0x18, 
	0x04, 0x17, 0x28, 0x07, 0x09, 0x09, 0x2b, 0x06, 
	0x00, 0x0b, 0x09, 0x07, 0x0b, 0x0b, 0x09, 0x08, 
	0x0e, 0x09, 0x09, 0x06, 0x11, 0x05, 0x02, 0x02, 
	0x0c, 0x09, 0x09, 0x09, 0x09, 0x07, 0x0b, 0x18, 
	0x00, 0x00, 0x07, 0x07, 0x09, 0x09, 0x07, 0x05, 
	0x03, 0x0b, 0x09, 0x0b, 0x0b, 0x0b, 0x0b, 0x09, 
	0x09, 0x09, 0x09, 0x18, 0x11, 0x11, 0x11, 0x05, 
	0x07, 0x09, 0x09, 0x09, 0x07, 0x0b, 0x0b, 0x0b, 
	0x04, 0x04, 0x17, 0x17, 0x09, 0x09, 0x07, 0x1f, 
	0x03, 0x0b, 0x16, 0x0b, 0x0b, 0x0b, 0x0b, 0x09, 
	0x09, 0x09, 0x09, 0x07, 0x02, 0x1c, 0x01, 0x10, 
	0x07, 0x09, 0x09, 0x09, 0x0b, 0x0b, 0x09, 0x09, 
	0x0b, 0x18, 0x0b, 0x17, 0x09, 0x09, 0x07, 0x06, 
	0x06, 0x0b, 0x09, 0x09, 0x09, 0x0b, 0x0b, 0x09, 
	0x09, 0x09, 0x09, 0x0f, 0x06, 0x19, 0x1c, 0x21, 
	0x04, 0x09, 0x09, 0x07, 0x0b, 0x07, 0x09, 0x09, 
	0x09, 0x0b, 0x0b, 0x09, 0x09, 0x0f, 0x28, 0x2c, 
	0x03, 0x0b, 0x09, 0x09, 0x09, 0x07, 0x0b, 0x0b, 
	0x09, 0x09, 0x09, 0x0f, 0x06, 0x01, 0x1c, 0x11, 
	0x05, 0x0b, 0x09, 0x0b, 0x18, 0x09, 0x09, 0x09, 
	0x09, 0x09, 0x0b, 0x28, 0x0e, 0x0f, 0x09, 0x0c, 
	0x06, 0x18, 0x09, 0x09, 0x09, 0x09, 0x0b, 0x0b, 
	0x07, 0x14, 0x09, 0x0f, 0x04, 0x11, 0x1c, 0x2d, 
	0x02, 0x00, 0x04, 0x00, 0x18, 0x07, 0x09, 0x09, 
	0x09, 0x09, 0x09, 0x09, 0x09, 0x09, 0x09, 0x00, 
	0x20, 0x04, 0x07, 0x09, 0x09, 0x09, 0x0b, 0x18, 
	0x18, 0x28, 0x09, 0x09, 0x0b, 0x10, 0x1d, 0x2e, 
	0x2e, 0x10, 0x10, 0x05, 0x00, 0x18, 0x0b, 0x0b, 
	0x0b, 0x0f, 0x09, 0x0b, 0x09, 0x09, 0x09, 0x03, 
	0x05, 0x00, 0x0b, 0x09, 0x09, 0x09, 0x0b, 0x04, 
	0x00, 0x07, 0x0e, 0x09, 0x16, 0x00, 0x06, 0x28, 
	0x18, 0x06, 0x21, 0x02, 0x05, 0x06, 0x00, 0x00, 
	0x04, 0x18, 0x0b, 0x0b, 0x16, 0x09, 0x09, 0x06, 
	0x05, 0x00, 0x0b, 0x09, 0x09, 0x09, 0x0b, 0x04, 
	0x00, 0x0b, 0x09, 0x09, 0x0f, 0x04, 0x2f, 0x28, 
	0x0f, 0x2b, 0x2e, 0x11, 0x1d, 0x02, 0x05, 0x20, 
	0x20, 0x20, 0x00, 0x04, 0x0b, 0x16, 0x0b, 0x10, 
	0x1d, 0x00, 0x0b, 0x09, 0x09, 0x09, 0x0b, 0x18, 
	0x04, 0x07, 0x09, 0x09, 0x16, 0x30, 0x06, 0x04, 
	0x09, 0x14, 0x0c, 0x1d, 0x1d, 0x10, 0x06, 0x00, 
	0x00, 0x00, 0x04, 0x00, 0x03, 0x20, 0x12, 0x24, 
	0x01, 0x06, 0x0b, 0x09, 0x09, 0x09, 0x07, 0x0b, 
	0x18, 0x0b, 0x09, 0x09, 0x18, 0x12, 0x10, 0x06, 
	0x18, 0x09, 0x28, 0x1f, 0x21, 0x05, 0x00, 0x28, 
	0x08, 0x0f, 0x0b, 0x18, 0x04, 0x12, 0x1c, 0x01, 
	0x01, 0x05, 0x18, 0x09, 0x09, 0x09, 0x07, 0x18, 
	0x04, 0x18, 0x0b, 0x0b, 0x23, 0x24, 0x11, 0x10, 
	0x20, 0x18, 0x28, 0x2b, 0x02, 0x20, 0x18, 0x08, 
	0x1b, 0x09, 0x09, 0x0f, 0x0b, 0x18, 0x1d, 0x1c, 
	0x1c, 0x1d, 0x00, 0x0b, 0x09, 0x09, 0x0b, 0x00, 
	0x06, 0x00, 0x0b, 0x17, 0x18, 0x20, 0x10, 0x2e, 
	0x2e, 0x03, 0x0b, 0x29, 0x06, 0x20, 0x18, 0x08, 
	0x15, 0x0e, 0x09, 0x09, 0x09, 0x0f, 0x18, 0x1e, 
	0x1d, 0x24, 0x05, 0x04, 0x0b, 0x18, 0x00, 0x20, 
	0x05, 0x04, 0x09, 0x09, 0x07, 0x16, 0x08, 0x1a, 
	0x18, 0x00, 0x04, 0x28, 0x31, 0x05, 0x18, 0x32, 
	0x09, 0x09, 0x09, 0x09, 0x09, 0x09, 0x09, 0x18, 
	
};

Gfx welkit_castle_past_dl_t_0_rockyhillside_pal_rgba16_copy_aligner[] = {gsSPEndDisplayList()};
u8 welkit_castle_past_dl_t_0_rockyhillside_pal_rgba16_copy[] = {
	0xac, 0x1b, 0x7a, 0xd5, 0x93, 0x59, 0xab, 0xdb, 
	0xb4, 0x1b, 0x9b, 0x99, 0xa3, 0xdb, 0xbc, 0x9d, 
	0xcc, 0xdf, 0xc4, 0x9d, 0xd5, 0x63, 0xbc, 0x5b, 
	0xb4, 0x5d, 0xa4, 0x1b, 0xcc, 0xdd, 0xc4, 0x9b, 
	0x93, 0x99, 0x83, 0x17, 0x93, 0x57, 0xcc, 0x9d, 
	0xc4, 0xdd, 0xd5, 0x21, 0xbc, 0x9b, 0xbc, 0x5d, 
	0xb4, 0x5b, 0x72, 0xd5, 0xc4, 0x9f, 0xd5, 0x61, 
	0x72, 0x95, 0x8b, 0x57, 0x8b, 0x17, 0x9b, 0xdb, 
	0xa3, 0xd9, 0x8b, 0x59, 0x9b, 0xd9, 0xac, 0x19, 
	0x83, 0x15, 0xc5, 0x21, 0xcd, 0x21, 0xbc, 0xa1, 
	0xc4, 0xdf, 0xc4, 0xe1, 0xb4, 0x9f, 0xbc, 0x9f, 
	0xac, 0x5d, 0x7a, 0xd7, 0x9b, 0x9b, 0xb4, 0x5f, 
	0xab, 0xd9, 0xac, 0x1d, 0xcd, 0x1f, 
};

Vtx welkit_castle_past_dl_Cube_mesh_layer_1_vtx_cull[8] = {
	{{{-2914, -198, 6137}, 0, {0, 0}, {0x00, 0x00, 0x00, 0x00}}},
	{{{-2914, 4342, 6137}, 0, {0, 0}, {0x00, 0x00, 0x00, 0x00}}},
	{{{-2914, 4342, -1703}, 0, {0, 0}, {0x00, 0x00, 0x00, 0x00}}},
	{{{-2914, -198, -1703}, 0, {0, 0}, {0x00, 0x00, 0x00, 0x00}}},
	{{{2914, -198, 6137}, 0, {0, 0}, {0x00, 0x00, 0x00, 0x00}}},
	{{{2914, 4342, 6137}, 0, {0, 0}, {0x00, 0x00, 0x00, 0x00}}},
	{{{2914, 4342, -1703}, 0, {0, 0}, {0x00, 0x00, 0x00, 0x00}}},
	{{{2914, -198, -1703}, 0, {0, 0}, {0x00, 0x00, 0x00, 0x00}}},
};

Vtx welkit_castle_past_dl_Cube_mesh_layer_1_vtx_0[60] = {
	{{{-2481, 1203, 2031}, 0, {454, -311}, {0x00, 0x81, 0x00, 0xFF}}},
	{{{-868, 1203, 2031}, 0, {-567, -311}, {0x00, 0x81, 0x00, 0xFF}}},
	{{{-868, 1203, 5080}, 0, {-567, 1619}, {0x00, 0x81, 0x00, 0xFF}}},
	{{{-2481, 1203, 5080}, 0, {454, 1619}, {0x00, 0x81, 0x00, 0xFF}}},
	{{{-926, 1306, 4996}, 0, {417, 3496}, {0xFF, 0x7F, 0x00, 0xFF}}},
	{{{-2481, 1306, 5080}, 0, {-567, 3548}, {0x00, 0x7F, 0x00, 0xFF}}},
	{{{-926, 1306, 5080}, 0, {417, 3549}, {0x00, 0x7F, 0x00, 0xFF}}},
	{{{-2481, 1306, 4996}, 0, {-567, 3496}, {0x00, 0x7F, 0x00, 0xFF}}},
	{{{-926, 1306, 4717}, 0, {417, 3319}, {0xFF, 0x7F, 0x00, 0xFF}}},
	{{{-868, 1308, 4717}, 0, {454, 3319}, {0xFC, 0x7F, 0x00, 0xFF}}},
	{{{-868, 1308, 4996}, 0, {454, 3496}, {0xFC, 0x7F, 0x00, 0xFF}}},
	{{{-2481, 1306, 4717}, 0, {-567, 3319}, {0x00, 0x7F, 0x00, 0xFF}}},
	{{{-926, 1306, 4297}, 0, {417, 3053}, {0x00, 0x7F, 0x00, 0xFF}}},
	{{{-2481, 1306, 4297}, 0, {-567, 3053}, {0x00, 0x7F, 0x00, 0xFF}}},
	{{{-926, 1306, 2814}, 0, {417, 2114}, {0x00, 0x7F, 0x00, 0xFF}}},
	{{{-868, 1306, 2814}, 0, {454, 2114}, {0x00, 0x7F, 0x00, 0xFF}}},
	{{{-868, 1306, 4297}, 0, {454, 3053}, {0x00, 0x7F, 0x00, 0xFF}}},
	{{{-2481, 1306, 2814}, 0, {-567, 2114}, {0x00, 0x7F, 0x00, 0xFF}}},
	{{{-929, 1308, 2394}, 0, {415, 1849}, {0xFF, 0x7F, 0x00, 0xFF}}},
	{{{-2481, 1306, 2394}, 0, {-567, 1848}, {0x00, 0x7F, 0x00, 0xFF}}},
	{{{-926, 1306, 2114}, 0, {417, 1671}, {0xFF, 0x7F, 0x00, 0xFF}}},
	{{{-868, 1308, 2115}, 0, {454, 1672}, {0xFE, 0x7F, 0xFF, 0xFF}}},
	{{{-868, 1308, 2394}, 0, {454, 1849}, {0xFE, 0x7F, 0xFF, 0xFF}}},
	{{{-2481, 1306, 2114}, 0, {-567, 1671}, {0x00, 0x7F, 0x00, 0xFF}}},
	{{{-928, 1307, 2043}, 0, {416, 1626}, {0x00, 0x7F, 0x01, 0xFF}}},
	{{{-2481, 1306, 2031}, 0, {-567, 1619}, {0x00, 0x7F, 0x01, 0xFF}}},
	{{{-1756, 2604, 880}, 0, {1328, -1030}, {0x7F, 0x00, 0x00, 0xFF}}},
	{{{-1756, 2190, 880}, 0, {565, -1030}, {0x7F, 0x00, 0x00, 0xFF}}},
	{{{-1756, 2191, 600}, 0, {565, 1259}, {0x7F, 0x00, 0x00, 0xFF}}},
	{{{-1756, 2604, 600}, 0, {1328, 496}, {0x7F, 0x00, 0x00, 0xFF}}},
	{{{2481, 1203, 2031}, 0, {454, -311}, {0x00, 0x81, 0x00, 0xFF}}},
	{{{2481, 1203, 5080}, 0, {454, 1619}, {0x00, 0x81, 0x00, 0xFF}}},
	{{{868, 1203, 5080}, 0, {-567, 1619}, {0x00, 0x81, 0x00, 0xFF}}},
	{{{868, 1203, 2031}, 0, {-567, -311}, {0x00, 0x81, 0x00, 0xFF}}},
	{{{926, 1306, 4996}, 0, {417, 3496}, {0x01, 0x7F, 0x00, 0xFF}}},
	{{{926, 1306, 5080}, 0, {417, 3549}, {0x00, 0x7F, 0x00, 0xFF}}},
	{{{2481, 1306, 5080}, 0, {-567, 3548}, {0x00, 0x7F, 0x00, 0xFF}}},
	{{{2481, 1306, 4996}, 0, {-567, 3496}, {0x00, 0x7F, 0x00, 0xFF}}},
	{{{926, 1306, 4717}, 0, {417, 3319}, {0x01, 0x7F, 0x00, 0xFF}}},
	{{{2481, 1306, 4717}, 0, {-567, 3319}, {0x00, 0x7F, 0x00, 0xFF}}},
	{{{926, 1306, 4297}, 0, {417, 3053}, {0x00, 0x7F, 0x00, 0xFF}}},
	{{{2481, 1306, 4297}, 0, {-567, 3053}, {0x00, 0x7F, 0x00, 0xFF}}},
	{{{926, 1306, 2814}, 0, {417, 2114}, {0x00, 0x7F, 0x00, 0xFF}}},
	{{{2481, 1306, 2814}, 0, {-567, 2114}, {0x00, 0x7F, 0x00, 0xFF}}},
	{{{929, 1308, 2394}, 0, {415, 1849}, {0x01, 0x7F, 0x00, 0xFF}}},
	{{{2481, 1306, 2394}, 0, {-567, 1848}, {0x00, 0x7F, 0x00, 0xFF}}},
	{{{926, 1306, 2114}, 0, {417, 1671}, {0x01, 0x7F, 0x00, 0xFF}}},
	{{{2481, 1306, 2114}, 0, {-567, 1671}, {0x00, 0x7F, 0x00, 0xFF}}},
	{{{928, 1307, 2043}, 0, {416, 1626}, {0x00, 0x7F, 0x01, 0xFF}}},
	{{{2481, 1306, 2031}, 0, {-567, 1619}, {0x00, 0x7F, 0x01, 0xFF}}},
	{{{868, 1308, 2115}, 0, {454, 1672}, {0x02, 0x7F, 0xFF, 0xFF}}},
	{{{868, 1308, 2394}, 0, {454, 1849}, {0x02, 0x7F, 0xFF, 0xFF}}},
	{{{1756, 2604, 880}, 0, {1328, -1030}, {0x81, 0x00, 0x00, 0xFF}}},
	{{{1756, 2604, 600}, 0, {1328, 496}, {0x81, 0x00, 0x00, 0xFF}}},
	{{{1756, 2191, 600}, 0, {565, 1259}, {0x81, 0x00, 0x00, 0xFF}}},
	{{{1756, 2190, 880}, 0, {565, -1030}, {0x81, 0x00, 0x00, 0xFF}}},
	{{{868, 1306, 2814}, 0, {454, 2114}, {0x00, 0x7F, 0x00, 0xFF}}},
	{{{868, 1306, 4297}, 0, {454, 3053}, {0x00, 0x7F, 0x00, 0xFF}}},
	{{{868, 1308, 4717}, 0, {454, 3319}, {0x04, 0x7F, 0x00, 0xFF}}},
	{{{868, 1308, 4996}, 0, {454, 3496}, {0x04, 0x7F, 0x00, 0xFF}}},
};

Gfx welkit_castle_past_dl_Cube_mesh_layer_1_tri_0[] = {
	gsSPVertex(welkit_castle_past_dl_Cube_mesh_layer_1_vtx_0 + 0, 30, 0),
	gsSP2Triangles(0, 1, 2, 0, 0, 2, 3, 0),
	gsSP2Triangles(4, 5, 6, 0, 4, 7, 5, 0),
	gsSP2Triangles(8, 7, 4, 0, 9, 8, 4, 0),
	gsSP2Triangles(9, 4, 10, 0, 8, 11, 7, 0),
	gsSP2Triangles(12, 11, 8, 0, 12, 13, 11, 0),
	gsSP2Triangles(14, 13, 12, 0, 15, 14, 12, 0),
	gsSP2Triangles(15, 12, 16, 0, 14, 17, 13, 0),
	gsSP2Triangles(18, 17, 14, 0, 18, 19, 17, 0),
	gsSP2Triangles(20, 19, 18, 0, 21, 20, 18, 0),
	gsSP2Triangles(21, 18, 22, 0, 20, 23, 19, 0),
	gsSP2Triangles(24, 23, 20, 0, 24, 25, 23, 0),
	gsSP2Triangles(26, 27, 28, 0, 26, 28, 29, 0),
	gsSPVertex(welkit_castle_past_dl_Cube_mesh_layer_1_vtx_0 + 30, 30, 0),
	gsSP2Triangles(0, 1, 2, 0, 0, 2, 3, 0),
	gsSP2Triangles(4, 5, 6, 0, 4, 6, 7, 0),
	gsSP2Triangles(8, 4, 7, 0, 8, 7, 9, 0),
	gsSP2Triangles(10, 8, 9, 0, 10, 9, 11, 0),
	gsSP2Triangles(12, 10, 11, 0, 12, 11, 13, 0),
	gsSP2Triangles(14, 12, 13, 0, 14, 13, 15, 0),
	gsSP2Triangles(16, 14, 15, 0, 16, 15, 17, 0),
	gsSP2Triangles(18, 16, 17, 0, 18, 17, 19, 0),
	gsSP2Triangles(20, 14, 16, 0, 20, 21, 14, 0),
	gsSP2Triangles(22, 23, 24, 0, 22, 24, 25, 0),
	gsSP2Triangles(26, 27, 10, 0, 26, 10, 12, 0),
	gsSP2Triangles(28, 29, 4, 0, 28, 4, 8, 0),
	gsSPEndDisplayList(),
};

Vtx welkit_castle_past_dl_Cube_mesh_layer_1_vtx_1[675] = {
	{{{-868, 480, 2054}, 0, {-1725, 496}, {0x00, 0x81, 0x00, 0xFF}}},
	{{{-822, 480, 2054}, 0, {-199, 496}, {0x00, 0x81, 0x00, 0xFF}}},
	{{{-822, 480, 5057}, 0, {-199, -1030}, {0x00, 0x81, 0x00, 0xFF}}},
	{{{-868, 480, 5057}, 0, {-1725, -1030}, {0x00, 0x81, 0x00, 0xFF}}},
	{{{-822, 520, 5057}, 0, {565, -1030}, {0x00, 0x7F, 0x00, 0xFF}}},
	{{{-822, 520, 2054}, 0, {565, 496}, {0x00, 0x7F, 0x00, 0xFF}}},
	{{{-868, 520, 2054}, 0, {565, 2022}, {0x00, 0x7F, 0x00, 0xFF}}},
	{{{-868, 520, 5057}, 0, {565, 3549}, {0x00, 0x7F, 0x00, 0xFF}}},
	{{{-822, 480, 5057}, 0, {-199, -1030}, {0x00, 0x00, 0x7F, 0xFF}}},
	{{{-822, 520, 5057}, 0, {565, -1030}, {0x00, 0x00, 0x7F, 0xFF}}},
	{{{-868, 520, 5057}, 0, {565, -2557}, {0x00, 0x00, 0x7F, 0xFF}}},
	{{{-868, 480, 5057}, 0, {-199, -2557}, {0x00, 0x00, 0x7F, 0xFF}}},
	{{{-822, 480, 2054}, 0, {-199, 496}, {0x7F, 0x00, 0x00, 0xFF}}},
	{{{-822, 520, 2054}, 0, {565, 496}, {0x7F, 0x00, 0x00, 0xFF}}},
	{{{-822, 520, 5057}, 0, {565, -1030}, {0x7F, 0x00, 0x00, 0xFF}}},
	{{{-822, 480, 5057}, 0, {-199, -1030}, {0x7F, 0x00, 0x00, 0xFF}}},
	{{{-868, 480, 2054}, 0, {-199, 2022}, {0x00, 0x00, 0x81, 0xFF}}},
	{{{-868, 520, 2054}, 0, {565, 2022}, {0x00, 0x00, 0x81, 0xFF}}},
	{{{-822, 520, 2054}, 0, {565, 496}, {0x00, 0x00, 0x81, 0xFF}}},
	{{{-822, 480, 2054}, 0, {-199, 496}, {0x00, 0x00, 0x81, 0xFF}}},
	{{{-868, 480, 5057}, 0, {-199, 3549}, {0x81, 0x00, 0x00, 0xFF}}},
	{{{-868, 520, 5057}, 0, {565, 3549}, {0x81, 0x00, 0x00, 0xFF}}},
	{{{-868, 520, 2054}, 0, {565, 2022}, {0x81, 0x00, 0x00, 0xFF}}},
	{{{-868, 480, 2054}, 0, {-199, 2022}, {0x81, 0x00, 0x00, 0xFF}}},
	{{{-868, 480, 5057}, 0, {-199, 2022}, {0x00, 0x00, 0x81, 0xFF}}},
	{{{-868, 1201, 5057}, 0, {1328, 2022}, {0x00, 0x00, 0x81, 0xFF}}},
	{{{-809, 1201, 5057}, 0, {1328, 496}, {0x00, 0x00, 0x81, 0xFF}}},
	{{{-809, 480, 5057}, 0, {-199, 496}, {0x00, 0x00, 0x81, 0xFF}}},
	{{{-809, 480, 5057}, 0, {-199, 496}, {0x7E, 0x00, 0x0F, 0xFF}}},
	{{{-809, 1201, 5057}, 0, {1328, 496}, {0x7E, 0x00, 0x0F, 0xFF}}},
	{{{-836, 1201, 5290}, 0, {1328, -1030}, {0x7E, 0x00, 0x0F, 0xFF}}},
	{{{-836, 480, 5290}, 0, {-199, -1030}, {0x7E, 0x00, 0x0F, 0xFF}}},
	{{{-836, 480, 5290}, 0, {-199, -1030}, {0x00, 0x00, 0x7F, 0xFF}}},
	{{{-836, 1201, 5290}, 0, {1328, -1030}, {0x00, 0x00, 0x7F, 0xFF}}},
	{{{-868, 1201, 5290}, 0, {1328, -2557}, {0x00, 0x00, 0x7F, 0xFF}}},
	{{{-868, 480, 5290}, 0, {-199, -2557}, {0x00, 0x00, 0x7F, 0xFF}}},
	{{{-868, 377, 1821}, 0, {-199, 2022}, {0x00, 0x00, 0x81, 0xFF}}},
	{{{-836, 1201, 1821}, 0, {1327, 496}, {0x00, 0x00, 0x81, 0xFF}}},
	{{{-836, 377, 1821}, 0, {-199, 496}, {0x00, 0x00, 0x81, 0xFF}}},
	{{{-868, 1201, 1821}, 0, {1328, 2022}, {0x00, 0x00, 0x81, 0xFF}}},
	{{{-836, 1201, 1821}, 0, {1328, 496}, {0x00, 0x00, 0x81, 0xFF}}},
	{{{-809, 480, 2054}, 0, {-199, -1030}, {0x7E, 0x00, 0xF1, 0xFF}}},
	{{{-836, 377, 1821}, 0, {-199, 496}, {0x7E, 0x00, 0xF1, 0xFF}}},
	{{{-836, 1201, 1821}, 0, {1327, 496}, {0x7E, 0x00, 0xF1, 0xFF}}},
	{{{-809, 1201, 2054}, 0, {1328, -1030}, {0x7E, 0x00, 0xF1, 0xFF}}},
	{{{-836, 1201, 1821}, 0, {1328, 496}, {0x7E, 0x00, 0xF1, 0xFF}}},
	{{{-809, 480, 2054}, 0, {-199, -1030}, {0x00, 0x00, 0x7F, 0xFF}}},
	{{{-809, 1201, 2054}, 0, {1328, -1030}, {0x00, 0x00, 0x7F, 0xFF}}},
	{{{-868, 1201, 2054}, 0, {1328, -2557}, {0x00, 0x00, 0x7F, 0xFF}}},
	{{{-868, 480, 2054}, 0, {-199, -2557}, {0x00, 0x00, 0x7F, 0xFF}}},
	{{{-885, 1306, 2814}, 0, {2665, 2570}, {0x81, 0xFC, 0x01, 0xFF}}},
	{{{-894, 1722, 3220}, 0, {2403, 2345}, {0x81, 0xFD, 0x00, 0xFF}}},
	{{{-899, 1722, 2814}, 0, {2403, 2584}, {0x81, 0xFC, 0x01, 0xFF}}},
	{{{-885, 1306, 4297}, 0, {2665, 1701}, {0x81, 0xFD, 0x00, 0xFF}}},
	{{{-896, 1722, 3891}, 0, {2403, 1952}, {0x81, 0xFE, 0x00, 0xFF}}},
	{{{-895, 1722, 4297}, 0, {2403, 1714}, {0x81, 0xFD, 0x00, 0xFF}}},
	{{{-890, 1936, 3727}, 0, {2268, 2052}, {0x81, 0x00, 0x01, 0xFF}}},
	{{{-901, 1936, 3383}, 0, {2269, 2256}, {0x81, 0x00, 0x01, 0xFF}}},
	{{{-833, 1308, 4307}, 0, {-946, -618}, {0x7F, 0x00, 0x00, 0xFF}}},
	{{{-833, 1722, 3891}, 0, {-1205, -867}, {0x7F, 0x00, 0x00, 0xFF}}},
	{{{-833, 1722, 4297}, 0, {-1205, -615}, {0x7F, 0x00, 0x00, 0xFF}}},
	{{{-833, 1308, 2814}, 0, {-946, -1543}, {0x7F, 0x00, 0x00, 0xFF}}},
	{{{-833, 1722, 3220}, 0, {-1205, -1283}, {0x7F, 0x00, 0x00, 0xFF}}},
	{{{-833, 1722, 2814}, 0, {-1205, -1534}, {0x7F, 0x00, 0x00, 0xFF}}},
	{{{-833, 1722, 3891}, 0, {-1205, -867}, {0x7F, 0x00, 0x00, 0xFF}}},
	{{{-833, 1722, 3220}, 0, {-1205, -1283}, {0x7F, 0x00, 0x00, 0xFF}}},
	{{{-833, 1936, 3383}, 0, {-1339, -1177}, {0x7F, 0x00, 0x00, 0xFF}}},
	{{{-833, 1936, 3727}, 0, {-1339, -964}, {0x7F, 0x00, 0x00, 0xFF}}},
	{{{-586, 698, 171}, 0, {1522, -1460}, {0x69, 0x00, 0xB8, 0xFF}}},
	{{{-622, 698, 139}, 0, {1498, -1457}, {0x54, 0x00, 0xA1, 0xFF}}},
	{{{-622, 1142, 139}, 0, {1498, -1179}, {0x54, 0x00, 0xA1, 0xFF}}},
	{{{-586, 1216, 171}, 0, {1522, -1136}, {0x78, 0xDF, 0xE6, 0xFF}}},
	{{{-536, 698, 304}, 0, {1611, -1462}, {0x7E, 0x00, 0xF1, 0xFF}}},
	{{{-563, 1264, 228}, 0, {1561, -1107}, {0x78, 0xDE, 0xE9, 0xFF}}},
	{{{-536, 1912, 304}, 0, {1611, -703}, {0x7E, 0x00, 0xF1, 0xFF}}},
	{{{-562, 1912, 234}, 0, {1565, -701}, {0x77, 0x00, 0xD3, 0xFF}}},
	{{{-553, 1912, 446}, 0, {1697, -698}, {0x77, 0x00, 0x2D, 0xFF}}},
	{{{-553, 698, 446}, 0, {1697, -1457}, {0x77, 0x00, 0x2D, 0xFF}}},
	{{{-553, 698, 446}, 0, {2293, -414}, {0x77, 0x00, 0x2D, 0xFF}}},
	{{{-553, 1912, 446}, 0, {2293, 352}, {0x77, 0x00, 0x2D, 0xFF}}},
	{{{-634, 1912, 563}, 0, {2369, 349}, {0x54, 0x00, 0x5F, 0xFF}}},
	{{{-634, 698, 563}, 0, {2369, -418}, {0x54, 0x00, 0x5F, 0xFF}}},
	{{{-760, 1912, 629}, 0, {2459, 348}, {0x1E, 0x00, 0x7B, 0xFF}}},
	{{{-760, 698, 629}, 0, {2459, -419}, {0x1E, 0x00, 0x7B, 0xFF}}},
	{{{-903, 1912, 629}, 0, {2542, 351}, {0xE2, 0x00, 0x7B, 0xFF}}},
	{{{-903, 698, 629}, 0, {2542, -416}, {0xE2, 0x00, 0x7B, 0xFF}}},
	{{{-903, 698, 629}, 0, {2314, 854}, {0xE2, 0x00, 0x7B, 0xFF}}},
	{{{-903, 1912, 629}, 0, {2299, 1619}, {0xE2, 0x00, 0x7B, 0xFF}}},
	{{{-1029, 1912, 563}, 0, {2368, 1614}, {0xAB, 0xFF, 0x5E, 0xFF}}},
	{{{-1029, 698, 563}, 0, {2383, 850}, {0xA9, 0x00, 0x5D, 0xFF}}},
	{{{-1046, 1461, 528}, 0, {2398, 1331}, {0x94, 0x00, 0x42, 0xFF}}},
	{{{-1110, 1912, 446}, 0, {2456, 1614}, {0x89, 0xFE, 0x2C, 0xFF}}},
	{{{-1078, 1461, 477}, 0, {2436, 1331}, {0x91, 0xFD, 0x3E, 0xFF}}},
	{{{-1110, 1564, 389}, 0, {2494, 1397}, {0x85, 0xFB, 0x21, 0xFF}}},
	{{{-1127, 1912, 293}, 0, {2549, 1619}, {0x82, 0xFE, 0x0E, 0xFF}}},
	{{{-1074, 1309, 490}, 0, {2429, 1235}, {0x93, 0x00, 0x40, 0xFF}}},
	{{{-1029, 698, 563}, 0, {2383, 850}, {0xA9, 0x00, 0x5D, 0xFF}}},
	{{{-1074, 1309, 490}, 0, {2429, 1235}, {0x93, 0x00, 0x40, 0xFF}}},
	{{{-1110, 1309, 430}, 0, {2473, 1235}, {0x94, 0x00, 0x42, 0xFF}}},
	{{{-1110, 698, 430}, 0, {2480, 850}, {0x94, 0x00, 0x42, 0xFF}}},
	{{{-553, 1912, 446}, 0, {3312, -2041}, {0x66, 0xBF, 0x27, 0xFF}}},
	{{{-449, 2058, 293}, 0, {3388, -1959}, {0x6D, 0xC0, 0xF4, 0xFF}}},
	{{{-471, 2058, 476}, 0, {3397, -2069}, {0x66, 0xBF, 0x27, 0xFF}}},
	{{{-536, 1912, 304}, 0, {3305, -1956}, {0x6D, 0xC0, 0xF4, 0xFF}}},
	{{{-562, 1912, 234}, 0, {3305, -1909}, {0x68, 0xC2, 0xDB, 0xFF}}},
	{{{-514, 2058, 121}, 0, {3388, -1843}, {0x5E, 0xC4, 0xC3, 0xFF}}},
	{{{-586, 1912, 149}, 0, {3305, -1853}, {0x4E, 0xB9, 0xB9, 0xFF}}},
	{{{-652, 2058, -1}, 0, {3397, -1749}, {0x28, 0xB4, 0xA3, 0xFF}}},
	{{{-1127, 1912, 293}, 0, {3305, -1454}, {0x9C, 0xB6, 0xE6, 0xFF}}},
	{{{-1214, 2058, 293}, 0, {3218, -1434}, {0x93, 0xC0, 0xF4, 0xFF}}},
	{{{-1148, 2058, 121}, 0, {3210, -1348}, {0xB2, 0xB0, 0xC3, 0xFF}}},
	{{{-1191, 2058, 476}, 0, {3220, -1546}, {0x9A, 0xBF, 0x26, 0xFF}}},
	{{{-1110, 1912, 446}, 0, {3307, -1548}, {0x9A, 0xBF, 0x26, 0xFF}}},
	{{{-1087, 2058, 628}, 0, {3218, -1660}, {0xB8, 0xBF, 0x52, 0xFF}}},
	{{{-1029, 1912, 563}, 0, {3305, -1636}, {0xB8, 0xBF, 0x52, 0xFF}}},
	{{{-924, 2058, 714}, 0, {3210, -1749}, {0xE6, 0xBF, 0x6A, 0xFF}}},
	{{{-903, 1912, 629}, 0, {3299, -1705}, {0xE6, 0xBF, 0x6A, 0xFF}}},
	{{{-586, 1912, 149}, 0, {-610, 73}, {0x4E, 0xB9, 0xB9, 0xFF}}},
	{{{-831, 2058, -45}, 0, {-698, -67}, {0x05, 0xB1, 0x9C, 0xFF}}},
	{{{-652, 2058, -1}, 0, {-699, 42}, {0x28, 0xB4, 0xA3, 0xFF}}},
	{{{-901, 1912, 65}, 0, {-608, -119}, {0xE8, 0xAC, 0xA4, 0xFF}}},
	{{{-1010, 2058, -1}, 0, {-699, -183}, {0xCC, 0xB0, 0xAC, 0xFF}}},
	{{{-634, 1912, 563}, 0, {3223, 1502}, {0x48, 0xBF, 0x52, 0xFF}}},
	{{{-553, 1912, 446}, 0, {3226, 1578}, {0x66, 0xBF, 0x27, 0xFF}}},
	{{{-471, 2058, 476}, 0, {3316, 1619}, {0x66, 0xBF, 0x27, 0xFF}}},
	{{{-576, 2058, 628}, 0, {3312, 1520}, {0x48, 0xBF, 0x52, 0xFF}}},
	{{{-760, 1912, 629}, 0, {3223, 1412}, {0x1A, 0xBF, 0x6A, 0xFF}}},
	{{{-739, 2058, 714}, 0, {3312, 1404}, {0x1A, 0xBF, 0x6A, 0xFF}}},
	{{{-903, 1912, 629}, 0, {3226, 1329}, {0xE6, 0xBF, 0x6A, 0xFF}}},
	{{{-760, 1912, 629}, 0, {3223, 1412}, {0x1A, 0xBF, 0x6A, 0xFF}}},
	{{{-739, 2058, 714}, 0, {3312, 1404}, {0x1A, 0xBF, 0x6A, 0xFF}}},
	{{{-924, 2058, 714}, 0, {3316, 1297}, {0xE6, 0xBF, 0x6A, 0xFF}}},
	{{{-901, 1912, 65}, 0, {-1426, -1191}, {0xE8, 0xAC, 0xA4, 0xFF}}},
	{{{-1127, 1912, 293}, 0, {-1426, -987}, {0x9C, 0xB6, 0xE6, 0xFF}}},
	{{{-1148, 2058, 121}, 0, {-1340, -1055}, {0xB2, 0xB0, 0xC3, 0xFF}}},
	{{{-1010, 2058, -1}, 0, {-1348, -1172}, {0xCC, 0xB0, 0xAC, 0xFF}}},
	{{{-1029, 698, 563}, 0, {2318, -2014}, {0x00, 0x7F, 0x00, 0xFF}}},
	{{{-1110, 698, 430}, 0, {2219, -2017}, {0x00, 0x7F, 0x00, 0xFF}}},
	{{{-1160, 698, 430}, 0, {2202, -1990}, {0x00, 0x7F, 0x00, 0xFF}}},
	{{{-1059, 698, 597}, 0, {2325, -1986}, {0x00, 0x7F, 0x00, 0xFF}}},
	{{{-903, 698, 629}, 0, {2396, -2058}, {0x00, 0x7F, 0x00, 0xFF}}},
	{{{-914, 698, 674}, 0, {2416, -2037}, {0x00, 0x7F, 0x00, 0xFF}}},
	{{{-760, 698, 629}, 0, {2446, -2134}, {0x00, 0x7F, 0x00, 0xFF}}},
	{{{-749, 698, 674}, 0, {2473, -2124}, {0x00, 0x7F, 0x00, 0xFF}}},
	{{{-634, 698, 563}, 0, {2454, -2224}, {0x00, 0x7F, 0x00, 0xFF}}},
	{{{-603, 698, 597}, 0, {2483, -2228}, {0x00, 0x7F, 0x00, 0xFF}}},
	{{{-553, 698, 446}, 0, {2420, -2307}, {0x00, 0x7F, 0x00, 0xFF}}},
	{{{-510, 698, 462}, 0, {2443, -2324}, {0x00, 0x7F, 0x00, 0xFF}}},
	{{{-536, 698, 304}, 0, {2351, -2365}, {0x00, 0x7F, 0x00, 0xFF}}},
	{{{-490, 698, 298}, 0, {2364, -2391}, {0x00, 0x7F, 0x00, 0xFF}}},
	{{{-586, 698, 171}, 0, {2263, -2384}, {0x00, 0x7F, 0x00, 0xFF}}},
	{{{-549, 698, 145}, 0, {2262, -2413}, {0x00, 0x7F, 0x00, 0xFF}}},
	{{{-622, 698, 139}, 0, {2233, -2376}, {0x00, 0x7F, 0x00, 0xFF}}},
	{{{-622, 698, 80}, 0, {2202, -2397}, {0x00, 0x7F, 0x00, 0xFF}}},
	{{{-1099, 229, 642}, 0, {3083, -524}, {0xB4, 0x10, 0x64, 0xFF}}},
	{{{-1160, 698, 430}, 0, {3191, -214}, {0x93, 0x0F, 0x3F, 0xFF}}},
	{{{-1199, 383, 430}, 0, {3221, -413}, {0x93, 0x0F, 0x3F, 0xFF}}},
	{{{-1059, 698, 597}, 0, {3069, -225}, {0xA9, 0x10, 0x5B, 0xFF}}},
	{{{-932, 91, 750}, 0, {2989, -614}, {0xEE, 0x10, 0x7D, 0xFF}}},
	{{{-914, 698, 674}, 0, {2989, -227}, {0xE2, 0x10, 0x7A, 0xFF}}},
	{{{-726, -55, 768}, 0, {289, -2401}, {0x26, 0x10, 0x78, 0xFF}}},
	{{{-914, 698, 674}, 0, {372, -1917}, {0xE2, 0x10, 0x7A, 0xFF}}},
	{{{-932, 91, 750}, 0, {404, -2303}, {0xEE, 0x10, 0x7D, 0xFF}}},
	{{{-749, 698, 674}, 0, {276, -1921}, {0x1E, 0x10, 0x7A, 0xFF}}},
	{{{-539, -55, 670}, 0, {156, -2401}, {0x52, 0x10, 0x60, 0xFF}}},
	{{{-603, 698, 597}, 0, {173, -1921}, {0x54, 0x10, 0x5E, 0xFF}}},
	{{{-424, -15, 494}, 0, {45, -2370}, {0x75, 0x10, 0x2F, 0xFF}}},
	{{{-510, 698, 462}, 0, {85, -1917}, {0x76, 0x10, 0x2D, 0xFF}}},
	{{{-399, 2, 287}, 0, {2386, -1974}, {0x7D, 0x10, 0xF3, 0xFF}}},
	{{{-510, 698, 462}, 0, {2511, -1532}, {0x76, 0x10, 0x2D, 0xFF}}},
	{{{-424, -15, 494}, 0, {2511, -1986}, {0x75, 0x10, 0x2F, 0xFF}}},
	{{{-490, 698, 298}, 0, {2412, -1530}, {0x7D, 0x11, 0xF1, 0xFF}}},
	{{{-457, 294, 222}, 0, {2351, -1784}, {0x7A, 0x0E, 0xE1, 0xFF}}},
	{{{-421, -16, 225}, 0, {2344, -1981}, {0x7D, 0x0B, 0xEF, 0xFF}}},
	{{{-504, 298, 114}, 0, {2279, -1774}, {0x67, 0x11, 0xB7, 0xFF}}},
	{{{-549, 698, 145}, 0, {2310, -1520}, {0x67, 0x11, 0xB7, 0xFF}}},
	{{{-622, 698, 80}, 0, {2260, -1511}, {0x53, 0x10, 0xA1, 0xFF}}},
	{{{-619, 292, 14}, 0, {2202, -1763}, {0x53, 0x10, 0xA1, 0xFF}}},
	{{{-1002, 202, 1420}, 0, {-199, 2827}, {0x83, 0x00, 0xEC, 0xFF}}},
	{{{-912, 202, 1044}, 0, {1328, 2022}, {0x85, 0x00, 0xE2, 0xFF}}},
	{{{-912, 2, 1044}, 0, {-199, 2022}, {0x85, 0x00, 0xE2, 0xFF}}},
	{{{-1002, 402, 1420}, 0, {1328, 2827}, {0x82, 0x00, 0xF4, 0xFF}}},
	{{{-1011, 346, 1821}, 0, {-199, 3549}, {0x81, 0x00, 0xFD, 0xFF}}},
	{{{-1011, 582, 1821}, 0, {1328, 3549}, {0x81, 0x00, 0xFD, 0xFF}}},
	{{{-912, 2, 1044}, 0, {-199, 2022}, {0x00, 0x00, 0x81, 0xFF}}},
	{{{-912, 202, 1044}, 0, {1328, 2022}, {0x00, 0x00, 0x81, 0xFF}}},
	{{{-789, 202, 1044}, 0, {1328, 496}, {0x00, 0x00, 0x81, 0xFF}}},
	{{{-789, 2, 1044}, 0, {-199, 496}, {0x00, 0x00, 0x81, 0xFF}}},
	{{{-880, 202, 1450}, 0, {-199, -309}, {0x7E, 0x00, 0x10, 0xFF}}},
	{{{-868, 598, 1821}, 0, {1328, -1030}, {0x7F, 0x00, 0xFC, 0xFF}}},
	{{{-868, 377, 1821}, 0, {-199, -1030}, {0x7F, 0x00, 0xFC, 0xFF}}},
	{{{-880, 402, 1450}, 0, {1328, -309}, {0x7F, 0x00, 0x07, 0xFF}}},
	{{{-789, 2, 1044}, 0, {-199, 496}, {0x7C, 0x00, 0x1C, 0xFF}}},
	{{{-880, 402, 1450}, 0, {1328, -309}, {0x7F, 0x00, 0x07, 0xFF}}},
	{{{-880, 202, 1450}, 0, {-199, -309}, {0x7E, 0x00, 0x10, 0xFF}}},
	{{{-789, 202, 1044}, 0, {1328, 496}, {0x7C, 0x00, 0x1C, 0xFF}}},
	{{{-880, 402, 1450}, 0, {1328, -309}, {0x03, 0x72, 0xC8, 0xFF}}},
	{{{-1011, 582, 1821}, 0, {2854, -1030}, {0xFF, 0x72, 0xC8, 0xFF}}},
	{{{-868, 598, 1821}, 0, {1328, -1030}, {0xFF, 0x72, 0xC8, 0xFF}}},
	{{{-1002, 402, 1420}, 0, {2854, -309}, {0x03, 0x72, 0xC8, 0xFF}}},
	{{{-789, 202, 1044}, 0, {1328, 496}, {0x07, 0x72, 0xC7, 0xFF}}},
	{{{-912, 202, 1044}, 0, {2854, 496}, {0x07, 0x72, 0xC7, 0xFF}}},
	{{{-1746, 965, 1283}, 0, {-199, -921}, {0x7F, 0x00, 0x00, 0xFF}}},
	{{{-1745, 2109, 1329}, 0, {1328, -1030}, {0x7F, 0x00, 0x00, 0xFF}}},
	{{{-1744, 965, 1329}, 0, {-199, -1030}, {0x7F, 0x00, 0x00, 0xFF}}},
	{{{-1746, 1309, 490}, 0, {1328, -921}, {0x7F, 0x00, 0x00, 0xFF}}},
	{{{-1746, 619, 1225}, 0, {-199, -812}, {0x7F, 0x00, 0x00, 0xFF}}},
	{{{-1747, 1309, 430}, 0, {1328, -812}, {0x7F, 0x00, 0x00, 0xFF}}},
	{{{-1747, 329, 411}, 0, {-199, 496}, {0x7F, 0x00, 0x00, 0xFF}}},
	{{{-1747, 806, 397}, 0, {1328, 496}, {0x7F, 0x00, 0x00, 0xFF}}},
	{{{-1746, 1461, 528}, 0, {1328, -921}, {0x7F, 0x00, 0x00, 0xFF}}},
	{{{-1745, 2109, 980}, 0, {1328, -1030}, {0x7F, 0x00, 0x00, 0xFF}}},
	{{{-1746, 1912, 293}, 0, {1328, -2557}, {0x7F, 0x00, 0x00, 0xFF}}},
	{{{-1746, 1461, 528}, 0, {1328, -2557}, {0x7F, 0x00, 0x00, 0xFF}}},
	{{{-1746, 1461, 477}, 0, {1328, -2557}, {0x7F, 0x00, 0x00, 0xFF}}},
	{{{-1746, 1564, 389}, 0, {1328, -2557}, {0x7F, 0x00, 0x00, 0xFF}}},
	{{{-1746, 2109, 293}, 0, {1328, -1793}, {0x7F, 0x00, 0x00, 0xFF}}},
	{{{-1746, 2109, -334}, 0, {-2488, -1352}, {0x7F, 0x00, 0x00, 0xFF}}},
	{{{-1746, 1818, -294}, 0, {-2488, -1007}, {0x7F, 0x00, 0x00, 0xFF}}},
	{{{-1476, 965, 1585}, 0, {-1517, -257}, {0x7E, 0x00, 0xF1, 0xFF}}},
	{{{-1493, 1308, 1716}, 0, {-1438, -38}, {0x7A, 0x00, 0x24, 0xFF}}},
	{{{-1493, 965, 1726}, 0, {-1431, -253}, {0x77, 0x00, 0x2C, 0xFF}}},
	{{{-1476, 3309, 1585}, 0, {-1517, 1208}, {0x7E, 0x00, 0xF1, 0xFF}}},
	{{{-1527, 965, 1451}, 0, {-1606, -255}, {0x69, 0x00, 0xB8, 0xFF}}},
	{{{-1527, 965, 1451}, 0, {-1606, -255}, {0x69, 0x00, 0xB8, 0xFF}}},
	{{{-1527, 3309, 1451}, 0, {-1606, 1211}, {0x69, 0x00, 0xB8, 0xFF}}},
	{{{-1476, 3309, 1585}, 0, {-1517, 1208}, {0x7E, 0x00, 0xF1, 0xFF}}},
	{{{-1597, 2215, 1389}, 0, {-1654, 532}, {0x54, 0x00, 0xA1, 0xFF}}},
	{{{-1633, 965, 1357}, 0, {-1678, -247}, {0x3E, 0x00, 0x91, 0xFF}}},
	{{{-1620, 2108, 1368}, 0, {-1670, 467}, {0x45, 0x00, 0x96, 0xFF}}},
	{{{-1633, 2215, 1357}, 0, {-1678, 535}, {0x3B, 0x00, 0x90, 0xFF}}},
	{{{-1633, 3309, 1357}, 0, {-1678, 1219}, {0x3B, 0x00, 0x90, 0xFF}}},
	{{{-1493, 1308, 1716}, 0, {-1438, -38}, {0x7A, 0x00, 0x24, 0xFF}}},
	{{{-1493, 3309, 1726}, 0, {-1431, 1213}, {0x76, 0x00, 0x2E, 0xFF}}},
	{{{-1493, 965, 1726}, 0, {-1431, -76}, {0x77, 0x00, 0x2C, 0xFF}}},
	{{{-1557, 1201, 1821}, 0, {-1369, 70}, {0x6A, 0x00, 0x47, 0xFF}}},
	{{{-1551, 965, 1810}, 0, {-1377, -79}, {0x6A, 0x00, 0x47, 0xFF}}},
	{{{-1517, 1201, 1759}, 0, {-1407, 72}, {0x6B, 0x01, 0x44, 0xFF}}},
	{{{-1493, 1308, 1716}, 0, {-1431, 141}, {0x7A, 0x00, 0x24, 0xFF}}},
	{{{-1493, 3309, 1726}, 0, {3314, -1640}, {0x66, 0xBF, 0x27, 0xFF}}},
	{{{-1390, 3455, 1574}, 0, {3390, -1558}, {0x6C, 0xBF, 0xF3, 0xFF}}},
	{{{-1412, 3455, 1757}, 0, {3399, -1668}, {0x66, 0xBF, 0x27, 0xFF}}},
	{{{-1476, 3309, 1585}, 0, {3307, -1555}, {0x6C, 0xBF, 0xF3, 0xFF}}},
	{{{-1455, 3455, 1402}, 0, {3390, -1442}, {0x5A, 0xBF, 0xC2, 0xFF}}},
	{{{-1527, 3309, 1451}, 0, {3307, -1466}, {0x5A, 0xBF, 0xC2, 0xFF}}},
	{{{-1593, 3455, 1280}, 0, {3399, -1348}, {0x33, 0xBF, 0x9F, 0xFF}}},
	{{{-1633, 3309, 1357}, 0, {3314, -1393}, {0x33, 0xBF, 0x9F, 0xFF}}},
	{{{-2017, 3309, 1451}, 0, {-575, -1883}, {0xA6, 0xBF, 0xC2, 0xFF}}},
	{{{-2154, 3455, 1574}, 0, {-657, -1922}, {0x94, 0xBF, 0xF3, 0xFF}}},
	{{{-2089, 3455, 1402}, 0, {-664, -1836}, {0xA6, 0xBF, 0xC2, 0xFF}}},
	{{{-2068, 3309, 1585}, 0, {-570, -1949}, {0x94, 0xBF, 0xF3, 0xFF}}},
	{{{-2132, 3455, 1757}, 0, {-654, -2034}, {0x9A, 0xBF, 0x27, 0xFF}}},
	{{{-2051, 3309, 1726}, 0, {-567, -2036}, {0x9A, 0xBF, 0x27, 0xFF}}},
	{{{-2027, 3455, 1909}, 0, {-657, -2148}, {0xB8, 0xBF, 0x52, 0xFF}}},
	{{{-1970, 3309, 1844}, 0, {-570, -2124}, {0xB8, 0xBF, 0x52, 0xFF}}},
	{{{-1864, 3455, 1994}, 0, {-664, -2237}, {0xE6, 0xBF, 0x6A, 0xFF}}},
	{{{-1970, 3309, 1844}, 0, {-570, -2124}, {0xB8, 0xBF, 0x52, 0xFF}}},
	{{{-1843, 3309, 1910}, 0, {-575, -2193}, {0xE6, 0xBF, 0x6A, 0xFF}}},
	{{{-1864, 3455, 1994}, 0, {-664, -2237}, {0xE6, 0xBF, 0x6A, 0xFF}}},
	{{{-1633, 3309, 1357}, 0, {3301, -1232}, {0x33, 0xBF, 0x9F, 0xFF}}},
	{{{-1772, 3455, 1236}, 0, {3390, -1153}, {0x00, 0xBF, 0x93, 0xFF}}},
	{{{-1593, 3455, 1280}, 0, {3392, -1262}, {0x33, 0xBF, 0x9F, 0xFF}}},
	{{{-1772, 3309, 1323}, 0, {3300, -1147}, {0x00, 0xBF, 0x93, 0xFF}}},
	{{{-1951, 3455, 1280}, 0, {3390, -1037}, {0xCD, 0xBF, 0x9F, 0xFF}}},
	{{{-1910, 3309, 1357}, 0, {3300, -1058}, {0xCD, 0xBF, 0x9F, 0xFF}}},
	{{{-2089, 3455, 1402}, 0, {3392, -942}, {0xA6, 0xBF, 0xC2, 0xFF}}},
	{{{-2017, 3309, 1451}, 0, {3301, -984}, {0xA6, 0xBF, 0xC2, 0xFF}}},
	{{{-1574, 3309, 1844}, 0, {3223, 1180}, {0x48, 0xBF, 0x52, 0xFF}}},
	{{{-1493, 3309, 1726}, 0, {3226, 1256}, {0x66, 0xBF, 0x27, 0xFF}}},
	{{{-1412, 3455, 1757}, 0, {3316, 1297}, {0x66, 0xBF, 0x27, 0xFF}}},
	{{{-1517, 3455, 1909}, 0, {3312, 1198}, {0x48, 0xBF, 0x52, 0xFF}}},
	{{{-1701, 3309, 1910}, 0, {3223, 1090}, {0x1A, 0xBF, 0x6A, 0xFF}}},
	{{{-1680, 3455, 1994}, 0, {3312, 1082}, {0x1A, 0xBF, 0x6A, 0xFF}}},
	{{{-1843, 3309, 1910}, 0, {3226, 1007}, {0xE6, 0xBF, 0x6A, 0xFF}}},
	{{{-1864, 3455, 1994}, 0, {3316, 975}, {0xE6, 0xBF, 0x6A, 0xFF}}},
	{{{-1493, 965, 1726}, 0, {2912, -286}, {0x00, 0x7F, 0x00, 0xFF}}},
	{{{-1551, 965, 1810}, 0, {2859, -251}, {0x00, 0x7F, 0x00, 0xFF}}},
	{{{-1494, 965, 1806}, 0, {2893, -239}, {0x00, 0x7F, 0x00, 0xFF}}},
	{{{-1451, 965, 1742}, 0, {2933, -266}, {0x00, 0x7F, 0x00, 0xFF}}},
	{{{-1476, 965, 1585}, 0, {2956, -365}, {0x00, 0x7F, 0x00, 0xFF}}},
	{{{-1431, 965, 1579}, 0, {2984, -357}, {0x00, 0x7F, 0x00, 0xFF}}},
	{{{-1527, 965, 1451}, 0, {2958, -455}, {0x00, 0x7F, 0x00, 0xFF}}},
	{{{-1489, 965, 1425}, 0, {2986, -462}, {0x00, 0x7F, 0x00, 0xFF}}},
	{{{-1633, 965, 1357}, 0, {2918, -536}, {0x00, 0x7F, 0x00, 0xFF}}},
	{{{-1612, 965, 1316}, 0, {2940, -555}, {0x00, 0x7F, 0x00, 0xFF}}},
	{{{-1746, 965, 1283}, 0, {2869, -606}, {0x00, 0x7F, 0x00, 0xFF}}},
	{{{-1744, 965, 1329}, 0, {2859, -578}, {0x00, 0x7F, 0x00, 0xFF}}},
	{{{-1411, 396, 1371}, 0, {-564, -2153}, {0x6B, 0x15, 0xBE, 0xFF}}},
	{{{-1577, 519, 1250}, 0, {-474, -2056}, {0x44, 0x15, 0x97, 0xFF}}},
	{{{-1612, 965, 1316}, 0, {-190, -2091}, {0x3A, 0x15, 0x91, 0xFF}}},
	{{{-1489, 965, 1425}, 0, {-200, -2175}, {0x67, 0x15, 0xB9, 0xFF}}},
	{{{-1336, 395, 1568}, 0, {-567, -2285}, {0x7C, 0x15, 0xF1, 0xFF}}},
	{{{-1431, 965, 1579}, 0, {-202, -2278}, {0x7C, 0x15, 0xF0, 0xFF}}},
	{{{-1360, 382, 1820}, 0, {-567, -2438}, {0x7C, 0x15, 0x0F, 0xFF}}},
	{{{-1451, 965, 1742}, 0, {-196, -2376}, {0x7B, 0x19, 0x14, 0xFF}}},
	{{{-1427, 800, 1813}, 0, {-300, -2424}, {0x79, 0x1D, 0x1A, 0xFF}}},
	{{{-1494, 965, 1806}, 0, {-190, -2410}, {0x79, 0x1D, 0x1A, 0xFF}}},
	{{{-1577, 519, 1250}, 0, {2049, 360}, {0x44, 0x15, 0x97, 0xFF}}},
	{{{-1746, 619, 1225}, 0, {1951, 432}, {0x1E, 0x14, 0x86, 0xFF}}},
	{{{-1746, 965, 1283}, 0, {1967, 651}, {0x1E, 0x14, 0x86, 0xFF}}},
	{{{-1612, 965, 1316}, 0, {2049, 645}, {0x3A, 0x15, 0x91, 0xFF}}},
	{{{-1744, 965, 1329}, 0, {-1426, -987}, {0x25, 0x00, 0x86, 0xFF}}},
	{{{-1745, 2109, 1329}, 0, {-1426, -263}, {0x1E, 0x00, 0x85, 0xFF}}},
	{{{-1633, 2108, 1357}, 0, {-1358, -263}, {0x22, 0x00, 0x86, 0xFF}}},
	{{{-1620, 2108, 1368}, 0, {-1350, -263}, {0x45, 0x00, 0x96, 0xFF}}},
	{{{-1633, 965, 1357}, 0, {-1358, -986}, {0x3E, 0x00, 0x91, 0xFF}}},
	{{{-1633, 2215, 1357}, 0, {2862, 2855}, {0x3B, 0x00, 0x90, 0xFF}}},
	{{{-1709, 2215, 1338}, 0, {2815, 2854}, {0x1E, 0x00, 0x85, 0xFF}}},
	{{{-1633, 3309, 1357}, 0, {2862, 3547}, {0x3B, 0x00, 0x90, 0xFF}}},
	{{{-1772, 2448, 1323}, 0, {2777, 3001}, {0x19, 0x00, 0x84, 0xFF}}},
	{{{-1772, 3309, 1323}, 0, {2777, 3546}, {0x00, 0x00, 0x81, 0xFF}}},
	{{{-1910, 3309, 1357}, 0, {2687, 3546}, {0xC5, 0x00, 0x90, 0xFF}}},
	{{{-1910, 2955, 1357}, 0, {2687, 3323}, {0xDB, 0x00, 0x86, 0xFF}}},
	{{{-1945, 3053, 1383}, 0, {2663, 3385}, {0xAF, 0x00, 0x9E, 0xFF}}},
	{{{-2017, 3053, 1451}, 0, {2614, 3387}, {0x97, 0x00, 0xB9, 0xFF}}},
	{{{-2017, 3309, 1451}, 0, {2614, 3549}, {0x97, 0x00, 0xB9, 0xFF}}},
	{{{-1850, 2711, 1910}, 0, {1951, 1240}, {0xF9, 0x00, 0x7F, 0xFF}}},
	{{{-1701, 3309, 1910}, 0, {1863, 1615}, {0x1F, 0x00, 0x7B, 0xFF}}},
	{{{-1843, 3309, 1910}, 0, {1946, 1618}, {0xDE, 0xFF, 0x7A, 0xFF}}},
	{{{-1850, 2711, 1910}, 0, {1951, 1240}, {0xF9, 0x00, 0x7F, 0xFF}}},
	{{{-1697, 2171, 1910}, 0, {1862, 896}, {0x34, 0x00, 0x74, 0xFF}}},
	{{{-1701, 3309, 1910}, 0, {1863, 1615}, {0x1F, 0x00, 0x7B, 0xFF}}},
	{{{-1574, 3309, 1844}, 0, {1773, 1615}, {0x54, 0x00, 0x5F, 0xFF}}},
	{{{-1574, 2171, 1844}, 0, {1774, 897}, {0x54, 0x00, 0x5F, 0xFF}}},
	{{{-1493, 3309, 1726}, 0, {1697, 1619}, {0x76, 0x00, 0x2E, 0xFF}}},
	{{{-1521, 2171, 1770}, 0, {1725, 899}, {0x6C, 0x00, 0x42, 0xFF}}},
	{{{-1522, 2116, 1770}, 0, {1726, 864}, {0x6E, 0x00, 0x40, 0xFF}}},
	{{{-1493, 1308, 1716}, 0, {1697, 355}, {0x7A, 0x00, 0x24, 0xFF}}},
	{{{-1556, 2114, 1817}, 0, {1757, 861}, {0x6C, 0x00, 0x43, 0xFF}}},
	{{{-1553, 1308, 1821}, 0, {1757, 352}, {0x6C, 0x00, 0x43, 0xFF}}},
	{{{-2017, 3053, 1451}, 0, {2974, 1835}, {0x97, 0x00, 0xB9, 0xFF}}},
	{{{-2068, 3309, 1585}, 0, {2909, 1991}, {0x82, 0x00, 0xF1, 0xFF}}},
	{{{-2017, 3309, 1451}, 0, {2975, 1996}, {0x97, 0x00, 0xB9, 0xFF}}},
	{{{-2068, 3053, 1585}, 0, {2908, 1829}, {0x82, 0x00, 0xF1, 0xFF}}},
	{{{-2051, 3309, 1726}, 0, {2822, 1989}, {0x8B, 0xFE, 0x31, 0xFF}}},
	{{{-2051, 3053, 1726}, 0, {2821, 1828}, {0x8B, 0xFE, 0x31, 0xFF}}},
	{{{-1970, 3309, 1844}, 0, {2734, 1991}, {0xAB, 0xFD, 0x5E, 0xFF}}},
	{{{-1945, 3053, 1844}, 0, {2727, 1831}, {0xB1, 0xFD, 0x63, 0xFF}}},
	{{{-1843, 3309, 1910}, 0, {2665, 1997}, {0xDE, 0xFF, 0x7A, 0xFF}}},
	{{{-1850, 2711, 1910}, 0, {2665, 1620}, {0xF9, 0x00, 0x7F, 0xFF}}},
	{{{868, 480, 2054}, 0, {-1725, 496}, {0x00, 0x81, 0x00, 0xFF}}},
	{{{868, 480, 5057}, 0, {-1725, -1030}, {0x00, 0x81, 0x00, 0xFF}}},
	{{{822, 480, 5057}, 0, {-199, -1030}, {0x00, 0x81, 0x00, 0xFF}}},
	{{{822, 480, 2054}, 0, {-199, 496}, {0x00, 0x81, 0x00, 0xFF}}},
	{{{822, 520, 5057}, 0, {565, -1030}, {0x00, 0x7F, 0x00, 0xFF}}},
	{{{868, 520, 5057}, 0, {565, 3549}, {0x00, 0x7F, 0x00, 0xFF}}},
	{{{868, 520, 2054}, 0, {565, 2022}, {0x00, 0x7F, 0x00, 0xFF}}},
	{{{822, 520, 2054}, 0, {565, 496}, {0x00, 0x7F, 0x00, 0xFF}}},
	{{{822, 480, 5057}, 0, {-199, -1030}, {0x00, 0x00, 0x7F, 0xFF}}},
	{{{868, 480, 5057}, 0, {-199, -2557}, {0x00, 0x00, 0x7F, 0xFF}}},
	{{{868, 520, 5057}, 0, {565, -2557}, {0x00, 0x00, 0x7F, 0xFF}}},
	{{{822, 480, 5057}, 0, {-199, -1030}, {0x00, 0x00, 0x7F, 0xFF}}},
	{{{868, 520, 5057}, 0, {565, -2557}, {0x00, 0x00, 0x7F, 0xFF}}},
	{{{822, 520, 5057}, 0, {565, -1030}, {0x00, 0x00, 0x7F, 0xFF}}},
	{{{822, 480, 2054}, 0, {-199, 496}, {0x81, 0x00, 0x00, 0xFF}}},
	{{{822, 480, 5057}, 0, {-199, -1030}, {0x81, 0x00, 0x00, 0xFF}}},
	{{{822, 520, 5057}, 0, {565, -1030}, {0x81, 0x00, 0x00, 0xFF}}},
	{{{822, 520, 2054}, 0, {565, 496}, {0x81, 0x00, 0x00, 0xFF}}},
	{{{868, 480, 2054}, 0, {-199, 2022}, {0x00, 0x00, 0x81, 0xFF}}},
	{{{822, 480, 2054}, 0, {-199, 496}, {0x00, 0x00, 0x81, 0xFF}}},
	{{{822, 520, 2054}, 0, {565, 496}, {0x00, 0x00, 0x81, 0xFF}}},
	{{{868, 520, 2054}, 0, {565, 2022}, {0x00, 0x00, 0x81, 0xFF}}},
	{{{868, 480, 5057}, 0, {-199, 3549}, {0x7F, 0x00, 0x00, 0xFF}}},
	{{{868, 480, 2054}, 0, {-199, 2022}, {0x7F, 0x00, 0x00, 0xFF}}},
	{{{868, 520, 2054}, 0, {565, 2022}, {0x7F, 0x00, 0x00, 0xFF}}},
	{{{868, 520, 5057}, 0, {565, 3549}, {0x7F, 0x00, 0x00, 0xFF}}},
	{{{868, 480, 5057}, 0, {-199, 2022}, {0x00, 0x00, 0x81, 0xFF}}},
	{{{809, 480, 5057}, 0, {-199, 496}, {0x00, 0x00, 0x81, 0xFF}}},
	{{{809, 1201, 5057}, 0, {1328, 496}, {0x00, 0x00, 0x81, 0xFF}}},
	{{{868, 1201, 5057}, 0, {1328, 2022}, {0x00, 0x00, 0x81, 0xFF}}},
	{{{809, 480, 5057}, 0, {-199, 496}, {0x82, 0x00, 0x0F, 0xFF}}},
	{{{836, 480, 5290}, 0, {-199, -1030}, {0x82, 0x00, 0x0F, 0xFF}}},
	{{{836, 1201, 5290}, 0, {1328, -1030}, {0x82, 0x00, 0x0F, 0xFF}}},
	{{{809, 1201, 5057}, 0, {1328, 496}, {0x82, 0x00, 0x0F, 0xFF}}},
	{{{836, 480, 5290}, 0, {-199, -1030}, {0x00, 0x00, 0x7F, 0xFF}}},
	{{{868, 480, 5290}, 0, {-199, -2557}, {0x00, 0x00, 0x7F, 0xFF}}},
	{{{868, 1201, 5290}, 0, {1328, -2557}, {0x00, 0x00, 0x7F, 0xFF}}},
	{{{836, 1201, 5290}, 0, {1328, -1030}, {0x00, 0x00, 0x7F, 0xFF}}},
	{{{868, 377, 1821}, 0, {-199, 2022}, {0x00, 0x00, 0x81, 0xFF}}},
	{{{836, 377, 1821}, 0, {-199, 496}, {0x00, 0x00, 0x81, 0xFF}}},
	{{{836, 1201, 1821}, 0, {1327, 496}, {0x00, 0x00, 0x81, 0xFF}}},
	{{{868, 1201, 1821}, 0, {1328, 2022}, {0x00, 0x00, 0x81, 0xFF}}},
	{{{836, 1201, 1821}, 0, {1328, 496}, {0x00, 0x00, 0x81, 0xFF}}},
	{{{836, 1201, 1821}, 0, {1327, 496}, {0x82, 0x00, 0xF1, 0xFF}}},
	{{{836, 377, 1821}, 0, {-199, 496}, {0x82, 0x00, 0xF1, 0xFF}}},
	{{{809, 480, 2054}, 0, {-199, -1030}, {0x82, 0x00, 0xF1, 0xFF}}},
	{{{836, 1201, 1821}, 0, {1328, 496}, {0x82, 0x00, 0xF1, 0xFF}}},
	{{{809, 1201, 2054}, 0, {1328, -1030}, {0x82, 0x00, 0xF1, 0xFF}}},
	{{{809, 480, 2054}, 0, {-199, -1030}, {0x00, 0x00, 0x7F, 0xFF}}},
	{{{868, 480, 2054}, 0, {-199, -2557}, {0x00, 0x00, 0x7F, 0xFF}}},
	{{{868, 1201, 2054}, 0, {1328, -2557}, {0x00, 0x00, 0x7F, 0xFF}}},
	{{{809, 1201, 2054}, 0, {1328, -1030}, {0x00, 0x00, 0x7F, 0xFF}}},
	{{{885, 1306, 2814}, 0, {2665, 2570}, {0x7F, 0xFC, 0x01, 0xFF}}},
	{{{899, 1722, 2814}, 0, {2403, 2584}, {0x7F, 0xFC, 0x01, 0xFF}}},
	{{{894, 1722, 3220}, 0, {2403, 2345}, {0x7F, 0xFD, 0x00, 0xFF}}},
	{{{885, 1306, 4297}, 0, {2665, 1701}, {0x7F, 0xFD, 0x00, 0xFF}}},
	{{{896, 1722, 3891}, 0, {2403, 1952}, {0x7F, 0xFE, 0x00, 0xFF}}},
	{{{890, 1936, 3727}, 0, {2268, 2052}, {0x7F, 0x00, 0x01, 0xFF}}},
	{{{901, 1936, 3383}, 0, {2269, 2256}, {0x7F, 0x00, 0x01, 0xFF}}},
	{{{895, 1722, 4297}, 0, {2403, 1714}, {0x7F, 0xFD, 0x00, 0xFF}}},
	{{{833, 1308, 4307}, 0, {-946, -618}, {0x81, 0x00, 0x00, 0xFF}}},
	{{{833, 1722, 4297}, 0, {-1205, -615}, {0x81, 0x00, 0x00, 0xFF}}},
	{{{833, 1722, 3891}, 0, {-1205, -867}, {0x81, 0x00, 0x00, 0xFF}}},
	{{{833, 1308, 2814}, 0, {-946, -1543}, {0x81, 0x00, 0x00, 0xFF}}},
	{{{833, 1722, 3220}, 0, {-1205, -1283}, {0x81, 0x00, 0x00, 0xFF}}},
	{{{833, 1936, 3383}, 0, {-1339, -1177}, {0x81, 0x00, 0x00, 0xFF}}},
	{{{833, 1936, 3727}, 0, {-1339, -964}, {0x81, 0x00, 0x00, 0xFF}}},
	{{{833, 1722, 2814}, 0, {-1205, -1534}, {0x81, 0x00, 0x00, 0xFF}}},
	{{{586, 698, 171}, 0, {1522, -1460}, {0x97, 0x00, 0xB8, 0xFF}}},
	{{{622, 1142, 139}, 0, {1498, -1179}, {0xAC, 0x00, 0xA1, 0xFF}}},
	{{{622, 698, 139}, 0, {1498, -1457}, {0xAC, 0x00, 0xA1, 0xFF}}},
	{{{586, 1216, 171}, 0, {1522, -1136}, {0x88, 0xDF, 0xE6, 0xFF}}},
	{{{536, 698, 304}, 0, {1611, -1462}, {0x82, 0x00, 0xF1, 0xFF}}},
	{{{563, 1264, 228}, 0, {1561, -1107}, {0x88, 0xDE, 0xE9, 0xFF}}},
	{{{562, 1912, 234}, 0, {1565, -701}, {0x89, 0x00, 0xD3, 0xFF}}},
	{{{536, 698, 304}, 0, {1611, -1462}, {0x82, 0x00, 0xF1, 0xFF}}},
	{{{536, 1912, 304}, 0, {1611, -703}, {0x82, 0x00, 0xF1, 0xFF}}},
	{{{562, 1912, 234}, 0, {1565, -701}, {0x89, 0x00, 0xD3, 0xFF}}},
	{{{553, 1912, 446}, 0, {1697, -698}, {0x89, 0x00, 0x2D, 0xFF}}},
	{{{553, 698, 446}, 0, {1697, -1457}, {0x89, 0x00, 0x2D, 0xFF}}},
	{{{553, 698, 446}, 0, {2293, -414}, {0x89, 0x00, 0x2D, 0xFF}}},
	{{{634, 1912, 563}, 0, {2369, 349}, {0xAC, 0x00, 0x5F, 0xFF}}},
	{{{553, 1912, 446}, 0, {2293, 352}, {0x89, 0x00, 0x2D, 0xFF}}},
	{{{634, 698, 563}, 0, {2369, -418}, {0xAC, 0x00, 0x5F, 0xFF}}},
	{{{760, 1912, 629}, 0, {2459, 348}, {0xE2, 0x00, 0x7B, 0xFF}}},
	{{{760, 698, 629}, 0, {2459, -419}, {0xE2, 0x00, 0x7B, 0xFF}}},
	{{{903, 1912, 629}, 0, {2542, 351}, {0x1E, 0x00, 0x7B, 0xFF}}},
	{{{903, 698, 629}, 0, {2542, -416}, {0x1E, 0x00, 0x7B, 0xFF}}},
	{{{903, 698, 629}, 0, {2314, 854}, {0x1E, 0x00, 0x7B, 0xFF}}},
	{{{1029, 1912, 563}, 0, {2368, 1614}, {0x55, 0xFF, 0x5E, 0xFF}}},
	{{{903, 1912, 629}, 0, {2299, 1619}, {0x1E, 0x00, 0x7B, 0xFF}}},
	{{{1029, 698, 563}, 0, {2383, 850}, {0x57, 0x00, 0x5D, 0xFF}}},
	{{{1046, 1461, 528}, 0, {2398, 1331}, {0x6C, 0x00, 0x42, 0xFF}}},
	{{{1074, 1309, 490}, 0, {2429, 1235}, {0x6D, 0x00, 0x40, 0xFF}}},
	{{{1110, 1309, 430}, 0, {2473, 1235}, {0x6C, 0x00, 0x42, 0xFF}}},
	{{{1110, 698, 430}, 0, {2480, 850}, {0x6C, 0x00, 0x42, 0xFF}}},
	{{{1110, 1912, 446}, 0, {2456, 1614}, {0x77, 0xFE, 0x2C, 0xFF}}},
	{{{1078, 1461, 477}, 0, {2436, 1331}, {0x6F, 0xFD, 0x3E, 0xFF}}},
	{{{1110, 1564, 389}, 0, {2494, 1397}, {0x7B, 0xFB, 0x21, 0xFF}}},
	{{{1127, 1912, 293}, 0, {2549, 1619}, {0x7E, 0xFE, 0x0E, 0xFF}}},
	{{{553, 1912, 446}, 0, {3312, -2041}, {0x9A, 0xBF, 0x27, 0xFF}}},
	{{{471, 2058, 476}, 0, {3397, -2069}, {0x9A, 0xBF, 0x27, 0xFF}}},
	{{{449, 2058, 293}, 0, {3388, -1959}, {0x93, 0xC0, 0xF4, 0xFF}}},
	{{{536, 1912, 304}, 0, {3305, -1956}, {0x93, 0xC0, 0xF4, 0xFF}}},
	{{{562, 1912, 234}, 0, {3305, -1909}, {0x98, 0xC2, 0xDB, 0xFF}}},
	{{{586, 1912, 149}, 0, {3305, -1853}, {0xB2, 0xB9, 0xB9, 0xFF}}},
	{{{514, 2058, 121}, 0, {3388, -1843}, {0xA2, 0xC4, 0xC3, 0xFF}}},
	{{{586, 1912, 149}, 0, {3305, -1853}, {0xB2, 0xB9, 0xB9, 0xFF}}},
	{{{514, 2058, 121}, 0, {3388, -1843}, {0xA2, 0xC4, 0xC3, 0xFF}}},
	{{{652, 2058, -1}, 0, {3397, -1749}, {0xD8, 0xB4, 0xA3, 0xFF}}},
	{{{1127, 1912, 293}, 0, {3305, -1454}, {0x64, 0xB6, 0xE6, 0xFF}}},
	{{{1148, 2058, 121}, 0, {3210, -1348}, {0x4E, 0xB0, 0xC3, 0xFF}}},
	{{{1214, 2058, 293}, 0, {3218, -1434}, {0x6D, 0xC0, 0xF4, 0xFF}}},
	{{{1191, 2058, 476}, 0, {3220, -1546}, {0x66, 0xBF, 0x26, 0xFF}}},
	{{{1110, 1912, 446}, 0, {3307, -1548}, {0x66, 0xBF, 0x26, 0xFF}}},
	{{{1087, 2058, 628}, 0, {3218, -1660}, {0x48, 0xBF, 0x52, 0xFF}}},
	{{{1029, 1912, 563}, 0, {3305, -1636}, {0x48, 0xBF, 0x52, 0xFF}}},
	{{{924, 2058, 714}, 0, {3210, -1749}, {0x1A, 0xBF, 0x6A, 0xFF}}},
	{{{903, 1912, 629}, 0, {3299, -1705}, {0x1A, 0xBF, 0x6A, 0xFF}}},
	{{{586, 1912, 149}, 0, {-610, 73}, {0xB2, 0xB9, 0xB9, 0xFF}}},
	{{{652, 2058, -1}, 0, {-699, 42}, {0xD8, 0xB4, 0xA3, 0xFF}}},
	{{{831, 2058, -45}, 0, {-698, -67}, {0xFB, 0xB1, 0x9C, 0xFF}}},
	{{{901, 1912, 65}, 0, {-608, -119}, {0x18, 0xAC, 0xA4, 0xFF}}},
	{{{1010, 2058, -1}, 0, {-699, -183}, {0x34, 0xB0, 0xAC, 0xFF}}},
	{{{634, 1912, 563}, 0, {3223, 1502}, {0xB8, 0xBF, 0x52, 0xFF}}},
	{{{471, 2058, 476}, 0, {3316, 1619}, {0x9A, 0xBF, 0x27, 0xFF}}},
	{{{553, 1912, 446}, 0, {3226, 1578}, {0x9A, 0xBF, 0x27, 0xFF}}},
	{{{576, 2058, 628}, 0, {3312, 1520}, {0xB8, 0xBF, 0x52, 0xFF}}},
	{{{760, 1912, 629}, 0, {3223, 1412}, {0xE6, 0xBF, 0x6A, 0xFF}}},
	{{{739, 2058, 714}, 0, {3312, 1404}, {0xE6, 0xBF, 0x6A, 0xFF}}},
	{{{903, 1912, 629}, 0, {3226, 1329}, {0x1A, 0xBF, 0x6A, 0xFF}}},
	{{{924, 2058, 714}, 0, {3316, 1297}, {0x1A, 0xBF, 0x6A, 0xFF}}},
	{{{901, 1912, 65}, 0, {-1426, -1191}, {0x18, 0xAC, 0xA4, 0xFF}}},
	{{{1010, 2058, -1}, 0, {-1348, -1172}, {0x34, 0xB0, 0xAC, 0xFF}}},
	{{{1148, 2058, 121}, 0, {-1340, -1055}, {0x4E, 0xB0, 0xC3, 0xFF}}},
	{{{1127, 1912, 293}, 0, {-1426, -987}, {0x64, 0xB6, 0xE6, 0xFF}}},
	{{{1029, 698, 563}, 0, {2318, -2014}, {0x00, 0x7F, 0x00, 0xFF}}},
	{{{1160, 698, 430}, 0, {2202, -1990}, {0x00, 0x7F, 0x00, 0xFF}}},
	{{{1110, 698, 430}, 0, {2219, -2017}, {0x00, 0x7F, 0x00, 0xFF}}},
	{{{1029, 698, 563}, 0, {2318, -2014}, {0x00, 0x7F, 0x00, 0xFF}}},
	{{{1059, 698, 597}, 0, {2325, -1986}, {0x00, 0x7F, 0x00, 0xFF}}},
	{{{1160, 698, 430}, 0, {2202, -1990}, {0x00, 0x7F, 0x00, 0xFF}}},
	{{{903, 698, 629}, 0, {2396, -2058}, {0x00, 0x7F, 0x00, 0xFF}}},
	{{{914, 698, 674}, 0, {2416, -2037}, {0x00, 0x7F, 0x00, 0xFF}}},
	{{{760, 698, 629}, 0, {2446, -2134}, {0x00, 0x7F, 0x00, 0xFF}}},
	{{{749, 698, 674}, 0, {2473, -2124}, {0x00, 0x7F, 0x00, 0xFF}}},
	{{{634, 698, 563}, 0, {2454, -2224}, {0x00, 0x7F, 0x00, 0xFF}}},
	{{{603, 698, 597}, 0, {2483, -2228}, {0x00, 0x7F, 0x00, 0xFF}}},
	{{{553, 698, 446}, 0, {2420, -2307}, {0x00, 0x7F, 0x00, 0xFF}}},
	{{{510, 698, 462}, 0, {2443, -2324}, {0x00, 0x7F, 0x00, 0xFF}}},
	{{{536, 698, 304}, 0, {2351, -2365}, {0x00, 0x7F, 0x00, 0xFF}}},
	{{{490, 698, 298}, 0, {2364, -2391}, {0x00, 0x7F, 0x00, 0xFF}}},
	{{{586, 698, 171}, 0, {2263, -2384}, {0x00, 0x7F, 0x00, 0xFF}}},
	{{{549, 698, 145}, 0, {2262, -2413}, {0x00, 0x7F, 0x00, 0xFF}}},
	{{{622, 698, 139}, 0, {2233, -2376}, {0x00, 0x7F, 0x00, 0xFF}}},
	{{{622, 698, 80}, 0, {2202, -2397}, {0x00, 0x7F, 0x00, 0xFF}}},
	{{{1099, 229, 642}, 0, {3083, -524}, {0x4C, 0x10, 0x64, 0xFF}}},
	{{{1199, 383, 430}, 0, {3221, -413}, {0x6D, 0x0F, 0x3F, 0xFF}}},
	{{{1160, 698, 430}, 0, {3191, -214}, {0x6D, 0x0F, 0x3F, 0xFF}}},
	{{{1059, 698, 597}, 0, {3069, -225}, {0x57, 0x10, 0x5B, 0xFF}}},
	{{{932, 91, 750}, 0, {2989, -614}, {0x12, 0x10, 0x7D, 0xFF}}},
	{{{914, 698, 674}, 0, {2989, -227}, {0x1E, 0x10, 0x7A, 0xFF}}},
	{{{726, -55, 768}, 0, {289, -2401}, {0xDA, 0x10, 0x78, 0xFF}}},
	{{{932, 91, 750}, 0, {404, -2303}, {0x12, 0x10, 0x7D, 0xFF}}},
	{{{914, 698, 674}, 0, {372, -1917}, {0x1E, 0x10, 0x7A, 0xFF}}},
	{{{749, 698, 674}, 0, {276, -1921}, {0xE2, 0x10, 0x7A, 0xFF}}},
	{{{539, -55, 670}, 0, {156, -2401}, {0xAE, 0x10, 0x60, 0xFF}}},
	{{{603, 698, 597}, 0, {173, -1921}, {0xAC, 0x10, 0x5E, 0xFF}}},
	{{{424, -15, 494}, 0, {45, -2370}, {0x8B, 0x10, 0x2F, 0xFF}}},
	{{{510, 698, 462}, 0, {85, -1917}, {0x8A, 0x10, 0x2D, 0xFF}}},
	{{{399, 2, 287}, 0, {2386, -1974}, {0x83, 0x10, 0xF3, 0xFF}}},
	{{{424, -15, 494}, 0, {2511, -1986}, {0x8B, 0x10, 0x2F, 0xFF}}},
	{{{510, 698, 462}, 0, {2511, -1532}, {0x8A, 0x10, 0x2D, 0xFF}}},
	{{{490, 698, 298}, 0, {2412, -1530}, {0x83, 0x11, 0xF1, 0xFF}}},
	{{{457, 294, 222}, 0, {2351, -1784}, {0x86, 0x0E, 0xE1, 0xFF}}},
	{{{504, 298, 114}, 0, {2279, -1774}, {0x99, 0x11, 0xB7, 0xFF}}},
	{{{549, 698, 145}, 0, {2310, -1520}, {0x99, 0x11, 0xB7, 0xFF}}},
	{{{622, 698, 80}, 0, {2260, -1511}, {0xAD, 0x10, 0xA1, 0xFF}}},
	{{{619, 292, 14}, 0, {2202, -1763}, {0xAD, 0x10, 0xA1, 0xFF}}},
	{{{421, -16, 225}, 0, {2344, -1981}, {0x83, 0x0B, 0xEF, 0xFF}}},
	{{{1002, 202, 1420}, 0, {-199, 2827}, {0x7D, 0x00, 0xEC, 0xFF}}},
	{{{912, 2, 1044}, 0, {-199, 2022}, {0x7B, 0x00, 0xE2, 0xFF}}},
	{{{912, 202, 1044}, 0, {1328, 2022}, {0x7B, 0x00, 0xE2, 0xFF}}},
	{{{1002, 402, 1420}, 0, {1328, 2827}, {0x7E, 0x00, 0xF4, 0xFF}}},
	{{{1011, 346, 1821}, 0, {-199, 3549}, {0x7F, 0x00, 0xFD, 0xFF}}},
	{{{1011, 582, 1821}, 0, {1328, 3549}, {0x7F, 0x00, 0xFD, 0xFF}}},
	{{{912, 2, 1044}, 0, {-199, 2022}, {0x00, 0x00, 0x81, 0xFF}}},
	{{{789, 2, 1044}, 0, {-199, 496}, {0x00, 0x00, 0x81, 0xFF}}},
	{{{789, 202, 1044}, 0, {1328, 496}, {0x00, 0x00, 0x81, 0xFF}}},
	{{{912, 202, 1044}, 0, {1328, 2022}, {0x00, 0x00, 0x81, 0xFF}}},
	{{{880, 202, 1450}, 0, {-199, -309}, {0x82, 0x00, 0x10, 0xFF}}},
	{{{868, 377, 1821}, 0, {-199, -1030}, {0x81, 0x00, 0xFC, 0xFF}}},
	{{{868, 598, 1821}, 0, {1328, -1030}, {0x81, 0x00, 0xFC, 0xFF}}},
	{{{880, 402, 1450}, 0, {1328, -309}, {0x81, 0x00, 0x07, 0xFF}}},
	{{{789, 2, 1044}, 0, {-199, 496}, {0x84, 0x00, 0x1C, 0xFF}}},
	{{{789, 202, 1044}, 0, {1328, 496}, {0x84, 0x00, 0x1C, 0xFF}}},
	{{{880, 402, 1450}, 0, {1328, -309}, {0xFD, 0x72, 0xC8, 0xFF}}},
	{{{868, 598, 1821}, 0, {1328, -1030}, {0x01, 0x72, 0xC8, 0xFF}}},
	{{{1011, 582, 1821}, 0, {2854, -1030}, {0x01, 0x72, 0xC8, 0xFF}}},
	{{{1002, 402, 1420}, 0, {2854, -309}, {0xFD, 0x72, 0xC8, 0xFF}}},
	{{{789, 202, 1044}, 0, {1328, 496}, {0xF9, 0x72, 0xC7, 0xFF}}},
	{{{912, 202, 1044}, 0, {2854, 496}, {0xF9, 0x72, 0xC7, 0xFF}}},
	{{{1746, 965, 1283}, 0, {-199, -921}, {0x81, 0x00, 0x00, 0xFF}}},
	{{{1744, 965, 1329}, 0, {-199, -1030}, {0x81, 0x00, 0x00, 0xFF}}},
	{{{1745, 2109, 1329}, 0, {1328, -1030}, {0x81, 0x00, 0x00, 0xFF}}},
	{{{1746, 1309, 490}, 0, {1328, -921}, {0x81, 0x00, 0x00, 0xFF}}},
	{{{1746, 1461, 528}, 0, {1328, -921}, {0x81, 0x00, 0x00, 0xFF}}},
	{{{1745, 2109, 980}, 0, {1328, -1030}, {0x81, 0x00, 0x00, 0xFF}}},
	{{{1746, 1461, 528}, 0, {1328, -2557}, {0x81, 0x00, 0x00, 0xFF}}},
	{{{1746, 1912, 293}, 0, {1328, -2557}, {0x81, 0x00, 0x00, 0xFF}}},
	{{{1746, 2109, 293}, 0, {1328, -1793}, {0x81, 0x00, 0x00, 0xFF}}},
	{{{1746, 2109, -334}, 0, {-2488, -1352}, {0x81, 0x00, 0x00, 0xFF}}},
	{{{1746, 1818, -294}, 0, {-2488, -1007}, {0x81, 0x00, 0x00, 0xFF}}},
	{{{1746, 1461, 477}, 0, {1328, -2557}, {0x81, 0x00, 0x00, 0xFF}}},
	{{{1746, 1564, 389}, 0, {1328, -2557}, {0x81, 0x00, 0x00, 0xFF}}},
	{{{1747, 329, 411}, 0, {-199, 496}, {0x81, 0x00, 0x00, 0xFF}}},
	{{{1747, 1309, 430}, 0, {1328, -812}, {0x81, 0x00, 0x00, 0xFF}}},
	{{{1747, 806, 397}, 0, {1328, 496}, {0x81, 0x00, 0x00, 0xFF}}},
	{{{1746, 619, 1225}, 0, {-199, -812}, {0x81, 0x00, 0x00, 0xFF}}},
	{{{1476, 965, 1585}, 0, {-1517, -257}, {0x82, 0x00, 0xF1, 0xFF}}},
	{{{1493, 965, 1726}, 0, {-1431, -253}, {0x89, 0x00, 0x2C, 0xFF}}},
	{{{1493, 1308, 1716}, 0, {-1438, -38}, {0x86, 0x00, 0x24, 0xFF}}},
	{{{1476, 3309, 1585}, 0, {-1517, 1208}, {0x82, 0x00, 0xF1, 0xFF}}},
	{{{1493, 3309, 1726}, 0, {-1431, 1213}, {0x8A, 0x00, 0x2E, 0xFF}}},
	{{{1527, 965, 1451}, 0, {-1606, -255}, {0x97, 0x00, 0xB8, 0xFF}}},
	{{{1527, 3309, 1451}, 0, {-1606, 1211}, {0x97, 0x00, 0xB8, 0xFF}}},
	{{{1597, 2215, 1389}, 0, {-1654, 532}, {0xAC, 0x00, 0xA1, 0xFF}}},
	{{{1633, 2215, 1357}, 0, {-1678, 535}, {0xC5, 0x00, 0x90, 0xFF}}},
	{{{1633, 3309, 1357}, 0, {-1678, 1219}, {0xC5, 0x00, 0x90, 0xFF}}},
	{{{1633, 965, 1357}, 0, {-1678, -247}, {0xC2, 0x00, 0x91, 0xFF}}},
	{{{1620, 2108, 1368}, 0, {-1670, 467}, {0xBB, 0x00, 0x96, 0xFF}}},
	{{{1493, 965, 1726}, 0, {-1431, -76}, {0x89, 0x00, 0x2C, 0xFF}}},
	{{{1551, 965, 1810}, 0, {-1377, -79}, {0x96, 0x00, 0x47, 0xFF}}},
	{{{1557, 1201, 1821}, 0, {-1369, 70}, {0x96, 0x00, 0x47, 0xFF}}},
	{{{1493, 965, 1726}, 0, {-1431, -76}, {0x89, 0x00, 0x2C, 0xFF}}},
	{{{1557, 1201, 1821}, 0, {-1369, 70}, {0x96, 0x00, 0x47, 0xFF}}},
	{{{1517, 1201, 1759}, 0, {-1407, 72}, {0x95, 0x01, 0x44, 0xFF}}},
	{{{1493, 1308, 1716}, 0, {-1431, 141}, {0x86, 0x00, 0x24, 0xFF}}},
	{{{1493, 3309, 1726}, 0, {3314, -1640}, {0x9A, 0xBF, 0x27, 0xFF}}},
	{{{1412, 3455, 1757}, 0, {3399, -1668}, {0x9A, 0xBF, 0x27, 0xFF}}},
	{{{1390, 3455, 1574}, 0, {3390, -1558}, {0x94, 0xBF, 0xF3, 0xFF}}},
	{{{1476, 3309, 1585}, 0, {3307, -1555}, {0x94, 0xBF, 0xF3, 0xFF}}},
	{{{1455, 3455, 1402}, 0, {3390, -1442}, {0xA6, 0xBF, 0xC2, 0xFF}}},
	{{{1527, 3309, 1451}, 0, {3307, -1466}, {0xA6, 0xBF, 0xC2, 0xFF}}},
	{{{1593, 3455, 1280}, 0, {3399, -1348}, {0xCD, 0xBF, 0x9F, 0xFF}}},
	{{{1633, 3309, 1357}, 0, {3314, -1393}, {0xCD, 0xBF, 0x9F, 0xFF}}},
	{{{2017, 3309, 1451}, 0, {-575, -1883}, {0x5A, 0xBF, 0xC2, 0xFF}}},
	{{{2089, 3455, 1402}, 0, {-664, -1836}, {0x5A, 0xBF, 0xC2, 0xFF}}},
	{{{2154, 3455, 1574}, 0, {-657, -1922}, {0x6C, 0xBF, 0xF3, 0xFF}}},
	{{{2068, 3309, 1585}, 0, {-570, -1949}, {0x6C, 0xBF, 0xF3, 0xFF}}},
	{{{2132, 3455, 1757}, 0, {-654, -2034}, {0x66, 0xBF, 0x27, 0xFF}}},
	{{{2051, 3309, 1726}, 0, {-567, -2036}, {0x66, 0xBF, 0x27, 0xFF}}},
	{{{2027, 3455, 1909}, 0, {-657, -2148}, {0x48, 0xBF, 0x52, 0xFF}}},
	{{{1970, 3309, 1844}, 0, {-570, -2124}, {0x48, 0xBF, 0x52, 0xFF}}},
	{{{1864, 3455, 1994}, 0, {-664, -2237}, {0x1A, 0xBF, 0x6A, 0xFF}}},
	{{{1843, 3309, 1910}, 0, {-575, -2193}, {0x1A, 0xBF, 0x6A, 0xFF}}},
	{{{1633, 3309, 1357}, 0, {3301, -1232}, {0xCD, 0xBF, 0x9F, 0xFF}}},
	{{{1593, 3455, 1280}, 0, {3392, -1262}, {0xCD, 0xBF, 0x9F, 0xFF}}},
	{{{1772, 3455, 1236}, 0, {3390, -1153}, {0x00, 0xBF, 0x93, 0xFF}}},
	{{{1772, 3309, 1323}, 0, {3300, -1147}, {0x00, 0xBF, 0x93, 0xFF}}},
	{{{1951, 3455, 1280}, 0, {3390, -1037}, {0x33, 0xBF, 0x9F, 0xFF}}},
	{{{1910, 3309, 1357}, 0, {3300, -1058}, {0x33, 0xBF, 0x9F, 0xFF}}},
	{{{2089, 3455, 1402}, 0, {3392, -942}, {0x5A, 0xBF, 0xC2, 0xFF}}},
	{{{2017, 3309, 1451}, 0, {3301, -984}, {0x5A, 0xBF, 0xC2, 0xFF}}},
	{{{1574, 3309, 1844}, 0, {3223, 1180}, {0xB8, 0xBF, 0x52, 0xFF}}},
	{{{1412, 3455, 1757}, 0, {3316, 1297}, {0x9A, 0xBF, 0x27, 0xFF}}},
	{{{1493, 3309, 1726}, 0, {3226, 1256}, {0x9A, 0xBF, 0x27, 0xFF}}},
	{{{1517, 3455, 1909}, 0, {3312, 1198}, {0xB8, 0xBF, 0x52, 0xFF}}},
	{{{1701, 3309, 1910}, 0, {3223, 1090}, {0xE6, 0xBF, 0x6A, 0xFF}}},
	{{{1680, 3455, 1994}, 0, {3312, 1082}, {0xE6, 0xBF, 0x6A, 0xFF}}},
	{{{1843, 3309, 1910}, 0, {3226, 1007}, {0x1A, 0xBF, 0x6A, 0xFF}}},
	{{{1864, 3455, 1994}, 0, {3316, 975}, {0x1A, 0xBF, 0x6A, 0xFF}}},
	{{{1493, 965, 1726}, 0, {2912, -286}, {0x00, 0x7F, 0x00, 0xFF}}},
	{{{1494, 965, 1806}, 0, {2893, -239}, {0x00, 0x7F, 0x00, 0xFF}}},
	{{{1551, 965, 1810}, 0, {2859, -251}, {0x00, 0x7F, 0x00, 0xFF}}},
	{{{1451, 965, 1742}, 0, {2933, -266}, {0x00, 0x7F, 0x00, 0xFF}}},
	{{{1476, 965, 1585}, 0, {2956, -365}, {0x00, 0x7F, 0x00, 0xFF}}},
	{{{1431, 965, 1579}, 0, {2984, -357}, {0x00, 0x7F, 0x00, 0xFF}}},
	{{{1527, 965, 1451}, 0, {2958, -455}, {0x00, 0x7F, 0x00, 0xFF}}},
	{{{1489, 965, 1425}, 0, {2986, -462}, {0x00, 0x7F, 0x00, 0xFF}}},
	{{{1633, 965, 1357}, 0, {2918, -536}, {0x00, 0x7F, 0x00, 0xFF}}},
	{{{1612, 965, 1316}, 0, {2940, -555}, {0x00, 0x7F, 0x00, 0xFF}}},
	{{{1746, 965, 1283}, 0, {2869, -606}, {0x00, 0x7F, 0x00, 0xFF}}},
	{{{1744, 965, 1329}, 0, {2859, -578}, {0x00, 0x7F, 0x00, 0xFF}}},
	{{{1411, 396, 1371}, 0, {-564, -2153}, {0x95, 0x15, 0xBE, 0xFF}}},
	{{{1612, 965, 1316}, 0, {-190, -2091}, {0xC6, 0x15, 0x91, 0xFF}}},
	{{{1577, 519, 1250}, 0, {-474, -2056}, {0xBC, 0x15, 0x97, 0xFF}}},
	{{{1489, 965, 1425}, 0, {-200, -2175}, {0x99, 0x15, 0xB9, 0xFF}}},
	{{{1336, 395, 1568}, 0, {-567, -2285}, {0x84, 0x15, 0xF1, 0xFF}}},
	{{{1431, 965, 1579}, 0, {-202, -2278}, {0x84, 0x15, 0xF0, 0xFF}}},
	{{{1360, 382, 1820}, 0, {-567, -2438}, {0x84, 0x15, 0x0F, 0xFF}}},
	{{{1451, 965, 1742}, 0, {-196, -2376}, {0x85, 0x19, 0x14, 0xFF}}},
	{{{1427, 800, 1813}, 0, {-300, -2424}, {0x87, 0x1D, 0x1A, 0xFF}}},
	{{{1494, 965, 1806}, 0, {-190, -2410}, {0x87, 0x1D, 0x1A, 0xFF}}},
	{{{1577, 519, 1250}, 0, {2049, 360}, {0xBC, 0x15, 0x97, 0xFF}}},
	{{{1612, 965, 1316}, 0, {2049, 645}, {0xC6, 0x15, 0x91, 0xFF}}},
	{{{1746, 965, 1283}, 0, {1967, 651}, {0xE2, 0x14, 0x86, 0xFF}}},
	{{{1746, 619, 1225}, 0, {1951, 432}, {0xE2, 0x14, 0x86, 0xFF}}},
	{{{1744, 965, 1329}, 0, {-1426, -987}, {0xDB, 0x00, 0x86, 0xFF}}},
	{{{1633, 2108, 1357}, 0, {-1358, -263}, {0xDE, 0x00, 0x86, 0xFF}}},
	{{{1745, 2109, 1329}, 0, {-1426, -263}, {0xE2, 0x00, 0x85, 0xFF}}},
	{{{1620, 2108, 1368}, 0, {-1350, -263}, {0xBB, 0x00, 0x96, 0xFF}}},
	{{{1633, 965, 1357}, 0, {-1358, -986}, {0xC2, 0x00, 0x91, 0xFF}}},
	{{{1633, 2215, 1357}, 0, {2862, 2855}, {0xC5, 0x00, 0x90, 0xFF}}},
	{{{1633, 3309, 1357}, 0, {2862, 3547}, {0xC5, 0x00, 0x90, 0xFF}}},
	{{{1709, 2215, 1338}, 0, {2815, 2854}, {0xE2, 0x00, 0x85, 0xFF}}},
	{{{1772, 2448, 1323}, 0, {2777, 3001}, {0xE7, 0x00, 0x84, 0xFF}}},
	{{{1772, 3309, 1323}, 0, {2777, 3546}, {0x00, 0x00, 0x81, 0xFF}}},
	{{{1910, 3309, 1357}, 0, {2687, 3546}, {0x3B, 0x00, 0x90, 0xFF}}},
	{{{1910, 2955, 1357}, 0, {2687, 3323}, {0x25, 0x00, 0x86, 0xFF}}},
	{{{1945, 3053, 1383}, 0, {2663, 3385}, {0x51, 0x00, 0x9E, 0xFF}}},
	{{{2017, 3053, 1451}, 0, {2614, 3387}, {0x69, 0x00, 0xB9, 0xFF}}},
	{{{2017, 3309, 1451}, 0, {2614, 3549}, {0x69, 0x00, 0xB9, 0xFF}}},
	{{{1850, 2711, 1910}, 0, {1951, 1240}, {0x07, 0x00, 0x7F, 0xFF}}},
	{{{1843, 3309, 1910}, 0, {1946, 1618}, {0x22, 0xFF, 0x7A, 0xFF}}},
	{{{1701, 3309, 1910}, 0, {1863, 1615}, {0xE1, 0x00, 0x7B, 0xFF}}},
	{{{1697, 2171, 1910}, 0, {1862, 896}, {0xCC, 0x00, 0x74, 0xFF}}},
	{{{1574, 3309, 1844}, 0, {1773, 1615}, {0xAC, 0x00, 0x5F, 0xFF}}},
	{{{1574, 2171, 1844}, 0, {1774, 897}, {0xAC, 0x00, 0x5F, 0xFF}}},
	{{{1493, 3309, 1726}, 0, {1697, 1619}, {0x8A, 0x00, 0x2E, 0xFF}}},
	{{{1521, 2171, 1770}, 0, {1725, 899}, {0x94, 0x00, 0x42, 0xFF}}},
	{{{1522, 2116, 1770}, 0, {1726, 864}, {0x92, 0x00, 0x40, 0xFF}}},
	{{{1493, 1308, 1716}, 0, {1697, 355}, {0x86, 0x00, 0x24, 0xFF}}},
	{{{1556, 2114, 1817}, 0, {1757, 861}, {0x94, 0x00, 0x43, 0xFF}}},
	{{{1553, 1308, 1821}, 0, {1757, 352}, {0x94, 0x00, 0x43, 0xFF}}},
	{{{2017, 3053, 1451}, 0, {2974, 1835}, {0x69, 0x00, 0xB9, 0xFF}}},
	{{{2017, 3309, 1451}, 0, {2975, 1996}, {0x69, 0x00, 0xB9, 0xFF}}},
	{{{2068, 3309, 1585}, 0, {2909, 1991}, {0x7E, 0x00, 0xF1, 0xFF}}},
	{{{2068, 3053, 1585}, 0, {2908, 1829}, {0x7E, 0x00, 0xF1, 0xFF}}},
	{{{2051, 3309, 1726}, 0, {2822, 1989}, {0x75, 0xFE, 0x31, 0xFF}}},
	{{{2051, 3053, 1726}, 0, {2821, 1828}, {0x75, 0xFE, 0x31, 0xFF}}},
	{{{1970, 3309, 1844}, 0, {2734, 1991}, {0x55, 0xFD, 0x5E, 0xFF}}},
	{{{1945, 3053, 1844}, 0, {2727, 1831}, {0x4F, 0xFD, 0x63, 0xFF}}},
	{{{1843, 3309, 1910}, 0, {2665, 1997}, {0x22, 0xFF, 0x7A, 0xFF}}},
	{{{1850, 2711, 1910}, 0, {2665, 1620}, {0x07, 0x00, 0x7F, 0xFF}}},
};

Gfx welkit_castle_past_dl_Cube_mesh_layer_1_tri_1[] = {
	gsSPVertex(welkit_castle_past_dl_Cube_mesh_layer_1_vtx_1 + 0, 32, 0),
	gsSP2Triangles(0, 1, 2, 0, 0, 2, 3, 0),
	gsSP2Triangles(4, 5, 6, 0, 4, 6, 7, 0),
	gsSP2Triangles(8, 9, 10, 0, 8, 10, 11, 0),
	gsSP2Triangles(12, 13, 14, 0, 12, 14, 15, 0),
	gsSP2Triangles(16, 17, 18, 0, 16, 18, 19, 0),
	gsSP2Triangles(20, 21, 22, 0, 20, 22, 23, 0),
	gsSP2Triangles(24, 25, 26, 0, 24, 26, 27, 0),
	gsSP2Triangles(28, 29, 30, 0, 28, 30, 31, 0),
	gsSPVertex(welkit_castle_past_dl_Cube_mesh_layer_1_vtx_1 + 32, 32, 0),
	gsSP2Triangles(0, 1, 2, 0, 0, 2, 3, 0),
	gsSP2Triangles(4, 5, 6, 0, 4, 7, 5, 0),
	gsSP2Triangles(5, 7, 8, 0, 9, 10, 11, 0),
	gsSP2Triangles(11, 12, 9, 0, 11, 13, 12, 0),
	gsSP2Triangles(14, 15, 16, 0, 14, 16, 17, 0),
	gsSP2Triangles(18, 19, 20, 0, 21, 19, 18, 0),
	gsSP2Triangles(21, 22, 19, 0, 21, 23, 22, 0),
	gsSP2Triangles(19, 22, 24, 0, 19, 24, 25, 0),
	gsSP2Triangles(26, 27, 28, 0, 29, 27, 26, 0),
	gsSP2Triangles(29, 30, 27, 0, 29, 31, 30, 0),
	gsSPVertex(welkit_castle_past_dl_Cube_mesh_layer_1_vtx_1 + 64, 32, 0),
	gsSP2Triangles(0, 1, 2, 0, 0, 2, 3, 0),
	gsSP2Triangles(4, 5, 6, 0, 4, 6, 7, 0),
	gsSP2Triangles(8, 4, 7, 0, 8, 7, 9, 0),
	gsSP2Triangles(9, 10, 8, 0, 9, 11, 10, 0),
	gsSP2Triangles(8, 10, 12, 0, 8, 12, 13, 0),
	gsSP2Triangles(14, 15, 16, 0, 14, 16, 17, 0),
	gsSP2Triangles(17, 16, 18, 0, 17, 18, 19, 0),
	gsSP2Triangles(19, 18, 20, 0, 19, 20, 21, 0),
	gsSP2Triangles(22, 23, 24, 0, 22, 24, 25, 0),
	gsSP2Triangles(25, 24, 26, 0, 26, 24, 27, 0),
	gsSP2Triangles(26, 27, 28, 0, 28, 27, 29, 0),
	gsSP2Triangles(30, 29, 27, 0, 31, 25, 26, 0),
	gsSPVertex(welkit_castle_past_dl_Cube_mesh_layer_1_vtx_1 + 96, 32, 0),
	gsSP2Triangles(0, 1, 2, 0, 0, 2, 3, 0),
	gsSP2Triangles(4, 5, 6, 0, 4, 7, 5, 0),
	gsSP2Triangles(5, 7, 8, 0, 8, 9, 5, 0),
	gsSP2Triangles(8, 10, 9, 0, 10, 11, 9, 0),
	gsSP2Triangles(12, 13, 14, 0, 12, 15, 13, 0),
	gsSP2Triangles(12, 16, 15, 0, 16, 17, 15, 0),
	gsSP2Triangles(16, 18, 17, 0, 18, 19, 17, 0),
	gsSP2Triangles(18, 20, 19, 0, 21, 22, 23, 0),
	gsSP2Triangles(21, 24, 22, 0, 24, 25, 22, 0),
	gsSP2Triangles(26, 27, 28, 0, 26, 28, 29, 0),
	gsSP2Triangles(30, 26, 29, 0, 30, 29, 31, 0),
	gsSPVertex(welkit_castle_past_dl_Cube_mesh_layer_1_vtx_1 + 128, 32, 0),
	gsSP2Triangles(0, 1, 2, 0, 0, 2, 3, 0),
	gsSP2Triangles(4, 5, 6, 0, 4, 6, 7, 0),
	gsSP2Triangles(8, 9, 10, 0, 8, 10, 11, 0),
	gsSP2Triangles(12, 8, 11, 0, 12, 11, 13, 0),
	gsSP2Triangles(14, 12, 13, 0, 14, 13, 15, 0),
	gsSP2Triangles(16, 14, 15, 0, 16, 15, 17, 0),
	gsSP2Triangles(18, 16, 17, 0, 18, 17, 19, 0),
	gsSP2Triangles(20, 18, 19, 0, 20, 19, 21, 0),
	gsSP2Triangles(22, 20, 21, 0, 22, 21, 23, 0),
	gsSP2Triangles(24, 22, 23, 0, 24, 23, 25, 0),
	gsSP2Triangles(26, 27, 28, 0, 26, 29, 27, 0),
	gsSP2Triangles(30, 29, 26, 0, 30, 31, 29, 0),
	gsSPVertex(welkit_castle_past_dl_Cube_mesh_layer_1_vtx_1 + 160, 32, 0),
	gsSP2Triangles(0, 1, 2, 0, 0, 3, 1, 0),
	gsSP2Triangles(4, 3, 0, 0, 4, 5, 3, 0),
	gsSP2Triangles(6, 5, 4, 0, 6, 7, 5, 0),
	gsSP2Triangles(8, 9, 10, 0, 8, 11, 9, 0),
	gsSP2Triangles(12, 11, 8, 0, 12, 8, 13, 0),
	gsSP2Triangles(11, 12, 14, 0, 11, 14, 15, 0),
	gsSP2Triangles(14, 16, 15, 0, 14, 17, 16, 0),
	gsSP2Triangles(18, 19, 20, 0, 18, 21, 19, 0),
	gsSP2Triangles(22, 21, 18, 0, 22, 23, 21, 0),
	gsSP2Triangles(24, 25, 26, 0, 24, 26, 27, 0),
	gsSP2Triangles(28, 29, 30, 0, 28, 31, 29, 0),
	gsSPVertex(welkit_castle_past_dl_Cube_mesh_layer_1_vtx_1 + 192, 32, 0),
	gsSP2Triangles(0, 1, 2, 0, 0, 3, 1, 0),
	gsSP2Triangles(4, 5, 6, 0, 4, 7, 5, 0),
	gsSP2Triangles(8, 7, 4, 0, 8, 9, 7, 0),
	gsSP2Triangles(10, 11, 12, 0, 10, 13, 11, 0),
	gsSP2Triangles(14, 13, 10, 0, 14, 15, 13, 0),
	gsSP2Triangles(16, 15, 14, 0, 16, 17, 15, 0),
	gsSP2Triangles(11, 13, 18, 0, 11, 18, 19, 0),
	gsSP2Triangles(19, 18, 20, 0, 18, 21, 20, 0),
	gsSP2Triangles(22, 20, 21, 0, 22, 23, 20, 0),
	gsSP2Triangles(20, 24, 19, 0, 25, 24, 20, 0),
	gsSP2Triangles(25, 20, 26, 0, 27, 28, 29, 0),
	gsSP2Triangles(28, 27, 30, 0, 31, 30, 27, 0),
	gsSPVertex(welkit_castle_past_dl_Cube_mesh_layer_1_vtx_1 + 224, 32, 0),
	gsSP2Triangles(0, 1, 2, 0, 3, 1, 0, 0),
	gsSP2Triangles(4, 3, 0, 0, 4, 5, 3, 0),
	gsSP2Triangles(1, 3, 6, 0, 1, 6, 7, 0),
	gsSP2Triangles(8, 2, 9, 0, 10, 11, 12, 0),
	gsSP2Triangles(10, 13, 11, 0, 13, 10, 14, 0),
	gsSP2Triangles(15, 16, 17, 0, 15, 18, 16, 0),
	gsSP2Triangles(18, 19, 16, 0, 18, 20, 19, 0),
	gsSP2Triangles(20, 21, 19, 0, 20, 22, 21, 0),
	gsSP2Triangles(23, 24, 25, 0, 23, 26, 24, 0),
	gsSP2Triangles(26, 27, 24, 0, 26, 28, 27, 0),
	gsSP2Triangles(28, 29, 27, 0, 28, 30, 29, 0),
	gsSP1Triangle(30, 31, 29, 0),
	gsSPVertex(welkit_castle_past_dl_Cube_mesh_layer_1_vtx_1 + 256, 31, 0),
	gsSP2Triangles(0, 1, 2, 0, 3, 4, 5, 0),
	gsSP2Triangles(3, 6, 4, 0, 6, 7, 4, 0),
	gsSP2Triangles(6, 8, 7, 0, 8, 9, 7, 0),
	gsSP2Triangles(8, 10, 9, 0, 11, 12, 13, 0),
	gsSP2Triangles(11, 13, 14, 0, 15, 11, 14, 0),
	gsSP2Triangles(15, 14, 16, 0, 17, 15, 16, 0),
	gsSP2Triangles(17, 16, 18, 0, 19, 20, 21, 0),
	gsSP2Triangles(19, 21, 22, 0, 23, 19, 22, 0),
	gsSP2Triangles(23, 22, 24, 0, 25, 23, 24, 0),
	gsSP2Triangles(25, 24, 26, 0, 27, 25, 26, 0),
	gsSP2Triangles(27, 26, 28, 0, 29, 27, 28, 0),
	gsSP1Triangle(29, 30, 27, 0),
	gsSPVertex(welkit_castle_past_dl_Cube_mesh_layer_1_vtx_1 + 287, 32, 0),
	gsSP2Triangles(0, 1, 2, 0, 0, 2, 3, 0),
	gsSP2Triangles(4, 0, 3, 0, 4, 3, 5, 0),
	gsSP2Triangles(6, 4, 5, 0, 6, 5, 7, 0),
	gsSP2Triangles(6, 7, 8, 0, 7, 9, 8, 0),
	gsSP2Triangles(10, 11, 12, 0, 10, 12, 13, 0),
	gsSP2Triangles(14, 15, 16, 0, 17, 14, 16, 0),
	gsSP2Triangles(17, 18, 14, 0, 19, 20, 21, 0),
	gsSP2Triangles(21, 20, 22, 0, 21, 22, 23, 0),
	gsSP2Triangles(22, 24, 23, 0, 22, 25, 24, 0),
	gsSP2Triangles(25, 26, 24, 0, 24, 26, 27, 0),
	gsSP2Triangles(24, 27, 28, 0, 29, 30, 31, 0),
	gsSPVertex(welkit_castle_past_dl_Cube_mesh_layer_1_vtx_1 + 319, 32, 0),
	gsSP2Triangles(0, 1, 2, 0, 1, 3, 2, 0),
	gsSP2Triangles(1, 4, 3, 0, 4, 5, 3, 0),
	gsSP2Triangles(4, 6, 5, 0, 5, 6, 7, 0),
	gsSP2Triangles(5, 7, 8, 0, 8, 7, 9, 0),
	gsSP2Triangles(8, 9, 10, 0, 11, 12, 13, 0),
	gsSP2Triangles(11, 14, 12, 0, 14, 15, 12, 0),
	gsSP2Triangles(14, 16, 15, 0, 16, 17, 15, 0),
	gsSP2Triangles(16, 18, 17, 0, 18, 19, 17, 0),
	gsSP2Triangles(18, 20, 19, 0, 21, 22, 23, 0),
	gsSP2Triangles(21, 23, 24, 0, 25, 26, 27, 0),
	gsSP2Triangles(25, 27, 28, 0, 29, 30, 31, 0),
	gsSPVertex(welkit_castle_past_dl_Cube_mesh_layer_1_vtx_1 + 351, 32, 0),
	gsSP2Triangles(0, 1, 2, 0, 3, 4, 5, 0),
	gsSP2Triangles(3, 5, 6, 0, 7, 8, 9, 0),
	gsSP2Triangles(7, 9, 10, 0, 11, 12, 13, 0),
	gsSP2Triangles(11, 13, 14, 0, 15, 16, 17, 0),
	gsSP2Triangles(15, 17, 18, 0, 19, 20, 21, 0),
	gsSP2Triangles(19, 21, 22, 0, 23, 24, 25, 0),
	gsSP2Triangles(23, 25, 26, 0, 27, 28, 29, 0),
	gsSP2Triangles(27, 29, 30, 0, 29, 31, 30, 0),
	gsSPVertex(welkit_castle_past_dl_Cube_mesh_layer_1_vtx_1 + 383, 32, 0),
	gsSP2Triangles(0, 1, 2, 0, 2, 3, 0, 0),
	gsSP2Triangles(2, 4, 3, 0, 5, 6, 7, 0),
	gsSP2Triangles(5, 7, 8, 0, 9, 10, 11, 0),
	gsSP2Triangles(12, 9, 11, 0, 12, 11, 13, 0),
	gsSP2Triangles(11, 14, 13, 0, 11, 15, 14, 0),
	gsSP2Triangles(12, 13, 16, 0, 17, 18, 19, 0),
	gsSP2Triangles(20, 17, 19, 0, 20, 19, 21, 0),
	gsSP2Triangles(19, 22, 21, 0, 19, 23, 22, 0),
	gsSP2Triangles(20, 21, 24, 0, 25, 26, 27, 0),
	gsSP2Triangles(25, 28, 26, 0, 28, 25, 29, 0),
	gsSP2Triangles(30, 28, 29, 0, 29, 31, 30, 0),
	gsSPVertex(welkit_castle_past_dl_Cube_mesh_layer_1_vtx_1 + 415, 32, 0),
	gsSP2Triangles(0, 1, 2, 0, 0, 3, 1, 0),
	gsSP2Triangles(0, 4, 3, 0, 5, 6, 7, 0),
	gsSP2Triangles(5, 8, 6, 0, 8, 9, 6, 0),
	gsSP2Triangles(8, 10, 9, 0, 10, 11, 9, 0),
	gsSP2Triangles(10, 12, 11, 0, 13, 14, 15, 0),
	gsSP2Triangles(13, 16, 14, 0, 17, 14, 16, 0),
	gsSP2Triangles(18, 17, 16, 0, 16, 19, 18, 0),
	gsSP2Triangles(16, 20, 19, 0, 17, 21, 14, 0),
	gsSP2Triangles(17, 22, 21, 0, 22, 23, 21, 0),
	gsSP2Triangles(24, 21, 23, 0, 25, 26, 27, 0),
	gsSP2Triangles(25, 27, 28, 0, 29, 28, 27, 0),
	gsSP2Triangles(27, 30, 29, 0, 27, 31, 30, 0),
	gsSPVertex(welkit_castle_past_dl_Cube_mesh_layer_1_vtx_1 + 447, 32, 0),
	gsSP2Triangles(0, 1, 2, 0, 3, 4, 5, 0),
	gsSP2Triangles(3, 5, 6, 0, 3, 6, 7, 0),
	gsSP2Triangles(7, 6, 8, 0, 7, 8, 9, 0),
	gsSP2Triangles(9, 8, 10, 0, 9, 10, 11, 0),
	gsSP2Triangles(12, 13, 14, 0, 12, 14, 15, 0),
	gsSP2Triangles(15, 14, 16, 0, 17, 18, 19, 0),
	gsSP2Triangles(17, 20, 18, 0, 21, 20, 17, 0),
	gsSP2Triangles(21, 22, 20, 0, 23, 22, 21, 0),
	gsSP2Triangles(23, 24, 22, 0, 25, 26, 27, 0),
	gsSP2Triangles(25, 27, 28, 0, 29, 30, 31, 0),
	gsSPVertex(welkit_castle_past_dl_Cube_mesh_layer_1_vtx_1 + 479, 31, 0),
	gsSP2Triangles(0, 1, 2, 0, 3, 1, 0, 0),
	gsSP2Triangles(3, 4, 1, 0, 5, 4, 3, 0),
	gsSP2Triangles(5, 6, 4, 0, 7, 6, 5, 0),
	gsSP2Triangles(7, 8, 6, 0, 9, 8, 7, 0),
	gsSP2Triangles(9, 10, 8, 0, 11, 10, 9, 0),
	gsSP2Triangles(11, 12, 10, 0, 13, 12, 11, 0),
	gsSP2Triangles(13, 14, 12, 0, 15, 14, 13, 0),
	gsSP2Triangles(15, 16, 14, 0, 17, 18, 19, 0),
	gsSP2Triangles(17, 19, 20, 0, 21, 17, 20, 0),
	gsSP2Triangles(21, 20, 22, 0, 23, 24, 25, 0),
	gsSP2Triangles(23, 25, 26, 0, 27, 23, 26, 0),
	gsSP2Triangles(27, 26, 28, 0, 29, 27, 28, 0),
	gsSP1Triangle(29, 28, 30, 0),
	gsSPVertex(welkit_castle_past_dl_Cube_mesh_layer_1_vtx_1 + 510, 32, 0),
	gsSP2Triangles(0, 1, 2, 0, 0, 2, 3, 0),
	gsSP2Triangles(4, 0, 3, 0, 3, 5, 4, 0),
	gsSP2Triangles(3, 6, 5, 0, 5, 6, 7, 0),
	gsSP2Triangles(5, 7, 8, 0, 4, 9, 0, 0),
	gsSP2Triangles(10, 11, 12, 0, 10, 12, 13, 0),
	gsSP2Triangles(14, 10, 13, 0, 14, 13, 15, 0),
	gsSP2Triangles(16, 17, 18, 0, 16, 18, 19, 0),
	gsSP2Triangles(20, 21, 22, 0, 20, 22, 23, 0),
	gsSP2Triangles(24, 20, 23, 0, 24, 23, 25, 0),
	gsSP2Triangles(26, 27, 28, 0, 26, 28, 29, 0),
	gsSP2Triangles(30, 26, 29, 0, 30, 29, 31, 0),
	gsSPVertex(welkit_castle_past_dl_Cube_mesh_layer_1_vtx_1 + 542, 32, 0),
	gsSP2Triangles(0, 1, 2, 0, 0, 2, 3, 0),
	gsSP2Triangles(2, 4, 3, 0, 2, 5, 4, 0),
	gsSP2Triangles(6, 4, 5, 0, 5, 7, 6, 0),
	gsSP2Triangles(5, 8, 7, 0, 9, 7, 8, 0),
	gsSP2Triangles(9, 10, 7, 0, 11, 6, 7, 0),
	gsSP2Triangles(11, 7, 12, 0, 13, 14, 15, 0),
	gsSP2Triangles(13, 16, 14, 0, 16, 3, 14, 0),
	gsSP2Triangles(16, 0, 3, 0, 17, 18, 19, 0),
	gsSP2Triangles(19, 20, 17, 0, 19, 21, 20, 0),
	gsSP2Triangles(22, 17, 20, 0, 22, 20, 23, 0),
	gsSP2Triangles(24, 22, 23, 0, 23, 25, 24, 0),
	gsSP2Triangles(23, 26, 25, 0, 27, 22, 24, 0),
	gsSP2Triangles(27, 24, 28, 0, 29, 30, 31, 0),
	gsSPVertex(welkit_castle_past_dl_Cube_mesh_layer_1_vtx_1 + 574, 30, 0),
	gsSP2Triangles(0, 1, 2, 0, 2, 3, 0, 0),
	gsSP2Triangles(4, 5, 6, 0, 4, 6, 7, 0),
	gsSP2Triangles(7, 6, 8, 0, 7, 8, 9, 0),
	gsSP2Triangles(9, 8, 10, 0, 9, 10, 11, 0),
	gsSP2Triangles(12, 13, 14, 0, 12, 14, 15, 0),
	gsSP2Triangles(15, 14, 16, 0, 15, 16, 17, 0),
	gsSP2Triangles(17, 16, 18, 0, 17, 18, 19, 0),
	gsSP2Triangles(19, 18, 20, 0, 19, 20, 21, 0),
	gsSP2Triangles(22, 23, 24, 0, 22, 24, 25, 0),
	gsSP2Triangles(25, 24, 26, 0, 25, 26, 27, 0),
	gsSP2Triangles(27, 26, 28, 0, 27, 28, 29, 0),
	gsSPVertex(welkit_castle_past_dl_Cube_mesh_layer_1_vtx_1 + 604, 30, 0),
	gsSP2Triangles(0, 1, 2, 0, 0, 3, 1, 0),
	gsSP2Triangles(4, 3, 0, 0, 4, 5, 3, 0),
	gsSP2Triangles(6, 5, 4, 0, 6, 7, 5, 0),
	gsSP2Triangles(8, 9, 10, 0, 8, 11, 9, 0),
	gsSP2Triangles(12, 11, 8, 0, 12, 13, 11, 0),
	gsSP2Triangles(14, 13, 12, 0, 14, 15, 13, 0),
	gsSP2Triangles(16, 15, 14, 0, 16, 17, 15, 0),
	gsSP2Triangles(18, 17, 16, 0, 18, 16, 19, 0),
	gsSP2Triangles(20, 21, 22, 0, 20, 23, 21, 0),
	gsSP2Triangles(24, 23, 20, 0, 24, 25, 23, 0),
	gsSP2Triangles(26, 25, 24, 0, 26, 27, 25, 0),
	gsSP2Triangles(26, 28, 27, 0, 28, 29, 27, 0),
	gsSPVertex(welkit_castle_past_dl_Cube_mesh_layer_1_vtx_1 + 634, 31, 0),
	gsSP2Triangles(0, 1, 2, 0, 0, 2, 3, 0),
	gsSP2Triangles(4, 5, 6, 0, 7, 5, 4, 0),
	gsSP2Triangles(7, 4, 8, 0, 9, 10, 11, 0),
	gsSP2Triangles(10, 12, 11, 0, 10, 13, 12, 0),
	gsSP2Triangles(12, 13, 14, 0, 12, 14, 15, 0),
	gsSP2Triangles(15, 14, 16, 0, 14, 17, 16, 0),
	gsSP2Triangles(14, 18, 17, 0, 19, 20, 21, 0),
	gsSP2Triangles(19, 21, 22, 0, 22, 21, 23, 0),
	gsSP2Triangles(22, 23, 24, 0, 24, 23, 25, 0),
	gsSP2Triangles(24, 25, 26, 0, 25, 27, 26, 0),
	gsSP2Triangles(25, 28, 27, 0, 28, 29, 27, 0),
	gsSP1Triangle(28, 30, 29, 0),
	gsSPVertex(welkit_castle_past_dl_Cube_mesh_layer_1_vtx_1 + 665, 10, 0),
	gsSP2Triangles(0, 1, 2, 0, 0, 2, 3, 0),
	gsSP2Triangles(3, 2, 4, 0, 3, 4, 5, 0),
	gsSP2Triangles(5, 4, 6, 0, 5, 6, 7, 0),
	gsSP2Triangles(7, 6, 8, 0, 7, 8, 9, 0),
	gsSPEndDisplayList(),
};

Vtx welkit_castle_past_dl_Cube_mesh_layer_1_vtx_2[1456] = {
	{{{-852, 1112, 4773}, 0, {-962, -2557}, {0x7F, 0x00, 0x00, 0xFF}}},
	{{{-852, 1079, 4648}, 0, {-1470, -2557}, {0x7F, 0x00, 0x00, 0xFF}}},
	{{{-852, 1201, 4773}, 0, {-962, -2557}, {0x7F, 0x00, 0x00, 0xFF}}},
	{{{-974, 1112, 4773}, 0, {-962, 496}, {0x81, 0x00, 0x00, 0xFF}}},
	{{{-974, 1079, 4898}, 0, {-453, 496}, {0x81, 0x00, 0x00, 0xFF}}},
	{{{-974, 1201, 4773}, 0, {-962, 496}, {0x81, 0x00, 0x00, 0xFF}}},
	{{{-852, 1112, 4164}, 0, {-962, -2557}, {0x7F, 0x00, 0x00, 0xFF}}},
	{{{-852, 1079, 4039}, 0, {-1470, -2557}, {0x7F, 0x00, 0x00, 0xFF}}},
	{{{-852, 1201, 4164}, 0, {-962, -2557}, {0x7F, 0x00, 0x00, 0xFF}}},
	{{{-974, 1112, 4164}, 0, {-962, 496}, {0x81, 0x00, 0x00, 0xFF}}},
	{{{-974, 1079, 4289}, 0, {-453, 496}, {0x81, 0x00, 0x00, 0xFF}}},
	{{{-974, 1201, 4164}, 0, {-962, 496}, {0x81, 0x00, 0x00, 0xFF}}},
	{{{-852, 1112, 3555}, 0, {-962, -2557}, {0x7F, 0x00, 0x00, 0xFF}}},
	{{{-852, 1079, 3430}, 0, {-1470, -2557}, {0x7F, 0x00, 0x00, 0xFF}}},
	{{{-852, 1201, 3555}, 0, {-962, -2557}, {0x7F, 0x00, 0x00, 0xFF}}},
	{{{-974, 1112, 3555}, 0, {-962, 496}, {0x81, 0x00, 0x00, 0xFF}}},
	{{{-974, 1079, 3680}, 0, {-453, 496}, {0x81, 0x00, 0x00, 0xFF}}},
	{{{-974, 1201, 3555}, 0, {-962, 496}, {0x81, 0x00, 0x00, 0xFF}}},
	{{{-852, 1112, 2947}, 0, {-962, -2557}, {0x7F, 0x00, 0x00, 0xFF}}},
	{{{-852, 1079, 2822}, 0, {-1470, -2557}, {0x7F, 0x00, 0x00, 0xFF}}},
	{{{-852, 1201, 2947}, 0, {-962, -2557}, {0x7F, 0x00, 0x00, 0xFF}}},
	{{{-974, 1112, 2947}, 0, {-962, 496}, {0x81, 0x00, 0x00, 0xFF}}},
	{{{-974, 1079, 3072}, 0, {-453, 496}, {0x81, 0x00, 0x00, 0xFF}}},
	{{{-974, 1201, 2947}, 0, {-962, 496}, {0x81, 0x00, 0x00, 0xFF}}},
	{{{-852, 1112, 2338}, 0, {-962, -2557}, {0x7F, 0x00, 0x00, 0xFF}}},
	{{{-852, 1079, 2213}, 0, {-1470, -2557}, {0x7F, 0x00, 0x00, 0xFF}}},
	{{{-852, 1201, 2338}, 0, {-962, -2557}, {0x7F, 0x00, 0x00, 0xFF}}},
	{{{-974, 1112, 2338}, 0, {-962, 496}, {0x81, 0x00, 0x00, 0xFF}}},
	{{{-974, 1079, 2463}, 0, {-453, 496}, {0x81, 0x00, 0x00, 0xFF}}},
	{{{-974, 1201, 2338}, 0, {-962, 496}, {0x81, 0x00, 0x00, 0xFF}}},
	{{{852, 1112, 4773}, 0, {-962, -2557}, {0x81, 0x00, 0x00, 0xFF}}},
	{{{852, 1201, 4773}, 0, {-962, -2557}, {0x81, 0x00, 0x00, 0xFF}}},
	{{{852, 1079, 4648}, 0, {-1470, -2557}, {0x81, 0x00, 0x00, 0xFF}}},
	{{{974, 1112, 4773}, 0, {-962, 496}, {0x7F, 0x00, 0x00, 0xFF}}},
	{{{974, 1201, 4773}, 0, {-962, 496}, {0x7F, 0x00, 0x00, 0xFF}}},
	{{{974, 1079, 4898}, 0, {-453, 496}, {0x7F, 0x00, 0x00, 0xFF}}},
	{{{852, 1112, 4164}, 0, {-962, -2557}, {0x81, 0x00, 0x00, 0xFF}}},
	{{{852, 1201, 4164}, 0, {-962, -2557}, {0x81, 0x00, 0x00, 0xFF}}},
	{{{852, 1079, 4039}, 0, {-1470, -2557}, {0x81, 0x00, 0x00, 0xFF}}},
	{{{974, 1112, 4164}, 0, {-962, 496}, {0x7F, 0x00, 0x00, 0xFF}}},
	{{{974, 1201, 4164}, 0, {-962, 496}, {0x7F, 0x00, 0x00, 0xFF}}},
	{{{974, 1079, 4289}, 0, {-453, 496}, {0x7F, 0x00, 0x00, 0xFF}}},
	{{{852, 1112, 3555}, 0, {-962, -2557}, {0x81, 0x00, 0x00, 0xFF}}},
	{{{852, 1201, 3555}, 0, {-962, -2557}, {0x81, 0x00, 0x00, 0xFF}}},
	{{{852, 1079, 3430}, 0, {-1470, -2557}, {0x81, 0x00, 0x00, 0xFF}}},
	{{{974, 1112, 3555}, 0, {-962, 496}, {0x7F, 0x00, 0x00, 0xFF}}},
	{{{974, 1201, 3555}, 0, {-962, 496}, {0x7F, 0x00, 0x00, 0xFF}}},
	{{{974, 1079, 3680}, 0, {-453, 496}, {0x7F, 0x00, 0x00, 0xFF}}},
	{{{852, 1112, 2947}, 0, {-962, -2557}, {0x81, 0x00, 0x00, 0xFF}}},
	{{{852, 1201, 2947}, 0, {-962, -2557}, {0x81, 0x00, 0x00, 0xFF}}},
	{{{852, 1079, 2822}, 0, {-1470, -2557}, {0x81, 0x00, 0x00, 0xFF}}},
	{{{974, 1112, 2947}, 0, {-962, 496}, {0x7F, 0x00, 0x00, 0xFF}}},
	{{{974, 1201, 2947}, 0, {-962, 496}, {0x7F, 0x00, 0x00, 0xFF}}},
	{{{974, 1079, 3072}, 0, {-453, 496}, {0x7F, 0x00, 0x00, 0xFF}}},
	{{{852, 1112, 2338}, 0, {-962, -2557}, {0x81, 0x00, 0x00, 0xFF}}},
	{{{852, 1201, 2338}, 0, {-962, -2557}, {0x81, 0x00, 0x00, 0xFF}}},
	{{{852, 1079, 2213}, 0, {-1470, -2557}, {0x81, 0x00, 0x00, 0xFF}}},
	{{{974, 1112, 2338}, 0, {-962, 496}, {0x7F, 0x00, 0x00, 0xFF}}},
	{{{974, 1201, 2338}, 0, {-962, 496}, {0x7F, 0x00, 0x00, 0xFF}}},
	{{{974, 1079, 2463}, 0, {-453, 496}, {0x7F, 0x00, 0x00, 0xFF}}},
	{{{-868, 2, 2054}, 0, {-946, -612}, {0x7F, 0x00, 0x00, 0xFF}}},
	{{{-868, 539, 2031}, 0, {-1281, -615}, {0x7F, 0x00, 0x00, 0xFF}}},
	{{{-868, 539, 3555}, 0, {-1281, 329}, {0x7F, 0x00, 0x00, 0xFF}}},
	{{{-868, 2, 3555}, 0, {-946, 318}, {0x7F, 0x00, 0x00, 0xFF}}},
	{{{-868, 539, 5080}, 0, {-1281, 1273}, {0x7F, 0x00, 0x00, 0xFF}}},
	{{{-868, 2, 5080}, 0, {-946, 1262}, {0x7F, 0x00, 0x00, 0xFF}}},
	{{{-868, 539, 3555}, 0, {1358, 2584}, {0x00, 0x7F, 0x00, 0xFF}}},
	{{{-1663, 539, 5080}, 0, {855, 3549}, {0x00, 0x7F, 0x00, 0xFF}}},
	{{{-868, 539, 5080}, 0, {1358, 3549}, {0x00, 0x7F, 0x00, 0xFF}}},
	{{{-1663, 539, 3702}, 0, {855, 2677}, {0x00, 0x7F, 0x00, 0xFF}}},
	{{{-1663, 539, 3409}, 0, {855, 2491}, {0x00, 0x7F, 0x00, 0xFF}}},
	{{{-868, 539, 2031}, 0, {1358, 1619}, {0x00, 0x7F, 0x00, 0xFF}}},
	{{{-1663, 539, 2031}, 0, {855, 1619}, {0x00, 0x7F, 0x00, 0xFF}}},
	{{{-1715, 539, 3702}, 0, {822, 2677}, {0x00, 0x7F, 0x00, 0xFF}}},
	{{{-1715, 539, 3409}, 0, {822, 2491}, {0x00, 0x7F, 0x00, 0xFF}}},
	{{{-2296, 539, 3274}, 0, {454, 2405}, {0x00, 0x7F, 0x00, 0xFF}}},
	{{{-1715, 539, 3274}, 0, {822, 2405}, {0x00, 0x7F, 0x00, 0xFF}}},
	{{{-2296, 539, 3837}, 0, {454, 2762}, {0x00, 0x7F, 0x00, 0xFF}}},
	{{{-1715, 539, 3837}, 0, {822, 2762}, {0x00, 0x7F, 0x00, 0xFF}}},
	{{{-1663, 539, 5080}, 0, {1445, 1603}, {0x7F, 0x00, 0x00, 0xFF}}},
	{{{-1663, 539, 3702}, 0, {1445, 750}, {0x7F, 0x00, 0x00, 0xFF}}},
	{{{-1663, 795, 3702}, 0, {1285, 755}, {0x7F, 0x00, 0x00, 0xFF}}},
	{{{-1663, 1283, 5080}, 0, {980, 1619}, {0x7F, 0x00, 0x00, 0xFF}}},
	{{{-1663, 1283, 2043}, 0, {980, -263}, {0x7F, 0x00, 0x00, 0xFF}}},
	{{{-1663, 795, 3409}, 0, {1285, 573}, {0x7F, 0x00, 0x00, 0xFF}}},
	{{{-1663, 539, 3409}, 0, {1445, 568}, {0x7F, 0x00, 0x00, 0xFF}}},
	{{{-1663, 539, 2031}, 0, {1445, -286}, {0x7F, 0x00, 0x00, 0xFF}}},
	{{{-1663, 1283, 5080}, 0, {980, 1619}, {0x00, 0x7F, 0x00, 0xFF}}},
	{{{-1663, 1283, 2043}, 0, {980, -304}, {0x00, 0x7F, 0x00, 0xFF}}},
	{{{-2494, 1283, 2043}, 0, {454, -304}, {0x00, 0x7F, 0x00, 0xFF}}},
	{{{-2494, 1283, 5080}, 0, {454, 1619}, {0x00, 0x7F, 0x00, 0xFF}}},
	{{{-868, 1278, 1821}, 0, {-1357, -2557}, {0x01, 0x00, 0x81, 0xFF}}},
	{{{-1553, 1308, 1821}, 0, {-1791, -2540}, {0x01, 0x00, 0x81, 0xFF}}},
	{{{-1556, 2114, 1817}, 0, {-1790, -2030}, {0x01, 0x00, 0x81, 0xFF}}},
	{{{-1291, 2141, 1821}, 0, {-1624, -2012}, {0x01, 0x00, 0x81, 0xFF}}},
	{{{-1494, 965, 1806}, 0, {2585, 752}, {0x0B, 0x06, 0x82, 0xFF}}},
	{{{-1438, 1100, 1821}, 0, {2622, 837}, {0x09, 0x03, 0x81, 0xFF}}},
	{{{-1438, 800, 1821}, 0, {2616, 647}, {0x13, 0x06, 0x83, 0xFF}}},
	{{{-1557, 1201, 1821}, 0, {2549, 903}, {0x06, 0x03, 0x81, 0xFF}}},
	{{{-1551, 965, 1810}, 0, {2549, 753}, {0xF8, 0x06, 0x81, 0xFF}}},
	{{{-1157, 1100, 1821}, 0, {2799, 832}, {0x00, 0x00, 0x81, 0xFF}}},
	{{{-868, 1278, 1821}, 0, {2985, 940}, {0x00, 0x00, 0x81, 0xFF}}},
	{{{-1157, 800, 1821}, 0, {2793, 642}, {0x00, 0x00, 0x81, 0xFF}}},
	{{{-868, 598, 1821}, 0, {2971, 510}, {0x00, 0x00, 0x81, 0xFF}}},
	{{{-1011, 582, 1821}, 0, {2881, 502}, {0x00, 0x00, 0x81, 0xFF}}},
	{{{-1011, 346, 1821}, 0, {2876, 353}, {0x00, 0x00, 0x81, 0xFF}}},
	{{{-1360, 382, 1820}, 0, {2658, 381}, {0x00, 0x00, 0x81, 0xFF}}},
	{{{-1438, 800, 1821}, 0, {2616, 647}, {0x00, 0x00, 0x81, 0xFF}}},
	{{{-1157, 800, 1821}, 0, {1862, -2270}, {0x00, 0x7F, 0x00, 0xFF}}},
	{{{-1438, 800, 1821}, 0, {1862, -2093}, {0x00, 0x7F, 0x00, 0xFF}}},
	{{{-1438, 800, 2031}, 0, {1996, -2093}, {0x00, 0x7F, 0x00, 0xFF}}},
	{{{-1157, 800, 2031}, 0, {1996, -2271}, {0x00, 0x7F, 0x00, 0xFF}}},
	{{{-1438, 800, 1821}, 0, {2686, -556}, {0x7F, 0x00, 0x00, 0xFF}}},
	{{{-1438, 1100, 1821}, 0, {2686, -368}, {0x7F, 0x00, 0x00, 0xFF}}},
	{{{-1438, 1100, 2031}, 0, {2816, -363}, {0x7F, 0x00, 0x00, 0xFF}}},
	{{{-1438, 800, 2031}, 0, {2816, -551}, {0x7F, 0x00, 0x00, 0xFF}}},
	{{{-1157, 1100, 2031}, 0, {1996, -2271}, {0x00, 0x81, 0x00, 0xFF}}},
	{{{-1438, 1100, 2031}, 0, {1996, -2093}, {0x00, 0x81, 0x00, 0xFF}}},
	{{{-1438, 1100, 1821}, 0, {2129, -2093}, {0x00, 0x81, 0x00, 0xFF}}},
	{{{-1157, 1100, 1821}, 0, {2129, -2271}, {0x00, 0x81, 0x00, 0xFF}}},
	{{{-1157, 1100, 1821}, 0, {2540, -419}, {0x81, 0x00, 0x00, 0xFF}}},
	{{{-1157, 800, 1821}, 0, {2540, -608}, {0x81, 0x00, 0x00, 0xFF}}},
	{{{-1157, 800, 2031}, 0, {2417, -613}, {0x81, 0x00, 0x00, 0xFF}}},
	{{{-1157, 1100, 1821}, 0, {2540, -419}, {0x81, 0x00, 0x00, 0xFF}}},
	{{{-1157, 800, 2031}, 0, {2417, -613}, {0x81, 0x00, 0x00, 0xFF}}},
	{{{-1157, 1100, 2031}, 0, {2417, -423}, {0x81, 0x00, 0x00, 0xFF}}},
	{{{-1157, 800, 5290}, 0, {2293, -613}, {0x81, 0x00, 0x00, 0xFF}}},
	{{{-1157, 1100, 5290}, 0, {2293, -423}, {0x81, 0x00, 0x00, 0xFF}}},
	{{{-1157, 1100, 5080}, 0, {2417, -419}, {0x81, 0x00, 0x00, 0xFF}}},
	{{{-1157, 800, 5080}, 0, {2417, -608}, {0x81, 0x00, 0x00, 0xFF}}},
	{{{-1157, 1100, 5290}, 0, {1285, -1505}, {0x00, 0x81, 0x00, 0xFF}}},
	{{{-1438, 1100, 5290}, 0, {1285, -1327}, {0x00, 0x81, 0x00, 0xFF}}},
	{{{-1438, 1100, 5080}, 0, {1418, -1327}, {0x00, 0x81, 0x00, 0xFF}}},
	{{{-1157, 1100, 5080}, 0, {1418, -1505}, {0x00, 0x81, 0x00, 0xFF}}},
	{{{-1438, 1100, 5290}, 0, {2744, 2854}, {0x7F, 0x00, 0x00, 0xFF}}},
	{{{-1438, 800, 5290}, 0, {2744, 2666}, {0x7F, 0x00, 0x00, 0xFF}}},
	{{{-1438, 800, 5080}, 0, {2614, 2662}, {0x7F, 0x00, 0x00, 0xFF}}},
	{{{-1438, 1100, 5080}, 0, {2614, 2850}, {0x7F, 0x00, 0x00, 0xFF}}},
	{{{-1438, 800, 5080}, 0, {1151, -1327}, {0x00, 0x7F, 0x00, 0xFF}}},
	{{{-1438, 800, 5290}, 0, {1285, -1327}, {0x00, 0x7F, 0x00, 0xFF}}},
	{{{-1157, 800, 5290}, 0, {1285, -1505}, {0x00, 0x7F, 0x00, 0xFF}}},
	{{{-1157, 800, 5080}, 0, {1151, -1505}, {0x00, 0x7F, 0x00, 0xFF}}},
	{{{-1663, 795, 3702}, 0, {1445, 144}, {0x00, 0x81, 0x00, 0xFF}}},
	{{{-1715, 795, 3702}, 0, {1478, 144}, {0x00, 0x81, 0x00, 0xFF}}},
	{{{-1715, 795, 3409}, 0, {1478, -42}, {0x00, 0x81, 0x00, 0xFF}}},
	{{{-1663, 795, 3409}, 0, {1445, -42}, {0x00, 0x81, 0x00, 0xFF}}},
	{{{-1663, 795, 3702}, 0, {1477, -42}, {0x00, 0x00, 0x81, 0xFF}}},
	{{{-1663, 539, 3702}, 0, {1477, -204}, {0x00, 0x00, 0x81, 0xFF}}},
	{{{-1715, 539, 3702}, 0, {1445, -204}, {0x00, 0x00, 0x81, 0xFF}}},
	{{{-1715, 795, 3702}, 0, {1445, -42}, {0x00, 0x00, 0x81, 0xFF}}},
	{{{-1663, 539, 3409}, 0, {-1402, -242}, {0x00, 0x00, 0x7F, 0xFF}}},
	{{{-1663, 795, 3409}, 0, {-1402, -80}, {0x00, 0x00, 0x7F, 0xFF}}},
	{{{-1715, 795, 3409}, 0, {-1371, -79}, {0x00, 0x00, 0x7F, 0xFF}}},
	{{{-1715, 539, 3409}, 0, {-1371, -241}, {0x00, 0x00, 0x7F, 0xFF}}},
	{{{-1715, 795, 3702}, 0, {863, -2286}, {0x81, 0x00, 0x00, 0xFF}}},
	{{{-1715, 539, 3702}, 0, {863, -2447}, {0x81, 0x00, 0x00, 0xFF}}},
	{{{-1715, 539, 3837}, 0, {784, -2450}, {0x81, 0x00, 0x00, 0xFF}}},
	{{{-1715, 1186, 3837}, 0, {784, -2043}, {0x81, 0x00, 0x00, 0xFF}}},
	{{{-1715, 795, 3409}, 0, {1035, -2279}, {0x81, 0x00, 0x00, 0xFF}}},
	{{{-1715, 1186, 3274}, 0, {1114, -2029}, {0x81, 0x00, 0x00, 0xFF}}},
	{{{-1715, 539, 3409}, 0, {1035, -2440}, {0x81, 0x00, 0x00, 0xFF}}},
	{{{-1715, 539, 3274}, 0, {1114, -2437}, {0x81, 0x00, 0x00, 0xFF}}},
	{{{-1715, 1186, 3837}, 0, {3371, 2032}, {0x00, 0x00, 0x81, 0xFF}}},
	{{{-1715, 539, 3837}, 0, {3371, 1623}, {0x00, 0x00, 0x81, 0xFF}}},
	{{{-2296, 539, 3837}, 0, {3005, 1621}, {0x00, 0x00, 0x81, 0xFF}}},
	{{{-2296, 1186, 3837}, 0, {3005, 2031}, {0x00, 0x00, 0x81, 0xFF}}},
	{{{-1715, 1186, 3274}, 0, {-2131, -2490}, {0x00, 0x81, 0x00, 0xFF}}},
	{{{-1715, 1186, 3837}, 0, {-2488, -2490}, {0x00, 0x81, 0x00, 0xFF}}},
	{{{-2296, 1186, 3837}, 0, {-2488, -2122}, {0x00, 0x81, 0x00, 0xFF}}},
	{{{-2296, 1186, 3274}, 0, {-2131, -2122}, {0x00, 0x81, 0x00, 0xFF}}},
	{{{-1715, 539, 3274}, 0, {2513, -2469}, {0x00, 0x00, 0x7F, 0xFF}}},
	{{{-1715, 1186, 3274}, 0, {2513, -2061}, {0x00, 0x00, 0x7F, 0xFF}}},
	{{{-2296, 1186, 3274}, 0, {2852, -2051}, {0x00, 0x00, 0x7F, 0xFF}}},
	{{{-2296, 539, 3274}, 0, {2852, -2459}, {0x00, 0x00, 0x7F, 0xFF}}},
	{{{-2296, 1186, 3274}, 0, {2852, -2062}, {0x7F, 0x00, 0x00, 0xFF}}},
	{{{-2296, 1186, 3837}, 0, {3201, -2051}, {0x7F, 0x00, 0x00, 0xFF}}},
	{{{-2296, 539, 3837}, 0, {3201, -2455}, {0x7F, 0x00, 0x00, 0xFF}}},
	{{{-2296, 539, 3274}, 0, {2852, -2467}, {0x7F, 0x00, 0x00, 0xFF}}},
	{{{-1291, 2141, 5080}, 0, {-190, -2332}, {0x00, 0x7F, 0x00, 0xFF}}},
	{{{-1663, 2141, 5080}, 0, {-190, -2097}, {0x00, 0x7F, 0x00, 0xFF}}},
	{{{-1727, 2141, 5290}, 0, {-57, -2056}, {0x00, 0x7F, 0x00, 0xFF}}},
	{{{-1291, 2141, 5290}, 0, {-57, -2332}, {0x00, 0x7F, 0x00, 0xFF}}},
	{{{-1291, 2141, 1821}, 0, {2545, -598}, {0xFB, 0x7F, 0xF7, 0xFF}}},
	{{{-1556, 2114, 1817}, 0, {2542, -431}, {0xFB, 0x7F, 0xF7, 0xFF}}},
	{{{-1663, 2141, 2043}, 0, {2686, -363}, {0xFB, 0x7F, 0xF7, 0xFF}}},
	{{{-1291, 2141, 2043}, 0, {2686, -598}, {0xFB, 0x7F, 0xF7, 0xFF}}},
	{{{-1663, 2141, 5080}, 0, {454, -802}, {0x00, 0x00, 0x81, 0xFF}}},
	{{{-2494, 1283, 5080}, 0, {997, -1327}, {0x00, 0x00, 0x81, 0xFF}}},
	{{{-2093, 2141, 5080}, 0, {454, -1073}, {0x00, 0x00, 0x81, 0xFF}}},
	{{{-1663, 1283, 5080}, 0, {997, -804}, {0x00, 0x00, 0x81, 0xFF}}},
	{{{-868, 1278, 5080}, 0, {1000, -304}, {0x00, 0x00, 0x81, 0xFF}}},
	{{{-1291, 2141, 5080}, 0, {454, -568}, {0x00, 0x00, 0x81, 0xFF}}},
	{{{-1157, 1100, 5080}, 0, {1112, -486}, {0x00, 0x00, 0x81, 0xFF}}},
	{{{-1157, 800, 5080}, 0, {1302, -487}, {0x00, 0x00, 0x81, 0xFF}}},
	{{{-868, 539, 5080}, 0, {1467, -306}, {0x00, 0x00, 0x81, 0xFF}}},
	{{{-1438, 800, 5080}, 0, {1302, -664}, {0x00, 0x00, 0x81, 0xFF}}},
	{{{-1663, 539, 5080}, 0, {1467, -806}, {0x00, 0x00, 0x81, 0xFF}}},
	{{{-1438, 1100, 5080}, 0, {1112, -663}, {0x00, 0x00, 0x81, 0xFF}}},
	{{{-868, 1278, 5290}, 0, {2989, -239}, {0x72, 0x38, 0x00, 0xFF}}},
	{{{-868, 1278, 5080}, 0, {2859, -231}, {0x72, 0x38, 0x00, 0xFF}}},
	{{{-1291, 2141, 5080}, 0, {2859, 352}, {0x72, 0x38, 0x00, 0xFF}}},
	{{{-1291, 2141, 5290}, 0, {2989, 344}, {0x72, 0x38, 0x00, 0xFF}}},
	{{{-868, 1278, 2043}, 0, {2959, -1212}, {0x72, 0x38, 0x00, 0xFF}}},
	{{{-868, 1278, 1821}, 0, {2822, -1203}, {0x72, 0x38, 0x00, 0xFF}}},
	{{{-1291, 2141, 1821}, 0, {2822, -620}, {0x72, 0x38, 0x00, 0xFF}}},
	{{{-1291, 2141, 2043}, 0, {2959, -628}, {0x72, 0x38, 0x00, 0xFF}}},
	{{{-1727, 1308, 5290}, 0, {-1426, -789}, {0x00, 0x00, 0x7F, 0xFF}}},
	{{{-1291, 2141, 5290}, 0, {-1681, -270}, {0x00, 0x00, 0x7F, 0xFF}}},
	{{{-1727, 2141, 5290}, 0, {-1426, -263}, {0x00, 0x00, 0x7F, 0xFF}}},
	{{{-868, 1278, 5290}, 0, {-1929, -823}, {0x00, 0x00, 0x7F, 0xFF}}},
	{{{-1438, 1100, 5290}, 0, {-1595, -925}, {0x00, 0x00, 0x7F, 0xFF}}},
	{{{-1438, 800, 5290}, 0, {-1595, -1114}, {0x00, 0x00, 0x7F, 0xFF}}},
	{{{-1727, 539, 5290}, 0, {-1426, -1274}, {0x00, 0x00, 0x7F, 0xFF}}},
	{{{-1157, 800, 5290}, 0, {-1760, -1119}, {0x00, 0x00, 0x7F, 0xFF}}},
	{{{-868, 539, 5290}, 0, {-1929, -1289}, {0x00, 0x00, 0x7F, 0xFF}}},
	{{{-1157, 1100, 5290}, 0, {-1760, -930}, {0x00, 0x00, 0x7F, 0xFF}}},
	{{{-852, 1079, 4898}, 0, {-453, -2557}, {0x7F, 0x00, 0x00, 0xFF}}},
	{{{-852, 1112, 4773}, 0, {-962, -2557}, {0x7F, 0x00, 0x00, 0xFF}}},
	{{{-852, 1201, 4773}, 0, {-453, -2557}, {0x7F, 0x00, 0x00, 0xFF}}},
	{{{-852, 1201, 5080}, 0, {56, -2557}, {0x7F, 0x00, 0x00, 0xFF}}},
	{{{-852, 987, 4989}, 0, {56, -2557}, {0x7F, 0x00, 0x00, 0xFF}}},
	{{{-852, 987, 5080}, 0, {565, -2557}, {0x7F, 0x00, 0x00, 0xFF}}},
	{{{-852, 862, 5023}, 0, {565, -2557}, {0x7F, 0x00, 0x00, 0xFF}}},
	{{{-852, 474, 5023}, 0, {565, -2557}, {0x7F, 0x00, 0x00, 0xFF}}},
	{{{-852, 474, 5080}, 0, {565, -2557}, {0x7F, 0x00, 0x00, 0xFF}}},
	{{{-974, 1079, 4898}, 0, {-453, 496}, {0x81, 0x00, 0x00, 0xFF}}},
	{{{-974, 1201, 5080}, 0, {56, 496}, {0x81, 0x00, 0x00, 0xFF}}},
	{{{-974, 1201, 4773}, 0, {-453, 496}, {0x81, 0x00, 0x00, 0xFF}}},
	{{{-974, 987, 4989}, 0, {56, 496}, {0x81, 0x00, 0x00, 0xFF}}},
	{{{-974, 862, 5023}, 0, {565, 496}, {0x81, 0x00, 0x00, 0xFF}}},
	{{{-974, 987, 5080}, 0, {56, 496}, {0x81, 0x00, 0x00, 0xFF}}},
	{{{-852, 1079, 4648}, 0, {-1470, -2557}, {0x7F, 0x00, 0x00, 0xFF}}},
	{{{-852, 1201, 4471}, 0, {-1979, -2557}, {0x7F, 0x00, 0x00, 0xFF}}},
	{{{-852, 1201, 4773}, 0, {-1470, -2557}, {0x7F, 0x00, 0x00, 0xFF}}},
	{{{-852, 987, 4556}, 0, {-1979, -2557}, {0x7F, 0x00, 0x00, 0xFF}}},
	{{{-852, 862, 4523}, 0, {-2488, -2557}, {0x7F, 0x00, 0x00, 0xFF}}},
	{{{-852, 862, 4471}, 0, {-1979, -2557}, {0x7F, 0x00, 0x00, 0xFF}}},
	{{{-974, 1079, 4648}, 0, {-1470, 496}, {0x81, 0x00, 0x00, 0xFF}}},
	{{{-974, 1112, 4773}, 0, {-962, 496}, {0x81, 0x00, 0x00, 0xFF}}},
	{{{-974, 1201, 4773}, 0, {-1470, 496}, {0x81, 0x00, 0x00, 0xFF}}},
	{{{-974, 1201, 4471}, 0, {-1979, 496}, {0x81, 0x00, 0x00, 0xFF}}},
	{{{-974, 987, 4556}, 0, {-1979, 496}, {0x81, 0x00, 0x00, 0xFF}}},
	{{{-974, 862, 4471}, 0, {-2488, 496}, {0x81, 0x00, 0x00, 0xFF}}},
	{{{-974, 862, 4523}, 0, {-2488, 496}, {0x81, 0x00, 0x00, 0xFF}}},
	{{{-974, 520, 4523}, 0, {-2488, 496}, {0x81, 0x00, 0x00, 0xFF}}},
	{{{-974, 520, 4466}, 0, {-2488, 496}, {0x81, 0x00, 0x00, 0xFF}}},
	{{{-974, 862, 5023}, 0, {565, 496}, {0x00, 0xEF, 0x82, 0xFF}}},
	{{{-852, 474, 5023}, 0, {565, -2557}, {0x00, 0x00, 0x81, 0xFF}}},
	{{{-974, 474, 5023}, 0, {565, 496}, {0x00, 0x00, 0x81, 0xFF}}},
	{{{-852, 862, 5023}, 0, {565, -2557}, {0x00, 0xEF, 0x82, 0xFF}}},
	{{{-852, 987, 4989}, 0, {56, -2557}, {0x00, 0xC1, 0x92, 0xFF}}},
	{{{-974, 987, 4989}, 0, {56, 496}, {0x00, 0xC1, 0x92, 0xFF}}},
	{{{-852, 1079, 4898}, 0, {-453, -2557}, {0x00, 0x92, 0xC1, 0xFF}}},
	{{{-974, 1079, 4898}, 0, {-453, 496}, {0x00, 0x92, 0xC1, 0xFF}}},
	{{{-852, 1112, 4773}, 0, {-962, -2557}, {0x00, 0x81, 0x00, 0xFF}}},
	{{{-974, 1112, 4773}, 0, {-962, 496}, {0x00, 0x81, 0x00, 0xFF}}},
	{{{-852, 1079, 4648}, 0, {-1470, -2557}, {0x00, 0x92, 0x3F, 0xFF}}},
	{{{-974, 1079, 4648}, 0, {-1470, 496}, {0x00, 0x92, 0x3F, 0xFF}}},
	{{{-852, 987, 4556}, 0, {-1979, -2557}, {0x00, 0xC1, 0x6E, 0xFF}}},
	{{{-974, 987, 4556}, 0, {-1979, 496}, {0x00, 0xC1, 0x6E, 0xFF}}},
	{{{-852, 862, 4523}, 0, {-2488, -2557}, {0x00, 0xEF, 0x7E, 0xFF}}},
	{{{-974, 862, 4523}, 0, {-2488, 496}, {0x00, 0xEF, 0x7E, 0xFF}}},
	{{{-974, 520, 4523}, 0, {-2488, 496}, {0x00, 0x00, 0x7F, 0xFF}}},
	{{{-852, 520, 4523}, 0, {-2488, -2557}, {0x00, 0x00, 0x7F, 0xFF}}},
	{{{-852, 862, 4523}, 0, {-2488, -2557}, {0x7F, 0x00, 0x00, 0xFF}}},
	{{{-852, 520, 4523}, 0, {-2488, -2557}, {0x7F, 0x00, 0x00, 0xFF}}},
	{{{-852, 520, 4466}, 0, {-2488, -2557}, {0x7F, 0x00, 0x00, 0xFF}}},
	{{{-852, 862, 4471}, 0, {-2488, -2557}, {0x7F, 0x00, 0x00, 0xFF}}},
	{{{-974, 862, 5023}, 0, {565, 496}, {0x81, 0x00, 0x00, 0xFF}}},
	{{{-974, 474, 5023}, 0, {565, 496}, {0x81, 0x00, 0x00, 0xFF}}},
	{{{-974, 474, 5080}, 0, {565, 496}, {0x81, 0x00, 0x00, 0xFF}}},
	{{{-974, 987, 5080}, 0, {565, 496}, {0x81, 0x00, 0x00, 0xFF}}},
	{{{-852, 1079, 4289}, 0, {-453, -2557}, {0x7F, 0x00, 0x00, 0xFF}}},
	{{{-852, 1112, 4164}, 0, {-962, -2557}, {0x7F, 0x00, 0x00, 0xFF}}},
	{{{-852, 1201, 4164}, 0, {-453, -2557}, {0x7F, 0x00, 0x00, 0xFF}}},
	{{{-852, 1201, 4471}, 0, {56, -2557}, {0x7F, 0x00, 0x00, 0xFF}}},
	{{{-852, 987, 4381}, 0, {56, -2557}, {0x7F, 0x00, 0x00, 0xFF}}},
	{{{-852, 862, 4471}, 0, {565, -2557}, {0x7F, 0x00, 0x00, 0xFF}}},
	{{{-852, 987, 4381}, 0, {56, -2557}, {0x7F, 0x00, 0x00, 0xFF}}},
	{{{-852, 862, 4471}, 0, {565, -2557}, {0x7F, 0x00, 0x00, 0xFF}}},
	{{{-852, 862, 4414}, 0, {565, -2557}, {0x7F, 0x00, 0x00, 0xFF}}},
	{{{-852, 520, 4414}, 0, {565, -2557}, {0x7F, 0x00, 0x00, 0xFF}}},
	{{{-852, 520, 4466}, 0, {565, -2557}, {0x7F, 0x00, 0x00, 0xFF}}},
	{{{-974, 1079, 4289}, 0, {-453, 496}, {0x81, 0x00, 0x00, 0xFF}}},
	{{{-974, 1201, 4471}, 0, {56, 496}, {0x81, 0x00, 0x00, 0xFF}}},
	{{{-974, 1201, 4164}, 0, {-453, 496}, {0x81, 0x00, 0x00, 0xFF}}},
	{{{-974, 987, 4381}, 0, {56, 496}, {0x81, 0x00, 0x00, 0xFF}}},
	{{{-974, 862, 4414}, 0, {565, 496}, {0x81, 0x00, 0x00, 0xFF}}},
	{{{-974, 862, 4471}, 0, {56, 496}, {0x81, 0x00, 0x00, 0xFF}}},
	{{{-852, 1079, 4039}, 0, {-1470, -2557}, {0x7F, 0x00, 0x00, 0xFF}}},
	{{{-852, 1201, 3862}, 0, {-1979, -2557}, {0x7F, 0x00, 0x00, 0xFF}}},
	{{{-852, 1201, 4164}, 0, {-1470, -2557}, {0x7F, 0x00, 0x00, 0xFF}}},
	{{{-852, 987, 3948}, 0, {-1979, -2557}, {0x7F, 0x00, 0x00, 0xFF}}},
	{{{-852, 862, 3914}, 0, {-2488, -2557}, {0x7F, 0x00, 0x00, 0xFF}}},
	{{{-852, 862, 3862}, 0, {-1979, -2557}, {0x7F, 0x00, 0x00, 0xFF}}},
	{{{-974, 1079, 4039}, 0, {-1470, 496}, {0x81, 0x00, 0x00, 0xFF}}},
	{{{-974, 1112, 4164}, 0, {-962, 496}, {0x81, 0x00, 0x00, 0xFF}}},
	{{{-974, 1201, 4164}, 0, {-1470, 496}, {0x81, 0x00, 0x00, 0xFF}}},
	{{{-974, 1201, 3857}, 0, {-1979, 496}, {0x81, 0x00, 0x00, 0xFF}}},
	{{{-974, 987, 3948}, 0, {-1979, 496}, {0x81, 0x00, 0x00, 0xFF}}},
	{{{-974, 862, 3862}, 0, {-2488, 496}, {0x81, 0x00, 0x00, 0xFF}}},
	{{{-974, 862, 3914}, 0, {-2488, 496}, {0x81, 0x00, 0x00, 0xFF}}},
	{{{-974, 520, 3914}, 0, {-2488, 496}, {0x81, 0x00, 0x00, 0xFF}}},
	{{{-974, 520, 3862}, 0, {-2488, 496}, {0x81, 0x00, 0x00, 0xFF}}},
	{{{-974, 862, 4414}, 0, {565, 496}, {0x00, 0xEF, 0x82, 0xFF}}},
	{{{-852, 520, 4414}, 0, {565, -2557}, {0x00, 0x00, 0x81, 0xFF}}},
	{{{-974, 520, 4414}, 0, {565, 496}, {0x00, 0x00, 0x81, 0xFF}}},
	{{{-852, 862, 4414}, 0, {565, -2557}, {0x00, 0xEF, 0x82, 0xFF}}},
	{{{-852, 987, 4381}, 0, {56, -2557}, {0x00, 0xC1, 0x92, 0xFF}}},
	{{{-974, 987, 4381}, 0, {56, 496}, {0x00, 0xC1, 0x92, 0xFF}}},
	{{{-974, 987, 4381}, 0, {56, 496}, {0x00, 0xC1, 0x92, 0xFF}}},
	{{{-852, 1079, 4289}, 0, {-453, -2557}, {0x00, 0x92, 0xC1, 0xFF}}},
	{{{-852, 987, 4381}, 0, {56, -2557}, {0x00, 0xC1, 0x92, 0xFF}}},
	{{{-974, 1079, 4289}, 0, {-453, 496}, {0x00, 0x92, 0xC1, 0xFF}}},
	{{{-852, 1112, 4164}, 0, {-962, -2557}, {0x00, 0x81, 0x00, 0xFF}}},
	{{{-974, 1112, 4164}, 0, {-962, 496}, {0x00, 0x81, 0x00, 0xFF}}},
	{{{-852, 1079, 4039}, 0, {-1470, -2557}, {0x00, 0x92, 0x3F, 0xFF}}},
	{{{-974, 1079, 4039}, 0, {-1470, 496}, {0x00, 0x92, 0x3F, 0xFF}}},
	{{{-852, 987, 3948}, 0, {-1979, -2557}, {0x00, 0xC1, 0x6E, 0xFF}}},
	{{{-974, 987, 3948}, 0, {-1979, 496}, {0x00, 0xC1, 0x6E, 0xFF}}},
	{{{-852, 862, 3914}, 0, {-2488, -2557}, {0x00, 0xEF, 0x7E, 0xFF}}},
	{{{-974, 862, 3914}, 0, {-2488, 496}, {0x00, 0xEF, 0x7E, 0xFF}}},
	{{{-974, 520, 3914}, 0, {-2488, 496}, {0x00, 0x00, 0x7F, 0xFF}}},
	{{{-852, 520, 3914}, 0, {-2488, -2557}, {0x00, 0x00, 0x7F, 0xFF}}},
	{{{-852, 862, 3914}, 0, {-2488, -2557}, {0x7F, 0x00, 0x00, 0xFF}}},
	{{{-852, 520, 3914}, 0, {-2488, -2557}, {0x7F, 0x00, 0x00, 0xFF}}},
	{{{-852, 520, 3857}, 0, {-2488, -2557}, {0x7F, 0x00, 0x00, 0xFF}}},
	{{{-852, 862, 3862}, 0, {-2488, -2557}, {0x7F, 0x00, 0x00, 0xFF}}},
	{{{-974, 862, 4414}, 0, {565, 496}, {0x81, 0x00, 0x00, 0xFF}}},
	{{{-974, 520, 4414}, 0, {565, 496}, {0x81, 0x00, 0x00, 0xFF}}},
	{{{-974, 520, 4466}, 0, {565, 496}, {0x81, 0x00, 0x00, 0xFF}}},
	{{{-974, 862, 4471}, 0, {565, 496}, {0x81, 0x00, 0x00, 0xFF}}},
	{{{-852, 1079, 3680}, 0, {-453, -2557}, {0x7F, 0x00, 0x00, 0xFF}}},
	{{{-852, 1112, 3555}, 0, {-962, -2557}, {0x7F, 0x00, 0x00, 0xFF}}},
	{{{-852, 1201, 3555}, 0, {-453, -2557}, {0x7F, 0x00, 0x00, 0xFF}}},
	{{{-852, 1201, 3862}, 0, {56, -2557}, {0x7F, 0x00, 0x00, 0xFF}}},
	{{{-852, 987, 3772}, 0, {56, -2557}, {0x7F, 0x00, 0x00, 0xFF}}},
	{{{-852, 862, 3862}, 0, {565, -2557}, {0x7F, 0x00, 0x00, 0xFF}}},
	{{{-852, 862, 3805}, 0, {565, -2557}, {0x7F, 0x00, 0x00, 0xFF}}},
	{{{-852, 520, 3805}, 0, {565, -2557}, {0x7F, 0x00, 0x00, 0xFF}}},
	{{{-852, 520, 3857}, 0, {565, -2557}, {0x7F, 0x00, 0x00, 0xFF}}},
	{{{-974, 1079, 3680}, 0, {-453, 496}, {0x81, 0x00, 0x00, 0xFF}}},
	{{{-974, 1201, 3857}, 0, {56, 496}, {0x81, 0x00, 0x00, 0xFF}}},
	{{{-974, 1201, 3555}, 0, {-453, 496}, {0x81, 0x00, 0x00, 0xFF}}},
	{{{-974, 987, 3772}, 0, {56, 496}, {0x81, 0x00, 0x00, 0xFF}}},
	{{{-974, 862, 3805}, 0, {565, 496}, {0x81, 0x00, 0x00, 0xFF}}},
	{{{-974, 862, 3862}, 0, {56, 496}, {0x81, 0x00, 0x00, 0xFF}}},
	{{{-852, 1079, 3430}, 0, {-1470, -2557}, {0x7F, 0x00, 0x00, 0xFF}}},
	{{{-852, 1201, 3254}, 0, {-1979, -2557}, {0x7F, 0x00, 0x00, 0xFF}}},
	{{{-852, 1201, 3555}, 0, {-1470, -2557}, {0x7F, 0x00, 0x00, 0xFF}}},
	{{{-852, 987, 3339}, 0, {-1979, -2557}, {0x7F, 0x00, 0x00, 0xFF}}},
	{{{-852, 862, 3305}, 0, {-2488, -2557}, {0x7F, 0x00, 0x00, 0xFF}}},
	{{{-852, 862, 3249}, 0, {-1979, -2557}, {0x7F, 0x00, 0x00, 0xFF}}},
	{{{-974, 1079, 3430}, 0, {-1470, 496}, {0x81, 0x00, 0x00, 0xFF}}},
	{{{-974, 1112, 3555}, 0, {-962, 496}, {0x81, 0x00, 0x00, 0xFF}}},
	{{{-974, 1201, 3555}, 0, {-1470, 496}, {0x81, 0x00, 0x00, 0xFF}}},
	{{{-974, 1201, 3254}, 0, {-1979, 496}, {0x81, 0x00, 0x00, 0xFF}}},
	{{{-974, 987, 3339}, 0, {-1979, 496}, {0x81, 0x00, 0x00, 0xFF}}},
	{{{-974, 862, 3254}, 0, {-2488, 496}, {0x81, 0x00, 0x00, 0xFF}}},
	{{{-974, 862, 3305}, 0, {-2488, 496}, {0x81, 0x00, 0x00, 0xFF}}},
	{{{-974, 520, 3305}, 0, {-2488, 496}, {0x81, 0x00, 0x00, 0xFF}}},
	{{{-974, 520, 3249}, 0, {-2488, 496}, {0x81, 0x00, 0x00, 0xFF}}},
	{{{-974, 862, 3805}, 0, {565, 496}, {0x00, 0xEF, 0x82, 0xFF}}},
	{{{-852, 520, 3805}, 0, {565, -2557}, {0x00, 0x00, 0x81, 0xFF}}},
	{{{-974, 520, 3805}, 0, {565, 496}, {0x00, 0x00, 0x81, 0xFF}}},
	{{{-852, 862, 3805}, 0, {565, -2557}, {0x00, 0xEF, 0x82, 0xFF}}},
	{{{-852, 987, 3772}, 0, {56, -2557}, {0x00, 0xC1, 0x92, 0xFF}}},
	{{{-974, 987, 3772}, 0, {56, 496}, {0x00, 0xC1, 0x92, 0xFF}}},
	{{{-852, 1079, 3680}, 0, {-453, -2557}, {0x00, 0x92, 0xC1, 0xFF}}},
	{{{-974, 1079, 3680}, 0, {-453, 496}, {0x00, 0x92, 0xC1, 0xFF}}},
	{{{-852, 1112, 3555}, 0, {-962, -2557}, {0x00, 0x81, 0x00, 0xFF}}},
	{{{-974, 1112, 3555}, 0, {-962, 496}, {0x00, 0x81, 0x00, 0xFF}}},
	{{{-852, 1079, 3430}, 0, {-1470, -2557}, {0x00, 0x92, 0x3F, 0xFF}}},
	{{{-974, 1112, 3555}, 0, {-962, 496}, {0x00, 0x81, 0x00, 0xFF}}},
	{{{-974, 1079, 3430}, 0, {-1470, 496}, {0x00, 0x92, 0x3F, 0xFF}}},
	{{{-852, 1079, 3430}, 0, {-1470, -2557}, {0x00, 0x92, 0x3F, 0xFF}}},
	{{{-852, 987, 3339}, 0, {-1979, -2557}, {0x00, 0xC1, 0x6E, 0xFF}}},
	{{{-974, 987, 3339}, 0, {-1979, 496}, {0x00, 0xC1, 0x6E, 0xFF}}},
	{{{-852, 862, 3305}, 0, {-2488, -2557}, {0x00, 0xEF, 0x7E, 0xFF}}},
	{{{-974, 862, 3305}, 0, {-2488, 496}, {0x00, 0xEF, 0x7E, 0xFF}}},
	{{{-974, 520, 3305}, 0, {-2488, 496}, {0x00, 0x00, 0x7F, 0xFF}}},
	{{{-852, 520, 3305}, 0, {-2488, -2557}, {0x00, 0x00, 0x7F, 0xFF}}},
	{{{-852, 862, 3305}, 0, {-2488, -2557}, {0x7F, 0x00, 0x00, 0xFF}}},
	{{{-852, 520, 3305}, 0, {-2488, -2557}, {0x7F, 0x00, 0x00, 0xFF}}},
	{{{-852, 520, 3249}, 0, {-2488, -2557}, {0x7F, 0x00, 0x00, 0xFF}}},
	{{{-852, 862, 3249}, 0, {-2488, -2557}, {0x7F, 0x00, 0x00, 0xFF}}},
	{{{-974, 862, 3805}, 0, {565, 496}, {0x81, 0x00, 0x00, 0xFF}}},
	{{{-974, 520, 3805}, 0, {565, 496}, {0x81, 0x00, 0x00, 0xFF}}},
	{{{-974, 520, 3862}, 0, {565, 496}, {0x81, 0x00, 0x00, 0xFF}}},
	{{{-974, 862, 3862}, 0, {565, 496}, {0x81, 0x00, 0x00, 0xFF}}},
	{{{-852, 1079, 3072}, 0, {-453, -2557}, {0x7F, 0x00, 0x00, 0xFF}}},
	{{{-852, 1112, 2947}, 0, {-962, -2557}, {0x7F, 0x00, 0x00, 0xFF}}},
	{{{-852, 1201, 2947}, 0, {-453, -2557}, {0x7F, 0x00, 0x00, 0xFF}}},
	{{{-852, 1201, 3254}, 0, {56, -2557}, {0x7F, 0x00, 0x00, 0xFF}}},
	{{{-852, 987, 3163}, 0, {56, -2557}, {0x7F, 0x00, 0x00, 0xFF}}},
	{{{-852, 862, 3249}, 0, {565, -2557}, {0x7F, 0x00, 0x00, 0xFF}}},
	{{{-852, 862, 3197}, 0, {565, -2557}, {0x7F, 0x00, 0x00, 0xFF}}},
	{{{-852, 520, 3197}, 0, {565, -2557}, {0x7F, 0x00, 0x00, 0xFF}}},
	{{{-852, 520, 3249}, 0, {565, -2557}, {0x7F, 0x00, 0x00, 0xFF}}},
	{{{-974, 1079, 3072}, 0, {-453, 496}, {0x81, 0x00, 0x00, 0xFF}}},
	{{{-974, 1201, 3254}, 0, {56, 496}, {0x81, 0x00, 0x00, 0xFF}}},
	{{{-974, 1201, 2947}, 0, {-453, 496}, {0x81, 0x00, 0x00, 0xFF}}},
	{{{-974, 987, 3163}, 0, {56, 496}, {0x81, 0x00, 0x00, 0xFF}}},
	{{{-974, 862, 3197}, 0, {565, 496}, {0x81, 0x00, 0x00, 0xFF}}},
	{{{-974, 862, 3254}, 0, {56, 496}, {0x81, 0x00, 0x00, 0xFF}}},
	{{{-852, 1079, 2822}, 0, {-1470, -2557}, {0x7F, 0x00, 0x00, 0xFF}}},
	{{{-852, 1201, 2645}, 0, {-1979, -2557}, {0x7F, 0x00, 0x00, 0xFF}}},
	{{{-852, 1201, 2947}, 0, {-1470, -2557}, {0x7F, 0x00, 0x00, 0xFF}}},
	{{{-852, 987, 2730}, 0, {-1979, -2557}, {0x7F, 0x00, 0x00, 0xFF}}},
	{{{-852, 862, 2697}, 0, {-2488, -2557}, {0x7F, 0x00, 0x00, 0xFF}}},
	{{{-852, 862, 2645}, 0, {-1979, -2557}, {0x7F, 0x00, 0x00, 0xFF}}},
	{{{-974, 1079, 2822}, 0, {-1470, 496}, {0x81, 0x00, 0x00, 0xFF}}},
	{{{-974, 1112, 2947}, 0, {-962, 496}, {0x81, 0x00, 0x00, 0xFF}}},
	{{{-974, 1201, 2947}, 0, {-1470, 496}, {0x81, 0x00, 0x00, 0xFF}}},
	{{{-974, 1201, 2645}, 0, {-1979, 496}, {0x81, 0x00, 0x00, 0xFF}}},
	{{{-974, 987, 2730}, 0, {-1979, 496}, {0x81, 0x00, 0x00, 0xFF}}},
	{{{-974, 862, 2640}, 0, {-2488, 496}, {0x81, 0x00, 0x00, 0xFF}}},
	{{{-974, 862, 2697}, 0, {-2488, 496}, {0x81, 0x00, 0x00, 0xFF}}},
	{{{-974, 520, 2697}, 0, {-2488, 496}, {0x81, 0x00, 0x00, 0xFF}}},
	{{{-974, 520, 2645}, 0, {-2488, 496}, {0x81, 0x00, 0x00, 0xFF}}},
	{{{-974, 862, 3197}, 0, {565, 496}, {0x00, 0xEF, 0x82, 0xFF}}},
	{{{-852, 520, 3197}, 0, {565, -2557}, {0x00, 0x00, 0x81, 0xFF}}},
	{{{-974, 520, 3197}, 0, {565, 496}, {0x00, 0x00, 0x81, 0xFF}}},
	{{{-852, 862, 3197}, 0, {565, -2557}, {0x00, 0xEF, 0x82, 0xFF}}},
	{{{-852, 987, 3163}, 0, {56, -2557}, {0x00, 0xC1, 0x92, 0xFF}}},
	{{{-974, 987, 3163}, 0, {56, 496}, {0x00, 0xC1, 0x92, 0xFF}}},
	{{{-852, 1079, 3072}, 0, {-453, -2557}, {0x00, 0x92, 0xC1, 0xFF}}},
	{{{-974, 1079, 3072}, 0, {-453, 496}, {0x00, 0x92, 0xC1, 0xFF}}},
	{{{-852, 1112, 2947}, 0, {-962, -2557}, {0x00, 0x81, 0x00, 0xFF}}},
	{{{-974, 1112, 2947}, 0, {-962, 496}, {0x00, 0x81, 0x00, 0xFF}}},
	{{{-852, 1079, 2822}, 0, {-1470, -2557}, {0x00, 0x92, 0x3F, 0xFF}}},
	{{{-974, 1079, 2822}, 0, {-1470, 496}, {0x00, 0x92, 0x3F, 0xFF}}},
	{{{-852, 987, 2730}, 0, {-1979, -2557}, {0x00, 0xC1, 0x6E, 0xFF}}},
	{{{-974, 987, 2730}, 0, {-1979, 496}, {0x00, 0xC1, 0x6E, 0xFF}}},
	{{{-852, 862, 2697}, 0, {-2488, -2557}, {0x00, 0xEF, 0x7E, 0xFF}}},
	{{{-974, 862, 2697}, 0, {-2488, 496}, {0x00, 0xEF, 0x7E, 0xFF}}},
	{{{-974, 520, 2697}, 0, {-2488, 496}, {0x00, 0x00, 0x7F, 0xFF}}},
	{{{-852, 862, 2697}, 0, {-2488, -2557}, {0x00, 0xEF, 0x7E, 0xFF}}},
	{{{-974, 520, 2697}, 0, {-2488, 496}, {0x00, 0x00, 0x7F, 0xFF}}},
	{{{-852, 520, 2697}, 0, {-2488, -2557}, {0x00, 0x00, 0x7F, 0xFF}}},
	{{{-852, 862, 2697}, 0, {-2488, -2557}, {0x7F, 0x00, 0x00, 0xFF}}},
	{{{-852, 520, 2697}, 0, {-2488, -2557}, {0x7F, 0x00, 0x00, 0xFF}}},
	{{{-852, 520, 2645}, 0, {-2488, -2557}, {0x7F, 0x00, 0x00, 0xFF}}},
	{{{-852, 862, 2645}, 0, {-2488, -2557}, {0x7F, 0x00, 0x00, 0xFF}}},
	{{{-974, 862, 3197}, 0, {565, 496}, {0x81, 0x00, 0x00, 0xFF}}},
	{{{-974, 520, 3197}, 0, {565, 496}, {0x81, 0x00, 0x00, 0xFF}}},
	{{{-974, 520, 3249}, 0, {565, 496}, {0x81, 0x00, 0x00, 0xFF}}},
	{{{-974, 862, 3254}, 0, {565, 496}, {0x81, 0x00, 0x00, 0xFF}}},
	{{{-852, 1079, 2463}, 0, {-453, -2557}, {0x7F, 0x00, 0x00, 0xFF}}},
	{{{-852, 1112, 2338}, 0, {-962, -2557}, {0x7F, 0x00, 0x00, 0xFF}}},
	{{{-852, 1201, 2338}, 0, {-453, -2557}, {0x7F, 0x00, 0x00, 0xFF}}},
	{{{-852, 1201, 2645}, 0, {56, -2557}, {0x7F, 0x00, 0x00, 0xFF}}},
	{{{-852, 987, 2555}, 0, {56, -2557}, {0x7F, 0x00, 0x00, 0xFF}}},
	{{{-852, 862, 2645}, 0, {565, -2557}, {0x7F, 0x00, 0x00, 0xFF}}},
	{{{-852, 862, 2588}, 0, {565, -2557}, {0x7F, 0x00, 0x00, 0xFF}}},
	{{{-852, 520, 2588}, 0, {565, -2557}, {0x7F, 0x00, 0x00, 0xFF}}},
	{{{-852, 520, 2645}, 0, {565, -2557}, {0x7F, 0x00, 0x00, 0xFF}}},
	{{{-974, 1079, 2463}, 0, {-453, 496}, {0x81, 0x00, 0x00, 0xFF}}},
	{{{-974, 1201, 2645}, 0, {56, 496}, {0x81, 0x00, 0x00, 0xFF}}},
	{{{-974, 1201, 2338}, 0, {-453, 496}, {0x81, 0x00, 0x00, 0xFF}}},
	{{{-974, 987, 2555}, 0, {56, 496}, {0x81, 0x00, 0x00, 0xFF}}},
	{{{-974, 862, 2588}, 0, {565, 496}, {0x81, 0x00, 0x00, 0xFF}}},
	{{{-974, 862, 2640}, 0, {56, 496}, {0x81, 0x00, 0x00, 0xFF}}},
	{{{-852, 1079, 2213}, 0, {-1470, -2557}, {0x7F, 0x00, 0x00, 0xFF}}},
	{{{-852, 1201, 2031}, 0, {-1979, -2557}, {0x7F, 0x00, 0x00, 0xFF}}},
	{{{-852, 1201, 2338}, 0, {-1470, -2557}, {0x7F, 0x00, 0x00, 0xFF}}},
	{{{-852, 987, 2122}, 0, {-1979, -2557}, {0x7F, 0x00, 0x00, 0xFF}}},
	{{{-852, 862, 2088}, 0, {-2488, -2557}, {0x7F, 0x00, 0x00, 0xFF}}},
	{{{-852, 987, 2031}, 0, {-1979, -2557}, {0x7F, 0x00, 0x00, 0xFF}}},
	{{{-974, 1079, 2213}, 0, {-1470, 496}, {0x81, 0x00, 0x00, 0xFF}}},
	{{{-974, 1112, 2338}, 0, {-962, 496}, {0x81, 0x00, 0x00, 0xFF}}},
	{{{-974, 1201, 2338}, 0, {-1470, 496}, {0x81, 0x00, 0x00, 0xFF}}},
	{{{-974, 1201, 2031}, 0, {-1979, 496}, {0x81, 0x00, 0x00, 0xFF}}},
	{{{-974, 987, 2122}, 0, {-1979, 496}, {0x81, 0x00, 0x00, 0xFF}}},
	{{{-974, 987, 2031}, 0, {-2488, 496}, {0x81, 0x00, 0x00, 0xFF}}},
	{{{-974, 862, 2088}, 0, {-2488, 496}, {0x81, 0x00, 0x00, 0xFF}}},
	{{{-974, 480, 2088}, 0, {-2488, 496}, {0x81, 0x00, 0x00, 0xFF}}},
	{{{-974, 480, 2031}, 0, {-2488, 496}, {0x81, 0x00, 0x00, 0xFF}}},
	{{{-974, 862, 2588}, 0, {565, 496}, {0x00, 0xEF, 0x82, 0xFF}}},
	{{{-852, 520, 2588}, 0, {565, -2557}, {0x00, 0x00, 0x81, 0xFF}}},
	{{{-974, 520, 2588}, 0, {565, 496}, {0x00, 0x00, 0x81, 0xFF}}},
	{{{-852, 862, 2588}, 0, {565, -2557}, {0x00, 0xEF, 0x82, 0xFF}}},
	{{{-852, 987, 2555}, 0, {56, -2557}, {0x00, 0xC1, 0x92, 0xFF}}},
	{{{-974, 987, 2555}, 0, {56, 496}, {0x00, 0xC1, 0x92, 0xFF}}},
	{{{-852, 1079, 2463}, 0, {-453, -2557}, {0x00, 0x92, 0xC1, 0xFF}}},
	{{{-974, 1079, 2463}, 0, {-453, 496}, {0x00, 0x92, 0xC1, 0xFF}}},
	{{{-852, 1112, 2338}, 0, {-962, -2557}, {0x00, 0x81, 0x00, 0xFF}}},
	{{{-974, 1112, 2338}, 0, {-962, 496}, {0x00, 0x81, 0x00, 0xFF}}},
	{{{-852, 1079, 2213}, 0, {-1470, -2557}, {0x00, 0x92, 0x3F, 0xFF}}},
	{{{-974, 1079, 2213}, 0, {-1470, 496}, {0x00, 0x92, 0x3F, 0xFF}}},
	{{{-852, 987, 2122}, 0, {-1979, -2557}, {0x00, 0xC1, 0x6E, 0xFF}}},
	{{{-974, 987, 2122}, 0, {-1979, 496}, {0x00, 0xC1, 0x6E, 0xFF}}},
	{{{-852, 862, 2088}, 0, {-2488, -2557}, {0x00, 0xEF, 0x7E, 0xFF}}},
	{{{-974, 862, 2088}, 0, {-2488, 496}, {0x00, 0xEF, 0x7E, 0xFF}}},
	{{{-974, 480, 2088}, 0, {-2488, 496}, {0x00, 0x00, 0x7F, 0xFF}}},
	{{{-852, 480, 2088}, 0, {-2488, -2557}, {0x00, 0x00, 0x7F, 0xFF}}},
	{{{-852, 862, 2088}, 0, {-2488, -2557}, {0x7F, 0x00, 0x00, 0xFF}}},
	{{{-852, 480, 2088}, 0, {-2488, -2557}, {0x7F, 0x00, 0x00, 0xFF}}},
	{{{-852, 480, 2031}, 0, {-2488, -2557}, {0x7F, 0x00, 0x00, 0xFF}}},
	{{{-852, 987, 2031}, 0, {-2488, -2557}, {0x7F, 0x00, 0x00, 0xFF}}},
	{{{-974, 862, 2588}, 0, {565, 496}, {0x81, 0x00, 0x00, 0xFF}}},
	{{{-974, 520, 2588}, 0, {565, 496}, {0x81, 0x00, 0x00, 0xFF}}},
	{{{-974, 520, 2645}, 0, {565, 496}, {0x81, 0x00, 0x00, 0xFF}}},
	{{{-974, 862, 2640}, 0, {565, 496}, {0x81, 0x00, 0x00, 0xFF}}},
	{{{-852, 474, 5080}, 0, {565, -2557}, {0x00, 0x00, 0x7F, 0xFF}}},
	{{{-852, 987, 5080}, 0, {565, -2557}, {0x00, 0x00, 0x7F, 0xFF}}},
	{{{-974, 987, 5080}, 0, {565, 496}, {0x00, 0x00, 0x7F, 0xFF}}},
	{{{-974, 474, 5080}, 0, {565, 496}, {0x00, 0x00, 0x7F, 0xFF}}},
	{{{-852, 1201, 5080}, 0, {56, -2557}, {0x00, 0x00, 0x7F, 0xFF}}},
	{{{-974, 1201, 5080}, 0, {56, 496}, {0x00, 0x00, 0x7F, 0xFF}}},
	{{{-974, 987, 5080}, 0, {56, 496}, {0x00, 0x00, 0x7F, 0xFF}}},
	{{{-852, 1201, 2031}, 0, {-1979, -2557}, {0x00, 0x00, 0x81, 0xFF}}},
	{{{-852, 987, 2031}, 0, {-1979, -2557}, {0x00, 0x00, 0x81, 0xFF}}},
	{{{-974, 987, 2031}, 0, {-2488, 496}, {0x00, 0x00, 0x81, 0xFF}}},
	{{{-974, 1201, 2031}, 0, {-1979, 496}, {0x00, 0x00, 0x81, 0xFF}}},
	{{{-852, 987, 2031}, 0, {-2488, -2557}, {0x00, 0x00, 0x81, 0xFF}}},
	{{{-852, 480, 2031}, 0, {-2488, -2557}, {0x00, 0x00, 0x81, 0xFF}}},
	{{{-974, 480, 2031}, 0, {-2488, 496}, {0x00, 0x00, 0x81, 0xFF}}},
	{{{-852, 520, 2588}, 0, {565, -2557}, {0x00, 0x81, 0x00, 0xFF}}},
	{{{-852, 520, 2645}, 0, {565, -2557}, {0x00, 0x81, 0x00, 0xFF}}},
	{{{-974, 520, 2645}, 0, {565, 496}, {0x00, 0x81, 0x00, 0xFF}}},
	{{{-974, 520, 2588}, 0, {565, 496}, {0x00, 0x81, 0x00, 0xFF}}},
	{{{-852, 520, 2645}, 0, {-2488, -2557}, {0x00, 0x81, 0x00, 0xFF}}},
	{{{-852, 520, 2697}, 0, {-2488, -2557}, {0x00, 0x81, 0x00, 0xFF}}},
	{{{-974, 520, 2697}, 0, {-2488, 496}, {0x00, 0x81, 0x00, 0xFF}}},
	{{{-974, 520, 2645}, 0, {-2488, 496}, {0x00, 0x81, 0x00, 0xFF}}},
	{{{-974, 520, 3305}, 0, {-2488, 496}, {0x00, 0x81, 0x00, 0xFF}}},
	{{{-974, 520, 3249}, 0, {-2488, 496}, {0x00, 0x81, 0x00, 0xFF}}},
	{{{-852, 520, 3249}, 0, {-2488, -2557}, {0x00, 0x81, 0x00, 0xFF}}},
	{{{-852, 520, 3305}, 0, {-2488, -2557}, {0x00, 0x81, 0x00, 0xFF}}},
	{{{-974, 520, 3249}, 0, {565, 496}, {0x00, 0x81, 0x00, 0xFF}}},
	{{{-974, 520, 3197}, 0, {565, 496}, {0x00, 0x81, 0x00, 0xFF}}},
	{{{-852, 520, 3197}, 0, {565, -2557}, {0x00, 0x81, 0x00, 0xFF}}},
	{{{-852, 520, 3249}, 0, {565, -2557}, {0x00, 0x81, 0x00, 0xFF}}},
	{{{-974, 520, 3914}, 0, {-2488, 496}, {0x00, 0x81, 0x00, 0xFF}}},
	{{{-974, 520, 3862}, 0, {-2488, 496}, {0x00, 0x81, 0x00, 0xFF}}},
	{{{-852, 520, 3857}, 0, {-2488, -2557}, {0x00, 0x81, 0x00, 0xFF}}},
	{{{-852, 520, 3914}, 0, {-2488, -2557}, {0x00, 0x81, 0x00, 0xFF}}},
	{{{-974, 520, 3862}, 0, {565, 496}, {0x00, 0x81, 0x00, 0xFF}}},
	{{{-974, 520, 3805}, 0, {565, 496}, {0x00, 0x81, 0x00, 0xFF}}},
	{{{-852, 520, 3805}, 0, {565, -2557}, {0x00, 0x81, 0x00, 0xFF}}},
	{{{-852, 520, 3857}, 0, {565, -2557}, {0x00, 0x81, 0x00, 0xFF}}},
	{{{-974, 520, 4523}, 0, {-2488, 496}, {0x00, 0x81, 0x00, 0xFF}}},
	{{{-974, 520, 4466}, 0, {-2488, 496}, {0x00, 0x81, 0x00, 0xFF}}},
	{{{-852, 520, 4466}, 0, {-2488, -2557}, {0x00, 0x81, 0x00, 0xFF}}},
	{{{-852, 520, 4523}, 0, {-2488, -2557}, {0x00, 0x81, 0x00, 0xFF}}},
	{{{-974, 520, 4466}, 0, {565, 496}, {0x00, 0x81, 0x00, 0xFF}}},
	{{{-974, 520, 4414}, 0, {565, 496}, {0x00, 0x81, 0x00, 0xFF}}},
	{{{-852, 520, 4414}, 0, {565, -2557}, {0x00, 0x81, 0x00, 0xFF}}},
	{{{-852, 520, 4466}, 0, {565, -2557}, {0x00, 0x81, 0x00, 0xFF}}},
	{{{-852, 480, 2031}, 0, {-2488, -2557}, {0x00, 0x81, 0x00, 0xFF}}},
	{{{-852, 480, 2088}, 0, {-2488, -2557}, {0x00, 0x81, 0x00, 0xFF}}},
	{{{-974, 480, 2088}, 0, {-2488, 496}, {0x00, 0x81, 0x00, 0xFF}}},
	{{{-974, 480, 2031}, 0, {-2488, 496}, {0x00, 0x81, 0x00, 0xFF}}},
	{{{-852, 474, 5023}, 0, {565, -2557}, {0x00, 0x81, 0x00, 0xFF}}},
	{{{-852, 474, 5080}, 0, {565, -2557}, {0x00, 0x81, 0x00, 0xFF}}},
	{{{-974, 474, 5080}, 0, {565, 496}, {0x00, 0x81, 0x00, 0xFF}}},
	{{{-974, 474, 5023}, 0, {565, 496}, {0x00, 0x81, 0x00, 0xFF}}},
	{{{-1517, 1201, 1759}, 0, {-567, -1836}, {0x00, 0xD0, 0x8A, 0xFF}}},
	{{{-1493, 1308, 1716}, 0, {-634, -1818}, {0x00, 0xD0, 0x8A, 0xFF}}},
	{{{-705, 1308, 1716}, 0, {-634, -1322}, {0x00, 0xD0, 0x8A, 0xFF}}},
	{{{-705, 1201, 1759}, 0, {-567, -1325}, {0x00, 0xD0, 0x8A, 0xFF}}},
	{{{-1557, 1201, 1821}, 0, {-742, 1313}, {0x00, 0x81, 0x00, 0xFF}}},
	{{{-1517, 1201, 1759}, 0, {-767, 1273}, {0x00, 0x81, 0x00, 0xFF}}},
	{{{-705, 1201, 1759}, 0, {-1281, 1273}, {0x00, 0x81, 0x00, 0xFF}}},
	{{{-868, 1201, 1821}, 0, {-1178, 1313}, {0x00, 0x81, 0x00, 0xFF}}},
	{{{-835, 1201, 1821}, 0, {-1199, 1313}, {0x00, 0x81, 0x00, 0xFF}}},
	{{{-802, 1201, 2055}, 0, {-1220, 1461}, {0x00, 0x81, 0x00, 0xFF}}},
	{{{-705, 1201, 5352}, 0, {-1281, 3549}, {0x00, 0x81, 0x00, 0xFF}}},
	{{{-799, 1201, 5049}, 0, {-1222, 3356}, {0x00, 0x81, 0x00, 0xFF}}},
	{{{-833, 1201, 5304}, 0, {-1200, 3518}, {0x00, 0x81, 0x00, 0xFF}}},
	{{{-1727, 1201, 5290}, 0, {-634, 3509}, {0x00, 0x81, 0x00, 0xFF}}},
	{{{-1727, 1201, 5352}, 0, {-634, 3549}, {0x00, 0x81, 0x00, 0xFF}}},
	{{{-868, 1201, 5290}, 0, {-1178, 3509}, {0x00, 0x81, 0x00, 0xFF}}},
	{{{-846, 1201, 5014}, 0, {-1192, 3335}, {0x00, 0x81, 0x00, 0xFF}}},
	{{{-848, 1201, 2058}, 0, {-1191, 1463}, {0x00, 0x81, 0x00, 0xFF}}},
	{{{-1493, 1308, 1716}, 0, {-1781, 1219}, {0x00, 0x7F, 0x00, 0xFF}}},
	{{{-1553, 1308, 1821}, 0, {-1819, 1285}, {0x00, 0x7F, 0x00, 0xFF}}},
	{{{-868, 1308, 1821}, 0, {-1385, 1285}, {0x00, 0x7F, 0x00, 0xFF}}},
	{{{-705, 1308, 1716}, 0, {-1282, 1219}, {0x00, 0x7F, 0x00, 0xFF}}},
	{{{-868, 1308, 5290}, 0, {-1384, 3482}, {0x00, 0x7F, 0x00, 0xFF}}},
	{{{-705, 1308, 5395}, 0, {-1281, 3549}, {0x00, 0x7F, 0x00, 0xFF}}},
	{{{-1727, 1308, 5290}, 0, {-1929, 3482}, {0x00, 0x7F, 0x00, 0xFF}}},
	{{{-1727, 1308, 5395}, 0, {-1929, 3549}, {0x00, 0x7F, 0x00, 0xFF}}},
	{{{-705, 1201, 1759}, 0, {-567, 1293}, {0x7F, 0x00, 0x00, 0xFF}}},
	{{{-705, 1308, 1716}, 0, {-634, 1268}, {0x7F, 0x00, 0x00, 0xFF}}},
	{{{-705, 1308, 5395}, 0, {-634, 3549}, {0x7F, 0x00, 0x00, 0xFF}}},
	{{{-705, 1201, 5352}, 0, {-567, 3520}, {0x7F, 0x00, 0x00, 0xFF}}},
	{{{-1727, 1308, 5395}, 0, {-1346, -6}, {0x00, 0xD0, 0x76, 0xFF}}},
	{{{-1727, 1201, 5352}, 0, {-1281, -18}, {0x00, 0xD0, 0x76, 0xFF}}},
	{{{-705, 1201, 5352}, 0, {-1281, -615}, {0x00, 0xD0, 0x76, 0xFF}}},
	{{{-705, 1308, 5395}, 0, {-1346, -603}, {0x00, 0xD0, 0x76, 0xFF}}},
	{{{-1620, 2108, 888}, 0, {-1287, 903}, {0x7C, 0xE6, 0x00, 0xFF}}},
	{{{-1597, 2215, 1389}, 0, {-1352, 1219}, {0x7C, 0xE6, 0x00, 0xFF}}},
	{{{-1620, 2108, 1368}, 0, {-1287, 1201}, {0x7C, 0xE6, 0x00, 0xFF}}},
	{{{-1597, 2215, 898}, 0, {-1352, 915}, {0x7C, 0xE6, 0x00, 0xFF}}},
	{{{-1620, 2108, 588}, 0, {-1287, 718}, {0x7C, 0xE6, 0x00, 0xFF}}},
	{{{-1597, 2215, 606}, 0, {-1352, 734}, {0x7C, 0xE6, 0x00, 0xFF}}},
	{{{-1620, 2108, -336}, 0, {-1287, 146}, {0x7C, 0xE6, 0x00, 0xFF}}},
	{{{-1597, 2215, -352}, 0, {-1352, 141}, {0x7C, 0xE6, 0x00, 0xFF}}},
	{{{-1746, 2109, -334}, 0, {-1352, 142}, {0xFF, 0x81, 0x00, 0xFF}}},
	{{{-1620, 2108, -336}, 0, {-1431, 141}, {0xFF, 0x81, 0x00, 0xFF}}},
	{{{-1620, 2108, 588}, 0, {-1431, 726}, {0xFF, 0x81, 0x00, 0xFF}}},
	{{{-1745, 2109, 1329}, 0, {-1352, 1195}, {0xFF, 0x81, 0x00, 0xFF}}},
	{{{-1620, 2108, 888}, 0, {-1431, 915}, {0xFF, 0x81, 0x00, 0xFF}}},
	{{{-1633, 2108, 1357}, 0, {-1423, 1212}, {0x00, 0x81, 0x00, 0xFF}}},
	{{{-1620, 2108, 1368}, 0, {-1431, 1219}, {0x00, 0x81, 0x00, 0xFF}}},
	{{{-1597, 2215, -352}, 0, {-567, 167}, {0x00, 0x7F, 0x00, 0xFF}}},
	{{{-1707, 2215, -352}, 0, {-637, 167}, {0x00, 0x7F, 0x00, 0xFF}}},
	{{{-1709, 2215, 545}, 0, {-638, 734}, {0x00, 0x7F, 0x00, 0xFF}}},
	{{{-1597, 2215, 606}, 0, {-567, 773}, {0x00, 0x7F, 0x00, 0xFF}}},
	{{{-1709, 2215, 600}, 0, {-638, 769}, {0x00, 0x7F, 0x00, 0xFF}}},
	{{{-1709, 2215, 880}, 0, {-638, 946}, {0x00, 0x7F, 0x00, 0xFF}}},
	{{{-1597, 2215, 898}, 0, {-567, 958}, {0x00, 0x7F, 0x00, 0xFF}}},
	{{{-1597, 2215, 1389}, 0, {-567, 1268}, {0x00, 0x7F, 0x00, 0xFF}}},
	{{{-1633, 2215, 1357}, 0, {-590, 1248}, {0x00, 0x7F, 0x00, 0xFF}}},
	{{{-1709, 2215, 935}, 0, {-638, 981}, {0x00, 0x7F, 0x00, 0xFF}}},
	{{{-1709, 2215, 1338}, 0, {-638, 1237}, {0x00, 0x7F, 0x00, 0xFF}}},
	{{{-1747, 1309, 430}, 0, {1328, -2557}, {0x00, 0x81, 0x00, 0xFF}}},
	{{{-1110, 1309, 430}, 0, {1328, -1030}, {0x00, 0x81, 0x00, 0xFF}}},
	{{{-1074, 1309, 490}, 0, {1328, -1030}, {0x00, 0x81, 0x00, 0xFF}}},
	{{{-1746, 1309, 490}, 0, {1328, -2557}, {0x00, 0x81, 0x00, 0xFF}}},
	{{{-1746, 1309, 490}, 0, {1328, -2557}, {0x00, 0xE1, 0x7B, 0xFF}}},
	{{{-1074, 1309, 490}, 0, {1328, -1030}, {0x00, 0xE1, 0x7B, 0xFF}}},
	{{{-1046, 1461, 528}, 0, {1328, -1030}, {0x00, 0xE1, 0x7B, 0xFF}}},
	{{{-1746, 1461, 528}, 0, {1328, -2557}, {0x00, 0xE1, 0x7B, 0xFF}}},
	{{{-1746, 1461, 528}, 0, {1328, -2557}, {0x00, 0x7F, 0x00, 0xFF}}},
	{{{-1046, 1461, 528}, 0, {1328, -1030}, {0x00, 0x7F, 0x00, 0xFF}}},
	{{{-1078, 1461, 477}, 0, {1328, -1030}, {0x00, 0x7F, 0x00, 0xFF}}},
	{{{-1746, 1461, 477}, 0, {1328, -2557}, {0x00, 0x7F, 0x00, 0xFF}}},
	{{{-1964, 254, 5595}, 0, {-199, -1030}, {0x00, 0x00, 0x7F, 0xFF}}},
	{{{-1964, 2108, 5595}, 0, {1328, -1030}, {0x00, 0x00, 0x7F, 0xFF}}},
	{{{-2914, 2108, 5595}, 0, {1328, -2557}, {0x00, 0x00, 0x7F, 0xFF}}},
	{{{-2914, 254, 5595}, 0, {-199, -2557}, {0x00, 0x00, 0x7F, 0xFF}}},
	{{{-2914, 2108, 5595}, 0, {1328, -2557}, {0x00, 0x81, 0x00, 0xFF}}},
	{{{-1964, 2108, 5595}, 0, {1328, -1030}, {0x00, 0x81, 0x00, 0xFF}}},
	{{{-1964, 2108, 5655}, 0, {1328, -1030}, {0x00, 0x81, 0x00, 0xFF}}},
	{{{-2914, 2108, 5655}, 0, {1328, -2557}, {0x00, 0x81, 0x00, 0xFF}}},
	{{{-2914, 2108, 5655}, 0, {1328, -2557}, {0x00, 0xD4, 0x77, 0xFF}}},
	{{{-1964, 2108, 5655}, 0, {1328, -1030}, {0x00, 0xD4, 0x77, 0xFF}}},
	{{{-1975, 2216, 5697}, 0, {1328, -1030}, {0x00, 0xD4, 0x77, 0xFF}}},
	{{{-2914, 2215, 5693}, 0, {1328, -2557}, {0x00, 0xD4, 0x77, 0xFF}}},
	{{{-2914, 2215, 5643}, 0, {1328, -2557}, {0x00, 0x7F, 0xFD, 0xFF}}},
	{{{-2017, 2214, 5660}, 0, {1328, -1030}, {0x00, 0x7F, 0xFE, 0xFF}}},
	{{{-2023, 2214, 5643}, 0, {1328, -1030}, {0x00, 0x7F, 0x00, 0xFF}}},
	{{{-2914, 2215, 5693}, 0, {1328, -2557}, {0x00, 0x7F, 0xFD, 0xFF}}},
	{{{-1975, 2216, 5697}, 0, {1328, -1030}, {0x00, 0x7F, 0xFD, 0xFF}}},
	{{{-868, 502, 5181}, 0, {-2484, 2943}, {0x00, 0x7F, 0x00, 0xFF}}},
	{{{-868, 502, 5666}, 0, {-2484, 3250}, {0x00, 0x7F, 0x00, 0xFF}}},
	{{{-546, 502, 6002}, 0, {-2280, 3463}, {0x00, 0x7F, 0x00, 0xFF}}},
	{{{-868, 502, 2088}, 0, {-2483, 985}, {0x00, 0x7C, 0xE5, 0xFF}}},
	{{{-292, 502, 2088}, 0, {-2119, 985}, {0x00, 0x7E, 0xF1, 0xFF}}},
	{{{0, 502, 2088}, 0, {-1935, 985}, {0x00, 0x7F, 0x00, 0xFF}}},
	{{{0, 502, 6137}, 0, {-1936, 3549}, {0x00, 0x7F, 0x00, 0xFF}}},
	{{{0, 502, 2088}, 0, {-1935, 985}, {0x00, 0x7F, 0x00, 0xFF}}},
	{{{0, 502, 6137}, 0, {-1936, 3549}, {0x00, 0x7F, 0x00, 0xFF}}},
	{{{546, 502, 6002}, 0, {-2280, 3463}, {0x00, 0x7F, 0x00, 0xFF}}},
	{{{292, 502, 2088}, 0, {-2119, 985}, {0x00, 0x7E, 0xF1, 0xFF}}},
	{{{868, 502, 5666}, 0, {-2484, 3250}, {0x00, 0x7F, 0x00, 0xFF}}},
	{{{868, 502, 5181}, 0, {-2484, 2943}, {0x00, 0x7F, 0x00, 0xFF}}},
	{{{868, 502, 2088}, 0, {-2483, 985}, {0x00, 0x7C, 0xE5, 0xFF}}},
	{{{868, 377, 1821}, 0, {-2482, 815}, {0xFE, 0x72, 0xC8, 0xFF}}},
	{{{420, 346, 1753}, 0, {-2198, 772}, {0xFD, 0x72, 0xC8, 0xFF}}},
	{{{880, 211, 1450}, 0, {-2488, 579}, {0xF6, 0x70, 0xC5, 0xFF}}},
	{{{424, 170, 1457}, 0, {-2199, 583}, {0xF5, 0x70, 0xC5, 0xFF}}},
	{{{789, 2, 1044}, 0, {-2404, 321}, {0xE7, 0x7B, 0xEB, 0xFF}}},
	{{{362, 2, 1204}, 0, {-2134, 422}, {0xFC, 0x7F, 0xF8, 0xFF}}},
	{{{726, -55, 768}, 0, {-2388, 145}, {0xEB, 0x7D, 0xF8, 0xFF}}},
	{{{539, -55, 670}, 0, {-2270, 83}, {0x06, 0x7F, 0xF8, 0xFF}}},
	{{{0, -15, 457}, 0, {-1930, -51}, {0x00, 0x7F, 0xFC, 0xFF}}},
	{{{424, -15, 494}, 0, {-2197, -28}, {0x06, 0x7F, 0x03, 0xFF}}},
	{{{399, 2, 287}, 0, {-2182, -159}, {0xFB, 0x7F, 0xFC, 0xFF}}},
	{{{0, -73, -261}, 0, {-1929, -506}, {0x00, 0x7F, 0xF8, 0xFF}}},
	{{{421, -16, 225}, 0, {-2195, -199}, {0xFA, 0x7E, 0xF5, 0xFF}}},
	{{{0, -139, -1703}, 0, {-1929, -1420}, {0x00, 0x7F, 0xF9, 0xFF}}},
	{{{423, -139, -1703}, 0, {-2195, -1420}, {0xFC, 0x7F, 0xF9, 0xFF}}},
	{{{-421, -16, 225}, 0, {-2195, -199}, {0x06, 0x7E, 0xF5, 0xFF}}},
	{{{-423, -139, -1703}, 0, {-2195, -1420}, {0x04, 0x7F, 0xF9, 0xFF}}},
	{{{-399, 2, 287}, 0, {-2182, -159}, {0x05, 0x7F, 0xFC, 0xFF}}},
	{{{-424, -15, 494}, 0, {-2197, -28}, {0xFA, 0x7F, 0x03, 0xFF}}},
	{{{-539, -55, 670}, 0, {-2270, 83}, {0xFA, 0x7F, 0xF8, 0xFF}}},
	{{{-362, 2, 1204}, 0, {-2134, 422}, {0x04, 0x7F, 0xF8, 0xFF}}},
	{{{-726, -55, 768}, 0, {-2388, 145}, {0x15, 0x7D, 0xF8, 0xFF}}},
	{{{-789, 2, 1044}, 0, {-2404, 321}, {0x19, 0x7B, 0xEB, 0xFF}}},
	{{{-424, 170, 1457}, 0, {-2199, 583}, {0x0B, 0x70, 0xC5, 0xFF}}},
	{{{-880, 211, 1450}, 0, {-2488, 579}, {0x0A, 0x70, 0xC5, 0xFF}}},
	{{{-420, 346, 1753}, 0, {-2198, 772}, {0x03, 0x72, 0xC8, 0xFF}}},
	{{{-424, 170, 1457}, 0, {-2199, 583}, {0x0B, 0x70, 0xC5, 0xFF}}},
	{{{-880, 211, 1450}, 0, {-2488, 579}, {0x0A, 0x70, 0xC5, 0xFF}}},
	{{{-868, 377, 1821}, 0, {-2482, 815}, {0x02, 0x72, 0xC8, 0xFF}}},
	{{{-292, 502, 2088}, 0, {-2119, 985}, {0x00, 0x7E, 0xF1, 0xFF}}},
	{{{-868, 502, 2088}, 0, {-2483, 985}, {0x00, 0x7C, 0xE5, 0xFF}}},
	{{{0, -15, 457}, 0, {-1930, -51}, {0x00, 0x7F, 0xFC, 0xFF}}},
	{{{-362, 2, 1204}, 0, {-2134, 422}, {0x04, 0x7F, 0xF8, 0xFF}}},
	{{{0, 2, 1204}, 0, {-1930, 422}, {0x00, 0x7E, 0x13, 0xFF}}},
	{{{0, -83, 1457}, 0, {-1930, 581}, {0x00, 0x79, 0x25, 0xFF}}},
	{{{-424, -83, 1457}, 0, {-2197, 581}, {0x00, 0x79, 0x25, 0xFF}}},
	{{{0, -182, 1811}, 0, {-1929, 805}, {0x00, 0x7D, 0x15, 0xFF}}},
	{{{-420, -182, 1811}, 0, {-2193, 805}, {0x00, 0x7D, 0x17, 0xFF}}},
	{{{-292, -198, 2088}, 0, {-2112, 980}, {0x00, 0x7F, 0x07, 0xFF}}},
	{{{0, -198, 2088}, 0, {-1929, 980}, {0x00, 0x7F, 0x07, 0xFF}}},
	{{{292, -198, 2088}, 0, {-2112, 980}, {0x00, 0x7F, 0x07, 0xFF}}},
	{{{420, -182, 1811}, 0, {-2193, 805}, {0x00, 0x7D, 0x17, 0xFF}}},
	{{{424, -83, 1457}, 0, {-2197, 581}, {0x00, 0x79, 0x25, 0xFF}}},
	{{{362, 2, 1204}, 0, {-2134, 422}, {0xFC, 0x7F, 0xF8, 0xFF}}},
	{{{0, -198, 2088}, 0, {3378, 3106}, {0x00, 0x00, 0x81, 0xFF}}},
	{{{-292, -198, 2088}, 0, {3195, 3105}, {0x00, 0x00, 0x81, 0xFF}}},
	{{{-292, 502, 2088}, 0, {3195, 3548}, {0x00, 0x00, 0x81, 0xFF}}},
	{{{0, 502, 2088}, 0, {3378, 3549}, {0x00, 0x00, 0x81, 0xFF}}},
	{{{292, 502, 2088}, 0, {3195, 3548}, {0x00, 0x00, 0x81, 0xFF}}},
	{{{292, -198, 2088}, 0, {3195, 3105}, {0x00, 0x00, 0x81, 0xFF}}},
	{{{-420, 346, 1753}, 0, {3351, 2257}, {0x7B, 0xFF, 0xE1, 0xFF}}},
	{{{-292, 502, 2088}, 0, {3443, 2032}, {0x75, 0xFE, 0xD0, 0xFF}}},
	{{{-292, -198, 2088}, 0, {3005, 2032}, {0x75, 0xFE, 0xD0, 0xFF}}},
	{{{-420, -182, 1811}, 0, {3021, 2221}, {0x7B, 0xFF, 0xE2, 0xFF}}},
	{{{-424, -83, 1457}, 0, {3077, 2441}, {0x7E, 0x00, 0x0B, 0xFF}}},
	{{{-424, 170, 1457}, 0, {3234, 2441}, {0x7F, 0x00, 0x09, 0xFF}}},
	{{{-362, 2, 1204}, 0, {3115, 2584}, {0x7B, 0x00, 0x1E, 0xFF}}},
	{{{-1199, 383, 430}, 0, {-199, -1030}, {0xFA, 0x03, 0x7F, 0xFF}}},
	{{{-1747, 806, 397}, 0, {321, -2557}, {0xFC, 0xFF, 0x7F, 0xFF}}},
	{{{-1747, 329, 411}, 0, {-199, -2557}, {0xFA, 0x03, 0x7F, 0xFF}}},
	{{{-1160, 698, 430}, 0, {321, -1030}, {0xFA, 0x01, 0x7F, 0xFF}}},
	{{{-1110, 1309, 430}, 0, {825, -1855}, {0xFC, 0xFD, 0x7F, 0xFF}}},
	{{{-1110, 698, 430}, 0, {825, -1030}, {0xF9, 0x01, 0x7F, 0xFF}}},
	{{{-1747, 1309, 430}, 0, {825, -2557}, {0x00, 0xF8, 0x7F, 0xFF}}},
	{{{-622, 698, 139}, 0, {2224, -1016}, {0x7F, 0x00, 0x00, 0xFF}}},
	{{{-621, 1140, -1703}, 0, {546, -765}, {0x7C, 0xE5, 0x00, 0xFF}}},
	{{{-622, 1142, 139}, 0, {2224, -765}, {0x7B, 0xE2, 0x00, 0xFF}}},
	{{{-500, 1404, -1703}, 0, {545, -391}, {0x6F, 0xC2, 0x00, 0xFF}}},
	{{{-586, 1216, 171}, 0, {2224, -588}, {0x78, 0xDF, 0xE6, 0xFF}}},
	{{{-563, 1264, 228}, 0, {2224, -391}, {0x78, 0xDE, 0xE9, 0xFF}}},
	{{{-441, 1482, 230}, 0, {2226, -98}, {0x5E, 0xAB, 0xFF, 0xFF}}},
	{{{-352, 1603, -1702}, 0, {547, -98}, {0x5C, 0xA9, 0xFF, 0xFF}}},
	{{{-441, 1482, 230}, 0, {2756, -49}, {0x5E, 0xAB, 0xFF, 0xFF}}},
	{{{-352, 1603, -1702}, 0, {2756, -1728}, {0x5C, 0xA9, 0xFF, 0xFF}}},
	{{{-180, 1701, -1703}, 0, {2485, -1730}, {0x38, 0x8E, 0xFF, 0xFF}}},
	{{{-252, 1659, 228}, 0, {2485, -51}, {0x39, 0x8E, 0xFF, 0xFF}}},
	{{{0, 1739, 228}, 0, {2235, -51}, {0x00, 0x81, 0xFF, 0xFF}}},
	{{{0, 1739, -1703}, 0, {2235, -1730}, {0x00, 0x81, 0xFF, 0xFF}}},
	{{{180, 1701, -1703}, 0, {2485, -1730}, {0xC8, 0x8E, 0xFF, 0xFF}}},
	{{{252, 1659, 228}, 0, {2485, -51}, {0xC7, 0x8E, 0xFF, 0xFF}}},
	{{{441, 1482, 230}, 0, {2756, -49}, {0xA2, 0xAB, 0xFF, 0xFF}}},
	{{{352, 1603, -1702}, 0, {2756, -1728}, {0xA4, 0xA9, 0xFF, 0xFF}}},
	{{{-619, 292, 14}, 0, {2235, 1630}, {0xFD, 0x7F, 0x00, 0xFF}}},
	{{{-423, 294, -1703}, 0, {2509, -49}, {0xFE, 0x7F, 0x00, 0xFF}}},
	{{{-621, 294, -1703}, 0, {2235, -49}, {0xFD, 0x7F, 0x00, 0xFF}}},
	{{{-504, 298, 114}, 0, {2332, 1682}, {0x07, 0x7F, 0x00, 0xFF}}},
	{{{-457, 294, 222}, 0, {2458, 1750}, {0x0A, 0x7F, 0x00, 0xFF}}},
	{{{-457, 294, 222}, 0, {2240, 3549}, {0x7A, 0x0E, 0xE1, 0xFF}}},
	{{{-421, -16, 225}, 0, {2636, 3548}, {0x7D, 0x0B, 0xEF, 0xFF}}},
	{{{-423, -139, -1703}, 0, {2876, 1750}, {0x7F, 0x06, 0x01, 0xFF}}},
	{{{-423, 294, -1703}, 0, {2235, 1750}, {0x7F, 0x06, 0x01, 0xFF}}},
	{{{-441, 1482, 230}, 0, {-945, -1647}, {0x01, 0xFF, 0x7F, 0xFF}}},
	{{{-562, 1912, 234}, 0, {-1259, -2075}, {0x01, 0xFF, 0x7F, 0xFF}}},
	{{{-563, 1264, 228}, 0, {-1150, -1372}, {0x00, 0xFF, 0x7F, 0xFF}}},
	{{{-252, 1659, 228}, 0, {-707, -1784}, {0x01, 0xFF, 0x7F, 0xFF}}},
	{{{0, 1912, 228}, 0, {-458, -2075}, {0x00, 0xFF, 0x7F, 0xFF}}},
	{{{0, 1739, 228}, 0, {-458, -1836}, {0x00, 0x00, 0x7F, 0xFF}}},
	{{{252, 1659, 228}, 0, {-707, -1784}, {0xFF, 0xFF, 0x7F, 0xFF}}},
	{{{562, 1912, 234}, 0, {-1259, -2075}, {0xFF, 0xFF, 0x7F, 0xFF}}},
	{{{441, 1482, 230}, 0, {-945, -1647}, {0xFF, 0xFF, 0x7F, 0xFF}}},
	{{{563, 1264, 228}, 0, {-1150, -1372}, {0x00, 0xFF, 0x7F, 0xFF}}},
	{{{0, 1912, 228}, 0, {-458, -1007}, {0x00, 0x7F, 0x00, 0xFF}}},
	{{{-586, 1912, 149}, 0, {-329, -1896}, {0x00, 0x7F, 0x00, 0xFF}}},
	{{{-562, 1912, 234}, 0, {-458, -1808}, {0x00, 0x7F, 0x00, 0xFF}}},
	{{{0, 1912, 149}, 0, {-329, -1007}, {0x00, 0x7F, 0x00, 0xFF}}},
	{{{586, 1912, 149}, 0, {-329, -1896}, {0x00, 0x7F, 0x00, 0xFF}}},
	{{{562, 1912, 234}, 0, {-458, -1808}, {0x00, 0x7F, 0x00, 0xFF}}},
	{{{-622, 698, 80}, 0, {2224, -1377}, {0x7F, 0x00, 0x00, 0xFF}}},
	{{{-621, 1140, -1703}, 0, {546, -1016}, {0x7C, 0xE5, 0x00, 0xFF}}},
	{{{-622, 698, 139}, 0, {2224, -1016}, {0x7F, 0x00, 0x00, 0xFF}}},
	{{{-621, 697, -1703}, 0, {545, -1377}, {0x7F, 0x00, 0x00, 0xFF}}},
	{{{-619, 292, 14}, 0, {2224, -1936}, {0x7F, 0x00, 0x00, 0xFF}}},
	{{{-621, 294, -1703}, 0, {545, -1936}, {0x7F, 0x00, 0x00, 0xFF}}},
	{{{-1746, 1912, 293}, 0, {1328, -2557}, {0x00, 0x7D, 0xEC, 0xFF}}},
	{{{-1127, 1912, 293}, 0, {2775, -98}, {0xFD, 0x7D, 0xEA, 0xFF}}},
	{{{-1746, 1818, -294}, 0, {2756, -49}, {0xFE, 0x7D, 0xEB, 0xFF}}},
	{{{-901, 1912, 65}, 0, {2794, -148}, {0x00, 0x7D, 0xE7, 0xFF}}},
	{{{-696, 1818, -294}, 0, {2756, -733}, {0x00, 0x7C, 0xE6, 0xFF}}},
	{{{-586, 1912, 149}, 0, {2886, -389}, {0x03, 0x7C, 0xE5, 0xFF}}},
	{{{0, 1912, 149}, 0, {2886, -1278}, {0x00, 0x7C, 0xE6, 0xFF}}},
	{{{-696, 1818, -294}, 0, {2756, -733}, {0x00, 0x7C, 0xE6, 0xFF}}},
	{{{-586, 1912, 149}, 0, {2886, -389}, {0x03, 0x7C, 0xE5, 0xFF}}},
	{{{0, 1818, -294}, 0, {2756, -1278}, {0x00, 0x7C, 0xE6, 0xFF}}},
	{{{696, 1818, -294}, 0, {2756, -733}, {0x00, 0x7C, 0xE6, 0xFF}}},
	{{{586, 1912, 149}, 0, {2886, -389}, {0xFD, 0x7C, 0xE5, 0xFF}}},
	{{{901, 1912, 65}, 0, {2794, -148}, {0x00, 0x7D, 0xE7, 0xFF}}},
	{{{1746, 1818, -294}, 0, {2756, -49}, {0x02, 0x7D, 0xEB, 0xFF}}},
	{{{1127, 1912, 293}, 0, {2775, -98}, {0x03, 0x7D, 0xEA, 0xFF}}},
	{{{1746, 1912, 293}, 0, {1328, -2557}, {0x00, 0x7D, 0xEC, 0xFF}}},
	{{{-1663, 2141, 2043}, 0, {-70, -311}, {0x00, 0x00, 0x7F, 0xFF}}},
	{{{-2093, 2141, 2043}, 0, {182, -311}, {0x00, 0x00, 0x7F, 0xFF}}},
	{{{-2494, 1283, 2043}, 0, {399, -853}, {0x00, 0x00, 0x7F, 0xFF}}},
	{{{-1663, 1283, 2043}, 0, {-86, -853}, {0x01, 0xFF, 0x7F, 0xFF}}},
	{{{-1291, 2141, 2043}, 0, {-287, -311}, {0x00, 0x00, 0x7F, 0xFF}}},
	{{{-868, 1278, 2043}, 0, {-551, -856}, {0xFF, 0xFE, 0x7F, 0xFF}}},
	{{{-1438, 1100, 2031}, 0, {-224, -967}, {0x02, 0xFB, 0x7F, 0xFF}}},
	{{{-1438, 800, 2031}, 0, {-229, -1157}, {0x02, 0xFF, 0x7F, 0xFF}}},
	{{{-1663, 539, 2031}, 0, {-103, -1322}, {0x02, 0xFF, 0x7F, 0xFF}}},
	{{{-1157, 800, 2031}, 0, {-393, -1157}, {0xFF, 0xFF, 0x7F, 0xFF}}},
	{{{-868, 539, 2031}, 0, {-567, -1322}, {0xFF, 0xFF, 0x7F, 0xFF}}},
	{{{-1157, 1100, 2031}, 0, {-388, -967}, {0xFF, 0xFB, 0x7F, 0xFF}}},
	{{{868, 2, 2054}, 0, {-946, -612}, {0x81, 0x00, 0x00, 0xFF}}},
	{{{868, 539, 3555}, 0, {-1281, 329}, {0x81, 0x00, 0x00, 0xFF}}},
	{{{868, 539, 2031}, 0, {-1281, -615}, {0x81, 0x00, 0x00, 0xFF}}},
	{{{868, 2, 3555}, 0, {-946, 318}, {0x81, 0x00, 0x00, 0xFF}}},
	{{{868, 539, 5080}, 0, {-1281, 1273}, {0x81, 0x00, 0x00, 0xFF}}},
	{{{868, 2, 5080}, 0, {-946, 1262}, {0x81, 0x00, 0x00, 0xFF}}},
	{{{868, 539, 3555}, 0, {1358, 2584}, {0x00, 0x7F, 0x00, 0xFF}}},
	{{{868, 539, 5080}, 0, {1358, 3549}, {0x00, 0x7F, 0x00, 0xFF}}},
	{{{1663, 539, 5080}, 0, {855, 3549}, {0x00, 0x7F, 0x00, 0xFF}}},
	{{{1663, 539, 3702}, 0, {855, 2677}, {0x00, 0x7F, 0x00, 0xFF}}},
	{{{1663, 539, 3702}, 0, {855, 2677}, {0x00, 0x7F, 0x00, 0xFF}}},
	{{{1663, 539, 3409}, 0, {855, 2491}, {0x00, 0x7F, 0x00, 0xFF}}},
	{{{868, 539, 3555}, 0, {1358, 2584}, {0x00, 0x7F, 0x00, 0xFF}}},
	{{{1715, 539, 3702}, 0, {822, 2677}, {0x00, 0x7F, 0x00, 0xFF}}},
	{{{1715, 539, 3409}, 0, {822, 2491}, {0x00, 0x7F, 0x00, 0xFF}}},
	{{{2296, 539, 3274}, 0, {454, 2405}, {0x00, 0x7F, 0x00, 0xFF}}},
	{{{2296, 539, 3837}, 0, {454, 2762}, {0x00, 0x7F, 0x00, 0xFF}}},
	{{{1715, 539, 3837}, 0, {822, 2762}, {0x00, 0x7F, 0x00, 0xFF}}},
	{{{1715, 539, 3274}, 0, {822, 2405}, {0x00, 0x7F, 0x00, 0xFF}}},
	{{{868, 539, 2031}, 0, {1358, 1619}, {0x00, 0x7F, 0x00, 0xFF}}},
	{{{1663, 539, 2031}, 0, {855, 1619}, {0x00, 0x7F, 0x00, 0xFF}}},
	{{{1663, 539, 5080}, 0, {1445, 1603}, {0x81, 0x00, 0x00, 0xFF}}},
	{{{1663, 795, 3702}, 0, {1285, 755}, {0x81, 0x00, 0x00, 0xFF}}},
	{{{1663, 539, 3702}, 0, {1445, 750}, {0x81, 0x00, 0x00, 0xFF}}},
	{{{1663, 1283, 5080}, 0, {980, 1619}, {0x81, 0x00, 0x00, 0xFF}}},
	{{{1663, 1283, 2043}, 0, {980, -263}, {0x81, 0x00, 0x00, 0xFF}}},
	{{{1663, 795, 3409}, 0, {1285, 573}, {0x81, 0x00, 0x00, 0xFF}}},
	{{{1663, 539, 3409}, 0, {1445, 568}, {0x81, 0x00, 0x00, 0xFF}}},
	{{{1663, 539, 2031}, 0, {1445, -286}, {0x81, 0x00, 0x00, 0xFF}}},
	{{{1663, 1283, 5080}, 0, {980, 1619}, {0x00, 0x7F, 0x00, 0xFF}}},
	{{{2494, 1283, 5080}, 0, {454, 1619}, {0x00, 0x7F, 0x00, 0xFF}}},
	{{{2494, 1283, 2043}, 0, {454, -304}, {0x00, 0x7F, 0x00, 0xFF}}},
	{{{1663, 1283, 2043}, 0, {980, -304}, {0x00, 0x7F, 0x00, 0xFF}}},
	{{{868, 1278, 1821}, 0, {-1357, -2557}, {0xFF, 0x00, 0x81, 0xFF}}},
	{{{1291, 2141, 1821}, 0, {-1624, -2012}, {0xFF, 0x00, 0x81, 0xFF}}},
	{{{1556, 2114, 1817}, 0, {-1790, -2030}, {0xFF, 0x00, 0x81, 0xFF}}},
	{{{1553, 1308, 1821}, 0, {-1791, -2540}, {0xFF, 0x00, 0x81, 0xFF}}},
	{{{1494, 965, 1806}, 0, {2585, 752}, {0xF5, 0x06, 0x82, 0xFF}}},
	{{{1438, 800, 1821}, 0, {2616, 647}, {0xED, 0x06, 0x83, 0xFF}}},
	{{{1438, 1100, 1821}, 0, {2622, 837}, {0xF7, 0x03, 0x81, 0xFF}}},
	{{{1557, 1201, 1821}, 0, {2549, 903}, {0xFA, 0x03, 0x81, 0xFF}}},
	{{{1157, 1100, 1821}, 0, {2799, 832}, {0x00, 0x00, 0x81, 0xFF}}},
	{{{1557, 1201, 1821}, 0, {2549, 903}, {0xFA, 0x03, 0x81, 0xFF}}},
	{{{1157, 1100, 1821}, 0, {2799, 832}, {0x00, 0x00, 0x81, 0xFF}}},
	{{{868, 1278, 1821}, 0, {2985, 940}, {0x00, 0x00, 0x81, 0xFF}}},
	{{{1157, 800, 1821}, 0, {2793, 642}, {0x00, 0x00, 0x81, 0xFF}}},
	{{{868, 598, 1821}, 0, {2971, 510}, {0x00, 0x00, 0x81, 0xFF}}},
	{{{1011, 582, 1821}, 0, {2881, 502}, {0x00, 0x00, 0x81, 0xFF}}},
	{{{1011, 346, 1821}, 0, {2876, 353}, {0x00, 0x00, 0x81, 0xFF}}},
	{{{1360, 382, 1820}, 0, {2658, 381}, {0x00, 0x00, 0x81, 0xFF}}},
	{{{1438, 800, 1821}, 0, {2616, 647}, {0x00, 0x00, 0x81, 0xFF}}},
	{{{1551, 965, 1810}, 0, {2549, 753}, {0x08, 0x06, 0x81, 0xFF}}},
	{{{1494, 965, 1806}, 0, {2585, 752}, {0xF5, 0x06, 0x82, 0xFF}}},
	{{{1157, 800, 1821}, 0, {1862, -2270}, {0x00, 0x7F, 0x00, 0xFF}}},
	{{{1157, 800, 2031}, 0, {1996, -2271}, {0x00, 0x7F, 0x00, 0xFF}}},
	{{{1438, 800, 2031}, 0, {1996, -2093}, {0x00, 0x7F, 0x00, 0xFF}}},
	{{{1438, 800, 1821}, 0, {1862, -2093}, {0x00, 0x7F, 0x00, 0xFF}}},
	{{{1438, 800, 1821}, 0, {2686, -556}, {0x81, 0x00, 0x00, 0xFF}}},
	{{{1438, 800, 2031}, 0, {2816, -551}, {0x81, 0x00, 0x00, 0xFF}}},
	{{{1438, 1100, 2031}, 0, {2816, -363}, {0x81, 0x00, 0x00, 0xFF}}},
	{{{1438, 1100, 1821}, 0, {2686, -368}, {0x81, 0x00, 0x00, 0xFF}}},
	{{{1157, 1100, 2031}, 0, {1996, -2271}, {0x00, 0x81, 0x00, 0xFF}}},
	{{{1157, 1100, 1821}, 0, {2129, -2271}, {0x00, 0x81, 0x00, 0xFF}}},
	{{{1438, 1100, 1821}, 0, {2129, -2093}, {0x00, 0x81, 0x00, 0xFF}}},
	{{{1438, 1100, 2031}, 0, {1996, -2093}, {0x00, 0x81, 0x00, 0xFF}}},
	{{{1157, 1100, 1821}, 0, {2540, -419}, {0x7F, 0x00, 0x00, 0xFF}}},
	{{{1157, 1100, 2031}, 0, {2417, -423}, {0x7F, 0x00, 0x00, 0xFF}}},
	{{{1157, 800, 2031}, 0, {2417, -613}, {0x7F, 0x00, 0x00, 0xFF}}},
	{{{1157, 800, 1821}, 0, {2540, -608}, {0x7F, 0x00, 0x00, 0xFF}}},
	{{{1157, 800, 5290}, 0, {2293, -613}, {0x7F, 0x00, 0x00, 0xFF}}},
	{{{1157, 800, 5080}, 0, {2417, -608}, {0x7F, 0x00, 0x00, 0xFF}}},
	{{{1157, 1100, 5080}, 0, {2417, -419}, {0x7F, 0x00, 0x00, 0xFF}}},
	{{{1157, 1100, 5290}, 0, {2293, -423}, {0x7F, 0x00, 0x00, 0xFF}}},
	{{{1157, 1100, 5290}, 0, {1285, -1505}, {0x00, 0x81, 0x00, 0xFF}}},
	{{{1157, 1100, 5080}, 0, {1418, -1505}, {0x00, 0x81, 0x00, 0xFF}}},
	{{{1438, 1100, 5080}, 0, {1418, -1327}, {0x00, 0x81, 0x00, 0xFF}}},
	{{{1438, 1100, 5290}, 0, {1285, -1327}, {0x00, 0x81, 0x00, 0xFF}}},
	{{{1438, 1100, 5290}, 0, {2744, 2854}, {0x81, 0x00, 0x00, 0xFF}}},
	{{{1438, 1100, 5080}, 0, {2614, 2850}, {0x81, 0x00, 0x00, 0xFF}}},
	{{{1438, 800, 5080}, 0, {2614, 2662}, {0x81, 0x00, 0x00, 0xFF}}},
	{{{1438, 800, 5290}, 0, {2744, 2666}, {0x81, 0x00, 0x00, 0xFF}}},
	{{{1438, 800, 5080}, 0, {1151, -1327}, {0x00, 0x7F, 0x00, 0xFF}}},
	{{{1157, 800, 5080}, 0, {1151, -1505}, {0x00, 0x7F, 0x00, 0xFF}}},
	{{{1157, 800, 5290}, 0, {1285, -1505}, {0x00, 0x7F, 0x00, 0xFF}}},
	{{{1438, 800, 5290}, 0, {1285, -1327}, {0x00, 0x7F, 0x00, 0xFF}}},
	{{{1663, 795, 3702}, 0, {1445, 144}, {0x00, 0x81, 0x00, 0xFF}}},
	{{{1663, 795, 3409}, 0, {1445, -42}, {0x00, 0x81, 0x00, 0xFF}}},
	{{{1715, 795, 3409}, 0, {1478, -42}, {0x00, 0x81, 0x00, 0xFF}}},
	{{{1715, 795, 3702}, 0, {1478, 144}, {0x00, 0x81, 0x00, 0xFF}}},
	{{{1663, 795, 3702}, 0, {1477, -42}, {0x00, 0x00, 0x81, 0xFF}}},
	{{{1715, 795, 3702}, 0, {1445, -42}, {0x00, 0x00, 0x81, 0xFF}}},
	{{{1715, 539, 3702}, 0, {1445, -204}, {0x00, 0x00, 0x81, 0xFF}}},
	{{{1663, 539, 3702}, 0, {1477, -204}, {0x00, 0x00, 0x81, 0xFF}}},
	{{{1663, 539, 3409}, 0, {-1402, -242}, {0x00, 0x00, 0x7F, 0xFF}}},
	{{{1715, 539, 3409}, 0, {-1371, -241}, {0x00, 0x00, 0x7F, 0xFF}}},
	{{{1715, 795, 3409}, 0, {-1371, -79}, {0x00, 0x00, 0x7F, 0xFF}}},
	{{{1663, 795, 3409}, 0, {-1402, -80}, {0x00, 0x00, 0x7F, 0xFF}}},
	{{{1715, 795, 3702}, 0, {863, -2286}, {0x7F, 0x00, 0x00, 0xFF}}},
	{{{1715, 539, 3837}, 0, {784, -2450}, {0x7F, 0x00, 0x00, 0xFF}}},
	{{{1715, 539, 3702}, 0, {863, -2447}, {0x7F, 0x00, 0x00, 0xFF}}},
	{{{1715, 1186, 3837}, 0, {784, -2043}, {0x7F, 0x00, 0x00, 0xFF}}},
	{{{1715, 795, 3409}, 0, {1035, -2279}, {0x7F, 0x00, 0x00, 0xFF}}},
	{{{1715, 1186, 3274}, 0, {1114, -2029}, {0x7F, 0x00, 0x00, 0xFF}}},
	{{{1715, 539, 3409}, 0, {1035, -2440}, {0x7F, 0x00, 0x00, 0xFF}}},
	{{{1715, 539, 3274}, 0, {1114, -2437}, {0x7F, 0x00, 0x00, 0xFF}}},
	{{{1715, 1186, 3837}, 0, {3371, 2032}, {0x00, 0x00, 0x81, 0xFF}}},
	{{{2296, 1186, 3837}, 0, {3005, 2031}, {0x00, 0x00, 0x81, 0xFF}}},
	{{{2296, 539, 3837}, 0, {3005, 1621}, {0x00, 0x00, 0x81, 0xFF}}},
	{{{1715, 539, 3837}, 0, {3371, 1623}, {0x00, 0x00, 0x81, 0xFF}}},
	{{{1715, 1186, 3274}, 0, {-2131, -2490}, {0x00, 0x81, 0x00, 0xFF}}},
	{{{2296, 1186, 3274}, 0, {-2131, -2122}, {0x00, 0x81, 0x00, 0xFF}}},
	{{{2296, 1186, 3837}, 0, {-2488, -2122}, {0x00, 0x81, 0x00, 0xFF}}},
	{{{1715, 1186, 3837}, 0, {-2488, -2490}, {0x00, 0x81, 0x00, 0xFF}}},
	{{{1715, 539, 3274}, 0, {2513, -2469}, {0x00, 0x00, 0x7F, 0xFF}}},
	{{{2296, 539, 3274}, 0, {2852, -2459}, {0x00, 0x00, 0x7F, 0xFF}}},
	{{{2296, 1186, 3274}, 0, {2852, -2051}, {0x00, 0x00, 0x7F, 0xFF}}},
	{{{1715, 1186, 3274}, 0, {2513, -2061}, {0x00, 0x00, 0x7F, 0xFF}}},
	{{{2296, 1186, 3274}, 0, {2852, -2062}, {0x81, 0x00, 0x00, 0xFF}}},
	{{{2296, 539, 3274}, 0, {2852, -2467}, {0x81, 0x00, 0x00, 0xFF}}},
	{{{2296, 539, 3837}, 0, {3201, -2455}, {0x81, 0x00, 0x00, 0xFF}}},
	{{{2296, 1186, 3837}, 0, {3201, -2051}, {0x81, 0x00, 0x00, 0xFF}}},
	{{{1291, 2141, 5080}, 0, {-190, -2332}, {0x00, 0x7F, 0x00, 0xFF}}},
	{{{1291, 2141, 5290}, 0, {-57, -2332}, {0x00, 0x7F, 0x00, 0xFF}}},
	{{{1727, 2141, 5290}, 0, {-57, -2056}, {0x00, 0x7F, 0x00, 0xFF}}},
	{{{1663, 2141, 5080}, 0, {-190, -2097}, {0x00, 0x7F, 0x00, 0xFF}}},
	{{{1291, 2141, 1821}, 0, {2545, -598}, {0x05, 0x7F, 0xF7, 0xFF}}},
	{{{1291, 2141, 2043}, 0, {2686, -598}, {0x05, 0x7F, 0xF7, 0xFF}}},
	{{{1663, 2141, 2043}, 0, {2686, -363}, {0x05, 0x7F, 0xF7, 0xFF}}},
	{{{1556, 2114, 1817}, 0, {2542, -431}, {0x05, 0x7F, 0xF7, 0xFF}}},
	{{{1663, 2141, 5080}, 0, {454, -802}, {0x00, 0x00, 0x81, 0xFF}}},
	{{{2093, 2141, 5080}, 0, {454, -1073}, {0x00, 0x00, 0x81, 0xFF}}},
	{{{2494, 1283, 5080}, 0, {997, -1327}, {0x00, 0x00, 0x81, 0xFF}}},
	{{{1663, 1283, 5080}, 0, {997, -804}, {0x00, 0x00, 0x81, 0xFF}}},
	{{{868, 1278, 5080}, 0, {1000, -304}, {0x00, 0x00, 0x81, 0xFF}}},
	{{{1157, 1100, 5080}, 0, {1112, -486}, {0x00, 0x00, 0x81, 0xFF}}},
	{{{1438, 1100, 5080}, 0, {1112, -663}, {0x00, 0x00, 0x81, 0xFF}}},
	{{{1663, 539, 5080}, 0, {1467, -806}, {0x00, 0x00, 0x81, 0xFF}}},
	{{{1663, 539, 5080}, 0, {1467, -806}, {0x00, 0x00, 0x81, 0xFF}}},
	{{{1438, 800, 5080}, 0, {1302, -664}, {0x00, 0x00, 0x81, 0xFF}}},
	{{{1438, 1100, 5080}, 0, {1112, -663}, {0x00, 0x00, 0x81, 0xFF}}},
	{{{868, 539, 5080}, 0, {1467, -306}, {0x00, 0x00, 0x81, 0xFF}}},
	{{{1157, 800, 5080}, 0, {1302, -487}, {0x00, 0x00, 0x81, 0xFF}}},
	{{{868, 1278, 5080}, 0, {1000, -304}, {0x00, 0x00, 0x81, 0xFF}}},
	{{{1157, 1100, 5080}, 0, {1112, -486}, {0x00, 0x00, 0x81, 0xFF}}},
	{{{1291, 2141, 5080}, 0, {454, -568}, {0x00, 0x00, 0x81, 0xFF}}},
	{{{1663, 2141, 5080}, 0, {454, -802}, {0x00, 0x00, 0x81, 0xFF}}},
	{{{868, 1278, 5290}, 0, {2989, -239}, {0x8E, 0x38, 0x00, 0xFF}}},
	{{{1291, 2141, 5290}, 0, {2989, 344}, {0x8E, 0x38, 0x00, 0xFF}}},
	{{{1291, 2141, 5080}, 0, {2859, 352}, {0x8E, 0x38, 0x00, 0xFF}}},
	{{{868, 1278, 5080}, 0, {2859, -231}, {0x8E, 0x38, 0x00, 0xFF}}},
	{{{868, 1278, 2043}, 0, {2959, -1212}, {0x8E, 0x38, 0x00, 0xFF}}},
	{{{1291, 2141, 2043}, 0, {2959, -628}, {0x8E, 0x38, 0x00, 0xFF}}},
	{{{1291, 2141, 1821}, 0, {2822, -620}, {0x8E, 0x38, 0x00, 0xFF}}},
	{{{868, 1278, 1821}, 0, {2822, -1203}, {0x8E, 0x38, 0x00, 0xFF}}},
	{{{1727, 1308, 5290}, 0, {-1426, -789}, {0x00, 0x00, 0x7F, 0xFF}}},
	{{{1727, 2141, 5290}, 0, {-1426, -263}, {0x00, 0x00, 0x7F, 0xFF}}},
	{{{1291, 2141, 5290}, 0, {-1681, -270}, {0x00, 0x00, 0x7F, 0xFF}}},
	{{{868, 1278, 5290}, 0, {-1929, -823}, {0x00, 0x00, 0x7F, 0xFF}}},
	{{{1438, 1100, 5290}, 0, {-1595, -925}, {0x00, 0x00, 0x7F, 0xFF}}},
	{{{1157, 1100, 5290}, 0, {-1760, -930}, {0x00, 0x00, 0x7F, 0xFF}}},
	{{{868, 539, 5290}, 0, {-1929, -1289}, {0x00, 0x00, 0x7F, 0xFF}}},
	{{{1157, 800, 5290}, 0, {-1760, -1119}, {0x00, 0x00, 0x7F, 0xFF}}},
	{{{1727, 539, 5290}, 0, {-1426, -1274}, {0x00, 0x00, 0x7F, 0xFF}}},
	{{{1438, 800, 5290}, 0, {-1595, -1114}, {0x00, 0x00, 0x7F, 0xFF}}},
	{{{852, 1079, 4898}, 0, {-453, -2557}, {0x81, 0x00, 0x00, 0xFF}}},
	{{{852, 1201, 4773}, 0, {-453, -2557}, {0x81, 0x00, 0x00, 0xFF}}},
	{{{852, 1112, 4773}, 0, {-962, -2557}, {0x81, 0x00, 0x00, 0xFF}}},
	{{{852, 1201, 5080}, 0, {56, -2557}, {0x81, 0x00, 0x00, 0xFF}}},
	{{{852, 987, 4989}, 0, {56, -2557}, {0x81, 0x00, 0x00, 0xFF}}},
	{{{852, 987, 4989}, 0, {56, -2557}, {0x81, 0x00, 0x00, 0xFF}}},
	{{{852, 987, 5080}, 0, {565, -2557}, {0x81, 0x00, 0x00, 0xFF}}},
	{{{852, 1201, 5080}, 0, {56, -2557}, {0x81, 0x00, 0x00, 0xFF}}},
	{{{852, 862, 5023}, 0, {565, -2557}, {0x81, 0x00, 0x00, 0xFF}}},
	{{{852, 474, 5023}, 0, {565, -2557}, {0x81, 0x00, 0x00, 0xFF}}},
	{{{852, 474, 5080}, 0, {565, -2557}, {0x81, 0x00, 0x00, 0xFF}}},
	{{{974, 1079, 4898}, 0, {-453, 496}, {0x7F, 0x00, 0x00, 0xFF}}},
	{{{974, 1201, 4773}, 0, {-453, 496}, {0x7F, 0x00, 0x00, 0xFF}}},
	{{{974, 1201, 5080}, 0, {56, 496}, {0x7F, 0x00, 0x00, 0xFF}}},
	{{{974, 987, 4989}, 0, {56, 496}, {0x7F, 0x00, 0x00, 0xFF}}},
	{{{974, 862, 5023}, 0, {565, 496}, {0x7F, 0x00, 0x00, 0xFF}}},
	{{{974, 987, 5080}, 0, {56, 496}, {0x7F, 0x00, 0x00, 0xFF}}},
	{{{852, 1079, 4648}, 0, {-1470, -2557}, {0x81, 0x00, 0x00, 0xFF}}},
	{{{852, 1201, 4773}, 0, {-1470, -2557}, {0x81, 0x00, 0x00, 0xFF}}},
	{{{852, 1201, 4471}, 0, {-1979, -2557}, {0x81, 0x00, 0x00, 0xFF}}},
	{{{852, 987, 4556}, 0, {-1979, -2557}, {0x81, 0x00, 0x00, 0xFF}}},
	{{{852, 862, 4523}, 0, {-2488, -2557}, {0x81, 0x00, 0x00, 0xFF}}},
	{{{852, 862, 4471}, 0, {-1979, -2557}, {0x81, 0x00, 0x00, 0xFF}}},
	{{{974, 1079, 4648}, 0, {-1470, 496}, {0x7F, 0x00, 0x00, 0xFF}}},
	{{{974, 1201, 4773}, 0, {-1470, 496}, {0x7F, 0x00, 0x00, 0xFF}}},
	{{{974, 1112, 4773}, 0, {-962, 496}, {0x7F, 0x00, 0x00, 0xFF}}},
	{{{974, 1201, 4471}, 0, {-1979, 496}, {0x7F, 0x00, 0x00, 0xFF}}},
	{{{974, 987, 4556}, 0, {-1979, 496}, {0x7F, 0x00, 0x00, 0xFF}}},
	{{{974, 862, 4471}, 0, {-2488, 496}, {0x7F, 0x00, 0x00, 0xFF}}},
	{{{974, 862, 4523}, 0, {-2488, 496}, {0x7F, 0x00, 0x00, 0xFF}}},
	{{{974, 520, 4523}, 0, {-2488, 496}, {0x7F, 0x00, 0x00, 0xFF}}},
	{{{974, 520, 4466}, 0, {-2488, 496}, {0x7F, 0x00, 0x00, 0xFF}}},
	{{{974, 862, 5023}, 0, {565, 496}, {0x00, 0xEF, 0x82, 0xFF}}},
	{{{974, 474, 5023}, 0, {565, 496}, {0x00, 0x00, 0x81, 0xFF}}},
	{{{852, 474, 5023}, 0, {565, -2557}, {0x00, 0x00, 0x81, 0xFF}}},
	{{{852, 862, 5023}, 0, {565, -2557}, {0x00, 0xEF, 0x82, 0xFF}}},
	{{{852, 987, 4989}, 0, {56, -2557}, {0x00, 0xC1, 0x92, 0xFF}}},
	{{{974, 862, 5023}, 0, {565, 496}, {0x00, 0xEF, 0x82, 0xFF}}},
	{{{852, 987, 4989}, 0, {56, -2557}, {0x00, 0xC1, 0x92, 0xFF}}},
	{{{974, 987, 4989}, 0, {56, 496}, {0x00, 0xC1, 0x92, 0xFF}}},
	{{{852, 1079, 4898}, 0, {-453, -2557}, {0x00, 0x92, 0xC1, 0xFF}}},
	{{{974, 1079, 4898}, 0, {-453, 496}, {0x00, 0x92, 0xC1, 0xFF}}},
	{{{852, 1112, 4773}, 0, {-962, -2557}, {0x00, 0x81, 0x00, 0xFF}}},
	{{{974, 1112, 4773}, 0, {-962, 496}, {0x00, 0x81, 0x00, 0xFF}}},
	{{{852, 1079, 4648}, 0, {-1470, -2557}, {0x00, 0x92, 0x3F, 0xFF}}},
	{{{974, 1079, 4648}, 0, {-1470, 496}, {0x00, 0x92, 0x3F, 0xFF}}},
	{{{852, 987, 4556}, 0, {-1979, -2557}, {0x00, 0xC1, 0x6E, 0xFF}}},
	{{{974, 987, 4556}, 0, {-1979, 496}, {0x00, 0xC1, 0x6E, 0xFF}}},
	{{{852, 862, 4523}, 0, {-2488, -2557}, {0x00, 0xEF, 0x7E, 0xFF}}},
	{{{974, 862, 4523}, 0, {-2488, 496}, {0x00, 0xEF, 0x7E, 0xFF}}},
	{{{974, 520, 4523}, 0, {-2488, 496}, {0x00, 0x00, 0x7F, 0xFF}}},
	{{{852, 520, 4523}, 0, {-2488, -2557}, {0x00, 0x00, 0x7F, 0xFF}}},
	{{{852, 862, 4523}, 0, {-2488, -2557}, {0x81, 0x00, 0x00, 0xFF}}},
	{{{852, 862, 4471}, 0, {-2488, -2557}, {0x81, 0x00, 0x00, 0xFF}}},
	{{{852, 520, 4466}, 0, {-2488, -2557}, {0x81, 0x00, 0x00, 0xFF}}},
	{{{852, 520, 4523}, 0, {-2488, -2557}, {0x81, 0x00, 0x00, 0xFF}}},
	{{{974, 862, 5023}, 0, {565, 496}, {0x7F, 0x00, 0x00, 0xFF}}},
	{{{974, 987, 5080}, 0, {565, 496}, {0x7F, 0x00, 0x00, 0xFF}}},
	{{{974, 474, 5080}, 0, {565, 496}, {0x7F, 0x00, 0x00, 0xFF}}},
	{{{974, 474, 5023}, 0, {565, 496}, {0x7F, 0x00, 0x00, 0xFF}}},
	{{{852, 1079, 4289}, 0, {-453, -2557}, {0x81, 0x00, 0x00, 0xFF}}},
	{{{852, 1201, 4164}, 0, {-453, -2557}, {0x81, 0x00, 0x00, 0xFF}}},
	{{{852, 1112, 4164}, 0, {-962, -2557}, {0x81, 0x00, 0x00, 0xFF}}},
	{{{852, 1201, 4471}, 0, {56, -2557}, {0x81, 0x00, 0x00, 0xFF}}},
	{{{852, 987, 4381}, 0, {56, -2557}, {0x81, 0x00, 0x00, 0xFF}}},
	{{{852, 862, 4471}, 0, {565, -2557}, {0x81, 0x00, 0x00, 0xFF}}},
	{{{852, 862, 4414}, 0, {565, -2557}, {0x81, 0x00, 0x00, 0xFF}}},
	{{{852, 520, 4414}, 0, {565, -2557}, {0x81, 0x00, 0x00, 0xFF}}},
	{{{852, 520, 4466}, 0, {565, -2557}, {0x81, 0x00, 0x00, 0xFF}}},
	{{{974, 1079, 4289}, 0, {-453, 496}, {0x7F, 0x00, 0x00, 0xFF}}},
	{{{974, 1201, 4164}, 0, {-453, 496}, {0x7F, 0x00, 0x00, 0xFF}}},
	{{{974, 1201, 4471}, 0, {56, 496}, {0x7F, 0x00, 0x00, 0xFF}}},
	{{{974, 987, 4381}, 0, {56, 496}, {0x7F, 0x00, 0x00, 0xFF}}},
	{{{974, 862, 4414}, 0, {565, 496}, {0x7F, 0x00, 0x00, 0xFF}}},
	{{{974, 862, 4471}, 0, {56, 496}, {0x7F, 0x00, 0x00, 0xFF}}},
	{{{852, 1079, 4039}, 0, {-1470, -2557}, {0x81, 0x00, 0x00, 0xFF}}},
	{{{852, 1201, 4164}, 0, {-1470, -2557}, {0x81, 0x00, 0x00, 0xFF}}},
	{{{852, 1201, 3862}, 0, {-1979, -2557}, {0x81, 0x00, 0x00, 0xFF}}},
	{{{852, 987, 3948}, 0, {-1979, -2557}, {0x81, 0x00, 0x00, 0xFF}}},
	{{{852, 862, 3914}, 0, {-2488, -2557}, {0x81, 0x00, 0x00, 0xFF}}},
	{{{852, 862, 3862}, 0, {-1979, -2557}, {0x81, 0x00, 0x00, 0xFF}}},
	{{{974, 1079, 4039}, 0, {-1470, 496}, {0x7F, 0x00, 0x00, 0xFF}}},
	{{{974, 1201, 4164}, 0, {-1470, 496}, {0x7F, 0x00, 0x00, 0xFF}}},
	{{{974, 1112, 4164}, 0, {-962, 496}, {0x7F, 0x00, 0x00, 0xFF}}},
	{{{974, 1201, 3857}, 0, {-1979, 496}, {0x7F, 0x00, 0x00, 0xFF}}},
	{{{974, 987, 3948}, 0, {-1979, 496}, {0x7F, 0x00, 0x00, 0xFF}}},
	{{{974, 862, 3862}, 0, {-2488, 496}, {0x7F, 0x00, 0x00, 0xFF}}},
	{{{974, 862, 3914}, 0, {-2488, 496}, {0x7F, 0x00, 0x00, 0xFF}}},
	{{{974, 520, 3914}, 0, {-2488, 496}, {0x7F, 0x00, 0x00, 0xFF}}},
	{{{974, 520, 3862}, 0, {-2488, 496}, {0x7F, 0x00, 0x00, 0xFF}}},
	{{{974, 862, 4414}, 0, {565, 496}, {0x00, 0xEF, 0x82, 0xFF}}},
	{{{974, 520, 4414}, 0, {565, 496}, {0x00, 0x00, 0x81, 0xFF}}},
	{{{852, 520, 4414}, 0, {565, -2557}, {0x00, 0x00, 0x81, 0xFF}}},
	{{{852, 862, 4414}, 0, {565, -2557}, {0x00, 0xEF, 0x82, 0xFF}}},
	{{{852, 987, 4381}, 0, {56, -2557}, {0x00, 0xC1, 0x92, 0xFF}}},
	{{{974, 987, 4381}, 0, {56, 496}, {0x00, 0xC1, 0x92, 0xFF}}},
	{{{852, 1079, 4289}, 0, {-453, -2557}, {0x00, 0x92, 0xC1, 0xFF}}},
	{{{974, 1079, 4289}, 0, {-453, 496}, {0x00, 0x92, 0xC1, 0xFF}}},
	{{{852, 1112, 4164}, 0, {-962, -2557}, {0x00, 0x81, 0x00, 0xFF}}},
	{{{974, 1112, 4164}, 0, {-962, 496}, {0x00, 0x81, 0x00, 0xFF}}},
	{{{852, 1079, 4039}, 0, {-1470, -2557}, {0x00, 0x92, 0x3F, 0xFF}}},
	{{{974, 1112, 4164}, 0, {-962, 496}, {0x00, 0x81, 0x00, 0xFF}}},
	{{{852, 1079, 4039}, 0, {-1470, -2557}, {0x00, 0x92, 0x3F, 0xFF}}},
	{{{974, 1079, 4039}, 0, {-1470, 496}, {0x00, 0x92, 0x3F, 0xFF}}},
	{{{852, 987, 3948}, 0, {-1979, -2557}, {0x00, 0xC1, 0x6E, 0xFF}}},
	{{{974, 987, 3948}, 0, {-1979, 496}, {0x00, 0xC1, 0x6E, 0xFF}}},
	{{{852, 862, 3914}, 0, {-2488, -2557}, {0x00, 0xEF, 0x7E, 0xFF}}},
	{{{974, 862, 3914}, 0, {-2488, 496}, {0x00, 0xEF, 0x7E, 0xFF}}},
	{{{974, 520, 3914}, 0, {-2488, 496}, {0x00, 0x00, 0x7F, 0xFF}}},
	{{{852, 520, 3914}, 0, {-2488, -2557}, {0x00, 0x00, 0x7F, 0xFF}}},
	{{{852, 862, 3914}, 0, {-2488, -2557}, {0x81, 0x00, 0x00, 0xFF}}},
	{{{852, 862, 3862}, 0, {-2488, -2557}, {0x81, 0x00, 0x00, 0xFF}}},
	{{{852, 520, 3857}, 0, {-2488, -2557}, {0x81, 0x00, 0x00, 0xFF}}},
	{{{852, 520, 3914}, 0, {-2488, -2557}, {0x81, 0x00, 0x00, 0xFF}}},
	{{{974, 862, 4414}, 0, {565, 496}, {0x7F, 0x00, 0x00, 0xFF}}},
	{{{974, 862, 4471}, 0, {565, 496}, {0x7F, 0x00, 0x00, 0xFF}}},
	{{{974, 520, 4466}, 0, {565, 496}, {0x7F, 0x00, 0x00, 0xFF}}},
	{{{974, 520, 4414}, 0, {565, 496}, {0x7F, 0x00, 0x00, 0xFF}}},
	{{{852, 1079, 3680}, 0, {-453, -2557}, {0x81, 0x00, 0x00, 0xFF}}},
	{{{852, 1201, 3555}, 0, {-453, -2557}, {0x81, 0x00, 0x00, 0xFF}}},
	{{{852, 1112, 3555}, 0, {-962, -2557}, {0x81, 0x00, 0x00, 0xFF}}},
	{{{852, 1201, 3862}, 0, {56, -2557}, {0x81, 0x00, 0x00, 0xFF}}},
	{{{852, 987, 3772}, 0, {56, -2557}, {0x81, 0x00, 0x00, 0xFF}}},
	{{{852, 862, 3862}, 0, {565, -2557}, {0x81, 0x00, 0x00, 0xFF}}},
	{{{852, 862, 3805}, 0, {565, -2557}, {0x81, 0x00, 0x00, 0xFF}}},
	{{{852, 520, 3805}, 0, {565, -2557}, {0x81, 0x00, 0x00, 0xFF}}},
	{{{852, 520, 3857}, 0, {565, -2557}, {0x81, 0x00, 0x00, 0xFF}}},
	{{{974, 1079, 3680}, 0, {-453, 496}, {0x7F, 0x00, 0x00, 0xFF}}},
	{{{974, 1201, 3555}, 0, {-453, 496}, {0x7F, 0x00, 0x00, 0xFF}}},
	{{{974, 1201, 3857}, 0, {56, 496}, {0x7F, 0x00, 0x00, 0xFF}}},
	{{{974, 987, 3772}, 0, {56, 496}, {0x7F, 0x00, 0x00, 0xFF}}},
	{{{974, 862, 3805}, 0, {565, 496}, {0x7F, 0x00, 0x00, 0xFF}}},
	{{{974, 862, 3862}, 0, {56, 496}, {0x7F, 0x00, 0x00, 0xFF}}},
	{{{852, 1079, 3430}, 0, {-1470, -2557}, {0x81, 0x00, 0x00, 0xFF}}},
	{{{852, 1201, 3555}, 0, {-1470, -2557}, {0x81, 0x00, 0x00, 0xFF}}},
	{{{852, 1201, 3254}, 0, {-1979, -2557}, {0x81, 0x00, 0x00, 0xFF}}},
	{{{852, 987, 3339}, 0, {-1979, -2557}, {0x81, 0x00, 0x00, 0xFF}}},
	{{{852, 862, 3305}, 0, {-2488, -2557}, {0x81, 0x00, 0x00, 0xFF}}},
	{{{852, 862, 3249}, 0, {-1979, -2557}, {0x81, 0x00, 0x00, 0xFF}}},
	{{{974, 1079, 3430}, 0, {-1470, 496}, {0x7F, 0x00, 0x00, 0xFF}}},
	{{{974, 1201, 3555}, 0, {-1470, 496}, {0x7F, 0x00, 0x00, 0xFF}}},
	{{{974, 1112, 3555}, 0, {-962, 496}, {0x7F, 0x00, 0x00, 0xFF}}},
	{{{974, 1201, 3254}, 0, {-1979, 496}, {0x7F, 0x00, 0x00, 0xFF}}},
	{{{974, 987, 3339}, 0, {-1979, 496}, {0x7F, 0x00, 0x00, 0xFF}}},
	{{{974, 862, 3254}, 0, {-2488, 496}, {0x7F, 0x00, 0x00, 0xFF}}},
	{{{974, 862, 3305}, 0, {-2488, 496}, {0x7F, 0x00, 0x00, 0xFF}}},
	{{{974, 520, 3305}, 0, {-2488, 496}, {0x7F, 0x00, 0x00, 0xFF}}},
	{{{974, 520, 3249}, 0, {-2488, 496}, {0x7F, 0x00, 0x00, 0xFF}}},
	{{{974, 862, 3805}, 0, {565, 496}, {0x00, 0xEF, 0x82, 0xFF}}},
	{{{974, 520, 3805}, 0, {565, 496}, {0x00, 0x00, 0x81, 0xFF}}},
	{{{852, 520, 3805}, 0, {565, -2557}, {0x00, 0x00, 0x81, 0xFF}}},
	{{{852, 862, 3805}, 0, {565, -2557}, {0x00, 0xEF, 0x82, 0xFF}}},
	{{{852, 987, 3772}, 0, {56, -2557}, {0x00, 0xC1, 0x92, 0xFF}}},
	{{{974, 987, 3772}, 0, {56, 496}, {0x00, 0xC1, 0x92, 0xFF}}},
	{{{852, 1079, 3680}, 0, {-453, -2557}, {0x00, 0x92, 0xC1, 0xFF}}},
	{{{974, 1079, 3680}, 0, {-453, 496}, {0x00, 0x92, 0xC1, 0xFF}}},
	{{{852, 1112, 3555}, 0, {-962, -2557}, {0x00, 0x81, 0x00, 0xFF}}},
	{{{974, 1112, 3555}, 0, {-962, 496}, {0x00, 0x81, 0x00, 0xFF}}},
	{{{852, 1079, 3430}, 0, {-1470, -2557}, {0x00, 0x92, 0x3F, 0xFF}}},
	{{{974, 1079, 3430}, 0, {-1470, 496}, {0x00, 0x92, 0x3F, 0xFF}}},
	{{{852, 987, 3339}, 0, {-1979, -2557}, {0x00, 0xC1, 0x6E, 0xFF}}},
	{{{974, 987, 3339}, 0, {-1979, 496}, {0x00, 0xC1, 0x6E, 0xFF}}},
	{{{852, 862, 3305}, 0, {-2488, -2557}, {0x00, 0xEF, 0x7E, 0xFF}}},
	{{{974, 862, 3305}, 0, {-2488, 496}, {0x00, 0xEF, 0x7E, 0xFF}}},
	{{{974, 520, 3305}, 0, {-2488, 496}, {0x00, 0x00, 0x7F, 0xFF}}},
	{{{852, 862, 3305}, 0, {-2488, -2557}, {0x00, 0xEF, 0x7E, 0xFF}}},
	{{{852, 520, 3305}, 0, {-2488, -2557}, {0x00, 0x00, 0x7F, 0xFF}}},
	{{{974, 520, 3305}, 0, {-2488, 496}, {0x00, 0x00, 0x7F, 0xFF}}},
	{{{852, 862, 3305}, 0, {-2488, -2557}, {0x81, 0x00, 0x00, 0xFF}}},
	{{{852, 862, 3249}, 0, {-2488, -2557}, {0x81, 0x00, 0x00, 0xFF}}},
	{{{852, 520, 3249}, 0, {-2488, -2557}, {0x81, 0x00, 0x00, 0xFF}}},
	{{{852, 520, 3305}, 0, {-2488, -2557}, {0x81, 0x00, 0x00, 0xFF}}},
	{{{974, 862, 3805}, 0, {565, 496}, {0x7F, 0x00, 0x00, 0xFF}}},
	{{{974, 862, 3862}, 0, {565, 496}, {0x7F, 0x00, 0x00, 0xFF}}},
	{{{974, 520, 3862}, 0, {565, 496}, {0x7F, 0x00, 0x00, 0xFF}}},
	{{{974, 520, 3805}, 0, {565, 496}, {0x7F, 0x00, 0x00, 0xFF}}},
	{{{852, 1079, 3072}, 0, {-453, -2557}, {0x81, 0x00, 0x00, 0xFF}}},
	{{{852, 1201, 2947}, 0, {-453, -2557}, {0x81, 0x00, 0x00, 0xFF}}},
	{{{852, 1112, 2947}, 0, {-962, -2557}, {0x81, 0x00, 0x00, 0xFF}}},
	{{{852, 1201, 3254}, 0, {56, -2557}, {0x81, 0x00, 0x00, 0xFF}}},
	{{{852, 987, 3163}, 0, {56, -2557}, {0x81, 0x00, 0x00, 0xFF}}},
	{{{852, 862, 3249}, 0, {565, -2557}, {0x81, 0x00, 0x00, 0xFF}}},
	{{{852, 862, 3197}, 0, {565, -2557}, {0x81, 0x00, 0x00, 0xFF}}},
	{{{852, 520, 3197}, 0, {565, -2557}, {0x81, 0x00, 0x00, 0xFF}}},
	{{{852, 520, 3249}, 0, {565, -2557}, {0x81, 0x00, 0x00, 0xFF}}},
	{{{974, 1079, 3072}, 0, {-453, 496}, {0x7F, 0x00, 0x00, 0xFF}}},
	{{{974, 1201, 2947}, 0, {-453, 496}, {0x7F, 0x00, 0x00, 0xFF}}},
	{{{974, 1201, 3254}, 0, {56, 496}, {0x7F, 0x00, 0x00, 0xFF}}},
	{{{974, 987, 3163}, 0, {56, 496}, {0x7F, 0x00, 0x00, 0xFF}}},
	{{{974, 862, 3197}, 0, {565, 496}, {0x7F, 0x00, 0x00, 0xFF}}},
	{{{974, 862, 3254}, 0, {56, 496}, {0x7F, 0x00, 0x00, 0xFF}}},
	{{{852, 1079, 2822}, 0, {-1470, -2557}, {0x81, 0x00, 0x00, 0xFF}}},
	{{{852, 1201, 2947}, 0, {-1470, -2557}, {0x81, 0x00, 0x00, 0xFF}}},
	{{{852, 1201, 2645}, 0, {-1979, -2557}, {0x81, 0x00, 0x00, 0xFF}}},
	{{{852, 987, 2730}, 0, {-1979, -2557}, {0x81, 0x00, 0x00, 0xFF}}},
	{{{852, 862, 2697}, 0, {-2488, -2557}, {0x81, 0x00, 0x00, 0xFF}}},
	{{{852, 862, 2645}, 0, {-1979, -2557}, {0x81, 0x00, 0x00, 0xFF}}},
	{{{974, 1079, 2822}, 0, {-1470, 496}, {0x7F, 0x00, 0x00, 0xFF}}},
	{{{974, 1201, 2947}, 0, {-1470, 496}, {0x7F, 0x00, 0x00, 0xFF}}},
	{{{974, 1112, 2947}, 0, {-962, 496}, {0x7F, 0x00, 0x00, 0xFF}}},
	{{{974, 1201, 2645}, 0, {-1979, 496}, {0x7F, 0x00, 0x00, 0xFF}}},
	{{{974, 987, 2730}, 0, {-1979, 496}, {0x7F, 0x00, 0x00, 0xFF}}},
	{{{974, 862, 2640}, 0, {-2488, 496}, {0x7F, 0x00, 0x00, 0xFF}}},
	{{{974, 862, 2697}, 0, {-2488, 496}, {0x7F, 0x00, 0x00, 0xFF}}},
	{{{974, 520, 2697}, 0, {-2488, 496}, {0x7F, 0x00, 0x00, 0xFF}}},
	{{{974, 520, 2645}, 0, {-2488, 496}, {0x7F, 0x00, 0x00, 0xFF}}},
	{{{974, 862, 3197}, 0, {565, 496}, {0x00, 0xEF, 0x82, 0xFF}}},
	{{{974, 520, 3197}, 0, {565, 496}, {0x00, 0x00, 0x81, 0xFF}}},
	{{{852, 520, 3197}, 0, {565, -2557}, {0x00, 0x00, 0x81, 0xFF}}},
	{{{852, 862, 3197}, 0, {565, -2557}, {0x00, 0xEF, 0x82, 0xFF}}},
	{{{852, 987, 3163}, 0, {56, -2557}, {0x00, 0xC1, 0x92, 0xFF}}},
	{{{974, 987, 3163}, 0, {56, 496}, {0x00, 0xC1, 0x92, 0xFF}}},
	{{{852, 1079, 3072}, 0, {-453, -2557}, {0x00, 0x92, 0xC1, 0xFF}}},
	{{{974, 1079, 3072}, 0, {-453, 496}, {0x00, 0x92, 0xC1, 0xFF}}},
	{{{852, 1112, 2947}, 0, {-962, -2557}, {0x00, 0x81, 0x00, 0xFF}}},
	{{{974, 1112, 2947}, 0, {-962, 496}, {0x00, 0x81, 0x00, 0xFF}}},
	{{{852, 1079, 2822}, 0, {-1470, -2557}, {0x00, 0x92, 0x3F, 0xFF}}},
	{{{974, 1079, 2822}, 0, {-1470, 496}, {0x00, 0x92, 0x3F, 0xFF}}},
	{{{852, 987, 2730}, 0, {-1979, -2557}, {0x00, 0xC1, 0x6E, 0xFF}}},
	{{{974, 987, 2730}, 0, {-1979, 496}, {0x00, 0xC1, 0x6E, 0xFF}}},
	{{{852, 862, 2697}, 0, {-2488, -2557}, {0x00, 0xEF, 0x7E, 0xFF}}},
	{{{974, 862, 2697}, 0, {-2488, 496}, {0x00, 0xEF, 0x7E, 0xFF}}},
	{{{974, 520, 2697}, 0, {-2488, 496}, {0x00, 0x00, 0x7F, 0xFF}}},
	{{{852, 520, 2697}, 0, {-2488, -2557}, {0x00, 0x00, 0x7F, 0xFF}}},
	{{{852, 862, 2697}, 0, {-2488, -2557}, {0x81, 0x00, 0x00, 0xFF}}},
	{{{852, 862, 2645}, 0, {-2488, -2557}, {0x81, 0x00, 0x00, 0xFF}}},
	{{{852, 520, 2645}, 0, {-2488, -2557}, {0x81, 0x00, 0x00, 0xFF}}},
	{{{852, 520, 2697}, 0, {-2488, -2557}, {0x81, 0x00, 0x00, 0xFF}}},
	{{{974, 862, 3197}, 0, {565, 496}, {0x7F, 0x00, 0x00, 0xFF}}},
	{{{974, 862, 3254}, 0, {565, 496}, {0x7F, 0x00, 0x00, 0xFF}}},
	{{{974, 520, 3249}, 0, {565, 496}, {0x7F, 0x00, 0x00, 0xFF}}},
	{{{974, 520, 3197}, 0, {565, 496}, {0x7F, 0x00, 0x00, 0xFF}}},
	{{{852, 1079, 2463}, 0, {-453, -2557}, {0x81, 0x00, 0x00, 0xFF}}},
	{{{852, 1201, 2338}, 0, {-453, -2557}, {0x81, 0x00, 0x00, 0xFF}}},
	{{{852, 1112, 2338}, 0, {-962, -2557}, {0x81, 0x00, 0x00, 0xFF}}},
	{{{852, 1201, 2645}, 0, {56, -2557}, {0x81, 0x00, 0x00, 0xFF}}},
	{{{852, 987, 2555}, 0, {56, -2557}, {0x81, 0x00, 0x00, 0xFF}}},
	{{{852, 862, 2645}, 0, {565, -2557}, {0x81, 0x00, 0x00, 0xFF}}},
	{{{852, 862, 2588}, 0, {565, -2557}, {0x81, 0x00, 0x00, 0xFF}}},
	{{{852, 520, 2588}, 0, {565, -2557}, {0x81, 0x00, 0x00, 0xFF}}},
	{{{852, 520, 2645}, 0, {565, -2557}, {0x81, 0x00, 0x00, 0xFF}}},
	{{{974, 1079, 2463}, 0, {-453, 496}, {0x7F, 0x00, 0x00, 0xFF}}},
	{{{974, 1201, 2338}, 0, {-453, 496}, {0x7F, 0x00, 0x00, 0xFF}}},
	{{{974, 1201, 2645}, 0, {56, 496}, {0x7F, 0x00, 0x00, 0xFF}}},
	{{{974, 987, 2555}, 0, {56, 496}, {0x7F, 0x00, 0x00, 0xFF}}},
	{{{974, 862, 2588}, 0, {565, 496}, {0x7F, 0x00, 0x00, 0xFF}}},
	{{{974, 862, 2640}, 0, {56, 496}, {0x7F, 0x00, 0x00, 0xFF}}},
	{{{852, 1079, 2213}, 0, {-1470, -2557}, {0x81, 0x00, 0x00, 0xFF}}},
	{{{852, 1201, 2338}, 0, {-1470, -2557}, {0x81, 0x00, 0x00, 0xFF}}},
	{{{852, 1201, 2031}, 0, {-1979, -2557}, {0x81, 0x00, 0x00, 0xFF}}},
	{{{852, 987, 2122}, 0, {-1979, -2557}, {0x81, 0x00, 0x00, 0xFF}}},
	{{{852, 862, 2088}, 0, {-2488, -2557}, {0x81, 0x00, 0x00, 0xFF}}},
	{{{852, 987, 2031}, 0, {-1979, -2557}, {0x81, 0x00, 0x00, 0xFF}}},
	{{{974, 1079, 2213}, 0, {-1470, 496}, {0x7F, 0x00, 0x00, 0xFF}}},
	{{{974, 1201, 2338}, 0, {-1470, 496}, {0x7F, 0x00, 0x00, 0xFF}}},
	{{{974, 1112, 2338}, 0, {-962, 496}, {0x7F, 0x00, 0x00, 0xFF}}},
	{{{974, 1201, 2031}, 0, {-1979, 496}, {0x7F, 0x00, 0x00, 0xFF}}},
	{{{974, 987, 2122}, 0, {-1979, 496}, {0x7F, 0x00, 0x00, 0xFF}}},
	{{{974, 987, 2031}, 0, {-2488, 496}, {0x7F, 0x00, 0x00, 0xFF}}},
	{{{974, 862, 2088}, 0, {-2488, 496}, {0x7F, 0x00, 0x00, 0xFF}}},
	{{{974, 480, 2088}, 0, {-2488, 496}, {0x7F, 0x00, 0x00, 0xFF}}},
	{{{974, 987, 2031}, 0, {-2488, 496}, {0x7F, 0x00, 0x00, 0xFF}}},
	{{{974, 862, 2088}, 0, {-2488, 496}, {0x7F, 0x00, 0x00, 0xFF}}},
	{{{974, 480, 2031}, 0, {-2488, 496}, {0x7F, 0x00, 0x00, 0xFF}}},
	{{{974, 862, 2588}, 0, {565, 496}, {0x00, 0xEF, 0x82, 0xFF}}},
	{{{974, 520, 2588}, 0, {565, 496}, {0x00, 0x00, 0x81, 0xFF}}},
	{{{852, 520, 2588}, 0, {565, -2557}, {0x00, 0x00, 0x81, 0xFF}}},
	{{{852, 862, 2588}, 0, {565, -2557}, {0x00, 0xEF, 0x82, 0xFF}}},
	{{{852, 987, 2555}, 0, {56, -2557}, {0x00, 0xC1, 0x92, 0xFF}}},
	{{{974, 987, 2555}, 0, {56, 496}, {0x00, 0xC1, 0x92, 0xFF}}},
	{{{852, 1079, 2463}, 0, {-453, -2557}, {0x00, 0x92, 0xC1, 0xFF}}},
	{{{974, 1079, 2463}, 0, {-453, 496}, {0x00, 0x92, 0xC1, 0xFF}}},
	{{{852, 1112, 2338}, 0, {-962, -2557}, {0x00, 0x81, 0x00, 0xFF}}},
	{{{974, 1112, 2338}, 0, {-962, 496}, {0x00, 0x81, 0x00, 0xFF}}},
	{{{852, 1079, 2213}, 0, {-1470, -2557}, {0x00, 0x92, 0x3F, 0xFF}}},
	{{{974, 1079, 2213}, 0, {-1470, 496}, {0x00, 0x92, 0x3F, 0xFF}}},
	{{{852, 987, 2122}, 0, {-1979, -2557}, {0x00, 0xC1, 0x6E, 0xFF}}},
	{{{974, 987, 2122}, 0, {-1979, 496}, {0x00, 0xC1, 0x6E, 0xFF}}},
	{{{852, 862, 2088}, 0, {-2488, -2557}, {0x00, 0xEF, 0x7E, 0xFF}}},
	{{{974, 862, 2088}, 0, {-2488, 496}, {0x00, 0xEF, 0x7E, 0xFF}}},
	{{{974, 480, 2088}, 0, {-2488, 496}, {0x00, 0x00, 0x7F, 0xFF}}},
	{{{852, 480, 2088}, 0, {-2488, -2557}, {0x00, 0x00, 0x7F, 0xFF}}},
	{{{852, 862, 2088}, 0, {-2488, -2557}, {0x81, 0x00, 0x00, 0xFF}}},
	{{{852, 987, 2031}, 0, {-2488, -2557}, {0x81, 0x00, 0x00, 0xFF}}},
	{{{852, 480, 2031}, 0, {-2488, -2557}, {0x81, 0x00, 0x00, 0xFF}}},
	{{{852, 480, 2088}, 0, {-2488, -2557}, {0x81, 0x00, 0x00, 0xFF}}},
	{{{974, 862, 2588}, 0, {565, 496}, {0x7F, 0x00, 0x00, 0xFF}}},
	{{{974, 862, 2640}, 0, {565, 496}, {0x7F, 0x00, 0x00, 0xFF}}},
	{{{974, 520, 2645}, 0, {565, 496}, {0x7F, 0x00, 0x00, 0xFF}}},
	{{{974, 520, 2588}, 0, {565, 496}, {0x7F, 0x00, 0x00, 0xFF}}},
	{{{852, 474, 5080}, 0, {565, -2557}, {0x00, 0x00, 0x7F, 0xFF}}},
	{{{974, 474, 5080}, 0, {565, 496}, {0x00, 0x00, 0x7F, 0xFF}}},
	{{{974, 987, 5080}, 0, {565, 496}, {0x00, 0x00, 0x7F, 0xFF}}},
	{{{852, 987, 5080}, 0, {565, -2557}, {0x00, 0x00, 0x7F, 0xFF}}},
	{{{974, 987, 5080}, 0, {56, 496}, {0x00, 0x00, 0x7F, 0xFF}}},
	{{{974, 1201, 5080}, 0, {56, 496}, {0x00, 0x00, 0x7F, 0xFF}}},
	{{{852, 1201, 5080}, 0, {56, -2557}, {0x00, 0x00, 0x7F, 0xFF}}},
	{{{852, 1201, 2031}, 0, {-1979, -2557}, {0x00, 0x00, 0x81, 0xFF}}},
	{{{974, 1201, 2031}, 0, {-1979, 496}, {0x00, 0x00, 0x81, 0xFF}}},
	{{{974, 987, 2031}, 0, {-2488, 496}, {0x00, 0x00, 0x81, 0xFF}}},
	{{{852, 987, 2031}, 0, {-1979, -2557}, {0x00, 0x00, 0x81, 0xFF}}},
	{{{852, 987, 2031}, 0, {-2488, -2557}, {0x00, 0x00, 0x81, 0xFF}}},
	{{{974, 480, 2031}, 0, {-2488, 496}, {0x00, 0x00, 0x81, 0xFF}}},
	{{{852, 480, 2031}, 0, {-2488, -2557}, {0x00, 0x00, 0x81, 0xFF}}},
	{{{852, 520, 2588}, 0, {565, -2557}, {0x00, 0x81, 0x00, 0xFF}}},
	{{{974, 520, 2588}, 0, {565, 496}, {0x00, 0x81, 0x00, 0xFF}}},
	{{{974, 520, 2645}, 0, {565, 496}, {0x00, 0x81, 0x00, 0xFF}}},
	{{{852, 520, 2645}, 0, {565, -2557}, {0x00, 0x81, 0x00, 0xFF}}},
	{{{852, 520, 2645}, 0, {-2488, -2557}, {0x00, 0x81, 0x00, 0xFF}}},
	{{{974, 520, 2645}, 0, {-2488, 496}, {0x00, 0x81, 0x00, 0xFF}}},
	{{{974, 520, 2697}, 0, {-2488, 496}, {0x00, 0x81, 0x00, 0xFF}}},
	{{{852, 520, 2697}, 0, {-2488, -2557}, {0x00, 0x81, 0x00, 0xFF}}},
	{{{974, 520, 3305}, 0, {-2488, 496}, {0x00, 0x81, 0x00, 0xFF}}},
	{{{852, 520, 3305}, 0, {-2488, -2557}, {0x00, 0x81, 0x00, 0xFF}}},
	{{{852, 520, 3249}, 0, {-2488, -2557}, {0x00, 0x81, 0x00, 0xFF}}},
	{{{974, 520, 3249}, 0, {-2488, 496}, {0x00, 0x81, 0x00, 0xFF}}},
	{{{974, 520, 3249}, 0, {565, 496}, {0x00, 0x81, 0x00, 0xFF}}},
	{{{852, 520, 3249}, 0, {565, -2557}, {0x00, 0x81, 0x00, 0xFF}}},
	{{{852, 520, 3197}, 0, {565, -2557}, {0x00, 0x81, 0x00, 0xFF}}},
	{{{974, 520, 3197}, 0, {565, 496}, {0x00, 0x81, 0x00, 0xFF}}},
	{{{974, 520, 3914}, 0, {-2488, 496}, {0x00, 0x81, 0x00, 0xFF}}},
	{{{852, 520, 3914}, 0, {-2488, -2557}, {0x00, 0x81, 0x00, 0xFF}}},
	{{{852, 520, 3857}, 0, {-2488, -2557}, {0x00, 0x81, 0x00, 0xFF}}},
	{{{974, 520, 3862}, 0, {-2488, 496}, {0x00, 0x81, 0x00, 0xFF}}},
	{{{974, 520, 3862}, 0, {565, 496}, {0x00, 0x81, 0x00, 0xFF}}},
	{{{852, 520, 3857}, 0, {565, -2557}, {0x00, 0x81, 0x00, 0xFF}}},
	{{{852, 520, 3805}, 0, {565, -2557}, {0x00, 0x81, 0x00, 0xFF}}},
	{{{974, 520, 3805}, 0, {565, 496}, {0x00, 0x81, 0x00, 0xFF}}},
	{{{974, 520, 4523}, 0, {-2488, 496}, {0x00, 0x81, 0x00, 0xFF}}},
	{{{852, 520, 4523}, 0, {-2488, -2557}, {0x00, 0x81, 0x00, 0xFF}}},
	{{{852, 520, 4466}, 0, {-2488, -2557}, {0x00, 0x81, 0x00, 0xFF}}},
	{{{974, 520, 4466}, 0, {-2488, 496}, {0x00, 0x81, 0x00, 0xFF}}},
	{{{974, 520, 4466}, 0, {565, 496}, {0x00, 0x81, 0x00, 0xFF}}},
	{{{852, 520, 4466}, 0, {565, -2557}, {0x00, 0x81, 0x00, 0xFF}}},
	{{{852, 520, 4414}, 0, {565, -2557}, {0x00, 0x81, 0x00, 0xFF}}},
	{{{974, 520, 4414}, 0, {565, 496}, {0x00, 0x81, 0x00, 0xFF}}},
	{{{852, 480, 2031}, 0, {-2488, -2557}, {0x00, 0x81, 0x00, 0xFF}}},
	{{{974, 480, 2031}, 0, {-2488, 496}, {0x00, 0x81, 0x00, 0xFF}}},
	{{{974, 480, 2088}, 0, {-2488, 496}, {0x00, 0x81, 0x00, 0xFF}}},
	{{{852, 480, 2088}, 0, {-2488, -2557}, {0x00, 0x81, 0x00, 0xFF}}},
	{{{852, 474, 5023}, 0, {565, -2557}, {0x00, 0x81, 0x00, 0xFF}}},
	{{{974, 474, 5023}, 0, {565, 496}, {0x00, 0x81, 0x00, 0xFF}}},
	{{{974, 474, 5080}, 0, {565, 496}, {0x00, 0x81, 0x00, 0xFF}}},
	{{{852, 474, 5080}, 0, {565, -2557}, {0x00, 0x81, 0x00, 0xFF}}},
	{{{1517, 1201, 1759}, 0, {-567, -1836}, {0x00, 0xD0, 0x8A, 0xFF}}},
	{{{705, 1201, 1759}, 0, {-567, -1325}, {0x00, 0xD0, 0x8A, 0xFF}}},
	{{{705, 1308, 1716}, 0, {-634, -1322}, {0x00, 0xD0, 0x8A, 0xFF}}},
	{{{1493, 1308, 1716}, 0, {-634, -1818}, {0x00, 0xD0, 0x8A, 0xFF}}},
	{{{1557, 1201, 1821}, 0, {-742, 1313}, {0x00, 0x81, 0x00, 0xFF}}},
	{{{705, 1201, 1759}, 0, {-1281, 1273}, {0x00, 0x81, 0x00, 0xFF}}},
	{{{1517, 1201, 1759}, 0, {-767, 1273}, {0x00, 0x81, 0x00, 0xFF}}},
	{{{868, 1201, 1821}, 0, {-1178, 1313}, {0x00, 0x81, 0x00, 0xFF}}},
	{{{868, 1201, 1821}, 0, {-1178, 1313}, {0x00, 0x81, 0x00, 0xFF}}},
	{{{835, 1201, 1821}, 0, {-1199, 1313}, {0x00, 0x81, 0x00, 0xFF}}},
	{{{705, 1201, 1759}, 0, {-1281, 1273}, {0x00, 0x81, 0x00, 0xFF}}},
	{{{802, 1201, 2055}, 0, {-1220, 1461}, {0x00, 0x81, 0x00, 0xFF}}},
	{{{848, 1201, 2058}, 0, {-1191, 1463}, {0x00, 0x81, 0x00, 0xFF}}},
	{{{868, 1201, 5290}, 0, {-1178, 3509}, {0x00, 0x81, 0x00, 0xFF}}},
	{{{846, 1201, 5014}, 0, {-1192, 3335}, {0x00, 0x81, 0x00, 0xFF}}},
	{{{799, 1201, 5049}, 0, {-1222, 3356}, {0x00, 0x81, 0x00, 0xFF}}},
	{{{833, 1201, 5304}, 0, {-1200, 3518}, {0x00, 0x81, 0x00, 0xFF}}},
	{{{1727, 1201, 5290}, 0, {-634, 3509}, {0x00, 0x81, 0x00, 0xFF}}},
	{{{705, 1201, 5352}, 0, {-1281, 3549}, {0x00, 0x81, 0x00, 0xFF}}},
	{{{1727, 1201, 5352}, 0, {-634, 3549}, {0x00, 0x81, 0x00, 0xFF}}},
	{{{1493, 1308, 1716}, 0, {-1781, 1219}, {0x00, 0x7F, 0x00, 0xFF}}},
	{{{868, 1308, 1821}, 0, {-1385, 1285}, {0x00, 0x7F, 0x00, 0xFF}}},
	{{{1553, 1308, 1821}, 0, {-1819, 1285}, {0x00, 0x7F, 0x00, 0xFF}}},
	{{{705, 1308, 1716}, 0, {-1282, 1219}, {0x00, 0x7F, 0x00, 0xFF}}},
	{{{868, 1308, 5290}, 0, {-1384, 3482}, {0x00, 0x7F, 0x00, 0xFF}}},
	{{{705, 1308, 5395}, 0, {-1281, 3549}, {0x00, 0x7F, 0x00, 0xFF}}},
	{{{1727, 1308, 5290}, 0, {-1929, 3482}, {0x00, 0x7F, 0x00, 0xFF}}},
	{{{1727, 1308, 5395}, 0, {-1929, 3549}, {0x00, 0x7F, 0x00, 0xFF}}},
	{{{705, 1201, 1759}, 0, {-567, 1293}, {0x81, 0x00, 0x00, 0xFF}}},
	{{{705, 1201, 5352}, 0, {-567, 3520}, {0x81, 0x00, 0x00, 0xFF}}},
	{{{705, 1308, 5395}, 0, {-634, 3549}, {0x81, 0x00, 0x00, 0xFF}}},
	{{{705, 1308, 1716}, 0, {-634, 1268}, {0x81, 0x00, 0x00, 0xFF}}},
	{{{1727, 1308, 5395}, 0, {-1346, -6}, {0x00, 0xD0, 0x76, 0xFF}}},
	{{{705, 1308, 5395}, 0, {-1346, -603}, {0x00, 0xD0, 0x76, 0xFF}}},
	{{{705, 1201, 5352}, 0, {-1281, -615}, {0x00, 0xD0, 0x76, 0xFF}}},
	{{{1727, 1201, 5352}, 0, {-1281, -18}, {0x00, 0xD0, 0x76, 0xFF}}},
	{{{1620, 2108, 888}, 0, {-1287, 903}, {0x84, 0xE6, 0x00, 0xFF}}},
	{{{1620, 2108, 1368}, 0, {-1287, 1201}, {0x84, 0xE6, 0x00, 0xFF}}},
	{{{1597, 2215, 1389}, 0, {-1352, 1219}, {0x84, 0xE6, 0x00, 0xFF}}},
	{{{1597, 2215, 898}, 0, {-1352, 915}, {0x84, 0xE6, 0x00, 0xFF}}},
	{{{1620, 2108, 588}, 0, {-1287, 718}, {0x84, 0xE6, 0x00, 0xFF}}},
	{{{1620, 2108, 888}, 0, {-1287, 903}, {0x84, 0xE6, 0x00, 0xFF}}},
	{{{1597, 2215, 898}, 0, {-1352, 915}, {0x84, 0xE6, 0x00, 0xFF}}},
	{{{1597, 2215, 606}, 0, {-1352, 734}, {0x84, 0xE6, 0x00, 0xFF}}},
	{{{1620, 2108, -336}, 0, {-1287, 146}, {0x84, 0xE6, 0x00, 0xFF}}},
	{{{1597, 2215, -352}, 0, {-1352, 141}, {0x84, 0xE6, 0x00, 0xFF}}},
	{{{1746, 2109, -334}, 0, {-1352, 142}, {0x01, 0x81, 0x00, 0xFF}}},
	{{{1620, 2108, 588}, 0, {-1431, 726}, {0x01, 0x81, 0x00, 0xFF}}},
	{{{1620, 2108, -336}, 0, {-1431, 141}, {0x01, 0x81, 0x00, 0xFF}}},
	{{{1745, 2109, 1329}, 0, {-1352, 1195}, {0x01, 0x81, 0x00, 0xFF}}},
	{{{1620, 2108, 888}, 0, {-1431, 915}, {0x01, 0x81, 0x00, 0xFF}}},
	{{{1633, 2108, 1357}, 0, {-1423, 1212}, {0x00, 0x81, 0x00, 0xFF}}},
	{{{1620, 2108, 1368}, 0, {-1431, 1219}, {0x00, 0x81, 0x00, 0xFF}}},
	{{{1597, 2215, -352}, 0, {-567, 167}, {0x00, 0x7F, 0x00, 0xFF}}},
	{{{1709, 2215, 545}, 0, {-638, 734}, {0x00, 0x7F, 0x00, 0xFF}}},
	{{{1707, 2215, -352}, 0, {-637, 167}, {0x00, 0x7F, 0x00, 0xFF}}},
	{{{1597, 2215, 606}, 0, {-567, 773}, {0x00, 0x7F, 0x00, 0xFF}}},
	{{{1709, 2215, 600}, 0, {-638, 769}, {0x00, 0x7F, 0x00, 0xFF}}},
	{{{1709, 2215, 880}, 0, {-638, 946}, {0x00, 0x7F, 0x00, 0xFF}}},
	{{{1597, 2215, 898}, 0, {-567, 958}, {0x00, 0x7F, 0x00, 0xFF}}},
	{{{1597, 2215, 1389}, 0, {-567, 1268}, {0x00, 0x7F, 0x00, 0xFF}}},
	{{{1709, 2215, 935}, 0, {-638, 981}, {0x00, 0x7F, 0x00, 0xFF}}},
	{{{1633, 2215, 1357}, 0, {-590, 1248}, {0x00, 0x7F, 0x00, 0xFF}}},
	{{{1709, 2215, 1338}, 0, {-638, 1237}, {0x00, 0x7F, 0x00, 0xFF}}},
	{{{1747, 1309, 430}, 0, {1328, -2557}, {0x00, 0x81, 0x00, 0xFF}}},
	{{{1746, 1309, 490}, 0, {1328, -2557}, {0x00, 0x81, 0x00, 0xFF}}},
	{{{1074, 1309, 490}, 0, {1328, -1030}, {0x00, 0x81, 0x00, 0xFF}}},
	{{{1110, 1309, 430}, 0, {1328, -1030}, {0x00, 0x81, 0x00, 0xFF}}},
	{{{1746, 1309, 490}, 0, {1328, -2557}, {0x00, 0xE1, 0x7B, 0xFF}}},
	{{{1746, 1461, 528}, 0, {1328, -2557}, {0x00, 0xE1, 0x7B, 0xFF}}},
	{{{1046, 1461, 528}, 0, {1328, -1030}, {0x00, 0xE1, 0x7B, 0xFF}}},
	{{{1074, 1309, 490}, 0, {1328, -1030}, {0x00, 0xE1, 0x7B, 0xFF}}},
	{{{1746, 1461, 528}, 0, {1328, -2557}, {0x00, 0x7F, 0x00, 0xFF}}},
	{{{1746, 1461, 477}, 0, {1328, -2557}, {0x00, 0x7F, 0x00, 0xFF}}},
	{{{1078, 1461, 477}, 0, {1328, -1030}, {0x00, 0x7F, 0x00, 0xFF}}},
	{{{1046, 1461, 528}, 0, {1328, -1030}, {0x00, 0x7F, 0x00, 0xFF}}},
	{{{1964, 254, 5595}, 0, {-199, -1030}, {0x00, 0x00, 0x7F, 0xFF}}},
	{{{2914, 254, 5595}, 0, {-199, -2557}, {0x00, 0x00, 0x7F, 0xFF}}},
	{{{2914, 2108, 5595}, 0, {1328, -2557}, {0x00, 0x00, 0x7F, 0xFF}}},
	{{{1964, 2108, 5595}, 0, {1328, -1030}, {0x00, 0x00, 0x7F, 0xFF}}},
	{{{2914, 2108, 5595}, 0, {1328, -2557}, {0x00, 0x81, 0x00, 0xFF}}},
	{{{2914, 2108, 5655}, 0, {1328, -2557}, {0x00, 0x81, 0x00, 0xFF}}},
	{{{1964, 2108, 5655}, 0, {1328, -1030}, {0x00, 0x81, 0x00, 0xFF}}},
	{{{1964, 2108, 5595}, 0, {1328, -1030}, {0x00, 0x81, 0x00, 0xFF}}},
	{{{2914, 2108, 5655}, 0, {1328, -2557}, {0x00, 0xD4, 0x77, 0xFF}}},
	{{{2914, 2215, 5693}, 0, {1328, -2557}, {0x00, 0xD4, 0x77, 0xFF}}},
	{{{1975, 2216, 5697}, 0, {1328, -1030}, {0x00, 0xD4, 0x77, 0xFF}}},
	{{{1964, 2108, 5655}, 0, {1328, -1030}, {0x00, 0xD4, 0x77, 0xFF}}},
	{{{2914, 2215, 5643}, 0, {1328, -2557}, {0x00, 0x7F, 0xFD, 0xFF}}},
	{{{2023, 2214, 5643}, 0, {1328, -1030}, {0x00, 0x7F, 0x00, 0xFF}}},
	{{{2017, 2214, 5660}, 0, {1328, -1030}, {0x00, 0x7F, 0xFE, 0xFF}}},
	{{{2914, 2215, 5693}, 0, {1328, -2557}, {0x00, 0x7F, 0xFD, 0xFF}}},
	{{{1975, 2216, 5697}, 0, {1328, -1030}, {0x00, 0x7F, 0xFD, 0xFF}}},
	{{{420, 346, 1753}, 0, {3351, 2257}, {0x85, 0xFF, 0xE1, 0xFF}}},
	{{{292, -198, 2088}, 0, {3005, 2032}, {0x8B, 0xFE, 0xD0, 0xFF}}},
	{{{292, 502, 2088}, 0, {3443, 2032}, {0x8B, 0xFE, 0xD0, 0xFF}}},
	{{{420, -182, 1811}, 0, {3021, 2221}, {0x85, 0xFF, 0xE2, 0xFF}}},
	{{{424, -83, 1457}, 0, {3077, 2441}, {0x82, 0x00, 0x0B, 0xFF}}},
	{{{424, 170, 1457}, 0, {3234, 2441}, {0x81, 0x00, 0x09, 0xFF}}},
	{{{362, 2, 1204}, 0, {3115, 2584}, {0x85, 0x00, 0x1E, 0xFF}}},
	{{{1199, 383, 430}, 0, {-199, -1030}, {0x06, 0x03, 0x7F, 0xFF}}},
	{{{1747, 329, 411}, 0, {-199, -2557}, {0x06, 0x03, 0x7F, 0xFF}}},
	{{{1747, 806, 397}, 0, {321, -2557}, {0x04, 0xFF, 0x7F, 0xFF}}},
	{{{1160, 698, 430}, 0, {321, -1030}, {0x06, 0x01, 0x7F, 0xFF}}},
	{{{1160, 698, 430}, 0, {321, -1030}, {0x06, 0x01, 0x7F, 0xFF}}},
	{{{1747, 806, 397}, 0, {321, -2557}, {0x04, 0xFF, 0x7F, 0xFF}}},
	{{{1110, 1309, 430}, 0, {825, -1855}, {0x04, 0xFD, 0x7F, 0xFF}}},
	{{{1747, 1309, 430}, 0, {825, -2557}, {0x00, 0xF8, 0x7F, 0xFF}}},
	{{{1110, 698, 430}, 0, {825, -1030}, {0x07, 0x01, 0x7F, 0xFF}}},
	{{{622, 698, 139}, 0, {2224, -1016}, {0x81, 0x00, 0x00, 0xFF}}},
	{{{622, 1142, 139}, 0, {2224, -765}, {0x85, 0xE2, 0x00, 0xFF}}},
	{{{621, 1140, -1703}, 0, {546, -765}, {0x84, 0xE5, 0x00, 0xFF}}},
	{{{500, 1404, -1703}, 0, {545, -391}, {0x91, 0xC2, 0x00, 0xFF}}},
	{{{586, 1216, 171}, 0, {2224, -588}, {0x88, 0xDF, 0xE6, 0xFF}}},
	{{{563, 1264, 228}, 0, {2224, -391}, {0x88, 0xDE, 0xE9, 0xFF}}},
	{{{441, 1482, 230}, 0, {2226, -98}, {0xA2, 0xAB, 0xFF, 0xFF}}},
	{{{352, 1603, -1702}, 0, {547, -98}, {0xA4, 0xA9, 0xFF, 0xFF}}},
	{{{619, 292, 14}, 0, {2235, 1630}, {0x03, 0x7F, 0x00, 0xFF}}},
	{{{621, 294, -1703}, 0, {2235, -49}, {0x03, 0x7F, 0x00, 0xFF}}},
	{{{423, 294, -1703}, 0, {2509, -49}, {0x02, 0x7F, 0x00, 0xFF}}},
	{{{504, 298, 114}, 0, {2332, 1682}, {0xF9, 0x7F, 0x00, 0xFF}}},
	{{{457, 294, 222}, 0, {2458, 1750}, {0xF6, 0x7F, 0x00, 0xFF}}},
	{{{457, 294, 222}, 0, {2240, 3549}, {0x86, 0x0E, 0xE1, 0xFF}}},
	{{{423, 294, -1703}, 0, {2235, 1750}, {0x81, 0x06, 0x01, 0xFF}}},
	{{{423, -139, -1703}, 0, {2876, 1750}, {0x81, 0x06, 0x01, 0xFF}}},
	{{{421, -16, 225}, 0, {2636, 3548}, {0x83, 0x0B, 0xEF, 0xFF}}},
	{{{622, 698, 80}, 0, {2224, -1377}, {0x81, 0x00, 0x00, 0xFF}}},
	{{{621, 1140, -1703}, 0, {546, -1016}, {0x84, 0xE5, 0x00, 0xFF}}},
	{{{621, 697, -1703}, 0, {545, -1377}, {0x81, 0x00, 0x00, 0xFF}}},
	{{{619, 292, 14}, 0, {2224, -1936}, {0x81, 0x00, 0x00, 0xFF}}},
	{{{621, 294, -1703}, 0, {545, -1936}, {0x81, 0x00, 0x00, 0xFF}}},
	{{{1663, 1283, 2043}, 0, {-86, -853}, {0xFF, 0xFF, 0x7F, 0xFF}}},
	{{{2494, 1283, 2043}, 0, {399, -853}, {0x00, 0x00, 0x7F, 0xFF}}},
	{{{2093, 2141, 2043}, 0, {182, -311}, {0x00, 0x00, 0x7F, 0xFF}}},
	{{{1663, 2141, 2043}, 0, {-70, -311}, {0x00, 0x00, 0x7F, 0xFF}}},
	{{{868, 1278, 2043}, 0, {-551, -856}, {0x01, 0xFE, 0x7F, 0xFF}}},
	{{{1663, 2141, 2043}, 0, {-70, -311}, {0x00, 0x00, 0x7F, 0xFF}}},
	{{{1291, 2141, 2043}, 0, {-287, -311}, {0x00, 0x00, 0x7F, 0xFF}}},
	{{{868, 1278, 2043}, 0, {-551, -856}, {0x01, 0xFE, 0x7F, 0xFF}}},
	{{{1438, 1100, 2031}, 0, {-224, -967}, {0xFE, 0xFB, 0x7F, 0xFF}}},
	{{{1663, 1283, 2043}, 0, {-86, -853}, {0xFF, 0xFF, 0x7F, 0xFF}}},
	{{{1157, 1100, 2031}, 0, {-388, -967}, {0x01, 0xFB, 0x7F, 0xFF}}},
	{{{868, 539, 2031}, 0, {-567, -1322}, {0x01, 0xFF, 0x7F, 0xFF}}},
	{{{1157, 800, 2031}, 0, {-393, -1157}, {0x01, 0xFF, 0x7F, 0xFF}}},
	{{{1663, 539, 2031}, 0, {-103, -1322}, {0xFE, 0xFF, 0x7F, 0xFF}}},
	{{{1438, 800, 2031}, 0, {-229, -1157}, {0xFE, 0xFF, 0x7F, 0xFF}}},
};

Gfx welkit_castle_past_dl_Cube_mesh_layer_1_tri_2[] = {
	gsSPVertex(welkit_castle_past_dl_Cube_mesh_layer_1_vtx_2 + 0, 30, 0),
	gsSP2Triangles(0, 1, 2, 0, 3, 4, 5, 0),
	gsSP2Triangles(6, 7, 8, 0, 9, 10, 11, 0),
	gsSP2Triangles(12, 13, 14, 0, 15, 16, 17, 0),
	gsSP2Triangles(18, 19, 20, 0, 21, 22, 23, 0),
	gsSP2Triangles(24, 25, 26, 0, 27, 28, 29, 0),
	gsSPVertex(welkit_castle_past_dl_Cube_mesh_layer_1_vtx_2 + 30, 30, 0),
	gsSP2Triangles(0, 1, 2, 0, 3, 4, 5, 0),
	gsSP2Triangles(6, 7, 8, 0, 9, 10, 11, 0),
	gsSP2Triangles(12, 13, 14, 0, 15, 16, 17, 0),
	gsSP2Triangles(18, 19, 20, 0, 21, 22, 23, 0),
	gsSP2Triangles(24, 25, 26, 0, 27, 28, 29, 0),
	gsSPVertex(welkit_castle_past_dl_Cube_mesh_layer_1_vtx_2 + 60, 31, 0),
	gsSP2Triangles(0, 1, 2, 0, 0, 2, 3, 0),
	gsSP2Triangles(3, 2, 4, 0, 3, 4, 5, 0),
	gsSP2Triangles(6, 7, 8, 0, 6, 9, 7, 0),
	gsSP2Triangles(9, 6, 10, 0, 11, 10, 6, 0),
	gsSP2Triangles(11, 12, 10, 0, 10, 13, 9, 0),
	gsSP2Triangles(10, 14, 13, 0, 13, 14, 15, 0),
	gsSP2Triangles(15, 14, 16, 0, 13, 15, 17, 0),
	gsSP2Triangles(18, 13, 17, 0, 19, 20, 21, 0),
	gsSP2Triangles(19, 21, 22, 0, 21, 23, 22, 0),
	gsSP2Triangles(21, 24, 23, 0, 23, 24, 25, 0),
	gsSP2Triangles(23, 25, 26, 0, 27, 28, 29, 0),
	gsSP1Triangle(27, 29, 30, 0),
	gsSPVertex(welkit_castle_past_dl_Cube_mesh_layer_1_vtx_2 + 91, 32, 0),
	gsSP2Triangles(0, 1, 2, 0, 0, 2, 3, 0),
	gsSP2Triangles(4, 5, 6, 0, 4, 7, 5, 0),
	gsSP2Triangles(7, 4, 8, 0, 7, 9, 5, 0),
	gsSP2Triangles(7, 10, 9, 0, 10, 11, 9, 0),
	gsSP2Triangles(10, 12, 11, 0, 11, 12, 13, 0),
	gsSP2Triangles(11, 13, 14, 0, 11, 14, 15, 0),
	gsSP2Triangles(11, 15, 16, 0, 17, 18, 19, 0),
	gsSP2Triangles(17, 19, 20, 0, 21, 22, 23, 0),
	gsSP2Triangles(21, 23, 24, 0, 25, 26, 27, 0),
	gsSP2Triangles(25, 27, 28, 0, 29, 30, 31, 0),
	gsSPVertex(welkit_castle_past_dl_Cube_mesh_layer_1_vtx_2 + 123, 31, 0),
	gsSP2Triangles(0, 1, 2, 0, 3, 4, 5, 0),
	gsSP2Triangles(3, 5, 6, 0, 7, 8, 9, 0),
	gsSP2Triangles(7, 9, 10, 0, 11, 12, 13, 0),
	gsSP2Triangles(11, 13, 14, 0, 15, 16, 17, 0),
	gsSP2Triangles(15, 17, 18, 0, 19, 20, 21, 0),
	gsSP2Triangles(19, 21, 22, 0, 23, 24, 25, 0),
	gsSP2Triangles(23, 25, 26, 0, 27, 28, 29, 0),
	gsSP1Triangle(27, 29, 30, 0),
	gsSPVertex(welkit_castle_past_dl_Cube_mesh_layer_1_vtx_2 + 154, 32, 0),
	gsSP2Triangles(0, 1, 2, 0, 0, 2, 3, 0),
	gsSP2Triangles(4, 0, 3, 0, 4, 3, 5, 0),
	gsSP2Triangles(6, 4, 5, 0, 6, 5, 7, 0),
	gsSP2Triangles(8, 9, 10, 0, 8, 10, 11, 0),
	gsSP2Triangles(12, 13, 14, 0, 12, 14, 15, 0),
	gsSP2Triangles(16, 17, 18, 0, 16, 18, 19, 0),
	gsSP2Triangles(20, 21, 22, 0, 20, 22, 23, 0),
	gsSP2Triangles(24, 25, 26, 0, 24, 26, 27, 0),
	gsSP2Triangles(28, 29, 30, 0, 28, 30, 31, 0),
	gsSPVertex(welkit_castle_past_dl_Cube_mesh_layer_1_vtx_2 + 186, 30, 0),
	gsSP2Triangles(0, 1, 2, 0, 0, 3, 1, 0),
	gsSP2Triangles(4, 3, 0, 0, 4, 0, 5, 0),
	gsSP2Triangles(3, 4, 6, 0, 4, 7, 6, 0),
	gsSP2Triangles(4, 8, 7, 0, 8, 9, 7, 0),
	gsSP2Triangles(8, 10, 9, 0, 10, 11, 9, 0),
	gsSP2Triangles(10, 3, 11, 0, 3, 6, 11, 0),
	gsSP2Triangles(12, 13, 14, 0, 12, 14, 15, 0),
	gsSP2Triangles(16, 17, 18, 0, 16, 18, 19, 0),
	gsSP2Triangles(20, 21, 22, 0, 20, 23, 21, 0),
	gsSP2Triangles(23, 20, 24, 0, 20, 25, 24, 0),
	gsSP2Triangles(20, 26, 25, 0, 26, 27, 25, 0),
	gsSP2Triangles(26, 28, 27, 0, 28, 29, 27, 0),
	gsSP2Triangles(28, 23, 29, 0, 23, 24, 29, 0),
	gsSPVertex(welkit_castle_past_dl_Cube_mesh_layer_1_vtx_2 + 216, 30, 0),
	gsSP2Triangles(0, 1, 2, 0, 0, 2, 3, 0),
	gsSP2Triangles(4, 0, 3, 0, 4, 3, 5, 0),
	gsSP2Triangles(4, 5, 6, 0, 7, 6, 5, 0),
	gsSP2Triangles(7, 5, 8, 0, 9, 10, 11, 0),
	gsSP2Triangles(9, 12, 10, 0, 10, 12, 13, 0),
	gsSP2Triangles(10, 13, 14, 0, 15, 16, 17, 0),
	gsSP2Triangles(15, 18, 16, 0, 16, 18, 19, 0),
	gsSP2Triangles(16, 19, 20, 0, 21, 22, 23, 0),
	gsSP2Triangles(21, 23, 24, 0, 25, 21, 24, 0),
	gsSP2Triangles(25, 24, 26, 0, 25, 26, 27, 0),
	gsSP2Triangles(28, 27, 26, 0, 28, 26, 29, 0),
	gsSPVertex(welkit_castle_past_dl_Cube_mesh_layer_1_vtx_2 + 246, 32, 0),
	gsSP2Triangles(0, 1, 2, 0, 0, 3, 1, 0),
	gsSP2Triangles(0, 4, 3, 0, 0, 5, 4, 0),
	gsSP2Triangles(5, 6, 4, 0, 5, 7, 6, 0),
	gsSP2Triangles(7, 8, 6, 0, 7, 9, 8, 0),
	gsSP2Triangles(9, 10, 8, 0, 9, 11, 10, 0),
	gsSP2Triangles(11, 12, 10, 0, 11, 13, 12, 0),
	gsSP2Triangles(13, 14, 12, 0, 13, 15, 14, 0),
	gsSP2Triangles(14, 15, 16, 0, 14, 16, 17, 0),
	gsSP2Triangles(18, 19, 20, 0, 18, 20, 21, 0),
	gsSP2Triangles(22, 23, 24, 0, 22, 24, 25, 0),
	gsSP2Triangles(26, 27, 28, 0, 26, 28, 29, 0),
	gsSP2Triangles(30, 26, 29, 0, 30, 29, 31, 0),
	gsSPVertex(welkit_castle_past_dl_Cube_mesh_layer_1_vtx_2 + 278, 32, 0),
	gsSP2Triangles(0, 1, 2, 0, 3, 2, 1, 0),
	gsSP2Triangles(3, 1, 4, 0, 5, 6, 7, 0),
	gsSP2Triangles(5, 8, 6, 0, 6, 8, 9, 0),
	gsSP2Triangles(6, 9, 10, 0, 11, 12, 13, 0),
	gsSP2Triangles(11, 14, 12, 0, 12, 14, 15, 0),
	gsSP2Triangles(12, 15, 16, 0, 17, 18, 19, 0),
	gsSP2Triangles(17, 19, 20, 0, 21, 17, 20, 0),
	gsSP2Triangles(21, 20, 22, 0, 21, 22, 23, 0),
	gsSP2Triangles(24, 23, 22, 0, 24, 22, 25, 0),
	gsSP2Triangles(26, 27, 28, 0, 26, 29, 27, 0),
	gsSP2Triangles(26, 30, 29, 0, 26, 31, 30, 0),
	gsSPVertex(welkit_castle_past_dl_Cube_mesh_layer_1_vtx_2 + 310, 31, 0),
	gsSP2Triangles(0, 1, 2, 0, 0, 3, 1, 0),
	gsSP2Triangles(3, 4, 1, 0, 3, 5, 4, 0),
	gsSP2Triangles(5, 6, 4, 0, 5, 7, 6, 0),
	gsSP2Triangles(7, 8, 6, 0, 7, 9, 8, 0),
	gsSP2Triangles(9, 10, 8, 0, 9, 11, 10, 0),
	gsSP2Triangles(10, 11, 12, 0, 10, 12, 13, 0),
	gsSP2Triangles(14, 15, 16, 0, 14, 16, 17, 0),
	gsSP2Triangles(18, 19, 20, 0, 18, 20, 21, 0),
	gsSP2Triangles(22, 23, 24, 0, 22, 24, 25, 0),
	gsSP2Triangles(26, 22, 25, 0, 26, 25, 27, 0),
	gsSP2Triangles(26, 27, 28, 0, 29, 28, 27, 0),
	gsSP1Triangle(29, 27, 30, 0),
	gsSPVertex(welkit_castle_past_dl_Cube_mesh_layer_1_vtx_2 + 341, 32, 0),
	gsSP2Triangles(0, 1, 2, 0, 0, 3, 1, 0),
	gsSP2Triangles(1, 3, 4, 0, 1, 4, 5, 0),
	gsSP2Triangles(6, 7, 8, 0, 6, 9, 7, 0),
	gsSP2Triangles(7, 9, 10, 0, 7, 10, 11, 0),
	gsSP2Triangles(12, 13, 14, 0, 12, 14, 15, 0),
	gsSP2Triangles(16, 12, 15, 0, 16, 15, 17, 0),
	gsSP2Triangles(16, 17, 18, 0, 19, 18, 17, 0),
	gsSP2Triangles(19, 17, 20, 0, 21, 22, 23, 0),
	gsSP2Triangles(21, 24, 22, 0, 21, 25, 24, 0),
	gsSP2Triangles(21, 26, 25, 0, 26, 27, 25, 0),
	gsSP2Triangles(26, 28, 27, 0, 28, 29, 27, 0),
	gsSP2Triangles(28, 30, 29, 0, 30, 31, 29, 0),
	gsSPVertex(welkit_castle_past_dl_Cube_mesh_layer_1_vtx_2 + 373, 32, 0),
	gsSP2Triangles(0, 1, 2, 0, 1, 3, 2, 0),
	gsSP2Triangles(1, 4, 3, 0, 4, 5, 3, 0),
	gsSP2Triangles(4, 6, 5, 0, 5, 6, 7, 0),
	gsSP2Triangles(5, 7, 8, 0, 9, 10, 11, 0),
	gsSP2Triangles(9, 11, 12, 0, 13, 14, 15, 0),
	gsSP2Triangles(13, 15, 16, 0, 17, 18, 19, 0),
	gsSP2Triangles(17, 19, 20, 0, 21, 17, 20, 0),
	gsSP2Triangles(21, 20, 22, 0, 21, 22, 23, 0),
	gsSP2Triangles(24, 23, 22, 0, 24, 22, 25, 0),
	gsSP2Triangles(26, 27, 28, 0, 26, 29, 27, 0),
	gsSP2Triangles(27, 29, 30, 0, 27, 30, 31, 0),
	gsSPVertex(welkit_castle_past_dl_Cube_mesh_layer_1_vtx_2 + 405, 32, 0),
	gsSP2Triangles(0, 1, 2, 0, 0, 3, 1, 0),
	gsSP2Triangles(1, 3, 4, 0, 1, 4, 5, 0),
	gsSP2Triangles(6, 7, 8, 0, 6, 8, 9, 0),
	gsSP2Triangles(10, 6, 9, 0, 10, 9, 11, 0),
	gsSP2Triangles(10, 11, 12, 0, 13, 12, 11, 0),
	gsSP2Triangles(13, 11, 14, 0, 15, 16, 17, 0),
	gsSP2Triangles(15, 18, 16, 0, 15, 19, 18, 0),
	gsSP2Triangles(15, 20, 19, 0, 20, 21, 19, 0),
	gsSP2Triangles(20, 22, 21, 0, 22, 23, 21, 0),
	gsSP2Triangles(22, 24, 23, 0, 24, 25, 23, 0),
	gsSP2Triangles(24, 26, 25, 0, 26, 27, 25, 0),
	gsSP2Triangles(26, 28, 27, 0, 28, 29, 27, 0),
	gsSP2Triangles(28, 30, 29, 0, 29, 30, 31, 0),
	gsSPVertex(welkit_castle_past_dl_Cube_mesh_layer_1_vtx_2 + 437, 32, 0),
	gsSP2Triangles(0, 1, 2, 0, 3, 4, 5, 0),
	gsSP2Triangles(3, 5, 6, 0, 7, 8, 9, 0),
	gsSP2Triangles(7, 9, 10, 0, 11, 12, 13, 0),
	gsSP2Triangles(11, 13, 14, 0, 15, 11, 14, 0),
	gsSP2Triangles(15, 14, 16, 0, 15, 16, 17, 0),
	gsSP2Triangles(18, 17, 16, 0, 18, 16, 19, 0),
	gsSP2Triangles(20, 21, 22, 0, 20, 23, 21, 0),
	gsSP2Triangles(21, 23, 24, 0, 21, 24, 25, 0),
	gsSP2Triangles(26, 27, 28, 0, 26, 29, 27, 0),
	gsSP2Triangles(27, 29, 30, 0, 27, 30, 31, 0),
	gsSPVertex(welkit_castle_past_dl_Cube_mesh_layer_1_vtx_2 + 469, 31, 0),
	gsSP2Triangles(0, 1, 2, 0, 0, 2, 3, 0),
	gsSP2Triangles(4, 0, 3, 0, 4, 3, 5, 0),
	gsSP2Triangles(4, 5, 6, 0, 7, 6, 5, 0),
	gsSP2Triangles(7, 5, 8, 0, 9, 10, 11, 0),
	gsSP2Triangles(9, 12, 10, 0, 9, 13, 12, 0),
	gsSP2Triangles(9, 14, 13, 0, 14, 15, 13, 0),
	gsSP2Triangles(14, 16, 15, 0, 16, 17, 15, 0),
	gsSP2Triangles(16, 18, 17, 0, 18, 19, 17, 0),
	gsSP2Triangles(18, 20, 19, 0, 20, 21, 19, 0),
	gsSP2Triangles(20, 22, 21, 0, 22, 23, 21, 0),
	gsSP2Triangles(22, 24, 23, 0, 23, 24, 25, 0),
	gsSP2Triangles(23, 25, 26, 0, 27, 28, 29, 0),
	gsSP1Triangle(27, 29, 30, 0),
	gsSPVertex(welkit_castle_past_dl_Cube_mesh_layer_1_vtx_2 + 500, 30, 0),
	gsSP2Triangles(0, 1, 2, 0, 0, 2, 3, 0),
	gsSP2Triangles(4, 5, 6, 0, 4, 6, 7, 0),
	gsSP2Triangles(5, 8, 9, 0, 5, 9, 10, 0),
	gsSP2Triangles(11, 12, 13, 0, 11, 13, 14, 0),
	gsSP2Triangles(15, 16, 17, 0, 15, 17, 13, 0),
	gsSP2Triangles(18, 19, 20, 0, 18, 20, 21, 0),
	gsSP2Triangles(22, 23, 24, 0, 22, 24, 25, 0),
	gsSP2Triangles(26, 27, 28, 0, 26, 28, 29, 0),
	gsSPVertex(welkit_castle_past_dl_Cube_mesh_layer_1_vtx_2 + 530, 32, 0),
	gsSP2Triangles(0, 1, 2, 0, 0, 2, 3, 0),
	gsSP2Triangles(4, 5, 6, 0, 4, 6, 7, 0),
	gsSP2Triangles(8, 9, 10, 0, 8, 10, 11, 0),
	gsSP2Triangles(12, 13, 14, 0, 12, 14, 15, 0),
	gsSP2Triangles(16, 17, 18, 0, 16, 18, 19, 0),
	gsSP2Triangles(20, 21, 22, 0, 20, 22, 23, 0),
	gsSP2Triangles(24, 25, 26, 0, 24, 26, 27, 0),
	gsSP2Triangles(28, 29, 30, 0, 28, 30, 31, 0),
	gsSPVertex(welkit_castle_past_dl_Cube_mesh_layer_1_vtx_2 + 562, 30, 0),
	gsSP2Triangles(0, 1, 2, 0, 0, 2, 3, 0),
	gsSP2Triangles(3, 2, 4, 0, 2, 5, 4, 0),
	gsSP2Triangles(5, 2, 6, 0, 7, 5, 6, 0),
	gsSP2Triangles(6, 8, 7, 0, 9, 8, 6, 0),
	gsSP2Triangles(6, 10, 9, 0, 9, 11, 8, 0),
	gsSP2Triangles(7, 8, 11, 0, 12, 7, 11, 0),
	gsSP2Triangles(12, 11, 3, 0, 3, 13, 12, 0),
	gsSP2Triangles(3, 5, 13, 0, 3, 4, 5, 0),
	gsSP2Triangles(7, 13, 5, 0, 7, 12, 13, 0),
	gsSP2Triangles(14, 15, 16, 0, 14, 16, 17, 0),
	gsSP2Triangles(17, 16, 18, 0, 17, 18, 19, 0),
	gsSP2Triangles(20, 19, 18, 0, 20, 21, 19, 0),
	gsSP2Triangles(22, 23, 24, 0, 22, 24, 25, 0),
	gsSP2Triangles(26, 27, 28, 0, 26, 28, 29, 0),
	gsSPVertex(welkit_castle_past_dl_Cube_mesh_layer_1_vtx_2 + 592, 30, 0),
	gsSP2Triangles(0, 1, 2, 0, 0, 3, 1, 0),
	gsSP2Triangles(4, 3, 0, 0, 4, 5, 3, 0),
	gsSP2Triangles(6, 5, 4, 0, 6, 7, 5, 0),
	gsSP2Triangles(8, 9, 10, 0, 10, 11, 8, 0),
	gsSP2Triangles(10, 12, 11, 0, 11, 12, 13, 0),
	gsSP2Triangles(13, 12, 14, 0, 15, 16, 17, 0),
	gsSP2Triangles(17, 18, 15, 0, 17, 19, 18, 0),
	gsSP2Triangles(18, 19, 20, 0, 18, 20, 21, 0),
	gsSP2Triangles(22, 21, 20, 0, 20, 23, 22, 0),
	gsSP2Triangles(20, 24, 23, 0, 23, 24, 25, 0),
	gsSP2Triangles(26, 27, 28, 0, 26, 28, 29, 0),
	gsSPVertex(welkit_castle_past_dl_Cube_mesh_layer_1_vtx_2 + 622, 32, 0),
	gsSP2Triangles(0, 1, 2, 0, 0, 2, 3, 0),
	gsSP2Triangles(4, 5, 6, 0, 4, 6, 7, 0),
	gsSP2Triangles(8, 9, 10, 0, 8, 10, 11, 0),
	gsSP2Triangles(12, 13, 14, 0, 12, 14, 15, 0),
	gsSP2Triangles(16, 17, 18, 0, 16, 18, 19, 0),
	gsSP2Triangles(20, 21, 22, 0, 23, 21, 20, 0),
	gsSP2Triangles(23, 24, 21, 0, 25, 26, 27, 0),
	gsSP2Triangles(25, 27, 28, 0, 27, 29, 28, 0),
	gsSP2Triangles(30, 29, 27, 0, 30, 27, 31, 0),
	gsSPVertex(welkit_castle_past_dl_Cube_mesh_layer_1_vtx_2 + 654, 32, 0),
	gsSP2Triangles(0, 1, 2, 0, 0, 2, 3, 0),
	gsSP2Triangles(3, 2, 4, 0, 5, 3, 4, 0),
	gsSP2Triangles(5, 6, 3, 0, 3, 6, 7, 0),
	gsSP2Triangles(3, 7, 8, 0, 8, 7, 9, 0),
	gsSP2Triangles(8, 9, 10, 0, 10, 9, 11, 0),
	gsSP2Triangles(10, 11, 12, 0, 12, 11, 13, 0),
	gsSP2Triangles(12, 13, 14, 0, 14, 15, 12, 0),
	gsSP2Triangles(14, 16, 15, 0, 16, 17, 15, 0),
	gsSP2Triangles(18, 15, 17, 0, 18, 17, 19, 0),
	gsSP2Triangles(20, 18, 19, 0, 20, 19, 21, 0),
	gsSP2Triangles(20, 22, 18, 0, 20, 23, 22, 0),
	gsSP2Triangles(18, 22, 24, 0, 18, 24, 15, 0),
	gsSP2Triangles(25, 15, 24, 0, 26, 15, 25, 0),
	gsSP2Triangles(26, 27, 15, 0, 27, 26, 28, 0),
	gsSP2Triangles(27, 28, 29, 0, 30, 27, 29, 0),
	gsSP1Triangle(30, 29, 31, 0),
	gsSPVertex(welkit_castle_past_dl_Cube_mesh_layer_1_vtx_2 + 686, 32, 0),
	gsSP2Triangles(0, 1, 2, 0, 0, 2, 3, 0),
	gsSP2Triangles(4, 0, 3, 0, 4, 3, 5, 0),
	gsSP2Triangles(6, 7, 8, 0, 7, 9, 8, 0),
	gsSP2Triangles(7, 10, 9, 0, 10, 11, 9, 0),
	gsSP2Triangles(10, 12, 11, 0, 11, 12, 13, 0),
	gsSP2Triangles(11, 13, 14, 0, 11, 14, 15, 0),
	gsSP2Triangles(11, 15, 16, 0, 17, 11, 16, 0),
	gsSP2Triangles(17, 9, 11, 0, 18, 9, 17, 0),
	gsSP2Triangles(18, 8, 9, 0, 6, 8, 18, 0),
	gsSP2Triangles(19, 20, 21, 0, 19, 21, 22, 0),
	gsSP2Triangles(19, 22, 23, 0, 19, 23, 24, 0),
	gsSP2Triangles(25, 26, 27, 0, 25, 27, 28, 0),
	gsSP2Triangles(29, 25, 28, 0, 29, 30, 25, 0),
	gsSP1Triangle(31, 30, 29, 0),
	gsSPVertex(welkit_castle_past_dl_Cube_mesh_layer_1_vtx_2 + 718, 30, 0),
	gsSP2Triangles(0, 1, 2, 0, 0, 3, 1, 0),
	gsSP2Triangles(3, 4, 1, 0, 3, 5, 4, 0),
	gsSP2Triangles(1, 4, 6, 0, 7, 8, 9, 0),
	gsSP2Triangles(9, 8, 10, 0, 9, 10, 11, 0),
	gsSP2Triangles(11, 10, 12, 0, 10, 13, 12, 0),
	gsSP2Triangles(10, 14, 13, 0, 15, 16, 17, 0),
	gsSP2Triangles(15, 17, 18, 0, 17, 19, 18, 0),
	gsSP2Triangles(17, 20, 19, 0, 21, 19, 20, 0),
	gsSP2Triangles(21, 22, 19, 0, 23, 22, 21, 0),
	gsSP2Triangles(23, 21, 24, 0, 25, 26, 27, 0),
	gsSP2Triangles(25, 28, 26, 0, 26, 28, 29, 0),
	gsSPVertex(welkit_castle_past_dl_Cube_mesh_layer_1_vtx_2 + 748, 32, 0),
	gsSP2Triangles(0, 1, 2, 0, 0, 2, 3, 0),
	gsSP2Triangles(4, 5, 6, 0, 7, 5, 4, 0),
	gsSP2Triangles(7, 8, 5, 0, 9, 8, 7, 0),
	gsSP2Triangles(9, 10, 8, 0, 10, 11, 8, 0),
	gsSP2Triangles(10, 12, 11, 0, 12, 13, 11, 0),
	gsSP2Triangles(14, 15, 16, 0, 14, 17, 15, 0),
	gsSP2Triangles(14, 18, 17, 0, 14, 19, 18, 0),
	gsSP2Triangles(20, 21, 22, 0, 20, 23, 21, 0),
	gsSP2Triangles(24, 23, 20, 0, 24, 25, 23, 0),
	gsSP2Triangles(26, 27, 28, 0, 29, 28, 27, 0),
	gsSP2Triangles(29, 30, 28, 0, 31, 30, 29, 0),
	gsSPVertex(welkit_castle_past_dl_Cube_mesh_layer_1_vtx_2 + 780, 32, 0),
	gsSP2Triangles(0, 1, 2, 0, 0, 3, 1, 0),
	gsSP2Triangles(0, 4, 3, 0, 0, 5, 4, 0),
	gsSP2Triangles(5, 6, 4, 0, 6, 7, 4, 0),
	gsSP2Triangles(6, 8, 7, 0, 9, 7, 8, 0),
	gsSP2Triangles(10, 11, 12, 0, 13, 10, 12, 0),
	gsSP2Triangles(13, 14, 10, 0, 13, 15, 14, 0),
	gsSP2Triangles(15, 13, 16, 0, 13, 17, 16, 0),
	gsSP2Triangles(13, 18, 17, 0, 18, 19, 17, 0),
	gsSP2Triangles(18, 20, 19, 0, 20, 21, 19, 0),
	gsSP2Triangles(20, 15, 21, 0, 15, 16, 21, 0),
	gsSP2Triangles(22, 23, 24, 0, 22, 25, 23, 0),
	gsSP2Triangles(25, 26, 23, 0, 25, 27, 26, 0),
	gsSP2Triangles(28, 29, 30, 0, 28, 30, 31, 0),
	gsSPVertex(welkit_castle_past_dl_Cube_mesh_layer_1_vtx_2 + 812, 32, 0),
	gsSP2Triangles(0, 1, 2, 0, 1, 0, 3, 0),
	gsSP2Triangles(1, 3, 4, 0, 3, 5, 4, 0),
	gsSP2Triangles(3, 6, 5, 0, 7, 6, 3, 0),
	gsSP2Triangles(5, 8, 4, 0, 9, 2, 1, 0),
	gsSP2Triangles(9, 1, 10, 0, 11, 12, 13, 0),
	gsSP2Triangles(11, 14, 12, 0, 12, 14, 15, 0),
	gsSP2Triangles(12, 15, 16, 0, 15, 17, 16, 0),
	gsSP2Triangles(15, 18, 17, 0, 19, 20, 21, 0),
	gsSP2Triangles(19, 21, 22, 0, 23, 24, 25, 0),
	gsSP2Triangles(23, 25, 26, 0, 27, 28, 29, 0),
	gsSP2Triangles(27, 29, 30, 0, 30, 29, 31, 0),
	gsSPVertex(welkit_castle_past_dl_Cube_mesh_layer_1_vtx_2 + 844, 31, 0),
	gsSP2Triangles(0, 1, 2, 0, 2, 1, 3, 0),
	gsSP2Triangles(2, 3, 4, 0, 3, 5, 4, 0),
	gsSP2Triangles(3, 6, 5, 0, 3, 7, 6, 0),
	gsSP2Triangles(3, 8, 7, 0, 0, 9, 10, 0),
	gsSP2Triangles(11, 12, 13, 0, 11, 13, 14, 0),
	gsSP2Triangles(15, 16, 17, 0, 15, 17, 18, 0),
	gsSP2Triangles(19, 20, 21, 0, 19, 21, 22, 0),
	gsSP2Triangles(23, 24, 25, 0, 23, 25, 26, 0),
	gsSP2Triangles(27, 28, 29, 0, 27, 29, 30, 0),
	gsSPVertex(welkit_castle_past_dl_Cube_mesh_layer_1_vtx_2 + 875, 32, 0),
	gsSP2Triangles(0, 1, 2, 0, 0, 2, 3, 0),
	gsSP2Triangles(4, 5, 6, 0, 4, 6, 7, 0),
	gsSP2Triangles(8, 9, 10, 0, 8, 10, 11, 0),
	gsSP2Triangles(12, 13, 14, 0, 12, 14, 15, 0),
	gsSP2Triangles(16, 17, 18, 0, 16, 18, 19, 0),
	gsSP2Triangles(20, 21, 22, 0, 20, 22, 23, 0),
	gsSP2Triangles(24, 25, 26, 0, 24, 27, 25, 0),
	gsSP2Triangles(28, 27, 24, 0, 28, 29, 27, 0),
	gsSP2Triangles(30, 29, 28, 0, 30, 31, 29, 0),
	gsSPVertex(welkit_castle_past_dl_Cube_mesh_layer_1_vtx_2 + 907, 32, 0),
	gsSP2Triangles(0, 1, 2, 0, 0, 2, 3, 0),
	gsSP2Triangles(4, 5, 6, 0, 4, 6, 7, 0),
	gsSP2Triangles(8, 9, 10, 0, 8, 10, 11, 0),
	gsSP2Triangles(12, 13, 14, 0, 12, 14, 15, 0),
	gsSP2Triangles(16, 17, 18, 0, 16, 18, 19, 0),
	gsSP2Triangles(20, 21, 22, 0, 20, 22, 23, 0),
	gsSP2Triangles(24, 25, 26, 0, 24, 26, 27, 0),
	gsSP2Triangles(28, 24, 27, 0, 27, 29, 28, 0),
	gsSP2Triangles(27, 30, 29, 0, 31, 30, 27, 0),
	gsSPVertex(welkit_castle_past_dl_Cube_mesh_layer_1_vtx_2 + 939, 32, 0),
	gsSP2Triangles(0, 1, 2, 0, 3, 1, 0, 0),
	gsSP2Triangles(3, 4, 1, 0, 5, 4, 3, 0),
	gsSP2Triangles(5, 6, 4, 0, 5, 7, 8, 0),
	gsSP2Triangles(9, 10, 11, 0, 9, 11, 12, 0),
	gsSP2Triangles(13, 14, 15, 0, 13, 15, 16, 0),
	gsSP2Triangles(17, 18, 19, 0, 17, 19, 20, 0),
	gsSP2Triangles(20, 21, 17, 0, 20, 22, 21, 0),
	gsSP2Triangles(23, 22, 20, 0, 23, 24, 22, 0),
	gsSP2Triangles(25, 24, 23, 0, 25, 26, 24, 0),
	gsSP2Triangles(17, 26, 25, 0, 17, 21, 26, 0),
	gsSP2Triangles(27, 28, 29, 0, 30, 28, 27, 0),
	gsSP1Triangle(31, 30, 27, 0),
	gsSPVertex(welkit_castle_past_dl_Cube_mesh_layer_1_vtx_2 + 971, 32, 0),
	gsSP2Triangles(0, 1, 2, 0, 0, 3, 1, 0),
	gsSP2Triangles(4, 1, 3, 0, 4, 5, 1, 0),
	gsSP2Triangles(6, 7, 8, 0, 6, 8, 9, 0),
	gsSP2Triangles(8, 10, 9, 0, 8, 11, 10, 0),
	gsSP2Triangles(12, 13, 14, 0, 12, 14, 15, 0),
	gsSP2Triangles(14, 16, 15, 0, 14, 17, 16, 0),
	gsSP2Triangles(18, 19, 20, 0, 21, 19, 18, 0),
	gsSP2Triangles(22, 21, 18, 0, 22, 23, 21, 0),
	gsSP2Triangles(22, 24, 23, 0, 25, 23, 24, 0),
	gsSP2Triangles(25, 26, 23, 0, 27, 28, 29, 0),
	gsSP2Triangles(27, 29, 30, 0, 27, 30, 31, 0),
	gsSPVertex(welkit_castle_past_dl_Cube_mesh_layer_1_vtx_2 + 1003, 32, 0),
	gsSP2Triangles(0, 1, 2, 0, 2, 1, 3, 0),
	gsSP2Triangles(2, 3, 4, 0, 4, 3, 5, 0),
	gsSP2Triangles(4, 5, 6, 0, 6, 5, 7, 0),
	gsSP2Triangles(6, 7, 8, 0, 8, 7, 9, 0),
	gsSP2Triangles(8, 9, 10, 0, 10, 9, 11, 0),
	gsSP2Triangles(10, 11, 12, 0, 11, 13, 12, 0),
	gsSP2Triangles(11, 14, 13, 0, 15, 16, 17, 0),
	gsSP2Triangles(15, 17, 18, 0, 19, 20, 21, 0),
	gsSP2Triangles(19, 21, 22, 0, 23, 24, 25, 0),
	gsSP2Triangles(26, 24, 23, 0, 27, 26, 23, 0),
	gsSP2Triangles(27, 28, 26, 0, 27, 29, 28, 0),
	gsSP2Triangles(30, 28, 29, 0, 30, 31, 28, 0),
	gsSPVertex(welkit_castle_past_dl_Cube_mesh_layer_1_vtx_2 + 1035, 32, 0),
	gsSP2Triangles(0, 1, 2, 0, 0, 2, 3, 0),
	gsSP2Triangles(2, 4, 3, 0, 2, 5, 4, 0),
	gsSP2Triangles(6, 7, 8, 0, 6, 8, 9, 0),
	gsSP2Triangles(8, 10, 9, 0, 8, 11, 10, 0),
	gsSP2Triangles(12, 13, 14, 0, 15, 13, 12, 0),
	gsSP2Triangles(16, 15, 12, 0, 16, 17, 15, 0),
	gsSP2Triangles(16, 18, 17, 0, 19, 17, 18, 0),
	gsSP2Triangles(19, 20, 17, 0, 21, 22, 23, 0),
	gsSP2Triangles(21, 23, 24, 0, 21, 24, 25, 0),
	gsSP2Triangles(21, 25, 26, 0, 26, 25, 27, 0),
	gsSP2Triangles(26, 27, 28, 0, 28, 27, 29, 0),
	gsSP2Triangles(28, 29, 30, 0, 30, 29, 31, 0),
	gsSPVertex(welkit_castle_past_dl_Cube_mesh_layer_1_vtx_2 + 1067, 32, 0),
	gsSP2Triangles(0, 1, 2, 0, 2, 1, 3, 0),
	gsSP2Triangles(2, 3, 4, 0, 4, 3, 5, 0),
	gsSP2Triangles(4, 5, 6, 0, 5, 7, 6, 0),
	gsSP2Triangles(5, 8, 7, 0, 9, 10, 11, 0),
	gsSP2Triangles(9, 11, 12, 0, 13, 14, 15, 0),
	gsSP2Triangles(13, 15, 16, 0, 17, 18, 19, 0),
	gsSP2Triangles(20, 18, 17, 0, 21, 20, 17, 0),
	gsSP2Triangles(21, 22, 20, 0, 21, 23, 22, 0),
	gsSP2Triangles(24, 22, 23, 0, 24, 25, 22, 0),
	gsSP2Triangles(26, 27, 28, 0, 26, 28, 29, 0),
	gsSP2Triangles(28, 30, 29, 0, 28, 31, 30, 0),
	gsSPVertex(welkit_castle_past_dl_Cube_mesh_layer_1_vtx_2 + 1099, 32, 0),
	gsSP2Triangles(0, 1, 2, 0, 0, 2, 3, 0),
	gsSP2Triangles(2, 4, 3, 0, 2, 5, 4, 0),
	gsSP2Triangles(6, 7, 8, 0, 9, 7, 6, 0),
	gsSP2Triangles(10, 9, 6, 0, 10, 11, 9, 0),
	gsSP2Triangles(10, 12, 11, 0, 13, 11, 12, 0),
	gsSP2Triangles(13, 14, 11, 0, 15, 16, 17, 0),
	gsSP2Triangles(15, 17, 18, 0, 15, 18, 19, 0),
	gsSP2Triangles(15, 19, 20, 0, 20, 19, 21, 0),
	gsSP2Triangles(20, 21, 22, 0, 22, 21, 23, 0),
	gsSP2Triangles(22, 23, 24, 0, 24, 23, 25, 0),
	gsSP2Triangles(24, 25, 26, 0, 26, 25, 27, 0),
	gsSP2Triangles(26, 27, 28, 0, 28, 27, 29, 0),
	gsSP2Triangles(28, 29, 30, 0, 29, 31, 30, 0),
	gsSPVertex(welkit_castle_past_dl_Cube_mesh_layer_1_vtx_2 + 1131, 32, 0),
	gsSP2Triangles(0, 1, 2, 0, 3, 4, 5, 0),
	gsSP2Triangles(3, 5, 6, 0, 7, 8, 9, 0),
	gsSP2Triangles(7, 9, 10, 0, 11, 12, 13, 0),
	gsSP2Triangles(14, 12, 11, 0, 15, 14, 11, 0),
	gsSP2Triangles(15, 16, 14, 0, 15, 17, 16, 0),
	gsSP2Triangles(18, 16, 17, 0, 18, 19, 16, 0),
	gsSP2Triangles(20, 21, 22, 0, 20, 22, 23, 0),
	gsSP2Triangles(22, 24, 23, 0, 22, 25, 24, 0),
	gsSP2Triangles(26, 27, 28, 0, 26, 28, 29, 0),
	gsSP2Triangles(28, 30, 29, 0, 28, 31, 30, 0),
	gsSPVertex(welkit_castle_past_dl_Cube_mesh_layer_1_vtx_2 + 1163, 31, 0),
	gsSP2Triangles(0, 1, 2, 0, 3, 1, 0, 0),
	gsSP2Triangles(4, 3, 0, 0, 4, 5, 3, 0),
	gsSP2Triangles(4, 6, 5, 0, 7, 5, 6, 0),
	gsSP2Triangles(7, 8, 5, 0, 9, 10, 11, 0),
	gsSP2Triangles(9, 11, 12, 0, 9, 12, 13, 0),
	gsSP2Triangles(9, 13, 14, 0, 14, 13, 15, 0),
	gsSP2Triangles(14, 15, 16, 0, 16, 15, 17, 0),
	gsSP2Triangles(16, 17, 18, 0, 18, 17, 19, 0),
	gsSP2Triangles(18, 19, 20, 0, 20, 19, 21, 0),
	gsSP2Triangles(20, 21, 22, 0, 22, 21, 23, 0),
	gsSP2Triangles(22, 23, 24, 0, 23, 25, 24, 0),
	gsSP2Triangles(23, 26, 25, 0, 27, 28, 29, 0),
	gsSP1Triangle(27, 29, 30, 0),
	gsSPVertex(welkit_castle_past_dl_Cube_mesh_layer_1_vtx_2 + 1194, 32, 0),
	gsSP2Triangles(0, 1, 2, 0, 0, 2, 3, 0),
	gsSP2Triangles(4, 5, 6, 0, 7, 5, 4, 0),
	gsSP2Triangles(8, 7, 4, 0, 8, 9, 7, 0),
	gsSP2Triangles(8, 10, 9, 0, 11, 9, 10, 0),
	gsSP2Triangles(11, 12, 9, 0, 13, 14, 15, 0),
	gsSP2Triangles(13, 15, 16, 0, 15, 17, 16, 0),
	gsSP2Triangles(15, 18, 17, 0, 19, 20, 21, 0),
	gsSP2Triangles(19, 21, 22, 0, 21, 23, 22, 0),
	gsSP2Triangles(21, 24, 23, 0, 25, 26, 27, 0),
	gsSP2Triangles(28, 26, 25, 0, 29, 28, 25, 0),
	gsSP2Triangles(29, 30, 28, 0, 29, 31, 30, 0),
	gsSPVertex(welkit_castle_past_dl_Cube_mesh_layer_1_vtx_2 + 1226, 30, 0),
	gsSP2Triangles(0, 1, 2, 0, 0, 3, 1, 0),
	gsSP2Triangles(4, 5, 6, 0, 4, 6, 7, 0),
	gsSP2Triangles(4, 7, 8, 0, 4, 8, 9, 0),
	gsSP2Triangles(9, 8, 10, 0, 9, 10, 11, 0),
	gsSP2Triangles(11, 10, 12, 0, 11, 12, 13, 0),
	gsSP2Triangles(13, 12, 14, 0, 13, 14, 15, 0),
	gsSP2Triangles(15, 14, 16, 0, 15, 16, 17, 0),
	gsSP2Triangles(17, 16, 18, 0, 17, 18, 19, 0),
	gsSP2Triangles(18, 20, 19, 0, 18, 21, 20, 0),
	gsSP2Triangles(22, 23, 24, 0, 22, 24, 25, 0),
	gsSP2Triangles(26, 27, 28, 0, 26, 28, 29, 0),
	gsSPVertex(welkit_castle_past_dl_Cube_mesh_layer_1_vtx_2 + 1256, 30, 0),
	gsSP2Triangles(0, 1, 2, 0, 0, 2, 3, 0),
	gsSP2Triangles(3, 4, 5, 0, 3, 5, 6, 0),
	gsSP2Triangles(7, 8, 9, 0, 7, 9, 10, 0),
	gsSP2Triangles(11, 9, 12, 0, 11, 12, 13, 0),
	gsSP2Triangles(14, 15, 16, 0, 14, 16, 17, 0),
	gsSP2Triangles(18, 19, 20, 0, 18, 20, 21, 0),
	gsSP2Triangles(22, 23, 24, 0, 22, 24, 25, 0),
	gsSP2Triangles(26, 27, 28, 0, 26, 28, 29, 0),
	gsSPVertex(welkit_castle_past_dl_Cube_mesh_layer_1_vtx_2 + 1286, 32, 0),
	gsSP2Triangles(0, 1, 2, 0, 0, 2, 3, 0),
	gsSP2Triangles(4, 5, 6, 0, 4, 6, 7, 0),
	gsSP2Triangles(8, 9, 10, 0, 8, 10, 11, 0),
	gsSP2Triangles(12, 13, 14, 0, 12, 14, 15, 0),
	gsSP2Triangles(16, 17, 18, 0, 16, 18, 19, 0),
	gsSP2Triangles(20, 21, 22, 0, 20, 22, 23, 0),
	gsSP2Triangles(24, 25, 26, 0, 24, 26, 27, 0),
	gsSP2Triangles(28, 29, 30, 0, 28, 31, 29, 0),
	gsSPVertex(welkit_castle_past_dl_Cube_mesh_layer_1_vtx_2 + 1318, 32, 0),
	gsSP2Triangles(0, 1, 2, 0, 3, 1, 0, 0),
	gsSP2Triangles(4, 3, 0, 0, 0, 5, 4, 0),
	gsSP2Triangles(5, 6, 4, 0, 5, 7, 6, 0),
	gsSP2Triangles(5, 8, 7, 0, 8, 5, 9, 0),
	gsSP2Triangles(10, 8, 9, 0, 9, 11, 10, 0),
	gsSP2Triangles(7, 8, 10, 0, 7, 10, 3, 0),
	gsSP2Triangles(10, 2, 3, 0, 1, 3, 2, 0),
	gsSP2Triangles(3, 6, 7, 0, 3, 4, 6, 0),
	gsSP2Triangles(12, 13, 14, 0, 12, 15, 13, 0),
	gsSP2Triangles(15, 16, 13, 0, 15, 17, 16, 0),
	gsSP2Triangles(18, 16, 17, 0, 18, 17, 19, 0),
	gsSP2Triangles(20, 21, 22, 0, 20, 22, 23, 0),
	gsSP2Triangles(24, 25, 26, 0, 24, 26, 27, 0),
	gsSP2Triangles(28, 29, 30, 0, 28, 30, 31, 0),
	gsSPVertex(welkit_castle_past_dl_Cube_mesh_layer_1_vtx_2 + 1350, 32, 0),
	gsSP2Triangles(0, 1, 2, 0, 0, 2, 3, 0),
	gsSP2Triangles(4, 0, 3, 0, 4, 3, 5, 0),
	gsSP2Triangles(6, 7, 8, 0, 7, 6, 9, 0),
	gsSP2Triangles(7, 9, 10, 0, 9, 11, 10, 0),
	gsSP2Triangles(11, 12, 10, 0, 13, 14, 15, 0),
	gsSP2Triangles(14, 13, 16, 0, 14, 16, 17, 0),
	gsSP2Triangles(16, 18, 17, 0, 16, 19, 18, 0),
	gsSP2Triangles(18, 19, 20, 0, 20, 21, 18, 0),
	gsSP2Triangles(20, 22, 21, 0, 22, 23, 21, 0),
	gsSP2Triangles(24, 25, 26, 0, 24, 26, 27, 0),
	gsSP2Triangles(28, 29, 30, 0, 28, 30, 31, 0),
	gsSPVertex(welkit_castle_past_dl_Cube_mesh_layer_1_vtx_2 + 1382, 32, 0),
	gsSP2Triangles(0, 1, 2, 0, 0, 2, 3, 0),
	gsSP2Triangles(4, 5, 6, 0, 4, 6, 7, 0),
	gsSP2Triangles(8, 9, 10, 0, 8, 10, 11, 0),
	gsSP2Triangles(12, 13, 14, 0, 12, 14, 15, 0),
	gsSP2Triangles(16, 17, 18, 0, 19, 16, 18, 0),
	gsSP2Triangles(19, 18, 20, 0, 21, 22, 23, 0),
	gsSP2Triangles(21, 24, 22, 0, 25, 24, 21, 0),
	gsSP2Triangles(25, 21, 26, 0, 27, 25, 26, 0),
	gsSP2Triangles(28, 29, 30, 0, 28, 30, 31, 0),
	gsSPVertex(welkit_castle_past_dl_Cube_mesh_layer_1_vtx_2 + 1414, 32, 0),
	gsSP2Triangles(0, 1, 2, 0, 1, 3, 2, 0),
	gsSP2Triangles(0, 2, 4, 0, 5, 6, 7, 0),
	gsSP2Triangles(6, 8, 7, 0, 6, 9, 8, 0),
	gsSP2Triangles(9, 10, 8, 0, 8, 10, 11, 0),
	gsSP2Triangles(8, 11, 12, 0, 13, 14, 15, 0),
	gsSP2Triangles(13, 15, 16, 0, 15, 17, 16, 0),
	gsSP2Triangles(18, 19, 20, 0, 18, 20, 21, 0),
	gsSP2Triangles(22, 5, 23, 0, 22, 23, 24, 0),
	gsSP2Triangles(25, 22, 24, 0, 25, 24, 26, 0),
	gsSP2Triangles(27, 28, 29, 0, 27, 29, 30, 0),
	gsSP1Triangle(27, 30, 31, 0),
	gsSPVertex(welkit_castle_past_dl_Cube_mesh_layer_1_vtx_2 + 1446, 10, 0),
	gsSP2Triangles(0, 1, 2, 0, 2, 3, 4, 0),
	gsSP2Triangles(2, 5, 3, 0, 6, 5, 2, 0),
	gsSP2Triangles(6, 7, 5, 0, 8, 7, 6, 0),
	gsSP2Triangles(8, 9, 7, 0, 4, 9, 8, 0),
	gsSP1Triangle(4, 3, 9, 0),
	gsSPEndDisplayList(),
};

Vtx welkit_castle_past_dl_Cube_mesh_layer_1_vtx_3[1635] = {
	{{{-868, 1308, 4662}, 0, {-199, 2022}, {0x00, 0x00, 0x81, 0xFF}}},
	{{{-1085, 1777, 4662}, 0, {1328, 2022}, {0x00, 0x00, 0x81, 0xFF}}},
	{{{-837, 1777, 4662}, 0, {1328, 496}, {0x00, 0x00, 0x81, 0xFF}}},
	{{{-1085, 1777, 5051}, 0, {1328, -2557}, {0x00, 0x00, 0x7F, 0xFF}}},
	{{{-868, 1308, 5051}, 0, {565, -1030}, {0x00, 0x00, 0x7F, 0xFF}}},
	{{{-837, 1777, 5051}, 0, {1328, -1030}, {0x00, 0x00, 0x7F, 0xFF}}},
	{{{-868, 1308, 2059}, 0, {-199, 2022}, {0x00, 0x00, 0x81, 0xFF}}},
	{{{-1085, 1777, 2059}, 0, {1328, 2022}, {0x00, 0x00, 0x81, 0xFF}}},
	{{{-837, 1777, 2059}, 0, {1328, 496}, {0x00, 0x00, 0x81, 0xFF}}},
	{{{-1085, 1777, 2449}, 0, {1328, -2557}, {0x00, 0x00, 0x7F, 0xFF}}},
	{{{-868, 1308, 2449}, 0, {565, -1030}, {0x00, 0x00, 0x7F, 0xFF}}},
	{{{-837, 1777, 2449}, 0, {1328, -1030}, {0x00, 0x00, 0x7F, 0xFF}}},
	{{{-1282, 2072, 1809}, 0, {1249, 485}, {0x8D, 0xCB, 0x00, 0xFF}}},
	{{{-1302, 2116, 1809}, 0, {1328, 480}, {0x8D, 0xCB, 0x00, 0xFF}}},
	{{{-1302, 2116, 1770}, 0, {1328, 496}, {0x8D, 0xCB, 0x00, 0xFF}}},
	{{{-1709, 2215, 545}, 0, {-199, 2022}, {0x00, 0x00, 0x81, 0xFF}}},
	{{{-1821, 2659, 545}, 0, {1328, 2022}, {0x00, 0x00, 0x81, 0xFF}}},
	{{{-1666, 2659, 545}, 0, {1328, 496}, {0x00, 0x00, 0x81, 0xFF}}},
	{{{-1821, 2659, 935}, 0, {1328, -2557}, {0x00, 0x00, 0x7F, 0xFF}}},
	{{{-1709, 2215, 935}, 0, {565, -1030}, {0x00, 0x00, 0x7F, 0xFF}}},
	{{{-1666, 2659, 935}, 0, {1328, -1030}, {0x00, 0x00, 0x7F, 0xFF}}},
	{{{-1843, 2696, 5201}, 0, {1328, 401}, {0x7A, 0x22, 0x00, 0xFF}}},
	{{{-1945, 3053, 3652}, 0, {1328, 417}, {0x7A, 0x22, 0x00, 0xFF}}},
	{{{-1945, 3053, 5253}, 0, {1602, 401}, {0x7A, 0x23, 0x00, 0xFF}}},
	{{{-833, 1722, 3220}, 0, {1328, 114}, {0x00, 0xB3, 0x65, 0xFF}}},
	{{{-756, 1936, 3383}, 0, {1328, -76}, {0x00, 0xB3, 0x65, 0xFF}}},
	{{{-833, 1936, 3383}, 0, {1328, -76}, {0x00, 0xB3, 0x65, 0xFF}}},
	{{{-756, 1936, 3727}, 0, {1328, -458}, {0x00, 0xB3, 0x9B, 0xFF}}},
	{{{-833, 1722, 3891}, 0, {1328, -649}, {0x00, 0xB3, 0x9B, 0xFF}}},
	{{{-833, 1936, 3727}, 0, {1328, -458}, {0x00, 0xB3, 0x9B, 0xFF}}},
	{{{868, 1308, 4662}, 0, {-199, 2022}, {0x00, 0x00, 0x81, 0xFF}}},
	{{{837, 1777, 4662}, 0, {1328, 496}, {0x00, 0x00, 0x81, 0xFF}}},
	{{{1085, 1777, 4662}, 0, {1328, 2022}, {0x00, 0x00, 0x81, 0xFF}}},
	{{{1085, 1777, 5051}, 0, {1328, -2557}, {0x00, 0x00, 0x7F, 0xFF}}},
	{{{837, 1777, 5051}, 0, {1328, -1030}, {0x00, 0x00, 0x7F, 0xFF}}},
	{{{868, 1308, 5051}, 0, {565, -1030}, {0x00, 0x00, 0x7F, 0xFF}}},
	{{{868, 1308, 2059}, 0, {-199, 2022}, {0x00, 0x00, 0x81, 0xFF}}},
	{{{837, 1777, 2059}, 0, {1328, 496}, {0x00, 0x00, 0x81, 0xFF}}},
	{{{1085, 1777, 2059}, 0, {1328, 2022}, {0x00, 0x00, 0x81, 0xFF}}},
	{{{1085, 1777, 2449}, 0, {1328, -2557}, {0x00, 0x00, 0x7F, 0xFF}}},
	{{{837, 1777, 2449}, 0, {1328, -1030}, {0x00, 0x00, 0x7F, 0xFF}}},
	{{{868, 1308, 2449}, 0, {565, -1030}, {0x00, 0x00, 0x7F, 0xFF}}},
	{{{1282, 2072, 1809}, 0, {1249, 485}, {0x73, 0xCB, 0x00, 0xFF}}},
	{{{1302, 2116, 1770}, 0, {1328, 496}, {0x73, 0xCB, 0x00, 0xFF}}},
	{{{1302, 2116, 1809}, 0, {1328, 480}, {0x73, 0xCB, 0x00, 0xFF}}},
	{{{1709, 2215, 545}, 0, {-199, 2022}, {0x00, 0x00, 0x81, 0xFF}}},
	{{{1666, 2659, 545}, 0, {1328, 496}, {0x00, 0x00, 0x81, 0xFF}}},
	{{{1821, 2659, 545}, 0, {1328, 2022}, {0x00, 0x00, 0x81, 0xFF}}},
	{{{1821, 2659, 935}, 0, {1328, -2557}, {0x00, 0x00, 0x7F, 0xFF}}},
	{{{1666, 2659, 935}, 0, {1328, -1030}, {0x00, 0x00, 0x7F, 0xFF}}},
	{{{1709, 2215, 935}, 0, {565, -1030}, {0x00, 0x00, 0x7F, 0xFF}}},
	{{{1843, 2696, 5201}, 0, {1328, 401}, {0x86, 0x22, 0x00, 0xFF}}},
	{{{1945, 3053, 5253}, 0, {1602, 401}, {0x86, 0x23, 0x00, 0xFF}}},
	{{{1945, 3053, 3652}, 0, {1328, 417}, {0x86, 0x22, 0x00, 0xFF}}},
	{{{833, 1722, 3220}, 0, {1328, 114}, {0x00, 0xB3, 0x65, 0xFF}}},
	{{{833, 1936, 3383}, 0, {1328, -76}, {0x00, 0xB3, 0x65, 0xFF}}},
	{{{756, 1936, 3383}, 0, {1328, -76}, {0x00, 0xB3, 0x65, 0xFF}}},
	{{{756, 1936, 3727}, 0, {1328, -458}, {0x00, 0xB3, 0x9B, 0xFF}}},
	{{{833, 1936, 3727}, 0, {1328, -458}, {0x00, 0xB3, 0x9B, 0xFF}}},
	{{{833, 1722, 3891}, 0, {1328, -649}, {0x00, 0xB3, 0x9B, 0xFF}}},
	{{{-833, 1722, 2814}, 0, {1328, 496}, {0x7F, 0x00, 0x00, 0xFF}}},
	{{{-833, 1308, 2814}, 0, {-199, 496}, {0x7F, 0x00, 0x00, 0xFF}}},
	{{{-833, 1308, 2759}, 0, {-199, 496}, {0x7F, 0x00, 0x00, 0xFF}}},
	{{{-833, 1777, 2759}, 0, {1328, 496}, {0x7F, 0x00, 0x00, 0xFF}}},
	{{{-833, 1722, 3220}, 0, {1328, 114}, {0x7D, 0xF7, 0xEF, 0xFF}}},
	{{{-833, 1777, 3193}, 0, {1328, 114}, {0x7E, 0xF7, 0xEF, 0xFF}}},
	{{{-756, 1936, 3383}, 0, {1328, -76}, {0x7E, 0xF7, 0xEF, 0xFF}}},
	{{{-756, 1991, 3356}, 0, {1328, -76}, {0x7D, 0xF7, 0xEF, 0xFF}}},
	{{{-756, 1936, 3727}, 0, {1328, -458}, {0x7E, 0xF7, 0x11, 0xFF}}},
	{{{-756, 1991, 3754}, 0, {1328, -458}, {0x7D, 0xF7, 0x11, 0xFF}}},
	{{{-833, 1722, 3891}, 0, {1328, -649}, {0x7D, 0xF7, 0x11, 0xFF}}},
	{{{-833, 1777, 3918}, 0, {1328, -649}, {0x7E, 0xF7, 0x11, 0xFF}}},
	{{{-833, 1722, 4297}, 0, {1328, -1030}, {0x7F, 0x00, 0x00, 0xFF}}},
	{{{-833, 1777, 4352}, 0, {1328, -1030}, {0x7F, 0x00, 0x00, 0xFF}}},
	{{{-833, 1308, 4307}, 0, {-199, -1030}, {0x7F, 0x00, 0x00, 0xFF}}},
	{{{-833, 1308, 4352}, 0, {-199, -1030}, {0x7F, 0x00, 0x00, 0xFF}}},
	{{{-1302, 2116, 5341}, 0, {1328, -1030}, {0xFF, 0xFD, 0x7F, 0xFF}}},
	{{{-1267, 2171, 5341}, 0, {1328, -1030}, {0xFF, 0xFD, 0x7F, 0xFF}}},
	{{{-1520, 2171, 5341}, 0, {2099, -1030}, {0xFE, 0xFA, 0x7F, 0xFF}}},
	{{{-1528, 2117, 5335}, 0, {1767, -1030}, {0xFE, 0xFA, 0x7F, 0xFF}}},
	{{{-1522, 2171, 5341}, 0, {2105, -1030}, {0xFE, 0xFA, 0x7F, 0xFF}}},
	{{{-1267, 2171, 1770}, 0, {632, 496}, {0x00, 0x00, 0x81, 0xFF}}},
	{{{-868, 1308, 1770}, 0, {-199, 496}, {0x00, 0x00, 0x81, 0xFF}}},
	{{{-931, 1314, 1770}, 0, {-169, 496}, {0x00, 0x00, 0x81, 0xFF}}},
	{{{-1302, 2116, 1770}, 0, {632, 496}, {0x00, 0x00, 0x81, 0xFF}}},
	{{{-1522, 2116, 1770}, 0, {632, 496}, {0x00, 0x00, 0x81, 0xFF}}},
	{{{-1521, 2171, 1770}, 0, {632, 496}, {0x00, 0x00, 0x81, 0xFF}}},
	{{{-1302, 2116, 5341}, 0, {632, -1030}, {0xFF, 0xFD, 0x7F, 0xFF}}},
	{{{-930, 1310, 5341}, 0, {-175, -1030}, {0x00, 0x00, 0x7F, 0xFF}}},
	{{{-868, 1308, 5341}, 0, {-199, -1030}, {0x00, 0x00, 0x7F, 0xFF}}},
	{{{-1267, 2171, 5341}, 0, {632, -1030}, {0xFF, 0xFD, 0x7F, 0xFF}}},
	{{{-837, 1722, 2114}, 0, {1328, 496}, {0x7F, 0xFC, 0xFE, 0xFF}}},
	{{{-868, 1308, 2115}, 0, {565, 1259}, {0x7F, 0xF7, 0xFC, 0xFF}}},
	{{{-868, 1308, 2059}, 0, {565, 1259}, {0x7F, 0xF7, 0xFC, 0xFF}}},
	{{{-837, 1777, 2059}, 0, {1328, 496}, {0x7F, 0xFC, 0xFE, 0xFF}}},
	{{{-837, 1722, 2394}, 0, {1328, -1030}, {0x7F, 0xFC, 0x02, 0xFF}}},
	{{{-837, 1777, 2449}, 0, {1328, -1030}, {0x7F, 0xFC, 0x02, 0xFF}}},
	{{{-868, 1308, 2394}, 0, {565, -1030}, {0x7F, 0xF7, 0x04, 0xFF}}},
	{{{-868, 1308, 2449}, 0, {565, -1030}, {0x7F, 0xF7, 0x04, 0xFF}}},
	{{{-837, 1722, 4717}, 0, {1328, 496}, {0x7F, 0xFC, 0xFE, 0xFF}}},
	{{{-868, 1308, 4717}, 0, {565, 1259}, {0x7F, 0xF7, 0xFC, 0xFF}}},
	{{{-868, 1308, 4662}, 0, {565, 1259}, {0x7F, 0xF7, 0xFC, 0xFF}}},
	{{{-837, 1777, 4662}, 0, {1328, 496}, {0x7F, 0xFC, 0xFE, 0xFF}}},
	{{{-837, 1722, 4996}, 0, {1328, -1030}, {0x7F, 0xFC, 0x02, 0xFF}}},
	{{{-837, 1777, 5051}, 0, {1328, -1030}, {0x7F, 0xFC, 0x02, 0xFF}}},
	{{{-868, 1308, 4996}, 0, {565, -1030}, {0x7F, 0xF7, 0x04, 0xFF}}},
	{{{-868, 1308, 5051}, 0, {565, -1030}, {0x7F, 0xF7, 0x04, 0xFF}}},
	{{{-833, 1308, 2759}, 0, {-199, 496}, {0x00, 0x00, 0x81, 0xFF}}},
	{{{-868, 1308, 2759}, 0, {-199, 2022}, {0x00, 0x00, 0x81, 0xFF}}},
	{{{-1085, 1777, 2759}, 0, {1328, 2022}, {0x00, 0x00, 0x81, 0xFF}}},
	{{{-833, 1777, 2759}, 0, {1328, 496}, {0x00, 0x00, 0x81, 0xFF}}},
	{{{-868, 1308, 4352}, 0, {-199, -2557}, {0x00, 0x00, 0x7F, 0xFF}}},
	{{{-833, 1308, 4352}, 0, {-199, -1030}, {0x00, 0x00, 0x7F, 0xFF}}},
	{{{-833, 1777, 4352}, 0, {1328, -1030}, {0x00, 0x00, 0x7F, 0xFF}}},
	{{{-1085, 1777, 4352}, 0, {1328, -2557}, {0x00, 0x00, 0x7F, 0xFF}}},
	{{{-833, 1777, 4352}, 0, {1328, -1030}, {0x00, 0x7F, 0x00, 0xFF}}},
	{{{-833, 1777, 3918}, 0, {1328, -649}, {0x00, 0x7F, 0x00, 0xFF}}},
	{{{-1072, 1777, 3918}, 0, {2854, -649}, {0x00, 0x7F, 0x00, 0xFF}}},
	{{{-1085, 1777, 4352}, 0, {2854, -1030}, {0x00, 0x7F, 0x00, 0xFF}}},
	{{{-868, 1308, 4717}, 0, {565, 1259}, {0x00, 0x00, 0x7F, 0xFF}}},
	{{{-837, 1722, 4717}, 0, {1328, 496}, {0x00, 0x00, 0x7F, 0xFF}}},
	{{{-1120, 1722, 4717}, 0, {1328, 2022}, {0x00, 0x00, 0x7F, 0xFF}}},
	{{{-926, 1306, 4717}, 0, {-115, 2022}, {0x00, 0x00, 0x7F, 0xFF}}},
	{{{-1120, 1722, 4996}, 0, {1328, -2557}, {0x00, 0x00, 0x81, 0xFF}}},
	{{{-837, 1722, 4996}, 0, {1328, -1030}, {0x00, 0x00, 0x81, 0xFF}}},
	{{{-868, 1308, 4996}, 0, {565, -1030}, {0x00, 0x00, 0x81, 0xFF}}},
	{{{-926, 1306, 4996}, 0, {-86, -1143}, {0x00, 0x00, 0x81, 0xFF}}},
	{{{-837, 1777, 5051}, 0, {1328, -1030}, {0x00, 0x7F, 0x00, 0xFF}}},
	{{{-837, 1777, 4662}, 0, {1328, 496}, {0x00, 0x7F, 0x00, 0xFF}}},
	{{{-1085, 1777, 4662}, 0, {2854, 496}, {0x00, 0x7F, 0x00, 0xFF}}},
	{{{-1085, 1777, 5051}, 0, {2854, -1030}, {0x00, 0x7F, 0x00, 0xFF}}},
	{{{-837, 1722, 4996}, 0, {1328, -1030}, {0x00, 0x81, 0x00, 0xFF}}},
	{{{-1120, 1722, 4996}, 0, {2854, -1030}, {0x00, 0x81, 0x00, 0xFF}}},
	{{{-1120, 1722, 4717}, 0, {2854, 496}, {0x00, 0x81, 0x00, 0xFF}}},
	{{{-837, 1722, 4717}, 0, {1328, 496}, {0x00, 0x81, 0x00, 0xFF}}},
	{{{-1085, 1777, 2059}, 0, {632, 401}, {0x73, 0x35, 0x00, 0xFF}}},
	{{{-1267, 2171, 1770}, 0, {1328, 496}, {0x73, 0x35, 0x00, 0xFF}}},
	{{{-1267, 2171, 2449}, 0, {1328, 210}, {0x73, 0x35, 0x00, 0xFF}}},
	{{{-1085, 1777, 2449}, 0, {632, 210}, {0x73, 0x35, 0x00, 0xFF}}},
	{{{-1085, 1777, 2759}, 0, {632, 115}, {0x73, 0x36, 0xFF, 0xFF}}},
	{{{-1267, 2171, 2784}, 0, {1328, 181}, {0x73, 0x36, 0xFF, 0xFF}}},
	{{{-1072, 1777, 3193}, 0, {2854, 114}, {0x73, 0x37, 0xFE, 0xFF}}},
	{{{-1176, 1991, 3356}, 0, {2854, -76}, {0x72, 0x39, 0xFF, 0xFF}}},
	{{{-1267, 2171, 4296}, 0, {1328, -712}, {0x73, 0x36, 0x01, 0xFF}}},
	{{{-1176, 1991, 3754}, 0, {2854, -458}, {0x72, 0x39, 0x01, 0xFF}}},
	{{{-1072, 1777, 3918}, 0, {2854, -649}, {0x73, 0x37, 0x02, 0xFF}}},
	{{{-1085, 1777, 4352}, 0, {632, -649}, {0x73, 0x36, 0x01, 0xFF}}},
	{{{-1267, 2171, 4662}, 0, {1328, -744}, {0x73, 0x35, 0x00, 0xFF}}},
	{{{-1085, 1777, 4662}, 0, {632, -744}, {0x73, 0x35, 0x00, 0xFF}}},
	{{{-868, 1308, 4662}, 0, {-199, -744}, {0x73, 0x35, 0x00, 0xFF}}},
	{{{-868, 1308, 4352}, 0, {-199, -649}, {0x73, 0x35, 0x00, 0xFF}}},
	{{{-868, 1308, 2759}, 0, {-199, 115}, {0x73, 0x35, 0x00, 0xFF}}},
	{{{-868, 1308, 2449}, 0, {-199, 210}, {0x73, 0x35, 0x00, 0xFF}}},
	{{{-1162, 1812, 2036}, 0, {791, 423}, {0x8D, 0xCB, 0x00, 0xFF}}},
	{{{-1120, 1722, 2114}, 0, {632, 401}, {0x8D, 0xCB, 0x01, 0xFF}}},
	{{{-1120, 1722, 2394}, 0, {632, 210}, {0x8D, 0xCB, 0x00, 0xFF}}},
	{{{-1302, 2116, 2031}, 0, {1328, 386}, {0x8D, 0xCB, 0x00, 0xFF}}},
	{{{-1302, 2116, 2449}, 0, {1328, 210}, {0x8D, 0xCB, 0x00, 0xFF}}},
	{{{-1119, 1722, 2814}, 0, {632, 115}, {0x8D, 0xCA, 0x01, 0xFF}}},
	{{{-929, 1308, 2394}, 0, {-154, 210}, {0x8D, 0xCB, 0x00, 0xFF}}},
	{{{-926, 1306, 2814}, 0, {-152, 115}, {0x8D, 0xCB, 0x00, 0xFF}}},
	{{{-1301, 2116, 2784}, 0, {1328, 181}, {0x8D, 0xCA, 0x01, 0xFF}}},
	{{{-1106, 1722, 3220}, 0, {2854, 114}, {0x8D, 0xCA, 0x02, 0xFF}}},
	{{{-1210, 1936, 3383}, 0, {2854, -76}, {0x8E, 0xC7, 0x01, 0xFF}}},
	{{{-1301, 2116, 4296}, 0, {1328, -712}, {0x8D, 0xCA, 0xFF, 0xFF}}},
	{{{-1210, 1936, 3727}, 0, {2854, -458}, {0x8E, 0xC7, 0xFF, 0xFF}}},
	{{{-1106, 1722, 3891}, 0, {2854, -649}, {0x8D, 0xC9, 0xFE, 0xFF}}},
	{{{-1119, 1722, 4297}, 0, {632, -649}, {0x8D, 0xCA, 0xFF, 0xFF}}},
	{{{-1302, 2116, 4662}, 0, {1328, -744}, {0x8D, 0xCB, 0x00, 0xFF}}},
	{{{-1120, 1722, 4717}, 0, {632, -744}, {0x8D, 0xCB, 0x00, 0xFF}}},
	{{{-926, 1306, 4297}, 0, {-156, -649}, {0x8D, 0xCA, 0x00, 0xFF}}},
	{{{-926, 1306, 4717}, 0, {-153, -744}, {0x8D, 0xCA, 0x00, 0xFF}}},
	{{{-1267, 2171, 5341}, 0, {1328, -1030}, {0x00, 0x7F, 0x00, 0xFF}}},
	{{{-1566, 2171, 5261}, 0, {2239, -1019}, {0xFE, 0x7F, 0xFF, 0xFF}}},
	{{{-1520, 2171, 5341}, 0, {2099, -1030}, {0x00, 0x7F, 0x00, 0xFF}}},
	{{{-1267, 2171, 4662}, 0, {1328, -935}, {0xFF, 0x7F, 0x00, 0xFF}}},
	{{{-1697, 2166, 5198}, 0, {2641, -1010}, {0xFD, 0x7F, 0xFF, 0xFF}}},
	{{{-1302, 2116, 5341}, 0, {1328, -1030}, {0x00, 0x81, 0x02, 0xFF}}},
	{{{-1528, 2117, 5335}, 0, {1767, -1030}, {0x00, 0x81, 0x02, 0xFF}}},
	{{{-1581, 2116, 5290}, 0, {1872, -1023}, {0x00, 0x81, 0x02, 0xFF}}},
	{{{-1302, 2116, 5295}, 0, {1328, -1024}, {0x00, 0x81, 0x02, 0xFF}}},
	{{{-1267, 2171, 2784}, 0, {1328, 181}, {0xFF, 0x7F, 0x00, 0xFF}}},
	{{{-1697, 2166, 3652}, 0, {2617, -716}, {0xFF, 0x7F, 0x00, 0xFF}}},
	{{{-1267, 2171, 4296}, 0, {1328, -712}, {0xFF, 0x7F, 0x00, 0xFF}}},
	{{{-1267, 2171, 4662}, 0, {1328, -744}, {0xFF, 0x7F, 0x00, 0xFF}}},
	{{{-1267, 2171, 4662}, 0, {1328, -744}, {0xFF, 0x7F, 0x00, 0xFF}}},
	{{{-1697, 2166, 3652}, 0, {2617, -716}, {0xFF, 0x7F, 0x00, 0xFF}}},
	{{{-1697, 2166, 5198}, 0, {2627, -744}, {0xFD, 0x7F, 0xFF, 0xFF}}},
	{{{-1267, 2171, 2784}, 0, {1328, 181}, {0xFF, 0x7F, 0x00, 0xFF}}},
	{{{-1697, 2171, 1910}, 0, {2854, 210}, {0x00, 0x7F, 0x00, 0xFF}}},
	{{{-1697, 2166, 3652}, 0, {2637, 183}, {0xFF, 0x7F, 0x00, 0xFF}}},
	{{{-1267, 2171, 2449}, 0, {1328, 210}, {0x00, 0x7F, 0x00, 0xFF}}},
	{{{-1267, 2171, 1770}, 0, {632, 496}, {0x00, 0x7F, 0x00, 0xFF}}},
	{{{-1574, 2171, 1844}, 0, {632, 496}, {0x00, 0x7F, 0x00, 0xFF}}},
	{{{-1521, 2171, 1770}, 0, {632, 496}, {0x00, 0x7F, 0x00, 0xFF}}},
	{{{-868, 1308, 2059}, 0, {-199, 401}, {0x73, 0x35, 0x00, 0xFF}}},
	{{{-868, 1308, 1770}, 0, {-199, 496}, {0x73, 0x35, 0x00, 0xFF}}},
	{{{-1267, 2171, 1770}, 0, {632, 496}, {0x73, 0x35, 0x00, 0xFF}}},
	{{{-1085, 1777, 2059}, 0, {632, 401}, {0x73, 0x35, 0x00, 0xFF}}},
	{{{-868, 1308, 5341}, 0, {-199, -1030}, {0x73, 0x35, 0x00, 0xFF}}},
	{{{-868, 1308, 5051}, 0, {-199, -935}, {0x73, 0x35, 0x00, 0xFF}}},
	{{{-1085, 1777, 5051}, 0, {632, -935}, {0x73, 0x35, 0x00, 0xFF}}},
	{{{-1267, 2171, 5341}, 0, {632, -1030}, {0x73, 0x35, 0x00, 0xFF}}},
	{{{-1085, 1777, 4662}, 0, {632, -744}, {0x73, 0x35, 0x00, 0xFF}}},
	{{{-1267, 2171, 4662}, 0, {1328, -935}, {0x73, 0x35, 0x00, 0xFF}}},
	{{{-868, 1308, 2115}, 0, {565, 1259}, {0x00, 0x00, 0x7F, 0xFF}}},
	{{{-837, 1722, 2114}, 0, {1328, 496}, {0x00, 0x00, 0x7F, 0xFF}}},
	{{{-1120, 1722, 2114}, 0, {1328, 2022}, {0x00, 0x00, 0x7F, 0xFF}}},
	{{{-926, 1306, 2114}, 0, {-111, 2022}, {0x00, 0x00, 0x7F, 0xFF}}},
	{{{-1120, 1722, 2394}, 0, {1328, -2557}, {0x00, 0x00, 0x81, 0xFF}}},
	{{{-837, 1722, 2394}, 0, {1328, -1030}, {0x00, 0x00, 0x81, 0xFF}}},
	{{{-868, 1308, 2394}, 0, {565, -1030}, {0x00, 0x00, 0x81, 0xFF}}},
	{{{-929, 1308, 2394}, 0, {-116, -1112}, {0x00, 0x00, 0x81, 0xFF}}},
	{{{-837, 1777, 2449}, 0, {1328, -1030}, {0x00, 0x7F, 0x00, 0xFF}}},
	{{{-837, 1777, 2059}, 0, {1328, 496}, {0x00, 0x7F, 0x00, 0xFF}}},
	{{{-1085, 1777, 2059}, 0, {2854, 496}, {0x00, 0x7F, 0x00, 0xFF}}},
	{{{-1085, 1777, 2449}, 0, {2854, -1030}, {0x00, 0x7F, 0x00, 0xFF}}},
	{{{-837, 1722, 2394}, 0, {1328, -1030}, {0x00, 0x81, 0x00, 0xFF}}},
	{{{-1120, 1722, 2394}, 0, {2854, -1030}, {0x00, 0x81, 0x00, 0xFF}}},
	{{{-1120, 1722, 2114}, 0, {2854, 496}, {0x00, 0x81, 0x00, 0xFF}}},
	{{{-837, 1722, 2114}, 0, {1328, 496}, {0x00, 0x81, 0x00, 0xFF}}},
	{{{-1302, 2116, 5341}, 0, {632, -1030}, {0x8D, 0xCB, 0x00, 0xFF}}},
	{{{-1302, 2116, 5295}, 0, {678, -1024}, {0x8D, 0xCB, 0x00, 0xFF}}},
	{{{-1278, 2063, 5294}, 0, {632, -1017}, {0x8D, 0xCB, 0x00, 0xFF}}},
	{{{-930, 1310, 5341}, 0, {-175, -1030}, {0x8D, 0xCB, 0x00, 0xFF}}},
	{{{-930, 1310, 5290}, 0, {-167, -1016}, {0x8D, 0xCB, 0x00, 0xFF}}},
	{{{-833, 1777, 3193}, 0, {1328, 114}, {0x00, 0x7F, 0x00, 0xFF}}},
	{{{-833, 1777, 2759}, 0, {1328, 496}, {0x00, 0x7F, 0x00, 0xFF}}},
	{{{-1085, 1777, 2759}, 0, {2854, 496}, {0x00, 0x7F, 0x00, 0xFF}}},
	{{{-1072, 1777, 3193}, 0, {2854, 114}, {0x00, 0x7F, 0x00, 0xFF}}},
	{{{-833, 1777, 3918}, 0, {1328, -649}, {0x00, 0x4D, 0x65, 0xFF}}},
	{{{-756, 1991, 3754}, 0, {1328, -458}, {0x00, 0x4D, 0x65, 0xFF}}},
	{{{-1176, 1991, 3754}, 0, {2854, -458}, {0x00, 0x4D, 0x65, 0xFF}}},
	{{{-1072, 1777, 3918}, 0, {2854, -649}, {0x00, 0x4D, 0x65, 0xFF}}},
	{{{-756, 1991, 3356}, 0, {1328, -76}, {0x00, 0x4D, 0x9B, 0xFF}}},
	{{{-833, 1777, 3193}, 0, {1328, 114}, {0x00, 0x4D, 0x9B, 0xFF}}},
	{{{-1072, 1777, 3193}, 0, {2854, 114}, {0x00, 0x4D, 0x9B, 0xFF}}},
	{{{-1176, 1991, 3356}, 0, {2854, -76}, {0x00, 0x4D, 0x9B, 0xFF}}},
	{{{-1302, 2116, 4662}, 0, {1328, -744}, {0x00, 0x81, 0x00, 0xFF}}},
	{{{-2085, 2116, 4662}, 0, {2854, -744}, {0x00, 0x81, 0x00, 0xFF}}},
	{{{-2085, 2116, 4342}, 0, {2854, -716}, {0x00, 0x81, 0x00, 0xFF}}},
	{{{-1301, 2116, 4296}, 0, {1328, -712}, {0x00, 0x81, 0x00, 0xFF}}},
	{{{-1301, 2116, 2784}, 0, {1328, 181}, {0x00, 0x81, 0x00, 0xFF}}},
	{{{-2085, 2116, 2756}, 0, {2854, 183}, {0x00, 0x81, 0x00, 0xFF}}},
	{{{-2085, 2116, 2449}, 0, {2854, 210}, {0x00, 0x81, 0x00, 0xFF}}},
	{{{-1302, 2116, 2449}, 0, {1328, 210}, {0x00, 0x81, 0x00, 0xFF}}},
	{{{-1302, 2116, 2031}, 0, {1328, 386}, {0x00, 0x81, 0x00, 0xFF}}},
	{{{-2085, 2116, 2043}, 0, {2854, 381}, {0x00, 0x81, 0x00, 0xFF}}},
	{{{-1176, 1991, 3356}, 0, {2854, -76}, {0x00, 0x7F, 0x00, 0xFF}}},
	{{{-1176, 1991, 3754}, 0, {2854, -458}, {0x00, 0x7F, 0x00, 0xFF}}},
	{{{-756, 1991, 3754}, 0, {1328, -458}, {0x00, 0x7F, 0x00, 0xFF}}},
	{{{-756, 1991, 3356}, 0, {1328, -76}, {0x00, 0x7F, 0x00, 0xFF}}},
	{{{-1210, 1936, 3383}, 0, {2854, -76}, {0x00, 0x81, 0x00, 0xFF}}},
	{{{-901, 1936, 3383}, 0, {1814, -76}, {0x00, 0x81, 0x00, 0xFF}}},
	{{{-890, 1936, 3727}, 0, {1778, -458}, {0x00, 0x81, 0x00, 0xFF}}},
	{{{-1210, 1936, 3727}, 0, {2854, -458}, {0x00, 0x81, 0x00, 0xFF}}},
	{{{-2085, 2116, 4342}, 0, {2854, -716}, {0x74, 0xCC, 0x00, 0xFF}}},
	{{{-2085, 2116, 4662}, 0, {2854, -744}, {0x74, 0xCC, 0x00, 0xFF}}},
	{{{-2443, 1310, 4662}, 0, {2854, -744}, {0x74, 0xCC, 0x00, 0xFF}}},
	{{{-2444, 1309, 4342}, 0, {2854, -716}, {0x74, 0xCC, 0x00, 0xFF}}},
	{{{-2462, 1269, 4662}, 0, {2854, -744}, {0x74, 0xCC, 0x00, 0xFF}}},
	{{{-2462, 1269, 4342}, 0, {2854, -716}, {0x74, 0xCC, 0x00, 0xFF}}},
	{{{-2462, 1269, 3249}, 0, {2854, -96}, {0x74, 0xCC, 0x00, 0xFF}}},
	{{{-2443, 1310, 3247}, 0, {2854, -95}, {0x74, 0xCC, 0x00, 0xFF}}},
	{{{-2443, 1310, 2756}, 0, {2854, 183}, {0x74, 0xCC, 0x00, 0xFF}}},
	{{{-2462, 1269, 2756}, 0, {2854, 183}, {0x74, 0xCC, 0x00, 0xFF}}},
	{{{-2443, 1310, 2449}, 0, {2854, 210}, {0x74, 0xCC, 0x00, 0xFF}}},
	{{{-2462, 1269, 2449}, 0, {2854, 210}, {0x74, 0xCC, 0x00, 0xFF}}},
	{{{-2085, 2116, 2449}, 0, {2854, 210}, {0x74, 0xCC, 0x00, 0xFF}}},
	{{{-2085, 2116, 2756}, 0, {2854, 183}, {0x74, 0xCC, 0x00, 0xFF}}},
	{{{-2462, 1269, 1770}, 0, {2854, 496}, {0x74, 0xCC, 0x00, 0xFF}}},
	{{{-2085, 2116, 1770}, 0, {2854, 496}, {0x74, 0xCC, 0x00, 0xFF}}},
	{{{-2085, 2116, 2043}, 0, {2854, 458}, {0x74, 0xCC, 0x00, 0xFF}}},
	{{{-2443, 1310, 2034}, 0, {2854, 459}, {0x74, 0xCC, 0x00, 0xFF}}},
	{{{-2443, 1310, 2449}, 0, {2854, 401}, {0x74, 0xCC, 0x00, 0xFF}}},
	{{{-2085, 2116, 2449}, 0, {2854, 401}, {0x74, 0xCC, 0x00, 0xFF}}},
	{{{-2462, 1269, 2449}, 0, {2854, 401}, {0x74, 0xCC, 0x00, 0xFF}}},
	{{{-896, 1722, 3891}, 0, {1683, -649}, {0x00, 0x81, 0x00, 0xFF}}},
	{{{-895, 1722, 4297}, 0, {1661, -1030}, {0x00, 0x81, 0x00, 0xFF}}},
	{{{-1119, 1722, 4297}, 0, {2854, -1030}, {0x00, 0x81, 0x00, 0xFF}}},
	{{{-896, 1722, 3891}, 0, {1683, -649}, {0x00, 0x81, 0x00, 0xFF}}},
	{{{-1119, 1722, 4297}, 0, {2854, -1030}, {0x00, 0x81, 0x00, 0xFF}}},
	{{{-1106, 1722, 3891}, 0, {2854, -649}, {0x00, 0x81, 0x00, 0xFF}}},
	{{{-1302, 2116, 1809}, 0, {1328, 480}, {0x00, 0x81, 0x00, 0xFF}}},
	{{{-1545, 2116, 1817}, 0, {1801, 476}, {0x00, 0x81, 0x00, 0xFF}}},
	{{{-1525, 2116, 1770}, 0, {1762, 496}, {0x00, 0x81, 0x00, 0xFF}}},
	{{{-1302, 2116, 1770}, 0, {1328, 496}, {0x00, 0x81, 0x00, 0xFF}}},
	{{{-931, 1314, 1770}, 0, {-169, 496}, {0x8D, 0xCB, 0x00, 0xFF}}},
	{{{-929, 1310, 1818}, 0, {-167, 483}, {0x8D, 0xCB, 0x00, 0xFF}}},
	{{{-1282, 2072, 1809}, 0, {632, 485}, {0x8D, 0xCB, 0x00, 0xFF}}},
	{{{-1302, 2116, 1770}, 0, {632, 496}, {0x8D, 0xCB, 0x00, 0xFF}}},
	{{{-926, 1306, 4996}, 0, {-137, -935}, {0x8D, 0xCA, 0x00, 0xFF}}},
	{{{-926, 1306, 5080}, 0, {-152, -958}, {0x8D, 0xCA, 0x00, 0xFF}}},
	{{{-1165, 1819, 5081}, 0, {632, -958}, {0x8D, 0xCB, 0x00, 0xFF}}},
	{{{-1120, 1722, 4996}, 0, {632, -935}, {0x8D, 0xCA, 0x00, 0xFF}}},
	{{{-1302, 2116, 5077}, 0, {902, -993}, {0x8D, 0xCB, 0x00, 0xFF}}},
	{{{-1120, 1722, 4717}, 0, {632, -744}, {0x8D, 0xCB, 0x00, 0xFF}}},
	{{{-1302, 2116, 4662}, 0, {1328, -935}, {0x8D, 0xCB, 0x00, 0xFF}}},
	{{{-2462, 1269, 5341}, 0, {2854, -1030}, {0x74, 0xCC, 0x00, 0xFF}}},
	{{{-2085, 2116, 5072}, 0, {2854, -992}, {0x74, 0xCC, 0x00, 0xFF}}},
	{{{-2085, 2116, 5341}, 0, {2854, -1030}, {0x74, 0xCC, 0x00, 0xFF}}},
	{{{-2443, 1312, 5077}, 0, {2854, -993}, {0x74, 0xCC, 0x00, 0xFF}}},
	{{{-2443, 1310, 4662}, 0, {2854, -935}, {0x74, 0xCC, 0x00, 0xFF}}},
	{{{-2462, 1269, 4662}, 0, {2854, -935}, {0x74, 0xCC, 0x00, 0xFF}}},
	{{{-2085, 2116, 4662}, 0, {2854, -935}, {0x74, 0xCC, 0x00, 0xFF}}},
	{{{-1302, 2116, 5077}, 0, {1328, -993}, {0x00, 0x81, 0x00, 0xFF}}},
	{{{-2085, 2116, 5072}, 0, {2854, -992}, {0x00, 0x81, 0x00, 0xFF}}},
	{{{-2085, 2116, 4662}, 0, {2854, -935}, {0x00, 0x81, 0x00, 0xFF}}},
	{{{-1302, 2116, 4662}, 0, {1328, -935}, {0x00, 0x81, 0x00, 0xFF}}},
	{{{-1162, 1812, 2036}, 0, {632, 423}, {0x8D, 0xCB, 0x00, 0xFF}}},
	{{{-928, 1307, 2043}, 0, {-164, 421}, {0x8D, 0xCB, 0x01, 0xFF}}},
	{{{-926, 1306, 2114}, 0, {-151, 401}, {0x8D, 0xCB, 0x01, 0xFF}}},
	{{{-1162, 1812, 2036}, 0, {632, 423}, {0x8D, 0xCB, 0x00, 0xFF}}},
	{{{-926, 1306, 2114}, 0, {-151, 401}, {0x8D, 0xCB, 0x01, 0xFF}}},
	{{{-1120, 1722, 2114}, 0, {632, 401}, {0x8D, 0xCB, 0x01, 0xFF}}},
	{{{-895, 1722, 4297}, 0, {1328, -1364}, {0x00, 0x00, 0x81, 0xFF}}},
	{{{-885, 1306, 4297}, 0, {-152, -1953}, {0x00, 0x00, 0x81, 0xFF}}},
	{{{-926, 1306, 4297}, 0, {-120, -2557}, {0x00, 0x00, 0x81, 0xFF}}},
	{{{-1119, 1722, 4297}, 0, {1328, -2557}, {0x00, 0x00, 0x81, 0xFF}}},
	{{{-890, 1936, 3727}, 0, {1778, -458}, {0x00, 0xB3, 0x9B, 0xFF}}},
	{{{-896, 1722, 3891}, 0, {1683, -649}, {0x00, 0xB3, 0x9B, 0xFF}}},
	{{{-1106, 1722, 3891}, 0, {2854, -649}, {0x00, 0xB3, 0x9B, 0xFF}}},
	{{{-1210, 1936, 3727}, 0, {2854, -458}, {0x00, 0xB3, 0x9B, 0xFF}}},
	{{{-899, 1722, 2814}, 0, {1680, 496}, {0x00, 0x81, 0x00, 0xFF}}},
	{{{-894, 1722, 3220}, 0, {1672, 114}, {0x00, 0x81, 0x00, 0xFF}}},
	{{{-1106, 1722, 3220}, 0, {2854, 114}, {0x00, 0x81, 0x00, 0xFF}}},
	{{{-1119, 1722, 2814}, 0, {2854, 496}, {0x00, 0x81, 0x00, 0xFF}}},
	{{{-894, 1722, 3220}, 0, {1672, 114}, {0x00, 0xB3, 0x65, 0xFF}}},
	{{{-901, 1936, 3383}, 0, {1814, -76}, {0x00, 0xB3, 0x65, 0xFF}}},
	{{{-1210, 1936, 3383}, 0, {2854, -76}, {0x00, 0xB3, 0x65, 0xFF}}},
	{{{-1106, 1722, 3220}, 0, {2854, 114}, {0x00, 0xB3, 0x65, 0xFF}}},
	{{{-885, 1306, 2814}, 0, {-155, 1271}, {0x00, 0x00, 0x7F, 0xFF}}},
	{{{-899, 1722, 2814}, 0, {1328, 849}, {0x00, 0x00, 0x7F, 0xFF}}},
	{{{-1119, 1722, 2814}, 0, {1328, 2022}, {0x00, 0x00, 0x7F, 0xFF}}},
	{{{-926, 1306, 2814}, 0, {-114, 2022}, {0x00, 0x00, 0x7F, 0xFF}}},
	{{{-1709, 2215, 880}, 0, {-1402, -79}, {0xC6, 0x71, 0x00, 0xFF}}},
	{{{-1709, 2215, 600}, 0, {-1402, -256}, {0xC6, 0x71, 0x00, 0xFF}}},
	{{{-1756, 2191, 600}, 0, {-1431, -257}, {0xC6, 0x71, 0x00, 0xFF}}},
	{{{-1756, 2190, 880}, 0, {-1431, -80}, {0xC6, 0x71, 0x00, 0xFF}}},
	{{{-1666, 2604, 600}, 0, {1328, 496}, {0x7F, 0xF9, 0xFD, 0xFF}}},
	{{{-1709, 2215, 600}, 0, {565, 1259}, {0x7E, 0xF3, 0xF9, 0xFF}}},
	{{{-1709, 2215, 545}, 0, {565, 1259}, {0x7E, 0xF3, 0xF9, 0xFF}}},
	{{{-1666, 2659, 545}, 0, {1328, 496}, {0x7F, 0xF9, 0xFD, 0xFF}}},
	{{{-1666, 2604, 880}, 0, {1328, -1030}, {0x7F, 0xF9, 0x03, 0xFF}}},
	{{{-1666, 2659, 545}, 0, {1328, 496}, {0x7F, 0xF9, 0xFD, 0xFF}}},
	{{{-1666, 2659, 935}, 0, {1328, -1030}, {0x7F, 0xF9, 0x03, 0xFF}}},
	{{{-1666, 2604, 880}, 0, {1328, -1030}, {0x7F, 0xF9, 0x03, 0xFF}}},
	{{{-1709, 2215, 880}, 0, {565, -1030}, {0x7E, 0xF3, 0x07, 0xFF}}},
	{{{-1709, 2215, 935}, 0, {565, -1030}, {0x7E, 0xF3, 0x07, 0xFF}}},
	{{{-1821, 2659, 935}, 0, {632, 210}, {0x7A, 0x24, 0x01, 0xFF}}},
	{{{-1821, 2659, 545}, 0, {632, 401}, {0x7A, 0x24, 0xFF, 0xFF}}},
	{{{-1945, 3053, -474}, 0, {1328, 496}, {0x7A, 0x23, 0xFF, 0xFF}}},
	{{{-1910, 2955, 1357}, 0, {853, 210}, {0x7A, 0x25, 0x00, 0xFF}}},
	{{{-1945, 3053, 1383}, 0, {1029, 245}, {0x79, 0x26, 0x00, 0xFF}}},
	{{{-1709, 2215, 545}, 0, {-199, 401}, {0x7B, 0x21, 0xFF, 0xFF}}},
	{{{-1707, 2215, -352}, 0, {-199, 496}, {0x7B, 0x21, 0xFF, 0xFF}}},
	{{{-1945, 3053, -474}, 0, {632, 496}, {0x7A, 0x23, 0xFF, 0xFF}}},
	{{{-1666, 2604, 880}, 0, {1328, -1030}, {0x00, 0x00, 0x81, 0xFF}}},
	{{{-1709, 2215, 880}, 0, {565, -1030}, {0x00, 0x00, 0x81, 0xFF}}},
	{{{-1756, 2190, 880}, 0, {565, -1030}, {0x00, 0x00, 0x81, 0xFF}}},
	{{{-1756, 2604, 880}, 0, {1328, -1030}, {0x00, 0x00, 0x81, 0xFF}}},
	{{{-1709, 2215, 600}, 0, {565, 1259}, {0x00, 0x00, 0x7F, 0xFF}}},
	{{{-1666, 2604, 600}, 0, {1328, 496}, {0x00, 0x00, 0x7F, 0xFF}}},
	{{{-1756, 2604, 600}, 0, {1328, 496}, {0x00, 0x00, 0x7F, 0xFF}}},
	{{{-1756, 2191, 600}, 0, {565, 1259}, {0x00, 0x00, 0x7F, 0xFF}}},
	{{{-1666, 2659, 935}, 0, {1328, -1030}, {0x00, 0x7F, 0x00, 0xFF}}},
	{{{-1666, 2659, 545}, 0, {1328, 496}, {0x00, 0x7F, 0x00, 0xFF}}},
	{{{-1821, 2659, 545}, 0, {2854, 496}, {0x00, 0x7F, 0x00, 0xFF}}},
	{{{-1821, 2659, 935}, 0, {2854, -1030}, {0x00, 0x7F, 0x00, 0xFF}}},
	{{{-1666, 2604, 600}, 0, {1328, 496}, {0x00, 0x81, 0x00, 0xFF}}},
	{{{-1666, 2604, 880}, 0, {1328, -1030}, {0x00, 0x81, 0x00, 0xFF}}},
	{{{-1756, 2604, 880}, 0, {1328, -1030}, {0x00, 0x81, 0x00, 0xFF}}},
	{{{-1756, 2604, 600}, 0, {1328, 496}, {0x00, 0x81, 0x00, 0xFF}}},
	{{{-1910, 2955, 1357}, 0, {632, 180}, {0x7A, 0x25, 0x00, 0xFF}}},
	{{{-1772, 2448, 1323}, 0, {151, 183}, {0x7B, 0x20, 0x02, 0xFF}}},
	{{{-1709, 2215, 935}, 0, {-199, 210}, {0x7B, 0x20, 0x02, 0xFF}}},
	{{{-1772, 2448, 1323}, 0, {151, 183}, {0x7B, 0x20, 0x02, 0xFF}}},
	{{{-1709, 2215, 1338}, 0, {-199, 184}, {0x7B, 0x20, 0x02, 0xFF}}},
	{{{-1709, 2215, 935}, 0, {-199, 210}, {0x7B, 0x20, 0x02, 0xFF}}},
	{{{-2914, 3053, -1442}, 0, {2854, 496}, {0x00, 0x7F, 0x00, 0xFF}}},
	{{{-1945, 3053, 1383}, 0, {1328, 444}, {0x00, 0x7F, 0x00, 0xFF}}},
	{{{-1945, 3053, -474}, 0, {1328, 496}, {0x00, 0x7F, 0x00, 0xFF}}},
	{{{-2017, 3053, 1451}, 0, {1508, 440}, {0x00, 0x7F, 0x00, 0xFF}}},
	{{{-2914, 3053, 1600}, 0, {2854, 435}, {0x00, 0x7F, 0x00, 0xFF}}},
	{{{-2068, 3053, 1585}, 0, {1689, 436}, {0x00, 0x7F, 0x00, 0xFF}}},
	{{{-2914, 3053, 3590}, 0, {2200, 418}, {0x00, 0x7F, 0x00, 0xFF}}},
	{{{-2051, 3053, 1726}, 0, {1528, 435}, {0x00, 0x7F, 0x00, 0xFF}}},
	{{{-1945, 3053, 1844}, 0, {1328, 433}, {0x00, 0x7F, 0x00, 0xFF}}},
	{{{-1945, 3053, 3652}, 0, {1328, 417}, {0x00, 0x7F, 0x00, 0xFF}}},
	{{{-1945, 3053, 5253}, 0, {1602, 401}, {0x00, 0x7F, 0xFF, 0xFF}}},
	{{{-2914, 3053, 4306}, 0, {2854, 401}, {0x00, 0x7F, 0x00, 0xFF}}},
	{{{-1697, 2166, 3652}, 0, {-199, 138}, {0x7A, 0x22, 0x00, 0xFF}}},
	{{{-1843, 2696, 5201}, 0, {632, 115}, {0x7A, 0x22, 0x00, 0xFF}}},
	{{{-1697, 2166, 5198}, 0, {-199, 115}, {0x7A, 0x22, 0x00, 0xFF}}},
	{{{-1945, 3053, 3652}, 0, {466, 136}, {0x7A, 0x22, 0x00, 0xFF}}},
	{{{-1697, 2166, 1910}, 0, {-199, 157}, {0x7A, 0x22, 0x00, 0xFF}}},
	{{{-1850, 2711, 1910}, 0, {312, 156}, {0x7A, 0x22, 0x00, 0xFF}}},
	{{{-1945, 3053, 1844}, 0, {632, 156}, {0x7A, 0x22, 0x00, 0xFF}}},
	{{{-1746, 1461, 477}, 0, {1328, -2557}, {0x00, 0x53, 0x60, 0xFF}}},
	{{{-1078, 1461, 477}, 0, {1328, -1030}, {0x00, 0x53, 0x60, 0xFF}}},
	{{{-1110, 1564, 389}, 0, {1328, -1030}, {0x00, 0x3E, 0x6F, 0xFF}}},
	{{{-1746, 1564, 389}, 0, {1328, -2557}, {0x00, 0x3C, 0x70, 0xFF}}},
	{{{-1127, 1912, 293}, 0, {1328, -1030}, {0x00, 0x22, 0x7A, 0xFF}}},
	{{{-1746, 1912, 293}, 0, {1328, -2557}, {0x00, 0x22, 0x7A, 0xFF}}},
	{{{-2068, 2740, 5526}, 0, {1328, -1030}, {0x00, 0x1A, 0x7C, 0xFF}}},
	{{{-2060, 3058, 5466}, 0, {1328, -1030}, {0xFF, 0x19, 0x7C, 0xFF}}},
	{{{-2914, 3053, 5459}, 0, {1328, -2557}, {0xFF, 0x19, 0x7C, 0xFF}}},
	{{{-2914, 2742, 5527}, 0, {1328, -2557}, {0x00, 0x1A, 0x7C, 0xFF}}},
	{{{-2023, 2214, 5643}, 0, {1328, -1030}, {0x00, 0x1B, 0x7C, 0xFF}}},
	{{{-2068, 2740, 5526}, 0, {1328, -1030}, {0x00, 0x1A, 0x7C, 0xFF}}},
	{{{-2914, 2742, 5527}, 0, {1328, -2557}, {0x00, 0x1A, 0x7C, 0xFF}}},
	{{{-2914, 2215, 5643}, 0, {1328, -2557}, {0x00, 0x1B, 0x7C, 0xFF}}},
	{{{-1113, 2096, 658}, 0, {1960, -606}, {0xCD, 0x65, 0x3A, 0xFF}}},
	{{{-933, 2096, 752}, 0, {1862, -620}, {0xED, 0x65, 0x4B, 0xFF}}},
	{{{-899, 2349, 613}, 0, {1897, -443}, {0xE4, 0x2F, 0x73, 0xFF}}},
	{{{-1018, 2349, 551}, 0, {1962, -434}, {0xB2, 0x2F, 0x58, 0xFF}}},
	{{{-831, 3575, 340}, 0, {1862, 352}, {0x00, 0x7F, 0x00, 0xFF}}},
	{{{-1095, 2349, 440}, 0, {2043, -417}, {0x92, 0x2F, 0x2A, 0xFF}}},
	{{{-1111, 2349, 306}, 0, {2123, -396}, {0x8B, 0x2F, 0xF2, 0xFF}}},
	{{{-1063, 2349, 180}, 0, {2182, -377}, {0x9F, 0x2F, 0xBD, 0xFF}}},
	{{{-1181, 2096, 99}, 0, {2293, -520}, {0xC0, 0x65, 0xD4, 0xFF}}},
	{{{-1253, 2096, 289}, 0, {2203, -549}, {0xB3, 0x65, 0xF7, 0xFF}}},
	{{{-1228, 2096, 490}, 0, {2083, -580}, {0xB8, 0x65, 0x1B, 0xFF}}},
	{{{-482, 2096, 99}, 0, {-842, -1176}, {0x40, 0x65, 0xD4, 0xFF}}},
	{{{-634, 2096, -36}, 0, {-946, -1186}, {0x24, 0x65, 0xBB, 0xFF}}},
	{{{-701, 2349, 91}, 0, {-913, -1008}, {0x37, 0x2F, 0x97, 0xFF}}},
	{{{-600, 2349, 180}, 0, {-845, -1001}, {0x61, 0x2F, 0xBD, 0xFF}}},
	{{{-831, 3575, 340}, 0, {-946, -212}, {0x00, 0x7F, 0x00, 0xFF}}},
	{{{-552, 2349, 306}, 0, {-762, -985}, {0x75, 0x2F, 0xF2, 0xFF}}},
	{{{-568, 2349, 440}, 0, {-684, -964}, {0x6E, 0x2F, 0x2A, 0xFF}}},
	{{{-434, 2096, 490}, 0, {-600, -1119}, {0x48, 0x65, 0x1B, 0xFF}}},
	{{{-410, 2096, 289}, 0, {-717, -1152}, {0x4D, 0x65, 0xF7, 0xFF}}},
	{{{-1029, 2096, -36}, 0, {2371, 2603}, {0xDC, 0x65, 0xBB, 0xFF}}},
	{{{-1181, 2096, 99}, 0, {2268, 2584}, {0xC0, 0x65, 0xD4, 0xFF}}},
	{{{-1063, 2349, 180}, 0, {2301, 2757}, {0x9F, 0x2F, 0xBD, 0xFF}}},
	{{{-962, 2349, 91}, 0, {2369, 2770}, {0xC9, 0x2F, 0x97, 0xFF}}},
	{{{-831, 3575, 340}, 0, {2268, 3549}, {0x00, 0x7F, 0x00, 0xFF}}},
	{{{-831, 2349, 58}, 0, {2452, 2787}, {0x00, 0x2F, 0x8A, 0xFF}}},
	{{{-701, 2349, 91}, 0, {2530, 2805}, {0x37, 0x2F, 0x97, 0xFF}}},
	{{{-634, 2096, -36}, 0, {2614, 2657}, {0x24, 0x65, 0xBB, 0xFF}}},
	{{{-634, 2096, -36}, 0, {2614, 2657}, {0x24, 0x65, 0xBB, 0xFF}}},
	{{{-831, 2096, -85}, 0, {2496, 2629}, {0x00, 0x65, 0xB3, 0xFF}}},
	{{{-831, 2349, 58}, 0, {2452, 2787}, {0x00, 0x2F, 0x8A, 0xFF}}},
	{{{-962, 2349, 91}, 0, {2369, 2770}, {0xC9, 0x2F, 0x97, 0xFF}}},
	{{{-1029, 2096, -36}, 0, {2371, 2603}, {0xDC, 0x65, 0xBB, 0xFF}}},
	{{{-550, 2096, 658}, 0, {2058, 668}, {0x33, 0x65, 0x3A, 0xFF}}},
	{{{-434, 2096, 490}, 0, {1951, 651}, {0x48, 0x65, 0x1B, 0xFF}}},
	{{{-568, 2349, 440}, 0, {1982, 825}, {0x6E, 0x2F, 0x2A, 0xFF}}},
	{{{-645, 2349, 551}, 0, {2053, 837}, {0x4E, 0x2F, 0x58, 0xFF}}},
	{{{-831, 3575, 340}, 0, {1951, 1619}, {0x00, 0x7F, 0x00, 0xFF}}},
	{{{-764, 2349, 613}, 0, {2136, 853}, {0x1C, 0x2F, 0x73, 0xFF}}},
	{{{-899, 2349, 613}, 0, {2213, 872}, {0xE4, 0x2F, 0x73, 0xFF}}},
	{{{-933, 2096, 752}, 0, {2299, 721}, {0xED, 0x65, 0x4B, 0xFF}}},
	{{{-730, 2096, 752}, 0, {2183, 693}, {0x13, 0x65, 0x4B, 0xFF}}},
	{{{-1291, 2054, 22}, 0, {1517, 144}, {0xA0, 0x32, 0xBE, 0xFF}}},
	{{{-1368, 2097, 275}, 0, {1500, 15}, {0x8C, 0x32, 0xF2, 0xFF}}},
	{{{-1276, 2097, 33}, 0, {1489, 134}, {0xA0, 0x32, 0xBE, 0xFF}}},
	{{{-1386, 2054, 273}, 0, {1528, 20}, {0x8C, 0x32, 0xF2, 0xFF}}},
	{{{-1336, 2097, 531}, 0, {1503, -143}, {0x93, 0x32, 0x29, 0xFF}}},
	{{{-1354, 2054, 538}, 0, {1531, -143}, {0x93, 0x32, 0x29, 0xFF}}},
	{{{-1190, 2097, 744}, 0, {1500, -303}, {0xB3, 0x32, 0x57, 0xFF}}},
	{{{-1202, 2054, 758}, 0, {1528, -308}, {0xB3, 0x32, 0x57, 0xFF}}},
	{{{-961, 2097, 864}, 0, {1489, -428}, {0xE4, 0x32, 0x71, 0xFF}}},
	{{{-965, 2054, 882}, 0, {1517, -438}, {0xE4, 0x32, 0x71, 0xFF}}},
	{{{-309, 2054, 538}, 0, {2378, 386}, {0x6D, 0x32, 0x29, 0xFF}}},
	{{{-295, 2097, 275}, 0, {2394, 547}, {0x74, 0x32, 0xF2, 0xFF}}},
	{{{-326, 2097, 531}, 0, {2406, 393}, {0x6D, 0x32, 0x29, 0xFF}}},
	{{{-277, 2054, 273}, 0, {2366, 546}, {0x74, 0x32, 0xF2, 0xFF}}},
	{{{-387, 2097, 33}, 0, {2394, 709}, {0x60, 0x32, 0xBE, 0xFF}}},
	{{{-372, 2054, 22}, 0, {2366, 713}, {0x60, 0x32, 0xBE, 0xFF}}},
	{{{-580, 2097, -138}, 0, {2406, 841}, {0x36, 0x32, 0x99, 0xFF}}},
	{{{-572, 2054, -155}, 0, {2378, 850}, {0x36, 0x32, 0x99, 0xFF}}},
	{{{-1091, 2054, -155}, 0, {-598, 29}, {0xCA, 0x32, 0x99, 0xFF}}},
	{{{-1291, 2054, 22}, 0, {-595, 167}, {0xA0, 0x32, 0xBE, 0xFF}}},
	{{{-1276, 2097, 33}, 0, {-567, 158}, {0xA0, 0x32, 0xBE, 0xFF}}},
	{{{-1082, 2097, -138}, 0, {-571, 24}, {0xCA, 0x32, 0x99, 0xFF}}},
	{{{-831, 2054, -219}, 0, {-598, -139}, {0x00, 0x32, 0x8B, 0xFF}}},
	{{{-831, 2097, -200}, 0, {-571, -138}, {0x00, 0x32, 0x8B, 0xFF}}},
	{{{-572, 2054, -155}, 0, {-595, -298}, {0x36, 0x32, 0x99, 0xFF}}},
	{{{-580, 2097, -138}, 0, {-567, -292}, {0x36, 0x32, 0x99, 0xFF}}},
	{{{-461, 2054, 758}, 0, {2299, 707}, {0x4D, 0x32, 0x57, 0xFF}}},
	{{{-309, 2054, 538}, 0, {2305, 850}, {0x6D, 0x32, 0x29, 0xFF}}},
	{{{-326, 2097, 531}, 0, {2332, 841}, {0x6D, 0x32, 0x29, 0xFF}}},
	{{{-473, 2097, 744}, 0, {2327, 703}, {0x4D, 0x32, 0x57, 0xFF}}},
	{{{-698, 2054, 882}, 0, {2299, 538}, {0x1C, 0x32, 0x71, 0xFF}}},
	{{{-702, 2097, 864}, 0, {2327, 540}, {0x1C, 0x32, 0x71, 0xFF}}},
	{{{-965, 2054, 882}, 0, {2305, 382}, {0xE4, 0x32, 0x71, 0xFF}}},
	{{{-961, 2097, 864}, 0, {2332, 389}, {0xE4, 0x32, 0x71, 0xFF}}},
	{{{0, 3053, -474}, 0, {-1923, -2557}, {0x00, 0x12, 0x7E, 0xFF}}},
	{{{-1945, 3053, -474}, 0, {-2488, -2557}, {0x00, 0x12, 0x7E, 0xFF}}},
	{{{-1707, 2215, -352}, 0, {-2422, -1509}, {0x00, 0x12, 0x7E, 0xFF}}},
	{{{-1597, 2215, -352}, 0, {-2368, -1506}, {0x00, 0x12, 0x7E, 0xFF}}},
	{{{-1620, 2108, -336}, 0, {-2379, -1368}, {0x00, 0x12, 0x7E, 0xFF}}},
	{{{-1746, 1818, -294}, 0, {-2488, -1007}, {0x00, 0x12, 0x7E, 0xFF}}},
	{{{-1746, 2109, -334}, 0, {-2488, -1352}, {0x00, 0x12, 0x7E, 0xFF}}},
	{{{-696, 1818, -294}, 0, {-1804, -1007}, {0x00, 0x12, 0x7E, 0xFF}}},
	{{{0, 1818, -294}, 0, {-1259, -1007}, {0x00, 0x12, 0x7E, 0xFF}}},
	{{{696, 1818, -294}, 0, {-1804, -1007}, {0x00, 0x12, 0x7E, 0xFF}}},
	{{{1746, 1818, -294}, 0, {-2488, -1007}, {0x00, 0x12, 0x7E, 0xFF}}},
	{{{1620, 2108, -336}, 0, {-2379, -1368}, {0x00, 0x12, 0x7E, 0xFF}}},
	{{{1746, 2109, -334}, 0, {-2488, -1352}, {0x00, 0x12, 0x7E, 0xFF}}},
	{{{1597, 2215, -352}, 0, {-2368, -1506}, {0x00, 0x12, 0x7E, 0xFF}}},
	{{{1945, 3053, -474}, 0, {-2488, -2557}, {0x00, 0x12, 0x7E, 0xFF}}},
	{{{1707, 2215, -352}, 0, {-2422, -1509}, {0x00, 0x12, 0x7E, 0xFF}}},
	{{{-1945, 3053, -474}, 0, {-2488, -2557}, {0x00, 0x7F, 0x00, 0xFF}}},
	{{{0, 3053, -1442}, 0, {-1923, -2557}, {0x00, 0x7F, 0x00, 0xFF}}},
	{{{-2914, 3053, -1442}, 0, {-2488, -2557}, {0x00, 0x7F, 0x00, 0xFF}}},
	{{{0, 3053, -474}, 0, {-1923, -2557}, {0x00, 0x7F, 0x00, 0xFF}}},
	{{{1945, 3053, -474}, 0, {-2488, -2557}, {0x00, 0x7F, 0x00, 0xFF}}},
	{{{2914, 3053, -1442}, 0, {-2488, -2557}, {0x00, 0x7F, 0x00, 0xFF}}},
	{{{-2053, 3493, 1938}, 0, {-1696, -1983}, {0xD1, 0x69, 0x35, 0xFF}}},
	{{{-1873, 3493, 2033}, 0, {-1791, -2012}, {0xEF, 0x69, 0x45, 0xFF}}},
	{{{-1839, 3679, 1894}, 0, {-1768, -1871}, {0xE6, 0x41, 0x6A, 0xFF}}},
	{{{-1959, 3679, 1831}, 0, {-1705, -1852}, {0xB8, 0x41, 0x52, 0xFF}}},
	{{{-1772, 4342, 1621}, 0, {-1791, -1420}, {0x00, 0x7F, 0x00, 0xFF}}},
	{{{-2035, 3679, 1720}, 0, {-1627, -1823}, {0x9A, 0x41, 0x27, 0xFF}}},
	{{{-2051, 3679, 1587}, 0, {-1551, -1791}, {0x94, 0x41, 0xF3, 0xFF}}},
	{{{-2004, 3679, 1461}, 0, {-1495, -1763}, {0xA6, 0x41, 0xC2, 0xFF}}},
	{{{-2121, 3493, 1379}, 0, {-1380, -1849}, {0xC6, 0x69, 0xD8, 0xFF}}},
	{{{-2193, 3493, 1569}, 0, {-1464, -1891}, {0xBA, 0x69, 0xF7, 0xFF}}},
	{{{-2169, 3493, 1771}, 0, {-1578, -1940}, {0xBE, 0x69, 0x19, 0xFF}}},
	{{{-1423, 3493, 1379}, 0, {147, -1892}, {0x3A, 0x69, 0xD8, 0xFF}}},
	{{{-1575, 3493, 1245}, 0, {45, -1917}, {0x21, 0x69, 0xC1, 0xFF}}},
	{{{-1641, 3679, 1371}, 0, {67, -1775}, {0x33, 0x41, 0x9F, 0xFF}}},
	{{{-1540, 3679, 1461}, 0, {134, -1759}, {0x5A, 0x41, 0xC2, 0xFF}}},
	{{{-1772, 4342, 1621}, 0, {45, -1322}, {0x00, 0x7F, 0x00, 0xFF}}},
	{{{-1492, 3679, 1587}, 0, {214, -1732}, {0x6C, 0x41, 0xF3, 0xFF}}},
	{{{-1509, 3679, 1720}, 0, {288, -1700}, {0x66, 0x41, 0x27, 0xFF}}},
	{{{-1375, 3493, 1771}, 0, {379, -1803}, {0x42, 0x69, 0x19, 0xFF}}},
	{{{-1350, 3493, 1569}, 0, {267, -1851}, {0x46, 0x69, 0xF7, 0xFF}}},
	{{{-1969, 3493, 1245}, 0, {3090, -150}, {0xDF, 0x69, 0xC1, 0xFF}}},
	{{{-2121, 3493, 1379}, 0, {2989, -119}, {0xC6, 0x69, 0xD8, 0xFF}}},
	{{{-2004, 3679, 1461}, 0, {3087, -22}, {0xA6, 0x41, 0xC2, 0xFF}}},
	{{{-1903, 3679, 1371}, 0, {3154, -42}, {0xCD, 0x41, 0x9F, 0xFF}}},
	{{{-1772, 4342, 1621}, 0, {3329, 352}, {0x00, 0x7F, 0x00, 0xFF}}},
	{{{-1772, 3679, 1339}, 0, {3235, -65}, {0x00, 0x41, 0x93, 0xFF}}},
	{{{-1641, 3679, 1371}, 0, {3313, -85}, {0x33, 0x41, 0x9F, 0xFF}}},
	{{{-1772, 3679, 1339}, 0, {3235, -65}, {0x00, 0x41, 0x93, 0xFF}}},
	{{{-1772, 4342, 1621}, 0, {3329, 352}, {0x00, 0x7F, 0x00, 0xFF}}},
	{{{-1575, 3493, 1245}, 0, {3329, -214}, {0x21, 0x69, 0xC1, 0xFF}}},
	{{{-1772, 3493, 1196}, 0, {3212, -184}, {0x00, 0x69, 0xB9, 0xFF}}},
	{{{-1903, 3679, 1371}, 0, {3154, -42}, {0xCD, 0x41, 0x9F, 0xFF}}},
	{{{-1969, 3493, 1245}, 0, {3090, -150}, {0xDF, 0x69, 0xC1, 0xFF}}},
	{{{-1490, 3493, 1938}, 0, {3062, -1128}, {0x2F, 0x69, 0x35, 0xFF}}},
	{{{-1375, 3493, 1771}, 0, {2959, -1093}, {0x42, 0x69, 0x19, 0xFF}}},
	{{{-1509, 3679, 1720}, 0, {3056, -995}, {0x66, 0x41, 0x27, 0xFF}}},
	{{{-1585, 3679, 1831}, 0, {3124, -1018}, {0x48, 0x41, 0x52, 0xFF}}},
	{{{-1772, 4342, 1621}, 0, {3300, -620}, {0x00, 0x7F, 0x00, 0xFF}}},
	{{{-1705, 3679, 1894}, 0, {3206, -1042}, {0x1A, 0x41, 0x6A, 0xFF}}},
	{{{-1839, 3679, 1894}, 0, {3282, -1062}, {0xE6, 0x41, 0x6A, 0xFF}}},
	{{{-1873, 3493, 2033}, 0, {3300, -1195}, {0xEF, 0x69, 0x45, 0xFF}}},
	{{{-1670, 3493, 2033}, 0, {3185, -1165}, {0x11, 0x69, 0x45, 0xFF}}},
	{{{-2232, 3451, 1303}, 0, {-671, 655}, {0xA0, 0x32, 0xBE, 0xFF}}},
	{{{-2308, 3494, 1555}, 0, {-688, 526}, {0x8C, 0x32, 0xF2, 0xFF}}},
	{{{-2216, 3494, 1314}, 0, {-699, 646}, {0xA0, 0x32, 0xBE, 0xFF}}},
	{{{-2327, 3451, 1553}, 0, {-660, 532}, {0x8C, 0x32, 0xF2, 0xFF}}},
	{{{-2277, 3494, 1812}, 0, {-684, 368}, {0x93, 0x32, 0x29, 0xFF}}},
	{{{-2294, 3451, 1819}, 0, {-656, 368}, {0x93, 0x32, 0x29, 0xFF}}},
	{{{-2130, 3494, 2025}, 0, {-688, 208}, {0xB3, 0x32, 0x57, 0xFF}}},
	{{{-2142, 3451, 2039}, 0, {-660, 203}, {0xB3, 0x32, 0x57, 0xFF}}},
	{{{-1901, 3494, 2145}, 0, {-699, 83}, {0xE4, 0x32, 0x71, 0xFF}}},
	{{{-1906, 3451, 2163}, 0, {-671, 73}, {0xE4, 0x32, 0x71, 0xFF}}},
	{{{-1250, 3451, 1819}, 0, {2419, 386}, {0x6D, 0x32, 0x29, 0xFF}}},
	{{{-1236, 3494, 1555}, 0, {2435, 547}, {0x74, 0x32, 0xF2, 0xFF}}},
	{{{-1267, 3494, 1812}, 0, {2447, 393}, {0x6D, 0x32, 0x29, 0xFF}}},
	{{{-1217, 3451, 1553}, 0, {2406, 546}, {0x74, 0x32, 0xF2, 0xFF}}},
	{{{-1327, 3494, 1314}, 0, {2435, 709}, {0x60, 0x32, 0xBE, 0xFF}}},
	{{{-1312, 3451, 1303}, 0, {2406, 713}, {0x60, 0x32, 0xBE, 0xFF}}},
	{{{-1312, 3451, 1303}, 0, {2406, 713}, {0x60, 0x32, 0xBE, 0xFF}}},
	{{{-1521, 3494, 1142}, 0, {2447, 841}, {0x36, 0x32, 0x99, 0xFF}}},
	{{{-1327, 3494, 1314}, 0, {2435, 709}, {0x60, 0x32, 0xBE, 0xFF}}},
	{{{-1512, 3451, 1126}, 0, {2419, 850}, {0x36, 0x32, 0x99, 0xFF}}},
	{{{-2032, 3451, 1126}, 0, {-598, -436}, {0xCA, 0x32, 0x99, 0xFF}}},
	{{{-2232, 3451, 1303}, 0, {-595, -298}, {0xA0, 0x32, 0xBE, 0xFF}}},
	{{{-2216, 3494, 1314}, 0, {-567, -307}, {0xA0, 0x32, 0xBE, 0xFF}}},
	{{{-2023, 3494, 1142}, 0, {-571, -440}, {0xCA, 0x32, 0x99, 0xFF}}},
	{{{-1772, 3451, 1062}, 0, {-598, -604}, {0x00, 0x32, 0x8B, 0xFF}}},
	{{{-1772, 3494, 1080}, 0, {-571, -603}, {0x00, 0x32, 0x8B, 0xFF}}},
	{{{-1512, 3451, 1126}, 0, {-595, -763}, {0x36, 0x32, 0x99, 0xFF}}},
	{{{-1521, 3494, 1142}, 0, {-567, -756}, {0x36, 0x32, 0x99, 0xFF}}},
	{{{-1401, 3451, 2039}, 0, {2332, 707}, {0x4D, 0x32, 0x57, 0xFF}}},
	{{{-1250, 3451, 1819}, 0, {2338, 850}, {0x6D, 0x32, 0x29, 0xFF}}},
	{{{-1267, 3494, 1812}, 0, {2366, 841}, {0x6D, 0x32, 0x29, 0xFF}}},
	{{{-1414, 3494, 2025}, 0, {2360, 703}, {0x4D, 0x32, 0x57, 0xFF}}},
	{{{-1638, 3451, 2163}, 0, {2332, 538}, {0x1C, 0x32, 0x71, 0xFF}}},
	{{{-1643, 3494, 2145}, 0, {2360, 540}, {0x1C, 0x32, 0x71, 0xFF}}},
	{{{-1906, 3451, 2163}, 0, {2338, 382}, {0xE4, 0x32, 0x71, 0xFF}}},
	{{{-1901, 3494, 2145}, 0, {2366, 389}, {0xE4, 0x32, 0x71, 0xFF}}},
	{{{-756, 1936, 3383}, 0, {1328, -76}, {0x00, 0x81, 0x00, 0xFF}}},
	{{{-756, 1936, 3727}, 0, {1328, -458}, {0x00, 0x81, 0x00, 0xFF}}},
	{{{-833, 1936, 3727}, 0, {1328, -458}, {0x00, 0x81, 0x00, 0xFF}}},
	{{{-833, 1936, 3383}, 0, {1328, -76}, {0x00, 0x81, 0x00, 0xFF}}},
	{{{-2010, 3063, 5320}, 0, {5, -1414}, {0x00, 0x7F, 0xFF, 0xFF}}},
	{{{-1945, 3053, 5253}, 0, {45, -1456}, {0x00, 0x7F, 0xFF, 0xFF}}},
	{{{-2914, 3053, 4306}, 0, {-567, -2056}, {0x00, 0x7F, 0x00, 0xFF}}},
	{{{-2914, 3053, 4926}, 0, {-567, -1664}, {0x00, 0x7F, 0xFF, 0xFF}}},
	{{{-2051, 3064, 5385}, 0, {-21, -1373}, {0xFF, 0x7F, 0x01, 0xFF}}},
	{{{-2914, 3053, 5223}, 0, {-567, -1476}, {0xFF, 0x7F, 0x01, 0xFF}}},
	{{{-2060, 3058, 5466}, 0, {-27, -1322}, {0xFF, 0x7F, 0x02, 0xFF}}},
	{{{-2914, 3053, 5459}, 0, {-567, -1326}, {0xFF, 0x7F, 0x02, 0xFF}}},
	{{{833, 1722, 2814}, 0, {1328, 496}, {0x81, 0x00, 0x00, 0xFF}}},
	{{{833, 1308, 2759}, 0, {-199, 496}, {0x81, 0x00, 0x00, 0xFF}}},
	{{{833, 1308, 2814}, 0, {-199, 496}, {0x81, 0x00, 0x00, 0xFF}}},
	{{{833, 1777, 2759}, 0, {1328, 496}, {0x81, 0x00, 0x00, 0xFF}}},
	{{{833, 1722, 3220}, 0, {1328, 114}, {0x83, 0xF7, 0xEF, 0xFF}}},
	{{{833, 1777, 3193}, 0, {1328, 114}, {0x82, 0xF7, 0xEF, 0xFF}}},
	{{{756, 1936, 3383}, 0, {1328, -76}, {0x82, 0xF7, 0xEF, 0xFF}}},
	{{{756, 1991, 3356}, 0, {1328, -76}, {0x83, 0xF7, 0xEF, 0xFF}}},
	{{{756, 1936, 3727}, 0, {1328, -458}, {0x82, 0xF7, 0x11, 0xFF}}},
	{{{756, 1991, 3754}, 0, {1328, -458}, {0x83, 0xF7, 0x11, 0xFF}}},
	{{{833, 1722, 3891}, 0, {1328, -649}, {0x83, 0xF7, 0x11, 0xFF}}},
	{{{833, 1777, 3918}, 0, {1328, -649}, {0x82, 0xF7, 0x11, 0xFF}}},
	{{{833, 1722, 4297}, 0, {1328, -1030}, {0x81, 0x00, 0x00, 0xFF}}},
	{{{833, 1777, 4352}, 0, {1328, -1030}, {0x81, 0x00, 0x00, 0xFF}}},
	{{{833, 1308, 4307}, 0, {-199, -1030}, {0x81, 0x00, 0x00, 0xFF}}},
	{{{833, 1308, 4352}, 0, {-199, -1030}, {0x81, 0x00, 0x00, 0xFF}}},
	{{{1520, 2171, 5341}, 0, {2099, -1030}, {0x02, 0xFA, 0x7F, 0xFF}}},
	{{{1267, 2171, 5341}, 0, {1328, -1030}, {0x01, 0xFD, 0x7F, 0xFF}}},
	{{{1302, 2116, 5341}, 0, {1328, -1030}, {0x01, 0xFD, 0x7F, 0xFF}}},
	{{{1522, 2171, 5341}, 0, {2105, -1030}, {0x02, 0xFA, 0x7F, 0xFF}}},
	{{{1528, 2117, 5335}, 0, {1767, -1030}, {0x02, 0xFA, 0x7F, 0xFF}}},
	{{{1267, 2171, 1770}, 0, {632, 496}, {0x00, 0x00, 0x81, 0xFF}}},
	{{{931, 1314, 1770}, 0, {-169, 496}, {0x00, 0x00, 0x81, 0xFF}}},
	{{{868, 1308, 1770}, 0, {-199, 496}, {0x00, 0x00, 0x81, 0xFF}}},
	{{{1302, 2116, 1770}, 0, {632, 496}, {0x00, 0x00, 0x81, 0xFF}}},
	{{{1522, 2116, 1770}, 0, {632, 496}, {0x00, 0x00, 0x81, 0xFF}}},
	{{{1521, 2171, 1770}, 0, {632, 496}, {0x00, 0x00, 0x81, 0xFF}}},
	{{{1302, 2116, 5341}, 0, {632, -1030}, {0x01, 0xFD, 0x7F, 0xFF}}},
	{{{1267, 2171, 5341}, 0, {632, -1030}, {0x01, 0xFD, 0x7F, 0xFF}}},
	{{{868, 1308, 5341}, 0, {-199, -1030}, {0x00, 0x00, 0x7F, 0xFF}}},
	{{{930, 1310, 5341}, 0, {-175, -1030}, {0x00, 0x00, 0x7F, 0xFF}}},
	{{{837, 1722, 2114}, 0, {1328, 496}, {0x81, 0xFC, 0xFE, 0xFF}}},
	{{{868, 1308, 2059}, 0, {565, 1259}, {0x81, 0xF7, 0xFC, 0xFF}}},
	{{{868, 1308, 2115}, 0, {565, 1259}, {0x81, 0xF7, 0xFC, 0xFF}}},
	{{{837, 1777, 2059}, 0, {1328, 496}, {0x81, 0xFC, 0xFE, 0xFF}}},
	{{{837, 1722, 2394}, 0, {1328, -1030}, {0x81, 0xFC, 0x02, 0xFF}}},
	{{{837, 1777, 2449}, 0, {1328, -1030}, {0x81, 0xFC, 0x02, 0xFF}}},
	{{{868, 1308, 2394}, 0, {565, -1030}, {0x81, 0xF7, 0x04, 0xFF}}},
	{{{868, 1308, 2449}, 0, {565, -1030}, {0x81, 0xF7, 0x04, 0xFF}}},
	{{{837, 1722, 4717}, 0, {1328, 496}, {0x81, 0xFC, 0xFE, 0xFF}}},
	{{{868, 1308, 4662}, 0, {565, 1259}, {0x81, 0xF7, 0xFC, 0xFF}}},
	{{{868, 1308, 4717}, 0, {565, 1259}, {0x81, 0xF7, 0xFC, 0xFF}}},
	{{{837, 1777, 4662}, 0, {1328, 496}, {0x81, 0xFC, 0xFE, 0xFF}}},
	{{{837, 1722, 4996}, 0, {1328, -1030}, {0x81, 0xFC, 0x02, 0xFF}}},
	{{{837, 1777, 5051}, 0, {1328, -1030}, {0x81, 0xFC, 0x02, 0xFF}}},
	{{{868, 1308, 4996}, 0, {565, -1030}, {0x81, 0xF7, 0x04, 0xFF}}},
	{{{868, 1308, 5051}, 0, {565, -1030}, {0x81, 0xF7, 0x04, 0xFF}}},
	{{{833, 1308, 2759}, 0, {-199, 496}, {0x00, 0x00, 0x81, 0xFF}}},
	{{{833, 1777, 2759}, 0, {1328, 496}, {0x00, 0x00, 0x81, 0xFF}}},
	{{{1085, 1777, 2759}, 0, {1328, 2022}, {0x00, 0x00, 0x81, 0xFF}}},
	{{{868, 1308, 2759}, 0, {-199, 2022}, {0x00, 0x00, 0x81, 0xFF}}},
	{{{868, 1308, 4352}, 0, {-199, -2557}, {0x00, 0x00, 0x7F, 0xFF}}},
	{{{1085, 1777, 4352}, 0, {1328, -2557}, {0x00, 0x00, 0x7F, 0xFF}}},
	{{{833, 1777, 4352}, 0, {1328, -1030}, {0x00, 0x00, 0x7F, 0xFF}}},
	{{{833, 1308, 4352}, 0, {-199, -1030}, {0x00, 0x00, 0x7F, 0xFF}}},
	{{{833, 1777, 4352}, 0, {1328, -1030}, {0x00, 0x7F, 0x00, 0xFF}}},
	{{{1085, 1777, 4352}, 0, {2854, -1030}, {0x00, 0x7F, 0x00, 0xFF}}},
	{{{1072, 1777, 3918}, 0, {2854, -649}, {0x00, 0x7F, 0x00, 0xFF}}},
	{{{833, 1777, 3918}, 0, {1328, -649}, {0x00, 0x7F, 0x00, 0xFF}}},
	{{{868, 1308, 4717}, 0, {565, 1259}, {0x00, 0x00, 0x7F, 0xFF}}},
	{{{926, 1306, 4717}, 0, {-115, 2022}, {0x00, 0x00, 0x7F, 0xFF}}},
	{{{1120, 1722, 4717}, 0, {1328, 2022}, {0x00, 0x00, 0x7F, 0xFF}}},
	{{{837, 1722, 4717}, 0, {1328, 496}, {0x00, 0x00, 0x7F, 0xFF}}},
	{{{1120, 1722, 4996}, 0, {1328, -2557}, {0x00, 0x00, 0x81, 0xFF}}},
	{{{926, 1306, 4996}, 0, {-86, -1143}, {0x00, 0x00, 0x81, 0xFF}}},
	{{{868, 1308, 4996}, 0, {565, -1030}, {0x00, 0x00, 0x81, 0xFF}}},
	{{{837, 1722, 4996}, 0, {1328, -1030}, {0x00, 0x00, 0x81, 0xFF}}},
	{{{837, 1777, 5051}, 0, {1328, -1030}, {0x00, 0x7F, 0x00, 0xFF}}},
	{{{1085, 1777, 5051}, 0, {2854, -1030}, {0x00, 0x7F, 0x00, 0xFF}}},
	{{{1085, 1777, 4662}, 0, {2854, 496}, {0x00, 0x7F, 0x00, 0xFF}}},
	{{{837, 1777, 4662}, 0, {1328, 496}, {0x00, 0x7F, 0x00, 0xFF}}},
	{{{837, 1722, 4996}, 0, {1328, -1030}, {0x00, 0x81, 0x00, 0xFF}}},
	{{{837, 1722, 4717}, 0, {1328, 496}, {0x00, 0x81, 0x00, 0xFF}}},
	{{{1120, 1722, 4717}, 0, {2854, 496}, {0x00, 0x81, 0x00, 0xFF}}},
	{{{1120, 1722, 4996}, 0, {2854, -1030}, {0x00, 0x81, 0x00, 0xFF}}},
	{{{1085, 1777, 2059}, 0, {632, 401}, {0x8D, 0x35, 0x00, 0xFF}}},
	{{{1267, 2171, 2449}, 0, {1328, 210}, {0x8D, 0x35, 0x00, 0xFF}}},
	{{{1267, 2171, 1770}, 0, {1328, 496}, {0x8D, 0x35, 0x00, 0xFF}}},
	{{{1085, 1777, 2449}, 0, {632, 210}, {0x8D, 0x35, 0x00, 0xFF}}},
	{{{1085, 1777, 2759}, 0, {632, 115}, {0x8D, 0x36, 0xFF, 0xFF}}},
	{{{868, 1308, 2759}, 0, {-199, 115}, {0x8D, 0x35, 0x00, 0xFF}}},
	{{{868, 1308, 2449}, 0, {-199, 210}, {0x8D, 0x35, 0x00, 0xFF}}},
	{{{1267, 2171, 2784}, 0, {1328, 181}, {0x8D, 0x36, 0xFF, 0xFF}}},
	{{{1072, 1777, 3193}, 0, {2854, 114}, {0x8D, 0x37, 0xFE, 0xFF}}},
	{{{1176, 1991, 3356}, 0, {2854, -76}, {0x8E, 0x39, 0xFF, 0xFF}}},
	{{{1267, 2171, 4296}, 0, {1328, -712}, {0x8D, 0x36, 0x01, 0xFF}}},
	{{{1176, 1991, 3754}, 0, {2854, -458}, {0x8E, 0x39, 0x01, 0xFF}}},
	{{{1072, 1777, 3918}, 0, {2854, -649}, {0x8D, 0x37, 0x02, 0xFF}}},
	{{{1085, 1777, 4352}, 0, {632, -649}, {0x8D, 0x36, 0x01, 0xFF}}},
	{{{1267, 2171, 4662}, 0, {1328, -744}, {0x8D, 0x35, 0x00, 0xFF}}},
	{{{1085, 1777, 4662}, 0, {632, -744}, {0x8D, 0x35, 0x00, 0xFF}}},
	{{{868, 1308, 4662}, 0, {-199, -744}, {0x8D, 0x35, 0x00, 0xFF}}},
	{{{868, 1308, 4352}, 0, {-199, -649}, {0x8D, 0x35, 0x00, 0xFF}}},
	{{{1120, 1722, 2394}, 0, {632, 210}, {0x73, 0xCB, 0x00, 0xFF}}},
	{{{1120, 1722, 2114}, 0, {632, 401}, {0x73, 0xCB, 0x01, 0xFF}}},
	{{{1162, 1812, 2036}, 0, {791, 423}, {0x73, 0xCB, 0x00, 0xFF}}},
	{{{1302, 2116, 2449}, 0, {1328, 210}, {0x73, 0xCB, 0x00, 0xFF}}},
	{{{1302, 2116, 2031}, 0, {1328, 386}, {0x73, 0xCB, 0x00, 0xFF}}},
	{{{1119, 1722, 2814}, 0, {632, 115}, {0x73, 0xCA, 0x01, 0xFF}}},
	{{{929, 1308, 2394}, 0, {-154, 210}, {0x73, 0xCB, 0x00, 0xFF}}},
	{{{926, 1306, 2814}, 0, {-152, 115}, {0x73, 0xCB, 0x00, 0xFF}}},
	{{{1301, 2116, 2784}, 0, {1328, 181}, {0x73, 0xCA, 0x01, 0xFF}}},
	{{{1106, 1722, 3220}, 0, {2854, 114}, {0x73, 0xCA, 0x02, 0xFF}}},
	{{{1210, 1936, 3383}, 0, {2854, -76}, {0x72, 0xC7, 0x01, 0xFF}}},
	{{{1301, 2116, 4296}, 0, {1328, -712}, {0x73, 0xCA, 0xFF, 0xFF}}},
	{{{1210, 1936, 3727}, 0, {2854, -458}, {0x72, 0xC7, 0xFF, 0xFF}}},
	{{{1106, 1722, 3891}, 0, {2854, -649}, {0x73, 0xC9, 0xFE, 0xFF}}},
	{{{1119, 1722, 4297}, 0, {632, -649}, {0x73, 0xCA, 0xFF, 0xFF}}},
	{{{1302, 2116, 4662}, 0, {1328, -744}, {0x73, 0xCB, 0x00, 0xFF}}},
	{{{1120, 1722, 4717}, 0, {632, -744}, {0x73, 0xCB, 0x00, 0xFF}}},
	{{{926, 1306, 4297}, 0, {-156, -649}, {0x73, 0xCA, 0x00, 0xFF}}},
	{{{926, 1306, 4717}, 0, {-153, -744}, {0x73, 0xCA, 0x00, 0xFF}}},
	{{{1267, 2171, 5341}, 0, {1328, -1030}, {0x00, 0x7F, 0x00, 0xFF}}},
	{{{1520, 2171, 5341}, 0, {2099, -1030}, {0x00, 0x7F, 0x00, 0xFF}}},
	{{{1566, 2171, 5261}, 0, {2239, -1019}, {0x02, 0x7F, 0xFF, 0xFF}}},
	{{{1267, 2171, 4662}, 0, {1328, -935}, {0x01, 0x7F, 0x00, 0xFF}}},
	{{{1697, 2166, 5198}, 0, {2641, -1010}, {0x03, 0x7F, 0xFF, 0xFF}}},
	{{{1302, 2116, 5341}, 0, {1328, -1030}, {0x00, 0x81, 0x02, 0xFF}}},
	{{{1302, 2116, 5295}, 0, {1328, -1024}, {0x00, 0x81, 0x02, 0xFF}}},
	{{{1581, 2116, 5290}, 0, {1872, -1023}, {0x00, 0x81, 0x02, 0xFF}}},
	{{{1528, 2117, 5335}, 0, {1767, -1030}, {0x00, 0x81, 0x02, 0xFF}}},
	{{{1267, 2171, 2784}, 0, {1328, 181}, {0x01, 0x7F, 0x00, 0xFF}}},
	{{{1267, 2171, 4296}, 0, {1328, -712}, {0x01, 0x7F, 0x00, 0xFF}}},
	{{{1697, 2166, 3652}, 0, {2617, -716}, {0x01, 0x7F, 0x00, 0xFF}}},
	{{{1267, 2171, 4662}, 0, {1328, -744}, {0x01, 0x7F, 0x00, 0xFF}}},
	{{{1267, 2171, 4662}, 0, {1328, -744}, {0x01, 0x7F, 0x00, 0xFF}}},
	{{{1697, 2166, 5198}, 0, {2627, -744}, {0x03, 0x7F, 0xFF, 0xFF}}},
	{{{1697, 2166, 3652}, 0, {2617, -716}, {0x01, 0x7F, 0x00, 0xFF}}},
	{{{1267, 2171, 2784}, 0, {1328, 181}, {0x01, 0x7F, 0x00, 0xFF}}},
	{{{1697, 2166, 3652}, 0, {2637, 183}, {0x01, 0x7F, 0x00, 0xFF}}},
	{{{1697, 2171, 1910}, 0, {2854, 210}, {0x00, 0x7F, 0x00, 0xFF}}},
	{{{1267, 2171, 2449}, 0, {1328, 210}, {0x00, 0x7F, 0x00, 0xFF}}},
	{{{1267, 2171, 1770}, 0, {632, 496}, {0x00, 0x7F, 0x00, 0xFF}}},
	{{{1574, 2171, 1844}, 0, {632, 496}, {0x00, 0x7F, 0x00, 0xFF}}},
	{{{1521, 2171, 1770}, 0, {632, 496}, {0x00, 0x7F, 0x00, 0xFF}}},
	{{{868, 1308, 2059}, 0, {-199, 401}, {0x8D, 0x35, 0x00, 0xFF}}},
	{{{1085, 1777, 2059}, 0, {632, 401}, {0x8D, 0x35, 0x00, 0xFF}}},
	{{{1267, 2171, 1770}, 0, {632, 496}, {0x8D, 0x35, 0x00, 0xFF}}},
	{{{868, 1308, 1770}, 0, {-199, 496}, {0x8D, 0x35, 0x00, 0xFF}}},
	{{{868, 1308, 5341}, 0, {-199, -1030}, {0x8D, 0x35, 0x00, 0xFF}}},
	{{{1085, 1777, 5051}, 0, {632, -935}, {0x8D, 0x35, 0x00, 0xFF}}},
	{{{868, 1308, 5051}, 0, {-199, -935}, {0x8D, 0x35, 0x00, 0xFF}}},
	{{{1267, 2171, 5341}, 0, {632, -1030}, {0x8D, 0x35, 0x00, 0xFF}}},
	{{{1085, 1777, 4662}, 0, {632, -744}, {0x8D, 0x35, 0x00, 0xFF}}},
	{{{1267, 2171, 4662}, 0, {1328, -935}, {0x8D, 0x35, 0x00, 0xFF}}},
	{{{868, 1308, 2115}, 0, {565, 1259}, {0x00, 0x00, 0x7F, 0xFF}}},
	{{{926, 1306, 2114}, 0, {-111, 2022}, {0x00, 0x00, 0x7F, 0xFF}}},
	{{{1120, 1722, 2114}, 0, {1328, 2022}, {0x00, 0x00, 0x7F, 0xFF}}},
	{{{837, 1722, 2114}, 0, {1328, 496}, {0x00, 0x00, 0x7F, 0xFF}}},
	{{{1120, 1722, 2394}, 0, {1328, -2557}, {0x00, 0x00, 0x81, 0xFF}}},
	{{{929, 1308, 2394}, 0, {-116, -1112}, {0x00, 0x00, 0x81, 0xFF}}},
	{{{868, 1308, 2394}, 0, {565, -1030}, {0x00, 0x00, 0x81, 0xFF}}},
	{{{837, 1722, 2394}, 0, {1328, -1030}, {0x00, 0x00, 0x81, 0xFF}}},
	{{{837, 1777, 2449}, 0, {1328, -1030}, {0x00, 0x7F, 0x00, 0xFF}}},
	{{{1085, 1777, 2449}, 0, {2854, -1030}, {0x00, 0x7F, 0x00, 0xFF}}},
	{{{1085, 1777, 2059}, 0, {2854, 496}, {0x00, 0x7F, 0x00, 0xFF}}},
	{{{837, 1777, 2059}, 0, {1328, 496}, {0x00, 0x7F, 0x00, 0xFF}}},
	{{{837, 1722, 2394}, 0, {1328, -1030}, {0x00, 0x81, 0x00, 0xFF}}},
	{{{837, 1722, 2114}, 0, {1328, 496}, {0x00, 0x81, 0x00, 0xFF}}},
	{{{1120, 1722, 2114}, 0, {2854, 496}, {0x00, 0x81, 0x00, 0xFF}}},
	{{{1120, 1722, 2394}, 0, {2854, -1030}, {0x00, 0x81, 0x00, 0xFF}}},
	{{{1302, 2116, 5341}, 0, {632, -1030}, {0x73, 0xCB, 0x00, 0xFF}}},
	{{{1278, 2063, 5294}, 0, {632, -1017}, {0x73, 0xCB, 0x00, 0xFF}}},
	{{{1302, 2116, 5295}, 0, {678, -1024}, {0x73, 0xCB, 0x00, 0xFF}}},
	{{{930, 1310, 5341}, 0, {-175, -1030}, {0x73, 0xCB, 0x00, 0xFF}}},
	{{{930, 1310, 5290}, 0, {-167, -1016}, {0x73, 0xCB, 0x00, 0xFF}}},
	{{{833, 1777, 3193}, 0, {1328, 114}, {0x00, 0x7F, 0x00, 0xFF}}},
	{{{1072, 1777, 3193}, 0, {2854, 114}, {0x00, 0x7F, 0x00, 0xFF}}},
	{{{1085, 1777, 2759}, 0, {2854, 496}, {0x00, 0x7F, 0x00, 0xFF}}},
	{{{833, 1777, 2759}, 0, {1328, 496}, {0x00, 0x7F, 0x00, 0xFF}}},
	{{{833, 1777, 3918}, 0, {1328, -649}, {0x00, 0x4D, 0x65, 0xFF}}},
	{{{1072, 1777, 3918}, 0, {2854, -649}, {0x00, 0x4D, 0x65, 0xFF}}},
	{{{1176, 1991, 3754}, 0, {2854, -458}, {0x00, 0x4D, 0x65, 0xFF}}},
	{{{756, 1991, 3754}, 0, {1328, -458}, {0x00, 0x4D, 0x65, 0xFF}}},
	{{{756, 1991, 3356}, 0, {1328, -76}, {0x00, 0x4D, 0x9B, 0xFF}}},
	{{{1176, 1991, 3356}, 0, {2854, -76}, {0x00, 0x4D, 0x9B, 0xFF}}},
	{{{1072, 1777, 3193}, 0, {2854, 114}, {0x00, 0x4D, 0x9B, 0xFF}}},
	{{{833, 1777, 3193}, 0, {1328, 114}, {0x00, 0x4D, 0x9B, 0xFF}}},
	{{{1302, 2116, 4662}, 0, {1328, -744}, {0x00, 0x81, 0x00, 0xFF}}},
	{{{2085, 2116, 4342}, 0, {2854, -716}, {0x00, 0x81, 0x00, 0xFF}}},
	{{{2085, 2116, 4662}, 0, {2854, -744}, {0x00, 0x81, 0x00, 0xFF}}},
	{{{1301, 2116, 4296}, 0, {1328, -712}, {0x00, 0x81, 0x00, 0xFF}}},
	{{{1301, 2116, 2784}, 0, {1328, 181}, {0x00, 0x81, 0x00, 0xFF}}},
	{{{2085, 2116, 2756}, 0, {2854, 183}, {0x00, 0x81, 0x00, 0xFF}}},
	{{{2085, 2116, 2449}, 0, {2854, 210}, {0x00, 0x81, 0x00, 0xFF}}},
	{{{1302, 2116, 2449}, 0, {1328, 210}, {0x00, 0x81, 0x00, 0xFF}}},
	{{{1302, 2116, 2031}, 0, {1328, 386}, {0x00, 0x81, 0x00, 0xFF}}},
	{{{2085, 2116, 2043}, 0, {2854, 381}, {0x00, 0x81, 0x00, 0xFF}}},
	{{{1176, 1991, 3356}, 0, {2854, -76}, {0x00, 0x7F, 0x00, 0xFF}}},
	{{{756, 1991, 3356}, 0, {1328, -76}, {0x00, 0x7F, 0x00, 0xFF}}},
	{{{756, 1991, 3754}, 0, {1328, -458}, {0x00, 0x7F, 0x00, 0xFF}}},
	{{{1176, 1991, 3754}, 0, {2854, -458}, {0x00, 0x7F, 0x00, 0xFF}}},
	{{{1210, 1936, 3383}, 0, {2854, -76}, {0x00, 0x81, 0x00, 0xFF}}},
	{{{1210, 1936, 3727}, 0, {2854, -458}, {0x00, 0x81, 0x00, 0xFF}}},
	{{{890, 1936, 3727}, 0, {1778, -458}, {0x00, 0x81, 0x00, 0xFF}}},
	{{{901, 1936, 3383}, 0, {1814, -76}, {0x00, 0x81, 0x00, 0xFF}}},
	{{{2085, 2116, 4342}, 0, {2854, -716}, {0x8C, 0xCC, 0x00, 0xFF}}},
	{{{2443, 1310, 4662}, 0, {2854, -744}, {0x8C, 0xCC, 0x00, 0xFF}}},
	{{{2085, 2116, 4662}, 0, {2854, -744}, {0x8C, 0xCC, 0x00, 0xFF}}},
	{{{2444, 1309, 4342}, 0, {2854, -716}, {0x8C, 0xCC, 0x00, 0xFF}}},
	{{{2443, 1310, 2756}, 0, {2854, 183}, {0x8C, 0xCC, 0x00, 0xFF}}},
	{{{2085, 2116, 2756}, 0, {2854, 183}, {0x8C, 0xCC, 0x00, 0xFF}}},
	{{{2085, 2116, 2449}, 0, {2854, 210}, {0x8C, 0xCC, 0x00, 0xFF}}},
	{{{2443, 1310, 2449}, 0, {2854, 210}, {0x8C, 0xCC, 0x00, 0xFF}}},
	{{{2462, 1269, 2756}, 0, {2854, 183}, {0x8C, 0xCC, 0x00, 0xFF}}},
	{{{2462, 1269, 2449}, 0, {2854, 210}, {0x8C, 0xCC, 0x00, 0xFF}}},
	{{{2462, 1269, 3249}, 0, {2854, -96}, {0x8C, 0xCC, 0x00, 0xFF}}},
	{{{2443, 1310, 3247}, 0, {2854, -95}, {0x8C, 0xCC, 0x00, 0xFF}}},
	{{{2462, 1269, 4342}, 0, {2854, -716}, {0x8C, 0xCC, 0x00, 0xFF}}},
	{{{2462, 1269, 4662}, 0, {2854, -744}, {0x8C, 0xCC, 0x00, 0xFF}}},
	{{{2085, 2116, 2043}, 0, {2854, 458}, {0x8C, 0xCC, 0x00, 0xFF}}},
	{{{2085, 2116, 1770}, 0, {2854, 496}, {0x8C, 0xCC, 0x00, 0xFF}}},
	{{{2462, 1269, 1770}, 0, {2854, 496}, {0x8C, 0xCC, 0x00, 0xFF}}},
	{{{2443, 1310, 2034}, 0, {2854, 459}, {0x8C, 0xCC, 0x00, 0xFF}}},
	{{{2443, 1310, 2449}, 0, {2854, 401}, {0x8C, 0xCC, 0x00, 0xFF}}},
	{{{2462, 1269, 2449}, 0, {2854, 401}, {0x8C, 0xCC, 0x00, 0xFF}}},
	{{{2085, 2116, 2449}, 0, {2854, 401}, {0x8C, 0xCC, 0x00, 0xFF}}},
	{{{896, 1722, 3891}, 0, {1683, -649}, {0x00, 0x81, 0x00, 0xFF}}},
	{{{1106, 1722, 3891}, 0, {2854, -649}, {0x00, 0x81, 0x00, 0xFF}}},
	{{{1119, 1722, 4297}, 0, {2854, -1030}, {0x00, 0x81, 0x00, 0xFF}}},
	{{{896, 1722, 3891}, 0, {1683, -649}, {0x00, 0x81, 0x00, 0xFF}}},
	{{{1119, 1722, 4297}, 0, {2854, -1030}, {0x00, 0x81, 0x00, 0xFF}}},
	{{{895, 1722, 4297}, 0, {1661, -1030}, {0x00, 0x81, 0x00, 0xFF}}},
	{{{1302, 2116, 1809}, 0, {1328, 480}, {0x00, 0x81, 0x00, 0xFF}}},
	{{{1302, 2116, 1770}, 0, {1328, 496}, {0x00, 0x81, 0x00, 0xFF}}},
	{{{1525, 2116, 1770}, 0, {1762, 496}, {0x00, 0x81, 0x00, 0xFF}}},
	{{{1545, 2116, 1817}, 0, {1801, 476}, {0x00, 0x81, 0x00, 0xFF}}},
	{{{931, 1314, 1770}, 0, {-169, 496}, {0x73, 0xCB, 0x00, 0xFF}}},
	{{{1302, 2116, 1770}, 0, {632, 496}, {0x73, 0xCB, 0x00, 0xFF}}},
	{{{1282, 2072, 1809}, 0, {632, 485}, {0x73, 0xCB, 0x00, 0xFF}}},
	{{{929, 1310, 1818}, 0, {-167, 483}, {0x73, 0xCB, 0x00, 0xFF}}},
	{{{926, 1306, 4996}, 0, {-137, -935}, {0x73, 0xCA, 0x00, 0xFF}}},
	{{{1165, 1819, 5081}, 0, {632, -958}, {0x73, 0xCB, 0x00, 0xFF}}},
	{{{926, 1306, 5080}, 0, {-152, -958}, {0x73, 0xCA, 0x00, 0xFF}}},
	{{{1120, 1722, 4996}, 0, {632, -935}, {0x73, 0xCA, 0x00, 0xFF}}},
	{{{1302, 2116, 5077}, 0, {902, -993}, {0x73, 0xCB, 0x00, 0xFF}}},
	{{{1302, 2116, 4662}, 0, {1328, -935}, {0x73, 0xCB, 0x00, 0xFF}}},
	{{{1120, 1722, 4717}, 0, {632, -744}, {0x73, 0xCB, 0x00, 0xFF}}},
	{{{2462, 1269, 5341}, 0, {2854, -1030}, {0x8C, 0xCC, 0x00, 0xFF}}},
	{{{2085, 2116, 5341}, 0, {2854, -1030}, {0x8C, 0xCC, 0x00, 0xFF}}},
	{{{2085, 2116, 5072}, 0, {2854, -992}, {0x8C, 0xCC, 0x00, 0xFF}}},
	{{{2443, 1312, 5077}, 0, {2854, -993}, {0x8C, 0xCC, 0x00, 0xFF}}},
	{{{2085, 2116, 4662}, 0, {2854, -935}, {0x8C, 0xCC, 0x00, 0xFF}}},
	{{{2443, 1310, 4662}, 0, {2854, -935}, {0x8C, 0xCC, 0x00, 0xFF}}},
	{{{2462, 1269, 4662}, 0, {2854, -935}, {0x8C, 0xCC, 0x00, 0xFF}}},
	{{{1302, 2116, 5077}, 0, {1328, -993}, {0x00, 0x81, 0x00, 0xFF}}},
	{{{1302, 2116, 4662}, 0, {1328, -935}, {0x00, 0x81, 0x00, 0xFF}}},
	{{{2085, 2116, 4662}, 0, {2854, -935}, {0x00, 0x81, 0x00, 0xFF}}},
	{{{2085, 2116, 5072}, 0, {2854, -992}, {0x00, 0x81, 0x00, 0xFF}}},
	{{{1162, 1812, 2036}, 0, {632, 423}, {0x73, 0xCB, 0x00, 0xFF}}},
	{{{1120, 1722, 2114}, 0, {632, 401}, {0x73, 0xCB, 0x01, 0xFF}}},
	{{{926, 1306, 2114}, 0, {-151, 401}, {0x73, 0xCB, 0x01, 0xFF}}},
	{{{1162, 1812, 2036}, 0, {632, 423}, {0x73, 0xCB, 0x00, 0xFF}}},
	{{{926, 1306, 2114}, 0, {-151, 401}, {0x73, 0xCB, 0x01, 0xFF}}},
	{{{928, 1307, 2043}, 0, {-164, 421}, {0x73, 0xCB, 0x01, 0xFF}}},
	{{{895, 1722, 4297}, 0, {1328, -1364}, {0x00, 0x00, 0x81, 0xFF}}},
	{{{1119, 1722, 4297}, 0, {1328, -2557}, {0x00, 0x00, 0x81, 0xFF}}},
	{{{926, 1306, 4297}, 0, {-120, -2557}, {0x00, 0x00, 0x81, 0xFF}}},
	{{{885, 1306, 4297}, 0, {-152, -1953}, {0x00, 0x00, 0x81, 0xFF}}},
	{{{890, 1936, 3727}, 0, {1778, -458}, {0x00, 0xB3, 0x9B, 0xFF}}},
	{{{1210, 1936, 3727}, 0, {2854, -458}, {0x00, 0xB3, 0x9B, 0xFF}}},
	{{{1106, 1722, 3891}, 0, {2854, -649}, {0x00, 0xB3, 0x9B, 0xFF}}},
	{{{896, 1722, 3891}, 0, {1683, -649}, {0x00, 0xB3, 0x9B, 0xFF}}},
	{{{899, 1722, 2814}, 0, {1680, 496}, {0x00, 0x81, 0x00, 0xFF}}},
	{{{1119, 1722, 2814}, 0, {2854, 496}, {0x00, 0x81, 0x00, 0xFF}}},
	{{{1106, 1722, 3220}, 0, {2854, 114}, {0x00, 0x81, 0x00, 0xFF}}},
	{{{894, 1722, 3220}, 0, {1672, 114}, {0x00, 0x81, 0x00, 0xFF}}},
	{{{894, 1722, 3220}, 0, {1672, 114}, {0x00, 0xB3, 0x65, 0xFF}}},
	{{{1106, 1722, 3220}, 0, {2854, 114}, {0x00, 0xB3, 0x65, 0xFF}}},
	{{{1210, 1936, 3383}, 0, {2854, -76}, {0x00, 0xB3, 0x65, 0xFF}}},
	{{{901, 1936, 3383}, 0, {1814, -76}, {0x00, 0xB3, 0x65, 0xFF}}},
	{{{885, 1306, 2814}, 0, {-155, 1271}, {0x00, 0x00, 0x7F, 0xFF}}},
	{{{926, 1306, 2814}, 0, {-114, 2022}, {0x00, 0x00, 0x7F, 0xFF}}},
	{{{1119, 1722, 2814}, 0, {1328, 2022}, {0x00, 0x00, 0x7F, 0xFF}}},
	{{{899, 1722, 2814}, 0, {1328, 849}, {0x00, 0x00, 0x7F, 0xFF}}},
	{{{1709, 2215, 880}, 0, {-1402, -79}, {0x3A, 0x71, 0x00, 0xFF}}},
	{{{1756, 2190, 880}, 0, {-1431, -80}, {0x3A, 0x71, 0x00, 0xFF}}},
	{{{1756, 2191, 600}, 0, {-1431, -257}, {0x3A, 0x71, 0x00, 0xFF}}},
	{{{1709, 2215, 600}, 0, {-1402, -256}, {0x3A, 0x71, 0x00, 0xFF}}},
	{{{1666, 2604, 600}, 0, {1328, 496}, {0x81, 0xF9, 0xFD, 0xFF}}},
	{{{1709, 2215, 545}, 0, {565, 1259}, {0x82, 0xF3, 0xF9, 0xFF}}},
	{{{1709, 2215, 600}, 0, {565, 1259}, {0x82, 0xF3, 0xF9, 0xFF}}},
	{{{1666, 2659, 545}, 0, {1328, 496}, {0x81, 0xF9, 0xFD, 0xFF}}},
	{{{1666, 2604, 880}, 0, {1328, -1030}, {0x81, 0xF9, 0x03, 0xFF}}},
	{{{1666, 2659, 545}, 0, {1328, 496}, {0x81, 0xF9, 0xFD, 0xFF}}},
	{{{1666, 2604, 880}, 0, {1328, -1030}, {0x81, 0xF9, 0x03, 0xFF}}},
	{{{1666, 2659, 935}, 0, {1328, -1030}, {0x81, 0xF9, 0x03, 0xFF}}},
	{{{1709, 2215, 880}, 0, {565, -1030}, {0x82, 0xF3, 0x07, 0xFF}}},
	{{{1709, 2215, 935}, 0, {565, -1030}, {0x82, 0xF3, 0x07, 0xFF}}},
	{{{1945, 3053, -474}, 0, {1328, 496}, {0x86, 0x23, 0xFF, 0xFF}}},
	{{{1821, 2659, 545}, 0, {632, 401}, {0x86, 0x24, 0xFF, 0xFF}}},
	{{{1821, 2659, 935}, 0, {632, 210}, {0x86, 0x24, 0x01, 0xFF}}},
	{{{1945, 3053, 1383}, 0, {1029, 245}, {0x87, 0x26, 0x00, 0xFF}}},
	{{{1910, 2955, 1357}, 0, {853, 210}, {0x86, 0x25, 0x00, 0xFF}}},
	{{{1709, 2215, 545}, 0, {-199, 401}, {0x85, 0x21, 0xFF, 0xFF}}},
	{{{1945, 3053, -474}, 0, {632, 496}, {0x86, 0x23, 0xFF, 0xFF}}},
	{{{1707, 2215, -352}, 0, {-199, 496}, {0x85, 0x21, 0xFF, 0xFF}}},
	{{{1666, 2604, 880}, 0, {1328, -1030}, {0x00, 0x00, 0x81, 0xFF}}},
	{{{1756, 2604, 880}, 0, {1328, -1030}, {0x00, 0x00, 0x81, 0xFF}}},
	{{{1756, 2190, 880}, 0, {565, -1030}, {0x00, 0x00, 0x81, 0xFF}}},
	{{{1709, 2215, 880}, 0, {565, -1030}, {0x00, 0x00, 0x81, 0xFF}}},
	{{{1709, 2215, 600}, 0, {565, 1259}, {0x00, 0x00, 0x7F, 0xFF}}},
	{{{1756, 2191, 600}, 0, {565, 1259}, {0x00, 0x00, 0x7F, 0xFF}}},
	{{{1756, 2604, 600}, 0, {1328, 496}, {0x00, 0x00, 0x7F, 0xFF}}},
	{{{1666, 2604, 600}, 0, {1328, 496}, {0x00, 0x00, 0x7F, 0xFF}}},
	{{{1666, 2659, 935}, 0, {1328, -1030}, {0x00, 0x7F, 0x00, 0xFF}}},
	{{{1821, 2659, 935}, 0, {2854, -1030}, {0x00, 0x7F, 0x00, 0xFF}}},
	{{{1821, 2659, 545}, 0, {2854, 496}, {0x00, 0x7F, 0x00, 0xFF}}},
	{{{1666, 2659, 545}, 0, {1328, 496}, {0x00, 0x7F, 0x00, 0xFF}}},
	{{{1666, 2604, 600}, 0, {1328, 496}, {0x00, 0x81, 0x00, 0xFF}}},
	{{{1756, 2604, 600}, 0, {1328, 496}, {0x00, 0x81, 0x00, 0xFF}}},
	{{{1756, 2604, 880}, 0, {1328, -1030}, {0x00, 0x81, 0x00, 0xFF}}},
	{{{1666, 2604, 880}, 0, {1328, -1030}, {0x00, 0x81, 0x00, 0xFF}}},
	{{{1772, 2448, 1323}, 0, {151, 183}, {0x85, 0x20, 0x02, 0xFF}}},
	{{{1910, 2955, 1357}, 0, {632, 180}, {0x86, 0x25, 0x00, 0xFF}}},
	{{{1709, 2215, 1338}, 0, {-199, 184}, {0x85, 0x20, 0x02, 0xFF}}},
	{{{1821, 2659, 935}, 0, {632, 210}, {0x86, 0x24, 0x01, 0xFF}}},
	{{{1709, 2215, 935}, 0, {-199, 210}, {0x85, 0x20, 0x02, 0xFF}}},
	{{{1709, 2215, 1338}, 0, {-199, 184}, {0x85, 0x20, 0x02, 0xFF}}},
	{{{2914, 3053, -1442}, 0, {2854, 496}, {0x00, 0x7F, 0x00, 0xFF}}},
	{{{1945, 3053, -474}, 0, {1328, 496}, {0x00, 0x7F, 0x00, 0xFF}}},
	{{{1945, 3053, 1383}, 0, {1328, 444}, {0x00, 0x7F, 0x00, 0xFF}}},
	{{{2017, 3053, 1451}, 0, {1508, 440}, {0x00, 0x7F, 0x00, 0xFF}}},
	{{{2914, 3053, 1600}, 0, {2854, 435}, {0x00, 0x7F, 0x00, 0xFF}}},
	{{{2068, 3053, 1585}, 0, {1689, 436}, {0x00, 0x7F, 0x00, 0xFF}}},
	{{{2914, 3053, 3590}, 0, {2200, 418}, {0x00, 0x7F, 0x00, 0xFF}}},
	{{{2051, 3053, 1726}, 0, {1528, 435}, {0x00, 0x7F, 0x00, 0xFF}}},
	{{{1945, 3053, 1844}, 0, {1328, 433}, {0x00, 0x7F, 0x00, 0xFF}}},
	{{{1945, 3053, 3652}, 0, {1328, 417}, {0x00, 0x7F, 0x00, 0xFF}}},
	{{{1945, 3053, 5253}, 0, {1602, 401}, {0x00, 0x7F, 0xFF, 0xFF}}},
	{{{2914, 3053, 4306}, 0, {2854, 401}, {0x00, 0x7F, 0x00, 0xFF}}},
	{{{1697, 2166, 3652}, 0, {-199, 138}, {0x86, 0x22, 0x00, 0xFF}}},
	{{{1697, 2166, 5198}, 0, {-199, 115}, {0x86, 0x22, 0x00, 0xFF}}},
	{{{1843, 2696, 5201}, 0, {632, 115}, {0x86, 0x22, 0x00, 0xFF}}},
	{{{1945, 3053, 3652}, 0, {466, 136}, {0x86, 0x22, 0x00, 0xFF}}},
	{{{1697, 2166, 1910}, 0, {-199, 157}, {0x86, 0x22, 0x00, 0xFF}}},
	{{{1850, 2711, 1910}, 0, {312, 156}, {0x86, 0x22, 0x00, 0xFF}}},
	{{{1945, 3053, 1844}, 0, {632, 156}, {0x86, 0x22, 0x00, 0xFF}}},
	{{{1746, 1461, 477}, 0, {1328, -2557}, {0x00, 0x53, 0x60, 0xFF}}},
	{{{1110, 1564, 389}, 0, {1328, -1030}, {0x00, 0x3E, 0x6F, 0xFF}}},
	{{{1078, 1461, 477}, 0, {1328, -1030}, {0x00, 0x53, 0x60, 0xFF}}},
	{{{1746, 1564, 389}, 0, {1328, -2557}, {0x00, 0x3C, 0x70, 0xFF}}},
	{{{1127, 1912, 293}, 0, {1328, -1030}, {0x00, 0x22, 0x7A, 0xFF}}},
	{{{1746, 1912, 293}, 0, {1328, -2557}, {0x00, 0x22, 0x7A, 0xFF}}},
	{{{2068, 2740, 5526}, 0, {1328, -1030}, {0x00, 0x1A, 0x7C, 0xFF}}},
	{{{2914, 3053, 5459}, 0, {1328, -2557}, {0x01, 0x19, 0x7C, 0xFF}}},
	{{{2060, 3058, 5466}, 0, {1328, -1030}, {0x01, 0x19, 0x7C, 0xFF}}},
	{{{2914, 2742, 5527}, 0, {1328, -2557}, {0x00, 0x1A, 0x7C, 0xFF}}},
	{{{2023, 2214, 5643}, 0, {1328, -1030}, {0x00, 0x1B, 0x7C, 0xFF}}},
	{{{2914, 2742, 5527}, 0, {1328, -2557}, {0x00, 0x1A, 0x7C, 0xFF}}},
	{{{2068, 2740, 5526}, 0, {1328, -1030}, {0x00, 0x1A, 0x7C, 0xFF}}},
	{{{2914, 2215, 5643}, 0, {1328, -2557}, {0x00, 0x1B, 0x7C, 0xFF}}},
	{{{1113, 2096, 658}, 0, {1960, -606}, {0x33, 0x65, 0x3A, 0xFF}}},
	{{{899, 2349, 613}, 0, {1897, -443}, {0x1C, 0x2F, 0x73, 0xFF}}},
	{{{933, 2096, 752}, 0, {1862, -620}, {0x13, 0x65, 0x4B, 0xFF}}},
	{{{1018, 2349, 551}, 0, {1962, -434}, {0x4E, 0x2F, 0x58, 0xFF}}},
	{{{1228, 2096, 490}, 0, {2083, -580}, {0x48, 0x65, 0x1B, 0xFF}}},
	{{{1095, 2349, 440}, 0, {2043, -417}, {0x6E, 0x2F, 0x2A, 0xFF}}},
	{{{1253, 2096, 289}, 0, {2203, -549}, {0x4D, 0x65, 0xF7, 0xFF}}},
	{{{1111, 2349, 306}, 0, {2123, -396}, {0x75, 0x2F, 0xF2, 0xFF}}},
	{{{1181, 2096, 99}, 0, {2293, -520}, {0x40, 0x65, 0xD4, 0xFF}}},
	{{{1063, 2349, 180}, 0, {2182, -377}, {0x61, 0x2F, 0xBD, 0xFF}}},
	{{{831, 3575, 340}, 0, {1862, 352}, {0x00, 0x7F, 0x00, 0xFF}}},
	{{{482, 2096, 99}, 0, {-842, -1176}, {0xC0, 0x65, 0xD4, 0xFF}}},
	{{{701, 2349, 91}, 0, {-913, -1008}, {0xC9, 0x2F, 0x97, 0xFF}}},
	{{{634, 2096, -36}, 0, {-946, -1186}, {0xDC, 0x65, 0xBB, 0xFF}}},
	{{{600, 2349, 180}, 0, {-845, -1001}, {0x9F, 0x2F, 0xBD, 0xFF}}},
	{{{410, 2096, 289}, 0, {-717, -1152}, {0xB3, 0x65, 0xF7, 0xFF}}},
	{{{552, 2349, 306}, 0, {-762, -985}, {0x8B, 0x2F, 0xF2, 0xFF}}},
	{{{434, 2096, 490}, 0, {-600, -1119}, {0xB8, 0x65, 0x1B, 0xFF}}},
	{{{568, 2349, 440}, 0, {-684, -964}, {0x92, 0x2F, 0x2A, 0xFF}}},
	{{{831, 3575, 340}, 0, {-946, -212}, {0x00, 0x7F, 0x00, 0xFF}}},
	{{{1029, 2096, -36}, 0, {2371, 2603}, {0x24, 0x65, 0xBB, 0xFF}}},
	{{{1063, 2349, 180}, 0, {2301, 2757}, {0x61, 0x2F, 0xBD, 0xFF}}},
	{{{1181, 2096, 99}, 0, {2268, 2584}, {0x40, 0x65, 0xD4, 0xFF}}},
	{{{962, 2349, 91}, 0, {2369, 2770}, {0x37, 0x2F, 0x97, 0xFF}}},
	{{{831, 2096, -85}, 0, {2496, 2629}, {0x00, 0x65, 0xB3, 0xFF}}},
	{{{831, 2349, 58}, 0, {2452, 2787}, {0x00, 0x2F, 0x8A, 0xFF}}},
	{{{634, 2096, -36}, 0, {2614, 2657}, {0xDC, 0x65, 0xBB, 0xFF}}},
	{{{701, 2349, 91}, 0, {2530, 2805}, {0xC9, 0x2F, 0x97, 0xFF}}},
	{{{701, 2349, 91}, 0, {2530, 2805}, {0xC9, 0x2F, 0x97, 0xFF}}},
	{{{831, 3575, 340}, 0, {2268, 3549}, {0x00, 0x7F, 0x00, 0xFF}}},
	{{{831, 2349, 58}, 0, {2452, 2787}, {0x00, 0x2F, 0x8A, 0xFF}}},
	{{{962, 2349, 91}, 0, {2369, 2770}, {0x37, 0x2F, 0x97, 0xFF}}},
	{{{1063, 2349, 180}, 0, {2301, 2757}, {0x61, 0x2F, 0xBD, 0xFF}}},
	{{{550, 2096, 658}, 0, {2058, 668}, {0xCD, 0x65, 0x3A, 0xFF}}},
	{{{568, 2349, 440}, 0, {1982, 825}, {0x92, 0x2F, 0x2A, 0xFF}}},
	{{{434, 2096, 490}, 0, {1951, 651}, {0xB8, 0x65, 0x1B, 0xFF}}},
	{{{645, 2349, 551}, 0, {2053, 837}, {0xB2, 0x2F, 0x58, 0xFF}}},
	{{{730, 2096, 752}, 0, {2183, 693}, {0xED, 0x65, 0x4B, 0xFF}}},
	{{{764, 2349, 613}, 0, {2136, 853}, {0xE4, 0x2F, 0x73, 0xFF}}},
	{{{933, 2096, 752}, 0, {2299, 721}, {0x13, 0x65, 0x4B, 0xFF}}},
	{{{899, 2349, 613}, 0, {2213, 872}, {0x1C, 0x2F, 0x73, 0xFF}}},
	{{{831, 3575, 340}, 0, {1951, 1619}, {0x00, 0x7F, 0x00, 0xFF}}},
	{{{1291, 2054, 22}, 0, {1517, 144}, {0x60, 0x32, 0xBE, 0xFF}}},
	{{{1276, 2097, 33}, 0, {1489, 134}, {0x60, 0x32, 0xBE, 0xFF}}},
	{{{1368, 2097, 275}, 0, {1500, 15}, {0x74, 0x32, 0xF2, 0xFF}}},
	{{{1386, 2054, 273}, 0, {1528, 20}, {0x74, 0x32, 0xF2, 0xFF}}},
	{{{1336, 2097, 531}, 0, {1503, -143}, {0x6D, 0x32, 0x29, 0xFF}}},
	{{{1354, 2054, 538}, 0, {1531, -143}, {0x6D, 0x32, 0x29, 0xFF}}},
	{{{1190, 2097, 744}, 0, {1500, -303}, {0x4D, 0x32, 0x57, 0xFF}}},
	{{{1202, 2054, 758}, 0, {1528, -308}, {0x4D, 0x32, 0x57, 0xFF}}},
	{{{961, 2097, 864}, 0, {1489, -428}, {0x1C, 0x32, 0x71, 0xFF}}},
	{{{965, 2054, 882}, 0, {1517, -438}, {0x1C, 0x32, 0x71, 0xFF}}},
	{{{309, 2054, 538}, 0, {2378, 386}, {0x93, 0x32, 0x29, 0xFF}}},
	{{{326, 2097, 531}, 0, {2406, 393}, {0x93, 0x32, 0x29, 0xFF}}},
	{{{295, 2097, 275}, 0, {2394, 547}, {0x8C, 0x32, 0xF2, 0xFF}}},
	{{{277, 2054, 273}, 0, {2366, 546}, {0x8C, 0x32, 0xF2, 0xFF}}},
	{{{387, 2097, 33}, 0, {2394, 709}, {0xA0, 0x32, 0xBE, 0xFF}}},
	{{{372, 2054, 22}, 0, {2366, 713}, {0xA0, 0x32, 0xBE, 0xFF}}},
	{{{580, 2097, -138}, 0, {2406, 841}, {0xCA, 0x32, 0x99, 0xFF}}},
	{{{572, 2054, -155}, 0, {2378, 850}, {0xCA, 0x32, 0x99, 0xFF}}},
	{{{1091, 2054, -155}, 0, {-598, 29}, {0x36, 0x32, 0x99, 0xFF}}},
	{{{1276, 2097, 33}, 0, {-567, 158}, {0x60, 0x32, 0xBE, 0xFF}}},
	{{{1291, 2054, 22}, 0, {-595, 167}, {0x60, 0x32, 0xBE, 0xFF}}},
	{{{1082, 2097, -138}, 0, {-571, 24}, {0x36, 0x32, 0x99, 0xFF}}},
	{{{831, 2054, -219}, 0, {-598, -139}, {0x00, 0x32, 0x8B, 0xFF}}},
	{{{831, 2097, -200}, 0, {-571, -138}, {0x00, 0x32, 0x8B, 0xFF}}},
	{{{572, 2054, -155}, 0, {-595, -298}, {0xCA, 0x32, 0x99, 0xFF}}},
	{{{580, 2097, -138}, 0, {-567, -292}, {0xCA, 0x32, 0x99, 0xFF}}},
	{{{461, 2054, 758}, 0, {2299, 707}, {0xB3, 0x32, 0x57, 0xFF}}},
	{{{326, 2097, 531}, 0, {2332, 841}, {0x93, 0x32, 0x29, 0xFF}}},
	{{{309, 2054, 538}, 0, {2305, 850}, {0x93, 0x32, 0x29, 0xFF}}},
	{{{473, 2097, 744}, 0, {2327, 703}, {0xB3, 0x32, 0x57, 0xFF}}},
	{{{698, 2054, 882}, 0, {2299, 538}, {0xE4, 0x32, 0x71, 0xFF}}},
	{{{702, 2097, 864}, 0, {2327, 540}, {0xE4, 0x32, 0x71, 0xFF}}},
	{{{965, 2054, 882}, 0, {2305, 382}, {0x1C, 0x32, 0x71, 0xFF}}},
	{{{961, 2097, 864}, 0, {2332, 389}, {0x1C, 0x32, 0x71, 0xFF}}},
	{{{2053, 3493, 1938}, 0, {-1696, -1983}, {0x2F, 0x69, 0x35, 0xFF}}},
	{{{1839, 3679, 1894}, 0, {-1768, -1871}, {0x1A, 0x41, 0x6A, 0xFF}}},
	{{{1873, 3493, 2033}, 0, {-1791, -2012}, {0x11, 0x69, 0x45, 0xFF}}},
	{{{1959, 3679, 1831}, 0, {-1705, -1852}, {0x48, 0x41, 0x52, 0xFF}}},
	{{{2169, 3493, 1771}, 0, {-1578, -1940}, {0x42, 0x69, 0x19, 0xFF}}},
	{{{2035, 3679, 1720}, 0, {-1627, -1823}, {0x66, 0x41, 0x27, 0xFF}}},
	{{{2193, 3493, 1569}, 0, {-1464, -1891}, {0x46, 0x69, 0xF7, 0xFF}}},
	{{{2051, 3679, 1587}, 0, {-1551, -1791}, {0x6C, 0x41, 0xF3, 0xFF}}},
	{{{2121, 3493, 1379}, 0, {-1380, -1849}, {0x3A, 0x69, 0xD8, 0xFF}}},
	{{{2004, 3679, 1461}, 0, {-1495, -1763}, {0x5A, 0x41, 0xC2, 0xFF}}},
	{{{1772, 4342, 1621}, 0, {-1791, -1420}, {0x00, 0x7F, 0x00, 0xFF}}},
	{{{1423, 3493, 1379}, 0, {147, -1892}, {0xC6, 0x69, 0xD8, 0xFF}}},
	{{{1641, 3679, 1371}, 0, {67, -1775}, {0xCD, 0x41, 0x9F, 0xFF}}},
	{{{1575, 3493, 1245}, 0, {45, -1917}, {0xDF, 0x69, 0xC1, 0xFF}}},
	{{{1540, 3679, 1461}, 0, {134, -1759}, {0xA6, 0x41, 0xC2, 0xFF}}},
	{{{1350, 3493, 1569}, 0, {267, -1851}, {0xBA, 0x69, 0xF7, 0xFF}}},
	{{{1350, 3493, 1569}, 0, {267, -1851}, {0xBA, 0x69, 0xF7, 0xFF}}},
	{{{1492, 3679, 1587}, 0, {214, -1732}, {0x94, 0x41, 0xF3, 0xFF}}},
	{{{1540, 3679, 1461}, 0, {134, -1759}, {0xA6, 0x41, 0xC2, 0xFF}}},
	{{{1375, 3493, 1771}, 0, {379, -1803}, {0xBE, 0x69, 0x19, 0xFF}}},
	{{{1509, 3679, 1720}, 0, {288, -1700}, {0x9A, 0x41, 0x27, 0xFF}}},
	{{{1772, 4342, 1621}, 0, {45, -1322}, {0x00, 0x7F, 0x00, 0xFF}}},
	{{{1641, 3679, 1371}, 0, {67, -1775}, {0xCD, 0x41, 0x9F, 0xFF}}},
	{{{1969, 3493, 1245}, 0, {3090, -150}, {0x21, 0x69, 0xC1, 0xFF}}},
	{{{2004, 3679, 1461}, 0, {3087, -22}, {0x5A, 0x41, 0xC2, 0xFF}}},
	{{{2121, 3493, 1379}, 0, {2989, -119}, {0x3A, 0x69, 0xD8, 0xFF}}},
	{{{1903, 3679, 1371}, 0, {3154, -42}, {0x33, 0x41, 0x9F, 0xFF}}},
	{{{1772, 3493, 1196}, 0, {3212, -184}, {0x00, 0x69, 0xB9, 0xFF}}},
	{{{1772, 3679, 1339}, 0, {3235, -65}, {0x00, 0x41, 0x93, 0xFF}}},
	{{{1575, 3493, 1245}, 0, {3329, -214}, {0xDF, 0x69, 0xC1, 0xFF}}},
	{{{1641, 3679, 1371}, 0, {3313, -85}, {0xCD, 0x41, 0x9F, 0xFF}}},
	{{{1772, 4342, 1621}, 0, {3329, 352}, {0x00, 0x7F, 0x00, 0xFF}}},
	{{{1490, 3493, 1938}, 0, {3062, -1128}, {0xD1, 0x69, 0x35, 0xFF}}},
	{{{1509, 3679, 1720}, 0, {3056, -995}, {0x9A, 0x41, 0x27, 0xFF}}},
	{{{1375, 3493, 1771}, 0, {2959, -1093}, {0xBE, 0x69, 0x19, 0xFF}}},
	{{{1585, 3679, 1831}, 0, {3124, -1018}, {0xB8, 0x41, 0x52, 0xFF}}},
	{{{1670, 3493, 2033}, 0, {3185, -1165}, {0xEF, 0x69, 0x45, 0xFF}}},
	{{{1705, 3679, 1894}, 0, {3206, -1042}, {0xE6, 0x41, 0x6A, 0xFF}}},
	{{{1873, 3493, 2033}, 0, {3300, -1195}, {0x11, 0x69, 0x45, 0xFF}}},
	{{{1839, 3679, 1894}, 0, {3282, -1062}, {0x1A, 0x41, 0x6A, 0xFF}}},
	{{{1772, 4342, 1621}, 0, {3300, -620}, {0x00, 0x7F, 0x00, 0xFF}}},
	{{{2232, 3451, 1303}, 0, {-671, 655}, {0x60, 0x32, 0xBE, 0xFF}}},
	{{{2216, 3494, 1314}, 0, {-699, 646}, {0x60, 0x32, 0xBE, 0xFF}}},
	{{{2308, 3494, 1555}, 0, {-688, 526}, {0x74, 0x32, 0xF2, 0xFF}}},
	{{{2327, 3451, 1553}, 0, {-660, 532}, {0x74, 0x32, 0xF2, 0xFF}}},
	{{{2277, 3494, 1812}, 0, {-684, 368}, {0x6D, 0x32, 0x29, 0xFF}}},
	{{{2294, 3451, 1819}, 0, {-656, 368}, {0x6D, 0x32, 0x29, 0xFF}}},
	{{{2130, 3494, 2025}, 0, {-688, 208}, {0x4D, 0x32, 0x57, 0xFF}}},
	{{{2294, 3451, 1819}, 0, {-656, 368}, {0x6D, 0x32, 0x29, 0xFF}}},
	{{{2130, 3494, 2025}, 0, {-688, 208}, {0x4D, 0x32, 0x57, 0xFF}}},
	{{{2142, 3451, 2039}, 0, {-660, 203}, {0x4D, 0x32, 0x57, 0xFF}}},
	{{{1901, 3494, 2145}, 0, {-699, 83}, {0x1C, 0x32, 0x71, 0xFF}}},
	{{{1906, 3451, 2163}, 0, {-671, 73}, {0x1C, 0x32, 0x71, 0xFF}}},
	{{{1250, 3451, 1819}, 0, {2419, 386}, {0x93, 0x32, 0x29, 0xFF}}},
	{{{1267, 3494, 1812}, 0, {2447, 393}, {0x93, 0x32, 0x29, 0xFF}}},
	{{{1236, 3494, 1555}, 0, {2435, 547}, {0x8C, 0x32, 0xF2, 0xFF}}},
	{{{1217, 3451, 1553}, 0, {2406, 546}, {0x8C, 0x32, 0xF2, 0xFF}}},
	{{{1327, 3494, 1314}, 0, {2435, 709}, {0xA0, 0x32, 0xBE, 0xFF}}},
	{{{1312, 3451, 1303}, 0, {2406, 713}, {0xA0, 0x32, 0xBE, 0xFF}}},
	{{{1521, 3494, 1142}, 0, {2447, 841}, {0xCA, 0x32, 0x99, 0xFF}}},
	{{{1512, 3451, 1126}, 0, {2419, 850}, {0xCA, 0x32, 0x99, 0xFF}}},
	{{{2032, 3451, 1126}, 0, {-598, -436}, {0x36, 0x32, 0x99, 0xFF}}},
	{{{2216, 3494, 1314}, 0, {-567, -307}, {0x60, 0x32, 0xBE, 0xFF}}},
	{{{2232, 3451, 1303}, 0, {-595, -298}, {0x60, 0x32, 0xBE, 0xFF}}},
	{{{2023, 3494, 1142}, 0, {-571, -440}, {0x36, 0x32, 0x99, 0xFF}}},
	{{{1772, 3451, 1062}, 0, {-598, -604}, {0x00, 0x32, 0x8B, 0xFF}}},
	{{{1772, 3494, 1080}, 0, {-571, -603}, {0x00, 0x32, 0x8B, 0xFF}}},
	{{{1512, 3451, 1126}, 0, {-595, -763}, {0xCA, 0x32, 0x99, 0xFF}}},
	{{{1521, 3494, 1142}, 0, {-567, -756}, {0xCA, 0x32, 0x99, 0xFF}}},
	{{{1401, 3451, 2039}, 0, {2332, 707}, {0xB3, 0x32, 0x57, 0xFF}}},
	{{{1267, 3494, 1812}, 0, {2366, 841}, {0x93, 0x32, 0x29, 0xFF}}},
	{{{1250, 3451, 1819}, 0, {2338, 850}, {0x93, 0x32, 0x29, 0xFF}}},
	{{{1414, 3494, 2025}, 0, {2360, 703}, {0xB3, 0x32, 0x57, 0xFF}}},
	{{{1638, 3451, 2163}, 0, {2332, 538}, {0xE4, 0x32, 0x71, 0xFF}}},
	{{{1643, 3494, 2145}, 0, {2360, 540}, {0xE4, 0x32, 0x71, 0xFF}}},
	{{{1906, 3451, 2163}, 0, {2338, 382}, {0x1C, 0x32, 0x71, 0xFF}}},
	{{{1901, 3494, 2145}, 0, {2366, 389}, {0x1C, 0x32, 0x71, 0xFF}}},
	{{{756, 1936, 3383}, 0, {1328, -76}, {0x00, 0x81, 0x00, 0xFF}}},
	{{{833, 1936, 3383}, 0, {1328, -76}, {0x00, 0x81, 0x00, 0xFF}}},
	{{{833, 1936, 3727}, 0, {1328, -458}, {0x00, 0x81, 0x00, 0xFF}}},
	{{{756, 1936, 3383}, 0, {1328, -76}, {0x00, 0x81, 0x00, 0xFF}}},
	{{{833, 1936, 3727}, 0, {1328, -458}, {0x00, 0x81, 0x00, 0xFF}}},
	{{{756, 1936, 3727}, 0, {1328, -458}, {0x00, 0x81, 0x00, 0xFF}}},
	{{{2010, 3063, 5320}, 0, {5, -1414}, {0x00, 0x7F, 0xFF, 0xFF}}},
	{{{2914, 3053, 4306}, 0, {-567, -2056}, {0x00, 0x7F, 0x00, 0xFF}}},
	{{{1945, 3053, 5253}, 0, {45, -1456}, {0x00, 0x7F, 0xFF, 0xFF}}},
	{{{2914, 3053, 4926}, 0, {-567, -1664}, {0x00, 0x7F, 0xFF, 0xFF}}},
	{{{2051, 3064, 5385}, 0, {-21, -1373}, {0x01, 0x7F, 0x01, 0xFF}}},
	{{{2914, 3053, 5223}, 0, {-567, -1476}, {0x01, 0x7F, 0x01, 0xFF}}},
	{{{2060, 3058, 5466}, 0, {-27, -1322}, {0x01, 0x7F, 0x02, 0xFF}}},
	{{{2914, 3053, 5459}, 0, {-567, -1326}, {0x01, 0x7F, 0x02, 0xFF}}},
	{{{-1191, 2058, 476}, 0, {-1952, -1933}, {0x00, 0x81, 0x00, 0xFF}}},
	{{{-1087, 2058, 628}, 0, {-1898, -1829}, {0x00, 0x81, 0x00, 0xFF}}},
	{{{-1113, 2058, 658}, 0, {-1873, -1835}, {0x14, 0x85, 0xE9, 0xFF}}},
	{{{-933, 2058, 752}, 0, {-1873, -1707}, {0x07, 0x85, 0xE3, 0xFF}}},
	{{{-924, 2058, 714}, 0, {-1898, -1713}, {0x00, 0x81, 0x00, 0xFF}}},
	{{{-730, 2058, 752}, 0, {-1933, -1593}, {0xF9, 0x85, 0xE3, 0xFF}}},
	{{{-739, 2058, 714}, 0, {-1952, -1609}, {0x00, 0x81, 0x00, 0xFF}}},
	{{{-550, 2058, 658}, 0, {-2039, -1520}, {0xEC, 0x85, 0xE9, 0xFF}}},
	{{{-576, 2058, 628}, 0, {-2048, -1543}, {0x00, 0x81, 0x00, 0xFF}}},
	{{{-434, 2058, 490}, 0, {-2167, -1504}, {0xE4, 0x85, 0xF5, 0xFF}}},
	{{{-471, 2058, 476}, 0, {-2164, -1529}, {0x00, 0x81, 0x00, 0xFF}}},
	{{{-410, 2058, 289}, 0, {-2287, -1550}, {0xE2, 0x85, 0x04, 0xFF}}},
	{{{-449, 2058, 293}, 0, {-2273, -1570}, {0x00, 0x81, 0x00, 0xFF}}},
	{{{-482, 2058, 99}, 0, {-2372, -1646}, {0xE7, 0x85, 0x11, 0xFF}}},
	{{{-514, 2058, 121}, 0, {-2350, -1658}, {0x00, 0x81, 0x00, 0xFF}}},
	{{{-634, 2058, -36}, 0, {-2403, -1771}, {0xF2, 0x85, 0x1B, 0xFF}}},
	{{{-652, 2058, -1}, 0, {-2378, -1771}, {0x00, 0x81, 0x00, 0xFF}}},
	{{{-831, 2058, -85}, 0, {-2372, -1896}, {0x00, 0x85, 0x1E, 0xFF}}},
	{{{-831, 2058, -45}, 0, {-2350, -1884}, {0x00, 0x81, 0x00, 0xFF}}},
	{{{-1029, 2058, -36}, 0, {-2287, -1992}, {0x0E, 0x85, 0x1B, 0xFF}}},
	{{{-1010, 2058, -1}, 0, {-2273, -1972}, {0x00, 0x81, 0x00, 0xFF}}},
	{{{-1010, 2058, -1}, 0, {-2273, -1972}, {0x00, 0x81, 0x00, 0xFF}}},
	{{{-1181, 2058, 99}, 0, {-2167, -2038}, {0x19, 0x85, 0x11, 0xFF}}},
	{{{-1029, 2058, -36}, 0, {-2287, -1992}, {0x0E, 0x85, 0x1B, 0xFF}}},
	{{{-1148, 2058, 121}, 0, {-2164, -2013}, {0x00, 0x81, 0x00, 0xFF}}},
	{{{-1253, 2058, 289}, 0, {-2039, -2022}, {0x1E, 0x85, 0x04, 0xFF}}},
	{{{-1214, 2058, 293}, 0, {-2048, -1999}, {0x00, 0x81, 0x00, 0xFF}}},
	{{{-1228, 2058, 490}, 0, {-1933, -1949}, {0x1C, 0x85, 0xF5, 0xFF}}},
	{{{-1191, 2058, 476}, 0, {-1952, -1933}, {0x00, 0x81, 0x00, 0xFF}}},
	{{{-1113, 2058, 658}, 0, {-1873, -1835}, {0x14, 0x85, 0xE9, 0xFF}}},
	{{{-1151, 2033, 701}, 0, {-1838, -1844}, {0x02, 0x81, 0xFE, 0xFF}}},
	{{{-947, 2033, 808}, 0, {-1838, -1698}, {0x01, 0x81, 0xFD, 0xFF}}},
	{{{-933, 2058, 752}, 0, {-1873, -1707}, {0x07, 0x85, 0xE3, 0xFF}}},
	{{{-716, 2033, 808}, 0, {-1906, -1569}, {0xFF, 0x81, 0xFD, 0xFF}}},
	{{{-730, 2058, 752}, 0, {-1933, -1593}, {0xF9, 0x85, 0xE3, 0xFF}}},
	{{{-512, 2033, 701}, 0, {-2026, -1486}, {0xFE, 0x81, 0xFE, 0xFF}}},
	{{{-550, 2058, 658}, 0, {-2039, -1520}, {0xEC, 0x85, 0xE9, 0xFF}}},
	{{{-381, 2033, 511}, 0, {-2171, -1468}, {0xFE, 0x81, 0xFF, 0xFF}}},
	{{{-434, 2058, 490}, 0, {-2167, -1504}, {0xE4, 0x85, 0xF5, 0xFF}}},
	{{{-353, 2033, 282}, 0, {-2308, -1520}, {0xFD, 0x81, 0x00, 0xFF}}},
	{{{-410, 2058, 289}, 0, {-2287, -1550}, {0xE2, 0x85, 0x04, 0xFF}}},
	{{{-435, 2033, 66}, 0, {-2404, -1629}, {0xFE, 0x81, 0x01, 0xFF}}},
	{{{-482, 2058, 99}, 0, {-2372, -1646}, {0xE7, 0x85, 0x11, 0xFF}}},
	{{{-607, 2033, -87}, 0, {-2439, -1771}, {0xFF, 0x81, 0x02, 0xFF}}},
	{{{-634, 2058, -36}, 0, {-2403, -1771}, {0xF2, 0x85, 0x1B, 0xFF}}},
	{{{-831, 2033, -142}, 0, {-2404, -1913}, {0x00, 0x81, 0x03, 0xFF}}},
	{{{-831, 2058, -85}, 0, {-2372, -1896}, {0x00, 0x85, 0x1E, 0xFF}}},
	{{{-1055, 2033, -87}, 0, {-2308, -2022}, {0x01, 0x81, 0x02, 0xFF}}},
	{{{-1228, 2033, 66}, 0, {-2171, -2074}, {0x02, 0x81, 0x01, 0xFF}}},
	{{{-1310, 2033, 282}, 0, {-2026, -2056}, {0x03, 0x81, 0x00, 0xFF}}},
	{{{-1282, 2033, 511}, 0, {-1906, -1973}, {0x02, 0x81, 0xFF, 0xFF}}},
	{{{-1202, 2054, 758}, 0, {-1791, -1856}, {0xE9, 0x86, 0x1A, 0xFF}}},
	{{{-965, 2054, 882}, 0, {-1791, -1686}, {0xF8, 0x86, 0x21, 0xFF}}},
	{{{-947, 2033, 808}, 0, {-1838, -1698}, {0x01, 0x81, 0xFD, 0xFF}}},
	{{{-698, 2054, 882}, 0, {-1869, -1537}, {0x08, 0x86, 0x21, 0xFF}}},
	{{{-965, 2054, 882}, 0, {-1791, -1686}, {0xF8, 0x86, 0x21, 0xFF}}},
	{{{-716, 2033, 808}, 0, {-1906, -1569}, {0xFF, 0x81, 0xFD, 0xFF}}},
	{{{-461, 2054, 758}, 0, {-2009, -1440}, {0x17, 0x86, 0x1A, 0xFF}}},
	{{{-512, 2033, 701}, 0, {-2026, -1486}, {0xFE, 0x81, 0xFE, 0xFF}}},
	{{{-309, 2054, 538}, 0, {-2177, -1420}, {0x20, 0x86, 0x0C, 0xFF}}},
	{{{-381, 2033, 511}, 0, {-2171, -1468}, {0xFE, 0x81, 0xFF, 0xFF}}},
	{{{-277, 2054, 273}, 0, {-2335, -1480}, {0x22, 0x86, 0xFC, 0xFF}}},
	{{{-353, 2033, 282}, 0, {-2308, -1520}, {0xFD, 0x81, 0x00, 0xFF}}},
	{{{-372, 2054, 22}, 0, {-2447, -1607}, {0x1C, 0x86, 0xED, 0xFF}}},
	{{{-435, 2033, 66}, 0, {-2404, -1629}, {0xFE, 0x81, 0x01, 0xFF}}},
	{{{-572, 2054, -155}, 0, {-2488, -1771}, {0x10, 0x86, 0xE2, 0xFF}}},
	{{{-607, 2033, -87}, 0, {-2439, -1771}, {0xFF, 0x81, 0x02, 0xFF}}},
	{{{-831, 2054, -219}, 0, {-2447, -1936}, {0x00, 0x86, 0xDE, 0xFF}}},
	{{{-831, 2033, -142}, 0, {-2404, -1913}, {0x00, 0x81, 0x03, 0xFF}}},
	{{{-1091, 2054, -155}, 0, {-2335, -2062}, {0xF0, 0x86, 0xE2, 0xFF}}},
	{{{-1055, 2033, -87}, 0, {-2308, -2022}, {0x01, 0x81, 0x02, 0xFF}}},
	{{{-1291, 2054, 22}, 0, {-2177, -2122}, {0xE4, 0x86, 0xED, 0xFF}}},
	{{{-1228, 2033, 66}, 0, {-2171, -2074}, {0x02, 0x81, 0x01, 0xFF}}},
	{{{-1386, 2054, 273}, 0, {-2009, -2102}, {0xDE, 0x86, 0xFC, 0xFF}}},
	{{{-1310, 2033, 282}, 0, {-2026, -2056}, {0x03, 0x81, 0x00, 0xFF}}},
	{{{-1354, 2054, 538}, 0, {-1869, -2006}, {0xE0, 0x86, 0x0C, 0xFF}}},
	{{{-1282, 2033, 511}, 0, {-1906, -1973}, {0x02, 0x81, 0xFF, 0xFF}}},
	{{{-1202, 2054, 758}, 0, {-1791, -1856}, {0xE9, 0x86, 0x1A, 0xFF}}},
	{{{-482, 2096, 99}, 0, {1292, -1976}, {0x40, 0x65, 0xD4, 0xFF}}},
	{{{-410, 2096, 289}, 0, {1378, -2072}, {0x4D, 0x65, 0xF7, 0xFF}}},
	{{{-353, 2076, 282}, 0, {1357, -2102}, {0xF9, 0x7F, 0x01, 0xFF}}},
	{{{-381, 2076, 511}, 0, {1493, -2154}, {0xF9, 0x7F, 0xFD, 0xFF}}},
	{{{-434, 2096, 490}, 0, {1498, -2117}, {0x48, 0x65, 0x1B, 0xFF}}},
	{{{-512, 2076, 701}, 0, {1638, -2136}, {0xFB, 0x7F, 0xFB, 0xFF}}},
	{{{-550, 2096, 658}, 0, {1625, -2102}, {0x33, 0x65, 0x3A, 0xFF}}},
	{{{-550, 2096, 658}, 0, {1625, -2102}, {0x33, 0x65, 0x3A, 0xFF}}},
	{{{-716, 2076, 808}, 0, {1758, -2053}, {0xFE, 0x7F, 0xF9, 0xFF}}},
	{{{-512, 2076, 701}, 0, {1638, -2136}, {0xFB, 0x7F, 0xFB, 0xFF}}},
	{{{-730, 2096, 752}, 0, {1731, -2029}, {0x13, 0x65, 0x4B, 0xFF}}},
	{{{-947, 2076, 808}, 0, {1826, -1924}, {0x02, 0x7F, 0xF9, 0xFF}}},
	{{{-933, 2096, 752}, 0, {1791, -1915}, {0xED, 0x65, 0x4B, 0xFF}}},
	{{{-1151, 2076, 701}, 0, {1826, -1778}, {0x05, 0x7F, 0xFB, 0xFF}}},
	{{{-1113, 2096, 658}, 0, {1791, -1786}, {0xCD, 0x65, 0x3A, 0xFF}}},
	{{{-1282, 2076, 511}, 0, {1758, -1648}, {0x07, 0x7F, 0xFD, 0xFF}}},
	{{{-1228, 2096, 490}, 0, {1731, -1672}, {0xB8, 0x65, 0x1B, 0xFF}}},
	{{{-1310, 2076, 282}, 0, {1638, -1566}, {0x07, 0x7F, 0x01, 0xFF}}},
	{{{-1253, 2096, 289}, 0, {1625, -1599}, {0xB3, 0x65, 0xF7, 0xFF}}},
	{{{-1228, 2076, 66}, 0, {1493, -1548}, {0x06, 0x7F, 0x04, 0xFF}}},
	{{{-1181, 2096, 99}, 0, {1498, -1584}, {0xC0, 0x65, 0xD4, 0xFF}}},
	{{{-1055, 2076, -87}, 0, {1357, -1600}, {0x03, 0x7F, 0x06, 0xFF}}},
	{{{-1029, 2096, -36}, 0, {1378, -1629}, {0xDC, 0x65, 0xBB, 0xFF}}},
	{{{-831, 2076, -142}, 0, {1260, -1709}, {0x00, 0x7F, 0x07, 0xFF}}},
	{{{-831, 2096, -85}, 0, {1292, -1726}, {0x00, 0x65, 0xB3, 0xFF}}},
	{{{-607, 2076, -87}, 0, {1225, -1851}, {0xFD, 0x7F, 0x06, 0xFF}}},
	{{{-634, 2096, -36}, 0, {1261, -1851}, {0x24, 0x65, 0xBB, 0xFF}}},
	{{{-435, 2076, 66}, 0, {1260, -1992}, {0xFA, 0x7F, 0x04, 0xFF}}},
	{{{-482, 2096, 99}, 0, {1292, -1976}, {0x40, 0x65, 0xD4, 0xFF}}},
	{{{-353, 2076, 282}, 0, {1357, -2102}, {0xF9, 0x7F, 0x01, 0xFF}}},
	{{{-295, 2097, 275}, 0, {1336, -2132}, {0xD4, 0x77, 0x05, 0xFF}}},
	{{{-326, 2097, 531}, 0, {1489, -2190}, {0xD7, 0x77, 0xF0, 0xFF}}},
	{{{-381, 2076, 511}, 0, {1493, -2154}, {0xF9, 0x7F, 0xFD, 0xFF}}},
	{{{-473, 2097, 744}, 0, {1651, -2170}, {0xE3, 0x77, 0xDF, 0xFF}}},
	{{{-702, 2097, 864}, 0, {1786, -2077}, {0xF6, 0x77, 0xD5, 0xFF}}},
	{{{-961, 2097, 864}, 0, {1862, -1933}, {0x0A, 0x77, 0xD5, 0xFF}}},
	{{{-1190, 2097, 744}, 0, {1862, -1769}, {0x1D, 0x77, 0xDF, 0xFF}}},
	{{{-1336, 2097, 531}, 0, {1786, -1624}, {0x29, 0x77, 0xF0, 0xFF}}},
	{{{-1368, 2097, 275}, 0, {1651, -1531}, {0x2C, 0x77, 0x05, 0xFF}}},
	{{{-1310, 2076, 282}, 0, {1638, -1566}, {0x07, 0x7F, 0x01, 0xFF}}},
	{{{-1276, 2097, 33}, 0, {1489, -1511}, {0x24, 0x77, 0x19, 0xFF}}},
	{{{-1368, 2097, 275}, 0, {1651, -1531}, {0x2C, 0x77, 0x05, 0xFF}}},
	{{{-1228, 2076, 66}, 0, {1493, -1548}, {0x06, 0x7F, 0x04, 0xFF}}},
	{{{-1082, 2097, -138}, 0, {1336, -1569}, {0x14, 0x77, 0x27, 0xFF}}},
	{{{-1055, 2076, -87}, 0, {1357, -1600}, {0x03, 0x7F, 0x06, 0xFF}}},
	{{{-831, 2097, -200}, 0, {1227, -1692}, {0x00, 0x77, 0x2C, 0xFF}}},
	{{{-831, 2076, -142}, 0, {1260, -1709}, {0x00, 0x7F, 0x07, 0xFF}}},
	{{{-580, 2097, -138}, 0, {1188, -1851}, {0xEC, 0x77, 0x27, 0xFF}}},
	{{{-607, 2076, -87}, 0, {1225, -1851}, {0xFD, 0x7F, 0x06, 0xFF}}},
	{{{-387, 2097, 33}, 0, {1227, -2010}, {0xDC, 0x77, 0x19, 0xFF}}},
	{{{-435, 2076, 66}, 0, {1260, -1992}, {0xFA, 0x7F, 0x04, 0xFF}}},
	{{{-295, 2097, 275}, 0, {1336, -2132}, {0xD4, 0x77, 0x05, 0xFF}}},
	{{{-2132, 3455, 1757}, 0, {827, -1436}, {0x00, 0x81, 0x00, 0xFF}}},
	{{{-2027, 3455, 1909}, 0, {711, -1450}, {0x00, 0x81, 0x00, 0xFF}}},
	{{{-2053, 3455, 1938}, 0, {702, -1427}, {0x14, 0x85, 0xE9, 0xFF}}},
	{{{-1873, 3455, 2033}, 0, {596, -1500}, {0x07, 0x85, 0xE3, 0xFF}}},
	{{{-1864, 3455, 1994}, 0, {615, -1517}, {0x00, 0x81, 0x00, 0xFF}}},
	{{{-1670, 3455, 2033}, 0, {536, -1614}, {0xF9, 0x85, 0xE3, 0xFF}}},
	{{{-1680, 3455, 1994}, 0, {561, -1620}, {0x00, 0x81, 0x00, 0xFF}}},
	{{{-1490, 3455, 1938}, 0, {536, -1743}, {0xEC, 0x85, 0xE9, 0xFF}}},
	{{{-1517, 3455, 1909}, 0, {561, -1737}, {0x00, 0x81, 0x00, 0xFF}}},
	{{{-1375, 3455, 1771}, 0, {596, -1857}, {0xE4, 0x85, 0xF5, 0xFF}}},
	{{{-1412, 3455, 1757}, 0, {615, -1840}, {0x00, 0x81, 0x00, 0xFF}}},
	{{{-1350, 3455, 1569}, 0, {702, -1930}, {0xE2, 0x85, 0x04, 0xFF}}},
	{{{-1390, 3455, 1574}, 0, {711, -1906}, {0x00, 0x81, 0x00, 0xFF}}},
	{{{-1423, 3455, 1379}, 0, {830, -1945}, {0xE7, 0x85, 0x11, 0xFF}}},
	{{{-1455, 3455, 1402}, 0, {827, -1920}, {0x00, 0x81, 0x00, 0xFF}}},
	{{{-1575, 3455, 1245}, 0, {950, -1900}, {0xF2, 0x85, 0x1B, 0xFF}}},
	{{{-1593, 3455, 1280}, 0, {936, -1879}, {0x00, 0x81, 0x00, 0xFF}}},
	{{{-1772, 3455, 1196}, 0, {1035, -1803}, {0x00, 0x85, 0x1E, 0xFF}}},
	{{{-1772, 3455, 1236}, 0, {1013, -1792}, {0x00, 0x81, 0x00, 0xFF}}},
	{{{-1772, 3455, 1236}, 0, {1013, -1792}, {0x00, 0x81, 0x00, 0xFF}}},
	{{{-1969, 3455, 1245}, 0, {1066, -1678}, {0x0E, 0x85, 0x1B, 0xFF}}},
	{{{-1772, 3455, 1196}, 0, {1035, -1803}, {0x00, 0x85, 0x1E, 0xFF}}},
	{{{-1951, 3455, 1280}, 0, {1041, -1678}, {0x00, 0x81, 0x00, 0xFF}}},
	{{{-2121, 3455, 1379}, 0, {1035, -1553}, {0x19, 0x85, 0x11, 0xFF}}},
	{{{-2089, 3455, 1402}, 0, {1013, -1565}, {0x00, 0x81, 0x00, 0xFF}}},
	{{{-2193, 3455, 1569}, 0, {950, -1457}, {0x1E, 0x85, 0x04, 0xFF}}},
	{{{-2154, 3455, 1574}, 0, {936, -1478}, {0x00, 0x81, 0x00, 0xFF}}},
	{{{-2169, 3455, 1771}, 0, {830, -1412}, {0x1C, 0x85, 0xF5, 0xFF}}},
	{{{-2132, 3455, 1757}, 0, {827, -1436}, {0x00, 0x81, 0x00, 0xFF}}},
	{{{-2053, 3455, 1938}, 0, {702, -1427}, {0x14, 0x85, 0xE9, 0xFF}}},
	{{{-2091, 3430, 1981}, 0, {689, -1393}, {0x02, 0x81, 0xFE, 0xFF}}},
	{{{-1887, 3430, 2088}, 0, {569, -1476}, {0x01, 0x81, 0xFD, 0xFF}}},
	{{{-1873, 3455, 2033}, 0, {596, -1500}, {0x07, 0x85, 0xE3, 0xFF}}},
	{{{-1657, 3430, 2088}, 0, {501, -1605}, {0xFF, 0x81, 0xFD, 0xFF}}},
	{{{-1670, 3455, 2033}, 0, {536, -1614}, {0xF9, 0x85, 0xE3, 0xFF}}},
	{{{-1452, 3430, 1981}, 0, {501, -1751}, {0xFE, 0x81, 0xFE, 0xFF}}},
	{{{-1490, 3455, 1938}, 0, {536, -1743}, {0xEC, 0x85, 0xE9, 0xFF}}},
	{{{-1321, 3430, 1791}, 0, {569, -1881}, {0xFE, 0x81, 0xFF, 0xFF}}},
	{{{-1375, 3455, 1771}, 0, {596, -1857}, {0xE4, 0x85, 0xF5, 0xFF}}},
	{{{-1294, 3430, 1562}, 0, {689, -1964}, {0xFD, 0x81, 0x00, 0xFF}}},
	{{{-1350, 3455, 1569}, 0, {702, -1930}, {0xE2, 0x85, 0x04, 0xFF}}},
	{{{-1375, 3430, 1347}, 0, {834, -1981}, {0xFE, 0x81, 0x01, 0xFF}}},
	{{{-1423, 3455, 1379}, 0, {830, -1945}, {0xE7, 0x85, 0x11, 0xFF}}},
	{{{-1548, 3430, 1194}, 0, {971, -1929}, {0xFF, 0x81, 0x02, 0xFF}}},
	{{{-1575, 3455, 1245}, 0, {950, -1900}, {0xF2, 0x85, 0x1B, 0xFF}}},
	{{{-1772, 3430, 1139}, 0, {1067, -1820}, {0x00, 0x81, 0x03, 0xFF}}},
	{{{-1996, 3430, 1194}, 0, {1102, -1678}, {0x01, 0x81, 0x02, 0xFF}}},
	{{{-2168, 3430, 1347}, 0, {1067, -1537}, {0x02, 0x81, 0x01, 0xFF}}},
	{{{-2250, 3430, 1562}, 0, {971, -1427}, {0x03, 0x81, 0x00, 0xFF}}},
	{{{-2222, 3430, 1791}, 0, {834, -1375}, {0x02, 0x81, 0xFF, 0xFF}}},
	{{{-2142, 3451, 2039}, 0, {672, -1348}, {0xE9, 0x86, 0x1A, 0xFF}}},
	{{{-2091, 3430, 1981}, 0, {689, -1393}, {0x02, 0x81, 0xFE, 0xFF}}},
	{{{-1906, 3451, 2163}, 0, {533, -1444}, {0xF8, 0x86, 0x21, 0xFF}}},
	{{{-2142, 3451, 2039}, 0, {672, -1348}, {0xE9, 0x86, 0x1A, 0xFF}}},
	{{{-1887, 3430, 2088}, 0, {569, -1476}, {0x01, 0x81, 0xFD, 0xFF}}},
	{{{-1638, 3451, 2163}, 0, {454, -1594}, {0x08, 0x86, 0x21, 0xFF}}},
	{{{-1657, 3430, 2088}, 0, {501, -1605}, {0xFF, 0x81, 0xFD, 0xFF}}},
	{{{-1401, 3451, 2039}, 0, {454, -1763}, {0x17, 0x86, 0x1A, 0xFF}}},
	{{{-1452, 3430, 1981}, 0, {501, -1751}, {0xFE, 0x81, 0xFE, 0xFF}}},
	{{{-1250, 3451, 1819}, 0, {533, -1913}, {0x20, 0x86, 0x0C, 0xFF}}},
	{{{-1321, 3430, 1791}, 0, {569, -1881}, {0xFE, 0x81, 0xFF, 0xFF}}},
	{{{-1217, 3451, 1553}, 0, {672, -2009}, {0x22, 0x86, 0xFC, 0xFF}}},
	{{{-1294, 3430, 1562}, 0, {689, -1964}, {0xFD, 0x81, 0x00, 0xFF}}},
	{{{-1312, 3451, 1303}, 0, {840, -2029}, {0x1C, 0x86, 0xED, 0xFF}}},
	{{{-1375, 3430, 1347}, 0, {834, -1981}, {0xFE, 0x81, 0x01, 0xFF}}},
	{{{-1512, 3451, 1126}, 0, {998, -1969}, {0x10, 0x86, 0xE2, 0xFF}}},
	{{{-1548, 3430, 1194}, 0, {971, -1929}, {0xFF, 0x81, 0x02, 0xFF}}},
	{{{-1772, 3451, 1062}, 0, {1111, -1843}, {0x00, 0x86, 0xDE, 0xFF}}},
	{{{-1772, 3430, 1139}, 0, {1067, -1820}, {0x00, 0x81, 0x03, 0xFF}}},
	{{{-2032, 3451, 1126}, 0, {1151, -1678}, {0xF0, 0x86, 0xE2, 0xFF}}},
	{{{-1996, 3430, 1194}, 0, {1102, -1678}, {0x01, 0x81, 0x02, 0xFF}}},
	{{{-2232, 3451, 1303}, 0, {1111, -1514}, {0xE4, 0x86, 0xED, 0xFF}}},
	{{{-2168, 3430, 1347}, 0, {1067, -1537}, {0x02, 0x81, 0x01, 0xFF}}},
	{{{-2327, 3451, 1553}, 0, {998, -1387}, {0xDE, 0x86, 0xFC, 0xFF}}},
	{{{-2250, 3430, 1562}, 0, {971, -1427}, {0x03, 0x81, 0x00, 0xFF}}},
	{{{-2294, 3451, 1819}, 0, {840, -1327}, {0xE0, 0x86, 0x0C, 0xFF}}},
	{{{-2222, 3430, 1791}, 0, {834, -1375}, {0x02, 0x81, 0xFF, 0xFF}}},
	{{{-1423, 3493, 1379}, 0, {-1029, -2149}, {0x3A, 0x69, 0xD8, 0xFF}}},
	{{{-1350, 3493, 1569}, 0, {-902, -2134}, {0x46, 0x69, 0xF7, 0xFF}}},
	{{{-1294, 3473, 1562}, 0, {-889, -2168}, {0xF9, 0x7F, 0x01, 0xFF}}},
	{{{-1321, 3473, 1791}, 0, {-769, -2085}, {0xF9, 0x7F, 0xFD, 0xFF}}},
	{{{-1375, 3493, 1771}, 0, {-796, -2061}, {0x42, 0x69, 0x19, 0xFF}}},
	{{{-1452, 3473, 1981}, 0, {-701, -1956}, {0xFB, 0x7F, 0xFB, 0xFF}}},
	{{{-1375, 3493, 1771}, 0, {-796, -2061}, {0x42, 0x69, 0x19, 0xFF}}},
	{{{-1490, 3493, 1938}, 0, {-736, -1947}, {0x2F, 0x69, 0x35, 0xFF}}},
	{{{-1452, 3473, 1981}, 0, {-701, -1956}, {0xFB, 0x7F, 0xFB, 0xFF}}},
	{{{-1657, 3473, 2088}, 0, {-701, -1810}, {0xFE, 0x7F, 0xF9, 0xFF}}},
	{{{-1670, 3493, 2033}, 0, {-736, -1818}, {0x11, 0x69, 0x45, 0xFF}}},
	{{{-1887, 3473, 2088}, 0, {-769, -1680}, {0x02, 0x7F, 0xF9, 0xFF}}},
	{{{-1873, 3493, 2033}, 0, {-796, -1704}, {0xEF, 0x69, 0x45, 0xFF}}},
	{{{-2091, 3473, 1981}, 0, {-889, -1598}, {0x05, 0x7F, 0xFB, 0xFF}}},
	{{{-2053, 3493, 1938}, 0, {-902, -1631}, {0xD1, 0x69, 0x35, 0xFF}}},
	{{{-2222, 3473, 1791}, 0, {-1034, -1580}, {0x07, 0x7F, 0xFD, 0xFF}}},
	{{{-2169, 3493, 1771}, 0, {-1029, -1616}, {0xBE, 0x69, 0x19, 0xFF}}},
	{{{-2250, 3473, 1562}, 0, {-1170, -1632}, {0x07, 0x7F, 0x01, 0xFF}}},
	{{{-2193, 3493, 1569}, 0, {-1150, -1661}, {0xBA, 0x69, 0xF7, 0xFF}}},
	{{{-2168, 3473, 1347}, 0, {-1267, -1741}, {0x06, 0x7F, 0x04, 0xFF}}},
	{{{-2121, 3493, 1379}, 0, {-1235, -1758}, {0xC6, 0x69, 0xD8, 0xFF}}},
	{{{-1996, 3473, 1194}, 0, {-1302, -1883}, {0x03, 0x7F, 0x06, 0xFF}}},
	{{{-1969, 3493, 1245}, 0, {-1266, -1882}, {0xDF, 0x69, 0xC1, 0xFF}}},
	{{{-1772, 3473, 1139}, 0, {-1267, -2024}, {0x00, 0x7F, 0x07, 0xFF}}},
	{{{-1772, 3493, 1196}, 0, {-1235, -2007}, {0x00, 0x69, 0xB9, 0xFF}}},
	{{{-1548, 3473, 1194}, 0, {-1170, -2134}, {0xFD, 0x7F, 0x06, 0xFF}}},
	{{{-1575, 3493, 1245}, 0, {-1150, -2104}, {0x21, 0x69, 0xC1, 0xFF}}},
	{{{-1375, 3473, 1347}, 0, {-1034, -2185}, {0xFA, 0x7F, 0x04, 0xFF}}},
	{{{-1423, 3493, 1379}, 0, {-1029, -2149}, {0x3A, 0x69, 0xD8, 0xFF}}},
	{{{-1294, 3473, 1562}, 0, {-889, -2168}, {0xF9, 0x7F, 0x01, 0xFF}}},
	{{{-1236, 3494, 1555}, 0, {-876, -2202}, {0xD4, 0x77, 0x05, 0xFF}}},
	{{{-1267, 3494, 1812}, 0, {-741, -2109}, {0xD7, 0x77, 0xF0, 0xFF}}},
	{{{-1321, 3473, 1791}, 0, {-769, -2085}, {0xF9, 0x7F, 0xFD, 0xFF}}},
	{{{-1414, 3494, 2025}, 0, {-665, -1964}, {0xE3, 0x77, 0xDF, 0xFF}}},
	{{{-1643, 3494, 2145}, 0, {-665, -1801}, {0xF6, 0x77, 0xD5, 0xFF}}},
	{{{-1901, 3494, 2145}, 0, {-741, -1656}, {0x0A, 0x77, 0xD5, 0xFF}}},
	{{{-2130, 3494, 2025}, 0, {-876, -1563}, {0x1D, 0x77, 0xDF, 0xFF}}},
	{{{-2277, 3494, 1812}, 0, {-1038, -1543}, {0x29, 0x77, 0xF0, 0xFF}}},
	{{{-2222, 3473, 1791}, 0, {-1034, -1580}, {0x07, 0x7F, 0xFD, 0xFF}}},
	{{{-2308, 3494, 1555}, 0, {-1191, -1601}, {0x2C, 0x77, 0x05, 0xFF}}},
	{{{-2277, 3494, 1812}, 0, {-1038, -1543}, {0x29, 0x77, 0xF0, 0xFF}}},
	{{{-2250, 3473, 1562}, 0, {-1170, -1632}, {0x07, 0x7F, 0x01, 0xFF}}},
	{{{-2216, 3494, 1314}, 0, {-1300, -1724}, {0x24, 0x77, 0x19, 0xFF}}},
	{{{-2168, 3473, 1347}, 0, {-1267, -1741}, {0x06, 0x7F, 0x04, 0xFF}}},
	{{{-2023, 3494, 1142}, 0, {-1339, -1882}, {0x14, 0x77, 0x27, 0xFF}}},
	{{{-1996, 3473, 1194}, 0, {-1302, -1883}, {0x03, 0x7F, 0x06, 0xFF}}},
	{{{-1772, 3494, 1080}, 0, {-1300, -2041}, {0x00, 0x77, 0x2C, 0xFF}}},
	{{{-1772, 3473, 1139}, 0, {-1267, -2024}, {0x00, 0x7F, 0x07, 0xFF}}},
	{{{-1521, 3494, 1142}, 0, {-1191, -2164}, {0xEC, 0x77, 0x27, 0xFF}}},
	{{{-1548, 3473, 1194}, 0, {-1170, -2134}, {0xFD, 0x7F, 0x06, 0xFF}}},
	{{{-1327, 3494, 1314}, 0, {-1038, -2222}, {0xDC, 0x77, 0x19, 0xFF}}},
	{{{-1375, 3473, 1347}, 0, {-1034, -2185}, {0xFA, 0x7F, 0x04, 0xFF}}},
	{{{-1236, 3494, 1555}, 0, {-876, -2202}, {0xD4, 0x77, 0x05, 0xFF}}},
	{{{1191, 2058, 476}, 0, {-1952, -1933}, {0x00, 0x81, 0x00, 0xFF}}},
	{{{1113, 2058, 658}, 0, {-1873, -1835}, {0xEC, 0x85, 0xE9, 0xFF}}},
	{{{1087, 2058, 628}, 0, {-1898, -1829}, {0x00, 0x81, 0x00, 0xFF}}},
	{{{1228, 2058, 490}, 0, {-1933, -1949}, {0xE4, 0x85, 0xF5, 0xFF}}},
	{{{1214, 2058, 293}, 0, {-2048, -1999}, {0x00, 0x81, 0x00, 0xFF}}},
	{{{1253, 2058, 289}, 0, {-2039, -2022}, {0xE2, 0x85, 0x04, 0xFF}}},
	{{{1148, 2058, 121}, 0, {-2164, -2013}, {0x00, 0x81, 0x00, 0xFF}}},
	{{{1181, 2058, 99}, 0, {-2167, -2038}, {0xE7, 0x85, 0x11, 0xFF}}},
	{{{1010, 2058, -1}, 0, {-2273, -1972}, {0x00, 0x81, 0x00, 0xFF}}},
	{{{1029, 2058, -36}, 0, {-2287, -1992}, {0xF2, 0x85, 0x1B, 0xFF}}},
	{{{831, 2058, -45}, 0, {-2350, -1884}, {0x00, 0x81, 0x00, 0xFF}}},
	{{{831, 2058, -85}, 0, {-2372, -1896}, {0x00, 0x85, 0x1E, 0xFF}}},
	{{{652, 2058, -1}, 0, {-2378, -1771}, {0x00, 0x81, 0x00, 0xFF}}},
	{{{634, 2058, -36}, 0, {-2403, -1771}, {0x0E, 0x85, 0x1B, 0xFF}}},
	{{{514, 2058, 121}, 0, {-2350, -1658}, {0x00, 0x81, 0x00, 0xFF}}},
	{{{482, 2058, 99}, 0, {-2372, -1646}, {0x19, 0x85, 0x11, 0xFF}}},
	{{{449, 2058, 293}, 0, {-2273, -1570}, {0x00, 0x81, 0x00, 0xFF}}},
	{{{449, 2058, 293}, 0, {-2273, -1570}, {0x00, 0x81, 0x00, 0xFF}}},
	{{{410, 2058, 289}, 0, {-2287, -1550}, {0x1E, 0x85, 0x04, 0xFF}}},
	{{{482, 2058, 99}, 0, {-2372, -1646}, {0x19, 0x85, 0x11, 0xFF}}},
	{{{471, 2058, 476}, 0, {-2164, -1529}, {0x00, 0x81, 0x00, 0xFF}}},
	{{{434, 2058, 490}, 0, {-2167, -1504}, {0x1C, 0x85, 0xF5, 0xFF}}},
	{{{576, 2058, 628}, 0, {-2048, -1543}, {0x00, 0x81, 0x00, 0xFF}}},
	{{{550, 2058, 658}, 0, {-2039, -1520}, {0x14, 0x85, 0xE9, 0xFF}}},
	{{{739, 2058, 714}, 0, {-1952, -1609}, {0x00, 0x81, 0x00, 0xFF}}},
	{{{730, 2058, 752}, 0, {-1933, -1593}, {0x07, 0x85, 0xE3, 0xFF}}},
	{{{924, 2058, 714}, 0, {-1898, -1713}, {0x00, 0x81, 0x00, 0xFF}}},
	{{{933, 2058, 752}, 0, {-1873, -1707}, {0xF9, 0x85, 0xE3, 0xFF}}},
	{{{1087, 2058, 628}, 0, {-1898, -1829}, {0x00, 0x81, 0x00, 0xFF}}},
	{{{1113, 2058, 658}, 0, {-1873, -1835}, {0xEC, 0x85, 0xE9, 0xFF}}},
	{{{947, 2033, 808}, 0, {-1838, -1698}, {0xFF, 0x81, 0xFD, 0xFF}}},
	{{{1151, 2033, 701}, 0, {-1838, -1844}, {0xFE, 0x81, 0xFE, 0xFF}}},
	{{{1228, 2058, 490}, 0, {-1933, -1949}, {0xE4, 0x85, 0xF5, 0xFF}}},
	{{{1282, 2033, 511}, 0, {-1906, -1973}, {0xFE, 0x81, 0xFF, 0xFF}}},
	{{{1253, 2058, 289}, 0, {-2039, -2022}, {0xE2, 0x85, 0x04, 0xFF}}},
	{{{1310, 2033, 282}, 0, {-2026, -2056}, {0xFD, 0x81, 0x00, 0xFF}}},
	{{{1181, 2058, 99}, 0, {-2167, -2038}, {0xE7, 0x85, 0x11, 0xFF}}},
	{{{1228, 2033, 66}, 0, {-2171, -2074}, {0xFE, 0x81, 0x01, 0xFF}}},
	{{{1029, 2058, -36}, 0, {-2287, -1992}, {0xF2, 0x85, 0x1B, 0xFF}}},
	{{{1055, 2033, -87}, 0, {-2308, -2022}, {0xFF, 0x81, 0x02, 0xFF}}},
	{{{831, 2058, -85}, 0, {-2372, -1896}, {0x00, 0x85, 0x1E, 0xFF}}},
	{{{831, 2033, -142}, 0, {-2404, -1913}, {0x00, 0x81, 0x03, 0xFF}}},
	{{{634, 2058, -36}, 0, {-2403, -1771}, {0x0E, 0x85, 0x1B, 0xFF}}},
	{{{607, 2033, -87}, 0, {-2439, -1771}, {0x01, 0x81, 0x02, 0xFF}}},
	{{{435, 2033, 66}, 0, {-2404, -1629}, {0x02, 0x81, 0x01, 0xFF}}},
	{{{353, 2033, 282}, 0, {-2308, -1520}, {0x03, 0x81, 0x00, 0xFF}}},
	{{{381, 2033, 511}, 0, {-2171, -1468}, {0x02, 0x81, 0xFF, 0xFF}}},
	{{{512, 2033, 701}, 0, {-2026, -1486}, {0x02, 0x81, 0xFE, 0xFF}}},
	{{{716, 2033, 808}, 0, {-1906, -1569}, {0x01, 0x81, 0xFD, 0xFF}}},
	{{{947, 2033, 808}, 0, {-1838, -1698}, {0xFF, 0x81, 0xFD, 0xFF}}},
	{{{698, 2054, 882}, 0, {-1869, -1537}, {0xF8, 0x86, 0x21, 0xFF}}},
	{{{716, 2033, 808}, 0, {-1906, -1569}, {0x01, 0x81, 0xFD, 0xFF}}},
	{{{965, 2054, 882}, 0, {-1791, -1686}, {0x08, 0x86, 0x21, 0xFF}}},
	{{{1151, 2033, 701}, 0, {-1838, -1844}, {0xFE, 0x81, 0xFE, 0xFF}}},
	{{{1202, 2054, 758}, 0, {-1791, -1856}, {0x17, 0x86, 0x1A, 0xFF}}},
	{{{1282, 2033, 511}, 0, {-1906, -1973}, {0xFE, 0x81, 0xFF, 0xFF}}},
	{{{1354, 2054, 538}, 0, {-1869, -2006}, {0x20, 0x86, 0x0C, 0xFF}}},
	{{{1310, 2033, 282}, 0, {-2026, -2056}, {0xFD, 0x81, 0x00, 0xFF}}},
	{{{1386, 2054, 273}, 0, {-2009, -2102}, {0x22, 0x86, 0xFC, 0xFF}}},
	{{{1228, 2033, 66}, 0, {-2171, -2074}, {0xFE, 0x81, 0x01, 0xFF}}},
	{{{1291, 2054, 22}, 0, {-2177, -2122}, {0x1C, 0x86, 0xED, 0xFF}}},
	{{{1055, 2033, -87}, 0, {-2308, -2022}, {0xFF, 0x81, 0x02, 0xFF}}},
	{{{1091, 2054, -155}, 0, {-2335, -2062}, {0x10, 0x86, 0xE2, 0xFF}}},
	{{{831, 2033, -142}, 0, {-2404, -1913}, {0x00, 0x81, 0x03, 0xFF}}},
	{{{831, 2054, -219}, 0, {-2447, -1936}, {0x00, 0x86, 0xDE, 0xFF}}},
	{{{607, 2033, -87}, 0, {-2439, -1771}, {0x01, 0x81, 0x02, 0xFF}}},
	{{{572, 2054, -155}, 0, {-2488, -1771}, {0xF0, 0x86, 0xE2, 0xFF}}},
	{{{435, 2033, 66}, 0, {-2404, -1629}, {0x02, 0x81, 0x01, 0xFF}}},
	{{{372, 2054, 22}, 0, {-2447, -1607}, {0xE4, 0x86, 0xED, 0xFF}}},
	{{{353, 2033, 282}, 0, {-2308, -1520}, {0x03, 0x81, 0x00, 0xFF}}},
	{{{277, 2054, 273}, 0, {-2335, -1480}, {0xDE, 0x86, 0xFC, 0xFF}}},
	{{{381, 2033, 511}, 0, {-2171, -1468}, {0x02, 0x81, 0xFF, 0xFF}}},
	{{{309, 2054, 538}, 0, {-2177, -1420}, {0xE0, 0x86, 0x0C, 0xFF}}},
	{{{512, 2033, 701}, 0, {-2026, -1486}, {0x02, 0x81, 0xFE, 0xFF}}},
	{{{461, 2054, 758}, 0, {-2009, -1440}, {0xE9, 0x86, 0x1A, 0xFF}}},
	{{{482, 2096, 99}, 0, {1292, -1976}, {0xC0, 0x65, 0xD4, 0xFF}}},
	{{{353, 2076, 282}, 0, {1357, -2102}, {0x07, 0x7F, 0x01, 0xFF}}},
	{{{410, 2096, 289}, 0, {1378, -2072}, {0xB3, 0x65, 0xF7, 0xFF}}},
	{{{435, 2076, 66}, 0, {1260, -1992}, {0x06, 0x7F, 0x04, 0xFF}}},
	{{{634, 2096, -36}, 0, {1261, -1851}, {0xDC, 0x65, 0xBB, 0xFF}}},
	{{{607, 2076, -87}, 0, {1225, -1851}, {0x03, 0x7F, 0x06, 0xFF}}},
	{{{831, 2096, -85}, 0, {1292, -1726}, {0x00, 0x65, 0xB3, 0xFF}}},
	{{{607, 2076, -87}, 0, {1225, -1851}, {0x03, 0x7F, 0x06, 0xFF}}},
	{{{634, 2096, -36}, 0, {1261, -1851}, {0xDC, 0x65, 0xBB, 0xFF}}},
	{{{831, 2076, -142}, 0, {1260, -1709}, {0x00, 0x7F, 0x07, 0xFF}}},
	{{{1029, 2096, -36}, 0, {1378, -1629}, {0x24, 0x65, 0xBB, 0xFF}}},
	{{{1055, 2076, -87}, 0, {1357, -1600}, {0xFD, 0x7F, 0x06, 0xFF}}},
	{{{1181, 2096, 99}, 0, {1498, -1584}, {0x40, 0x65, 0xD4, 0xFF}}},
	{{{1228, 2076, 66}, 0, {1493, -1548}, {0xFA, 0x7F, 0x04, 0xFF}}},
	{{{1253, 2096, 289}, 0, {1625, -1599}, {0x4D, 0x65, 0xF7, 0xFF}}},
	{{{1310, 2076, 282}, 0, {1638, -1566}, {0xF9, 0x7F, 0x01, 0xFF}}},
	{{{1228, 2096, 490}, 0, {1731, -1672}, {0x48, 0x65, 0x1B, 0xFF}}},
	{{{1282, 2076, 511}, 0, {1758, -1648}, {0xF9, 0x7F, 0xFD, 0xFF}}},
	{{{1113, 2096, 658}, 0, {1791, -1786}, {0x33, 0x65, 0x3A, 0xFF}}},
	{{{1151, 2076, 701}, 0, {1826, -1778}, {0xFB, 0x7F, 0xFB, 0xFF}}},
	{{{933, 2096, 752}, 0, {1791, -1915}, {0x13, 0x65, 0x4B, 0xFF}}},
	{{{947, 2076, 808}, 0, {1826, -1924}, {0xFE, 0x7F, 0xF9, 0xFF}}},
	{{{730, 2096, 752}, 0, {1731, -2029}, {0xED, 0x65, 0x4B, 0xFF}}},
	{{{716, 2076, 808}, 0, {1758, -2053}, {0x02, 0x7F, 0xF9, 0xFF}}},
	{{{550, 2096, 658}, 0, {1625, -2102}, {0xCD, 0x65, 0x3A, 0xFF}}},
	{{{512, 2076, 701}, 0, {1638, -2136}, {0x05, 0x7F, 0xFB, 0xFF}}},
	{{{434, 2096, 490}, 0, {1498, -2117}, {0xB8, 0x65, 0x1B, 0xFF}}},
	{{{381, 2076, 511}, 0, {1493, -2154}, {0x07, 0x7F, 0xFD, 0xFF}}},
	{{{410, 2096, 289}, 0, {1378, -2072}, {0xB3, 0x65, 0xF7, 0xFF}}},
	{{{353, 2076, 282}, 0, {1357, -2102}, {0x07, 0x7F, 0x01, 0xFF}}},
	{{{326, 2097, 531}, 0, {1489, -2190}, {0x29, 0x77, 0xF0, 0xFF}}},
	{{{295, 2097, 275}, 0, {1336, -2132}, {0x2C, 0x77, 0x05, 0xFF}}},
	{{{435, 2076, 66}, 0, {1260, -1992}, {0x06, 0x7F, 0x04, 0xFF}}},
	{{{387, 2097, 33}, 0, {1227, -2010}, {0x24, 0x77, 0x19, 0xFF}}},
	{{{580, 2097, -138}, 0, {1188, -1851}, {0x14, 0x77, 0x27, 0xFF}}},
	{{{831, 2097, -200}, 0, {1227, -1692}, {0x00, 0x77, 0x2C, 0xFF}}},
	{{{1082, 2097, -138}, 0, {1336, -1569}, {0xEC, 0x77, 0x27, 0xFF}}},
	{{{1276, 2097, 33}, 0, {1489, -1511}, {0xDC, 0x77, 0x19, 0xFF}}},
	{{{1310, 2076, 282}, 0, {1638, -1566}, {0xF9, 0x7F, 0x01, 0xFF}}},
	{{{1368, 2097, 275}, 0, {1651, -1531}, {0xD4, 0x77, 0x05, 0xFF}}},
	{{{1276, 2097, 33}, 0, {1489, -1511}, {0xDC, 0x77, 0x19, 0xFF}}},
	{{{1282, 2076, 511}, 0, {1758, -1648}, {0xF9, 0x7F, 0xFD, 0xFF}}},
	{{{1336, 2097, 531}, 0, {1786, -1624}, {0xD7, 0x77, 0xF0, 0xFF}}},
	{{{1151, 2076, 701}, 0, {1826, -1778}, {0xFB, 0x7F, 0xFB, 0xFF}}},
	{{{1190, 2097, 744}, 0, {1862, -1769}, {0xE3, 0x77, 0xDF, 0xFF}}},
	{{{947, 2076, 808}, 0, {1826, -1924}, {0xFE, 0x7F, 0xF9, 0xFF}}},
	{{{961, 2097, 864}, 0, {1862, -1933}, {0xF6, 0x77, 0xD5, 0xFF}}},
	{{{716, 2076, 808}, 0, {1758, -2053}, {0x02, 0x7F, 0xF9, 0xFF}}},
	{{{702, 2097, 864}, 0, {1786, -2077}, {0x0A, 0x77, 0xD5, 0xFF}}},
	{{{512, 2076, 701}, 0, {1638, -2136}, {0x05, 0x7F, 0xFB, 0xFF}}},
	{{{473, 2097, 744}, 0, {1651, -2170}, {0x1D, 0x77, 0xDF, 0xFF}}},
	{{{381, 2076, 511}, 0, {1493, -2154}, {0x07, 0x7F, 0xFD, 0xFF}}},
	{{{326, 2097, 531}, 0, {1489, -2190}, {0x29, 0x77, 0xF0, 0xFF}}},
	{{{2132, 3455, 1757}, 0, {827, -1436}, {0x00, 0x81, 0x00, 0xFF}}},
	{{{2053, 3455, 1938}, 0, {702, -1427}, {0xEC, 0x85, 0xE9, 0xFF}}},
	{{{2027, 3455, 1909}, 0, {711, -1450}, {0x00, 0x81, 0x00, 0xFF}}},
	{{{2169, 3455, 1771}, 0, {830, -1412}, {0xE4, 0x85, 0xF5, 0xFF}}},
	{{{2154, 3455, 1574}, 0, {936, -1478}, {0x00, 0x81, 0x00, 0xFF}}},
	{{{2193, 3455, 1569}, 0, {950, -1457}, {0xE2, 0x85, 0x04, 0xFF}}},
	{{{2089, 3455, 1402}, 0, {1013, -1565}, {0x00, 0x81, 0x00, 0xFF}}},
	{{{2121, 3455, 1379}, 0, {1035, -1553}, {0xE7, 0x85, 0x11, 0xFF}}},
	{{{1951, 3455, 1280}, 0, {1041, -1678}, {0x00, 0x81, 0x00, 0xFF}}},
	{{{1969, 3455, 1245}, 0, {1066, -1678}, {0xF2, 0x85, 0x1B, 0xFF}}},
	{{{1772, 3455, 1236}, 0, {1013, -1792}, {0x00, 0x81, 0x00, 0xFF}}},
	{{{1772, 3455, 1196}, 0, {1035, -1803}, {0x00, 0x85, 0x1E, 0xFF}}},
	{{{1593, 3455, 1280}, 0, {936, -1879}, {0x00, 0x81, 0x00, 0xFF}}},
	{{{1575, 3455, 1245}, 0, {950, -1900}, {0x0E, 0x85, 0x1B, 0xFF}}},
	{{{1455, 3455, 1402}, 0, {827, -1920}, {0x00, 0x81, 0x00, 0xFF}}},
	{{{1423, 3455, 1379}, 0, {830, -1945}, {0x19, 0x85, 0x11, 0xFF}}},
	{{{1390, 3455, 1574}, 0, {711, -1906}, {0x00, 0x81, 0x00, 0xFF}}},
	{{{1390, 3455, 1574}, 0, {711, -1906}, {0x00, 0x81, 0x00, 0xFF}}},
	{{{1350, 3455, 1569}, 0, {702, -1930}, {0x1E, 0x85, 0x04, 0xFF}}},
	{{{1423, 3455, 1379}, 0, {830, -1945}, {0x19, 0x85, 0x11, 0xFF}}},
	{{{1412, 3455, 1757}, 0, {615, -1840}, {0x00, 0x81, 0x00, 0xFF}}},
	{{{1375, 3455, 1771}, 0, {596, -1857}, {0x1C, 0x85, 0xF5, 0xFF}}},
	{{{1517, 3455, 1909}, 0, {561, -1737}, {0x00, 0x81, 0x00, 0xFF}}},
	{{{1490, 3455, 1938}, 0, {536, -1743}, {0x14, 0x85, 0xE9, 0xFF}}},
	{{{1680, 3455, 1994}, 0, {561, -1620}, {0x00, 0x81, 0x00, 0xFF}}},
	{{{1670, 3455, 2033}, 0, {536, -1614}, {0x07, 0x85, 0xE3, 0xFF}}},
	{{{1864, 3455, 1994}, 0, {615, -1517}, {0x00, 0x81, 0x00, 0xFF}}},
	{{{1873, 3455, 2033}, 0, {596, -1500}, {0xF9, 0x85, 0xE3, 0xFF}}},
	{{{2027, 3455, 1909}, 0, {711, -1450}, {0x00, 0x81, 0x00, 0xFF}}},
	{{{2053, 3455, 1938}, 0, {702, -1427}, {0xEC, 0x85, 0xE9, 0xFF}}},
	{{{1887, 3430, 2088}, 0, {569, -1476}, {0xFF, 0x81, 0xFD, 0xFF}}},
	{{{2091, 3430, 1981}, 0, {689, -1393}, {0xFE, 0x81, 0xFE, 0xFF}}},
	{{{2169, 3455, 1771}, 0, {830, -1412}, {0xE4, 0x85, 0xF5, 0xFF}}},
	{{{2222, 3430, 1791}, 0, {834, -1375}, {0xFE, 0x81, 0xFF, 0xFF}}},
	{{{2193, 3455, 1569}, 0, {950, -1457}, {0xE2, 0x85, 0x04, 0xFF}}},
	{{{2250, 3430, 1562}, 0, {971, -1427}, {0xFD, 0x81, 0x00, 0xFF}}},
	{{{2121, 3455, 1379}, 0, {1035, -1553}, {0xE7, 0x85, 0x11, 0xFF}}},
	{{{2168, 3430, 1347}, 0, {1067, -1537}, {0xFE, 0x81, 0x01, 0xFF}}},
	{{{1969, 3455, 1245}, 0, {1066, -1678}, {0xF2, 0x85, 0x1B, 0xFF}}},
	{{{1996, 3430, 1194}, 0, {1102, -1678}, {0xFF, 0x81, 0x02, 0xFF}}},
	{{{1772, 3455, 1196}, 0, {1035, -1803}, {0x00, 0x85, 0x1E, 0xFF}}},
	{{{1772, 3430, 1139}, 0, {1067, -1820}, {0x00, 0x81, 0x03, 0xFF}}},
	{{{1575, 3455, 1245}, 0, {950, -1900}, {0x0E, 0x85, 0x1B, 0xFF}}},
	{{{1548, 3430, 1194}, 0, {971, -1929}, {0x01, 0x81, 0x02, 0xFF}}},
	{{{1375, 3430, 1347}, 0, {834, -1981}, {0x02, 0x81, 0x01, 0xFF}}},
	{{{1294, 3430, 1562}, 0, {689, -1964}, {0x03, 0x81, 0x00, 0xFF}}},
	{{{1321, 3430, 1791}, 0, {569, -1881}, {0x02, 0x81, 0xFF, 0xFF}}},
	{{{1452, 3430, 1981}, 0, {501, -1751}, {0x02, 0x81, 0xFE, 0xFF}}},
	{{{1657, 3430, 2088}, 0, {501, -1605}, {0x01, 0x81, 0xFD, 0xFF}}},
	{{{1887, 3430, 2088}, 0, {569, -1476}, {0xFF, 0x81, 0xFD, 0xFF}}},
	{{{1638, 3451, 2163}, 0, {454, -1594}, {0xF8, 0x86, 0x21, 0xFF}}},
	{{{1657, 3430, 2088}, 0, {501, -1605}, {0x01, 0x81, 0xFD, 0xFF}}},
	{{{1906, 3451, 2163}, 0, {533, -1444}, {0x08, 0x86, 0x21, 0xFF}}},
	{{{2091, 3430, 1981}, 0, {689, -1393}, {0xFE, 0x81, 0xFE, 0xFF}}},
	{{{2142, 3451, 2039}, 0, {672, -1348}, {0x17, 0x86, 0x1A, 0xFF}}},
	{{{2222, 3430, 1791}, 0, {834, -1375}, {0xFE, 0x81, 0xFF, 0xFF}}},
	{{{2294, 3451, 1819}, 0, {840, -1327}, {0x20, 0x86, 0x0C, 0xFF}}},
	{{{2250, 3430, 1562}, 0, {971, -1427}, {0xFD, 0x81, 0x00, 0xFF}}},
	{{{2327, 3451, 1553}, 0, {998, -1387}, {0x22, 0x86, 0xFC, 0xFF}}},
	{{{2168, 3430, 1347}, 0, {1067, -1537}, {0xFE, 0x81, 0x01, 0xFF}}},
	{{{2232, 3451, 1303}, 0, {1111, -1514}, {0x1C, 0x86, 0xED, 0xFF}}},
	{{{1996, 3430, 1194}, 0, {1102, -1678}, {0xFF, 0x81, 0x02, 0xFF}}},
	{{{2032, 3451, 1126}, 0, {1151, -1678}, {0x10, 0x86, 0xE2, 0xFF}}},
	{{{1772, 3430, 1139}, 0, {1067, -1820}, {0x00, 0x81, 0x03, 0xFF}}},
	{{{1772, 3451, 1062}, 0, {1111, -1843}, {0x00, 0x86, 0xDE, 0xFF}}},
	{{{1548, 3430, 1194}, 0, {971, -1929}, {0x01, 0x81, 0x02, 0xFF}}},
	{{{1512, 3451, 1126}, 0, {998, -1969}, {0xF0, 0x86, 0xE2, 0xFF}}},
	{{{1375, 3430, 1347}, 0, {834, -1981}, {0x02, 0x81, 0x01, 0xFF}}},
	{{{1312, 3451, 1303}, 0, {840, -2029}, {0xE4, 0x86, 0xED, 0xFF}}},
	{{{1294, 3430, 1562}, 0, {689, -1964}, {0x03, 0x81, 0x00, 0xFF}}},
	{{{1217, 3451, 1553}, 0, {672, -2009}, {0xDE, 0x86, 0xFC, 0xFF}}},
	{{{1321, 3430, 1791}, 0, {569, -1881}, {0x02, 0x81, 0xFF, 0xFF}}},
	{{{1250, 3451, 1819}, 0, {533, -1913}, {0xE0, 0x86, 0x0C, 0xFF}}},
	{{{1452, 3430, 1981}, 0, {501, -1751}, {0x02, 0x81, 0xFE, 0xFF}}},
	{{{1401, 3451, 2039}, 0, {454, -1763}, {0xE9, 0x86, 0x1A, 0xFF}}},
	{{{1423, 3493, 1379}, 0, {-1029, -2149}, {0xC6, 0x69, 0xD8, 0xFF}}},
	{{{1294, 3473, 1562}, 0, {-889, -2168}, {0x07, 0x7F, 0x01, 0xFF}}},
	{{{1350, 3493, 1569}, 0, {-902, -2134}, {0xBA, 0x69, 0xF7, 0xFF}}},
	{{{1375, 3473, 1347}, 0, {-1034, -2185}, {0x06, 0x7F, 0x04, 0xFF}}},
	{{{1575, 3493, 1245}, 0, {-1150, -2104}, {0xDF, 0x69, 0xC1, 0xFF}}},
	{{{1548, 3473, 1194}, 0, {-1170, -2134}, {0x03, 0x7F, 0x06, 0xFF}}},
	{{{1772, 3493, 1196}, 0, {-1235, -2007}, {0x00, 0x69, 0xB9, 0xFF}}},
	{{{1548, 3473, 1194}, 0, {-1170, -2134}, {0x03, 0x7F, 0x06, 0xFF}}},
	{{{1575, 3493, 1245}, 0, {-1150, -2104}, {0xDF, 0x69, 0xC1, 0xFF}}},
	{{{1772, 3473, 1139}, 0, {-1267, -2024}, {0x00, 0x7F, 0x07, 0xFF}}},
	{{{1969, 3493, 1245}, 0, {-1266, -1882}, {0x21, 0x69, 0xC1, 0xFF}}},
	{{{1996, 3473, 1194}, 0, {-1302, -1883}, {0xFD, 0x7F, 0x06, 0xFF}}},
	{{{2121, 3493, 1379}, 0, {-1235, -1758}, {0x3A, 0x69, 0xD8, 0xFF}}},
	{{{2168, 3473, 1347}, 0, {-1267, -1741}, {0xFA, 0x7F, 0x04, 0xFF}}},
	{{{2193, 3493, 1569}, 0, {-1150, -1661}, {0x46, 0x69, 0xF7, 0xFF}}},
	{{{2250, 3473, 1562}, 0, {-1170, -1632}, {0xF9, 0x7F, 0x01, 0xFF}}},
	{{{2169, 3493, 1771}, 0, {-1029, -1616}, {0x42, 0x69, 0x19, 0xFF}}},
	{{{2222, 3473, 1791}, 0, {-1034, -1580}, {0xF9, 0x7F, 0xFD, 0xFF}}},
	{{{2053, 3493, 1938}, 0, {-902, -1631}, {0x2F, 0x69, 0x35, 0xFF}}},
	{{{2091, 3473, 1981}, 0, {-889, -1598}, {0xFB, 0x7F, 0xFB, 0xFF}}},
	{{{1873, 3493, 2033}, 0, {-796, -1704}, {0x11, 0x69, 0x45, 0xFF}}},
	{{{1887, 3473, 2088}, 0, {-769, -1680}, {0xFE, 0x7F, 0xF9, 0xFF}}},
	{{{1670, 3493, 2033}, 0, {-736, -1818}, {0xEF, 0x69, 0x45, 0xFF}}},
	{{{1657, 3473, 2088}, 0, {-701, -1810}, {0x02, 0x7F, 0xF9, 0xFF}}},
	{{{1490, 3493, 1938}, 0, {-736, -1947}, {0xD1, 0x69, 0x35, 0xFF}}},
	{{{1452, 3473, 1981}, 0, {-701, -1956}, {0x05, 0x7F, 0xFB, 0xFF}}},
	{{{1375, 3493, 1771}, 0, {-796, -2061}, {0xBE, 0x69, 0x19, 0xFF}}},
	{{{1321, 3473, 1791}, 0, {-769, -2085}, {0x07, 0x7F, 0xFD, 0xFF}}},
	{{{1350, 3493, 1569}, 0, {-902, -2134}, {0xBA, 0x69, 0xF7, 0xFF}}},
	{{{1294, 3473, 1562}, 0, {-889, -2168}, {0x07, 0x7F, 0x01, 0xFF}}},
	{{{1267, 3494, 1812}, 0, {-741, -2109}, {0x29, 0x77, 0xF0, 0xFF}}},
	{{{1236, 3494, 1555}, 0, {-876, -2202}, {0x2C, 0x77, 0x05, 0xFF}}},
	{{{1375, 3473, 1347}, 0, {-1034, -2185}, {0x06, 0x7F, 0x04, 0xFF}}},
	{{{1327, 3494, 1314}, 0, {-1038, -2222}, {0x24, 0x77, 0x19, 0xFF}}},
	{{{1521, 3494, 1142}, 0, {-1191, -2164}, {0x14, 0x77, 0x27, 0xFF}}},
	{{{1772, 3494, 1080}, 0, {-1300, -2041}, {0x00, 0x77, 0x2C, 0xFF}}},
	{{{2023, 3494, 1142}, 0, {-1339, -1882}, {0xEC, 0x77, 0x27, 0xFF}}},
	{{{2216, 3494, 1314}, 0, {-1300, -1724}, {0xDC, 0x77, 0x19, 0xFF}}},
	{{{2250, 3473, 1562}, 0, {-1170, -1632}, {0xF9, 0x7F, 0x01, 0xFF}}},
	{{{2308, 3494, 1555}, 0, {-1191, -1601}, {0xD4, 0x77, 0x05, 0xFF}}},
	{{{2216, 3494, 1314}, 0, {-1300, -1724}, {0xDC, 0x77, 0x19, 0xFF}}},
	{{{2222, 3473, 1791}, 0, {-1034, -1580}, {0xF9, 0x7F, 0xFD, 0xFF}}},
	{{{2277, 3494, 1812}, 0, {-1038, -1543}, {0xD7, 0x77, 0xF0, 0xFF}}},
	{{{2091, 3473, 1981}, 0, {-889, -1598}, {0xFB, 0x7F, 0xFB, 0xFF}}},
	{{{2130, 3494, 2025}, 0, {-876, -1563}, {0xE3, 0x77, 0xDF, 0xFF}}},
	{{{1887, 3473, 2088}, 0, {-769, -1680}, {0xFE, 0x7F, 0xF9, 0xFF}}},
	{{{1901, 3494, 2145}, 0, {-741, -1656}, {0xF6, 0x77, 0xD5, 0xFF}}},
	{{{1657, 3473, 2088}, 0, {-701, -1810}, {0x02, 0x7F, 0xF9, 0xFF}}},
	{{{1643, 3494, 2145}, 0, {-665, -1801}, {0x0A, 0x77, 0xD5, 0xFF}}},
	{{{1452, 3473, 1981}, 0, {-701, -1956}, {0x05, 0x7F, 0xFB, 0xFF}}},
	{{{1414, 3494, 2025}, 0, {-665, -1964}, {0x1D, 0x77, 0xDF, 0xFF}}},
	{{{1321, 3473, 1791}, 0, {-769, -2085}, {0x07, 0x7F, 0xFD, 0xFF}}},
	{{{1267, 3494, 1812}, 0, {-741, -2109}, {0x29, 0x77, 0xF0, 0xFF}}},
};

Gfx welkit_castle_past_dl_Cube_mesh_layer_1_tri_3[] = {
	gsSPVertex(welkit_castle_past_dl_Cube_mesh_layer_1_vtx_3 + 0, 30, 0),
	gsSP2Triangles(0, 1, 2, 0, 3, 4, 5, 0),
	gsSP2Triangles(6, 7, 8, 0, 9, 10, 11, 0),
	gsSP2Triangles(12, 13, 14, 0, 15, 16, 17, 0),
	gsSP2Triangles(18, 19, 20, 0, 21, 22, 23, 0),
	gsSP2Triangles(24, 25, 26, 0, 27, 28, 29, 0),
	gsSPVertex(welkit_castle_past_dl_Cube_mesh_layer_1_vtx_3 + 30, 30, 0),
	gsSP2Triangles(0, 1, 2, 0, 3, 4, 5, 0),
	gsSP2Triangles(6, 7, 8, 0, 9, 10, 11, 0),
	gsSP2Triangles(12, 13, 14, 0, 15, 16, 17, 0),
	gsSP2Triangles(18, 19, 20, 0, 21, 22, 23, 0),
	gsSP2Triangles(24, 25, 26, 0, 27, 28, 29, 0),
	gsSPVertex(welkit_castle_past_dl_Cube_mesh_layer_1_vtx_3 + 60, 31, 0),
	gsSP2Triangles(0, 1, 2, 0, 0, 2, 3, 0),
	gsSP2Triangles(3, 4, 0, 0, 3, 5, 4, 0),
	gsSP2Triangles(5, 6, 4, 0, 5, 7, 6, 0),
	gsSP2Triangles(7, 8, 6, 0, 7, 9, 8, 0),
	gsSP2Triangles(9, 10, 8, 0, 9, 11, 10, 0),
	gsSP2Triangles(11, 12, 10, 0, 11, 13, 12, 0),
	gsSP2Triangles(13, 14, 12, 0, 13, 15, 14, 0),
	gsSP2Triangles(16, 17, 18, 0, 18, 19, 16, 0),
	gsSP2Triangles(18, 20, 19, 0, 21, 22, 23, 0),
	gsSP2Triangles(21, 23, 24, 0, 21, 24, 25, 0),
	gsSP2Triangles(21, 25, 26, 0, 27, 28, 29, 0),
	gsSP1Triangle(27, 29, 30, 0),
	gsSPVertex(welkit_castle_past_dl_Cube_mesh_layer_1_vtx_3 + 91, 32, 0),
	gsSP2Triangles(0, 1, 2, 0, 0, 2, 3, 0),
	gsSP2Triangles(3, 4, 0, 0, 3, 5, 4, 0),
	gsSP2Triangles(5, 6, 4, 0, 5, 7, 6, 0),
	gsSP2Triangles(8, 9, 10, 0, 8, 10, 11, 0),
	gsSP2Triangles(11, 12, 8, 0, 11, 13, 12, 0),
	gsSP2Triangles(13, 14, 12, 0, 13, 15, 14, 0),
	gsSP2Triangles(16, 17, 18, 0, 16, 18, 19, 0),
	gsSP2Triangles(20, 21, 22, 0, 20, 22, 23, 0),
	gsSP2Triangles(24, 25, 26, 0, 24, 26, 27, 0),
	gsSP2Triangles(28, 29, 30, 0, 28, 30, 31, 0),
	gsSPVertex(welkit_castle_past_dl_Cube_mesh_layer_1_vtx_3 + 123, 30, 0),
	gsSP2Triangles(0, 1, 2, 0, 0, 2, 3, 0),
	gsSP2Triangles(4, 5, 6, 0, 4, 6, 7, 0),
	gsSP2Triangles(8, 9, 10, 0, 8, 10, 11, 0),
	gsSP2Triangles(12, 13, 14, 0, 12, 14, 15, 0),
	gsSP2Triangles(16, 15, 14, 0, 16, 14, 17, 0),
	gsSP2Triangles(18, 16, 17, 0, 18, 17, 19, 0),
	gsSP2Triangles(20, 19, 17, 0, 20, 21, 19, 0),
	gsSP2Triangles(20, 22, 21, 0, 20, 23, 22, 0),
	gsSP2Triangles(23, 20, 24, 0, 23, 24, 25, 0),
	gsSP2Triangles(26, 23, 25, 0, 26, 27, 23, 0),
	gsSP2Triangles(28, 15, 16, 0, 28, 29, 15, 0),
	gsSPVertex(welkit_castle_past_dl_Cube_mesh_layer_1_vtx_3 + 153, 32, 0),
	gsSP2Triangles(0, 1, 2, 0, 2, 3, 0, 0),
	gsSP2Triangles(2, 4, 3, 0, 5, 4, 2, 0),
	gsSP2Triangles(6, 5, 2, 0, 6, 7, 5, 0),
	gsSP2Triangles(5, 8, 4, 0, 9, 8, 5, 0),
	gsSP2Triangles(9, 10, 8, 0, 11, 8, 10, 0),
	gsSP2Triangles(11, 10, 12, 0, 11, 12, 13, 0),
	gsSP2Triangles(11, 13, 14, 0, 14, 15, 11, 0),
	gsSP2Triangles(14, 16, 15, 0, 17, 16, 14, 0),
	gsSP2Triangles(17, 18, 16, 0, 19, 20, 21, 0),
	gsSP2Triangles(19, 22, 20, 0, 20, 22, 23, 0),
	gsSP2Triangles(24, 25, 26, 0, 24, 26, 27, 0),
	gsSP2Triangles(28, 29, 30, 0, 31, 30, 29, 0),
	gsSPVertex(welkit_castle_past_dl_Cube_mesh_layer_1_vtx_3 + 185, 32, 0),
	gsSP2Triangles(0, 1, 2, 0, 3, 4, 5, 0),
	gsSP2Triangles(3, 6, 4, 0, 7, 4, 6, 0),
	gsSP2Triangles(7, 8, 4, 0, 7, 9, 8, 0),
	gsSP2Triangles(10, 11, 12, 0, 10, 12, 13, 0),
	gsSP2Triangles(14, 15, 16, 0, 14, 16, 17, 0),
	gsSP2Triangles(17, 16, 18, 0, 17, 18, 19, 0),
	gsSP2Triangles(20, 21, 22, 0, 20, 22, 23, 0),
	gsSP2Triangles(24, 25, 26, 0, 24, 26, 27, 0),
	gsSP2Triangles(28, 29, 30, 0, 28, 30, 31, 0),
	gsSPVertex(welkit_castle_past_dl_Cube_mesh_layer_1_vtx_3 + 217, 31, 0),
	gsSP2Triangles(0, 1, 2, 0, 0, 2, 3, 0),
	gsSP2Triangles(4, 5, 6, 0, 6, 7, 4, 0),
	gsSP2Triangles(6, 8, 7, 0, 9, 10, 11, 0),
	gsSP2Triangles(9, 11, 12, 0, 13, 14, 15, 0),
	gsSP2Triangles(13, 15, 16, 0, 17, 18, 19, 0),
	gsSP2Triangles(17, 19, 20, 0, 21, 22, 23, 0),
	gsSP2Triangles(21, 23, 24, 0, 25, 24, 23, 0),
	gsSP2Triangles(25, 23, 26, 0, 25, 26, 27, 0),
	gsSP2Triangles(25, 27, 28, 0, 27, 29, 28, 0),
	gsSP1Triangle(27, 30, 29, 0),
	gsSPVertex(welkit_castle_past_dl_Cube_mesh_layer_1_vtx_3 + 248, 32, 0),
	gsSP2Triangles(0, 1, 2, 0, 0, 2, 3, 0),
	gsSP2Triangles(4, 5, 6, 0, 4, 6, 7, 0),
	gsSP2Triangles(8, 9, 10, 0, 8, 10, 11, 0),
	gsSP2Triangles(11, 10, 12, 0, 11, 12, 13, 0),
	gsSP2Triangles(14, 11, 13, 0, 14, 15, 11, 0),
	gsSP2Triangles(16, 15, 14, 0, 16, 14, 17, 0),
	gsSP2Triangles(18, 16, 17, 0, 18, 17, 19, 0),
	gsSP2Triangles(20, 16, 18, 0, 20, 21, 16, 0),
	gsSP2Triangles(16, 21, 8, 0, 8, 15, 16, 0),
	gsSP2Triangles(8, 11, 15, 0, 22, 23, 24, 0),
	gsSP2Triangles(22, 24, 25, 0, 26, 25, 24, 0),
	gsSP2Triangles(26, 24, 27, 0, 25, 26, 28, 0),
	gsSP2Triangles(25, 28, 22, 0, 29, 30, 31, 0),
	gsSPVertex(welkit_castle_past_dl_Cube_mesh_layer_1_vtx_3 + 280, 32, 0),
	gsSP2Triangles(0, 1, 2, 0, 3, 4, 5, 0),
	gsSP2Triangles(3, 5, 6, 0, 7, 8, 9, 0),
	gsSP2Triangles(7, 9, 10, 0, 11, 12, 13, 0),
	gsSP2Triangles(11, 13, 14, 0, 14, 13, 15, 0),
	gsSP2Triangles(15, 16, 14, 0, 15, 17, 16, 0),
	gsSP2Triangles(18, 19, 20, 0, 18, 21, 19, 0),
	gsSP2Triangles(22, 21, 18, 0, 22, 18, 23, 0),
	gsSP2Triangles(24, 21, 22, 0, 24, 19, 21, 0),
	gsSP2Triangles(25, 26, 27, 0, 25, 27, 28, 0),
	gsSP1Triangle(29, 30, 31, 0),
	gsSPVertex(welkit_castle_past_dl_Cube_mesh_layer_1_vtx_3 + 312, 32, 0),
	gsSP2Triangles(0, 1, 2, 0, 3, 4, 5, 0),
	gsSP2Triangles(3, 5, 6, 0, 7, 8, 9, 0),
	gsSP2Triangles(7, 9, 10, 0, 11, 12, 13, 0),
	gsSP2Triangles(11, 13, 14, 0, 15, 16, 17, 0),
	gsSP2Triangles(15, 17, 18, 0, 19, 20, 21, 0),
	gsSP2Triangles(19, 21, 22, 0, 23, 24, 25, 0),
	gsSP2Triangles(23, 25, 26, 0, 27, 28, 29, 0),
	gsSP2Triangles(27, 29, 30, 0, 30, 31, 27, 0),
	gsSPVertex(welkit_castle_past_dl_Cube_mesh_layer_1_vtx_3 + 344, 32, 0),
	gsSP2Triangles(0, 1, 2, 0, 1, 3, 2, 0),
	gsSP2Triangles(1, 4, 3, 0, 5, 6, 7, 0),
	gsSP2Triangles(7, 8, 5, 0, 7, 9, 8, 0),
	gsSP2Triangles(10, 11, 12, 0, 10, 12, 6, 0),
	gsSP2Triangles(13, 14, 15, 0, 13, 15, 16, 0),
	gsSP2Triangles(17, 18, 19, 0, 17, 19, 20, 0),
	gsSP2Triangles(21, 22, 23, 0, 21, 23, 24, 0),
	gsSP2Triangles(25, 26, 27, 0, 25, 27, 28, 0),
	gsSP2Triangles(5, 29, 30, 0, 30, 31, 5, 0),
	gsSPVertex(welkit_castle_past_dl_Cube_mesh_layer_1_vtx_3 + 376, 32, 0),
	gsSP2Triangles(0, 1, 2, 0, 3, 4, 5, 0),
	gsSP2Triangles(3, 6, 4, 0, 7, 6, 3, 0),
	gsSP2Triangles(7, 8, 6, 0, 9, 8, 7, 0),
	gsSP2Triangles(9, 10, 8, 0, 9, 11, 10, 0),
	gsSP2Triangles(9, 12, 11, 0, 13, 12, 9, 0),
	gsSP2Triangles(13, 9, 14, 0, 15, 16, 17, 0),
	gsSP2Triangles(15, 18, 16, 0, 19, 18, 15, 0),
	gsSP2Triangles(19, 20, 18, 0, 18, 20, 21, 0),
	gsSP2Triangles(22, 23, 24, 0, 22, 24, 25, 0),
	gsSP2Triangles(25, 24, 26, 0, 25, 26, 27, 0),
	gsSP2Triangles(28, 29, 30, 0, 28, 30, 31, 0),
	gsSPVertex(welkit_castle_past_dl_Cube_mesh_layer_1_vtx_3 + 408, 32, 0),
	gsSP2Triangles(0, 1, 2, 0, 0, 2, 3, 0),
	gsSP2Triangles(4, 5, 6, 0, 4, 6, 7, 0),
	gsSP2Triangles(7, 6, 8, 0, 9, 7, 8, 0),
	gsSP2Triangles(10, 9, 8, 0, 11, 10, 8, 0),
	gsSP2Triangles(12, 10, 11, 0, 12, 13, 10, 0),
	gsSP2Triangles(13, 9, 10, 0, 13, 14, 9, 0),
	gsSP2Triangles(14, 7, 9, 0, 14, 4, 7, 0),
	gsSP2Triangles(15, 16, 17, 0, 15, 17, 18, 0),
	gsSP2Triangles(18, 17, 19, 0, 20, 18, 19, 0),
	gsSP2Triangles(21, 20, 19, 0, 22, 20, 21, 0),
	gsSP2Triangles(22, 23, 20, 0, 23, 18, 20, 0),
	gsSP2Triangles(23, 15, 18, 0, 24, 25, 26, 0),
	gsSP2Triangles(24, 26, 27, 0, 27, 26, 28, 0),
	gsSP2Triangles(29, 27, 28, 0, 30, 29, 28, 0),
	gsSP1Triangle(31, 29, 30, 0),
	gsSPVertex(welkit_castle_past_dl_Cube_mesh_layer_1_vtx_3 + 440, 32, 0),
	gsSP2Triangles(0, 1, 2, 0, 1, 3, 2, 0),
	gsSP2Triangles(1, 4, 3, 0, 5, 6, 7, 0),
	gsSP2Triangles(5, 7, 8, 0, 8, 7, 9, 0),
	gsSP2Triangles(10, 8, 9, 0, 11, 10, 9, 0),
	gsSP2Triangles(12, 10, 11, 0, 12, 13, 10, 0),
	gsSP2Triangles(13, 8, 10, 0, 13, 5, 8, 0),
	gsSP2Triangles(14, 15, 16, 0, 14, 17, 15, 0),
	gsSP2Triangles(17, 18, 15, 0, 17, 19, 18, 0),
	gsSP2Triangles(19, 20, 18, 0, 19, 21, 20, 0),
	gsSP2Triangles(21, 22, 20, 0, 21, 23, 22, 0),
	gsSP2Triangles(24, 25, 26, 0, 24, 27, 25, 0),
	gsSP2Triangles(27, 28, 25, 0, 27, 29, 28, 0),
	gsSP2Triangles(29, 30, 28, 0, 29, 31, 30, 0),
	gsSPVertex(welkit_castle_past_dl_Cube_mesh_layer_1_vtx_3 + 472, 32, 0),
	gsSP2Triangles(0, 1, 2, 0, 0, 2, 3, 0),
	gsSP2Triangles(4, 0, 3, 0, 4, 3, 5, 0),
	gsSP2Triangles(6, 4, 5, 0, 6, 5, 7, 0),
	gsSP2Triangles(8, 9, 10, 0, 8, 10, 11, 0),
	gsSP2Triangles(12, 8, 11, 0, 12, 11, 13, 0),
	gsSP2Triangles(14, 12, 13, 0, 14, 13, 15, 0),
	gsSP2Triangles(16, 17, 18, 0, 16, 18, 19, 0),
	gsSP2Triangles(16, 19, 20, 0, 16, 20, 21, 0),
	gsSP2Triangles(20, 22, 21, 0, 21, 23, 16, 0),
	gsSP2Triangles(24, 16, 23, 0, 24, 25, 16, 0),
	gsSP2Triangles(16, 25, 26, 0, 16, 26, 27, 0),
	gsSP2Triangles(26, 28, 27, 0, 27, 29, 16, 0),
	gsSP2Triangles(29, 30, 16, 0, 29, 31, 30, 0),
	gsSPVertex(welkit_castle_past_dl_Cube_mesh_layer_1_vtx_3 + 504, 32, 0),
	gsSP2Triangles(0, 1, 2, 0, 0, 3, 1, 0),
	gsSP2Triangles(4, 1, 3, 0, 4, 5, 1, 0),
	gsSP2Triangles(6, 7, 8, 0, 6, 8, 9, 0),
	gsSP2Triangles(9, 8, 10, 0, 11, 9, 10, 0),
	gsSP2Triangles(12, 11, 10, 0, 13, 12, 10, 0),
	gsSP2Triangles(14, 12, 13, 0, 14, 15, 12, 0),
	gsSP2Triangles(15, 11, 12, 0, 15, 16, 11, 0),
	gsSP2Triangles(16, 9, 11, 0, 16, 6, 9, 0),
	gsSP2Triangles(17, 18, 19, 0, 17, 19, 20, 0),
	gsSP2Triangles(20, 19, 21, 0, 22, 20, 21, 0),
	gsSP2Triangles(23, 22, 21, 0, 24, 22, 23, 0),
	gsSP2Triangles(24, 25, 22, 0, 25, 20, 22, 0),
	gsSP2Triangles(25, 17, 20, 0, 26, 27, 28, 0),
	gsSP2Triangles(26, 28, 29, 0, 29, 28, 30, 0),
	gsSP1Triangle(31, 29, 30, 0),
	gsSPVertex(welkit_castle_past_dl_Cube_mesh_layer_1_vtx_3 + 536, 32, 0),
	gsSP2Triangles(0, 1, 2, 0, 3, 1, 0, 0),
	gsSP2Triangles(3, 4, 1, 0, 4, 5, 1, 0),
	gsSP2Triangles(4, 6, 5, 0, 7, 8, 9, 0),
	gsSP2Triangles(7, 9, 10, 0, 10, 9, 11, 0),
	gsSP2Triangles(12, 10, 11, 0, 13, 12, 11, 0),
	gsSP2Triangles(14, 12, 13, 0, 14, 15, 12, 0),
	gsSP2Triangles(15, 10, 12, 0, 15, 7, 10, 0),
	gsSP2Triangles(16, 17, 18, 0, 16, 19, 17, 0),
	gsSP2Triangles(19, 20, 17, 0, 19, 21, 20, 0),
	gsSP2Triangles(21, 22, 20, 0, 21, 23, 22, 0),
	gsSP2Triangles(23, 24, 22, 0, 23, 25, 24, 0),
	gsSP2Triangles(26, 27, 28, 0, 26, 29, 27, 0),
	gsSP2Triangles(29, 30, 27, 0, 29, 31, 30, 0),
	gsSPVertex(welkit_castle_past_dl_Cube_mesh_layer_1_vtx_3 + 568, 32, 0),
	gsSP2Triangles(0, 1, 2, 0, 0, 3, 1, 0),
	gsSP2Triangles(4, 5, 6, 0, 4, 6, 7, 0),
	gsSP2Triangles(8, 4, 7, 0, 8, 7, 9, 0),
	gsSP2Triangles(10, 8, 9, 0, 10, 9, 11, 0),
	gsSP2Triangles(12, 13, 14, 0, 12, 14, 15, 0),
	gsSP2Triangles(16, 12, 15, 0, 16, 15, 17, 0),
	gsSP2Triangles(18, 16, 17, 0, 18, 17, 19, 0),
	gsSP2Triangles(20, 21, 22, 0, 20, 22, 23, 0),
	gsSP2Triangles(24, 25, 26, 0, 24, 26, 27, 0),
	gsSP2Triangles(28, 24, 27, 0, 28, 27, 29, 0),
	gsSP2Triangles(30, 28, 29, 0, 30, 29, 31, 0),
	gsSPVertex(welkit_castle_past_dl_Cube_mesh_layer_1_vtx_3 + 600, 31, 0),
	gsSP2Triangles(0, 1, 2, 0, 0, 3, 1, 0),
	gsSP2Triangles(3, 0, 4, 0, 3, 4, 5, 0),
	gsSP2Triangles(5, 4, 6, 0, 5, 6, 7, 0),
	gsSP2Triangles(7, 6, 8, 0, 7, 8, 9, 0),
	gsSP2Triangles(9, 8, 10, 0, 9, 10, 11, 0),
	gsSP2Triangles(11, 10, 12, 0, 11, 12, 13, 0),
	gsSP2Triangles(13, 12, 14, 0, 13, 14, 15, 0),
	gsSP2Triangles(16, 17, 18, 0, 18, 19, 16, 0),
	gsSP2Triangles(18, 20, 19, 0, 21, 22, 23, 0),
	gsSP2Triangles(21, 24, 22, 0, 21, 25, 24, 0),
	gsSP2Triangles(21, 26, 25, 0, 27, 28, 29, 0),
	gsSP1Triangle(27, 29, 30, 0),
	gsSPVertex(welkit_castle_past_dl_Cube_mesh_layer_1_vtx_3 + 631, 32, 0),
	gsSP2Triangles(0, 1, 2, 0, 0, 3, 1, 0),
	gsSP2Triangles(3, 0, 4, 0, 3, 4, 5, 0),
	gsSP2Triangles(5, 4, 6, 0, 5, 6, 7, 0),
	gsSP2Triangles(8, 9, 10, 0, 8, 11, 9, 0),
	gsSP2Triangles(11, 8, 12, 0, 11, 12, 13, 0),
	gsSP2Triangles(13, 12, 14, 0, 13, 14, 15, 0),
	gsSP2Triangles(16, 17, 18, 0, 16, 18, 19, 0),
	gsSP2Triangles(20, 21, 22, 0, 20, 22, 23, 0),
	gsSP2Triangles(24, 25, 26, 0, 24, 26, 27, 0),
	gsSP2Triangles(28, 29, 30, 0, 28, 30, 31, 0),
	gsSPVertex(welkit_castle_past_dl_Cube_mesh_layer_1_vtx_3 + 663, 30, 0),
	gsSP2Triangles(0, 1, 2, 0, 0, 2, 3, 0),
	gsSP2Triangles(4, 5, 6, 0, 4, 6, 7, 0),
	gsSP2Triangles(8, 9, 10, 0, 8, 10, 11, 0),
	gsSP2Triangles(12, 13, 14, 0, 12, 15, 13, 0),
	gsSP2Triangles(16, 13, 15, 0, 17, 16, 15, 0),
	gsSP2Triangles(17, 15, 18, 0, 16, 19, 13, 0),
	gsSP2Triangles(20, 19, 16, 0, 20, 21, 19, 0),
	gsSP2Triangles(22, 19, 21, 0, 22, 21, 23, 0),
	gsSP2Triangles(22, 23, 24, 0, 22, 24, 25, 0),
	gsSP2Triangles(25, 26, 22, 0, 25, 27, 26, 0),
	gsSP2Triangles(28, 27, 25, 0, 28, 25, 29, 0),
	gsSPVertex(welkit_castle_past_dl_Cube_mesh_layer_1_vtx_3 + 693, 32, 0),
	gsSP2Triangles(0, 1, 2, 0, 2, 3, 0, 0),
	gsSP2Triangles(2, 4, 3, 0, 5, 0, 3, 0),
	gsSP2Triangles(6, 0, 5, 0, 6, 5, 7, 0),
	gsSP2Triangles(5, 3, 8, 0, 9, 5, 8, 0),
	gsSP2Triangles(9, 8, 10, 0, 11, 10, 8, 0),
	gsSP2Triangles(11, 12, 10, 0, 11, 13, 12, 0),
	gsSP2Triangles(11, 14, 13, 0, 14, 11, 15, 0),
	gsSP2Triangles(14, 15, 16, 0, 17, 14, 16, 0),
	gsSP2Triangles(17, 16, 18, 0, 19, 20, 21, 0),
	gsSP2Triangles(19, 21, 22, 0, 21, 23, 22, 0),
	gsSP2Triangles(24, 25, 26, 0, 24, 26, 27, 0),
	gsSP2Triangles(28, 29, 30, 0, 31, 30, 29, 0),
	gsSPVertex(welkit_castle_past_dl_Cube_mesh_layer_1_vtx_3 + 725, 32, 0),
	gsSP2Triangles(0, 1, 2, 0, 3, 4, 5, 0),
	gsSP2Triangles(3, 5, 6, 0, 7, 6, 5, 0),
	gsSP2Triangles(7, 5, 8, 0, 7, 8, 9, 0),
	gsSP2Triangles(10, 11, 12, 0, 10, 12, 13, 0),
	gsSP2Triangles(14, 15, 16, 0, 14, 17, 15, 0),
	gsSP2Triangles(17, 18, 15, 0, 17, 19, 18, 0),
	gsSP2Triangles(20, 21, 22, 0, 20, 22, 23, 0),
	gsSP2Triangles(24, 25, 26, 0, 24, 26, 27, 0),
	gsSP2Triangles(28, 29, 30, 0, 28, 30, 31, 0),
	gsSPVertex(welkit_castle_past_dl_Cube_mesh_layer_1_vtx_3 + 757, 31, 0),
	gsSP2Triangles(0, 1, 2, 0, 0, 2, 3, 0),
	gsSP2Triangles(4, 5, 6, 0, 5, 4, 7, 0),
	gsSP2Triangles(5, 7, 8, 0, 9, 10, 11, 0),
	gsSP2Triangles(9, 11, 12, 0, 13, 14, 15, 0),
	gsSP2Triangles(13, 15, 16, 0, 17, 18, 19, 0),
	gsSP2Triangles(17, 19, 20, 0, 21, 22, 23, 0),
	gsSP2Triangles(21, 24, 22, 0, 25, 22, 24, 0),
	gsSP2Triangles(25, 26, 22, 0, 25, 27, 26, 0),
	gsSP2Triangles(25, 28, 27, 0, 27, 28, 29, 0),
	gsSP1Triangle(27, 29, 30, 0),
	gsSPVertex(welkit_castle_past_dl_Cube_mesh_layer_1_vtx_3 + 788, 32, 0),
	gsSP2Triangles(0, 1, 2, 0, 0, 2, 3, 0),
	gsSP2Triangles(4, 5, 6, 0, 4, 6, 7, 0),
	gsSP2Triangles(8, 9, 10, 0, 8, 11, 9, 0),
	gsSP2Triangles(12, 11, 8, 0, 8, 13, 12, 0),
	gsSP2Triangles(14, 12, 13, 0, 14, 15, 12, 0),
	gsSP2Triangles(15, 16, 12, 0, 15, 17, 16, 0),
	gsSP2Triangles(12, 16, 18, 0, 12, 18, 19, 0),
	gsSP2Triangles(18, 11, 19, 0, 18, 20, 11, 0),
	gsSP2Triangles(11, 20, 21, 0, 11, 21, 9, 0),
	gsSP2Triangles(12, 19, 11, 0, 22, 23, 24, 0),
	gsSP2Triangles(25, 22, 24, 0, 24, 26, 25, 0),
	gsSP2Triangles(24, 27, 26, 0, 26, 22, 25, 0),
	gsSP2Triangles(26, 28, 22, 0, 29, 30, 31, 0),
	gsSPVertex(welkit_castle_past_dl_Cube_mesh_layer_1_vtx_3 + 820, 32, 0),
	gsSP2Triangles(0, 1, 2, 0, 3, 4, 5, 0),
	gsSP2Triangles(3, 5, 6, 0, 7, 8, 9, 0),
	gsSP2Triangles(7, 9, 10, 0, 11, 12, 13, 0),
	gsSP2Triangles(11, 14, 12, 0, 15, 12, 14, 0),
	gsSP2Triangles(14, 16, 15, 0, 14, 17, 16, 0),
	gsSP2Triangles(18, 19, 20, 0, 18, 20, 21, 0),
	gsSP2Triangles(22, 21, 20, 0, 22, 23, 21, 0),
	gsSP2Triangles(23, 18, 21, 0, 23, 24, 18, 0),
	gsSP2Triangles(25, 26, 27, 0, 25, 27, 28, 0),
	gsSP1Triangle(29, 30, 31, 0),
	gsSPVertex(welkit_castle_past_dl_Cube_mesh_layer_1_vtx_3 + 852, 32, 0),
	gsSP2Triangles(0, 1, 2, 0, 3, 4, 5, 0),
	gsSP2Triangles(3, 5, 6, 0, 7, 8, 9, 0),
	gsSP2Triangles(7, 9, 10, 0, 11, 12, 13, 0),
	gsSP2Triangles(11, 13, 14, 0, 15, 16, 17, 0),
	gsSP2Triangles(15, 17, 18, 0, 19, 20, 21, 0),
	gsSP2Triangles(19, 21, 22, 0, 23, 24, 25, 0),
	gsSP2Triangles(23, 25, 26, 0, 27, 28, 29, 0),
	gsSP2Triangles(27, 30, 28, 0, 30, 27, 31, 0),
	gsSPVertex(welkit_castle_past_dl_Cube_mesh_layer_1_vtx_3 + 884, 32, 0),
	gsSP2Triangles(0, 1, 2, 0, 2, 1, 3, 0),
	gsSP2Triangles(2, 3, 4, 0, 5, 6, 7, 0),
	gsSP2Triangles(7, 8, 5, 0, 7, 9, 8, 0),
	gsSP2Triangles(10, 6, 11, 0, 10, 11, 12, 0),
	gsSP2Triangles(13, 14, 15, 0, 13, 15, 16, 0),
	gsSP2Triangles(17, 18, 19, 0, 17, 19, 20, 0),
	gsSP2Triangles(21, 22, 23, 0, 21, 23, 24, 0),
	gsSP2Triangles(25, 26, 27, 0, 25, 27, 28, 0),
	gsSP2Triangles(29, 30, 7, 0, 7, 31, 29, 0),
	gsSPVertex(welkit_castle_past_dl_Cube_mesh_layer_1_vtx_3 + 916, 32, 0),
	gsSP2Triangles(0, 1, 2, 0, 3, 4, 5, 0),
	gsSP2Triangles(3, 5, 6, 0, 7, 3, 6, 0),
	gsSP2Triangles(7, 6, 8, 0, 9, 7, 8, 0),
	gsSP2Triangles(9, 8, 10, 0, 9, 10, 11, 0),
	gsSP2Triangles(9, 11, 12, 0, 13, 9, 12, 0),
	gsSP2Triangles(13, 14, 9, 0, 15, 16, 17, 0),
	gsSP2Triangles(15, 17, 18, 0, 19, 15, 18, 0),
	gsSP2Triangles(19, 18, 20, 0, 18, 21, 20, 0),
	gsSP2Triangles(22, 23, 24, 0, 22, 25, 23, 0),
	gsSP2Triangles(25, 26, 23, 0, 25, 27, 26, 0),
	gsSP2Triangles(28, 29, 30, 0, 28, 31, 29, 0),
	gsSPVertex(welkit_castle_past_dl_Cube_mesh_layer_1_vtx_3 + 948, 32, 0),
	gsSP2Triangles(0, 1, 2, 0, 0, 3, 1, 0),
	gsSP2Triangles(4, 5, 6, 0, 4, 7, 5, 0),
	gsSP2Triangles(8, 7, 4, 0, 8, 9, 7, 0),
	gsSP2Triangles(10, 9, 8, 0, 10, 11, 9, 0),
	gsSP2Triangles(12, 11, 10, 0, 12, 13, 11, 0),
	gsSP2Triangles(13, 14, 11, 0, 11, 14, 9, 0),
	gsSP2Triangles(9, 14, 7, 0, 7, 14, 5, 0),
	gsSP2Triangles(15, 16, 17, 0, 15, 18, 16, 0),
	gsSP2Triangles(19, 18, 15, 0, 19, 20, 18, 0),
	gsSP2Triangles(21, 20, 19, 0, 21, 22, 20, 0),
	gsSP2Triangles(22, 23, 20, 0, 20, 23, 18, 0),
	gsSP2Triangles(18, 23, 16, 0, 24, 25, 26, 0),
	gsSP2Triangles(24, 27, 25, 0, 28, 27, 24, 0),
	gsSP2Triangles(28, 29, 27, 0, 30, 29, 28, 0),
	gsSP1Triangle(30, 31, 29, 0),
	gsSPVertex(welkit_castle_past_dl_Cube_mesh_layer_1_vtx_3 + 980, 32, 0),
	gsSP2Triangles(0, 1, 2, 0, 2, 1, 3, 0),
	gsSP2Triangles(3, 1, 4, 0, 5, 6, 7, 0),
	gsSP2Triangles(5, 8, 6, 0, 9, 8, 5, 0),
	gsSP2Triangles(9, 10, 8, 0, 11, 10, 9, 0),
	gsSP2Triangles(11, 12, 10, 0, 12, 13, 10, 0),
	gsSP2Triangles(10, 13, 8, 0, 8, 13, 6, 0),
	gsSP2Triangles(14, 15, 16, 0, 14, 16, 17, 0),
	gsSP2Triangles(17, 16, 18, 0, 17, 18, 19, 0),
	gsSP2Triangles(19, 18, 20, 0, 19, 20, 21, 0),
	gsSP2Triangles(21, 20, 22, 0, 21, 22, 23, 0),
	gsSP2Triangles(24, 25, 26, 0, 24, 26, 27, 0),
	gsSP2Triangles(27, 26, 28, 0, 27, 28, 29, 0),
	gsSP2Triangles(29, 28, 30, 0, 29, 30, 31, 0),
	gsSPVertex(welkit_castle_past_dl_Cube_mesh_layer_1_vtx_3 + 1012, 32, 0),
	gsSP2Triangles(0, 1, 2, 0, 0, 3, 1, 0),
	gsSP2Triangles(4, 3, 0, 0, 4, 5, 3, 0),
	gsSP2Triangles(6, 5, 4, 0, 6, 7, 5, 0),
	gsSP2Triangles(8, 9, 10, 0, 8, 11, 9, 0),
	gsSP2Triangles(12, 11, 8, 0, 12, 13, 11, 0),
	gsSP2Triangles(14, 13, 12, 0, 14, 15, 13, 0),
	gsSP2Triangles(16, 17, 18, 0, 16, 19, 17, 0),
	gsSP2Triangles(20, 19, 16, 0, 20, 21, 19, 0),
	gsSP2Triangles(22, 21, 20, 0, 22, 23, 21, 0),
	gsSP2Triangles(24, 23, 22, 0, 24, 25, 23, 0),
	gsSP2Triangles(25, 26, 23, 0, 23, 26, 21, 0),
	gsSP2Triangles(21, 26, 19, 0, 19, 26, 17, 0),
	gsSP2Triangles(27, 28, 29, 0, 27, 30, 28, 0),
	gsSP1Triangle(31, 30, 27, 0),
	gsSPVertex(welkit_castle_past_dl_Cube_mesh_layer_1_vtx_3 + 1044, 32, 0),
	gsSP2Triangles(0, 1, 2, 0, 3, 1, 0, 0),
	gsSP2Triangles(3, 4, 1, 0, 4, 5, 1, 0),
	gsSP2Triangles(1, 5, 2, 0, 2, 5, 6, 0),
	gsSP2Triangles(7, 8, 9, 0, 7, 10, 8, 0),
	gsSP2Triangles(11, 10, 7, 0, 11, 12, 10, 0),
	gsSP2Triangles(13, 12, 11, 0, 13, 14, 12, 0),
	gsSP2Triangles(14, 15, 12, 0, 12, 15, 10, 0),
	gsSP2Triangles(10, 15, 8, 0, 16, 17, 18, 0),
	gsSP2Triangles(16, 19, 17, 0, 20, 19, 16, 0),
	gsSP2Triangles(20, 21, 19, 0, 22, 21, 20, 0),
	gsSP2Triangles(22, 23, 21, 0, 23, 24, 21, 0),
	gsSP2Triangles(21, 24, 19, 0, 19, 24, 17, 0),
	gsSP2Triangles(25, 26, 27, 0, 25, 27, 28, 0),
	gsSP2Triangles(28, 27, 29, 0, 28, 29, 30, 0),
	gsSP1Triangle(30, 29, 31, 0),
	gsSPVertex(welkit_castle_past_dl_Cube_mesh_layer_1_vtx_3 + 1076, 32, 0),
	gsSP2Triangles(0, 1, 2, 0, 2, 1, 3, 0),
	gsSP2Triangles(2, 3, 4, 0, 5, 6, 7, 0),
	gsSP2Triangles(5, 7, 8, 0, 8, 7, 9, 0),
	gsSP2Triangles(8, 9, 10, 0, 10, 9, 11, 0),
	gsSP2Triangles(10, 11, 12, 0, 13, 14, 15, 0),
	gsSP2Triangles(13, 16, 14, 0, 17, 16, 13, 0),
	gsSP2Triangles(17, 18, 16, 0, 19, 18, 17, 0),
	gsSP2Triangles(19, 20, 18, 0, 21, 22, 23, 0),
	gsSP2Triangles(21, 24, 22, 0, 25, 24, 21, 0),
	gsSP2Triangles(25, 26, 24, 0, 27, 26, 25, 0),
	gsSP2Triangles(27, 28, 26, 0, 29, 30, 31, 0),
	gsSPVertex(welkit_castle_past_dl_Cube_mesh_layer_1_vtx_3 + 1108, 32, 0),
	gsSP2Triangles(0, 1, 2, 0, 3, 4, 5, 0),
	gsSP2Triangles(3, 6, 4, 0, 7, 6, 3, 0),
	gsSP2Triangles(7, 8, 6, 0, 9, 8, 7, 0),
	gsSP2Triangles(9, 10, 8, 0, 11, 12, 13, 0),
	gsSP2Triangles(12, 14, 13, 0, 12, 15, 14, 0),
	gsSP2Triangles(15, 16, 14, 0, 15, 17, 16, 0),
	gsSP2Triangles(17, 18, 16, 0, 17, 19, 18, 0),
	gsSP2Triangles(19, 20, 18, 0, 19, 21, 20, 0),
	gsSP2Triangles(21, 22, 20, 0, 21, 23, 22, 0),
	gsSP2Triangles(23, 24, 22, 0, 23, 25, 24, 0),
	gsSP2Triangles(25, 26, 24, 0, 25, 27, 26, 0),
	gsSP2Triangles(27, 28, 26, 0, 27, 29, 28, 0),
	gsSP2Triangles(29, 30, 28, 0, 29, 31, 30, 0),
	gsSPVertex(welkit_castle_past_dl_Cube_mesh_layer_1_vtx_3 + 1140, 32, 0),
	gsSP2Triangles(0, 1, 2, 0, 0, 3, 1, 0),
	gsSP2Triangles(3, 4, 1, 0, 3, 5, 4, 0),
	gsSP2Triangles(5, 6, 4, 0, 5, 7, 6, 0),
	gsSP2Triangles(7, 8, 6, 0, 6, 8, 9, 0),
	gsSP2Triangles(8, 10, 9, 0, 8, 11, 10, 0),
	gsSP2Triangles(11, 12, 10, 0, 11, 13, 12, 0),
	gsSP2Triangles(13, 14, 12, 0, 13, 15, 14, 0),
	gsSP2Triangles(15, 16, 14, 0, 15, 17, 16, 0),
	gsSP2Triangles(17, 18, 16, 0, 17, 19, 18, 0),
	gsSP2Triangles(19, 20, 18, 0, 19, 21, 20, 0),
	gsSP2Triangles(21, 22, 20, 0, 21, 23, 22, 0),
	gsSP2Triangles(23, 24, 22, 0, 23, 25, 24, 0),
	gsSP2Triangles(25, 26, 24, 0, 25, 2, 26, 0),
	gsSP2Triangles(2, 27, 26, 0, 2, 1, 27, 0),
	gsSP2Triangles(1, 28, 27, 0, 1, 4, 28, 0),
	gsSP2Triangles(4, 29, 28, 0, 4, 6, 29, 0),
	gsSP2Triangles(6, 9, 29, 0, 29, 9, 30, 0),
	gsSP2Triangles(9, 31, 30, 0, 9, 10, 31, 0),
	gsSPVertex(welkit_castle_past_dl_Cube_mesh_layer_1_vtx_3 + 1172, 32, 0),
	gsSP2Triangles(0, 1, 2, 0, 0, 3, 1, 0),
	gsSP2Triangles(3, 4, 1, 0, 3, 5, 4, 0),
	gsSP2Triangles(5, 6, 4, 0, 5, 7, 6, 0),
	gsSP2Triangles(7, 8, 6, 0, 7, 9, 8, 0),
	gsSP2Triangles(9, 10, 8, 0, 9, 11, 10, 0),
	gsSP2Triangles(11, 12, 10, 0, 11, 13, 12, 0),
	gsSP2Triangles(13, 14, 12, 0, 13, 15, 14, 0),
	gsSP2Triangles(15, 16, 14, 0, 15, 17, 16, 0),
	gsSP2Triangles(17, 18, 16, 0, 17, 19, 18, 0),
	gsSP2Triangles(19, 20, 18, 0, 19, 21, 20, 0),
	gsSP2Triangles(21, 22, 20, 0, 21, 23, 22, 0),
	gsSP2Triangles(23, 24, 22, 0, 25, 26, 27, 0),
	gsSP2Triangles(26, 28, 27, 0, 26, 29, 28, 0),
	gsSP2Triangles(29, 30, 28, 0, 29, 31, 30, 0),
	gsSPVertex(welkit_castle_past_dl_Cube_mesh_layer_1_vtx_3 + 1204, 32, 0),
	gsSP2Triangles(0, 1, 2, 0, 0, 3, 1, 0),
	gsSP2Triangles(3, 4, 1, 0, 3, 5, 4, 0),
	gsSP2Triangles(5, 6, 4, 0, 5, 7, 6, 0),
	gsSP2Triangles(7, 8, 6, 0, 7, 9, 8, 0),
	gsSP2Triangles(9, 10, 8, 0, 9, 11, 10, 0),
	gsSP2Triangles(11, 12, 10, 0, 11, 13, 12, 0),
	gsSP2Triangles(13, 14, 12, 0, 13, 15, 14, 0),
	gsSP2Triangles(15, 16, 14, 0, 15, 17, 16, 0),
	gsSP2Triangles(17, 18, 16, 0, 17, 19, 18, 0),
	gsSP2Triangles(19, 20, 18, 0, 19, 21, 20, 0),
	gsSP2Triangles(21, 22, 20, 0, 20, 22, 23, 0),
	gsSP2Triangles(22, 24, 23, 0, 22, 25, 24, 0),
	gsSP2Triangles(25, 26, 24, 0, 25, 2, 26, 0),
	gsSP2Triangles(2, 27, 26, 0, 2, 1, 27, 0),
	gsSP2Triangles(1, 28, 27, 0, 1, 4, 28, 0),
	gsSP2Triangles(4, 29, 28, 0, 4, 6, 29, 0),
	gsSP2Triangles(6, 30, 29, 0, 6, 8, 30, 0),
	gsSP2Triangles(8, 31, 30, 0, 8, 10, 31, 0),
	gsSPVertex(welkit_castle_past_dl_Cube_mesh_layer_1_vtx_3 + 1236, 32, 0),
	gsSP2Triangles(0, 1, 2, 0, 0, 3, 1, 0),
	gsSP2Triangles(3, 4, 1, 0, 3, 5, 4, 0),
	gsSP2Triangles(5, 6, 4, 0, 5, 7, 6, 0),
	gsSP2Triangles(7, 8, 6, 0, 7, 9, 8, 0),
	gsSP2Triangles(9, 10, 8, 0, 9, 11, 10, 0),
	gsSP2Triangles(11, 12, 10, 0, 13, 14, 15, 0),
	gsSP2Triangles(14, 16, 15, 0, 14, 17, 16, 0),
	gsSP2Triangles(17, 18, 16, 0, 17, 19, 18, 0),
	gsSP2Triangles(19, 20, 18, 0, 19, 21, 20, 0),
	gsSP2Triangles(21, 22, 20, 0, 21, 23, 22, 0),
	gsSP2Triangles(23, 24, 22, 0, 23, 25, 24, 0),
	gsSP2Triangles(25, 26, 24, 0, 25, 27, 26, 0),
	gsSP2Triangles(27, 28, 26, 0, 27, 29, 28, 0),
	gsSP2Triangles(29, 30, 28, 0, 29, 31, 30, 0),
	gsSPVertex(welkit_castle_past_dl_Cube_mesh_layer_1_vtx_3 + 1268, 32, 0),
	gsSP2Triangles(0, 1, 2, 0, 0, 3, 1, 0),
	gsSP2Triangles(3, 4, 1, 0, 3, 5, 4, 0),
	gsSP2Triangles(5, 6, 4, 0, 5, 7, 6, 0),
	gsSP2Triangles(7, 8, 6, 0, 7, 9, 8, 0),
	gsSP2Triangles(9, 10, 8, 0, 8, 10, 11, 0),
	gsSP2Triangles(10, 12, 11, 0, 10, 13, 12, 0),
	gsSP2Triangles(13, 14, 12, 0, 13, 15, 14, 0),
	gsSP2Triangles(15, 16, 14, 0, 15, 17, 16, 0),
	gsSP2Triangles(17, 18, 16, 0, 17, 19, 18, 0),
	gsSP2Triangles(19, 20, 18, 0, 19, 21, 20, 0),
	gsSP2Triangles(21, 22, 20, 0, 21, 23, 22, 0),
	gsSP2Triangles(23, 24, 22, 0, 23, 25, 24, 0),
	gsSP2Triangles(25, 26, 24, 0, 25, 2, 26, 0),
	gsSP2Triangles(2, 27, 26, 0, 2, 1, 27, 0),
	gsSP2Triangles(1, 28, 27, 0, 1, 4, 28, 0),
	gsSP2Triangles(4, 29, 28, 0, 4, 6, 29, 0),
	gsSP2Triangles(6, 30, 29, 0, 6, 8, 30, 0),
	gsSP2Triangles(8, 11, 30, 0, 30, 11, 31, 0),
	gsSPVertex(welkit_castle_past_dl_Cube_mesh_layer_1_vtx_3 + 1300, 32, 0),
	gsSP2Triangles(0, 1, 2, 0, 0, 3, 1, 0),
	gsSP2Triangles(3, 4, 1, 0, 3, 5, 4, 0),
	gsSP2Triangles(5, 6, 4, 0, 5, 7, 6, 0),
	gsSP2Triangles(7, 8, 6, 0, 7, 9, 8, 0),
	gsSP2Triangles(9, 10, 8, 0, 9, 11, 10, 0),
	gsSP2Triangles(11, 12, 10, 0, 11, 13, 12, 0),
	gsSP2Triangles(13, 14, 12, 0, 13, 15, 14, 0),
	gsSP2Triangles(15, 16, 14, 0, 15, 17, 16, 0),
	gsSP2Triangles(17, 18, 16, 0, 17, 19, 18, 0),
	gsSP2Triangles(19, 20, 18, 0, 19, 21, 20, 0),
	gsSP2Triangles(21, 22, 20, 0, 21, 23, 22, 0),
	gsSP2Triangles(23, 24, 22, 0, 23, 25, 24, 0),
	gsSP2Triangles(25, 2, 24, 0, 26, 27, 28, 0),
	gsSP2Triangles(27, 29, 28, 0, 27, 30, 29, 0),
	gsSP1Triangle(30, 31, 29, 0),
	gsSPVertex(welkit_castle_past_dl_Cube_mesh_layer_1_vtx_3 + 1332, 32, 0),
	gsSP2Triangles(0, 1, 2, 0, 1, 3, 2, 0),
	gsSP2Triangles(1, 4, 3, 0, 4, 5, 3, 0),
	gsSP2Triangles(4, 6, 5, 0, 6, 7, 5, 0),
	gsSP2Triangles(6, 8, 7, 0, 8, 9, 7, 0),
	gsSP2Triangles(8, 10, 9, 0, 10, 11, 9, 0),
	gsSP2Triangles(10, 12, 11, 0, 12, 13, 11, 0),
	gsSP2Triangles(12, 14, 13, 0, 14, 15, 13, 0),
	gsSP2Triangles(14, 16, 15, 0, 16, 17, 15, 0),
	gsSP2Triangles(16, 18, 17, 0, 18, 19, 17, 0),
	gsSP2Triangles(18, 20, 19, 0, 20, 21, 19, 0),
	gsSP2Triangles(20, 22, 21, 0, 22, 23, 21, 0),
	gsSP2Triangles(21, 23, 24, 0, 23, 25, 24, 0),
	gsSP2Triangles(23, 26, 25, 0, 26, 27, 25, 0),
	gsSP2Triangles(26, 2, 27, 0, 2, 28, 27, 0),
	gsSP2Triangles(2, 3, 28, 0, 3, 29, 28, 0),
	gsSP2Triangles(3, 5, 29, 0, 5, 30, 29, 0),
	gsSP2Triangles(5, 7, 30, 0, 7, 31, 30, 0),
	gsSP1Triangle(7, 9, 31, 0),
	gsSPVertex(welkit_castle_past_dl_Cube_mesh_layer_1_vtx_3 + 1364, 32, 0),
	gsSP2Triangles(0, 1, 2, 0, 0, 3, 1, 0),
	gsSP2Triangles(3, 4, 1, 0, 3, 5, 4, 0),
	gsSP2Triangles(5, 6, 4, 0, 5, 7, 6, 0),
	gsSP2Triangles(7, 8, 6, 0, 7, 9, 8, 0),
	gsSP2Triangles(9, 10, 8, 0, 9, 11, 10, 0),
	gsSP2Triangles(11, 12, 10, 0, 11, 13, 12, 0),
	gsSP2Triangles(13, 14, 12, 0, 15, 16, 17, 0),
	gsSP2Triangles(15, 18, 16, 0, 19, 18, 15, 0),
	gsSP2Triangles(19, 20, 18, 0, 21, 20, 19, 0),
	gsSP2Triangles(21, 22, 20, 0, 23, 22, 21, 0),
	gsSP2Triangles(23, 24, 22, 0, 25, 24, 23, 0),
	gsSP2Triangles(25, 26, 24, 0, 27, 26, 25, 0),
	gsSP2Triangles(27, 28, 26, 0, 29, 28, 27, 0),
	gsSP2Triangles(29, 30, 28, 0, 31, 30, 29, 0),
	gsSPVertex(welkit_castle_past_dl_Cube_mesh_layer_1_vtx_3 + 1396, 32, 0),
	gsSP2Triangles(0, 1, 2, 0, 3, 1, 0, 0),
	gsSP2Triangles(3, 4, 1, 0, 5, 4, 3, 0),
	gsSP2Triangles(5, 6, 4, 0, 7, 6, 5, 0),
	gsSP2Triangles(7, 8, 6, 0, 9, 8, 7, 0),
	gsSP2Triangles(9, 10, 8, 0, 11, 10, 9, 0),
	gsSP2Triangles(11, 12, 10, 0, 12, 13, 10, 0),
	gsSP2Triangles(12, 14, 13, 0, 15, 14, 12, 0),
	gsSP2Triangles(15, 16, 14, 0, 17, 16, 15, 0),
	gsSP2Triangles(17, 18, 16, 0, 19, 18, 17, 0),
	gsSP2Triangles(19, 20, 18, 0, 21, 20, 19, 0),
	gsSP2Triangles(21, 22, 20, 0, 23, 22, 21, 0),
	gsSP2Triangles(23, 24, 22, 0, 25, 24, 23, 0),
	gsSP2Triangles(25, 26, 24, 0, 2, 26, 25, 0),
	gsSP2Triangles(2, 27, 26, 0, 1, 27, 2, 0),
	gsSP2Triangles(1, 28, 27, 0, 4, 28, 1, 0),
	gsSP2Triangles(4, 29, 28, 0, 6, 29, 4, 0),
	gsSP2Triangles(6, 30, 29, 0, 8, 30, 6, 0),
	gsSP2Triangles(8, 31, 30, 0, 10, 31, 8, 0),
	gsSP1Triangle(10, 13, 31, 0),
	gsSPVertex(welkit_castle_past_dl_Cube_mesh_layer_1_vtx_3 + 1428, 32, 0),
	gsSP2Triangles(0, 1, 2, 0, 0, 3, 1, 0),
	gsSP2Triangles(4, 3, 0, 0, 4, 5, 3, 0),
	gsSP2Triangles(6, 5, 4, 0, 6, 7, 5, 0),
	gsSP2Triangles(8, 7, 6, 0, 8, 9, 7, 0),
	gsSP2Triangles(10, 9, 8, 0, 10, 11, 9, 0),
	gsSP2Triangles(12, 11, 10, 0, 12, 13, 11, 0),
	gsSP2Triangles(14, 13, 12, 0, 14, 15, 13, 0),
	gsSP2Triangles(16, 15, 14, 0, 16, 17, 15, 0),
	gsSP2Triangles(18, 17, 16, 0, 18, 19, 17, 0),
	gsSP2Triangles(20, 19, 18, 0, 20, 21, 19, 0),
	gsSP2Triangles(22, 21, 20, 0, 22, 23, 21, 0),
	gsSP2Triangles(24, 23, 22, 0, 24, 25, 23, 0),
	gsSP2Triangles(2, 25, 24, 0, 2, 1, 25, 0),
	gsSP2Triangles(26, 27, 28, 0, 26, 29, 27, 0),
	gsSP2Triangles(30, 29, 26, 0, 30, 31, 29, 0),
	gsSPVertex(welkit_castle_past_dl_Cube_mesh_layer_1_vtx_3 + 1460, 32, 0),
	gsSP2Triangles(0, 1, 2, 0, 0, 3, 1, 0),
	gsSP2Triangles(4, 3, 0, 0, 4, 5, 3, 0),
	gsSP2Triangles(6, 5, 4, 0, 6, 7, 5, 0),
	gsSP2Triangles(8, 7, 6, 0, 8, 9, 7, 0),
	gsSP2Triangles(10, 9, 8, 0, 10, 11, 9, 0),
	gsSP2Triangles(12, 11, 10, 0, 12, 13, 11, 0),
	gsSP2Triangles(14, 13, 12, 0, 14, 15, 13, 0),
	gsSP2Triangles(16, 15, 14, 0, 16, 17, 15, 0),
	gsSP2Triangles(18, 17, 16, 0, 18, 19, 17, 0),
	gsSP2Triangles(20, 19, 18, 0, 20, 21, 19, 0),
	gsSP2Triangles(22, 21, 20, 0, 22, 23, 21, 0),
	gsSP2Triangles(23, 24, 21, 0, 23, 25, 24, 0),
	gsSP2Triangles(26, 25, 23, 0, 26, 27, 25, 0),
	gsSP2Triangles(1, 27, 26, 0, 1, 28, 27, 0),
	gsSP2Triangles(3, 28, 1, 0, 3, 29, 28, 0),
	gsSP2Triangles(5, 29, 3, 0, 5, 30, 29, 0),
	gsSP2Triangles(7, 30, 5, 0, 7, 31, 30, 0),
	gsSP1Triangle(9, 31, 7, 0),
	gsSPVertex(welkit_castle_past_dl_Cube_mesh_layer_1_vtx_3 + 1492, 32, 0),
	gsSP2Triangles(0, 1, 2, 0, 3, 1, 0, 0),
	gsSP2Triangles(3, 4, 1, 0, 5, 4, 3, 0),
	gsSP2Triangles(5, 6, 4, 0, 7, 6, 5, 0),
	gsSP2Triangles(7, 8, 6, 0, 9, 8, 7, 0),
	gsSP2Triangles(9, 10, 8, 0, 11, 10, 9, 0),
	gsSP2Triangles(11, 12, 10, 0, 13, 12, 11, 0),
	gsSP2Triangles(13, 14, 12, 0, 15, 16, 17, 0),
	gsSP2Triangles(15, 18, 16, 0, 19, 18, 15, 0),
	gsSP2Triangles(19, 20, 18, 0, 21, 20, 19, 0),
	gsSP2Triangles(21, 22, 20, 0, 23, 22, 21, 0),
	gsSP2Triangles(23, 24, 22, 0, 25, 24, 23, 0),
	gsSP2Triangles(25, 26, 24, 0, 27, 26, 25, 0),
	gsSP2Triangles(27, 28, 26, 0, 29, 28, 27, 0),
	gsSP2Triangles(29, 30, 28, 0, 31, 30, 29, 0),
	gsSPVertex(welkit_castle_past_dl_Cube_mesh_layer_1_vtx_3 + 1524, 32, 0),
	gsSP2Triangles(0, 1, 2, 0, 3, 1, 0, 0),
	gsSP2Triangles(3, 4, 1, 0, 5, 4, 3, 0),
	gsSP2Triangles(5, 6, 4, 0, 7, 6, 5, 0),
	gsSP2Triangles(7, 8, 6, 0, 9, 8, 7, 0),
	gsSP2Triangles(9, 10, 8, 0, 11, 10, 9, 0),
	gsSP2Triangles(11, 12, 10, 0, 12, 13, 10, 0),
	gsSP2Triangles(12, 14, 13, 0, 15, 14, 12, 0),
	gsSP2Triangles(15, 16, 14, 0, 17, 16, 15, 0),
	gsSP2Triangles(17, 18, 16, 0, 19, 18, 17, 0),
	gsSP2Triangles(19, 20, 18, 0, 21, 20, 19, 0),
	gsSP2Triangles(21, 22, 20, 0, 23, 22, 21, 0),
	gsSP2Triangles(23, 24, 22, 0, 25, 24, 23, 0),
	gsSP2Triangles(25, 26, 24, 0, 2, 26, 25, 0),
	gsSP2Triangles(2, 27, 26, 0, 1, 27, 2, 0),
	gsSP2Triangles(1, 28, 27, 0, 4, 28, 1, 0),
	gsSP2Triangles(4, 29, 28, 0, 6, 29, 4, 0),
	gsSP2Triangles(6, 30, 29, 0, 8, 30, 6, 0),
	gsSP2Triangles(8, 31, 30, 0, 10, 31, 8, 0),
	gsSP1Triangle(10, 13, 31, 0),
	gsSPVertex(welkit_castle_past_dl_Cube_mesh_layer_1_vtx_3 + 1556, 32, 0),
	gsSP2Triangles(0, 1, 2, 0, 0, 3, 1, 0),
	gsSP2Triangles(4, 3, 0, 0, 4, 5, 3, 0),
	gsSP2Triangles(6, 5, 4, 0, 6, 7, 5, 0),
	gsSP2Triangles(8, 7, 6, 0, 8, 9, 7, 0),
	gsSP2Triangles(10, 9, 8, 0, 10, 11, 9, 0),
	gsSP2Triangles(12, 11, 10, 0, 12, 13, 11, 0),
	gsSP2Triangles(14, 13, 12, 0, 14, 15, 13, 0),
	gsSP2Triangles(16, 15, 14, 0, 16, 17, 15, 0),
	gsSP2Triangles(18, 17, 16, 0, 18, 19, 17, 0),
	gsSP2Triangles(20, 19, 18, 0, 20, 21, 19, 0),
	gsSP2Triangles(22, 21, 20, 0, 22, 23, 21, 0),
	gsSP2Triangles(24, 23, 22, 0, 24, 25, 23, 0),
	gsSP2Triangles(2, 25, 24, 0, 2, 1, 25, 0),
	gsSP2Triangles(26, 27, 28, 0, 26, 29, 27, 0),
	gsSP2Triangles(30, 29, 26, 0, 30, 31, 29, 0),
	gsSPVertex(welkit_castle_past_dl_Cube_mesh_layer_1_vtx_3 + 1588, 32, 0),
	gsSP2Triangles(0, 1, 2, 0, 0, 3, 1, 0),
	gsSP2Triangles(4, 3, 0, 0, 4, 5, 3, 0),
	gsSP2Triangles(6, 5, 4, 0, 6, 7, 5, 0),
	gsSP2Triangles(8, 7, 6, 0, 8, 9, 7, 0),
	gsSP2Triangles(10, 9, 8, 0, 10, 11, 9, 0),
	gsSP2Triangles(12, 11, 10, 0, 12, 13, 11, 0),
	gsSP2Triangles(14, 13, 12, 0, 14, 15, 13, 0),
	gsSP2Triangles(16, 15, 14, 0, 16, 17, 15, 0),
	gsSP2Triangles(18, 17, 16, 0, 18, 19, 17, 0),
	gsSP2Triangles(20, 19, 18, 0, 20, 21, 19, 0),
	gsSP2Triangles(22, 21, 20, 0, 22, 23, 21, 0),
	gsSP2Triangles(23, 24, 21, 0, 23, 25, 24, 0),
	gsSP2Triangles(26, 25, 23, 0, 26, 27, 25, 0),
	gsSP2Triangles(1, 27, 26, 0, 1, 28, 27, 0),
	gsSP2Triangles(3, 28, 1, 0, 3, 29, 28, 0),
	gsSP2Triangles(5, 29, 3, 0, 5, 30, 29, 0),
	gsSP2Triangles(7, 30, 5, 0, 7, 31, 30, 0),
	gsSP1Triangle(9, 31, 7, 0),
	gsSPVertex(welkit_castle_past_dl_Cube_mesh_layer_1_vtx_3 + 1620, 15, 0),
	gsSP2Triangles(0, 1, 2, 0, 3, 1, 0, 0),
	gsSP2Triangles(3, 4, 1, 0, 5, 4, 3, 0),
	gsSP2Triangles(5, 6, 4, 0, 7, 6, 5, 0),
	gsSP2Triangles(7, 8, 6, 0, 9, 8, 7, 0),
	gsSP2Triangles(9, 10, 8, 0, 11, 10, 9, 0),
	gsSP2Triangles(11, 12, 10, 0, 13, 12, 11, 0),
	gsSP1Triangle(13, 14, 12, 0),
	gsSPEndDisplayList(),
};

Vtx welkit_castle_past_dl_Cube_mesh_layer_1_vtx_4[32] = {
	{{{-1011, 346, 1821}, 0, {2332, -620}, {0x23, 0x78, 0xEA, 0xFF}}},
	{{{-1336, 395, 1568}, 0, {2125, -779}, {0x2C, 0x75, 0xEA, 0xFF}}},
	{{{-1360, 382, 1820}, 0, {2111, -620}, {0x23, 0x78, 0xEA, 0xFF}}},
	{{{-1002, 202, 1420}, 0, {2338, -875}, {0x36, 0x70, 0xE5, 0xFF}}},
	{{{-1411, 396, 1371}, 0, {2077, -903}, {0x45, 0x6A, 0xF5, 0xFF}}},
	{{{-1124, 167, 1044}, 0, {2260, -1113}, {0x49, 0x68, 0xFE, 0xFF}}},
	{{{-912, 2, 1044}, 0, {2421, -1115}, {0x40, 0x6E, 0x04, 0xFF}}},
	{{{-932, 91, 750}, 0, {2381, -1301}, {0x43, 0x6B, 0x12, 0xFF}}},
	{{{-789, 2, 1044}, 0, {2498, -1115}, {0x19, 0x7B, 0xEB, 0xFF}}},
	{{{-726, -55, 768}, 0, {2513, -1291}, {0x15, 0x7D, 0xF8, 0xFF}}},
	{{{-1099, 229, 642}, 0, {2273, -1367}, {0x31, 0x74, 0x10, 0xFF}}},
	{{{-1355, 370, 885}, 0, {2111, -1212}, {0x36, 0x73, 0xFC, 0xFF}}},
	{{{-1199, 383, 430}, 0, {2208, -1500}, {0x10, 0x7E, 0x09, 0xFF}}},
	{{{-1747, 329, 411}, 0, {1862, -1511}, {0x1B, 0x7B, 0xF2, 0xFF}}},
	{{{-1746, 619, 1225}, 0, {1862, -993}, {0x34, 0x71, 0xE9, 0xFF}}},
	{{{-1577, 519, 1250}, 0, {1970, -979}, {0x47, 0x69, 0xFF, 0xFF}}},
	{{{1011, 346, 1821}, 0, {2332, -620}, {0xDD, 0x78, 0xEA, 0xFF}}},
	{{{1360, 382, 1820}, 0, {2111, -620}, {0xDD, 0x78, 0xEA, 0xFF}}},
	{{{1336, 395, 1568}, 0, {2125, -779}, {0xD4, 0x75, 0xEA, 0xFF}}},
	{{{1002, 202, 1420}, 0, {2338, -875}, {0xCA, 0x70, 0xE5, 0xFF}}},
	{{{1411, 396, 1371}, 0, {2077, -903}, {0xBB, 0x6A, 0xF5, 0xFF}}},
	{{{1124, 167, 1044}, 0, {2260, -1113}, {0xB7, 0x68, 0xFE, 0xFF}}},
	{{{1355, 370, 885}, 0, {2111, -1212}, {0xCA, 0x73, 0xFC, 0xFF}}},
	{{{1577, 519, 1250}, 0, {1970, -979}, {0xB9, 0x69, 0xFF, 0xFF}}},
	{{{1746, 619, 1225}, 0, {1862, -993}, {0xCC, 0x71, 0xE9, 0xFF}}},
	{{{1747, 329, 411}, 0, {1862, -1511}, {0xE5, 0x7B, 0xF2, 0xFF}}},
	{{{1199, 383, 430}, 0, {2208, -1500}, {0xF0, 0x7E, 0x09, 0xFF}}},
	{{{1099, 229, 642}, 0, {2273, -1367}, {0xCF, 0x74, 0x10, 0xFF}}},
	{{{932, 91, 750}, 0, {2381, -1301}, {0xBD, 0x6B, 0x12, 0xFF}}},
	{{{912, 2, 1044}, 0, {2421, -1115}, {0xC0, 0x6E, 0x04, 0xFF}}},
	{{{789, 2, 1044}, 0, {2498, -1115}, {0xE7, 0x7B, 0xEB, 0xFF}}},
	{{{726, -55, 768}, 0, {2513, -1291}, {0xEB, 0x7D, 0xF8, 0xFF}}},
};

Gfx welkit_castle_past_dl_Cube_mesh_layer_1_tri_4[] = {
	gsSPVertex(welkit_castle_past_dl_Cube_mesh_layer_1_vtx_4 + 0, 32, 0),
	gsSP2Triangles(0, 1, 2, 0, 0, 3, 1, 0),
	gsSP2Triangles(1, 3, 4, 0, 3, 5, 4, 0),
	gsSP2Triangles(3, 6, 5, 0, 5, 6, 7, 0),
	gsSP2Triangles(8, 7, 6, 0, 8, 9, 7, 0),
	gsSP2Triangles(5, 7, 10, 0, 5, 10, 11, 0),
	gsSP2Triangles(11, 10, 12, 0, 11, 12, 13, 0),
	gsSP2Triangles(14, 11, 13, 0, 15, 11, 14, 0),
	gsSP2Triangles(4, 11, 15, 0, 4, 5, 11, 0),
	gsSP2Triangles(16, 17, 18, 0, 16, 18, 19, 0),
	gsSP2Triangles(18, 20, 19, 0, 19, 20, 21, 0),
	gsSP2Triangles(20, 22, 21, 0, 20, 23, 22, 0),
	gsSP2Triangles(23, 24, 22, 0, 24, 25, 22, 0),
	gsSP2Triangles(22, 25, 26, 0, 22, 26, 27, 0),
	gsSP2Triangles(21, 22, 27, 0, 21, 27, 28, 0),
	gsSP2Triangles(21, 28, 29, 0, 30, 29, 28, 0),
	gsSP2Triangles(30, 28, 31, 0, 19, 21, 29, 0),
	gsSPEndDisplayList(),
};

Vtx welkit_castle_past_dl_Cube_mesh_layer_1_vtx_5[256] = {
	{{{-1476, 3309, 5526}, 0, {1621, 1611}, {0x7E, 0x00, 0x0F, 0xFF}}},
	{{{-1527, 3309, 5660}, 0, {1697, 1619}, {0x69, 0x00, 0x48, 0xFF}}},
	{{{-1527, 965, 5660}, 0, {1697, 153}, {0x69, 0x00, 0x48, 0xFF}}},
	{{{-1476, 965, 5526}, 0, {1621, 145}, {0x7E, 0x00, 0x0F, 0xFF}}},
	{{{-1493, 965, 5385}, 0, {1531, 144}, {0x78, 0x02, 0xD6, 0xFF}}},
	{{{-1493, 1308, 5395}, 0, {1538, 359}, {0x79, 0x00, 0xDA, 0xFF}}},
	{{{-1520, 1201, 5350}, 0, {1506, 294}, {0x6B, 0x03, 0xBC, 0xFF}}},
	{{{-1549, 965, 5290}, 0, {1465, 148}, {0x6D, 0x04, 0xBF, 0xFF}}},
	{{{-1558, 1201, 5290}, 0, {1464, 296}, {0x6D, 0x04, 0xBF, 0xFF}}},
	{{{-1493, 3309, 5385}, 0, {1531, 1610}, {0x77, 0x00, 0xD3, 0xFF}}},
	{{{-1522, 2171, 5341}, 0, {1500, 900}, {0x69, 0x00, 0xB9, 0xFF}}},
	{{{-1528, 2117, 5335}, 0, {1496, 867}, {0x69, 0x00, 0xB9, 0xFF}}},
	{{{-1581, 2116, 5290}, 0, {1461, 871}, {0x69, 0x00, 0xB9, 0xFF}}},
	{{{-1562, 1308, 5290}, 0, {1464, 363}, {0x69, 0x00, 0xB9, 0xFF}}},
	{{{-1566, 2171, 5261}, 0, {1445, 903}, {0x54, 0x01, 0xA1, 0xFF}}},
	{{{-1574, 3309, 5267}, 0, {1448, 1615}, {0x54, 0x01, 0xA1, 0xFF}}},
	{{{-2068, 3309, 5526}, 0, {-1757, 1215}, {0x82, 0x00, 0x0F, 0xFF}}},
	{{{-2051, 3309, 5385}, 0, {-1678, 1219}, {0x89, 0x01, 0xD4, 0xFF}}},
	{{{-2051, 3064, 5385}, 0, {-1678, 1065}, {0x89, 0x01, 0xD4, 0xFF}}},
	{{{-2060, 3058, 5466}, 0, {-1723, 1058}, {0x82, 0x00, 0xF1, 0xFF}}},
	{{{-2068, 2740, 5526}, 0, {-1757, 856}, {0x88, 0x00, 0x2A, 0xFF}}},
	{{{-2023, 2214, 5643}, 0, {-1836, 525}, {0x89, 0x00, 0x2D, 0xFF}}},
	{{{-2017, 2214, 5660}, 0, {-1848, 525}, {0x97, 0x00, 0x48, 0xFF}}},
	{{{-2017, 3309, 5660}, 0, {-1848, 1215}, {0x97, 0x00, 0x48, 0xFF}}},
	{{{-1975, 2216, 5697}, 0, {-1880, 528}, {0xAC, 0x00, 0x5F, 0xFF}}},
	{{{-1910, 965, 5754}, 0, {-1929, -259}, {0xC5, 0x00, 0x70, 0xFF}}},
	{{{-2017, 965, 5660}, 0, {-1848, -263}, {0x97, 0x00, 0x48, 0xFF}}},
	{{{-2017, 2111, 5660}, 0, {-1848, 460}, {0x9D, 0x00, 0x4F, 0xFF}}},
	{{{-2039, 965, 5602}, 0, {-1809, -262}, {0x89, 0x00, 0x2D, 0xFF}}},
	{{{-2040, 2107, 5599}, 0, {-1807, 457}, {0x89, 0x00, 0x2D, 0xFF}}},
	{{{-1910, 3309, 5754}, 0, {-1929, 1218}, {0xC5, 0x00, 0x70, 0xFF}}},
	{{{-2051, 3309, 5385}, 0, {3213, -1799}, {0x9A, 0xBF, 0xD9, 0xFF}}},
	{{{-2132, 3455, 5354}, 0, {3305, -1749}, {0x9A, 0xBF, 0xD9, 0xFF}}},
	{{{-2027, 3455, 5202}, 0, {3301, -1826}, {0xB8, 0xBF, 0xAE, 0xFF}}},
	{{{-1970, 3309, 5267}, 0, {3211, -1858}, {0xB8, 0xBF, 0xAE, 0xFF}}},
	{{{-1864, 3455, 5117}, 0, {3300, -1934}, {0xE6, 0xBF, 0x96, 0xFF}}},
	{{{-1843, 3309, 5201}, 0, {3210, -1942}, {0xE6, 0xBF, 0x96, 0xFF}}},
	{{{-1680, 3455, 5117}, 0, {3301, -2050}, {0x1A, 0xBF, 0x96, 0xFF}}},
	{{{-1701, 3309, 5201}, 0, {3211, -2032}, {0x1A, 0xBF, 0x96, 0xFF}}},
	{{{-1517, 3455, 5202}, 0, {3305, -2147}, {0x48, 0xBF, 0xAE, 0xFF}}},
	{{{-1574, 3309, 5267}, 0, {3213, -2107}, {0x48, 0xBF, 0xAE, 0xFF}}},
	{{{-1772, 3309, 5788}, 0, {3405, -330}, {0x00, 0xBF, 0x6D, 0xFF}}},
	{{{-1951, 3455, 5831}, 0, {3313, -214}, {0xCD, 0xBF, 0x61, 0xFF}}},
	{{{-1910, 3309, 5754}, 0, {3402, -258}, {0xCD, 0xBF, 0x61, 0xFF}}},
	{{{-1772, 3455, 5875}, 0, {3317, -308}, {0x00, 0xBF, 0x6D, 0xFF}}},
	{{{-1633, 3309, 5754}, 0, {3405, -420}, {0x33, 0xBF, 0x61, 0xFF}}},
	{{{-1593, 3455, 5831}, 0, {3317, -423}, {0x33, 0xBF, 0x61, 0xFF}}},
	{{{-1527, 3309, 5660}, 0, {3402, -505}, {0x5A, 0xBF, 0x3E, 0xFF}}},
	{{{-1455, 3455, 5709}, 0, {3313, -534}, {0x5A, 0xBF, 0x3E, 0xFF}}},
	{{{-1476, 3309, 5526}, 0, {3391, -737}, {0x6C, 0xBF, 0x0D, 0xFF}}},
	{{{-1455, 3455, 5709}, 0, {3300, -620}, {0x5A, 0xBF, 0x3E, 0xFF}}},
	{{{-1527, 3309, 5660}, 0, {3385, -661}, {0x5A, 0xBF, 0x3E, 0xFF}}},
	{{{-1390, 3455, 5537}, 0, {3308, -718}, {0x6C, 0xBF, 0x0D, 0xFF}}},
	{{{-1493, 3309, 5385}, 0, {3391, -827}, {0x66, 0xBF, 0xD9, 0xFF}}},
	{{{-1412, 3455, 5354}, 0, {3308, -834}, {0x66, 0xBF, 0xD9, 0xFF}}},
	{{{-1574, 3309, 5267}, 0, {3385, -910}, {0x48, 0xBF, 0xAE, 0xFF}}},
	{{{-1517, 3455, 5202}, 0, {3300, -942}, {0x48, 0xBF, 0xAE, 0xFF}}},
	{{{-2068, 3309, 5526}, 0, {3313, -331}, {0x94, 0xBF, 0x0D, 0xFF}}},
	{{{-2132, 3455, 5354}, 0, {3221, -214}, {0x9A, 0xBF, 0xD9, 0xFF}}},
	{{{-2051, 3309, 5385}, 0, {3309, -252}, {0x9A, 0xBF, 0xD9, 0xFF}}},
	{{{-2154, 3455, 5537}, 0, {3226, -316}, {0x94, 0xBF, 0x0D, 0xFF}}},
	{{{-2017, 3309, 5660}, 0, {3313, -421}, {0xA6, 0xBF, 0x3E, 0xFF}}},
	{{{-2089, 3455, 5709}, 0, {3226, -433}, {0xA6, 0xBF, 0x3E, 0xFF}}},
	{{{-1910, 3309, 5754}, 0, {3309, -502}, {0xCD, 0xBF, 0x61, 0xFF}}},
	{{{-2089, 3455, 5709}, 0, {3226, -433}, {0xA6, 0xBF, 0x3E, 0xFF}}},
	{{{-2017, 3309, 5660}, 0, {3313, -421}, {0xA6, 0xBF, 0x3E, 0xFF}}},
	{{{-1951, 3455, 5831}, 0, {3221, -538}, {0xCD, 0xBF, 0x61, 0xFF}}},
	{{{-2017, 965, 5660}, 0, {3252, 3077}, {0x00, 0x7F, 0x00, 0xFF}}},
	{{{-2039, 965, 5602}, 0, {3213, 3071}, {0x00, 0x7F, 0x00, 0xFF}}},
	{{{-2088, 965, 5597}, 0, {3195, 3096}, {0x00, 0x7F, 0x00, 0xFF}}},
	{{{-2054, 965, 5685}, 0, {3254, 3105}, {0x00, 0x7F, 0x00, 0xFF}}},
	{{{-1910, 965, 5754}, 0, {3337, 3047}, {0x00, 0x7F, 0x00, 0xFF}}},
	{{{-1931, 965, 5794}, 0, {3353, 3071}, {0x00, 0x7F, 0x00, 0xFF}}},
	{{{-1772, 965, 5788}, 0, {3399, 2982}, {0x00, 0x7F, 0x00, 0xFF}}},
	{{{-1772, 965, 5833}, 0, {3424, 2996}, {0x00, 0x7F, 0x00, 0xFF}}},
	{{{-1633, 965, 5754}, 0, {3424, 2895}, {0x00, 0x7F, 0x00, 0xFF}}},
	{{{-1612, 965, 5794}, 0, {3452, 2896}, {0x00, 0x7F, 0x00, 0xFF}}},
	{{{-1527, 965, 5660}, 0, {3405, 2807}, {0x00, 0x7F, 0x00, 0xFF}}},
	{{{-1490, 965, 5685}, 0, {3431, 2794}, {0x00, 0x7F, 0x00, 0xFF}}},
	{{{-1476, 965, 5526}, 0, {3348, 2737}, {0x00, 0x7F, 0x00, 0xFF}}},
	{{{-1431, 965, 5532}, 0, {3365, 2714}, {0x00, 0x7F, 0x00, 0xFF}}},
	{{{-1493, 965, 5385}, 0, {3264, 2702}, {0x00, 0x7F, 0x00, 0xFF}}},
	{{{-1451, 965, 5369}, 0, {3269, 2674}, {0x00, 0x7F, 0x00, 0xFF}}},
	{{{-1501, 965, 5290}, 0, {3210, 2677}, {0x00, 0x7F, 0x00, 0xFF}}},
	{{{-1549, 965, 5290}, 0, {3195, 2703}, {0x00, 0x7F, 0x00, 0xFF}}},
	{{{-1527, 3309, 5660}, 0, {-946, 1271}, {0x69, 0x00, 0x48, 0xFF}}},
	{{{-1633, 965, 5754}, 0, {-860, -212}, {0x3B, 0x00, 0x70, 0xFF}}},
	{{{-1527, 965, 5660}, 0, {-946, -210}, {0x69, 0x00, 0x48, 0xFF}}},
	{{{-1633, 3309, 5754}, 0, {-860, 1268}, {0x3B, 0x00, 0x70, 0xFF}}},
	{{{-1772, 965, 5788}, 0, {-771, -211}, {0x00, 0x00, 0x7F, 0xFF}}},
	{{{-1772, 3309, 5788}, 0, {-771, 1269}, {0x00, 0x00, 0x7F, 0xFF}}},
	{{{-1910, 965, 5754}, 0, {-699, -207}, {0xC5, 0x00, 0x70, 0xFF}}},
	{{{-1910, 3309, 5754}, 0, {-699, 1273}, {0xC5, 0x00, 0x70, 0xFF}}},
	{{{-2051, 3309, 5385}, 0, {2514, -620}, {0x89, 0x01, 0xD4, 0xFF}}},
	{{{-2010, 3063, 5320}, 0, {2543, -777}, {0xA3, 0x00, 0xA9, 0xFF}}},
	{{{-2051, 3064, 5385}, 0, {2513, -775}, {0x89, 0x01, 0xD4, 0xFF}}},
	{{{-1970, 3309, 5267}, 0, {2573, -623}, {0xA8, 0x00, 0xA4, 0xFF}}},
	{{{-1945, 3053, 5253}, 0, {2588, -785}, {0xC0, 0x00, 0x93, 0xFF}}},
	{{{-1843, 3309, 5201}, 0, {2657, -625}, {0xDC, 0x00, 0x86, 0xFF}}},
	{{{-1843, 2696, 5201}, 0, {2654, -1012}, {0xF9, 0x00, 0x81, 0xFF}}},
	{{{-1697, 2166, 5198}, 0, {2744, -1348}, {0x31, 0x01, 0x8B, 0xFF}}},
	{{{-1701, 3309, 5201}, 0, {2747, -625}, {0x1D, 0x01, 0x84, 0xFF}}},
	{{{-1566, 2171, 5261}, 0, {2822, -1344}, {0x54, 0x01, 0xA1, 0xFF}}},
	{{{-1574, 3309, 5267}, 0, {2822, -624}, {0x54, 0x01, 0xA1, 0xFF}}},
	{{{-1490, 965, 5685}, 0, {454, -2363}, {0x66, 0x3A, 0x30, 0xFF}}},
	{{{-1612, 965, 5794}, 0, {457, -2264}, {0x32, 0x21, 0x70, 0xFF}}},
	{{{-1329, 717, 5720}, 0, {614, -2450}, {0x5D, 0x23, 0x50, 0xFF}}},
	{{{-1563, 456, 5889}, 0, {784, -2274}, {0x2D, 0x16, 0x75, 0xFF}}},
	{{{-1772, 456, 5940}, 0, {784, -2139}, {0x00, 0x1A, 0x7C, 0xFF}}},
	{{{-1772, 965, 5833}, 0, {457, -2161}, {0x00, 0x1A, 0x7C, 0xFF}}},
	{{{-1981, 456, 5889}, 0, {779, -2029}, {0xC6, 0x1A, 0x6E, 0xFF}}},
	{{{-1931, 965, 5794}, 0, {454, -2078}, {0xC6, 0x1A, 0x6E, 0xFF}}},
	{{{-1329, 456, 5720}, 0, {779, -2452}, {0x3C, 0x11, 0x6E, 0xFF}}},
	{{{-2054, 965, 5685}, 0, {-818, -1188}, {0x9A, 0x1A, 0x47, 0xFF}}},
	{{{-2088, 965, 5597}, 0, {-758, -1186}, {0x8C, 0x19, 0x2C, 0xFF}}},
	{{{-2200, 456, 5593}, 0, {-720, -1512}, {0x8C, 0x19, 0x2C, 0xFF}}},
	{{{-2142, 456, 5746}, 0, {-823, -1515}, {0x9A, 0x1A, 0x47, 0xFF}}},
	{{{-1931, 965, 5794}, 0, {-912, -1186}, {0xC6, 0x1A, 0x6E, 0xFF}}},
	{{{-1981, 456, 5889}, 0, {-946, -1513}, {0xC6, 0x1A, 0x6E, 0xFF}}},
	{{{-1431, 965, 5532}, 0, {2055, 526}, {0x7A, 0x21, 0xF7, 0xFF}}},
	{{{-1490, 965, 5685}, 0, {2049, 614}, {0x66, 0x3A, 0x30, 0xFF}}},
	{{{-1329, 717, 5720}, 0, {2220, 651}, {0x5D, 0x23, 0x50, 0xFF}}},
	{{{-1411, 717, 5450}, 0, {2212, 474}, {0x7C, 0x1C, 0xF6, 0xFF}}},
	{{{-1451, 965, 5369}, 0, {2054, 422}, {0x77, 0x17, 0xDC, 0xFF}}},
	{{{-1424, 717, 5291}, 0, {2211, 374}, {0x7B, 0x14, 0xE7, 0xFF}}},
	{{{-1424, 717, 5291}, 0, {2211, 374}, {0x7B, 0x14, 0xE7, 0xFF}}},
	{{{-1501, 965, 5290}, 0, {2049, 368}, {0x68, 0x20, 0xBE, 0xFF}}},
	{{{-1451, 965, 5369}, 0, {2054, 422}, {0x77, 0x17, 0xDC, 0xFF}}},
	{{{1476, 3309, 5526}, 0, {1621, 1611}, {0x82, 0x00, 0x0F, 0xFF}}},
	{{{1527, 965, 5660}, 0, {1697, 153}, {0x97, 0x00, 0x48, 0xFF}}},
	{{{1527, 3309, 5660}, 0, {1697, 1619}, {0x97, 0x00, 0x48, 0xFF}}},
	{{{1476, 965, 5526}, 0, {1621, 145}, {0x82, 0x00, 0x0F, 0xFF}}},
	{{{1493, 1308, 5395}, 0, {1538, 359}, {0x87, 0x00, 0xDA, 0xFF}}},
	{{{1493, 3309, 5385}, 0, {1531, 1610}, {0x89, 0x00, 0xD3, 0xFF}}},
	{{{1522, 2171, 5341}, 0, {1500, 900}, {0x97, 0x00, 0xB9, 0xFF}}},
	{{{1566, 2171, 5261}, 0, {1445, 903}, {0xAC, 0x01, 0xA1, 0xFF}}},
	{{{1574, 3309, 5267}, 0, {1448, 1615}, {0xAC, 0x01, 0xA1, 0xFF}}},
	{{{1528, 2117, 5335}, 0, {1496, 867}, {0x97, 0x00, 0xB9, 0xFF}}},
	{{{1581, 2116, 5290}, 0, {1461, 871}, {0x97, 0x00, 0xB9, 0xFF}}},
	{{{1562, 1308, 5290}, 0, {1464, 363}, {0x97, 0x00, 0xB9, 0xFF}}},
	{{{2068, 3309, 5526}, 0, {-1757, 1215}, {0x7E, 0x00, 0x0F, 0xFF}}},
	{{{2051, 3064, 5385}, 0, {-1678, 1065}, {0x77, 0x01, 0xD4, 0xFF}}},
	{{{2051, 3309, 5385}, 0, {-1678, 1219}, {0x77, 0x01, 0xD4, 0xFF}}},
	{{{2060, 3058, 5466}, 0, {-1723, 1058}, {0x7E, 0x00, 0xF1, 0xFF}}},
	{{{2068, 2740, 5526}, 0, {-1757, 856}, {0x78, 0x00, 0x2A, 0xFF}}},
	{{{2017, 2214, 5660}, 0, {-1848, 525}, {0x69, 0x00, 0x48, 0xFF}}},
	{{{2017, 3309, 5660}, 0, {-1848, 1215}, {0x69, 0x00, 0x48, 0xFF}}},
	{{{1975, 2216, 5697}, 0, {-1880, 528}, {0x54, 0x00, 0x5F, 0xFF}}},
	{{{1910, 965, 5754}, 0, {-1929, -259}, {0x3B, 0x00, 0x70, 0xFF}}},
	{{{1910, 3309, 5754}, 0, {-1929, 1218}, {0x3B, 0x00, 0x70, 0xFF}}},
	{{{2017, 2111, 5660}, 0, {-1848, 460}, {0x63, 0x00, 0x4F, 0xFF}}},
	{{{2017, 965, 5660}, 0, {-1848, -263}, {0x69, 0x00, 0x48, 0xFF}}},
	{{{2039, 965, 5602}, 0, {-1809, -262}, {0x77, 0x00, 0x2D, 0xFF}}},
	{{{2040, 2107, 5599}, 0, {-1807, 457}, {0x77, 0x00, 0x2D, 0xFF}}},
	{{{2023, 2214, 5643}, 0, {-1836, 525}, {0x77, 0x00, 0x2D, 0xFF}}},
	{{{2051, 3309, 5385}, 0, {3213, -1799}, {0x66, 0xBF, 0xD9, 0xFF}}},
	{{{2027, 3455, 5202}, 0, {3301, -1826}, {0x48, 0xBF, 0xAE, 0xFF}}},
	{{{2132, 3455, 5354}, 0, {3305, -1749}, {0x66, 0xBF, 0xD9, 0xFF}}},
	{{{1970, 3309, 5267}, 0, {3211, -1858}, {0x48, 0xBF, 0xAE, 0xFF}}},
	{{{1864, 3455, 5117}, 0, {3300, -1934}, {0x1A, 0xBF, 0x96, 0xFF}}},
	{{{1843, 3309, 5201}, 0, {3210, -1942}, {0x1A, 0xBF, 0x96, 0xFF}}},
	{{{1680, 3455, 5117}, 0, {3301, -2050}, {0xE6, 0xBF, 0x96, 0xFF}}},
	{{{1701, 3309, 5201}, 0, {3211, -2032}, {0xE6, 0xBF, 0x96, 0xFF}}},
	{{{1517, 3455, 5202}, 0, {3305, -2147}, {0xB8, 0xBF, 0xAE, 0xFF}}},
	{{{1574, 3309, 5267}, 0, {3213, -2107}, {0xB8, 0xBF, 0xAE, 0xFF}}},
	{{{1772, 3309, 5788}, 0, {3405, -330}, {0x00, 0xBF, 0x6D, 0xFF}}},
	{{{1910, 3309, 5754}, 0, {3402, -258}, {0x33, 0xBF, 0x61, 0xFF}}},
	{{{1951, 3455, 5831}, 0, {3313, -214}, {0x33, 0xBF, 0x61, 0xFF}}},
	{{{1772, 3455, 5875}, 0, {3317, -308}, {0x00, 0xBF, 0x6D, 0xFF}}},
	{{{1633, 3309, 5754}, 0, {3405, -420}, {0xCD, 0xBF, 0x61, 0xFF}}},
	{{{1593, 3455, 5831}, 0, {3317, -423}, {0xCD, 0xBF, 0x61, 0xFF}}},
	{{{1527, 3309, 5660}, 0, {3402, -505}, {0xA6, 0xBF, 0x3E, 0xFF}}},
	{{{1455, 3455, 5709}, 0, {3313, -534}, {0xA6, 0xBF, 0x3E, 0xFF}}},
	{{{1476, 3309, 5526}, 0, {3391, -737}, {0x94, 0xBF, 0x0D, 0xFF}}},
	{{{1527, 3309, 5660}, 0, {3385, -661}, {0xA6, 0xBF, 0x3E, 0xFF}}},
	{{{1455, 3455, 5709}, 0, {3300, -620}, {0xA6, 0xBF, 0x3E, 0xFF}}},
	{{{1390, 3455, 5537}, 0, {3308, -718}, {0x94, 0xBF, 0x0D, 0xFF}}},
	{{{1493, 3309, 5385}, 0, {3391, -827}, {0x9A, 0xBF, 0xD9, 0xFF}}},
	{{{1412, 3455, 5354}, 0, {3308, -834}, {0x9A, 0xBF, 0xD9, 0xFF}}},
	{{{1574, 3309, 5267}, 0, {3385, -910}, {0xB8, 0xBF, 0xAE, 0xFF}}},
	{{{1517, 3455, 5202}, 0, {3300, -942}, {0xB8, 0xBF, 0xAE, 0xFF}}},
	{{{2068, 3309, 5526}, 0, {3313, -331}, {0x6C, 0xBF, 0x0D, 0xFF}}},
	{{{2051, 3309, 5385}, 0, {3309, -252}, {0x66, 0xBF, 0xD9, 0xFF}}},
	{{{2132, 3455, 5354}, 0, {3221, -214}, {0x66, 0xBF, 0xD9, 0xFF}}},
	{{{2154, 3455, 5537}, 0, {3226, -316}, {0x6C, 0xBF, 0x0D, 0xFF}}},
	{{{2017, 3309, 5660}, 0, {3313, -421}, {0x5A, 0xBF, 0x3E, 0xFF}}},
	{{{2089, 3455, 5709}, 0, {3226, -433}, {0x5A, 0xBF, 0x3E, 0xFF}}},
	{{{1910, 3309, 5754}, 0, {3309, -502}, {0x33, 0xBF, 0x61, 0xFF}}},
	{{{2017, 3309, 5660}, 0, {3313, -421}, {0x5A, 0xBF, 0x3E, 0xFF}}},
	{{{2089, 3455, 5709}, 0, {3226, -433}, {0x5A, 0xBF, 0x3E, 0xFF}}},
	{{{1951, 3455, 5831}, 0, {3221, -538}, {0x33, 0xBF, 0x61, 0xFF}}},
	{{{2017, 965, 5660}, 0, {3252, 3077}, {0x00, 0x7F, 0x00, 0xFF}}},
	{{{2088, 965, 5597}, 0, {3195, 3096}, {0x00, 0x7F, 0x00, 0xFF}}},
	{{{2039, 965, 5602}, 0, {3213, 3071}, {0x00, 0x7F, 0x00, 0xFF}}},
	{{{2054, 965, 5685}, 0, {3254, 3105}, {0x00, 0x7F, 0x00, 0xFF}}},
	{{{1910, 965, 5754}, 0, {3337, 3047}, {0x00, 0x7F, 0x00, 0xFF}}},
	{{{1931, 965, 5794}, 0, {3353, 3071}, {0x00, 0x7F, 0x00, 0xFF}}},
	{{{1772, 965, 5788}, 0, {3399, 2982}, {0x00, 0x7F, 0x00, 0xFF}}},
	{{{1772, 965, 5833}, 0, {3424, 2996}, {0x00, 0x7F, 0x00, 0xFF}}},
	{{{1633, 965, 5754}, 0, {3424, 2895}, {0x00, 0x7F, 0x00, 0xFF}}},
	{{{1612, 965, 5794}, 0, {3452, 2896}, {0x00, 0x7F, 0x00, 0xFF}}},
	{{{1527, 965, 5660}, 0, {3405, 2807}, {0x00, 0x7F, 0x00, 0xFF}}},
	{{{1490, 965, 5685}, 0, {3431, 2794}, {0x00, 0x7F, 0x00, 0xFF}}},
	{{{1476, 965, 5526}, 0, {3348, 2737}, {0x00, 0x7F, 0x00, 0xFF}}},
	{{{1431, 965, 5532}, 0, {3365, 2714}, {0x00, 0x7F, 0x00, 0xFF}}},
	{{{1493, 965, 5385}, 0, {3264, 2702}, {0x00, 0x7F, 0x00, 0xFF}}},
	{{{1451, 965, 5369}, 0, {3269, 2674}, {0x00, 0x7F, 0x00, 0xFF}}},
	{{{1501, 965, 5290}, 0, {3210, 2677}, {0x00, 0x7F, 0x00, 0xFF}}},
	{{{1549, 965, 5290}, 0, {3195, 2703}, {0x00, 0x7F, 0x00, 0xFF}}},
	{{{1527, 3309, 5660}, 0, {-946, 1271}, {0x97, 0x00, 0x48, 0xFF}}},
	{{{1527, 965, 5660}, 0, {-946, -210}, {0x97, 0x00, 0x48, 0xFF}}},
	{{{1633, 965, 5754}, 0, {-860, -212}, {0xC5, 0x00, 0x70, 0xFF}}},
	{{{1633, 3309, 5754}, 0, {-860, 1268}, {0xC5, 0x00, 0x70, 0xFF}}},
	{{{1772, 965, 5788}, 0, {-771, -211}, {0x00, 0x00, 0x7F, 0xFF}}},
	{{{1772, 3309, 5788}, 0, {-771, 1269}, {0x00, 0x00, 0x7F, 0xFF}}},
	{{{1910, 965, 5754}, 0, {-699, -207}, {0x3B, 0x00, 0x70, 0xFF}}},
	{{{1910, 3309, 5754}, 0, {-699, 1273}, {0x3B, 0x00, 0x70, 0xFF}}},
	{{{1493, 1308, 5395}, 0, {1538, 359}, {0x87, 0x00, 0xDA, 0xFF}}},
	{{{1493, 965, 5385}, 0, {1531, 144}, {0x88, 0x02, 0xD6, 0xFF}}},
	{{{1476, 965, 5526}, 0, {1621, 145}, {0x82, 0x00, 0x0F, 0xFF}}},
	{{{1520, 1201, 5350}, 0, {1506, 294}, {0x95, 0x03, 0xBC, 0xFF}}},
	{{{1549, 965, 5290}, 0, {1465, 148}, {0x93, 0x04, 0xBF, 0xFF}}},
	{{{1558, 1201, 5290}, 0, {1464, 296}, {0x93, 0x04, 0xBF, 0xFF}}},
	{{{2051, 3309, 5385}, 0, {2514, -620}, {0x77, 0x01, 0xD4, 0xFF}}},
	{{{2051, 3064, 5385}, 0, {2513, -775}, {0x77, 0x01, 0xD4, 0xFF}}},
	{{{2010, 3063, 5320}, 0, {2543, -777}, {0x5D, 0x00, 0xA9, 0xFF}}},
	{{{1970, 3309, 5267}, 0, {2573, -623}, {0x58, 0x00, 0xA4, 0xFF}}},
	{{{1945, 3053, 5253}, 0, {2588, -785}, {0x40, 0x00, 0x93, 0xFF}}},
	{{{1843, 3309, 5201}, 0, {2657, -625}, {0x24, 0x00, 0x86, 0xFF}}},
	{{{1843, 2696, 5201}, 0, {2654, -1012}, {0x07, 0x00, 0x81, 0xFF}}},
	{{{1697, 2166, 5198}, 0, {2744, -1348}, {0xCF, 0x01, 0x8B, 0xFF}}},
	{{{1701, 3309, 5201}, 0, {2747, -625}, {0xE3, 0x01, 0x84, 0xFF}}},
	{{{1566, 2171, 5261}, 0, {2822, -1344}, {0xAC, 0x01, 0xA1, 0xFF}}},
	{{{1574, 3309, 5267}, 0, {2822, -624}, {0xAC, 0x01, 0xA1, 0xFF}}},
	{{{1490, 965, 5685}, 0, {454, -2363}, {0x9A, 0x3A, 0x30, 0xFF}}},
	{{{1329, 717, 5720}, 0, {614, -2450}, {0xA3, 0x23, 0x50, 0xFF}}},
	{{{1612, 965, 5794}, 0, {457, -2264}, {0xCE, 0x21, 0x70, 0xFF}}},
	{{{1563, 456, 5889}, 0, {784, -2274}, {0xD3, 0x16, 0x75, 0xFF}}},
	{{{1329, 456, 5720}, 0, {779, -2452}, {0xC4, 0x11, 0x6E, 0xFF}}},
	{{{1772, 456, 5940}, 0, {784, -2139}, {0x00, 0x1A, 0x7C, 0xFF}}},
	{{{1772, 965, 5833}, 0, {457, -2161}, {0x00, 0x1A, 0x7C, 0xFF}}},
	{{{1981, 456, 5889}, 0, {779, -2029}, {0x3A, 0x1A, 0x6E, 0xFF}}},
	{{{1931, 965, 5794}, 0, {454, -2078}, {0x3A, 0x1A, 0x6E, 0xFF}}},
	{{{2054, 965, 5685}, 0, {-818, -1188}, {0x66, 0x1A, 0x47, 0xFF}}},
	{{{2200, 456, 5593}, 0, {-720, -1512}, {0x74, 0x19, 0x2C, 0xFF}}},
	{{{2088, 965, 5597}, 0, {-758, -1186}, {0x74, 0x19, 0x2C, 0xFF}}},
	{{{2142, 456, 5746}, 0, {-823, -1515}, {0x66, 0x1A, 0x47, 0xFF}}},
	{{{1931, 965, 5794}, 0, {-912, -1186}, {0x3A, 0x1A, 0x6E, 0xFF}}},
	{{{1981, 456, 5889}, 0, {-946, -1513}, {0x3A, 0x1A, 0x6E, 0xFF}}},
	{{{1431, 965, 5532}, 0, {2055, 526}, {0x86, 0x21, 0xF7, 0xFF}}},
	{{{1329, 717, 5720}, 0, {2220, 651}, {0xA3, 0x23, 0x50, 0xFF}}},
	{{{1490, 965, 5685}, 0, {2049, 614}, {0x9A, 0x3A, 0x30, 0xFF}}},
	{{{1411, 717, 5450}, 0, {2212, 474}, {0x84, 0x1C, 0xF6, 0xFF}}},
	{{{1451, 965, 5369}, 0, {2054, 422}, {0x89, 0x17, 0xDC, 0xFF}}},
	{{{1424, 717, 5291}, 0, {2211, 374}, {0x85, 0x14, 0xE7, 0xFF}}},
	{{{1501, 965, 5290}, 0, {2049, 368}, {0x98, 0x20, 0xBE, 0xFF}}},
};

Gfx welkit_castle_past_dl_Cube_mesh_layer_1_tri_5[] = {
	gsSPVertex(welkit_castle_past_dl_Cube_mesh_layer_1_vtx_5 + 0, 31, 0),
	gsSP2Triangles(0, 1, 2, 0, 0, 2, 3, 0),
	gsSP2Triangles(0, 3, 4, 0, 0, 4, 5, 0),
	gsSP2Triangles(4, 6, 5, 0, 7, 6, 4, 0),
	gsSP2Triangles(7, 8, 6, 0, 5, 9, 0, 0),
	gsSP2Triangles(9, 5, 10, 0, 5, 11, 10, 0),
	gsSP2Triangles(5, 12, 11, 0, 5, 13, 12, 0),
	gsSP2Triangles(10, 14, 9, 0, 14, 15, 9, 0),
	gsSP2Triangles(16, 17, 18, 0, 16, 18, 19, 0),
	gsSP2Triangles(19, 20, 16, 0, 16, 20, 21, 0),
	gsSP2Triangles(16, 21, 22, 0, 22, 23, 16, 0),
	gsSP2Triangles(23, 22, 24, 0, 25, 23, 24, 0),
	gsSP2Triangles(24, 26, 25, 0, 24, 27, 26, 0),
	gsSP2Triangles(27, 28, 26, 0, 27, 29, 28, 0),
	gsSP1Triangle(25, 30, 23, 0),
	gsSPVertex(welkit_castle_past_dl_Cube_mesh_layer_1_vtx_5 + 31, 32, 0),
	gsSP2Triangles(0, 1, 2, 0, 0, 2, 3, 0),
	gsSP2Triangles(3, 2, 4, 0, 3, 4, 5, 0),
	gsSP2Triangles(5, 4, 6, 0, 5, 6, 7, 0),
	gsSP2Triangles(7, 6, 8, 0, 7, 8, 9, 0),
	gsSP2Triangles(10, 11, 12, 0, 10, 13, 11, 0),
	gsSP2Triangles(14, 13, 10, 0, 14, 15, 13, 0),
	gsSP2Triangles(16, 15, 14, 0, 16, 17, 15, 0),
	gsSP2Triangles(18, 19, 20, 0, 18, 21, 19, 0),
	gsSP2Triangles(22, 21, 18, 0, 22, 23, 21, 0),
	gsSP2Triangles(24, 23, 22, 0, 24, 25, 23, 0),
	gsSP2Triangles(26, 27, 28, 0, 26, 29, 27, 0),
	gsSP2Triangles(30, 29, 26, 0, 30, 31, 29, 0),
	gsSPVertex(welkit_castle_past_dl_Cube_mesh_layer_1_vtx_5 + 63, 30, 0),
	gsSP2Triangles(0, 1, 2, 0, 0, 3, 1, 0),
	gsSP2Triangles(4, 5, 6, 0, 4, 6, 7, 0),
	gsSP2Triangles(8, 4, 7, 0, 8, 7, 9, 0),
	gsSP2Triangles(10, 8, 9, 0, 10, 9, 11, 0),
	gsSP2Triangles(12, 10, 11, 0, 12, 11, 13, 0),
	gsSP2Triangles(14, 12, 13, 0, 14, 13, 15, 0),
	gsSP2Triangles(16, 14, 15, 0, 16, 15, 17, 0),
	gsSP2Triangles(18, 16, 17, 0, 18, 17, 19, 0),
	gsSP2Triangles(20, 18, 19, 0, 20, 21, 18, 0),
	gsSP2Triangles(22, 23, 24, 0, 22, 25, 23, 0),
	gsSP2Triangles(25, 26, 23, 0, 25, 27, 26, 0),
	gsSP2Triangles(27, 28, 26, 0, 27, 29, 28, 0),
	gsSPVertex(welkit_castle_past_dl_Cube_mesh_layer_1_vtx_5 + 93, 32, 0),
	gsSP2Triangles(0, 1, 2, 0, 0, 3, 1, 0),
	gsSP2Triangles(3, 4, 1, 0, 3, 5, 4, 0),
	gsSP2Triangles(6, 4, 5, 0, 5, 7, 6, 0),
	gsSP2Triangles(5, 8, 7, 0, 8, 9, 7, 0),
	gsSP2Triangles(8, 10, 9, 0, 11, 12, 13, 0),
	gsSP2Triangles(13, 12, 14, 0, 12, 15, 14, 0),
	gsSP2Triangles(12, 16, 15, 0, 16, 17, 15, 0),
	gsSP2Triangles(16, 18, 17, 0, 13, 14, 19, 0),
	gsSP2Triangles(20, 21, 22, 0, 20, 22, 23, 0),
	gsSP2Triangles(24, 20, 23, 0, 24, 23, 25, 0),
	gsSP2Triangles(26, 27, 28, 0, 26, 28, 29, 0),
	gsSP2Triangles(30, 26, 29, 0, 30, 29, 31, 0),
	gsSPVertex(welkit_castle_past_dl_Cube_mesh_layer_1_vtx_5 + 125, 30, 0),
	gsSP2Triangles(0, 1, 2, 0, 3, 4, 5, 0),
	gsSP2Triangles(3, 6, 4, 0, 7, 6, 3, 0),
	gsSP2Triangles(3, 8, 7, 0, 7, 8, 9, 0),
	gsSP2Triangles(8, 10, 9, 0, 8, 11, 10, 0),
	gsSP2Triangles(9, 12, 7, 0, 12, 13, 7, 0),
	gsSP2Triangles(13, 14, 7, 0, 15, 16, 17, 0),
	gsSP2Triangles(15, 18, 16, 0, 18, 15, 19, 0),
	gsSP2Triangles(20, 19, 15, 0, 15, 21, 20, 0),
	gsSP2Triangles(22, 20, 21, 0, 23, 22, 21, 0),
	gsSP2Triangles(21, 24, 23, 0, 23, 25, 22, 0),
	gsSP2Triangles(23, 26, 25, 0, 25, 26, 27, 0),
	gsSP2Triangles(25, 27, 28, 0, 20, 29, 19, 0),
	gsSPVertex(welkit_castle_past_dl_Cube_mesh_layer_1_vtx_5 + 155, 32, 0),
	gsSP2Triangles(0, 1, 2, 0, 0, 3, 1, 0),
	gsSP2Triangles(3, 4, 1, 0, 3, 5, 4, 0),
	gsSP2Triangles(5, 6, 4, 0, 5, 7, 6, 0),
	gsSP2Triangles(7, 8, 6, 0, 7, 9, 8, 0),
	gsSP2Triangles(10, 11, 12, 0, 10, 12, 13, 0),
	gsSP2Triangles(14, 10, 13, 0, 14, 13, 15, 0),
	gsSP2Triangles(16, 14, 15, 0, 16, 15, 17, 0),
	gsSP2Triangles(18, 19, 20, 0, 18, 20, 21, 0),
	gsSP2Triangles(22, 18, 21, 0, 22, 21, 23, 0),
	gsSP2Triangles(24, 22, 23, 0, 24, 23, 25, 0),
	gsSP2Triangles(26, 27, 28, 0, 26, 28, 29, 0),
	gsSP2Triangles(30, 26, 29, 0, 30, 29, 31, 0),
	gsSPVertex(welkit_castle_past_dl_Cube_mesh_layer_1_vtx_5 + 187, 30, 0),
	gsSP2Triangles(0, 1, 2, 0, 0, 2, 3, 0),
	gsSP2Triangles(4, 5, 6, 0, 4, 7, 5, 0),
	gsSP2Triangles(8, 7, 4, 0, 8, 9, 7, 0),
	gsSP2Triangles(10, 9, 8, 0, 10, 11, 9, 0),
	gsSP2Triangles(12, 11, 10, 0, 12, 13, 11, 0),
	gsSP2Triangles(14, 13, 12, 0, 14, 15, 13, 0),
	gsSP2Triangles(16, 15, 14, 0, 16, 17, 15, 0),
	gsSP2Triangles(18, 17, 16, 0, 18, 19, 17, 0),
	gsSP2Triangles(20, 19, 18, 0, 20, 18, 21, 0),
	gsSP2Triangles(22, 23, 24, 0, 22, 24, 25, 0),
	gsSP2Triangles(25, 24, 26, 0, 25, 26, 27, 0),
	gsSP2Triangles(27, 26, 28, 0, 27, 28, 29, 0),
	gsSPVertex(welkit_castle_past_dl_Cube_mesh_layer_1_vtx_5 + 217, 32, 0),
	gsSP2Triangles(0, 1, 2, 0, 1, 0, 3, 0),
	gsSP2Triangles(4, 1, 3, 0, 4, 3, 5, 0),
	gsSP2Triangles(6, 7, 8, 0, 6, 8, 9, 0),
	gsSP2Triangles(9, 8, 10, 0, 9, 10, 11, 0),
	gsSP2Triangles(12, 11, 10, 0, 11, 12, 13, 0),
	gsSP2Triangles(11, 13, 14, 0, 14, 13, 15, 0),
	gsSP2Triangles(14, 15, 16, 0, 17, 18, 19, 0),
	gsSP2Triangles(18, 20, 19, 0, 18, 21, 20, 0),
	gsSP2Triangles(19, 20, 22, 0, 19, 22, 23, 0),
	gsSP2Triangles(23, 22, 24, 0, 23, 24, 25, 0),
	gsSP2Triangles(26, 27, 28, 0, 26, 29, 27, 0),
	gsSP2Triangles(30, 29, 26, 0, 30, 31, 29, 0),
	gsSPVertex(welkit_castle_past_dl_Cube_mesh_layer_1_vtx_5 + 249, 7, 0),
	gsSP2Triangles(0, 1, 2, 0, 0, 3, 1, 0),
	gsSP2Triangles(4, 3, 0, 0, 4, 5, 3, 0),
	gsSP1Triangle(5, 4, 6, 0),
	gsSPEndDisplayList(),
};

Vtx welkit_castle_past_dl_Cube_mesh_layer_1_vtx_6[401] = {
	{{{-2169, 3493, 5340}, 0, {2914, 1546}, {0xBE, 0x69, 0xE7, 0xFF}}},
	{{{-2035, 3679, 5391}, 0, {2905, 1457}, {0x9A, 0x41, 0xD9, 0xFF}}},
	{{{-1959, 3679, 5280}, 0, {2820, 1447}, {0xB8, 0x41, 0xAE, 0xFF}}},
	{{{-2053, 3493, 5173}, 0, {2786, 1531}, {0xD1, 0x69, 0xCB, 0xFF}}},
	{{{-2222, 3473, 5320}, 0, {2918, 1582}, {0x07, 0x7F, 0x03, 0xFF}}},
	{{{-2091, 3473, 5130}, 0, {2773, 1564}, {0x05, 0x7F, 0x05, 0xFF}}},
	{{{-1873, 3493, 5078}, 0, {2680, 1457}, {0xEF, 0x69, 0xBB, 0xFF}}},
	{{{-1887, 3473, 5023}, 0, {2653, 1481}, {0x02, 0x7F, 0x07, 0xFF}}},
	{{{-1670, 3493, 5078}, 0, {2621, 1344}, {0x11, 0x69, 0xBB, 0xFF}}},
	{{{-1657, 3473, 5023}, 0, {2585, 1352}, {0xFE, 0x7F, 0x07, 0xFF}}},
	{{{-1490, 3493, 5173}, 0, {2621, 1215}, {0x2F, 0x69, 0xCB, 0xFF}}},
	{{{-1452, 3473, 5130}, 0, {2585, 1206}, {0xFB, 0x7F, 0x05, 0xFF}}},
	{{{-1375, 3493, 5340}, 0, {2680, 1101}, {0x42, 0x69, 0xE7, 0xFF}}},
	{{{-1321, 3473, 5320}, 0, {2653, 1077}, {0xF9, 0x7F, 0x03, 0xFF}}},
	{{{-1350, 3493, 5542}, 0, {2786, 1028}, {0x46, 0x69, 0x09, 0xFF}}},
	{{{-1294, 3473, 5548}, 0, {2773, 994}, {0xF9, 0x7F, 0xFF, 0xFF}}},
	{{{-1423, 3493, 5732}, 0, {2914, 1012}, {0x3A, 0x69, 0x28, 0xFF}}},
	{{{-1375, 3473, 5764}, 0, {2918, 976}, {0xFA, 0x7F, 0xFC, 0xFF}}},
	{{{-1575, 3493, 5866}, 0, {3034, 1058}, {0x21, 0x69, 0x3F, 0xFF}}},
	{{{-1548, 3473, 5917}, 0, {3055, 1028}, {0xFD, 0x7F, 0xFA, 0xFF}}},
	{{{-1772, 3493, 5915}, 0, {3119, 1154}, {0x00, 0x69, 0x47, 0xFF}}},
	{{{-1772, 3473, 5972}, 0, {3151, 1137}, {0x00, 0x7F, 0xF9, 0xFF}}},
	{{{-1969, 3493, 5866}, 0, {3150, 1279}, {0xDF, 0x69, 0x3F, 0xFF}}},
	{{{-1996, 3473, 5917}, 0, {3186, 1279}, {0x03, 0x7F, 0xFA, 0xFF}}},
	{{{-2121, 3493, 5732}, 0, {3119, 1404}, {0xC6, 0x69, 0x28, 0xFF}}},
	{{{-2168, 3473, 5764}, 0, {3151, 1421}, {0x06, 0x7F, 0xFC, 0xFF}}},
	{{{-2193, 3493, 5542}, 0, {3034, 1500}, {0xBA, 0x69, 0x09, 0xFF}}},
	{{{-2250, 3473, 5548}, 0, {3055, 1530}, {0x07, 0x7F, 0xFF, 0xFF}}},
	{{{-2308, 3494, 5555}, 0, {3076, 1561}, {0x2C, 0x77, 0xFB, 0xFF}}},
	{{{-2277, 3494, 5299}, 0, {2923, 1619}, {0x29, 0x77, 0x10, 0xFF}}},
	{{{-2130, 3494, 5086}, 0, {2760, 1599}, {0x1D, 0x77, 0x21, 0xFF}}},
	{{{-1901, 3494, 4966}, 0, {2626, 1506}, {0x0A, 0x77, 0x2B, 0xFF}}},
	{{{-1657, 3473, 5023}, 0, {2585, 1352}, {0xFE, 0x7F, 0x07, 0xFF}}},
	{{{-1643, 3494, 4966}, 0, {2549, 1361}, {0xF6, 0x77, 0x2B, 0xFF}}},
	{{{-1901, 3494, 4966}, 0, {2626, 1506}, {0x0A, 0x77, 0x2B, 0xFF}}},
	{{{-1452, 3473, 5130}, 0, {2585, 1206}, {0xFB, 0x7F, 0x05, 0xFF}}},
	{{{-1414, 3494, 5086}, 0, {2549, 1197}, {0xE3, 0x77, 0x21, 0xFF}}},
	{{{-1321, 3473, 5320}, 0, {2653, 1077}, {0xF9, 0x7F, 0x03, 0xFF}}},
	{{{-1267, 3494, 5299}, 0, {2626, 1052}, {0xD7, 0x77, 0x10, 0xFF}}},
	{{{-1294, 3473, 5548}, 0, {2773, 994}, {0xF9, 0x7F, 0xFF, 0xFF}}},
	{{{-1236, 3494, 5555}, 0, {2760, 960}, {0xD4, 0x77, 0xFB, 0xFF}}},
	{{{-1375, 3473, 5764}, 0, {2918, 976}, {0xFA, 0x7F, 0xFC, 0xFF}}},
	{{{-1327, 3494, 5797}, 0, {2923, 940}, {0xDC, 0x77, 0xE7, 0xFF}}},
	{{{-1548, 3473, 5917}, 0, {3055, 1028}, {0xFD, 0x7F, 0xFA, 0xFF}}},
	{{{-1521, 3494, 5969}, 0, {3076, 998}, {0xEC, 0x77, 0xD9, 0xFF}}},
	{{{-1772, 3473, 5972}, 0, {3151, 1137}, {0x00, 0x7F, 0xF9, 0xFF}}},
	{{{-1772, 3494, 6031}, 0, {3184, 1120}, {0x00, 0x77, 0xD4, 0xFF}}},
	{{{-1996, 3473, 5917}, 0, {3186, 1279}, {0x03, 0x7F, 0xFA, 0xFF}}},
	{{{-2023, 3494, 5969}, 0, {3223, 1279}, {0x14, 0x77, 0xD9, 0xFF}}},
	{{{-2168, 3473, 5764}, 0, {3151, 1421}, {0x06, 0x7F, 0xFC, 0xFF}}},
	{{{-2216, 3494, 5797}, 0, {3184, 1438}, {0x24, 0x77, 0xE7, 0xFF}}},
	{{{-2250, 3473, 5548}, 0, {3055, 1530}, {0x07, 0x7F, 0xFF, 0xFF}}},
	{{{-2308, 3494, 5555}, 0, {3076, 1561}, {0x2C, 0x77, 0xFB, 0xFF}}},
	{{{-2193, 3493, 5542}, 0, {2097, -2025}, {0xBA, 0x69, 0x09, 0xFF}}},
	{{{-2035, 3679, 5391}, 0, {2106, -1886}, {0x9A, 0x41, 0xD9, 0xFF}}},
	{{{-2169, 3493, 5340}, 0, {2202, -1986}, {0xBE, 0x69, 0xE7, 0xFF}}},
	{{{-2051, 3679, 5524}, 0, {2037, -1912}, {0x94, 0x41, 0x0D, 0xFF}}},
	{{{-2121, 3493, 5732}, 0, {1974, -2064}, {0xC6, 0x69, 0x28, 0xFF}}},
	{{{-2004, 3679, 5650}, 0, {1955, -1938}, {0xA6, 0x41, 0x3E, 0xFF}}},
	{{{-1969, 3493, 5866}, 0, {1862, -2093}, {0xDF, 0x69, 0x3F, 0xFF}}},
	{{{-1903, 3679, 5740}, 0, {1881, -1957}, {0xCD, 0x41, 0x61, 0xFF}}},
	{{{-1772, 4342, 5490}, 0, {1862, -1511}, {0x00, 0x7F, 0x00, 0xFF}}},
	{{{-1350, 3493, 5542}, 0, {2904, 2058}, {0x46, 0x69, 0x09, 0xFF}}},
	{{{-1540, 3679, 5650}, 0, {2907, 2201}, {0x5A, 0x41, 0x3E, 0xFF}}},
	{{{-1423, 3493, 5732}, 0, {3005, 2098}, {0x3A, 0x69, 0x28, 0xFF}}},
	{{{-1492, 3679, 5524}, 0, {2840, 2175}, {0x6C, 0x41, 0x0D, 0xFF}}},
	{{{-1375, 3493, 5340}, 0, {2781, 2022}, {0x42, 0x69, 0xE7, 0xFF}}},
	{{{-1509, 3679, 5391}, 0, {2759, 2151}, {0x66, 0x41, 0xD9, 0xFF}}},
	{{{-1490, 3493, 5173}, 0, {2665, 1997}, {0x2F, 0x69, 0xCB, 0xFF}}},
	{{{-1585, 3679, 5280}, 0, {2682, 2134}, {0x48, 0x41, 0xAE, 0xFF}}},
	{{{-1772, 4342, 5490}, 0, {2665, 2584}, {0x00, 0x7F, 0x00, 0xFF}}},
	{{{-1772, 3493, 5915}, 0, {3226, 430}, {0x00, 0x69, 0x47, 0xFF}}},
	{{{-1903, 3679, 5740}, 0, {3226, 561}, {0xCD, 0x41, 0x61, 0xFF}}},
	{{{-1969, 3493, 5866}, 0, {3324, 462}, {0xDF, 0x69, 0x3F, 0xFF}}},
	{{{-1772, 3679, 5772}, 0, {3161, 540}, {0x00, 0x41, 0x6D, 0xFF}}},
	{{{-1575, 3493, 5866}, 0, {3103, 396}, {0x21, 0x69, 0x3F, 0xFF}}},
	{{{-1641, 3679, 5740}, 0, {3079, 518}, {0x33, 0x41, 0x61, 0xFF}}},
	{{{-1423, 3493, 5732}, 0, {2985, 368}, {0x3A, 0x69, 0x28, 0xFF}}},
	{{{-1540, 3679, 5650}, 0, {3001, 499}, {0x5A, 0x41, 0x3E, 0xFF}}},
	{{{-1772, 4342, 5490}, 0, {2985, 940}, {0x00, 0x7F, 0x00, 0xFF}}},
	{{{-1670, 3493, 5078}, 0, {3094, 3003}, {0x11, 0x69, 0xBB, 0xFF}}},
	{{{-1585, 3679, 5280}, 0, {3173, 3104}, {0x48, 0x41, 0xAE, 0xFF}}},
	{{{-1490, 3493, 5173}, 0, {3195, 2969}, {0x2F, 0x69, 0xCB, 0xFF}}},
	{{{-1705, 3679, 5217}, 0, {3106, 3127}, {0x1A, 0x41, 0x96, 0xFF}}},
	{{{-1873, 3493, 5078}, 0, {2973, 3046}, {0xEF, 0x69, 0xBB, 0xFF}}},
	{{{-1839, 3679, 5217}, 0, {3026, 3156}, {0xE6, 0x41, 0x96, 0xFF}}},
	{{{-2053, 3493, 5173}, 0, {2862, 3089}, {0xD1, 0x69, 0xCB, 0xFF}}},
	{{{-1959, 3679, 5280}, 0, {2952, 3184}, {0xB8, 0x41, 0xAE, 0xFF}}},
	{{{-1772, 4342, 5490}, 0, {3195, 3549}, {0x00, 0x7F, 0x00, 0xFF}}},
	{{{-2035, 3679, 5391}, 0, {2901, 3206}, {0x9A, 0x41, 0xD9, 0xFF}}},
	{{{-2032, 3451, 5985}, 0, {427, -780}, {0xCA, 0x32, 0x67, 0xFF}}},
	{{{-2023, 3494, 5969}, 0, {399, -772}, {0xCA, 0x32, 0x67, 0xFF}}},
	{{{-2216, 3494, 5797}, 0, {407, -626}, {0xA0, 0x32, 0x42, 0xFF}}},
	{{{-2232, 3451, 5808}, 0, {435, -628}, {0xA0, 0x32, 0x42, 0xFF}}},
	{{{-2232, 3451, 5808}, 0, {435, -628}, {0xA0, 0x32, 0x42, 0xFF}}},
	{{{-2216, 3494, 5797}, 0, {407, -626}, {0xA0, 0x32, 0x42, 0xFF}}},
	{{{-2308, 3494, 5555}, 0, {407, -462}, {0x8C, 0x32, 0x0E, 0xFF}}},
	{{{-2327, 3451, 5558}, 0, {435, -459}, {0x8C, 0x32, 0x0E, 0xFF}}},
	{{{-2277, 3494, 5299}, 0, {399, -319}, {0x93, 0x32, 0xD7, 0xFF}}},
	{{{-2294, 3451, 5292}, 0, {427, -311}, {0x93, 0x32, 0xD7, 0xFF}}},
	{{{-1401, 3451, 5072}, 0, {428, -1247}, {0x4D, 0x32, 0xA9, 0xFF}}},
	{{{-1414, 3494, 5086}, 0, {399, -1240}, {0x4D, 0x32, 0xA9, 0xFF}}},
	{{{-1267, 3494, 5299}, 0, {411, -1089}, {0x6D, 0x32, 0xD7, 0xFF}}},
	{{{-1250, 3451, 5292}, 0, {440, -1091}, {0x6D, 0x32, 0xD7, 0xFF}}},
	{{{-1236, 3494, 5555}, 0, {411, -926}, {0x74, 0x32, 0x0E, 0xFF}}},
	{{{-1217, 3451, 5558}, 0, {440, -923}, {0x74, 0x32, 0x0E, 0xFF}}},
	{{{-1327, 3494, 5797}, 0, {399, -788}, {0x60, 0x32, 0x42, 0xFF}}},
	{{{-1312, 3451, 5808}, 0, {428, -780}, {0x60, 0x32, 0x42, 0xFF}}},
	{{{-1772, 3451, 6049}, 0, {2480, 713}, {0x00, 0x32, 0x75, 0xFF}}},
	{{{-2023, 3494, 5969}, 0, {2447, 841}, {0xCA, 0x32, 0x67, 0xFF}}},
	{{{-2032, 3451, 5985}, 0, {2475, 850}, {0xCA, 0x32, 0x67, 0xFF}}},
	{{{-1772, 3494, 6031}, 0, {2452, 709}, {0x00, 0x32, 0x75, 0xFF}}},
	{{{-1512, 3451, 5985}, 0, {2480, 546}, {0x36, 0x32, 0x67, 0xFF}}},
	{{{-1521, 3494, 5969}, 0, {2452, 548}, {0x36, 0x32, 0x67, 0xFF}}},
	{{{-1312, 3451, 5808}, 0, {2475, 386}, {0x60, 0x32, 0x42, 0xFF}}},
	{{{-1327, 3494, 5797}, 0, {2447, 393}, {0x60, 0x32, 0x42, 0xFF}}},
	{{{-1638, 3451, 4948}, 0, {-675, 837}, {0x1C, 0x32, 0x8F, 0xFF}}},
	{{{-1414, 3494, 5086}, 0, {-643, 705}, {0x4D, 0x32, 0xA9, 0xFF}}},
	{{{-1401, 3451, 5072}, 0, {-670, 696}, {0x4D, 0x32, 0xA9, 0xFF}}},
	{{{-1643, 3494, 4966}, 0, {-647, 841}, {0x1C, 0x32, 0x8F, 0xFF}}},
	{{{-1906, 3451, 4948}, 0, {-676, 1005}, {0xE4, 0x32, 0x8F, 0xFF}}},
	{{{-1901, 3494, 4966}, 0, {-649, 1004}, {0xE4, 0x32, 0x8F, 0xFF}}},
	{{{-2142, 3451, 5072}, 0, {-675, 1163}, {0xB3, 0x32, 0xA9, 0xFF}}},
	{{{-2130, 3494, 5086}, 0, {-647, 1156}, {0xB3, 0x32, 0xA9, 0xFF}}},
	{{{-2294, 3451, 5292}, 0, {-670, 1273}, {0x93, 0x32, 0xD7, 0xFF}}},
	{{{-2277, 3494, 5299}, 0, {-643, 1263}, {0x93, 0x32, 0xD7, 0xFF}}},
	{{{2169, 3493, 5340}, 0, {2914, 1546}, {0x42, 0x69, 0xE7, 0xFF}}},
	{{{1959, 3679, 5280}, 0, {2820, 1447}, {0x48, 0x41, 0xAE, 0xFF}}},
	{{{2035, 3679, 5391}, 0, {2905, 1457}, {0x66, 0x41, 0xD9, 0xFF}}},
	{{{2053, 3493, 5173}, 0, {2786, 1531}, {0x2F, 0x69, 0xCB, 0xFF}}},
	{{{2222, 3473, 5320}, 0, {2918, 1582}, {0xF9, 0x7F, 0x03, 0xFF}}},
	{{{2250, 3473, 5548}, 0, {3055, 1530}, {0xF9, 0x7F, 0xFF, 0xFF}}},
	{{{2193, 3493, 5542}, 0, {3034, 1500}, {0x46, 0x69, 0x09, 0xFF}}},
	{{{2168, 3473, 5764}, 0, {3151, 1421}, {0xFA, 0x7F, 0xFC, 0xFF}}},
	{{{2121, 3493, 5732}, 0, {3119, 1404}, {0x3A, 0x69, 0x28, 0xFF}}},
	{{{1996, 3473, 5917}, 0, {3186, 1279}, {0xFD, 0x7F, 0xFA, 0xFF}}},
	{{{1969, 3493, 5866}, 0, {3150, 1279}, {0x21, 0x69, 0x3F, 0xFF}}},
	{{{1772, 3473, 5972}, 0, {3151, 1137}, {0x00, 0x7F, 0xF9, 0xFF}}},
	{{{1772, 3493, 5915}, 0, {3119, 1154}, {0x00, 0x69, 0x47, 0xFF}}},
	{{{1548, 3473, 5917}, 0, {3055, 1028}, {0x03, 0x7F, 0xFA, 0xFF}}},
	{{{1575, 3493, 5866}, 0, {3034, 1058}, {0xDF, 0x69, 0x3F, 0xFF}}},
	{{{1375, 3473, 5764}, 0, {2918, 976}, {0x06, 0x7F, 0xFC, 0xFF}}},
	{{{1423, 3493, 5732}, 0, {2914, 1012}, {0xC6, 0x69, 0x28, 0xFF}}},
	{{{1294, 3473, 5548}, 0, {2773, 994}, {0x07, 0x7F, 0xFF, 0xFF}}},
	{{{1350, 3493, 5542}, 0, {2786, 1028}, {0xBA, 0x69, 0x09, 0xFF}}},
	{{{1321, 3473, 5320}, 0, {2653, 1077}, {0x07, 0x7F, 0x03, 0xFF}}},
	{{{1375, 3493, 5340}, 0, {2680, 1101}, {0xBE, 0x69, 0xE7, 0xFF}}},
	{{{1452, 3473, 5130}, 0, {2585, 1206}, {0x05, 0x7F, 0x05, 0xFF}}},
	{{{1490, 3493, 5173}, 0, {2621, 1215}, {0xD1, 0x69, 0xCB, 0xFF}}},
	{{{1657, 3473, 5023}, 0, {2585, 1352}, {0x02, 0x7F, 0x07, 0xFF}}},
	{{{1670, 3493, 5078}, 0, {2621, 1344}, {0xEF, 0x69, 0xBB, 0xFF}}},
	{{{1887, 3473, 5023}, 0, {2653, 1481}, {0xFE, 0x7F, 0x07, 0xFF}}},
	{{{1873, 3493, 5078}, 0, {2680, 1457}, {0x11, 0x69, 0xBB, 0xFF}}},
	{{{2091, 3473, 5130}, 0, {2773, 1564}, {0xFB, 0x7F, 0x05, 0xFF}}},
	{{{2277, 3494, 5299}, 0, {2923, 1619}, {0xD7, 0x77, 0x10, 0xFF}}},
	{{{2308, 3494, 5555}, 0, {3076, 1561}, {0xD4, 0x77, 0xFB, 0xFF}}},
	{{{2216, 3494, 5797}, 0, {3184, 1438}, {0xDC, 0x77, 0xE7, 0xFF}}},
	{{{2023, 3494, 5969}, 0, {3223, 1279}, {0xEC, 0x77, 0xD9, 0xFF}}},
	{{{1996, 3473, 5917}, 0, {3186, 1279}, {0xFD, 0x7F, 0xFA, 0xFF}}},
	{{{1772, 3494, 6031}, 0, {3184, 1120}, {0x00, 0x77, 0xD4, 0xFF}}},
	{{{2023, 3494, 5969}, 0, {3223, 1279}, {0xEC, 0x77, 0xD9, 0xFF}}},
	{{{1772, 3473, 5972}, 0, {3151, 1137}, {0x00, 0x7F, 0xF9, 0xFF}}},
	{{{1521, 3494, 5969}, 0, {3076, 998}, {0x14, 0x77, 0xD9, 0xFF}}},
	{{{1548, 3473, 5917}, 0, {3055, 1028}, {0x03, 0x7F, 0xFA, 0xFF}}},
	{{{1327, 3494, 5797}, 0, {2923, 940}, {0x24, 0x77, 0xE7, 0xFF}}},
	{{{1375, 3473, 5764}, 0, {2918, 976}, {0x06, 0x7F, 0xFC, 0xFF}}},
	{{{1236, 3494, 5555}, 0, {2760, 960}, {0x2C, 0x77, 0xFB, 0xFF}}},
	{{{1294, 3473, 5548}, 0, {2773, 994}, {0x07, 0x7F, 0xFF, 0xFF}}},
	{{{1267, 3494, 5299}, 0, {2626, 1052}, {0x29, 0x77, 0x10, 0xFF}}},
	{{{1321, 3473, 5320}, 0, {2653, 1077}, {0x07, 0x7F, 0x03, 0xFF}}},
	{{{1414, 3494, 5086}, 0, {2549, 1197}, {0x1D, 0x77, 0x21, 0xFF}}},
	{{{1452, 3473, 5130}, 0, {2585, 1206}, {0x05, 0x7F, 0x05, 0xFF}}},
	{{{1643, 3494, 4966}, 0, {2549, 1361}, {0x0A, 0x77, 0x2B, 0xFF}}},
	{{{1657, 3473, 5023}, 0, {2585, 1352}, {0x02, 0x7F, 0x07, 0xFF}}},
	{{{1901, 3494, 4966}, 0, {2626, 1506}, {0xF6, 0x77, 0x2B, 0xFF}}},
	{{{1887, 3473, 5023}, 0, {2653, 1481}, {0xFE, 0x7F, 0x07, 0xFF}}},
	{{{2130, 3494, 5086}, 0, {2760, 1599}, {0xE3, 0x77, 0x21, 0xFF}}},
	{{{2091, 3473, 5130}, 0, {2773, 1564}, {0xFB, 0x7F, 0x05, 0xFF}}},
	{{{2277, 3494, 5299}, 0, {2923, 1619}, {0xD7, 0x77, 0x10, 0xFF}}},
	{{{2193, 3493, 5542}, 0, {2097, -2025}, {0x46, 0x69, 0x09, 0xFF}}},
	{{{2169, 3493, 5340}, 0, {2202, -1986}, {0x42, 0x69, 0xE7, 0xFF}}},
	{{{2035, 3679, 5391}, 0, {2106, -1886}, {0x66, 0x41, 0xD9, 0xFF}}},
	{{{2051, 3679, 5524}, 0, {2037, -1912}, {0x6C, 0x41, 0x0D, 0xFF}}},
	{{{1772, 4342, 5490}, 0, {1862, -1511}, {0x00, 0x7F, 0x00, 0xFF}}},
	{{{2004, 3679, 5650}, 0, {1955, -1938}, {0x5A, 0x41, 0x3E, 0xFF}}},
	{{{1903, 3679, 5740}, 0, {1881, -1957}, {0x33, 0x41, 0x61, 0xFF}}},
	{{{1969, 3493, 5866}, 0, {1862, -2093}, {0x21, 0x69, 0x3F, 0xFF}}},
	{{{2121, 3493, 5732}, 0, {1974, -2064}, {0x3A, 0x69, 0x28, 0xFF}}},
	{{{1350, 3493, 5542}, 0, {2904, 2058}, {0xBA, 0x69, 0x09, 0xFF}}},
	{{{1423, 3493, 5732}, 0, {3005, 2098}, {0xC6, 0x69, 0x28, 0xFF}}},
	{{{1540, 3679, 5650}, 0, {2907, 2201}, {0xA6, 0x41, 0x3E, 0xFF}}},
	{{{1492, 3679, 5524}, 0, {2840, 2175}, {0x94, 0x41, 0x0D, 0xFF}}},
	{{{1772, 4342, 5490}, 0, {2665, 2584}, {0x00, 0x7F, 0x00, 0xFF}}},
	{{{1509, 3679, 5391}, 0, {2759, 2151}, {0x9A, 0x41, 0xD9, 0xFF}}},
	{{{1585, 3679, 5280}, 0, {2682, 2134}, {0xB8, 0x41, 0xAE, 0xFF}}},
	{{{1490, 3493, 5173}, 0, {2665, 1997}, {0xD1, 0x69, 0xCB, 0xFF}}},
	{{{1375, 3493, 5340}, 0, {2781, 2022}, {0xBE, 0x69, 0xE7, 0xFF}}},
	{{{1772, 3493, 5915}, 0, {3226, 430}, {0x00, 0x69, 0x47, 0xFF}}},
	{{{1969, 3493, 5866}, 0, {3324, 462}, {0x21, 0x69, 0x3F, 0xFF}}},
	{{{1903, 3679, 5740}, 0, {3226, 561}, {0x33, 0x41, 0x61, 0xFF}}},
	{{{1772, 3679, 5772}, 0, {3161, 540}, {0x00, 0x41, 0x6D, 0xFF}}},
	{{{1772, 4342, 5490}, 0, {2985, 940}, {0x00, 0x7F, 0x00, 0xFF}}},
	{{{1641, 3679, 5740}, 0, {3079, 518}, {0xCD, 0x41, 0x61, 0xFF}}},
	{{{1540, 3679, 5650}, 0, {3001, 499}, {0xA6, 0x41, 0x3E, 0xFF}}},
	{{{1423, 3493, 5732}, 0, {2985, 368}, {0xC6, 0x69, 0x28, 0xFF}}},
	{{{1575, 3493, 5866}, 0, {3103, 396}, {0xDF, 0x69, 0x3F, 0xFF}}},
	{{{1670, 3493, 5078}, 0, {3094, 3003}, {0xEF, 0x69, 0xBB, 0xFF}}},
	{{{1490, 3493, 5173}, 0, {3195, 2969}, {0xD1, 0x69, 0xCB, 0xFF}}},
	{{{1585, 3679, 5280}, 0, {3173, 3104}, {0xB8, 0x41, 0xAE, 0xFF}}},
	{{{1705, 3679, 5217}, 0, {3106, 3127}, {0xE6, 0x41, 0x96, 0xFF}}},
	{{{1772, 4342, 5490}, 0, {3195, 3549}, {0x00, 0x7F, 0x00, 0xFF}}},
	{{{1839, 3679, 5217}, 0, {3026, 3156}, {0x1A, 0x41, 0x96, 0xFF}}},
	{{{1959, 3679, 5280}, 0, {2952, 3184}, {0x48, 0x41, 0xAE, 0xFF}}},
	{{{2035, 3679, 5391}, 0, {2901, 3206}, {0x66, 0x41, 0xD9, 0xFF}}},
	{{{2053, 3493, 5173}, 0, {2862, 3089}, {0x2F, 0x69, 0xCB, 0xFF}}},
	{{{1873, 3493, 5078}, 0, {2973, 3046}, {0x11, 0x69, 0xBB, 0xFF}}},
	{{{2032, 3451, 5985}, 0, {427, -780}, {0x36, 0x32, 0x67, 0xFF}}},
	{{{2216, 3494, 5797}, 0, {407, -626}, {0x60, 0x32, 0x42, 0xFF}}},
	{{{2023, 3494, 5969}, 0, {399, -772}, {0x36, 0x32, 0x67, 0xFF}}},
	{{{2232, 3451, 5808}, 0, {435, -628}, {0x60, 0x32, 0x42, 0xFF}}},
	{{{2232, 3451, 5808}, 0, {435, -628}, {0x60, 0x32, 0x42, 0xFF}}},
	{{{2308, 3494, 5555}, 0, {407, -462}, {0x74, 0x32, 0x0E, 0xFF}}},
	{{{2216, 3494, 5797}, 0, {407, -626}, {0x60, 0x32, 0x42, 0xFF}}},
	{{{2327, 3451, 5558}, 0, {435, -459}, {0x74, 0x32, 0x0E, 0xFF}}},
	{{{2277, 3494, 5299}, 0, {399, -319}, {0x6D, 0x32, 0xD7, 0xFF}}},
	{{{2294, 3451, 5292}, 0, {427, -311}, {0x6D, 0x32, 0xD7, 0xFF}}},
	{{{1401, 3451, 5072}, 0, {428, -1247}, {0xB3, 0x32, 0xA9, 0xFF}}},
	{{{1267, 3494, 5299}, 0, {411, -1089}, {0x93, 0x32, 0xD7, 0xFF}}},
	{{{1414, 3494, 5086}, 0, {399, -1240}, {0xB3, 0x32, 0xA9, 0xFF}}},
	{{{1250, 3451, 5292}, 0, {440, -1091}, {0x93, 0x32, 0xD7, 0xFF}}},
	{{{1236, 3494, 5555}, 0, {411, -926}, {0x8C, 0x32, 0x0E, 0xFF}}},
	{{{1217, 3451, 5558}, 0, {440, -923}, {0x8C, 0x32, 0x0E, 0xFF}}},
	{{{1327, 3494, 5797}, 0, {399, -788}, {0xA0, 0x32, 0x42, 0xFF}}},
	{{{1312, 3451, 5808}, 0, {428, -780}, {0xA0, 0x32, 0x42, 0xFF}}},
	{{{1772, 3451, 6049}, 0, {2480, 713}, {0x00, 0x32, 0x75, 0xFF}}},
	{{{2032, 3451, 5985}, 0, {2475, 850}, {0x36, 0x32, 0x67, 0xFF}}},
	{{{2023, 3494, 5969}, 0, {2447, 841}, {0x36, 0x32, 0x67, 0xFF}}},
	{{{1772, 3494, 6031}, 0, {2452, 709}, {0x00, 0x32, 0x75, 0xFF}}},
	{{{1512, 3451, 5985}, 0, {2480, 546}, {0xCA, 0x32, 0x67, 0xFF}}},
	{{{1521, 3494, 5969}, 0, {2452, 548}, {0xCA, 0x32, 0x67, 0xFF}}},
	{{{1312, 3451, 5808}, 0, {2475, 386}, {0xA0, 0x32, 0x42, 0xFF}}},
	{{{1327, 3494, 5797}, 0, {2447, 393}, {0xA0, 0x32, 0x42, 0xFF}}},
	{{{1638, 3451, 4948}, 0, {-675, 837}, {0xE4, 0x32, 0x8F, 0xFF}}},
	{{{1401, 3451, 5072}, 0, {-670, 696}, {0xB3, 0x32, 0xA9, 0xFF}}},
	{{{1414, 3494, 5086}, 0, {-643, 705}, {0xB3, 0x32, 0xA9, 0xFF}}},
	{{{1643, 3494, 4966}, 0, {-647, 841}, {0xE4, 0x32, 0x8F, 0xFF}}},
	{{{1906, 3451, 4948}, 0, {-676, 1005}, {0x1C, 0x32, 0x8F, 0xFF}}},
	{{{1901, 3494, 4966}, 0, {-649, 1004}, {0x1C, 0x32, 0x8F, 0xFF}}},
	{{{2142, 3451, 5072}, 0, {-675, 1163}, {0x4D, 0x32, 0xA9, 0xFF}}},
	{{{2130, 3494, 5086}, 0, {-647, 1156}, {0x4D, 0x32, 0xA9, 0xFF}}},
	{{{2294, 3451, 5292}, 0, {-670, 1273}, {0x6D, 0x32, 0xD7, 0xFF}}},
	{{{2277, 3494, 5299}, 0, {-643, 1263}, {0x6D, 0x32, 0xD7, 0xFF}}},
	{{{-2132, 3455, 5354}, 0, {3100, -1699}, {0x00, 0x81, 0x00, 0xFF}}},
	{{{-2053, 3455, 5173}, 0, {3094, -1824}, {0x14, 0x85, 0x17, 0xFF}}},
	{{{-2027, 3455, 5202}, 0, {3072, -1813}, {0x00, 0x81, 0x00, 0xFF}}},
	{{{-2169, 3455, 5340}, 0, {3125, -1699}, {0x1C, 0x85, 0x0B, 0xFF}}},
	{{{-2154, 3455, 5537}, 0, {3072, -1586}, {0x00, 0x81, 0x00, 0xFF}}},
	{{{-2193, 3455, 5542}, 0, {3094, -1574}, {0x1E, 0x85, 0xFC, 0xFF}}},
	{{{-2089, 3455, 5709}, 0, {2995, -1499}, {0x00, 0x81, 0x00, 0xFF}}},
	{{{-2121, 3455, 5732}, 0, {3009, -1478}, {0x19, 0x85, 0xEF, 0xFF}}},
	{{{-1951, 3455, 5831}, 0, {2886, -1457}, {0x00, 0x81, 0x00, 0xFF}}},
	{{{-1969, 3455, 5866}, 0, {2889, -1433}, {0x0E, 0x85, 0xE5, 0xFF}}},
	{{{-1772, 3455, 5875}, 0, {2770, -1471}, {0x00, 0x81, 0x00, 0xFF}}},
	{{{-1772, 3455, 5915}, 0, {2761, -1448}, {0x00, 0x85, 0xE2, 0xFF}}},
	{{{-1593, 3455, 5831}, 0, {2674, -1538}, {0x00, 0x81, 0x00, 0xFF}}},
	{{{-1575, 3455, 5866}, 0, {2655, -1521}, {0xF2, 0x85, 0xE5, 0xFF}}},
	{{{-1455, 3455, 5709}, 0, {2620, -1641}, {0x00, 0x81, 0x00, 0xFF}}},
	{{{-1423, 3455, 5732}, 0, {2595, -1635}, {0xE7, 0x85, 0xEF, 0xFF}}},
	{{{-1390, 3455, 5537}, 0, {2620, -1758}, {0x00, 0x81, 0x00, 0xFF}}},
	{{{-1350, 3455, 5542}, 0, {2595, -1764}, {0xE2, 0x85, 0xFC, 0xFF}}},
	{{{-1412, 3455, 5354}, 0, {2674, -1861}, {0x00, 0x81, 0x00, 0xFF}}},
	{{{-1375, 3455, 5340}, 0, {2655, -1878}, {0xE4, 0x85, 0x0B, 0xFF}}},
	{{{-1517, 3455, 5202}, 0, {2770, -1927}, {0x00, 0x81, 0x00, 0xFF}}},
	{{{-1490, 3455, 5173}, 0, {2761, -1951}, {0xEC, 0x85, 0x17, 0xFF}}},
	{{{-1680, 3455, 5117}, 0, {2886, -1941}, {0x00, 0x81, 0x00, 0xFF}}},
	{{{-1670, 3455, 5078}, 0, {2889, -1966}, {0xF9, 0x85, 0x1D, 0xFF}}},
	{{{-1864, 3455, 5117}, 0, {2995, -1900}, {0x00, 0x81, 0x00, 0xFF}}},
	{{{-1873, 3455, 5078}, 0, {3009, -1921}, {0x07, 0x85, 0x1D, 0xFF}}},
	{{{-1887, 3430, 5023}, 0, {3030, -1950}, {0x01, 0x81, 0x03, 0xFF}}},
	{{{-2091, 3430, 5130}, 0, {3127, -1841}, {0x02, 0x81, 0x02, 0xFF}}},
	{{{-2222, 3430, 5320}, 0, {3161, -1699}, {0x02, 0x81, 0x01, 0xFF}}},
	{{{-2250, 3430, 5548}, 0, {3127, -1558}, {0x03, 0x81, 0x00, 0xFF}}},
	{{{-2168, 3430, 5764}, 0, {3030, -1448}, {0x02, 0x81, 0xFF, 0xFF}}},
	{{{-1996, 3430, 5917}, 0, {2893, -1397}, {0x01, 0x81, 0xFE, 0xFF}}},
	{{{-1772, 3455, 5915}, 0, {2761, -1448}, {0x00, 0x85, 0xE2, 0xFF}}},
	{{{-1772, 3430, 5972}, 0, {2748, -1414}, {0x00, 0x81, 0xFD, 0xFF}}},
	{{{-1996, 3430, 5917}, 0, {2893, -1397}, {0x01, 0x81, 0xFE, 0xFF}}},
	{{{-1575, 3455, 5866}, 0, {2655, -1521}, {0xF2, 0x85, 0xE5, 0xFF}}},
	{{{-1548, 3430, 5917}, 0, {2628, -1497}, {0xFF, 0x81, 0xFE, 0xFF}}},
	{{{-1423, 3455, 5732}, 0, {2595, -1635}, {0xE7, 0x85, 0xEF, 0xFF}}},
	{{{-1375, 3430, 5764}, 0, {2560, -1626}, {0xFE, 0x81, 0xFF, 0xFF}}},
	{{{-1350, 3455, 5542}, 0, {2595, -1764}, {0xE2, 0x85, 0xFC, 0xFF}}},
	{{{-1294, 3430, 5548}, 0, {2560, -1772}, {0xFD, 0x81, 0x00, 0xFF}}},
	{{{-1375, 3455, 5340}, 0, {2655, -1878}, {0xE4, 0x85, 0x0B, 0xFF}}},
	{{{-1321, 3430, 5320}, 0, {2628, -1902}, {0xFE, 0x81, 0x01, 0xFF}}},
	{{{-1490, 3455, 5173}, 0, {2761, -1951}, {0xEC, 0x85, 0x17, 0xFF}}},
	{{{-1452, 3430, 5130}, 0, {2748, -1985}, {0xFE, 0x81, 0x02, 0xFF}}},
	{{{-1670, 3455, 5078}, 0, {2889, -1966}, {0xF9, 0x85, 0x1D, 0xFF}}},
	{{{-1657, 3430, 5023}, 0, {2893, -2002}, {0xFF, 0x81, 0x03, 0xFF}}},
	{{{-1873, 3455, 5078}, 0, {3009, -1921}, {0x07, 0x85, 0x1D, 0xFF}}},
	{{{-1887, 3430, 5023}, 0, {3030, -1950}, {0x01, 0x81, 0x03, 0xFF}}},
	{{{-1638, 3451, 4948}, 0, {2899, -2051}, {0x08, 0x86, 0xDF, 0xFF}}},
	{{{-1906, 3451, 4948}, 0, {3057, -1991}, {0xF8, 0x86, 0xDF, 0xFF}}},
	{{{-2091, 3430, 5130}, 0, {3127, -1841}, {0x02, 0x81, 0x02, 0xFF}}},
	{{{-2142, 3451, 5072}, 0, {3170, -1864}, {0xE9, 0x86, 0xE6, 0xFF}}},
	{{{-2222, 3430, 5320}, 0, {3161, -1699}, {0x02, 0x81, 0x01, 0xFF}}},
	{{{-2294, 3451, 5292}, 0, {3210, -1699}, {0xE0, 0x86, 0xF4, 0xFF}}},
	{{{-2250, 3430, 5548}, 0, {3127, -1558}, {0x03, 0x81, 0x00, 0xFF}}},
	{{{-2327, 3451, 5558}, 0, {3170, -1535}, {0xDE, 0x86, 0x04, 0xFF}}},
	{{{-2168, 3430, 5764}, 0, {3030, -1448}, {0x02, 0x81, 0xFF, 0xFF}}},
	{{{-2232, 3451, 5808}, 0, {3057, -1408}, {0xE4, 0x86, 0x13, 0xFF}}},
	{{{-2032, 3451, 5985}, 0, {2899, -1348}, {0xF0, 0x86, 0x1E, 0xFF}}},
	{{{-1772, 3451, 6049}, 0, {2731, -1369}, {0x00, 0x86, 0x22, 0xFF}}},
	{{{-1512, 3451, 5985}, 0, {2592, -1465}, {0x10, 0x86, 0x1E, 0xFF}}},
	{{{-1312, 3451, 5808}, 0, {2513, -1615}, {0x1C, 0x86, 0x13, 0xFF}}},
	{{{-1217, 3451, 5558}, 0, {2513, -1784}, {0x22, 0x86, 0x04, 0xFF}}},
	{{{-1321, 3430, 5320}, 0, {2628, -1902}, {0xFE, 0x81, 0x01, 0xFF}}},
	{{{-1250, 3451, 5292}, 0, {2592, -1934}, {0x20, 0x86, 0xF4, 0xFF}}},
	{{{-1217, 3451, 5558}, 0, {2513, -1784}, {0x22, 0x86, 0x04, 0xFF}}},
	{{{-1452, 3430, 5130}, 0, {2748, -1985}, {0xFE, 0x81, 0x02, 0xFF}}},
	{{{-1401, 3451, 5072}, 0, {2731, -2030}, {0x17, 0x86, 0xE6, 0xFF}}},
	{{{-1657, 3430, 5023}, 0, {2893, -2002}, {0xFF, 0x81, 0x03, 0xFF}}},
	{{{-1638, 3451, 4948}, 0, {2899, -2051}, {0x08, 0x86, 0xDF, 0xFF}}},
	{{{2132, 3455, 5354}, 0, {3100, -1699}, {0x00, 0x81, 0x00, 0xFF}}},
	{{{2027, 3455, 5202}, 0, {3072, -1813}, {0x00, 0x81, 0x00, 0xFF}}},
	{{{2053, 3455, 5173}, 0, {3094, -1824}, {0xEC, 0x85, 0x17, 0xFF}}},
	{{{1873, 3455, 5078}, 0, {3009, -1921}, {0xF9, 0x85, 0x1D, 0xFF}}},
	{{{1864, 3455, 5117}, 0, {2995, -1900}, {0x00, 0x81, 0x00, 0xFF}}},
	{{{1670, 3455, 5078}, 0, {2889, -1966}, {0x07, 0x85, 0x1D, 0xFF}}},
	{{{1680, 3455, 5117}, 0, {2886, -1941}, {0x00, 0x81, 0x00, 0xFF}}},
	{{{1490, 3455, 5173}, 0, {2761, -1951}, {0x14, 0x85, 0x17, 0xFF}}},
	{{{1517, 3455, 5202}, 0, {2770, -1927}, {0x00, 0x81, 0x00, 0xFF}}},
	{{{1375, 3455, 5340}, 0, {2655, -1878}, {0x1C, 0x85, 0x0B, 0xFF}}},
	{{{1412, 3455, 5354}, 0, {2674, -1861}, {0x00, 0x81, 0x00, 0xFF}}},
	{{{1350, 3455, 5542}, 0, {2595, -1764}, {0x1E, 0x85, 0xFC, 0xFF}}},
	{{{1390, 3455, 5537}, 0, {2620, -1758}, {0x00, 0x81, 0x00, 0xFF}}},
	{{{1423, 3455, 5732}, 0, {2595, -1635}, {0x19, 0x85, 0xEF, 0xFF}}},
	{{{1455, 3455, 5709}, 0, {2620, -1641}, {0x00, 0x81, 0x00, 0xFF}}},
	{{{1575, 3455, 5866}, 0, {2655, -1521}, {0x0E, 0x85, 0xE5, 0xFF}}},
	{{{1593, 3455, 5831}, 0, {2674, -1538}, {0x00, 0x81, 0x00, 0xFF}}},
	{{{1772, 3455, 5915}, 0, {2761, -1448}, {0x00, 0x85, 0xE2, 0xFF}}},
	{{{1772, 3455, 5875}, 0, {2770, -1471}, {0x00, 0x81, 0x00, 0xFF}}},
	{{{1969, 3455, 5866}, 0, {2889, -1433}, {0xF2, 0x85, 0xE5, 0xFF}}},
	{{{1951, 3455, 5831}, 0, {2886, -1457}, {0x00, 0x81, 0x00, 0xFF}}},
	{{{2121, 3455, 5732}, 0, {3009, -1478}, {0xE7, 0x85, 0xEF, 0xFF}}},
	{{{2089, 3455, 5709}, 0, {2995, -1499}, {0x00, 0x81, 0x00, 0xFF}}},
	{{{2193, 3455, 5542}, 0, {3094, -1574}, {0xE2, 0x85, 0xFC, 0xFF}}},
	{{{2154, 3455, 5537}, 0, {3072, -1586}, {0x00, 0x81, 0x00, 0xFF}}},
	{{{2154, 3455, 5537}, 0, {3072, -1586}, {0x00, 0x81, 0x00, 0xFF}}},
	{{{2169, 3455, 5340}, 0, {3125, -1699}, {0xE4, 0x85, 0x0B, 0xFF}}},
	{{{2193, 3455, 5542}, 0, {3094, -1574}, {0xE2, 0x85, 0xFC, 0xFF}}},
	{{{2132, 3455, 5354}, 0, {3100, -1699}, {0x00, 0x81, 0x00, 0xFF}}},
	{{{2053, 3455, 5173}, 0, {3094, -1824}, {0xEC, 0x85, 0x17, 0xFF}}},
	{{{2091, 3430, 5130}, 0, {3127, -1841}, {0xFE, 0x81, 0x02, 0xFF}}},
	{{{1887, 3430, 5023}, 0, {3030, -1950}, {0xFF, 0x81, 0x03, 0xFF}}},
	{{{1873, 3455, 5078}, 0, {3009, -1921}, {0xF9, 0x85, 0x1D, 0xFF}}},
	{{{1657, 3430, 5023}, 0, {2893, -2002}, {0x01, 0x81, 0x03, 0xFF}}},
	{{{1670, 3455, 5078}, 0, {2889, -1966}, {0x07, 0x85, 0x1D, 0xFF}}},
	{{{1452, 3430, 5130}, 0, {2748, -1985}, {0x02, 0x81, 0x02, 0xFF}}},
	{{{1490, 3455, 5173}, 0, {2761, -1951}, {0x14, 0x85, 0x17, 0xFF}}},
	{{{1321, 3430, 5320}, 0, {2628, -1902}, {0x02, 0x81, 0x01, 0xFF}}},
	{{{1375, 3455, 5340}, 0, {2655, -1878}, {0x1C, 0x85, 0x0B, 0xFF}}},
	{{{1294, 3430, 5548}, 0, {2560, -1772}, {0x03, 0x81, 0x00, 0xFF}}},
	{{{1350, 3455, 5542}, 0, {2595, -1764}, {0x1E, 0x85, 0xFC, 0xFF}}},
	{{{1375, 3430, 5764}, 0, {2560, -1626}, {0x02, 0x81, 0xFF, 0xFF}}},
	{{{1423, 3455, 5732}, 0, {2595, -1635}, {0x19, 0x85, 0xEF, 0xFF}}},
	{{{1548, 3430, 5917}, 0, {2628, -1497}, {0x01, 0x81, 0xFE, 0xFF}}},
	{{{1575, 3455, 5866}, 0, {2655, -1521}, {0x0E, 0x85, 0xE5, 0xFF}}},
	{{{1772, 3430, 5972}, 0, {2748, -1414}, {0x00, 0x81, 0xFD, 0xFF}}},
	{{{1772, 3455, 5915}, 0, {2761, -1448}, {0x00, 0x85, 0xE2, 0xFF}}},
	{{{1996, 3430, 5917}, 0, {2893, -1397}, {0xFF, 0x81, 0xFE, 0xFF}}},
	{{{1969, 3455, 5866}, 0, {2889, -1433}, {0xF2, 0x85, 0xE5, 0xFF}}},
	{{{2168, 3430, 5764}, 0, {3030, -1448}, {0xFE, 0x81, 0xFF, 0xFF}}},
	{{{2121, 3455, 5732}, 0, {3009, -1478}, {0xE7, 0x85, 0xEF, 0xFF}}},
	{{{2250, 3430, 5548}, 0, {3127, -1558}, {0xFD, 0x81, 0x00, 0xFF}}},
	{{{2222, 3430, 5320}, 0, {3161, -1699}, {0xFE, 0x81, 0x01, 0xFF}}},
	{{{2142, 3451, 5072}, 0, {3170, -1864}, {0x17, 0x86, 0xE6, 0xFF}}},
	{{{1906, 3451, 4948}, 0, {3057, -1991}, {0x08, 0x86, 0xDF, 0xFF}}},
	{{{1638, 3451, 4948}, 0, {2899, -2051}, {0xF8, 0x86, 0xDF, 0xFF}}},
	{{{1401, 3451, 5072}, 0, {2731, -2030}, {0xE9, 0x86, 0xE6, 0xFF}}},
	{{{1452, 3430, 5130}, 0, {2748, -1985}, {0x02, 0x81, 0x02, 0xFF}}},
	{{{1250, 3451, 5292}, 0, {2592, -1934}, {0xE0, 0x86, 0xF4, 0xFF}}},
	{{{1401, 3451, 5072}, 0, {2731, -2030}, {0xE9, 0x86, 0xE6, 0xFF}}},
	{{{1321, 3430, 5320}, 0, {2628, -1902}, {0x02, 0x81, 0x01, 0xFF}}},
	{{{1217, 3451, 5558}, 0, {2513, -1784}, {0xDE, 0x86, 0x04, 0xFF}}},
	{{{1294, 3430, 5548}, 0, {2560, -1772}, {0x03, 0x81, 0x00, 0xFF}}},
	{{{1312, 3451, 5808}, 0, {2513, -1615}, {0xE4, 0x86, 0x13, 0xFF}}},
	{{{1375, 3430, 5764}, 0, {2560, -1626}, {0x02, 0x81, 0xFF, 0xFF}}},
	{{{1512, 3451, 5985}, 0, {2592, -1465}, {0xF0, 0x86, 0x1E, 0xFF}}},
	{{{1548, 3430, 5917}, 0, {2628, -1497}, {0x01, 0x81, 0xFE, 0xFF}}},
	{{{1772, 3451, 6049}, 0, {2731, -1369}, {0x00, 0x86, 0x22, 0xFF}}},
	{{{1772, 3430, 5972}, 0, {2748, -1414}, {0x00, 0x81, 0xFD, 0xFF}}},
	{{{2032, 3451, 5985}, 0, {2899, -1348}, {0x10, 0x86, 0x1E, 0xFF}}},
	{{{1996, 3430, 5917}, 0, {2893, -1397}, {0xFF, 0x81, 0xFE, 0xFF}}},
	{{{2232, 3451, 5808}, 0, {3057, -1408}, {0x1C, 0x86, 0x13, 0xFF}}},
	{{{2168, 3430, 5764}, 0, {3030, -1448}, {0xFE, 0x81, 0xFF, 0xFF}}},
	{{{2327, 3451, 5558}, 0, {3170, -1535}, {0x22, 0x86, 0x04, 0xFF}}},
	{{{2250, 3430, 5548}, 0, {3127, -1558}, {0xFD, 0x81, 0x00, 0xFF}}},
	{{{2294, 3451, 5292}, 0, {3210, -1699}, {0x20, 0x86, 0xF4, 0xFF}}},
	{{{2222, 3430, 5320}, 0, {3161, -1699}, {0xFE, 0x81, 0x01, 0xFF}}},
	{{{2142, 3451, 5072}, 0, {3170, -1864}, {0x17, 0x86, 0xE6, 0xFF}}},
};

Gfx welkit_castle_past_dl_Cube_mesh_layer_1_tri_6[] = {
	gsSPVertex(welkit_castle_past_dl_Cube_mesh_layer_1_vtx_6 + 0, 32, 0),
	gsSP2Triangles(0, 1, 2, 0, 0, 2, 3, 0),
	gsSP2Triangles(3, 4, 0, 0, 3, 5, 4, 0),
	gsSP2Triangles(6, 5, 3, 0, 6, 7, 5, 0),
	gsSP2Triangles(8, 7, 6, 0, 8, 9, 7, 0),
	gsSP2Triangles(10, 9, 8, 0, 10, 11, 9, 0),
	gsSP2Triangles(12, 11, 10, 0, 12, 13, 11, 0),
	gsSP2Triangles(14, 13, 12, 0, 14, 15, 13, 0),
	gsSP2Triangles(16, 15, 14, 0, 16, 17, 15, 0),
	gsSP2Triangles(18, 17, 16, 0, 18, 19, 17, 0),
	gsSP2Triangles(20, 19, 18, 0, 20, 21, 19, 0),
	gsSP2Triangles(22, 21, 20, 0, 22, 23, 21, 0),
	gsSP2Triangles(24, 23, 22, 0, 24, 25, 23, 0),
	gsSP2Triangles(26, 25, 24, 0, 26, 27, 25, 0),
	gsSP2Triangles(0, 27, 26, 0, 0, 4, 27, 0),
	gsSP2Triangles(4, 28, 27, 0, 4, 29, 28, 0),
	gsSP2Triangles(5, 29, 4, 0, 5, 30, 29, 0),
	gsSP2Triangles(7, 30, 5, 0, 7, 31, 30, 0),
	gsSP1Triangle(9, 31, 7, 0),
	gsSPVertex(welkit_castle_past_dl_Cube_mesh_layer_1_vtx_6 + 32, 30, 0),
	gsSP2Triangles(0, 1, 2, 0, 3, 1, 0, 0),
	gsSP2Triangles(3, 4, 1, 0, 5, 4, 3, 0),
	gsSP2Triangles(5, 6, 4, 0, 7, 6, 5, 0),
	gsSP2Triangles(7, 8, 6, 0, 9, 8, 7, 0),
	gsSP2Triangles(9, 10, 8, 0, 11, 10, 9, 0),
	gsSP2Triangles(11, 12, 10, 0, 13, 12, 11, 0),
	gsSP2Triangles(13, 14, 12, 0, 15, 14, 13, 0),
	gsSP2Triangles(15, 16, 14, 0, 17, 16, 15, 0),
	gsSP2Triangles(17, 18, 16, 0, 19, 18, 17, 0),
	gsSP2Triangles(19, 20, 18, 0, 21, 22, 23, 0),
	gsSP2Triangles(21, 24, 22, 0, 25, 24, 21, 0),
	gsSP2Triangles(25, 26, 24, 0, 27, 26, 25, 0),
	gsSP2Triangles(27, 28, 26, 0, 28, 29, 26, 0),
	gsSP2Triangles(26, 29, 24, 0, 24, 29, 22, 0),
	gsSPVertex(welkit_castle_past_dl_Cube_mesh_layer_1_vtx_6 + 62, 32, 0),
	gsSP2Triangles(0, 1, 2, 0, 0, 3, 1, 0),
	gsSP2Triangles(4, 3, 0, 0, 4, 5, 3, 0),
	gsSP2Triangles(6, 5, 4, 0, 6, 7, 5, 0),
	gsSP2Triangles(7, 8, 5, 0, 5, 8, 3, 0),
	gsSP2Triangles(3, 8, 1, 0, 9, 10, 11, 0),
	gsSP2Triangles(9, 12, 10, 0, 13, 12, 9, 0),
	gsSP2Triangles(13, 14, 12, 0, 15, 14, 13, 0),
	gsSP2Triangles(15, 16, 14, 0, 16, 17, 14, 0),
	gsSP2Triangles(14, 17, 12, 0, 12, 17, 10, 0),
	gsSP2Triangles(18, 19, 20, 0, 18, 21, 19, 0),
	gsSP2Triangles(22, 21, 18, 0, 22, 23, 21, 0),
	gsSP2Triangles(24, 23, 22, 0, 24, 25, 23, 0),
	gsSP2Triangles(25, 26, 23, 0, 27, 26, 25, 0),
	gsSP2Triangles(23, 26, 21, 0, 21, 26, 19, 0),
	gsSP2Triangles(28, 29, 30, 0, 28, 30, 31, 0),
	gsSPVertex(welkit_castle_past_dl_Cube_mesh_layer_1_vtx_6 + 94, 32, 0),
	gsSP2Triangles(0, 1, 2, 0, 0, 2, 3, 0),
	gsSP2Triangles(3, 2, 4, 0, 3, 4, 5, 0),
	gsSP2Triangles(6, 7, 8, 0, 6, 8, 9, 0),
	gsSP2Triangles(9, 8, 10, 0, 9, 10, 11, 0),
	gsSP2Triangles(11, 10, 12, 0, 11, 12, 13, 0),
	gsSP2Triangles(14, 15, 16, 0, 14, 17, 15, 0),
	gsSP2Triangles(18, 17, 14, 0, 18, 19, 17, 0),
	gsSP2Triangles(20, 19, 18, 0, 20, 21, 19, 0),
	gsSP2Triangles(22, 23, 24, 0, 22, 25, 23, 0),
	gsSP2Triangles(26, 25, 22, 0, 26, 27, 25, 0),
	gsSP2Triangles(28, 27, 26, 0, 28, 29, 27, 0),
	gsSP2Triangles(30, 29, 28, 0, 30, 31, 29, 0),
	gsSPVertex(welkit_castle_past_dl_Cube_mesh_layer_1_vtx_6 + 126, 32, 0),
	gsSP2Triangles(0, 1, 2, 0, 0, 3, 1, 0),
	gsSP2Triangles(3, 0, 4, 0, 0, 5, 4, 0),
	gsSP2Triangles(0, 6, 5, 0, 6, 7, 5, 0),
	gsSP2Triangles(6, 8, 7, 0, 8, 9, 7, 0),
	gsSP2Triangles(8, 10, 9, 0, 10, 11, 9, 0),
	gsSP2Triangles(10, 12, 11, 0, 12, 13, 11, 0),
	gsSP2Triangles(12, 14, 13, 0, 14, 15, 13, 0),
	gsSP2Triangles(14, 16, 15, 0, 16, 17, 15, 0),
	gsSP2Triangles(16, 18, 17, 0, 18, 19, 17, 0),
	gsSP2Triangles(18, 20, 19, 0, 20, 21, 19, 0),
	gsSP2Triangles(20, 22, 21, 0, 22, 23, 21, 0),
	gsSP2Triangles(22, 24, 23, 0, 24, 25, 23, 0),
	gsSP2Triangles(24, 26, 25, 0, 26, 27, 25, 0),
	gsSP2Triangles(26, 3, 27, 0, 3, 4, 27, 0),
	gsSP2Triangles(27, 4, 28, 0, 4, 29, 28, 0),
	gsSP2Triangles(4, 5, 29, 0, 5, 30, 29, 0),
	gsSP2Triangles(5, 7, 30, 0, 7, 31, 30, 0),
	gsSP1Triangle(7, 9, 31, 0),
	gsSPVertex(welkit_castle_past_dl_Cube_mesh_layer_1_vtx_6 + 158, 30, 0),
	gsSP2Triangles(0, 1, 2, 0, 0, 3, 1, 0),
	gsSP2Triangles(3, 4, 1, 0, 3, 5, 4, 0),
	gsSP2Triangles(5, 6, 4, 0, 5, 7, 6, 0),
	gsSP2Triangles(7, 8, 6, 0, 7, 9, 8, 0),
	gsSP2Triangles(9, 10, 8, 0, 9, 11, 10, 0),
	gsSP2Triangles(11, 12, 10, 0, 11, 13, 12, 0),
	gsSP2Triangles(13, 14, 12, 0, 13, 15, 14, 0),
	gsSP2Triangles(15, 16, 14, 0, 15, 17, 16, 0),
	gsSP2Triangles(17, 18, 16, 0, 17, 19, 18, 0),
	gsSP2Triangles(19, 20, 18, 0, 21, 22, 23, 0),
	gsSP2Triangles(21, 23, 24, 0, 24, 23, 25, 0),
	gsSP2Triangles(26, 24, 25, 0, 27, 26, 25, 0),
	gsSP2Triangles(28, 26, 27, 0, 28, 29, 26, 0),
	gsSP2Triangles(29, 24, 26, 0, 29, 21, 24, 0),
	gsSPVertex(welkit_castle_past_dl_Cube_mesh_layer_1_vtx_6 + 188, 32, 0),
	gsSP2Triangles(0, 1, 2, 0, 0, 2, 3, 0),
	gsSP2Triangles(3, 2, 4, 0, 5, 3, 4, 0),
	gsSP2Triangles(6, 5, 4, 0, 7, 5, 6, 0),
	gsSP2Triangles(7, 8, 5, 0, 8, 3, 5, 0),
	gsSP2Triangles(8, 0, 3, 0, 9, 10, 11, 0),
	gsSP2Triangles(9, 11, 12, 0, 12, 11, 13, 0),
	gsSP2Triangles(14, 12, 13, 0, 15, 14, 13, 0),
	gsSP2Triangles(16, 14, 15, 0, 16, 17, 14, 0),
	gsSP2Triangles(17, 12, 14, 0, 17, 9, 12, 0),
	gsSP2Triangles(18, 19, 20, 0, 18, 20, 21, 0),
	gsSP2Triangles(21, 20, 22, 0, 23, 21, 22, 0),
	gsSP2Triangles(24, 23, 22, 0, 25, 24, 22, 0),
	gsSP2Triangles(26, 23, 24, 0, 26, 27, 23, 0),
	gsSP2Triangles(27, 21, 23, 0, 27, 18, 21, 0),
	gsSP2Triangles(28, 29, 30, 0, 28, 31, 29, 0),
	gsSPVertex(welkit_castle_past_dl_Cube_mesh_layer_1_vtx_6 + 220, 32, 0),
	gsSP2Triangles(0, 1, 2, 0, 0, 3, 1, 0),
	gsSP2Triangles(3, 4, 1, 0, 3, 5, 4, 0),
	gsSP2Triangles(6, 7, 8, 0, 6, 9, 7, 0),
	gsSP2Triangles(9, 10, 7, 0, 9, 11, 10, 0),
	gsSP2Triangles(11, 12, 10, 0, 11, 13, 12, 0),
	gsSP2Triangles(14, 15, 16, 0, 14, 16, 17, 0),
	gsSP2Triangles(18, 14, 17, 0, 18, 17, 19, 0),
	gsSP2Triangles(20, 18, 19, 0, 20, 19, 21, 0),
	gsSP2Triangles(22, 23, 24, 0, 22, 24, 25, 0),
	gsSP2Triangles(26, 22, 25, 0, 26, 25, 27, 0),
	gsSP2Triangles(28, 26, 27, 0, 28, 27, 29, 0),
	gsSP2Triangles(30, 28, 29, 0, 30, 29, 31, 0),
	gsSPVertex(welkit_castle_past_dl_Cube_mesh_layer_1_vtx_6 + 252, 32, 0),
	gsSP2Triangles(0, 1, 2, 0, 0, 3, 1, 0),
	gsSP2Triangles(4, 3, 0, 0, 4, 5, 3, 0),
	gsSP2Triangles(6, 5, 4, 0, 6, 7, 5, 0),
	gsSP2Triangles(8, 7, 6, 0, 8, 9, 7, 0),
	gsSP2Triangles(10, 9, 8, 0, 10, 11, 9, 0),
	gsSP2Triangles(12, 11, 10, 0, 12, 13, 11, 0),
	gsSP2Triangles(14, 13, 12, 0, 14, 15, 13, 0),
	gsSP2Triangles(16, 15, 14, 0, 16, 17, 15, 0),
	gsSP2Triangles(18, 17, 16, 0, 18, 19, 17, 0),
	gsSP2Triangles(20, 19, 18, 0, 20, 21, 19, 0),
	gsSP2Triangles(22, 21, 20, 0, 22, 23, 21, 0),
	gsSP2Triangles(24, 23, 22, 0, 24, 25, 23, 0),
	gsSP2Triangles(2, 25, 24, 0, 2, 1, 25, 0),
	gsSP2Triangles(1, 26, 25, 0, 1, 27, 26, 0),
	gsSP2Triangles(3, 27, 1, 0, 3, 28, 27, 0),
	gsSP2Triangles(5, 28, 3, 0, 5, 29, 28, 0),
	gsSP2Triangles(7, 29, 5, 0, 7, 30, 29, 0),
	gsSP2Triangles(9, 30, 7, 0, 9, 31, 30, 0),
	gsSP1Triangle(11, 31, 9, 0),
	gsSPVertex(welkit_castle_past_dl_Cube_mesh_layer_1_vtx_6 + 284, 32, 0),
	gsSP2Triangles(0, 1, 2, 0, 3, 1, 0, 0),
	gsSP2Triangles(3, 4, 1, 0, 5, 4, 3, 0),
	gsSP2Triangles(5, 6, 4, 0, 7, 6, 5, 0),
	gsSP2Triangles(7, 8, 6, 0, 9, 8, 7, 0),
	gsSP2Triangles(9, 10, 8, 0, 11, 10, 9, 0),
	gsSP2Triangles(11, 12, 10, 0, 13, 12, 11, 0),
	gsSP2Triangles(13, 14, 12, 0, 15, 14, 13, 0),
	gsSP2Triangles(15, 16, 14, 0, 16, 17, 14, 0),
	gsSP2Triangles(16, 18, 17, 0, 19, 18, 16, 0),
	gsSP2Triangles(19, 20, 18, 0, 21, 20, 19, 0),
	gsSP2Triangles(21, 22, 20, 0, 23, 22, 21, 0),
	gsSP2Triangles(23, 24, 22, 0, 25, 24, 23, 0),
	gsSP2Triangles(25, 26, 24, 0, 2, 26, 25, 0),
	gsSP2Triangles(2, 27, 26, 0, 1, 27, 2, 0),
	gsSP2Triangles(1, 28, 27, 0, 4, 28, 1, 0),
	gsSP2Triangles(4, 29, 28, 0, 6, 29, 4, 0),
	gsSP2Triangles(6, 30, 29, 0, 8, 30, 6, 0),
	gsSP2Triangles(8, 31, 30, 0, 10, 31, 8, 0),
	gsSPVertex(welkit_castle_past_dl_Cube_mesh_layer_1_vtx_6 + 316, 32, 0),
	gsSP2Triangles(0, 1, 2, 0, 3, 1, 0, 0),
	gsSP2Triangles(3, 4, 1, 0, 5, 4, 3, 0),
	gsSP2Triangles(5, 6, 4, 0, 7, 8, 9, 0),
	gsSP2Triangles(8, 10, 9, 0, 8, 11, 10, 0),
	gsSP2Triangles(11, 12, 10, 0, 11, 13, 12, 0),
	gsSP2Triangles(13, 14, 12, 0, 13, 15, 14, 0),
	gsSP2Triangles(15, 16, 14, 0, 15, 17, 16, 0),
	gsSP2Triangles(17, 18, 16, 0, 17, 19, 18, 0),
	gsSP2Triangles(19, 20, 18, 0, 19, 21, 20, 0),
	gsSP2Triangles(21, 22, 20, 0, 21, 23, 22, 0),
	gsSP2Triangles(23, 24, 22, 0, 23, 25, 24, 0),
	gsSP2Triangles(25, 26, 24, 0, 25, 27, 26, 0),
	gsSP2Triangles(27, 28, 26, 0, 27, 29, 28, 0),
	gsSP2Triangles(29, 30, 28, 0, 29, 31, 30, 0),
	gsSPVertex(welkit_castle_past_dl_Cube_mesh_layer_1_vtx_6 + 348, 32, 0),
	gsSP2Triangles(0, 1, 2, 0, 0, 3, 1, 0),
	gsSP2Triangles(3, 4, 1, 0, 1, 4, 5, 0),
	gsSP2Triangles(4, 6, 5, 0, 4, 7, 6, 0),
	gsSP2Triangles(7, 8, 6, 0, 7, 9, 8, 0),
	gsSP2Triangles(9, 10, 8, 0, 9, 11, 10, 0),
	gsSP2Triangles(11, 12, 10, 0, 11, 13, 12, 0),
	gsSP2Triangles(13, 14, 12, 0, 13, 15, 14, 0),
	gsSP2Triangles(15, 16, 14, 0, 15, 17, 16, 0),
	gsSP2Triangles(17, 18, 16, 0, 17, 19, 18, 0),
	gsSP2Triangles(19, 20, 18, 0, 19, 21, 20, 0),
	gsSP2Triangles(21, 22, 20, 0, 21, 23, 22, 0),
	gsSP2Triangles(23, 24, 22, 0, 23, 25, 24, 0),
	gsSP2Triangles(25, 26, 24, 0, 25, 2, 26, 0),
	gsSP2Triangles(2, 27, 26, 0, 2, 1, 27, 0),
	gsSP2Triangles(1, 5, 27, 0, 27, 5, 28, 0),
	gsSP2Triangles(5, 29, 28, 0, 5, 6, 29, 0),
	gsSP2Triangles(6, 30, 29, 0, 6, 8, 30, 0),
	gsSP2Triangles(8, 31, 30, 0, 8, 10, 31, 0),
	gsSPVertex(welkit_castle_past_dl_Cube_mesh_layer_1_vtx_6 + 380, 21, 0),
	gsSP2Triangles(0, 1, 2, 0, 0, 3, 1, 0),
	gsSP2Triangles(3, 4, 1, 0, 3, 5, 4, 0),
	gsSP2Triangles(5, 6, 4, 0, 5, 7, 6, 0),
	gsSP2Triangles(7, 8, 6, 0, 7, 9, 8, 0),
	gsSP2Triangles(9, 10, 8, 0, 9, 11, 10, 0),
	gsSP2Triangles(11, 12, 10, 0, 11, 13, 12, 0),
	gsSP2Triangles(13, 14, 12, 0, 13, 15, 14, 0),
	gsSP2Triangles(15, 16, 14, 0, 15, 17, 16, 0),
	gsSP2Triangles(17, 18, 16, 0, 17, 19, 18, 0),
	gsSP1Triangle(19, 20, 18, 0),
	gsSPEndDisplayList(),
};

Vtx welkit_castle_past_dl_Cylinder_001_mesh_layer_1_vtx_cull[8] = {
	{{{-1438, 456, 6608}, 0, {0, 0}, {0x00, 0x00, 0x00, 0x00}}},
	{{{-1438, 717, 6608}, 0, {0, 0}, {0x00, 0x00, 0x00, 0x00}}},
	{{{-1438, 717, 5169}, 0, {0, 0}, {0x00, 0x00, 0x00, 0x00}}},
	{{{-1438, 456, 5169}, 0, {0, 0}, {0x00, 0x00, 0x00, 0x00}}},
	{{{1438, 456, 6608}, 0, {0, 0}, {0x00, 0x00, 0x00, 0x00}}},
	{{{1438, 717, 6608}, 0, {0, 0}, {0x00, 0x00, 0x00, 0x00}}},
	{{{1438, 717, 5169}, 0, {0, 0}, {0x00, 0x00, 0x00, 0x00}}},
	{{{1438, 456, 5169}, 0, {0, 0}, {0x00, 0x00, 0x00, 0x00}}},
};

Vtx welkit_castle_past_dl_Cylinder_001_mesh_layer_1_vtx_0[225] = {
	{{{867, 489, 5169}, 0, {2091, 496}, {0x00, 0x00, 0x7F, 0xFF}}},
	{{{867, 489, 5169}, 0, {2091, -2557}, {0x00, 0x00, 0x7F, 0xFF}}},
	{{{851, 489, 5339}, 0, {1900, -2557}, {0x00, 0x00, 0x7F, 0xFF}}},
	{{{851, 489, 5339}, 0, {1900, 496}, {0x00, 0x00, 0x7F, 0xFF}}},
	{{{801, 489, 5501}, 0, {1709, -2557}, {0x00, 0x00, 0x7F, 0xFF}}},
	{{{801, 489, 5501}, 0, {1709, 496}, {0x00, 0x00, 0x7F, 0xFF}}},
	{{{721, 489, 5651}, 0, {1519, -2557}, {0x00, 0x00, 0x7F, 0xFF}}},
	{{{721, 489, 5651}, 0, {1519, 496}, {0x00, 0x00, 0x7F, 0xFF}}},
	{{{613, 489, 5783}, 0, {1328, -2557}, {0x00, 0x00, 0x7F, 0xFF}}},
	{{{613, 489, 5783}, 0, {1328, 496}, {0x00, 0x00, 0x7F, 0xFF}}},
	{{{482, 489, 5891}, 0, {1137, -2557}, {0x00, 0x00, 0x7F, 0xFF}}},
	{{{482, 489, 5891}, 0, {1137, 496}, {0x00, 0x00, 0x7F, 0xFF}}},
	{{{332, 489, 5971}, 0, {946, -2557}, {0x00, 0x00, 0x7F, 0xFF}}},
	{{{332, 489, 5971}, 0, {946, 496}, {0x00, 0x00, 0x7F, 0xFF}}},
	{{{169, 489, 6020}, 0, {755, -2557}, {0x00, 0x00, 0x7F, 0xFF}}},
	{{{169, 489, 6020}, 0, {755, 496}, {0x00, 0x00, 0x7F, 0xFF}}},
	{{{0, 489, 6037}, 0, {565, -2557}, {0x00, 0x00, 0x7F, 0xFF}}},
	{{{0, 489, 6037}, 0, {565, 496}, {0x00, 0x00, 0x7F, 0xFF}}},
	{{{-169, 489, 6020}, 0, {374, -2557}, {0x00, 0x00, 0x7F, 0xFF}}},
	{{{-169, 489, 6020}, 0, {374, 496}, {0x00, 0x00, 0x7F, 0xFF}}},
	{{{-332, 489, 5971}, 0, {183, -2557}, {0x00, 0x00, 0x7F, 0xFF}}},
	{{{-332, 489, 5971}, 0, {183, 496}, {0x00, 0x00, 0x7F, 0xFF}}},
	{{{-482, 489, 5891}, 0, {-8, -2557}, {0x00, 0x00, 0x7F, 0xFF}}},
	{{{-482, 489, 5891}, 0, {-8, 496}, {0x00, 0x00, 0x7F, 0xFF}}},
	{{{-613, 489, 5783}, 0, {-199, -2557}, {0x00, 0x00, 0x7F, 0xFF}}},
	{{{-613, 489, 5783}, 0, {-199, 496}, {0x00, 0x00, 0x7F, 0xFF}}},
	{{{-721, 489, 5651}, 0, {-389, -2557}, {0x00, 0x00, 0x7F, 0xFF}}},
	{{{-721, 489, 5651}, 0, {-389, 496}, {0x00, 0x00, 0x7F, 0xFF}}},
	{{{-801, 489, 5501}, 0, {-580, -2557}, {0x00, 0x00, 0x7F, 0xFF}}},
	{{{-801, 489, 5501}, 0, {-580, 496}, {0x00, 0x00, 0x7F, 0xFF}}},
	{{{-851, 489, 5339}, 0, {-771, -2557}, {0x00, 0x00, 0x7F, 0xFF}}},
	{{{-851, 489, 5339}, 0, {-771, 496}, {0x00, 0x00, 0x7F, 0xFF}}},
	{{{-851, 489, 5339}, 0, {-771, 496}, {0x00, 0x00, 0x7F, 0xFF}}},
	{{{-851, 489, 5339}, 0, {-771, -2557}, {0x00, 0x00, 0x7F, 0xFF}}},
	{{{-867, 489, 5169}, 0, {-962, -2557}, {0x00, 0x00, 0x7F, 0xFF}}},
	{{{-867, 489, 5169}, 0, {-962, 496}, {0x00, 0x00, 0x7F, 0xFF}}},
	{{{-1411, 717, 5450}, 0, {1536, 3531}, {0x0B, 0x7E, 0xFE, 0xFF}}},
	{{{-1157, 691, 5169}, 0, {1358, 3371}, {0x0B, 0x7E, 0xFF, 0xFF}}},
	{{{-1438, 717, 5169}, 0, {1359, 3549}, {0x0B, 0x7E, 0xFF, 0xFF}}},
	{{{-1135, 691, 5395}, 0, {1501, 3357}, {0x0B, 0x7E, 0xFE, 0xFF}}},
	{{{-1329, 717, 5720}, 0, {1707, 3479}, {0x0B, 0x7E, 0xFC, 0xFF}}},
	{{{-1069, 691, 5612}, 0, {1638, 3315}, {0x0B, 0x7E, 0xFC, 0xFF}}},
	{{{-962, 691, 5812}, 0, {1764, 3247}, {0x0A, 0x7E, 0xFA, 0xFF}}},
	{{{-1196, 717, 5969}, 0, {1864, 3395}, {0x0A, 0x7E, 0xFA, 0xFF}}},
	{{{-1017, 717, 6187}, 0, {2002, 3282}, {0x08, 0x7E, 0xF8, 0xFF}}},
	{{{-818, 691, 5988}, 0, {1875, 3156}, {0x08, 0x7E, 0xF8, 0xFF}}},
	{{{-799, 717, 6365}, 0, {2115, 3144}, {0x06, 0x7E, 0xF6, 0xFF}}},
	{{{-643, 691, 6132}, 0, {1966, 3045}, {0x06, 0x7E, 0xF6, 0xFF}}},
	{{{-550, 717, 6498}, 0, {2199, 2986}, {0x04, 0x7E, 0xF5, 0xFF}}},
	{{{-443, 691, 6239}, 0, {2034, 2918}, {0x04, 0x7E, 0xF5, 0xFF}}},
	{{{-281, 717, 6580}, 0, {2250, 2816}, {0x02, 0x7E, 0xF5, 0xFF}}},
	{{{-226, 691, 6304}, 0, {2075, 2781}, {0x02, 0x7E, 0xF5, 0xFF}}},
	{{{0, 717, 6608}, 0, {2268, 2638}, {0x00, 0x7E, 0xF5, 0xFF}}},
	{{{0, 691, 6327}, 0, {2089, 2638}, {0x00, 0x7E, 0xF5, 0xFF}}},
	{{{281, 717, 6580}, 0, {2250, 2460}, {0xFE, 0x7E, 0xF5, 0xFF}}},
	{{{226, 691, 6304}, 0, {2075, 2495}, {0xFE, 0x7E, 0xF5, 0xFF}}},
	{{{550, 717, 6498}, 0, {2199, 2289}, {0xFC, 0x7E, 0xF5, 0xFF}}},
	{{{443, 691, 6239}, 0, {2034, 2358}, {0xFC, 0x7E, 0xF5, 0xFF}}},
	{{{799, 717, 6365}, 0, {2115, 2132}, {0xFA, 0x7E, 0xF6, 0xFF}}},
	{{{643, 691, 6132}, 0, {1966, 2231}, {0xFA, 0x7E, 0xF6, 0xFF}}},
	{{{1017, 717, 6187}, 0, {2002, 1994}, {0xF8, 0x7E, 0xF8, 0xFF}}},
	{{{818, 691, 5988}, 0, {1875, 2120}, {0xF8, 0x7E, 0xF8, 0xFF}}},
	{{{1196, 717, 5969}, 0, {1864, 1881}, {0xF6, 0x7E, 0xFA, 0xFF}}},
	{{{962, 691, 5812}, 0, {1764, 2029}, {0xF6, 0x7E, 0xFA, 0xFF}}},
	{{{1329, 717, 5720}, 0, {1707, 1797}, {0xF5, 0x7E, 0xFC, 0xFF}}},
	{{{962, 691, 5812}, 0, {1764, 2029}, {0xF6, 0x7E, 0xFA, 0xFF}}},
	{{{1196, 717, 5969}, 0, {1864, 1881}, {0xF6, 0x7E, 0xFA, 0xFF}}},
	{{{1069, 691, 5612}, 0, {1638, 1961}, {0xF5, 0x7E, 0xFC, 0xFF}}},
	{{{1411, 717, 5450}, 0, {1536, 1745}, {0xF5, 0x7E, 0xFE, 0xFF}}},
	{{{1135, 691, 5395}, 0, {1501, 1919}, {0xF5, 0x7E, 0xFE, 0xFF}}},
	{{{1157, 691, 5169}, 0, {1358, 1905}, {0xF5, 0x7E, 0xFF, 0xFF}}},
	{{{1438, 717, 5169}, 0, {1359, 1727}, {0xF5, 0x7E, 0xFF, 0xFF}}},
	{{{-1157, 691, 5169}, 0, {2888, 2793}, {0x00, 0x00, 0x81, 0xFF}}},
	{{{-1438, 456, 5169}, 0, {3027, 2607}, {0x00, 0x00, 0x81, 0xFF}}},
	{{{-1438, 717, 5169}, 0, {2862, 2616}, {0x00, 0x00, 0x81, 0xFF}}},
	{{{-1157, 481, 5169}, 0, {3021, 2785}, {0x00, 0x00, 0x81, 0xFF}}},
	{{{-867, 489, 5169}, 0, {3027, 2969}, {0x00, 0x00, 0x81, 0xFF}}},
	{{{1157, 481, 5169}, 0, {3032, 2785}, {0x00, 0x00, 0x81, 0xFF}}},
	{{{1438, 717, 5169}, 0, {3192, 2616}, {0x00, 0x00, 0x81, 0xFF}}},
	{{{1438, 456, 5169}, 0, {3027, 2607}, {0x00, 0x00, 0x81, 0xFF}}},
	{{{1157, 691, 5169}, 0, {3165, 2793}, {0x00, 0x00, 0x81, 0xFF}}},
	{{{867, 489, 5169}, 0, {3027, 2969}, {0x00, 0x00, 0x81, 0xFF}}},
	{{{1411, 717, 5450}, 0, {1531, -523}, {0x7D, 0x00, 0x19, 0xFF}}},
	{{{1438, 456, 5169}, 0, {1697, -698}, {0x7E, 0x00, 0x0C, 0xFF}}},
	{{{1438, 717, 5169}, 0, {1531, -698}, {0x7E, 0x00, 0x0C, 0xFF}}},
	{{{1411, 456, 5450}, 0, {1697, -523}, {0x7D, 0x00, 0x19, 0xFF}}},
	{{{1329, 717, 5720}, 0, {1531, -344}, {0x75, 0x00, 0x31, 0xFF}}},
	{{{1329, 456, 5720}, 0, {1697, -344}, {0x75, 0x00, 0x31, 0xFF}}},
	{{{1196, 717, 5969}, 0, {1531, -169}, {0x6A, 0x00, 0x47, 0xFF}}},
	{{{1196, 456, 5969}, 0, {1697, -169}, {0x6A, 0x00, 0x47, 0xFF}}},
	{{{1017, 717, 6187}, 0, {1531, -4}, {0x5A, 0x00, 0x5A, 0xFF}}},
	{{{1017, 456, 6187}, 0, {1697, -4}, {0x5A, 0x00, 0x5A, 0xFF}}},
	{{{799, 717, 6365}, 0, {1531, 144}, {0x47, 0x00, 0x6A, 0xFF}}},
	{{{799, 456, 6365}, 0, {1697, 144}, {0x47, 0x00, 0x6A, 0xFF}}},
	{{{-1438, 717, 5169}, 0, {1697, -781}, {0x82, 0x00, 0x0C, 0xFF}}},
	{{{-1438, 456, 5169}, 0, {1862, -781}, {0x82, 0x00, 0x0C, 0xFF}}},
	{{{-1411, 456, 5450}, 0, {1862, -956}, {0x83, 0x00, 0x19, 0xFF}}},
	{{{-1411, 717, 5450}, 0, {1697, -956}, {0x83, 0x00, 0x19, 0xFF}}},
	{{{-1329, 456, 5720}, 0, {1862, -1135}, {0x8B, 0x00, 0x31, 0xFF}}},
	{{{-1329, 717, 5720}, 0, {1697, -1135}, {0x8B, 0x00, 0x31, 0xFF}}},
	{{{-1196, 456, 5969}, 0, {1862, -1310}, {0x96, 0x00, 0x47, 0xFF}}},
	{{{-1196, 717, 5969}, 0, {1697, -1310}, {0x96, 0x00, 0x47, 0xFF}}},
	{{{-1017, 456, 6187}, 0, {1862, -1475}, {0xA6, 0x00, 0x5A, 0xFF}}},
	{{{-1017, 717, 6187}, 0, {1697, -1475}, {0xA6, 0x00, 0x5A, 0xFF}}},
	{{{-1017, 717, 6187}, 0, {1697, 352}, {0xA6, 0x00, 0x5A, 0xFF}}},
	{{{-1017, 456, 6187}, 0, {1862, 352}, {0xA6, 0x00, 0x5A, 0xFF}}},
	{{{-799, 456, 6365}, 0, {1862, 187}, {0xB9, 0x00, 0x6A, 0xFF}}},
	{{{-799, 717, 6365}, 0, {1697, 187}, {0xB9, 0x00, 0x6A, 0xFF}}},
	{{{-550, 456, 6498}, 0, {1862, 12}, {0xCF, 0x00, 0x75, 0xFF}}},
	{{{-550, 717, 6498}, 0, {1697, 12}, {0xCF, 0x00, 0x75, 0xFF}}},
	{{{-281, 456, 6580}, 0, {1862, -166}, {0xE7, 0x00, 0x7D, 0xFF}}},
	{{{-281, 717, 6580}, 0, {1697, -166}, {0xE7, 0x00, 0x7D, 0xFF}}},
	{{{0, 456, 6608}, 0, {1862, -341}, {0x00, 0x00, 0x7F, 0xFF}}},
	{{{0, 717, 6608}, 0, {1697, -341}, {0x00, 0x00, 0x7F, 0xFF}}},
	{{{281, 456, 6580}, 0, {1862, -506}, {0x19, 0x00, 0x7D, 0xFF}}},
	{{{281, 717, 6580}, 0, {1697, -506}, {0x19, 0x00, 0x7D, 0xFF}}},
	{{{550, 456, 6498}, 0, {1862, -655}, {0x31, 0x00, 0x75, 0xFF}}},
	{{{550, 717, 6498}, 0, {1697, -655}, {0x31, 0x00, 0x75, 0xFF}}},
	{{{799, 456, 6365}, 0, {1862, -781}, {0x47, 0x00, 0x6A, 0xFF}}},
	{{{799, 717, 6365}, 0, {1697, -781}, {0x47, 0x00, 0x6A, 0xFF}}},
	{{{-1157, 481, 5169}, 0, {-962, 496}, {0x08, 0x81, 0xFF, 0xFF}}},
	{{{-867, 489, 5169}, 0, {-962, -2557}, {0x03, 0x81, 0x00, 0xFF}}},
	{{{-851, 489, 5339}, 0, {-771, -2557}, {0x03, 0x81, 0xFF, 0xFF}}},
	{{{-1135, 481, 5395}, 0, {-771, 496}, {0x08, 0x81, 0xFE, 0xFF}}},
	{{{-1069, 481, 5612}, 0, {-580, 496}, {0x07, 0x81, 0xFD, 0xFF}}},
	{{{-801, 489, 5501}, 0, {-580, -2557}, {0x03, 0x81, 0xFF, 0xFF}}},
	{{{-801, 489, 5501}, 0, {-580, -2557}, {0x03, 0x81, 0xFF, 0xFF}}},
	{{{-962, 481, 5812}, 0, {-389, 496}, {0x06, 0x81, 0xFC, 0xFF}}},
	{{{-1069, 481, 5612}, 0, {-580, 496}, {0x07, 0x81, 0xFD, 0xFF}}},
	{{{-721, 489, 5651}, 0, {-389, -2557}, {0x03, 0x81, 0xFE, 0xFF}}},
	{{{-818, 481, 5988}, 0, {-199, 496}, {0x05, 0x81, 0xFB, 0xFF}}},
	{{{-613, 489, 5783}, 0, {-199, -2557}, {0x02, 0x81, 0xFE, 0xFF}}},
	{{{-643, 481, 6132}, 0, {-8, 496}, {0x04, 0x81, 0xFA, 0xFF}}},
	{{{-482, 489, 5891}, 0, {-8, -2557}, {0x02, 0x81, 0xFD, 0xFF}}},
	{{{-443, 481, 6239}, 0, {183, 496}, {0x03, 0x81, 0xF9, 0xFF}}},
	{{{-332, 489, 5971}, 0, {183, -2557}, {0x01, 0x81, 0xFD, 0xFF}}},
	{{{-226, 481, 6304}, 0, {374, 496}, {0x02, 0x81, 0xF8, 0xFF}}},
	{{{-169, 489, 6020}, 0, {374, -2557}, {0x01, 0x81, 0xFD, 0xFF}}},
	{{{0, 481, 6327}, 0, {565, 496}, {0x00, 0x81, 0xF8, 0xFF}}},
	{{{0, 489, 6037}, 0, {565, -2557}, {0x00, 0x81, 0xFD, 0xFF}}},
	{{{226, 481, 6304}, 0, {755, 496}, {0xFE, 0x81, 0xF8, 0xFF}}},
	{{{169, 489, 6020}, 0, {755, -2557}, {0xFF, 0x81, 0xFD, 0xFF}}},
	{{{332, 489, 5971}, 0, {946, -2557}, {0xFF, 0x81, 0xFD, 0xFF}}},
	{{{443, 481, 6239}, 0, {946, 496}, {0xFD, 0x81, 0xF9, 0xFF}}},
	{{{643, 481, 6132}, 0, {1137, 496}, {0xFC, 0x81, 0xFA, 0xFF}}},
	{{{482, 489, 5891}, 0, {1137, -2557}, {0xFE, 0x81, 0xFD, 0xFF}}},
	{{{818, 481, 5988}, 0, {1328, 496}, {0xFB, 0x81, 0xFB, 0xFF}}},
	{{{613, 489, 5783}, 0, {1328, -2557}, {0xFE, 0x81, 0xFE, 0xFF}}},
	{{{962, 481, 5812}, 0, {1519, 496}, {0xFA, 0x81, 0xFC, 0xFF}}},
	{{{721, 489, 5651}, 0, {1519, -2557}, {0xFD, 0x81, 0xFE, 0xFF}}},
	{{{1069, 481, 5612}, 0, {1709, 496}, {0xF9, 0x81, 0xFD, 0xFF}}},
	{{{801, 489, 5501}, 0, {1709, -2557}, {0xFD, 0x81, 0xFF, 0xFF}}},
	{{{1135, 481, 5395}, 0, {1900, 496}, {0xF8, 0x81, 0xFE, 0xFF}}},
	{{{851, 489, 5339}, 0, {1900, -2557}, {0xFD, 0x81, 0xFF, 0xFF}}},
	{{{1157, 481, 5169}, 0, {2091, 496}, {0xF8, 0x81, 0xFF, 0xFF}}},
	{{{867, 489, 5169}, 0, {2091, -2557}, {0xFD, 0x81, 0x00, 0xFF}}},
	{{{1438, 456, 5169}, 0, {2091, 496}, {0xF5, 0x82, 0xFF, 0xFF}}},
	{{{1411, 456, 5450}, 0, {1900, 496}, {0xF5, 0x82, 0xFE, 0xFF}}},
	{{{1069, 481, 5612}, 0, {1709, 496}, {0xF9, 0x81, 0xFD, 0xFF}}},
	{{{1411, 456, 5450}, 0, {1900, 496}, {0xF5, 0x82, 0xFE, 0xFF}}},
	{{{1329, 456, 5720}, 0, {1709, 496}, {0xF5, 0x82, 0xFC, 0xFF}}},
	{{{962, 481, 5812}, 0, {1519, 496}, {0xFA, 0x81, 0xFC, 0xFF}}},
	{{{1196, 456, 5969}, 0, {1519, 496}, {0xF6, 0x82, 0xFA, 0xFF}}},
	{{{818, 481, 5988}, 0, {1328, 496}, {0xFB, 0x81, 0xFB, 0xFF}}},
	{{{1017, 456, 6187}, 0, {1328, 496}, {0xF8, 0x82, 0xF8, 0xFF}}},
	{{{799, 456, 6365}, 0, {1137, 496}, {0xFA, 0x82, 0xF6, 0xFF}}},
	{{{643, 481, 6132}, 0, {1137, 496}, {0xFC, 0x81, 0xFA, 0xFF}}},
	{{{550, 456, 6498}, 0, {946, 496}, {0xFC, 0x82, 0xF5, 0xFF}}},
	{{{443, 481, 6239}, 0, {946, 496}, {0xFD, 0x81, 0xF9, 0xFF}}},
	{{{281, 456, 6580}, 0, {755, 496}, {0xFE, 0x82, 0xF5, 0xFF}}},
	{{{226, 481, 6304}, 0, {755, 496}, {0xFE, 0x81, 0xF8, 0xFF}}},
	{{{0, 481, 6327}, 0, {565, 496}, {0x00, 0x81, 0xF8, 0xFF}}},
	{{{0, 456, 6608}, 0, {565, 496}, {0x00, 0x82, 0xF5, 0xFF}}},
	{{{-226, 481, 6304}, 0, {374, 496}, {0x02, 0x81, 0xF8, 0xFF}}},
	{{{-281, 456, 6580}, 0, {374, 496}, {0x02, 0x82, 0xF5, 0xFF}}},
	{{{-443, 481, 6239}, 0, {183, 496}, {0x03, 0x81, 0xF9, 0xFF}}},
	{{{-550, 456, 6498}, 0, {183, 496}, {0x04, 0x82, 0xF5, 0xFF}}},
	{{{-643, 481, 6132}, 0, {-8, 496}, {0x04, 0x81, 0xFA, 0xFF}}},
	{{{-799, 456, 6365}, 0, {-8, 496}, {0x06, 0x82, 0xF6, 0xFF}}},
	{{{-818, 481, 5988}, 0, {-199, 496}, {0x05, 0x81, 0xFB, 0xFF}}},
	{{{-1017, 456, 6187}, 0, {-199, 496}, {0x08, 0x82, 0xF8, 0xFF}}},
	{{{-962, 481, 5812}, 0, {-389, 496}, {0x06, 0x81, 0xFC, 0xFF}}},
	{{{-1196, 456, 5969}, 0, {-389, 496}, {0x0A, 0x82, 0xFA, 0xFF}}},
	{{{-1069, 481, 5612}, 0, {-580, 496}, {0x07, 0x81, 0xFD, 0xFF}}},
	{{{-1329, 456, 5720}, 0, {-580, 496}, {0x0B, 0x82, 0xFC, 0xFF}}},
	{{{-1135, 481, 5395}, 0, {-771, 496}, {0x08, 0x81, 0xFE, 0xFF}}},
	{{{-1411, 456, 5450}, 0, {-771, 496}, {0x0B, 0x82, 0xFE, 0xFF}}},
	{{{-1438, 456, 5169}, 0, {-962, 496}, {0x0B, 0x82, 0xFF, 0xFF}}},
	{{{-1157, 481, 5169}, 0, {-962, 496}, {0x08, 0x81, 0xFF, 0xFF}}},
	{{{867, 489, 5169}, 0, {2091, 496}, {0xB8, 0x68, 0xF9, 0xFF}}},
	{{{1135, 691, 5395}, 0, {1900, 496}, {0xB9, 0x68, 0xF2, 0xFF}}},
	{{{1157, 691, 5169}, 0, {2091, 496}, {0xB8, 0x68, 0xF9, 0xFF}}},
	{{{851, 489, 5339}, 0, {1900, 496}, {0xB9, 0x68, 0xF2, 0xFF}}},
	{{{1069, 691, 5612}, 0, {1709, 496}, {0xBD, 0x68, 0xE4, 0xFF}}},
	{{{801, 489, 5501}, 0, {1709, 496}, {0xBD, 0x68, 0xE4, 0xFF}}},
	{{{962, 691, 5812}, 0, {1519, 496}, {0xC4, 0x68, 0xD8, 0xFF}}},
	{{{721, 489, 5651}, 0, {1519, 496}, {0xC4, 0x68, 0xD8, 0xFF}}},
	{{{818, 691, 5988}, 0, {1328, 496}, {0xCD, 0x68, 0xCD, 0xFF}}},
	{{{613, 489, 5783}, 0, {1328, 496}, {0xCD, 0x68, 0xCD, 0xFF}}},
	{{{643, 691, 6132}, 0, {1137, 496}, {0xD8, 0x68, 0xC4, 0xFF}}},
	{{{482, 489, 5891}, 0, {1137, 496}, {0xD8, 0x68, 0xC4, 0xFF}}},
	{{{443, 691, 6239}, 0, {946, 496}, {0xE4, 0x68, 0xBD, 0xFF}}},
	{{{332, 489, 5971}, 0, {946, 496}, {0xE4, 0x68, 0xBD, 0xFF}}},
	{{{226, 691, 6304}, 0, {755, 496}, {0xF2, 0x68, 0xB9, 0xFF}}},
	{{{169, 489, 6020}, 0, {755, 496}, {0xF2, 0x68, 0xB9, 0xFF}}},
	{{{0, 691, 6327}, 0, {565, 496}, {0x00, 0x68, 0xB7, 0xFF}}},
	{{{0, 489, 6037}, 0, {565, 496}, {0x00, 0x68, 0xB7, 0xFF}}},
	{{{-226, 691, 6304}, 0, {374, 496}, {0x0E, 0x68, 0xB9, 0xFF}}},
	{{{-169, 489, 6020}, 0, {374, 496}, {0x0E, 0x68, 0xB9, 0xFF}}},
	{{{-443, 691, 6239}, 0, {183, 496}, {0x1C, 0x68, 0xBD, 0xFF}}},
	{{{-332, 489, 5971}, 0, {183, 496}, {0x1C, 0x68, 0xBD, 0xFF}}},
	{{{-643, 691, 6132}, 0, {-8, 496}, {0x28, 0x68, 0xC4, 0xFF}}},
	{{{-482, 489, 5891}, 0, {-8, 496}, {0x28, 0x68, 0xC4, 0xFF}}},
	{{{-818, 691, 5988}, 0, {-199, 496}, {0x33, 0x68, 0xCD, 0xFF}}},
	{{{-613, 489, 5783}, 0, {-199, 496}, {0x33, 0x68, 0xCD, 0xFF}}},
	{{{-962, 691, 5812}, 0, {-389, 496}, {0x3C, 0x68, 0xD8, 0xFF}}},
	{{{-721, 489, 5651}, 0, {-389, 496}, {0x3C, 0x68, 0xD8, 0xFF}}},
	{{{-1069, 691, 5612}, 0, {-580, 496}, {0x43, 0x68, 0xE4, 0xFF}}},
	{{{-801, 489, 5501}, 0, {-580, 496}, {0x43, 0x68, 0xE4, 0xFF}}},
	{{{-1135, 691, 5395}, 0, {-771, 496}, {0x47, 0x68, 0xF2, 0xFF}}},
	{{{-851, 489, 5339}, 0, {-771, 496}, {0x47, 0x68, 0xF2, 0xFF}}},
	{{{-851, 489, 5339}, 0, {-771, 496}, {0x47, 0x68, 0xF2, 0xFF}}},
	{{{-1157, 691, 5169}, 0, {-962, 496}, {0x48, 0x68, 0xF9, 0xFF}}},
	{{{-1135, 691, 5395}, 0, {-771, 496}, {0x47, 0x68, 0xF2, 0xFF}}},
	{{{-867, 489, 5169}, 0, {-962, 496}, {0x48, 0x68, 0xF9, 0xFF}}},
};

Gfx welkit_castle_past_dl_Cylinder_001_mesh_layer_1_tri_0[] = {
	gsSPVertex(welkit_castle_past_dl_Cylinder_001_mesh_layer_1_vtx_0 + 0, 32, 0),
	gsSP2Triangles(0, 1, 2, 0, 0, 2, 3, 0),
	gsSP2Triangles(3, 2, 4, 0, 3, 4, 5, 0),
	gsSP2Triangles(5, 4, 6, 0, 5, 6, 7, 0),
	gsSP2Triangles(7, 6, 8, 0, 7, 8, 9, 0),
	gsSP2Triangles(9, 8, 10, 0, 9, 10, 11, 0),
	gsSP2Triangles(11, 10, 12, 0, 11, 12, 13, 0),
	gsSP2Triangles(13, 12, 14, 0, 13, 14, 15, 0),
	gsSP2Triangles(15, 14, 16, 0, 15, 16, 17, 0),
	gsSP2Triangles(17, 16, 18, 0, 17, 18, 19, 0),
	gsSP2Triangles(19, 18, 20, 0, 19, 20, 21, 0),
	gsSP2Triangles(21, 20, 22, 0, 21, 22, 23, 0),
	gsSP2Triangles(23, 22, 24, 0, 23, 24, 25, 0),
	gsSP2Triangles(25, 24, 26, 0, 25, 26, 27, 0),
	gsSP2Triangles(27, 26, 28, 0, 27, 28, 29, 0),
	gsSP2Triangles(29, 28, 30, 0, 29, 30, 31, 0),
	gsSPVertex(welkit_castle_past_dl_Cylinder_001_mesh_layer_1_vtx_0 + 32, 32, 0),
	gsSP2Triangles(0, 1, 2, 0, 0, 2, 3, 0),
	gsSP2Triangles(4, 5, 6, 0, 4, 7, 5, 0),
	gsSP2Triangles(8, 7, 4, 0, 8, 9, 7, 0),
	gsSP2Triangles(10, 9, 8, 0, 10, 8, 11, 0),
	gsSP2Triangles(10, 11, 12, 0, 10, 12, 13, 0),
	gsSP2Triangles(13, 12, 14, 0, 13, 14, 15, 0),
	gsSP2Triangles(15, 14, 16, 0, 15, 16, 17, 0),
	gsSP2Triangles(17, 16, 18, 0, 17, 18, 19, 0),
	gsSP2Triangles(19, 18, 20, 0, 19, 20, 21, 0),
	gsSP2Triangles(22, 21, 20, 0, 22, 23, 21, 0),
	gsSP2Triangles(24, 23, 22, 0, 24, 25, 23, 0),
	gsSP2Triangles(26, 25, 24, 0, 26, 27, 25, 0),
	gsSP2Triangles(28, 27, 26, 0, 28, 29, 27, 0),
	gsSP2Triangles(30, 29, 28, 0, 30, 31, 29, 0),
	gsSPVertex(welkit_castle_past_dl_Cylinder_001_mesh_layer_1_vtx_0 + 64, 30, 0),
	gsSP2Triangles(0, 1, 2, 0, 0, 3, 1, 0),
	gsSP2Triangles(4, 3, 0, 0, 4, 5, 3, 0),
	gsSP2Triangles(6, 5, 4, 0, 6, 4, 7, 0),
	gsSP2Triangles(8, 9, 10, 0, 8, 11, 9, 0),
	gsSP2Triangles(12, 11, 8, 0, 12, 12, 11, 0),
	gsSP2Triangles(13, 14, 15, 0, 13, 16, 14, 0),
	gsSP2Triangles(17, 16, 13, 0, 17, 17, 16, 0),
	gsSP2Triangles(18, 19, 20, 0, 18, 21, 19, 0),
	gsSP2Triangles(22, 21, 18, 0, 22, 23, 21, 0),
	gsSP2Triangles(24, 23, 22, 0, 24, 25, 23, 0),
	gsSP2Triangles(26, 25, 24, 0, 26, 27, 25, 0),
	gsSP2Triangles(28, 27, 26, 0, 28, 29, 27, 0),
	gsSPVertex(welkit_castle_past_dl_Cylinder_001_mesh_layer_1_vtx_0 + 94, 32, 0),
	gsSP2Triangles(0, 1, 2, 0, 0, 2, 3, 0),
	gsSP2Triangles(3, 2, 4, 0, 3, 4, 5, 0),
	gsSP2Triangles(5, 4, 6, 0, 5, 6, 7, 0),
	gsSP2Triangles(7, 6, 8, 0, 7, 8, 9, 0),
	gsSP2Triangles(10, 11, 12, 0, 10, 12, 13, 0),
	gsSP2Triangles(13, 12, 14, 0, 13, 14, 15, 0),
	gsSP2Triangles(15, 14, 16, 0, 15, 16, 17, 0),
	gsSP2Triangles(17, 16, 18, 0, 17, 18, 19, 0),
	gsSP2Triangles(19, 18, 20, 0, 19, 20, 21, 0),
	gsSP2Triangles(21, 20, 22, 0, 21, 22, 23, 0),
	gsSP2Triangles(23, 22, 24, 0, 23, 24, 25, 0),
	gsSP2Triangles(26, 27, 28, 0, 26, 28, 29, 0),
	gsSP2Triangles(28, 30, 29, 0, 28, 31, 30, 0),
	gsSPVertex(welkit_castle_past_dl_Cylinder_001_mesh_layer_1_vtx_0 + 126, 32, 0),
	gsSP2Triangles(0, 1, 2, 0, 0, 3, 1, 0),
	gsSP2Triangles(3, 4, 1, 0, 3, 5, 4, 0),
	gsSP2Triangles(5, 6, 4, 0, 5, 7, 6, 0),
	gsSP2Triangles(7, 8, 6, 0, 7, 9, 8, 0),
	gsSP2Triangles(9, 10, 8, 0, 9, 11, 10, 0),
	gsSP2Triangles(11, 12, 10, 0, 11, 13, 12, 0),
	gsSP2Triangles(13, 14, 12, 0, 13, 15, 14, 0),
	gsSP2Triangles(14, 15, 16, 0, 14, 16, 17, 0),
	gsSP2Triangles(16, 18, 17, 0, 16, 19, 18, 0),
	gsSP2Triangles(19, 20, 18, 0, 19, 21, 20, 0),
	gsSP2Triangles(21, 22, 20, 0, 21, 23, 22, 0),
	gsSP2Triangles(23, 24, 22, 0, 23, 25, 24, 0),
	gsSP2Triangles(25, 26, 24, 0, 25, 27, 26, 0),
	gsSP2Triangles(27, 28, 26, 0, 27, 29, 28, 0),
	gsSP2Triangles(26, 28, 30, 0, 26, 30, 31, 0),
	gsSP1Triangle(24, 26, 31, 0),
	gsSPVertex(welkit_castle_past_dl_Cylinder_001_mesh_layer_1_vtx_0 + 158, 31, 0),
	gsSP2Triangles(0, 1, 2, 0, 3, 0, 2, 0),
	gsSP2Triangles(3, 2, 4, 0, 5, 3, 4, 0),
	gsSP2Triangles(5, 4, 6, 0, 7, 5, 6, 0),
	gsSP2Triangles(7, 8, 5, 0, 8, 7, 9, 0),
	gsSP2Triangles(8, 9, 10, 0, 10, 9, 11, 0),
	gsSP2Triangles(10, 11, 12, 0, 13, 12, 11, 0),
	gsSP2Triangles(13, 11, 14, 0, 15, 13, 14, 0),
	gsSP2Triangles(15, 14, 16, 0, 17, 15, 16, 0),
	gsSP2Triangles(17, 16, 18, 0, 19, 17, 18, 0),
	gsSP2Triangles(19, 18, 20, 0, 21, 19, 20, 0),
	gsSP2Triangles(21, 20, 22, 0, 23, 21, 22, 0),
	gsSP2Triangles(23, 22, 24, 0, 25, 23, 24, 0),
	gsSP2Triangles(25, 24, 26, 0, 27, 25, 26, 0),
	gsSP2Triangles(27, 26, 28, 0, 29, 27, 28, 0),
	gsSP1Triangle(29, 30, 27, 0),
	gsSPVertex(welkit_castle_past_dl_Cylinder_001_mesh_layer_1_vtx_0 + 189, 32, 0),
	gsSP2Triangles(0, 1, 2, 0, 0, 3, 1, 0),
	gsSP2Triangles(3, 4, 1, 0, 3, 5, 4, 0),
	gsSP2Triangles(5, 6, 4, 0, 5, 7, 6, 0),
	gsSP2Triangles(7, 8, 6, 0, 7, 9, 8, 0),
	gsSP2Triangles(9, 10, 8, 0, 9, 11, 10, 0),
	gsSP2Triangles(11, 12, 10, 0, 11, 13, 12, 0),
	gsSP2Triangles(13, 14, 12, 0, 13, 15, 14, 0),
	gsSP2Triangles(15, 16, 14, 0, 15, 17, 16, 0),
	gsSP2Triangles(17, 18, 16, 0, 17, 19, 18, 0),
	gsSP2Triangles(19, 20, 18, 0, 19, 21, 20, 0),
	gsSP2Triangles(21, 22, 20, 0, 21, 23, 22, 0),
	gsSP2Triangles(23, 24, 22, 0, 23, 25, 24, 0),
	gsSP2Triangles(25, 26, 24, 0, 25, 27, 26, 0),
	gsSP2Triangles(27, 28, 26, 0, 27, 29, 28, 0),
	gsSP2Triangles(29, 30, 28, 0, 29, 31, 30, 0),
	gsSPVertex(welkit_castle_past_dl_Cylinder_001_mesh_layer_1_vtx_0 + 221, 4, 0),
	gsSP2Triangles(0, 1, 2, 0, 0, 3, 1, 0),
	gsSPEndDisplayList(),
};

Vtx welkit_castle_past_dl_Cylinder_004_mesh_layer_1_vtx_cull[8] = {
	{{{-648, -720, 1188}, 0, {0, 0}, {0x00, 0x00, 0x00, 0x00}}},
	{{{-648, -696, 1188}, 0, {0, 0}, {0x00, 0x00, 0x00, 0x00}}},
	{{{-648, -696, -726}, 0, {0, 0}, {0x00, 0x00, 0x00, 0x00}}},
	{{{-648, -720, -726}, 0, {0, 0}, {0x00, 0x00, 0x00, 0x00}}},
	{{{648, -720, 1188}, 0, {0, 0}, {0x00, 0x00, 0x00, 0x00}}},
	{{{648, -696, 1188}, 0, {0, 0}, {0x00, 0x00, 0x00, 0x00}}},
	{{{648, -696, -726}, 0, {0, 0}, {0x00, 0x00, 0x00, 0x00}}},
	{{{648, -720, -726}, 0, {0, 0}, {0x00, 0x00, 0x00, 0x00}}},
};

Vtx welkit_castle_past_dl_Cylinder_004_mesh_layer_1_vtx_0[18] = {
	{{{337, -720, 0}, 0, {-182, 692}, {0x00, 0x7F, 0x00, 0xFF}}},
	{{{337, -720, 1188}, 0, {-182, 3549}, {0x00, 0x7F, 0x00, 0xFF}}},
	{{{430, -720, 1188}, 0, {34, 3549}, {0x00, 0x7F, 0x00, 0xFF}}},
	{{{648, -720, 756}, 0, {545, 2460}, {0x00, 0x7F, 0x00, 0xFF}}},
	{{{292, -720, -169}, 0, {-288, 297}, {0x00, 0x7F, 0x00, 0xFF}}},
	{{{640, -720, -193}, 0, {416, 198}, {0x00, 0x7F, 0x00, 0xFF}}},
	{{{169, -720, -292}, 0, {-577, 8}, {0x00, 0x7F, 0x00, 0xFF}}},
	{{{379, -720, -612}, 0, {-84, -710}, {0x00, 0x7F, 0x00, 0xFF}}},
	{{{0, -720, -337}, 0, {-971, -98}, {0x00, 0x7F, 0x00, 0xFF}}},
	{{{0, -720, -726}, 0, {-971, -1007}, {0x00, 0x7F, 0x00, 0xFF}}},
	{{{-169, -720, -292}, 0, {-1366, 8}, {0x00, 0x7F, 0x00, 0xFF}}},
	{{{-379, -720, -612}, 0, {-1858, -710}, {0x00, 0x7F, 0x00, 0xFF}}},
	{{{-292, -720, -169}, 0, {-1655, 297}, {0x00, 0x7F, 0x00, 0xFF}}},
	{{{-640, -720, -193}, 0, {-2358, 198}, {0x00, 0x7F, 0x00, 0xFF}}},
	{{{-337, -720, 0}, 0, {-1761, 692}, {0x00, 0x7F, 0x00, 0xFF}}},
	{{{-648, -720, 756}, 0, {-2488, 2460}, {0x00, 0x7F, 0x00, 0xFF}}},
	{{{-337, -720, 1188}, 0, {-1761, 3549}, {0x00, 0x7F, 0x00, 0xFF}}},
	{{{-430, -720, 1188}, 0, {-1977, 3549}, {0x00, 0x7F, 0x00, 0xFF}}},
};

Gfx welkit_castle_past_dl_Cylinder_004_mesh_layer_1_tri_0[] = {
	gsSPVertex(welkit_castle_past_dl_Cylinder_004_mesh_layer_1_vtx_0 + 0, 18, 0),
	gsSP2Triangles(0, 1, 2, 0, 0, 2, 3, 0),
	gsSP2Triangles(4, 0, 3, 0, 4, 3, 5, 0),
	gsSP2Triangles(6, 4, 5, 0, 6, 5, 7, 0),
	gsSP2Triangles(8, 6, 7, 0, 8, 7, 9, 0),
	gsSP2Triangles(10, 8, 9, 0, 10, 9, 11, 0),
	gsSP2Triangles(12, 10, 11, 0, 12, 11, 13, 0),
	gsSP2Triangles(14, 12, 13, 0, 14, 13, 15, 0),
	gsSP2Triangles(16, 14, 15, 0, 16, 15, 17, 0),
	gsSPEndDisplayList(),
};

Vtx welkit_castle_past_dl_Cylinder_004_mesh_layer_1_vtx_1[32] = {
	{{{0, -720, -337}, 0, {-688, 655}, {0x00, 0x00, 0x81, 0xFF}}},
	{{{0, -696, -337}, 0, {-699, 655}, {0x00, 0x00, 0x81, 0xFF}}},
	{{{169, -696, -292}, 0, {-699, 726}, {0x3F, 0x00, 0x92, 0xFF}}},
	{{{169, -720, -292}, 0, {-688, 726}, {0x3F, 0x00, 0x92, 0xFF}}},
	{{{292, -696, -169}, 0, {-699, 808}, {0x6E, 0x00, 0xC1, 0xFF}}},
	{{{292, -720, -169}, 0, {-688, 808}, {0x6E, 0x00, 0xC1, 0xFF}}},
	{{{337, -696, 0}, 0, {-699, 879}, {0x7E, 0x00, 0xEF, 0xFF}}},
	{{{337, -720, 0}, 0, {-688, 879}, {0x7E, 0x00, 0xEF, 0xFF}}},
	{{{337, -696, 1188}, 0, {-699, 1273}, {0x7F, 0x00, 0x00, 0xFF}}},
	{{{337, -720, 1188}, 0, {-688, 1273}, {0x7F, 0x00, 0x00, 0xFF}}},
	{{{-337, -696, 0}, 0, {-688, 1049}, {0x82, 0x00, 0xEF, 0xFF}}},
	{{{-337, -720, 1188}, 0, {-676, 655}, {0x81, 0x00, 0x00, 0xFF}}},
	{{{-337, -696, 1188}, 0, {-688, 655}, {0x81, 0x00, 0x00, 0xFF}}},
	{{{-337, -720, 0}, 0, {-676, 1049}, {0x82, 0x00, 0xEF, 0xFF}}},
	{{{-292, -696, -169}, 0, {-688, 1120}, {0x92, 0x00, 0xC1, 0xFF}}},
	{{{-292, -720, -169}, 0, {-676, 1120}, {0x92, 0x00, 0xC1, 0xFF}}},
	{{{-169, -696, -292}, 0, {-688, 1202}, {0xC1, 0x00, 0x92, 0xFF}}},
	{{{-169, -720, -292}, 0, {-676, 1202}, {0xC1, 0x00, 0x92, 0xFF}}},
	{{{0, -696, -337}, 0, {-688, 1273}, {0x00, 0x00, 0x81, 0xFF}}},
	{{{0, -720, -337}, 0, {-676, 1273}, {0x00, 0x00, 0x81, 0xFF}}},
	{{{0, -696, -337}, 0, {2701, -363}, {0x00, 0x7F, 0x00, 0xFF}}},
	{{{292, -696, -169}, 0, {2838, -284}, {0x00, 0x7F, 0x00, 0xFF}}},
	{{{169, -696, -292}, 0, {2780, -342}, {0x00, 0x7F, 0x00, 0xFF}}},
	{{{0, -696, -169}, 0, {2701, -284}, {0x00, 0x7F, 0x00, 0xFF}}},
	{{{-169, -696, -292}, 0, {2621, -342}, {0x00, 0x7F, 0x00, 0xFF}}},
	{{{-292, -696, -169}, 0, {2563, -284}, {0x00, 0x7F, 0x00, 0xFF}}},
	{{{0, -696, 0}, 0, {2701, -205}, {0x00, 0x7F, 0x00, 0xFF}}},
	{{{-337, -696, 0}, 0, {2542, -205}, {0x00, 0x7F, 0x00, 0xFF}}},
	{{{0, -696, 1188}, 0, {2701, 352}, {0x00, 0x7F, 0x00, 0xFF}}},
	{{{-337, -696, 1188}, 0, {2542, 352}, {0x00, 0x7F, 0x00, 0xFF}}},
	{{{337, -696, 1188}, 0, {2859, 352}, {0x00, 0x7F, 0x00, 0xFF}}},
	{{{337, -696, 0}, 0, {2859, -205}, {0x00, 0x7F, 0x00, 0xFF}}},
};

Gfx welkit_castle_past_dl_Cylinder_004_mesh_layer_1_tri_1[] = {
	gsSPVertex(welkit_castle_past_dl_Cylinder_004_mesh_layer_1_vtx_1 + 0, 32, 0),
	gsSP2Triangles(0, 1, 2, 0, 0, 2, 3, 0),
	gsSP2Triangles(3, 2, 4, 0, 3, 4, 5, 0),
	gsSP2Triangles(5, 4, 6, 0, 5, 6, 7, 0),
	gsSP2Triangles(7, 6, 8, 0, 7, 8, 9, 0),
	gsSP2Triangles(10, 11, 12, 0, 10, 13, 11, 0),
	gsSP2Triangles(13, 10, 14, 0, 13, 14, 15, 0),
	gsSP2Triangles(15, 14, 16, 0, 15, 16, 17, 0),
	gsSP2Triangles(17, 16, 18, 0, 17, 18, 19, 0),
	gsSP2Triangles(20, 21, 22, 0, 20, 23, 21, 0),
	gsSP2Triangles(24, 23, 20, 0, 24, 25, 23, 0),
	gsSP2Triangles(25, 26, 23, 0, 25, 27, 26, 0),
	gsSP2Triangles(27, 28, 26, 0, 27, 29, 28, 0),
	gsSP2Triangles(26, 28, 30, 0, 26, 30, 31, 0),
	gsSP2Triangles(23, 26, 31, 0, 23, 31, 21, 0),
	gsSPEndDisplayList(),
};

Gfx mat_welkit_castle_past_dl_mat_planks[] = {
	gsSPLightColor(LIGHT_1, 0xFFFFFFFF),
	gsSPLightColor(LIGHT_2, 0x7F7F7FFF),
	gsDPPipeSync(),
	gsDPSetCombineLERP(TEXEL0, 0, SHADE, 0, 0, 0, 0, ENVIRONMENT, TEXEL0, 0, SHADE, 0, 0, 0, 0, ENVIRONMENT),
	gsDPSetAlphaDither(G_AD_NOISE),
	gsDPSetTextureLUT(G_TT_RGBA16),
	gsSPTexture(65535, 65535, 0, 0, 1),
	gsDPSetTextureImage(G_IM_FMT_RGBA, G_IM_SIZ_16b, 1, welkit_castle_past_dl_t_0_planks_pal_rgba16),
	gsDPSetTile(0, 0, 0, 256, 5, 0, G_TX_WRAP | G_TX_NOMIRROR, 0, 0, G_TX_WRAP | G_TX_NOMIRROR, 0, 0),
	gsDPLoadTLUTCmd(5, 34),
	gsDPSetTextureImage(G_IM_FMT_CI, G_IM_SIZ_8b_LOAD_BLOCK, 1, welkit_castle_past_dl_t_0_planks_ci8),
	gsDPSetTile(G_IM_FMT_CI, G_IM_SIZ_8b_LOAD_BLOCK, 0, 0, 7, 0, G_TX_WRAP | G_TX_NOMIRROR, 0, 0, G_TX_WRAP | G_TX_NOMIRROR, 0, 0),
	gsDPLoadBlock(7, 0, 0, 511, 512),
	gsDPSetTile(G_IM_FMT_CI, G_IM_SIZ_8b, 4, 0, 0, 0, G_TX_WRAP | G_TX_NOMIRROR, 5, 0, G_TX_WRAP | G_TX_NOMIRROR, 5, 0),
	gsDPSetTileSize(0, 0, 0, 124, 124),
	gsSPEndDisplayList(),
};

Gfx mat_revert_welkit_castle_past_dl_mat_planks[] = {
	gsDPPipeSync(),
	gsDPSetAlphaDither(G_AD_DISABLE),
	gsDPSetTextureLUT(G_TT_NONE),
	gsSPEndDisplayList(),
};

Gfx mat_welkit_castle_past_dl_mat_rockyhillside[] = {
	gsSPLightColor(LIGHT_1, 0xFFFFFFFF),
	gsSPLightColor(LIGHT_2, 0x7F7F7FFF),
	gsDPPipeSync(),
	gsDPSetCombineLERP(TEXEL0, 0, SHADE, 0, 0, 0, 0, ENVIRONMENT, TEXEL0, 0, SHADE, 0, 0, 0, 0, ENVIRONMENT),
	gsDPSetAlphaDither(G_AD_NOISE),
	gsDPSetTextureLUT(G_TT_RGBA16),
	gsSPTexture(65535, 65535, 0, 0, 1),
	gsDPSetTextureImage(G_IM_FMT_RGBA, G_IM_SIZ_16b, 1, welkit_castle_past_dl_t_0_rockyhillside_pal_rgba16),
	gsDPSetTile(0, 0, 0, 256, 5, 0, G_TX_WRAP | G_TX_NOMIRROR, 0, 0, G_TX_WRAP | G_TX_NOMIRROR, 0, 0),
	gsDPLoadTLUTCmd(5, 50),
	gsDPSetTextureImage(G_IM_FMT_CI, G_IM_SIZ_8b_LOAD_BLOCK, 1, welkit_castle_past_dl_t_0_rockyhillside_ci8),
	gsDPSetTile(G_IM_FMT_CI, G_IM_SIZ_8b_LOAD_BLOCK, 0, 0, 7, 0, G_TX_WRAP | G_TX_NOMIRROR, 0, 0, G_TX_WRAP | G_TX_NOMIRROR, 0, 0),
	gsDPLoadBlock(7, 0, 0, 511, 512),
	gsDPSetTile(G_IM_FMT_CI, G_IM_SIZ_8b, 4, 0, 0, 0, G_TX_WRAP | G_TX_NOMIRROR, 5, 0, G_TX_WRAP | G_TX_NOMIRROR, 5, 0),
	gsDPSetTileSize(0, 0, 0, 124, 124),
	gsSPEndDisplayList(),
};

Gfx mat_revert_welkit_castle_past_dl_mat_rockyhillside[] = {
	gsDPPipeSync(),
	gsDPSetAlphaDither(G_AD_DISABLE),
	gsDPSetTextureLUT(G_TT_NONE),
	gsSPEndDisplayList(),
};

Gfx mat_welkit_castle_past_dl_mat_blocking[] = {
	gsSPLightColor(LIGHT_1, 0xFFFFFFFF),
	gsSPLightColor(LIGHT_2, 0x7F7F7FFF),
	gsDPPipeSync(),
	gsDPSetCombineLERP(TEXEL0, 0, SHADE, 0, 0, 0, 0, ENVIRONMENT, TEXEL0, 0, SHADE, 0, 0, 0, 0, ENVIRONMENT),
	gsDPSetAlphaDither(G_AD_NOISE),
	gsDPSetTextureLUT(G_TT_RGBA16),
	gsSPTexture(65535, 65535, 0, 0, 1),
	gsDPSetTextureImage(G_IM_FMT_RGBA, G_IM_SIZ_16b, 1, welkit_castle_past_dl_t_0_blocking_pal_rgba16),
	gsDPSetTile(0, 0, 0, 256, 5, 0, G_TX_WRAP | G_TX_NOMIRROR, 0, 0, G_TX_WRAP | G_TX_NOMIRROR, 0, 0),
	gsDPLoadTLUTCmd(5, 1),
	gsDPSetTextureImage(G_IM_FMT_CI, G_IM_SIZ_16b, 1, welkit_castle_past_dl_t_0_blocking_ci4),
	gsDPSetTile(G_IM_FMT_CI, G_IM_SIZ_16b, 0, 0, 7, 0, G_TX_WRAP | G_TX_NOMIRROR, 0, 0, G_TX_WRAP | G_TX_NOMIRROR, 0, 0),
	gsDPLoadBlock(7, 0, 0, 255, 1024),
	gsDPSetTile(G_IM_FMT_CI, G_IM_SIZ_4b, 2, 0, 0, 0, G_TX_WRAP | G_TX_NOMIRROR, 5, 0, G_TX_WRAP | G_TX_NOMIRROR, 5, 0),
	gsDPSetTileSize(0, 0, 0, 124, 124),
	gsSPEndDisplayList(),
};

Gfx mat_revert_welkit_castle_past_dl_mat_blocking[] = {
	gsDPPipeSync(),
	gsDPSetAlphaDither(G_AD_DISABLE),
	gsDPSetTextureLUT(G_TT_NONE),
	gsSPEndDisplayList(),
};

Gfx mat_welkit_castle_past_dl_mat_castleroof[] = {
	gsSPLightColor(LIGHT_1, 0x21149DFF),
	gsSPLightColor(LIGHT_2, 0x0A054CFF),
	gsDPPipeSync(),
	gsDPSetCombineLERP(0, 0, 0, SHADE, 0, 0, 0, ENVIRONMENT, 0, 0, 0, SHADE, 0, 0, 0, ENVIRONMENT),
	gsDPSetAlphaDither(G_AD_NOISE),
	gsSPTexture(65535, 65535, 0, 0, 1),
	gsSPEndDisplayList(),
};

Gfx mat_revert_welkit_castle_past_dl_mat_castleroof[] = {
	gsDPPipeSync(),
	gsDPSetAlphaDither(G_AD_DISABLE),
	gsSPEndDisplayList(),
};

Gfx mat_welkit_castle_past_dl_mat_grass[] = {
	gsSPLightColor(LIGHT_1, 0xFFFFFFFF),
	gsSPLightColor(LIGHT_2, 0x7F7F7FFF),
	gsDPPipeSync(),
	gsDPSetCombineLERP(TEXEL0, 0, SHADE, 0, 0, 0, 0, ENVIRONMENT, TEXEL0, 0, SHADE, 0, 0, 0, 0, ENVIRONMENT),
	gsDPSetAlphaDither(G_AD_NOISE),
	gsDPSetTextureLUT(G_TT_RGBA16),
	gsSPTexture(65535, 65535, 0, 0, 1),
	gsDPSetTextureImage(G_IM_FMT_RGBA, G_IM_SIZ_16b, 1, welkit_castle_past_dl_t_0_grass_pal_rgba16),
	gsDPSetTile(0, 0, 0, 256, 5, 0, G_TX_WRAP | G_TX_NOMIRROR, 0, 0, G_TX_WRAP | G_TX_NOMIRROR, 0, 0),
	gsDPLoadTLUTCmd(5, 27),
	gsDPSetTextureImage(G_IM_FMT_CI, G_IM_SIZ_8b_LOAD_BLOCK, 1, welkit_castle_past_dl_t_0_grass_ci8),
	gsDPSetTile(G_IM_FMT_CI, G_IM_SIZ_8b_LOAD_BLOCK, 0, 0, 7, 0, G_TX_WRAP | G_TX_NOMIRROR, 0, 0, G_TX_WRAP | G_TX_NOMIRROR, 0, 0),
	gsDPLoadBlock(7, 0, 0, 511, 512),
	gsDPSetTile(G_IM_FMT_CI, G_IM_SIZ_8b, 4, 0, 0, 0, G_TX_WRAP | G_TX_NOMIRROR, 5, 0, G_TX_WRAP | G_TX_NOMIRROR, 5, 0),
	gsDPSetTileSize(0, 0, 0, 124, 124),
	gsSPEndDisplayList(),
};

Gfx mat_revert_welkit_castle_past_dl_mat_grass[] = {
	gsDPPipeSync(),
	gsDPSetAlphaDither(G_AD_DISABLE),
	gsDPSetTextureLUT(G_TT_NONE),
	gsSPEndDisplayList(),
};

Gfx mat_welkit_castle_past_dl_mat_rockyhillside_001[] = {
	gsSPLightColor(LIGHT_1, 0xFFFFFFFF),
	gsSPLightColor(LIGHT_2, 0x7F7F7FFF),
	gsDPPipeSync(),
	gsDPSetCombineLERP(TEXEL0, 0, SHADE, 0, 0, 0, 0, ENVIRONMENT, TEXEL0, 0, SHADE, 0, 0, 0, 0, ENVIRONMENT),
	gsDPSetAlphaDither(G_AD_NOISE),
	gsDPSetTextureLUT(G_TT_RGBA16),
	gsSPTexture(65535, 65535, 0, 0, 1),
	gsDPSetTextureImage(G_IM_FMT_RGBA, G_IM_SIZ_16b, 1, welkit_castle_past_dl_t_0_rockyhillside_pal_rgba16_copy),
	gsDPSetTile(0, 0, 0, 256, 5, 0, G_TX_WRAP | G_TX_NOMIRROR, 0, 0, G_TX_WRAP | G_TX_NOMIRROR, 0, 0),
	gsDPLoadTLUTCmd(5, 50),
	gsDPSetTextureImage(G_IM_FMT_CI, G_IM_SIZ_8b_LOAD_BLOCK, 1, welkit_castle_past_dl_t_0_rockyhillside_ci8_copy),
	gsDPSetTile(G_IM_FMT_CI, G_IM_SIZ_8b_LOAD_BLOCK, 0, 0, 7, 0, G_TX_WRAP | G_TX_NOMIRROR, 0, 0, G_TX_WRAP | G_TX_NOMIRROR, 0, 0),
	gsDPLoadBlock(7, 0, 0, 511, 512),
	gsDPSetTile(G_IM_FMT_CI, G_IM_SIZ_8b, 4, 0, 0, 0, G_TX_WRAP | G_TX_NOMIRROR, 5, 0, G_TX_WRAP | G_TX_NOMIRROR, 5, 0),
	gsDPSetTileSize(0, 0, 0, 124, 124),
	gsSPEndDisplayList(),
};

Gfx mat_revert_welkit_castle_past_dl_mat_rockyhillside_001[] = {
	gsDPPipeSync(),
	gsDPSetAlphaDither(G_AD_DISABLE),
	gsDPSetTextureLUT(G_TT_NONE),
	gsSPEndDisplayList(),
};

Gfx mat_welkit_castle_past_dl_mat_castleroof_001[] = {
	gsSPLightColor(LIGHT_1, 0x21149DFF),
	gsSPLightColor(LIGHT_2, 0x0A054CFF),
	gsDPPipeSync(),
	gsDPSetCombineLERP(0, 0, 0, SHADE, 0, 0, 0, ENVIRONMENT, 0, 0, 0, SHADE, 0, 0, 0, ENVIRONMENT),
	gsDPSetAlphaDither(G_AD_NOISE),
	gsSPTexture(65535, 65535, 0, 0, 1),
	gsSPEndDisplayList(),
};

Gfx mat_revert_welkit_castle_past_dl_mat_castleroof_001[] = {
	gsDPPipeSync(),
	gsDPSetAlphaDither(G_AD_DISABLE),
	gsSPEndDisplayList(),
};

Gfx welkit_castle_past_dl_Cube_mesh_layer_1[] = {
	gsSPClearGeometryMode(G_LIGHTING),
	gsSPVertex(welkit_castle_past_dl_Cube_mesh_layer_1_vtx_cull + 0, 8, 0),
	gsSPSetGeometryMode(G_LIGHTING),
	gsSPCullDisplayList(0, 7),
	gsSPDisplayList(mat_welkit_castle_past_dl_mat_planks),
	gsSPDisplayList(welkit_castle_past_dl_Cube_mesh_layer_1_tri_0),
	gsSPDisplayList(mat_revert_welkit_castle_past_dl_mat_planks),
	gsSPDisplayList(mat_welkit_castle_past_dl_mat_rockyhillside),
	gsSPDisplayList(welkit_castle_past_dl_Cube_mesh_layer_1_tri_1),
	gsSPDisplayList(mat_revert_welkit_castle_past_dl_mat_rockyhillside),
	gsSPDisplayList(mat_welkit_castle_past_dl_mat_blocking),
	gsSPDisplayList(welkit_castle_past_dl_Cube_mesh_layer_1_tri_2),
	gsSPDisplayList(mat_revert_welkit_castle_past_dl_mat_blocking),
	gsSPDisplayList(mat_welkit_castle_past_dl_mat_castleroof),
	gsSPDisplayList(welkit_castle_past_dl_Cube_mesh_layer_1_tri_3),
	gsSPDisplayList(mat_revert_welkit_castle_past_dl_mat_castleroof),
	gsSPDisplayList(mat_welkit_castle_past_dl_mat_grass),
	gsSPDisplayList(welkit_castle_past_dl_Cube_mesh_layer_1_tri_4),
	gsSPDisplayList(mat_revert_welkit_castle_past_dl_mat_grass),
	gsSPDisplayList(mat_welkit_castle_past_dl_mat_rockyhillside_001),
	gsSPDisplayList(welkit_castle_past_dl_Cube_mesh_layer_1_tri_5),
	gsSPDisplayList(mat_revert_welkit_castle_past_dl_mat_rockyhillside_001),
	gsSPDisplayList(mat_welkit_castle_past_dl_mat_castleroof_001),
	gsSPDisplayList(welkit_castle_past_dl_Cube_mesh_layer_1_tri_6),
	gsSPDisplayList(mat_revert_welkit_castle_past_dl_mat_castleroof_001),
	gsSPEndDisplayList(),
};

Gfx welkit_castle_past_dl_Cylinder_001_mesh_layer_1[] = {
	gsSPClearGeometryMode(G_LIGHTING),
	gsSPVertex(welkit_castle_past_dl_Cylinder_001_mesh_layer_1_vtx_cull + 0, 8, 0),
	gsSPSetGeometryMode(G_LIGHTING),
	gsSPCullDisplayList(0, 7),
	gsSPDisplayList(mat_welkit_castle_past_dl_mat_rockyhillside),
	gsSPDisplayList(welkit_castle_past_dl_Cylinder_001_mesh_layer_1_tri_0),
	gsSPDisplayList(mat_revert_welkit_castle_past_dl_mat_rockyhillside),
	gsSPEndDisplayList(),
};

Gfx welkit_castle_past_dl_Cylinder_004_mesh_layer_1[] = {
	gsSPClearGeometryMode(G_LIGHTING),
	gsSPVertex(welkit_castle_past_dl_Cylinder_004_mesh_layer_1_vtx_cull + 0, 8, 0),
	gsSPSetGeometryMode(G_LIGHTING),
	gsSPCullDisplayList(0, 7),
	gsSPDisplayList(mat_welkit_castle_past_dl_mat_blocking),
	gsSPDisplayList(welkit_castle_past_dl_Cylinder_004_mesh_layer_1_tri_0),
	gsSPDisplayList(mat_revert_welkit_castle_past_dl_mat_blocking),
	gsSPDisplayList(mat_welkit_castle_past_dl_mat_planks),
	gsSPDisplayList(welkit_castle_past_dl_Cylinder_004_mesh_layer_1_tri_1),
	gsSPDisplayList(mat_revert_welkit_castle_past_dl_mat_planks),
	gsSPEndDisplayList(),
};

Gfx welkit_castle_past_dl_final_revert_mesh_layer_1[] = {
	gsDPPipeSync(),
	gsSPSetGeometryMode(G_LIGHTING),
	gsSPClearGeometryMode(G_TEXTURE_GEN),
	gsDPSetCombineLERP(0, 0, 0, SHADE, 0, 0, 0, ENVIRONMENT, 0, 0, 0, SHADE, 0, 0, 0, ENVIRONMENT),
	gsSPTexture(65535, 65535, 0, 0, 0),
	gsDPSetEnvColor(255, 255, 255, 255),
	gsDPSetAlphaCompare(G_AC_NONE),
	gsSPEndDisplayList(),
};

