Gfx gym_dl_t_0_rockyhillside_ci8_aligner[] = {gsSPEndDisplayList()};
u8 gym_dl_t_0_rockyhillside_ci8[] = {
	0x00, 0x01, 0x02, 0x03, 0x04, 0x03, 0x05, 0x05, 
	0x06, 0x07, 0x08, 0x09, 0x09, 0x09, 0x0a, 0x09, 
	0x0b, 0x0c, 0x04, 0x07, 0x0d, 0x05, 0x0c, 0x09, 
	0x09, 0x09, 0x09, 0x0e, 0x0e, 0x09, 0x0f, 0x0b, 
	0x0b, 0x10, 0x11, 0x02, 0x12, 0x11, 0x02, 0x05, 
	0x0c, 0x09, 0x13, 0x08, 0x14, 0x15, 0x08, 0x0f, 
	0x09, 0x16, 0x17, 0x18, 0x06, 0x10, 0x00, 0x07, 
	0x09, 0x09, 0x09, 0x09, 0x13, 0x0e, 0x08, 0x09, 
	0x09, 0x18, 0x11, 0x01, 0x19, 0x11, 0x05, 0x00, 
	0x1a, 0x09, 0x09, 0x09, 0x0e, 0x15, 0x09, 0x09, 
	0x09, 0x0f, 0x0b, 0x0c, 0x06, 0x02, 0x03, 0x0b, 
	0x09, 0x09, 0x09, 0x09, 0x09, 0x09, 0x08, 0x1b, 
	0x08, 0x0b, 0x05, 0x1c, 0x01, 0x02, 0x06, 0x09, 
	0x13, 0x09, 0x09, 0x09, 0x09, 0x08, 0x08, 0x09, 
	0x09, 0x09, 0x0f, 0x17, 0x06, 0x02, 0x06, 0x18, 
	0x07, 0x09, 0x09, 0x09, 0x09, 0x09, 0x09, 0x08, 
	0x08, 0x09, 0x04, 0x11, 0x11, 0x10, 0x00, 0x09, 
	0x09, 0x09, 0x0b, 0x09, 0x09, 0x09, 0x08, 0x09, 
	0x09, 0x09, 0x09, 0x16, 0x00, 0x02, 0x05, 0x00, 
	0x0b, 0x09, 0x09, 0x09, 0x09, 0x09, 0x09, 0x09, 
	0x08, 0x09, 0x0b, 0x10, 0x11, 0x05, 0x04, 0x09, 
	0x09, 0x18, 0x0b, 0x09, 0x09, 0x09, 0x0e, 0x0e, 
	0x09, 0x09, 0x09, 0x0f, 0x0c, 0x05, 0x05, 0x03, 
	0x18, 0x07, 0x09, 0x09, 0x09, 0x09, 0x09, 0x09, 
	0x0e, 0x0e, 0x16, 0x0d, 0x11, 0x05, 0x04, 0x09, 
	0x0b, 0x04, 0x07, 0x09, 0x09, 0x09, 0x09, 0x08, 
	0x13, 0x09, 0x09, 0x0f, 0x07, 0x10, 0x02, 0x06, 
	0x18, 0x07, 0x09, 0x09, 0x09, 0x09, 0x09, 0x09, 
	0x09, 0x08, 0x07, 0x00, 0x1d, 0x02, 0x00, 0x18, 
	0x04, 0x04, 0x09, 0x09, 0x09, 0x09, 0x09, 0x08, 
	0x08, 0x09, 0x09, 0x0f, 0x17, 0x10, 0x02, 0x06, 
	0x04, 0x17, 0x09, 0x09, 0x09, 0x09, 0x09, 0x09, 
	0x09, 0x14, 0x07, 0x18, 0x02, 0x02, 0x06, 0x00, 
	0x00, 0x18, 0x09, 0x09, 0x09, 0x09, 0x09, 0x08, 
	0x08, 0x09, 0x09, 0x09, 0x09, 0x06, 0x1e, 0x05, 
	0x00, 0x18, 0x07, 0x09, 0x09, 0x09, 0x09, 0x09, 
	0x09, 0x09, 0x09, 0x17, 0x1f, 0x1d, 0x05, 0x06, 
	0x00, 0x18, 0x09, 0x09, 0x09, 0x09, 0x09, 0x0e, 
	0x09, 0x09, 0x09, 0x09, 0x09, 0x20, 0x11, 0x02, 
	0x05, 0x06, 0x00, 0x18, 0x0b, 0x09, 0x09, 0x09, 
	0x09, 0x09, 0x09, 0x16, 0x06, 0x21, 0x05, 0x06, 
	0x03, 0x18, 0x09, 0x09, 0x09, 0x09, 0x09, 0x09, 
	0x09, 0x09, 0x09, 0x09, 0x16, 0x20, 0x01, 0x1d, 
	0x10, 0x05, 0x05, 0x20, 0x00, 0x0b, 0x09, 0x09, 
	0x09, 0x09, 0x09, 0x0b, 0x05, 0x11, 0x02, 0x05, 
	0x06, 0x04, 0x07, 0x09, 0x09, 0x09, 0x09, 0x09, 
	0x09, 0x09, 0x09, 0x0f, 0x0b, 0x10, 0x11, 0x22, 
	0x00, 0x07, 0x07, 0x0c, 0x06, 0x00, 0x09, 0x09, 
	0x09, 0x09, 0x0f, 0x23, 0x24, 0x01, 0x1d, 0x10, 
	0x05, 0x03, 0x18, 0x09, 0x09, 0x09, 0x09, 0x09, 
	0x09, 0x09, 0x16, 0x0b, 0x18, 0x06, 0x18, 0x0b, 
	0x09, 0x08, 0x09, 0x09, 0x25, 0x0d, 0x18, 0x09, 
	0x09, 0x16, 0x0b, 0x00, 0x22, 0x05, 0x02, 0x1d, 
	0x1d, 0x05, 0x03, 0x18, 0x09, 0x09, 0x09, 0x0b, 
	0x09, 0x16, 0x0b, 0x0c, 0x17, 0x0b, 0x0f, 0x0f, 
	0x08, 0x09, 0x0f, 0x0f, 0x26, 0x27, 0x00, 0x09, 
	0x0b, 0x18, 0x17, 0x07, 0x0b, 0x09, 0x28, 0x04, 
	0x20, 0x05, 0x05, 0x00, 0x0b, 0x09, 0x0b, 0x04, 
	0x18, 0x0b, 0x17, 0x17, 0x0b, 0x0f, 0x09, 0x09, 
	0x26, 0x09, 0x09, 0x09, 0x09, 0x29, 0x18, 0x0b, 
	0x18, 0x18, 0x07, 0x0b, 0x16, 0x15, 0x15, 0x0b, 
	0x14, 0x29, 0x06, 0x05, 0x04, 0x0b, 0x18, 0x06, 
	0x00, 0x07, 0x07, 0x0b, 0x09, 0x09, 0x09, 0x09, 
	0x26, 0x14, 0x09, 0x09, 0x0f, 0x09, 0x0c, 0x18, 
	0x04, 0x18, 0x0b, 0x0f, 0x0f, 0x08, 0x08, 0x09, 
	0x15, 0x0e, 0x18, 0x02, 0x03, 0x04, 0x03, 0x05, 
	0x00, 0x28, 0x16, 0x09, 0x09, 0x09, 0x09, 0x0b, 
	0x17, 0x26, 0x09, 0x09, 0x09, 0x09, 0x2a, 0x04, 
	0x04, 0x0b, 0x0f, 0x09, 0x09, 0x16, 0x14, 0x0e, 
	0x08, 0x09, 0x07, 0x10, 0x05, 0x06, 0x05, 0x02, 
	0x0c, 0x14, 0x0f, 0x09, 0x09, 0x09, 0x07, 0x18, 
	0x04, 0x17, 0x28, 0x07, 0x09, 0x09, 0x2b, 0x06, 
	0x00, 0x0b, 0x09, 0x07, 0x0b, 0x0b, 0x09, 0x08, 
	0x0e, 0x09, 0x09, 0x06, 0x11, 0x05, 0x02, 0x02, 
	0x0c, 0x09, 0x09, 0x09, 0x09, 0x07, 0x0b, 0x18, 
	0x00, 0x00, 0x07, 0x07, 0x09, 0x09, 0x07, 0x05, 
	0x03, 0x0b, 0x09, 0x0b, 0x0b, 0x0b, 0x0b, 0x09, 
	0x09, 0x09, 0x09, 0x18, 0x11, 0x11, 0x11, 0x05, 
	0x07, 0x09, 0x09, 0x09, 0x07, 0x0b, 0x0b, 0x0b, 
	0x04, 0x04, 0x17, 0x17, 0x09, 0x09, 0x07, 0x1f, 
	0x03, 0x0b, 0x16, 0x0b, 0x0b, 0x0b, 0x0b, 0x09, 
	0x09, 0x09, 0x09, 0x07, 0x02, 0x1c, 0x01, 0x10, 
	0x07, 0x09, 0x09, 0x09, 0x0b, 0x0b, 0x09, 0x09, 
	0x0b, 0x18, 0x0b, 0x17, 0x09, 0x09, 0x07, 0x06, 
	0x06, 0x0b, 0x09, 0x09, 0x09, 0x0b, 0x0b, 0x09, 
	0x09, 0x09, 0x09, 0x0f, 0x06, 0x19, 0x1c, 0x21, 
	0x04, 0x09, 0x09, 0x07, 0x0b, 0x07, 0x09, 0x09, 
	0x09, 0x0b, 0x0b, 0x09, 0x09, 0x0f, 0x28, 0x2c, 
	0x03, 0x0b, 0x09, 0x09, 0x09, 0x07, 0x0b, 0x0b, 
	0x09, 0x09, 0x09, 0x0f, 0x06, 0x01, 0x1c, 0x11, 
	0x05, 0x0b, 0x09, 0x0b, 0x18, 0x09, 0x09, 0x09, 
	0x09, 0x09, 0x0b, 0x28, 0x0e, 0x0f, 0x09, 0x0c, 
	0x06, 0x18, 0x09, 0x09, 0x09, 0x09, 0x0b, 0x0b, 
	0x07, 0x14, 0x09, 0x0f, 0x04, 0x11, 0x1c, 0x2d, 
	0x02, 0x00, 0x04, 0x00, 0x18, 0x07, 0x09, 0x09, 
	0x09, 0x09, 0x09, 0x09, 0x09, 0x09, 0x09, 0x00, 
	0x20, 0x04, 0x07, 0x09, 0x09, 0x09, 0x0b, 0x18, 
	0x18, 0x28, 0x09, 0x09, 0x0b, 0x10, 0x1d, 0x2e, 
	0x2e, 0x10, 0x10, 0x05, 0x00, 0x18, 0x0b, 0x0b, 
	0x0b, 0x0f, 0x09, 0x0b, 0x09, 0x09, 0x09, 0x03, 
	0x05, 0x00, 0x0b, 0x09, 0x09, 0x09, 0x0b, 0x04, 
	0x00, 0x07, 0x0e, 0x09, 0x16, 0x00, 0x06, 0x28, 
	0x18, 0x06, 0x21, 0x02, 0x05, 0x06, 0x00, 0x00, 
	0x04, 0x18, 0x0b, 0x0b, 0x16, 0x09, 0x09, 0x06, 
	0x05, 0x00, 0x0b, 0x09, 0x09, 0x09, 0x0b, 0x04, 
	0x00, 0x0b, 0x09, 0x09, 0x0f, 0x04, 0x2f, 0x28, 
	0x0f, 0x2b, 0x2e, 0x11, 0x1d, 0x02, 0x05, 0x20, 
	0x20, 0x20, 0x00, 0x04, 0x0b, 0x16, 0x0b, 0x10, 
	0x1d, 0x00, 0x0b, 0x09, 0x09, 0x09, 0x0b, 0x18, 
	0x04, 0x07, 0x09, 0x09, 0x16, 0x30, 0x06, 0x04, 
	0x09, 0x14, 0x0c, 0x1d, 0x1d, 0x10, 0x06, 0x00, 
	0x00, 0x00, 0x04, 0x00, 0x03, 0x20, 0x12, 0x24, 
	0x01, 0x06, 0x0b, 0x09, 0x09, 0x09, 0x07, 0x0b, 
	0x18, 0x0b, 0x09, 0x09, 0x18, 0x12, 0x10, 0x06, 
	0x18, 0x09, 0x28, 0x1f, 0x21, 0x05, 0x00, 0x28, 
	0x08, 0x0f, 0x0b, 0x18, 0x04, 0x12, 0x1c, 0x01, 
	0x01, 0x05, 0x18, 0x09, 0x09, 0x09, 0x07, 0x18, 
	0x04, 0x18, 0x0b, 0x0b, 0x23, 0x24, 0x11, 0x10, 
	0x20, 0x18, 0x28, 0x2b, 0x02, 0x20, 0x18, 0x08, 
	0x1b, 0x09, 0x09, 0x0f, 0x0b, 0x18, 0x1d, 0x1c, 
	0x1c, 0x1d, 0x00, 0x0b, 0x09, 0x09, 0x0b, 0x00, 
	0x06, 0x00, 0x0b, 0x17, 0x18, 0x20, 0x10, 0x2e, 
	0x2e, 0x03, 0x0b, 0x29, 0x06, 0x20, 0x18, 0x08, 
	0x15, 0x0e, 0x09, 0x09, 0x09, 0x0f, 0x18, 0x1e, 
	0x1d, 0x24, 0x05, 0x04, 0x0b, 0x18, 0x00, 0x20, 
	0x05, 0x04, 0x09, 0x09, 0x07, 0x16, 0x08, 0x1a, 
	0x18, 0x00, 0x04, 0x28, 0x31, 0x05, 0x18, 0x32, 
	0x09, 0x09, 0x09, 0x09, 0x09, 0x09, 0x09, 0x18, 
	
};

Gfx gym_dl_t_0_rockyhillside_pal_rgba16_aligner[] = {gsSPEndDisplayList()};
u8 gym_dl_t_0_rockyhillside_pal_rgba16[] = {
	0xac, 0x1b, 0x7a, 0xd5, 0x93, 0x59, 0xab, 0xdb, 
	0xb4, 0x1b, 0x9b, 0x99, 0xa3, 0xdb, 0xbc, 0x9d, 
	0xcc, 0xdf, 0xc4, 0x9d, 0xd5, 0x63, 0xbc, 0x5b, 
	0xb4, 0x5d, 0xa4, 0x1b, 0xcc, 0xdd, 0xc4, 0x9b, 
	0x93, 0x99, 0x83, 0x17, 0x93, 0x57, 0xcc, 0x9d, 
	0xc4, 0xdd, 0xd5, 0x21, 0xbc, 0x9b, 0xbc, 0x5d, 
	0xb4, 0x5b, 0x72, 0xd5, 0xc4, 0x9f, 0xd5, 0x61, 
	0x72, 0x95, 0x8b, 0x57, 0x8b, 0x17, 0x9b, 0xdb, 
	0xa3, 0xd9, 0x8b, 0x59, 0x9b, 0xd9, 0xac, 0x19, 
	0x83, 0x15, 0xc5, 0x21, 0xcd, 0x21, 0xbc, 0xa1, 
	0xc4, 0xdf, 0xc4, 0xe1, 0xb4, 0x9f, 0xbc, 0x9f, 
	0xac, 0x5d, 0x7a, 0xd7, 0x9b, 0x9b, 0xb4, 0x5f, 
	0xab, 0xd9, 0xac, 0x1d, 0xcd, 0x1f, 
};

Gfx gym_dl_t_0_rockyhillside_ci8_copy_aligner[] = {gsSPEndDisplayList()};
u8 gym_dl_t_0_rockyhillside_ci8_copy[] = {
	0x00, 0x01, 0x02, 0x03, 0x04, 0x03, 0x05, 0x05, 
	0x06, 0x07, 0x08, 0x09, 0x09, 0x09, 0x0a, 0x09, 
	0x0b, 0x0c, 0x04, 0x07, 0x0d, 0x05, 0x0c, 0x09, 
	0x09, 0x09, 0x09, 0x0e, 0x0e, 0x09, 0x0f, 0x0b, 
	0x0b, 0x10, 0x11, 0x02, 0x12, 0x11, 0x02, 0x05, 
	0x0c, 0x09, 0x13, 0x08, 0x14, 0x15, 0x08, 0x0f, 
	0x09, 0x16, 0x17, 0x18, 0x06, 0x10, 0x00, 0x07, 
	0x09, 0x09, 0x09, 0x09, 0x13, 0x0e, 0x08, 0x09, 
	0x09, 0x18, 0x11, 0x01, 0x19, 0x11, 0x05, 0x00, 
	0x1a, 0x09, 0x09, 0x09, 0x0e, 0x15, 0x09, 0x09, 
	0x09, 0x0f, 0x0b, 0x0c, 0x06, 0x02, 0x03, 0x0b, 
	0x09, 0x09, 0x09, 0x09, 0x09, 0x09, 0x08, 0x1b, 
	0x08, 0x0b, 0x05, 0x1c, 0x01, 0x02, 0x06, 0x09, 
	0x13, 0x09, 0x09, 0x09, 0x09, 0x08, 0x08, 0x09, 
	0x09, 0x09, 0x0f, 0x17, 0x06, 0x02, 0x06, 0x18, 
	0x07, 0x09, 0x09, 0x09, 0x09, 0x09, 0x09, 0x08, 
	0x08, 0x09, 0x04, 0x11, 0x11, 0x10, 0x00, 0x09, 
	0x09, 0x09, 0x0b, 0x09, 0x09, 0x09, 0x08, 0x09, 
	0x09, 0x09, 0x09, 0x16, 0x00, 0x02, 0x05, 0x00, 
	0x0b, 0x09, 0x09, 0x09, 0x09, 0x09, 0x09, 0x09, 
	0x08, 0x09, 0x0b, 0x10, 0x11, 0x05, 0x04, 0x09, 
	0x09, 0x18, 0x0b, 0x09, 0x09, 0x09, 0x0e, 0x0e, 
	0x09, 0x09, 0x09, 0x0f, 0x0c, 0x05, 0x05, 0x03, 
	0x18, 0x07, 0x09, 0x09, 0x09, 0x09, 0x09, 0x09, 
	0x0e, 0x0e, 0x16, 0x0d, 0x11, 0x05, 0x04, 0x09, 
	0x0b, 0x04, 0x07, 0x09, 0x09, 0x09, 0x09, 0x08, 
	0x13, 0x09, 0x09, 0x0f, 0x07, 0x10, 0x02, 0x06, 
	0x18, 0x07, 0x09, 0x09, 0x09, 0x09, 0x09, 0x09, 
	0x09, 0x08, 0x07, 0x00, 0x1d, 0x02, 0x00, 0x18, 
	0x04, 0x04, 0x09, 0x09, 0x09, 0x09, 0x09, 0x08, 
	0x08, 0x09, 0x09, 0x0f, 0x17, 0x10, 0x02, 0x06, 
	0x04, 0x17, 0x09, 0x09, 0x09, 0x09, 0x09, 0x09, 
	0x09, 0x14, 0x07, 0x18, 0x02, 0x02, 0x06, 0x00, 
	0x00, 0x18, 0x09, 0x09, 0x09, 0x09, 0x09, 0x08, 
	0x08, 0x09, 0x09, 0x09, 0x09, 0x06, 0x1e, 0x05, 
	0x00, 0x18, 0x07, 0x09, 0x09, 0x09, 0x09, 0x09, 
	0x09, 0x09, 0x09, 0x17, 0x1f, 0x1d, 0x05, 0x06, 
	0x00, 0x18, 0x09, 0x09, 0x09, 0x09, 0x09, 0x0e, 
	0x09, 0x09, 0x09, 0x09, 0x09, 0x20, 0x11, 0x02, 
	0x05, 0x06, 0x00, 0x18, 0x0b, 0x09, 0x09, 0x09, 
	0x09, 0x09, 0x09, 0x16, 0x06, 0x21, 0x05, 0x06, 
	0x03, 0x18, 0x09, 0x09, 0x09, 0x09, 0x09, 0x09, 
	0x09, 0x09, 0x09, 0x09, 0x16, 0x20, 0x01, 0x1d, 
	0x10, 0x05, 0x05, 0x20, 0x00, 0x0b, 0x09, 0x09, 
	0x09, 0x09, 0x09, 0x0b, 0x05, 0x11, 0x02, 0x05, 
	0x06, 0x04, 0x07, 0x09, 0x09, 0x09, 0x09, 0x09, 
	0x09, 0x09, 0x09, 0x0f, 0x0b, 0x10, 0x11, 0x22, 
	0x00, 0x07, 0x07, 0x0c, 0x06, 0x00, 0x09, 0x09, 
	0x09, 0x09, 0x0f, 0x23, 0x24, 0x01, 0x1d, 0x10, 
	0x05, 0x03, 0x18, 0x09, 0x09, 0x09, 0x09, 0x09, 
	0x09, 0x09, 0x16, 0x0b, 0x18, 0x06, 0x18, 0x0b, 
	0x09, 0x08, 0x09, 0x09, 0x25, 0x0d, 0x18, 0x09, 
	0x09, 0x16, 0x0b, 0x00, 0x22, 0x05, 0x02, 0x1d, 
	0x1d, 0x05, 0x03, 0x18, 0x09, 0x09, 0x09, 0x0b, 
	0x09, 0x16, 0x0b, 0x0c, 0x17, 0x0b, 0x0f, 0x0f, 
	0x08, 0x09, 0x0f, 0x0f, 0x26, 0x27, 0x00, 0x09, 
	0x0b, 0x18, 0x17, 0x07, 0x0b, 0x09, 0x28, 0x04, 
	0x20, 0x05, 0x05, 0x00, 0x0b, 0x09, 0x0b, 0x04, 
	0x18, 0x0b, 0x17, 0x17, 0x0b, 0x0f, 0x09, 0x09, 
	0x26, 0x09, 0x09, 0x09, 0x09, 0x29, 0x18, 0x0b, 
	0x18, 0x18, 0x07, 0x0b, 0x16, 0x15, 0x15, 0x0b, 
	0x14, 0x29, 0x06, 0x05, 0x04, 0x0b, 0x18, 0x06, 
	0x00, 0x07, 0x07, 0x0b, 0x09, 0x09, 0x09, 0x09, 
	0x26, 0x14, 0x09, 0x09, 0x0f, 0x09, 0x0c, 0x18, 
	0x04, 0x18, 0x0b, 0x0f, 0x0f, 0x08, 0x08, 0x09, 
	0x15, 0x0e, 0x18, 0x02, 0x03, 0x04, 0x03, 0x05, 
	0x00, 0x28, 0x16, 0x09, 0x09, 0x09, 0x09, 0x0b, 
	0x17, 0x26, 0x09, 0x09, 0x09, 0x09, 0x2a, 0x04, 
	0x04, 0x0b, 0x0f, 0x09, 0x09, 0x16, 0x14, 0x0e, 
	0x08, 0x09, 0x07, 0x10, 0x05, 0x06, 0x05, 0x02, 
	0x0c, 0x14, 0x0f, 0x09, 0x09, 0x09, 0x07, 0x18, 
	0x04, 0x17, 0x28, 0x07, 0x09, 0x09, 0x2b, 0x06, 
	0x00, 0x0b, 0x09, 0x07, 0x0b, 0x0b, 0x09, 0x08, 
	0x0e, 0x09, 0x09, 0x06, 0x11, 0x05, 0x02, 0x02, 
	0x0c, 0x09, 0x09, 0x09, 0x09, 0x07, 0x0b, 0x18, 
	0x00, 0x00, 0x07, 0x07, 0x09, 0x09, 0x07, 0x05, 
	0x03, 0x0b, 0x09, 0x0b, 0x0b, 0x0b, 0x0b, 0x09, 
	0x09, 0x09, 0x09, 0x18, 0x11, 0x11, 0x11, 0x05, 
	0x07, 0x09, 0x09, 0x09, 0x07, 0x0b, 0x0b, 0x0b, 
	0x04, 0x04, 0x17, 0x17, 0x09, 0x09, 0x07, 0x1f, 
	0x03, 0x0b, 0x16, 0x0b, 0x0b, 0x0b, 0x0b, 0x09, 
	0x09, 0x09, 0x09, 0x07, 0x02, 0x1c, 0x01, 0x10, 
	0x07, 0x09, 0x09, 0x09, 0x0b, 0x0b, 0x09, 0x09, 
	0x0b, 0x18, 0x0b, 0x17, 0x09, 0x09, 0x07, 0x06, 
	0x06, 0x0b, 0x09, 0x09, 0x09, 0x0b, 0x0b, 0x09, 
	0x09, 0x09, 0x09, 0x0f, 0x06, 0x19, 0x1c, 0x21, 
	0x04, 0x09, 0x09, 0x07, 0x0b, 0x07, 0x09, 0x09, 
	0x09, 0x0b, 0x0b, 0x09, 0x09, 0x0f, 0x28, 0x2c, 
	0x03, 0x0b, 0x09, 0x09, 0x09, 0x07, 0x0b, 0x0b, 
	0x09, 0x09, 0x09, 0x0f, 0x06, 0x01, 0x1c, 0x11, 
	0x05, 0x0b, 0x09, 0x0b, 0x18, 0x09, 0x09, 0x09, 
	0x09, 0x09, 0x0b, 0x28, 0x0e, 0x0f, 0x09, 0x0c, 
	0x06, 0x18, 0x09, 0x09, 0x09, 0x09, 0x0b, 0x0b, 
	0x07, 0x14, 0x09, 0x0f, 0x04, 0x11, 0x1c, 0x2d, 
	0x02, 0x00, 0x04, 0x00, 0x18, 0x07, 0x09, 0x09, 
	0x09, 0x09, 0x09, 0x09, 0x09, 0x09, 0x09, 0x00, 
	0x20, 0x04, 0x07, 0x09, 0x09, 0x09, 0x0b, 0x18, 
	0x18, 0x28, 0x09, 0x09, 0x0b, 0x10, 0x1d, 0x2e, 
	0x2e, 0x10, 0x10, 0x05, 0x00, 0x18, 0x0b, 0x0b, 
	0x0b, 0x0f, 0x09, 0x0b, 0x09, 0x09, 0x09, 0x03, 
	0x05, 0x00, 0x0b, 0x09, 0x09, 0x09, 0x0b, 0x04, 
	0x00, 0x07, 0x0e, 0x09, 0x16, 0x00, 0x06, 0x28, 
	0x18, 0x06, 0x21, 0x02, 0x05, 0x06, 0x00, 0x00, 
	0x04, 0x18, 0x0b, 0x0b, 0x16, 0x09, 0x09, 0x06, 
	0x05, 0x00, 0x0b, 0x09, 0x09, 0x09, 0x0b, 0x04, 
	0x00, 0x0b, 0x09, 0x09, 0x0f, 0x04, 0x2f, 0x28, 
	0x0f, 0x2b, 0x2e, 0x11, 0x1d, 0x02, 0x05, 0x20, 
	0x20, 0x20, 0x00, 0x04, 0x0b, 0x16, 0x0b, 0x10, 
	0x1d, 0x00, 0x0b, 0x09, 0x09, 0x09, 0x0b, 0x18, 
	0x04, 0x07, 0x09, 0x09, 0x16, 0x30, 0x06, 0x04, 
	0x09, 0x14, 0x0c, 0x1d, 0x1d, 0x10, 0x06, 0x00, 
	0x00, 0x00, 0x04, 0x00, 0x03, 0x20, 0x12, 0x24, 
	0x01, 0x06, 0x0b, 0x09, 0x09, 0x09, 0x07, 0x0b, 
	0x18, 0x0b, 0x09, 0x09, 0x18, 0x12, 0x10, 0x06, 
	0x18, 0x09, 0x28, 0x1f, 0x21, 0x05, 0x00, 0x28, 
	0x08, 0x0f, 0x0b, 0x18, 0x04, 0x12, 0x1c, 0x01, 
	0x01, 0x05, 0x18, 0x09, 0x09, 0x09, 0x07, 0x18, 
	0x04, 0x18, 0x0b, 0x0b, 0x23, 0x24, 0x11, 0x10, 
	0x20, 0x18, 0x28, 0x2b, 0x02, 0x20, 0x18, 0x08, 
	0x1b, 0x09, 0x09, 0x0f, 0x0b, 0x18, 0x1d, 0x1c, 
	0x1c, 0x1d, 0x00, 0x0b, 0x09, 0x09, 0x0b, 0x00, 
	0x06, 0x00, 0x0b, 0x17, 0x18, 0x20, 0x10, 0x2e, 
	0x2e, 0x03, 0x0b, 0x29, 0x06, 0x20, 0x18, 0x08, 
	0x15, 0x0e, 0x09, 0x09, 0x09, 0x0f, 0x18, 0x1e, 
	0x1d, 0x24, 0x05, 0x04, 0x0b, 0x18, 0x00, 0x20, 
	0x05, 0x04, 0x09, 0x09, 0x07, 0x16, 0x08, 0x1a, 
	0x18, 0x00, 0x04, 0x28, 0x31, 0x05, 0x18, 0x32, 
	0x09, 0x09, 0x09, 0x09, 0x09, 0x09, 0x09, 0x18, 
	
};

Gfx gym_dl_t_0_rockyhillside_pal_rgba16_copy_aligner[] = {gsSPEndDisplayList()};
u8 gym_dl_t_0_rockyhillside_pal_rgba16_copy[] = {
	0xac, 0x1b, 0x7a, 0xd5, 0x93, 0x59, 0xab, 0xdb, 
	0xb4, 0x1b, 0x9b, 0x99, 0xa3, 0xdb, 0xbc, 0x9d, 
	0xcc, 0xdf, 0xc4, 0x9d, 0xd5, 0x63, 0xbc, 0x5b, 
	0xb4, 0x5d, 0xa4, 0x1b, 0xcc, 0xdd, 0xc4, 0x9b, 
	0x93, 0x99, 0x83, 0x17, 0x93, 0x57, 0xcc, 0x9d, 
	0xc4, 0xdd, 0xd5, 0x21, 0xbc, 0x9b, 0xbc, 0x5d, 
	0xb4, 0x5b, 0x72, 0xd5, 0xc4, 0x9f, 0xd5, 0x61, 
	0x72, 0x95, 0x8b, 0x57, 0x8b, 0x17, 0x9b, 0xdb, 
	0xa3, 0xd9, 0x8b, 0x59, 0x9b, 0xd9, 0xac, 0x19, 
	0x83, 0x15, 0xc5, 0x21, 0xcd, 0x21, 0xbc, 0xa1, 
	0xc4, 0xdf, 0xc4, 0xe1, 0xb4, 0x9f, 0xbc, 0x9f, 
	0xac, 0x5d, 0x7a, 0xd7, 0x9b, 0x9b, 0xb4, 0x5f, 
	0xab, 0xd9, 0xac, 0x1d, 0xcd, 0x1f, 
};

Gfx gym_dl_t_0_rockyhillside_ci8_copy_copy_aligner[] = {gsSPEndDisplayList()};
u8 gym_dl_t_0_rockyhillside_ci8_copy_copy[] = {
	0x00, 0x01, 0x02, 0x03, 0x04, 0x03, 0x05, 0x05, 
	0x06, 0x07, 0x08, 0x09, 0x09, 0x09, 0x0a, 0x09, 
	0x0b, 0x0c, 0x04, 0x07, 0x0d, 0x05, 0x0c, 0x09, 
	0x09, 0x09, 0x09, 0x0e, 0x0e, 0x09, 0x0f, 0x0b, 
	0x0b, 0x10, 0x11, 0x02, 0x12, 0x11, 0x02, 0x05, 
	0x0c, 0x09, 0x13, 0x08, 0x14, 0x15, 0x08, 0x0f, 
	0x09, 0x16, 0x17, 0x18, 0x06, 0x10, 0x00, 0x07, 
	0x09, 0x09, 0x09, 0x09, 0x13, 0x0e, 0x08, 0x09, 
	0x09, 0x18, 0x11, 0x01, 0x19, 0x11, 0x05, 0x00, 
	0x1a, 0x09, 0x09, 0x09, 0x0e, 0x15, 0x09, 0x09, 
	0x09, 0x0f, 0x0b, 0x0c, 0x06, 0x02, 0x03, 0x0b, 
	0x09, 0x09, 0x09, 0x09, 0x09, 0x09, 0x08, 0x1b, 
	0x08, 0x0b, 0x05, 0x1c, 0x01, 0x02, 0x06, 0x09, 
	0x13, 0x09, 0x09, 0x09, 0x09, 0x08, 0x08, 0x09, 
	0x09, 0x09, 0x0f, 0x17, 0x06, 0x02, 0x06, 0x18, 
	0x07, 0x09, 0x09, 0x09, 0x09, 0x09, 0x09, 0x08, 
	0x08, 0x09, 0x04, 0x11, 0x11, 0x10, 0x00, 0x09, 
	0x09, 0x09, 0x0b, 0x09, 0x09, 0x09, 0x08, 0x09, 
	0x09, 0x09, 0x09, 0x16, 0x00, 0x02, 0x05, 0x00, 
	0x0b, 0x09, 0x09, 0x09, 0x09, 0x09, 0x09, 0x09, 
	0x08, 0x09, 0x0b, 0x10, 0x11, 0x05, 0x04, 0x09, 
	0x09, 0x18, 0x0b, 0x09, 0x09, 0x09, 0x0e, 0x0e, 
	0x09, 0x09, 0x09, 0x0f, 0x0c, 0x05, 0x05, 0x03, 
	0x18, 0x07, 0x09, 0x09, 0x09, 0x09, 0x09, 0x09, 
	0x0e, 0x0e, 0x16, 0x0d, 0x11, 0x05, 0x04, 0x09, 
	0x0b, 0x04, 0x07, 0x09, 0x09, 0x09, 0x09, 0x08, 
	0x13, 0x09, 0x09, 0x0f, 0x07, 0x10, 0x02, 0x06, 
	0x18, 0x07, 0x09, 0x09, 0x09, 0x09, 0x09, 0x09, 
	0x09, 0x08, 0x07, 0x00, 0x1d, 0x02, 0x00, 0x18, 
	0x04, 0x04, 0x09, 0x09, 0x09, 0x09, 0x09, 0x08, 
	0x08, 0x09, 0x09, 0x0f, 0x17, 0x10, 0x02, 0x06, 
	0x04, 0x17, 0x09, 0x09, 0x09, 0x09, 0x09, 0x09, 
	0x09, 0x14, 0x07, 0x18, 0x02, 0x02, 0x06, 0x00, 
	0x00, 0x18, 0x09, 0x09, 0x09, 0x09, 0x09, 0x08, 
	0x08, 0x09, 0x09, 0x09, 0x09, 0x06, 0x1e, 0x05, 
	0x00, 0x18, 0x07, 0x09, 0x09, 0x09, 0x09, 0x09, 
	0x09, 0x09, 0x09, 0x17, 0x1f, 0x1d, 0x05, 0x06, 
	0x00, 0x18, 0x09, 0x09, 0x09, 0x09, 0x09, 0x0e, 
	0x09, 0x09, 0x09, 0x09, 0x09, 0x20, 0x11, 0x02, 
	0x05, 0x06, 0x00, 0x18, 0x0b, 0x09, 0x09, 0x09, 
	0x09, 0x09, 0x09, 0x16, 0x06, 0x21, 0x05, 0x06, 
	0x03, 0x18, 0x09, 0x09, 0x09, 0x09, 0x09, 0x09, 
	0x09, 0x09, 0x09, 0x09, 0x16, 0x20, 0x01, 0x1d, 
	0x10, 0x05, 0x05, 0x20, 0x00, 0x0b, 0x09, 0x09, 
	0x09, 0x09, 0x09, 0x0b, 0x05, 0x11, 0x02, 0x05, 
	0x06, 0x04, 0x07, 0x09, 0x09, 0x09, 0x09, 0x09, 
	0x09, 0x09, 0x09, 0x0f, 0x0b, 0x10, 0x11, 0x22, 
	0x00, 0x07, 0x07, 0x0c, 0x06, 0x00, 0x09, 0x09, 
	0x09, 0x09, 0x0f, 0x23, 0x24, 0x01, 0x1d, 0x10, 
	0x05, 0x03, 0x18, 0x09, 0x09, 0x09, 0x09, 0x09, 
	0x09, 0x09, 0x16, 0x0b, 0x18, 0x06, 0x18, 0x0b, 
	0x09, 0x08, 0x09, 0x09, 0x25, 0x0d, 0x18, 0x09, 
	0x09, 0x16, 0x0b, 0x00, 0x22, 0x05, 0x02, 0x1d, 
	0x1d, 0x05, 0x03, 0x18, 0x09, 0x09, 0x09, 0x0b, 
	0x09, 0x16, 0x0b, 0x0c, 0x17, 0x0b, 0x0f, 0x0f, 
	0x08, 0x09, 0x0f, 0x0f, 0x26, 0x27, 0x00, 0x09, 
	0x0b, 0x18, 0x17, 0x07, 0x0b, 0x09, 0x28, 0x04, 
	0x20, 0x05, 0x05, 0x00, 0x0b, 0x09, 0x0b, 0x04, 
	0x18, 0x0b, 0x17, 0x17, 0x0b, 0x0f, 0x09, 0x09, 
	0x26, 0x09, 0x09, 0x09, 0x09, 0x29, 0x18, 0x0b, 
	0x18, 0x18, 0x07, 0x0b, 0x16, 0x15, 0x15, 0x0b, 
	0x14, 0x29, 0x06, 0x05, 0x04, 0x0b, 0x18, 0x06, 
	0x00, 0x07, 0x07, 0x0b, 0x09, 0x09, 0x09, 0x09, 
	0x26, 0x14, 0x09, 0x09, 0x0f, 0x09, 0x0c, 0x18, 
	0x04, 0x18, 0x0b, 0x0f, 0x0f, 0x08, 0x08, 0x09, 
	0x15, 0x0e, 0x18, 0x02, 0x03, 0x04, 0x03, 0x05, 
	0x00, 0x28, 0x16, 0x09, 0x09, 0x09, 0x09, 0x0b, 
	0x17, 0x26, 0x09, 0x09, 0x09, 0x09, 0x2a, 0x04, 
	0x04, 0x0b, 0x0f, 0x09, 0x09, 0x16, 0x14, 0x0e, 
	0x08, 0x09, 0x07, 0x10, 0x05, 0x06, 0x05, 0x02, 
	0x0c, 0x14, 0x0f, 0x09, 0x09, 0x09, 0x07, 0x18, 
	0x04, 0x17, 0x28, 0x07, 0x09, 0x09, 0x2b, 0x06, 
	0x00, 0x0b, 0x09, 0x07, 0x0b, 0x0b, 0x09, 0x08, 
	0x0e, 0x09, 0x09, 0x06, 0x11, 0x05, 0x02, 0x02, 
	0x0c, 0x09, 0x09, 0x09, 0x09, 0x07, 0x0b, 0x18, 
	0x00, 0x00, 0x07, 0x07, 0x09, 0x09, 0x07, 0x05, 
	0x03, 0x0b, 0x09, 0x0b, 0x0b, 0x0b, 0x0b, 0x09, 
	0x09, 0x09, 0x09, 0x18, 0x11, 0x11, 0x11, 0x05, 
	0x07, 0x09, 0x09, 0x09, 0x07, 0x0b, 0x0b, 0x0b, 
	0x04, 0x04, 0x17, 0x17, 0x09, 0x09, 0x07, 0x1f, 
	0x03, 0x0b, 0x16, 0x0b, 0x0b, 0x0b, 0x0b, 0x09, 
	0x09, 0x09, 0x09, 0x07, 0x02, 0x1c, 0x01, 0x10, 
	0x07, 0x09, 0x09, 0x09, 0x0b, 0x0b, 0x09, 0x09, 
	0x0b, 0x18, 0x0b, 0x17, 0x09, 0x09, 0x07, 0x06, 
	0x06, 0x0b, 0x09, 0x09, 0x09, 0x0b, 0x0b, 0x09, 
	0x09, 0x09, 0x09, 0x0f, 0x06, 0x19, 0x1c, 0x21, 
	0x04, 0x09, 0x09, 0x07, 0x0b, 0x07, 0x09, 0x09, 
	0x09, 0x0b, 0x0b, 0x09, 0x09, 0x0f, 0x28, 0x2c, 
	0x03, 0x0b, 0x09, 0x09, 0x09, 0x07, 0x0b, 0x0b, 
	0x09, 0x09, 0x09, 0x0f, 0x06, 0x01, 0x1c, 0x11, 
	0x05, 0x0b, 0x09, 0x0b, 0x18, 0x09, 0x09, 0x09, 
	0x09, 0x09, 0x0b, 0x28, 0x0e, 0x0f, 0x09, 0x0c, 
	0x06, 0x18, 0x09, 0x09, 0x09, 0x09, 0x0b, 0x0b, 
	0x07, 0x14, 0x09, 0x0f, 0x04, 0x11, 0x1c, 0x2d, 
	0x02, 0x00, 0x04, 0x00, 0x18, 0x07, 0x09, 0x09, 
	0x09, 0x09, 0x09, 0x09, 0x09, 0x09, 0x09, 0x00, 
	0x20, 0x04, 0x07, 0x09, 0x09, 0x09, 0x0b, 0x18, 
	0x18, 0x28, 0x09, 0x09, 0x0b, 0x10, 0x1d, 0x2e, 
	0x2e, 0x10, 0x10, 0x05, 0x00, 0x18, 0x0b, 0x0b, 
	0x0b, 0x0f, 0x09, 0x0b, 0x09, 0x09, 0x09, 0x03, 
	0x05, 0x00, 0x0b, 0x09, 0x09, 0x09, 0x0b, 0x04, 
	0x00, 0x07, 0x0e, 0x09, 0x16, 0x00, 0x06, 0x28, 
	0x18, 0x06, 0x21, 0x02, 0x05, 0x06, 0x00, 0x00, 
	0x04, 0x18, 0x0b, 0x0b, 0x16, 0x09, 0x09, 0x06, 
	0x05, 0x00, 0x0b, 0x09, 0x09, 0x09, 0x0b, 0x04, 
	0x00, 0x0b, 0x09, 0x09, 0x0f, 0x04, 0x2f, 0x28, 
	0x0f, 0x2b, 0x2e, 0x11, 0x1d, 0x02, 0x05, 0x20, 
	0x20, 0x20, 0x00, 0x04, 0x0b, 0x16, 0x0b, 0x10, 
	0x1d, 0x00, 0x0b, 0x09, 0x09, 0x09, 0x0b, 0x18, 
	0x04, 0x07, 0x09, 0x09, 0x16, 0x30, 0x06, 0x04, 
	0x09, 0x14, 0x0c, 0x1d, 0x1d, 0x10, 0x06, 0x00, 
	0x00, 0x00, 0x04, 0x00, 0x03, 0x20, 0x12, 0x24, 
	0x01, 0x06, 0x0b, 0x09, 0x09, 0x09, 0x07, 0x0b, 
	0x18, 0x0b, 0x09, 0x09, 0x18, 0x12, 0x10, 0x06, 
	0x18, 0x09, 0x28, 0x1f, 0x21, 0x05, 0x00, 0x28, 
	0x08, 0x0f, 0x0b, 0x18, 0x04, 0x12, 0x1c, 0x01, 
	0x01, 0x05, 0x18, 0x09, 0x09, 0x09, 0x07, 0x18, 
	0x04, 0x18, 0x0b, 0x0b, 0x23, 0x24, 0x11, 0x10, 
	0x20, 0x18, 0x28, 0x2b, 0x02, 0x20, 0x18, 0x08, 
	0x1b, 0x09, 0x09, 0x0f, 0x0b, 0x18, 0x1d, 0x1c, 
	0x1c, 0x1d, 0x00, 0x0b, 0x09, 0x09, 0x0b, 0x00, 
	0x06, 0x00, 0x0b, 0x17, 0x18, 0x20, 0x10, 0x2e, 
	0x2e, 0x03, 0x0b, 0x29, 0x06, 0x20, 0x18, 0x08, 
	0x15, 0x0e, 0x09, 0x09, 0x09, 0x0f, 0x18, 0x1e, 
	0x1d, 0x24, 0x05, 0x04, 0x0b, 0x18, 0x00, 0x20, 
	0x05, 0x04, 0x09, 0x09, 0x07, 0x16, 0x08, 0x1a, 
	0x18, 0x00, 0x04, 0x28, 0x31, 0x05, 0x18, 0x32, 
	0x09, 0x09, 0x09, 0x09, 0x09, 0x09, 0x09, 0x18, 
	
};

Gfx gym_dl_t_0_rockyhillside_pal_rgba16_copy_copy_aligner[] = {gsSPEndDisplayList()};
u8 gym_dl_t_0_rockyhillside_pal_rgba16_copy_copy[] = {
	0xac, 0x1b, 0x7a, 0xd5, 0x93, 0x59, 0xab, 0xdb, 
	0xb4, 0x1b, 0x9b, 0x99, 0xa3, 0xdb, 0xbc, 0x9d, 
	0xcc, 0xdf, 0xc4, 0x9d, 0xd5, 0x63, 0xbc, 0x5b, 
	0xb4, 0x5d, 0xa4, 0x1b, 0xcc, 0xdd, 0xc4, 0x9b, 
	0x93, 0x99, 0x83, 0x17, 0x93, 0x57, 0xcc, 0x9d, 
	0xc4, 0xdd, 0xd5, 0x21, 0xbc, 0x9b, 0xbc, 0x5d, 
	0xb4, 0x5b, 0x72, 0xd5, 0xc4, 0x9f, 0xd5, 0x61, 
	0x72, 0x95, 0x8b, 0x57, 0x8b, 0x17, 0x9b, 0xdb, 
	0xa3, 0xd9, 0x8b, 0x59, 0x9b, 0xd9, 0xac, 0x19, 
	0x83, 0x15, 0xc5, 0x21, 0xcd, 0x21, 0xbc, 0xa1, 
	0xc4, 0xdf, 0xc4, 0xe1, 0xb4, 0x9f, 0xbc, 0x9f, 
	0xac, 0x5d, 0x7a, 0xd7, 0x9b, 0x9b, 0xb4, 0x5f, 
	0xab, 0xd9, 0xac, 0x1d, 0xcd, 0x1f, 
};

Gfx gym_dl_t_0_rockyhillside_ci8_copy_copy_copy_aligner[] = {gsSPEndDisplayList()};
u8 gym_dl_t_0_rockyhillside_ci8_copy_copy_copy[] = {
	0x00, 0x01, 0x02, 0x03, 0x04, 0x03, 0x05, 0x05, 
	0x06, 0x07, 0x08, 0x09, 0x09, 0x09, 0x0a, 0x09, 
	0x0b, 0x0c, 0x04, 0x07, 0x0d, 0x05, 0x0c, 0x09, 
	0x09, 0x09, 0x09, 0x0e, 0x0e, 0x09, 0x0f, 0x0b, 
	0x0b, 0x10, 0x11, 0x02, 0x12, 0x11, 0x02, 0x05, 
	0x0c, 0x09, 0x13, 0x08, 0x14, 0x15, 0x08, 0x0f, 
	0x09, 0x16, 0x17, 0x18, 0x06, 0x10, 0x00, 0x07, 
	0x09, 0x09, 0x09, 0x09, 0x13, 0x0e, 0x08, 0x09, 
	0x09, 0x18, 0x11, 0x01, 0x19, 0x11, 0x05, 0x00, 
	0x1a, 0x09, 0x09, 0x09, 0x0e, 0x15, 0x09, 0x09, 
	0x09, 0x0f, 0x0b, 0x0c, 0x06, 0x02, 0x03, 0x0b, 
	0x09, 0x09, 0x09, 0x09, 0x09, 0x09, 0x08, 0x1b, 
	0x08, 0x0b, 0x05, 0x1c, 0x01, 0x02, 0x06, 0x09, 
	0x13, 0x09, 0x09, 0x09, 0x09, 0x08, 0x08, 0x09, 
	0x09, 0x09, 0x0f, 0x17, 0x06, 0x02, 0x06, 0x18, 
	0x07, 0x09, 0x09, 0x09, 0x09, 0x09, 0x09, 0x08, 
	0x08, 0x09, 0x04, 0x11, 0x11, 0x10, 0x00, 0x09, 
	0x09, 0x09, 0x0b, 0x09, 0x09, 0x09, 0x08, 0x09, 
	0x09, 0x09, 0x09, 0x16, 0x00, 0x02, 0x05, 0x00, 
	0x0b, 0x09, 0x09, 0x09, 0x09, 0x09, 0x09, 0x09, 
	0x08, 0x09, 0x0b, 0x10, 0x11, 0x05, 0x04, 0x09, 
	0x09, 0x18, 0x0b, 0x09, 0x09, 0x09, 0x0e, 0x0e, 
	0x09, 0x09, 0x09, 0x0f, 0x0c, 0x05, 0x05, 0x03, 
	0x18, 0x07, 0x09, 0x09, 0x09, 0x09, 0x09, 0x09, 
	0x0e, 0x0e, 0x16, 0x0d, 0x11, 0x05, 0x04, 0x09, 
	0x0b, 0x04, 0x07, 0x09, 0x09, 0x09, 0x09, 0x08, 
	0x13, 0x09, 0x09, 0x0f, 0x07, 0x10, 0x02, 0x06, 
	0x18, 0x07, 0x09, 0x09, 0x09, 0x09, 0x09, 0x09, 
	0x09, 0x08, 0x07, 0x00, 0x1d, 0x02, 0x00, 0x18, 
	0x04, 0x04, 0x09, 0x09, 0x09, 0x09, 0x09, 0x08, 
	0x08, 0x09, 0x09, 0x0f, 0x17, 0x10, 0x02, 0x06, 
	0x04, 0x17, 0x09, 0x09, 0x09, 0x09, 0x09, 0x09, 
	0x09, 0x14, 0x07, 0x18, 0x02, 0x02, 0x06, 0x00, 
	0x00, 0x18, 0x09, 0x09, 0x09, 0x09, 0x09, 0x08, 
	0x08, 0x09, 0x09, 0x09, 0x09, 0x06, 0x1e, 0x05, 
	0x00, 0x18, 0x07, 0x09, 0x09, 0x09, 0x09, 0x09, 
	0x09, 0x09, 0x09, 0x17, 0x1f, 0x1d, 0x05, 0x06, 
	0x00, 0x18, 0x09, 0x09, 0x09, 0x09, 0x09, 0x0e, 
	0x09, 0x09, 0x09, 0x09, 0x09, 0x20, 0x11, 0x02, 
	0x05, 0x06, 0x00, 0x18, 0x0b, 0x09, 0x09, 0x09, 
	0x09, 0x09, 0x09, 0x16, 0x06, 0x21, 0x05, 0x06, 
	0x03, 0x18, 0x09, 0x09, 0x09, 0x09, 0x09, 0x09, 
	0x09, 0x09, 0x09, 0x09, 0x16, 0x20, 0x01, 0x1d, 
	0x10, 0x05, 0x05, 0x20, 0x00, 0x0b, 0x09, 0x09, 
	0x09, 0x09, 0x09, 0x0b, 0x05, 0x11, 0x02, 0x05, 
	0x06, 0x04, 0x07, 0x09, 0x09, 0x09, 0x09, 0x09, 
	0x09, 0x09, 0x09, 0x0f, 0x0b, 0x10, 0x11, 0x22, 
	0x00, 0x07, 0x07, 0x0c, 0x06, 0x00, 0x09, 0x09, 
	0x09, 0x09, 0x0f, 0x23, 0x24, 0x01, 0x1d, 0x10, 
	0x05, 0x03, 0x18, 0x09, 0x09, 0x09, 0x09, 0x09, 
	0x09, 0x09, 0x16, 0x0b, 0x18, 0x06, 0x18, 0x0b, 
	0x09, 0x08, 0x09, 0x09, 0x25, 0x0d, 0x18, 0x09, 
	0x09, 0x16, 0x0b, 0x00, 0x22, 0x05, 0x02, 0x1d, 
	0x1d, 0x05, 0x03, 0x18, 0x09, 0x09, 0x09, 0x0b, 
	0x09, 0x16, 0x0b, 0x0c, 0x17, 0x0b, 0x0f, 0x0f, 
	0x08, 0x09, 0x0f, 0x0f, 0x26, 0x27, 0x00, 0x09, 
	0x0b, 0x18, 0x17, 0x07, 0x0b, 0x09, 0x28, 0x04, 
	0x20, 0x05, 0x05, 0x00, 0x0b, 0x09, 0x0b, 0x04, 
	0x18, 0x0b, 0x17, 0x17, 0x0b, 0x0f, 0x09, 0x09, 
	0x26, 0x09, 0x09, 0x09, 0x09, 0x29, 0x18, 0x0b, 
	0x18, 0x18, 0x07, 0x0b, 0x16, 0x15, 0x15, 0x0b, 
	0x14, 0x29, 0x06, 0x05, 0x04, 0x0b, 0x18, 0x06, 
	0x00, 0x07, 0x07, 0x0b, 0x09, 0x09, 0x09, 0x09, 
	0x26, 0x14, 0x09, 0x09, 0x0f, 0x09, 0x0c, 0x18, 
	0x04, 0x18, 0x0b, 0x0f, 0x0f, 0x08, 0x08, 0x09, 
	0x15, 0x0e, 0x18, 0x02, 0x03, 0x04, 0x03, 0x05, 
	0x00, 0x28, 0x16, 0x09, 0x09, 0x09, 0x09, 0x0b, 
	0x17, 0x26, 0x09, 0x09, 0x09, 0x09, 0x2a, 0x04, 
	0x04, 0x0b, 0x0f, 0x09, 0x09, 0x16, 0x14, 0x0e, 
	0x08, 0x09, 0x07, 0x10, 0x05, 0x06, 0x05, 0x02, 
	0x0c, 0x14, 0x0f, 0x09, 0x09, 0x09, 0x07, 0x18, 
	0x04, 0x17, 0x28, 0x07, 0x09, 0x09, 0x2b, 0x06, 
	0x00, 0x0b, 0x09, 0x07, 0x0b, 0x0b, 0x09, 0x08, 
	0x0e, 0x09, 0x09, 0x06, 0x11, 0x05, 0x02, 0x02, 
	0x0c, 0x09, 0x09, 0x09, 0x09, 0x07, 0x0b, 0x18, 
	0x00, 0x00, 0x07, 0x07, 0x09, 0x09, 0x07, 0x05, 
	0x03, 0x0b, 0x09, 0x0b, 0x0b, 0x0b, 0x0b, 0x09, 
	0x09, 0x09, 0x09, 0x18, 0x11, 0x11, 0x11, 0x05, 
	0x07, 0x09, 0x09, 0x09, 0x07, 0x0b, 0x0b, 0x0b, 
	0x04, 0x04, 0x17, 0x17, 0x09, 0x09, 0x07, 0x1f, 
	0x03, 0x0b, 0x16, 0x0b, 0x0b, 0x0b, 0x0b, 0x09, 
	0x09, 0x09, 0x09, 0x07, 0x02, 0x1c, 0x01, 0x10, 
	0x07, 0x09, 0x09, 0x09, 0x0b, 0x0b, 0x09, 0x09, 
	0x0b, 0x18, 0x0b, 0x17, 0x09, 0x09, 0x07, 0x06, 
	0x06, 0x0b, 0x09, 0x09, 0x09, 0x0b, 0x0b, 0x09, 
	0x09, 0x09, 0x09, 0x0f, 0x06, 0x19, 0x1c, 0x21, 
	0x04, 0x09, 0x09, 0x07, 0x0b, 0x07, 0x09, 0x09, 
	0x09, 0x0b, 0x0b, 0x09, 0x09, 0x0f, 0x28, 0x2c, 
	0x03, 0x0b, 0x09, 0x09, 0x09, 0x07, 0x0b, 0x0b, 
	0x09, 0x09, 0x09, 0x0f, 0x06, 0x01, 0x1c, 0x11, 
	0x05, 0x0b, 0x09, 0x0b, 0x18, 0x09, 0x09, 0x09, 
	0x09, 0x09, 0x0b, 0x28, 0x0e, 0x0f, 0x09, 0x0c, 
	0x06, 0x18, 0x09, 0x09, 0x09, 0x09, 0x0b, 0x0b, 
	0x07, 0x14, 0x09, 0x0f, 0x04, 0x11, 0x1c, 0x2d, 
	0x02, 0x00, 0x04, 0x00, 0x18, 0x07, 0x09, 0x09, 
	0x09, 0x09, 0x09, 0x09, 0x09, 0x09, 0x09, 0x00, 
	0x20, 0x04, 0x07, 0x09, 0x09, 0x09, 0x0b, 0x18, 
	0x18, 0x28, 0x09, 0x09, 0x0b, 0x10, 0x1d, 0x2e, 
	0x2e, 0x10, 0x10, 0x05, 0x00, 0x18, 0x0b, 0x0b, 
	0x0b, 0x0f, 0x09, 0x0b, 0x09, 0x09, 0x09, 0x03, 
	0x05, 0x00, 0x0b, 0x09, 0x09, 0x09, 0x0b, 0x04, 
	0x00, 0x07, 0x0e, 0x09, 0x16, 0x00, 0x06, 0x28, 
	0x18, 0x06, 0x21, 0x02, 0x05, 0x06, 0x00, 0x00, 
	0x04, 0x18, 0x0b, 0x0b, 0x16, 0x09, 0x09, 0x06, 
	0x05, 0x00, 0x0b, 0x09, 0x09, 0x09, 0x0b, 0x04, 
	0x00, 0x0b, 0x09, 0x09, 0x0f, 0x04, 0x2f, 0x28, 
	0x0f, 0x2b, 0x2e, 0x11, 0x1d, 0x02, 0x05, 0x20, 
	0x20, 0x20, 0x00, 0x04, 0x0b, 0x16, 0x0b, 0x10, 
	0x1d, 0x00, 0x0b, 0x09, 0x09, 0x09, 0x0b, 0x18, 
	0x04, 0x07, 0x09, 0x09, 0x16, 0x30, 0x06, 0x04, 
	0x09, 0x14, 0x0c, 0x1d, 0x1d, 0x10, 0x06, 0x00, 
	0x00, 0x00, 0x04, 0x00, 0x03, 0x20, 0x12, 0x24, 
	0x01, 0x06, 0x0b, 0x09, 0x09, 0x09, 0x07, 0x0b, 
	0x18, 0x0b, 0x09, 0x09, 0x18, 0x12, 0x10, 0x06, 
	0x18, 0x09, 0x28, 0x1f, 0x21, 0x05, 0x00, 0x28, 
	0x08, 0x0f, 0x0b, 0x18, 0x04, 0x12, 0x1c, 0x01, 
	0x01, 0x05, 0x18, 0x09, 0x09, 0x09, 0x07, 0x18, 
	0x04, 0x18, 0x0b, 0x0b, 0x23, 0x24, 0x11, 0x10, 
	0x20, 0x18, 0x28, 0x2b, 0x02, 0x20, 0x18, 0x08, 
	0x1b, 0x09, 0x09, 0x0f, 0x0b, 0x18, 0x1d, 0x1c, 
	0x1c, 0x1d, 0x00, 0x0b, 0x09, 0x09, 0x0b, 0x00, 
	0x06, 0x00, 0x0b, 0x17, 0x18, 0x20, 0x10, 0x2e, 
	0x2e, 0x03, 0x0b, 0x29, 0x06, 0x20, 0x18, 0x08, 
	0x15, 0x0e, 0x09, 0x09, 0x09, 0x0f, 0x18, 0x1e, 
	0x1d, 0x24, 0x05, 0x04, 0x0b, 0x18, 0x00, 0x20, 
	0x05, 0x04, 0x09, 0x09, 0x07, 0x16, 0x08, 0x1a, 
	0x18, 0x00, 0x04, 0x28, 0x31, 0x05, 0x18, 0x32, 
	0x09, 0x09, 0x09, 0x09, 0x09, 0x09, 0x09, 0x18, 
	
};

Gfx gym_dl_t_0_rockyhillside_pal_rgba16_copy_copy_copy_aligner[] = {gsSPEndDisplayList()};
u8 gym_dl_t_0_rockyhillside_pal_rgba16_copy_copy_copy[] = {
	0xac, 0x1b, 0x7a, 0xd5, 0x93, 0x59, 0xab, 0xdb, 
	0xb4, 0x1b, 0x9b, 0x99, 0xa3, 0xdb, 0xbc, 0x9d, 
	0xcc, 0xdf, 0xc4, 0x9d, 0xd5, 0x63, 0xbc, 0x5b, 
	0xb4, 0x5d, 0xa4, 0x1b, 0xcc, 0xdd, 0xc4, 0x9b, 
	0x93, 0x99, 0x83, 0x17, 0x93, 0x57, 0xcc, 0x9d, 
	0xc4, 0xdd, 0xd5, 0x21, 0xbc, 0x9b, 0xbc, 0x5d, 
	0xb4, 0x5b, 0x72, 0xd5, 0xc4, 0x9f, 0xd5, 0x61, 
	0x72, 0x95, 0x8b, 0x57, 0x8b, 0x17, 0x9b, 0xdb, 
	0xa3, 0xd9, 0x8b, 0x59, 0x9b, 0xd9, 0xac, 0x19, 
	0x83, 0x15, 0xc5, 0x21, 0xcd, 0x21, 0xbc, 0xa1, 
	0xc4, 0xdf, 0xc4, 0xe1, 0xb4, 0x9f, 0xbc, 0x9f, 
	0xac, 0x5d, 0x7a, 0xd7, 0x9b, 0x9b, 0xb4, 0x5f, 
	0xab, 0xd9, 0xac, 0x1d, 0xcd, 0x1f, 
};

Gfx gym_dl_t_0_rockyhillside_ci8_copy_copy_copy_copy_aligner[] = {gsSPEndDisplayList()};
u8 gym_dl_t_0_rockyhillside_ci8_copy_copy_copy_copy[] = {
	0x00, 0x01, 0x02, 0x03, 0x04, 0x03, 0x05, 0x05, 
	0x06, 0x07, 0x08, 0x09, 0x09, 0x09, 0x0a, 0x09, 
	0x0b, 0x0c, 0x04, 0x07, 0x0d, 0x05, 0x0c, 0x09, 
	0x09, 0x09, 0x09, 0x0e, 0x0e, 0x09, 0x0f, 0x0b, 
	0x0b, 0x10, 0x11, 0x02, 0x12, 0x11, 0x02, 0x05, 
	0x0c, 0x09, 0x13, 0x08, 0x14, 0x15, 0x08, 0x0f, 
	0x09, 0x16, 0x17, 0x18, 0x06, 0x10, 0x00, 0x07, 
	0x09, 0x09, 0x09, 0x09, 0x13, 0x0e, 0x08, 0x09, 
	0x09, 0x18, 0x11, 0x01, 0x19, 0x11, 0x05, 0x00, 
	0x1a, 0x09, 0x09, 0x09, 0x0e, 0x15, 0x09, 0x09, 
	0x09, 0x0f, 0x0b, 0x0c, 0x06, 0x02, 0x03, 0x0b, 
	0x09, 0x09, 0x09, 0x09, 0x09, 0x09, 0x08, 0x1b, 
	0x08, 0x0b, 0x05, 0x1c, 0x01, 0x02, 0x06, 0x09, 
	0x13, 0x09, 0x09, 0x09, 0x09, 0x08, 0x08, 0x09, 
	0x09, 0x09, 0x0f, 0x17, 0x06, 0x02, 0x06, 0x18, 
	0x07, 0x09, 0x09, 0x09, 0x09, 0x09, 0x09, 0x08, 
	0x08, 0x09, 0x04, 0x11, 0x11, 0x10, 0x00, 0x09, 
	0x09, 0x09, 0x0b, 0x09, 0x09, 0x09, 0x08, 0x09, 
	0x09, 0x09, 0x09, 0x16, 0x00, 0x02, 0x05, 0x00, 
	0x0b, 0x09, 0x09, 0x09, 0x09, 0x09, 0x09, 0x09, 
	0x08, 0x09, 0x0b, 0x10, 0x11, 0x05, 0x04, 0x09, 
	0x09, 0x18, 0x0b, 0x09, 0x09, 0x09, 0x0e, 0x0e, 
	0x09, 0x09, 0x09, 0x0f, 0x0c, 0x05, 0x05, 0x03, 
	0x18, 0x07, 0x09, 0x09, 0x09, 0x09, 0x09, 0x09, 
	0x0e, 0x0e, 0x16, 0x0d, 0x11, 0x05, 0x04, 0x09, 
	0x0b, 0x04, 0x07, 0x09, 0x09, 0x09, 0x09, 0x08, 
	0x13, 0x09, 0x09, 0x0f, 0x07, 0x10, 0x02, 0x06, 
	0x18, 0x07, 0x09, 0x09, 0x09, 0x09, 0x09, 0x09, 
	0x09, 0x08, 0x07, 0x00, 0x1d, 0x02, 0x00, 0x18, 
	0x04, 0x04, 0x09, 0x09, 0x09, 0x09, 0x09, 0x08, 
	0x08, 0x09, 0x09, 0x0f, 0x17, 0x10, 0x02, 0x06, 
	0x04, 0x17, 0x09, 0x09, 0x09, 0x09, 0x09, 0x09, 
	0x09, 0x14, 0x07, 0x18, 0x02, 0x02, 0x06, 0x00, 
	0x00, 0x18, 0x09, 0x09, 0x09, 0x09, 0x09, 0x08, 
	0x08, 0x09, 0x09, 0x09, 0x09, 0x06, 0x1e, 0x05, 
	0x00, 0x18, 0x07, 0x09, 0x09, 0x09, 0x09, 0x09, 
	0x09, 0x09, 0x09, 0x17, 0x1f, 0x1d, 0x05, 0x06, 
	0x00, 0x18, 0x09, 0x09, 0x09, 0x09, 0x09, 0x0e, 
	0x09, 0x09, 0x09, 0x09, 0x09, 0x20, 0x11, 0x02, 
	0x05, 0x06, 0x00, 0x18, 0x0b, 0x09, 0x09, 0x09, 
	0x09, 0x09, 0x09, 0x16, 0x06, 0x21, 0x05, 0x06, 
	0x03, 0x18, 0x09, 0x09, 0x09, 0x09, 0x09, 0x09, 
	0x09, 0x09, 0x09, 0x09, 0x16, 0x20, 0x01, 0x1d, 
	0x10, 0x05, 0x05, 0x20, 0x00, 0x0b, 0x09, 0x09, 
	0x09, 0x09, 0x09, 0x0b, 0x05, 0x11, 0x02, 0x05, 
	0x06, 0x04, 0x07, 0x09, 0x09, 0x09, 0x09, 0x09, 
	0x09, 0x09, 0x09, 0x0f, 0x0b, 0x10, 0x11, 0x22, 
	0x00, 0x07, 0x07, 0x0c, 0x06, 0x00, 0x09, 0x09, 
	0x09, 0x09, 0x0f, 0x23, 0x24, 0x01, 0x1d, 0x10, 
	0x05, 0x03, 0x18, 0x09, 0x09, 0x09, 0x09, 0x09, 
	0x09, 0x09, 0x16, 0x0b, 0x18, 0x06, 0x18, 0x0b, 
	0x09, 0x08, 0x09, 0x09, 0x25, 0x0d, 0x18, 0x09, 
	0x09, 0x16, 0x0b, 0x00, 0x22, 0x05, 0x02, 0x1d, 
	0x1d, 0x05, 0x03, 0x18, 0x09, 0x09, 0x09, 0x0b, 
	0x09, 0x16, 0x0b, 0x0c, 0x17, 0x0b, 0x0f, 0x0f, 
	0x08, 0x09, 0x0f, 0x0f, 0x26, 0x27, 0x00, 0x09, 
	0x0b, 0x18, 0x17, 0x07, 0x0b, 0x09, 0x28, 0x04, 
	0x20, 0x05, 0x05, 0x00, 0x0b, 0x09, 0x0b, 0x04, 
	0x18, 0x0b, 0x17, 0x17, 0x0b, 0x0f, 0x09, 0x09, 
	0x26, 0x09, 0x09, 0x09, 0x09, 0x29, 0x18, 0x0b, 
	0x18, 0x18, 0x07, 0x0b, 0x16, 0x15, 0x15, 0x0b, 
	0x14, 0x29, 0x06, 0x05, 0x04, 0x0b, 0x18, 0x06, 
	0x00, 0x07, 0x07, 0x0b, 0x09, 0x09, 0x09, 0x09, 
	0x26, 0x14, 0x09, 0x09, 0x0f, 0x09, 0x0c, 0x18, 
	0x04, 0x18, 0x0b, 0x0f, 0x0f, 0x08, 0x08, 0x09, 
	0x15, 0x0e, 0x18, 0x02, 0x03, 0x04, 0x03, 0x05, 
	0x00, 0x28, 0x16, 0x09, 0x09, 0x09, 0x09, 0x0b, 
	0x17, 0x26, 0x09, 0x09, 0x09, 0x09, 0x2a, 0x04, 
	0x04, 0x0b, 0x0f, 0x09, 0x09, 0x16, 0x14, 0x0e, 
	0x08, 0x09, 0x07, 0x10, 0x05, 0x06, 0x05, 0x02, 
	0x0c, 0x14, 0x0f, 0x09, 0x09, 0x09, 0x07, 0x18, 
	0x04, 0x17, 0x28, 0x07, 0x09, 0x09, 0x2b, 0x06, 
	0x00, 0x0b, 0x09, 0x07, 0x0b, 0x0b, 0x09, 0x08, 
	0x0e, 0x09, 0x09, 0x06, 0x11, 0x05, 0x02, 0x02, 
	0x0c, 0x09, 0x09, 0x09, 0x09, 0x07, 0x0b, 0x18, 
	0x00, 0x00, 0x07, 0x07, 0x09, 0x09, 0x07, 0x05, 
	0x03, 0x0b, 0x09, 0x0b, 0x0b, 0x0b, 0x0b, 0x09, 
	0x09, 0x09, 0x09, 0x18, 0x11, 0x11, 0x11, 0x05, 
	0x07, 0x09, 0x09, 0x09, 0x07, 0x0b, 0x0b, 0x0b, 
	0x04, 0x04, 0x17, 0x17, 0x09, 0x09, 0x07, 0x1f, 
	0x03, 0x0b, 0x16, 0x0b, 0x0b, 0x0b, 0x0b, 0x09, 
	0x09, 0x09, 0x09, 0x07, 0x02, 0x1c, 0x01, 0x10, 
	0x07, 0x09, 0x09, 0x09, 0x0b, 0x0b, 0x09, 0x09, 
	0x0b, 0x18, 0x0b, 0x17, 0x09, 0x09, 0x07, 0x06, 
	0x06, 0x0b, 0x09, 0x09, 0x09, 0x0b, 0x0b, 0x09, 
	0x09, 0x09, 0x09, 0x0f, 0x06, 0x19, 0x1c, 0x21, 
	0x04, 0x09, 0x09, 0x07, 0x0b, 0x07, 0x09, 0x09, 
	0x09, 0x0b, 0x0b, 0x09, 0x09, 0x0f, 0x28, 0x2c, 
	0x03, 0x0b, 0x09, 0x09, 0x09, 0x07, 0x0b, 0x0b, 
	0x09, 0x09, 0x09, 0x0f, 0x06, 0x01, 0x1c, 0x11, 
	0x05, 0x0b, 0x09, 0x0b, 0x18, 0x09, 0x09, 0x09, 
	0x09, 0x09, 0x0b, 0x28, 0x0e, 0x0f, 0x09, 0x0c, 
	0x06, 0x18, 0x09, 0x09, 0x09, 0x09, 0x0b, 0x0b, 
	0x07, 0x14, 0x09, 0x0f, 0x04, 0x11, 0x1c, 0x2d, 
	0x02, 0x00, 0x04, 0x00, 0x18, 0x07, 0x09, 0x09, 
	0x09, 0x09, 0x09, 0x09, 0x09, 0x09, 0x09, 0x00, 
	0x20, 0x04, 0x07, 0x09, 0x09, 0x09, 0x0b, 0x18, 
	0x18, 0x28, 0x09, 0x09, 0x0b, 0x10, 0x1d, 0x2e, 
	0x2e, 0x10, 0x10, 0x05, 0x00, 0x18, 0x0b, 0x0b, 
	0x0b, 0x0f, 0x09, 0x0b, 0x09, 0x09, 0x09, 0x03, 
	0x05, 0x00, 0x0b, 0x09, 0x09, 0x09, 0x0b, 0x04, 
	0x00, 0x07, 0x0e, 0x09, 0x16, 0x00, 0x06, 0x28, 
	0x18, 0x06, 0x21, 0x02, 0x05, 0x06, 0x00, 0x00, 
	0x04, 0x18, 0x0b, 0x0b, 0x16, 0x09, 0x09, 0x06, 
	0x05, 0x00, 0x0b, 0x09, 0x09, 0x09, 0x0b, 0x04, 
	0x00, 0x0b, 0x09, 0x09, 0x0f, 0x04, 0x2f, 0x28, 
	0x0f, 0x2b, 0x2e, 0x11, 0x1d, 0x02, 0x05, 0x20, 
	0x20, 0x20, 0x00, 0x04, 0x0b, 0x16, 0x0b, 0x10, 
	0x1d, 0x00, 0x0b, 0x09, 0x09, 0x09, 0x0b, 0x18, 
	0x04, 0x07, 0x09, 0x09, 0x16, 0x30, 0x06, 0x04, 
	0x09, 0x14, 0x0c, 0x1d, 0x1d, 0x10, 0x06, 0x00, 
	0x00, 0x00, 0x04, 0x00, 0x03, 0x20, 0x12, 0x24, 
	0x01, 0x06, 0x0b, 0x09, 0x09, 0x09, 0x07, 0x0b, 
	0x18, 0x0b, 0x09, 0x09, 0x18, 0x12, 0x10, 0x06, 
	0x18, 0x09, 0x28, 0x1f, 0x21, 0x05, 0x00, 0x28, 
	0x08, 0x0f, 0x0b, 0x18, 0x04, 0x12, 0x1c, 0x01, 
	0x01, 0x05, 0x18, 0x09, 0x09, 0x09, 0x07, 0x18, 
	0x04, 0x18, 0x0b, 0x0b, 0x23, 0x24, 0x11, 0x10, 
	0x20, 0x18, 0x28, 0x2b, 0x02, 0x20, 0x18, 0x08, 
	0x1b, 0x09, 0x09, 0x0f, 0x0b, 0x18, 0x1d, 0x1c, 
	0x1c, 0x1d, 0x00, 0x0b, 0x09, 0x09, 0x0b, 0x00, 
	0x06, 0x00, 0x0b, 0x17, 0x18, 0x20, 0x10, 0x2e, 
	0x2e, 0x03, 0x0b, 0x29, 0x06, 0x20, 0x18, 0x08, 
	0x15, 0x0e, 0x09, 0x09, 0x09, 0x0f, 0x18, 0x1e, 
	0x1d, 0x24, 0x05, 0x04, 0x0b, 0x18, 0x00, 0x20, 
	0x05, 0x04, 0x09, 0x09, 0x07, 0x16, 0x08, 0x1a, 
	0x18, 0x00, 0x04, 0x28, 0x31, 0x05, 0x18, 0x32, 
	0x09, 0x09, 0x09, 0x09, 0x09, 0x09, 0x09, 0x18, 
	
};

Gfx gym_dl_t_0_rockyhillside_pal_rgba16_copy_copy_copy_copy_aligner[] = {gsSPEndDisplayList()};
u8 gym_dl_t_0_rockyhillside_pal_rgba16_copy_copy_copy_copy[] = {
	0xac, 0x1b, 0x7a, 0xd5, 0x93, 0x59, 0xab, 0xdb, 
	0xb4, 0x1b, 0x9b, 0x99, 0xa3, 0xdb, 0xbc, 0x9d, 
	0xcc, 0xdf, 0xc4, 0x9d, 0xd5, 0x63, 0xbc, 0x5b, 
	0xb4, 0x5d, 0xa4, 0x1b, 0xcc, 0xdd, 0xc4, 0x9b, 
	0x93, 0x99, 0x83, 0x17, 0x93, 0x57, 0xcc, 0x9d, 
	0xc4, 0xdd, 0xd5, 0x21, 0xbc, 0x9b, 0xbc, 0x5d, 
	0xb4, 0x5b, 0x72, 0xd5, 0xc4, 0x9f, 0xd5, 0x61, 
	0x72, 0x95, 0x8b, 0x57, 0x8b, 0x17, 0x9b, 0xdb, 
	0xa3, 0xd9, 0x8b, 0x59, 0x9b, 0xd9, 0xac, 0x19, 
	0x83, 0x15, 0xc5, 0x21, 0xcd, 0x21, 0xbc, 0xa1, 
	0xc4, 0xdf, 0xc4, 0xe1, 0xb4, 0x9f, 0xbc, 0x9f, 
	0xac, 0x5d, 0x7a, 0xd7, 0x9b, 0x9b, 0xb4, 0x5f, 
	0xab, 0xd9, 0xac, 0x1d, 0xcd, 0x1f, 
};

Gfx gym_dl_t_0_rockyhillside_ci8_copy_copy_copy_copy_copy_aligner[] = {gsSPEndDisplayList()};
u8 gym_dl_t_0_rockyhillside_ci8_copy_copy_copy_copy_copy[] = {
	0x00, 0x01, 0x02, 0x03, 0x04, 0x03, 0x05, 0x05, 
	0x06, 0x07, 0x08, 0x09, 0x09, 0x09, 0x0a, 0x09, 
	0x0b, 0x0c, 0x04, 0x07, 0x0d, 0x05, 0x0c, 0x09, 
	0x09, 0x09, 0x09, 0x0e, 0x0e, 0x09, 0x0f, 0x0b, 
	0x0b, 0x10, 0x11, 0x02, 0x12, 0x11, 0x02, 0x05, 
	0x0c, 0x09, 0x13, 0x08, 0x14, 0x15, 0x08, 0x0f, 
	0x09, 0x16, 0x17, 0x18, 0x06, 0x10, 0x00, 0x07, 
	0x09, 0x09, 0x09, 0x09, 0x13, 0x0e, 0x08, 0x09, 
	0x09, 0x18, 0x11, 0x01, 0x19, 0x11, 0x05, 0x00, 
	0x1a, 0x09, 0x09, 0x09, 0x0e, 0x15, 0x09, 0x09, 
	0x09, 0x0f, 0x0b, 0x0c, 0x06, 0x02, 0x03, 0x0b, 
	0x09, 0x09, 0x09, 0x09, 0x09, 0x09, 0x08, 0x1b, 
	0x08, 0x0b, 0x05, 0x1c, 0x01, 0x02, 0x06, 0x09, 
	0x13, 0x09, 0x09, 0x09, 0x09, 0x08, 0x08, 0x09, 
	0x09, 0x09, 0x0f, 0x17, 0x06, 0x02, 0x06, 0x18, 
	0x07, 0x09, 0x09, 0x09, 0x09, 0x09, 0x09, 0x08, 
	0x08, 0x09, 0x04, 0x11, 0x11, 0x10, 0x00, 0x09, 
	0x09, 0x09, 0x0b, 0x09, 0x09, 0x09, 0x08, 0x09, 
	0x09, 0x09, 0x09, 0x16, 0x00, 0x02, 0x05, 0x00, 
	0x0b, 0x09, 0x09, 0x09, 0x09, 0x09, 0x09, 0x09, 
	0x08, 0x09, 0x0b, 0x10, 0x11, 0x05, 0x04, 0x09, 
	0x09, 0x18, 0x0b, 0x09, 0x09, 0x09, 0x0e, 0x0e, 
	0x09, 0x09, 0x09, 0x0f, 0x0c, 0x05, 0x05, 0x03, 
	0x18, 0x07, 0x09, 0x09, 0x09, 0x09, 0x09, 0x09, 
	0x0e, 0x0e, 0x16, 0x0d, 0x11, 0x05, 0x04, 0x09, 
	0x0b, 0x04, 0x07, 0x09, 0x09, 0x09, 0x09, 0x08, 
	0x13, 0x09, 0x09, 0x0f, 0x07, 0x10, 0x02, 0x06, 
	0x18, 0x07, 0x09, 0x09, 0x09, 0x09, 0x09, 0x09, 
	0x09, 0x08, 0x07, 0x00, 0x1d, 0x02, 0x00, 0x18, 
	0x04, 0x04, 0x09, 0x09, 0x09, 0x09, 0x09, 0x08, 
	0x08, 0x09, 0x09, 0x0f, 0x17, 0x10, 0x02, 0x06, 
	0x04, 0x17, 0x09, 0x09, 0x09, 0x09, 0x09, 0x09, 
	0x09, 0x14, 0x07, 0x18, 0x02, 0x02, 0x06, 0x00, 
	0x00, 0x18, 0x09, 0x09, 0x09, 0x09, 0x09, 0x08, 
	0x08, 0x09, 0x09, 0x09, 0x09, 0x06, 0x1e, 0x05, 
	0x00, 0x18, 0x07, 0x09, 0x09, 0x09, 0x09, 0x09, 
	0x09, 0x09, 0x09, 0x17, 0x1f, 0x1d, 0x05, 0x06, 
	0x00, 0x18, 0x09, 0x09, 0x09, 0x09, 0x09, 0x0e, 
	0x09, 0x09, 0x09, 0x09, 0x09, 0x20, 0x11, 0x02, 
	0x05, 0x06, 0x00, 0x18, 0x0b, 0x09, 0x09, 0x09, 
	0x09, 0x09, 0x09, 0x16, 0x06, 0x21, 0x05, 0x06, 
	0x03, 0x18, 0x09, 0x09, 0x09, 0x09, 0x09, 0x09, 
	0x09, 0x09, 0x09, 0x09, 0x16, 0x20, 0x01, 0x1d, 
	0x10, 0x05, 0x05, 0x20, 0x00, 0x0b, 0x09, 0x09, 
	0x09, 0x09, 0x09, 0x0b, 0x05, 0x11, 0x02, 0x05, 
	0x06, 0x04, 0x07, 0x09, 0x09, 0x09, 0x09, 0x09, 
	0x09, 0x09, 0x09, 0x0f, 0x0b, 0x10, 0x11, 0x22, 
	0x00, 0x07, 0x07, 0x0c, 0x06, 0x00, 0x09, 0x09, 
	0x09, 0x09, 0x0f, 0x23, 0x24, 0x01, 0x1d, 0x10, 
	0x05, 0x03, 0x18, 0x09, 0x09, 0x09, 0x09, 0x09, 
	0x09, 0x09, 0x16, 0x0b, 0x18, 0x06, 0x18, 0x0b, 
	0x09, 0x08, 0x09, 0x09, 0x25, 0x0d, 0x18, 0x09, 
	0x09, 0x16, 0x0b, 0x00, 0x22, 0x05, 0x02, 0x1d, 
	0x1d, 0x05, 0x03, 0x18, 0x09, 0x09, 0x09, 0x0b, 
	0x09, 0x16, 0x0b, 0x0c, 0x17, 0x0b, 0x0f, 0x0f, 
	0x08, 0x09, 0x0f, 0x0f, 0x26, 0x27, 0x00, 0x09, 
	0x0b, 0x18, 0x17, 0x07, 0x0b, 0x09, 0x28, 0x04, 
	0x20, 0x05, 0x05, 0x00, 0x0b, 0x09, 0x0b, 0x04, 
	0x18, 0x0b, 0x17, 0x17, 0x0b, 0x0f, 0x09, 0x09, 
	0x26, 0x09, 0x09, 0x09, 0x09, 0x29, 0x18, 0x0b, 
	0x18, 0x18, 0x07, 0x0b, 0x16, 0x15, 0x15, 0x0b, 
	0x14, 0x29, 0x06, 0x05, 0x04, 0x0b, 0x18, 0x06, 
	0x00, 0x07, 0x07, 0x0b, 0x09, 0x09, 0x09, 0x09, 
	0x26, 0x14, 0x09, 0x09, 0x0f, 0x09, 0x0c, 0x18, 
	0x04, 0x18, 0x0b, 0x0f, 0x0f, 0x08, 0x08, 0x09, 
	0x15, 0x0e, 0x18, 0x02, 0x03, 0x04, 0x03, 0x05, 
	0x00, 0x28, 0x16, 0x09, 0x09, 0x09, 0x09, 0x0b, 
	0x17, 0x26, 0x09, 0x09, 0x09, 0x09, 0x2a, 0x04, 
	0x04, 0x0b, 0x0f, 0x09, 0x09, 0x16, 0x14, 0x0e, 
	0x08, 0x09, 0x07, 0x10, 0x05, 0x06, 0x05, 0x02, 
	0x0c, 0x14, 0x0f, 0x09, 0x09, 0x09, 0x07, 0x18, 
	0x04, 0x17, 0x28, 0x07, 0x09, 0x09, 0x2b, 0x06, 
	0x00, 0x0b, 0x09, 0x07, 0x0b, 0x0b, 0x09, 0x08, 
	0x0e, 0x09, 0x09, 0x06, 0x11, 0x05, 0x02, 0x02, 
	0x0c, 0x09, 0x09, 0x09, 0x09, 0x07, 0x0b, 0x18, 
	0x00, 0x00, 0x07, 0x07, 0x09, 0x09, 0x07, 0x05, 
	0x03, 0x0b, 0x09, 0x0b, 0x0b, 0x0b, 0x0b, 0x09, 
	0x09, 0x09, 0x09, 0x18, 0x11, 0x11, 0x11, 0x05, 
	0x07, 0x09, 0x09, 0x09, 0x07, 0x0b, 0x0b, 0x0b, 
	0x04, 0x04, 0x17, 0x17, 0x09, 0x09, 0x07, 0x1f, 
	0x03, 0x0b, 0x16, 0x0b, 0x0b, 0x0b, 0x0b, 0x09, 
	0x09, 0x09, 0x09, 0x07, 0x02, 0x1c, 0x01, 0x10, 
	0x07, 0x09, 0x09, 0x09, 0x0b, 0x0b, 0x09, 0x09, 
	0x0b, 0x18, 0x0b, 0x17, 0x09, 0x09, 0x07, 0x06, 
	0x06, 0x0b, 0x09, 0x09, 0x09, 0x0b, 0x0b, 0x09, 
	0x09, 0x09, 0x09, 0x0f, 0x06, 0x19, 0x1c, 0x21, 
	0x04, 0x09, 0x09, 0x07, 0x0b, 0x07, 0x09, 0x09, 
	0x09, 0x0b, 0x0b, 0x09, 0x09, 0x0f, 0x28, 0x2c, 
	0x03, 0x0b, 0x09, 0x09, 0x09, 0x07, 0x0b, 0x0b, 
	0x09, 0x09, 0x09, 0x0f, 0x06, 0x01, 0x1c, 0x11, 
	0x05, 0x0b, 0x09, 0x0b, 0x18, 0x09, 0x09, 0x09, 
	0x09, 0x09, 0x0b, 0x28, 0x0e, 0x0f, 0x09, 0x0c, 
	0x06, 0x18, 0x09, 0x09, 0x09, 0x09, 0x0b, 0x0b, 
	0x07, 0x14, 0x09, 0x0f, 0x04, 0x11, 0x1c, 0x2d, 
	0x02, 0x00, 0x04, 0x00, 0x18, 0x07, 0x09, 0x09, 
	0x09, 0x09, 0x09, 0x09, 0x09, 0x09, 0x09, 0x00, 
	0x20, 0x04, 0x07, 0x09, 0x09, 0x09, 0x0b, 0x18, 
	0x18, 0x28, 0x09, 0x09, 0x0b, 0x10, 0x1d, 0x2e, 
	0x2e, 0x10, 0x10, 0x05, 0x00, 0x18, 0x0b, 0x0b, 
	0x0b, 0x0f, 0x09, 0x0b, 0x09, 0x09, 0x09, 0x03, 
	0x05, 0x00, 0x0b, 0x09, 0x09, 0x09, 0x0b, 0x04, 
	0x00, 0x07, 0x0e, 0x09, 0x16, 0x00, 0x06, 0x28, 
	0x18, 0x06, 0x21, 0x02, 0x05, 0x06, 0x00, 0x00, 
	0x04, 0x18, 0x0b, 0x0b, 0x16, 0x09, 0x09, 0x06, 
	0x05, 0x00, 0x0b, 0x09, 0x09, 0x09, 0x0b, 0x04, 
	0x00, 0x0b, 0x09, 0x09, 0x0f, 0x04, 0x2f, 0x28, 
	0x0f, 0x2b, 0x2e, 0x11, 0x1d, 0x02, 0x05, 0x20, 
	0x20, 0x20, 0x00, 0x04, 0x0b, 0x16, 0x0b, 0x10, 
	0x1d, 0x00, 0x0b, 0x09, 0x09, 0x09, 0x0b, 0x18, 
	0x04, 0x07, 0x09, 0x09, 0x16, 0x30, 0x06, 0x04, 
	0x09, 0x14, 0x0c, 0x1d, 0x1d, 0x10, 0x06, 0x00, 
	0x00, 0x00, 0x04, 0x00, 0x03, 0x20, 0x12, 0x24, 
	0x01, 0x06, 0x0b, 0x09, 0x09, 0x09, 0x07, 0x0b, 
	0x18, 0x0b, 0x09, 0x09, 0x18, 0x12, 0x10, 0x06, 
	0x18, 0x09, 0x28, 0x1f, 0x21, 0x05, 0x00, 0x28, 
	0x08, 0x0f, 0x0b, 0x18, 0x04, 0x12, 0x1c, 0x01, 
	0x01, 0x05, 0x18, 0x09, 0x09, 0x09, 0x07, 0x18, 
	0x04, 0x18, 0x0b, 0x0b, 0x23, 0x24, 0x11, 0x10, 
	0x20, 0x18, 0x28, 0x2b, 0x02, 0x20, 0x18, 0x08, 
	0x1b, 0x09, 0x09, 0x0f, 0x0b, 0x18, 0x1d, 0x1c, 
	0x1c, 0x1d, 0x00, 0x0b, 0x09, 0x09, 0x0b, 0x00, 
	0x06, 0x00, 0x0b, 0x17, 0x18, 0x20, 0x10, 0x2e, 
	0x2e, 0x03, 0x0b, 0x29, 0x06, 0x20, 0x18, 0x08, 
	0x15, 0x0e, 0x09, 0x09, 0x09, 0x0f, 0x18, 0x1e, 
	0x1d, 0x24, 0x05, 0x04, 0x0b, 0x18, 0x00, 0x20, 
	0x05, 0x04, 0x09, 0x09, 0x07, 0x16, 0x08, 0x1a, 
	0x18, 0x00, 0x04, 0x28, 0x31, 0x05, 0x18, 0x32, 
	0x09, 0x09, 0x09, 0x09, 0x09, 0x09, 0x09, 0x18, 
	
};

Gfx gym_dl_t_0_rockyhillside_pal_rgba16_copy_copy_copy_copy_copy_aligner[] = {gsSPEndDisplayList()};
u8 gym_dl_t_0_rockyhillside_pal_rgba16_copy_copy_copy_copy_copy[] = {
	0xac, 0x1b, 0x7a, 0xd5, 0x93, 0x59, 0xab, 0xdb, 
	0xb4, 0x1b, 0x9b, 0x99, 0xa3, 0xdb, 0xbc, 0x9d, 
	0xcc, 0xdf, 0xc4, 0x9d, 0xd5, 0x63, 0xbc, 0x5b, 
	0xb4, 0x5d, 0xa4, 0x1b, 0xcc, 0xdd, 0xc4, 0x9b, 
	0x93, 0x99, 0x83, 0x17, 0x93, 0x57, 0xcc, 0x9d, 
	0xc4, 0xdd, 0xd5, 0x21, 0xbc, 0x9b, 0xbc, 0x5d, 
	0xb4, 0x5b, 0x72, 0xd5, 0xc4, 0x9f, 0xd5, 0x61, 
	0x72, 0x95, 0x8b, 0x57, 0x8b, 0x17, 0x9b, 0xdb, 
	0xa3, 0xd9, 0x8b, 0x59, 0x9b, 0xd9, 0xac, 0x19, 
	0x83, 0x15, 0xc5, 0x21, 0xcd, 0x21, 0xbc, 0xa1, 
	0xc4, 0xdf, 0xc4, 0xe1, 0xb4, 0x9f, 0xbc, 0x9f, 
	0xac, 0x5d, 0x7a, 0xd7, 0x9b, 0x9b, 0xb4, 0x5f, 
	0xab, 0xd9, 0xac, 0x1d, 0xcd, 0x1f, 
};

Gfx gym_dl_t_0_rockyhillside_ci8_copy_copy_copy_copy_copy_copy_aligner[] = {gsSPEndDisplayList()};
u8 gym_dl_t_0_rockyhillside_ci8_copy_copy_copy_copy_copy_copy[] = {
	0x00, 0x01, 0x02, 0x03, 0x04, 0x03, 0x05, 0x05, 
	0x06, 0x07, 0x08, 0x09, 0x09, 0x09, 0x0a, 0x09, 
	0x0b, 0x0c, 0x04, 0x07, 0x0d, 0x05, 0x0c, 0x09, 
	0x09, 0x09, 0x09, 0x0e, 0x0e, 0x09, 0x0f, 0x0b, 
	0x0b, 0x10, 0x11, 0x02, 0x12, 0x11, 0x02, 0x05, 
	0x0c, 0x09, 0x13, 0x08, 0x14, 0x15, 0x08, 0x0f, 
	0x09, 0x16, 0x17, 0x18, 0x06, 0x10, 0x00, 0x07, 
	0x09, 0x09, 0x09, 0x09, 0x13, 0x0e, 0x08, 0x09, 
	0x09, 0x18, 0x11, 0x01, 0x19, 0x11, 0x05, 0x00, 
	0x1a, 0x09, 0x09, 0x09, 0x0e, 0x15, 0x09, 0x09, 
	0x09, 0x0f, 0x0b, 0x0c, 0x06, 0x02, 0x03, 0x0b, 
	0x09, 0x09, 0x09, 0x09, 0x09, 0x09, 0x08, 0x1b, 
	0x08, 0x0b, 0x05, 0x1c, 0x01, 0x02, 0x06, 0x09, 
	0x13, 0x09, 0x09, 0x09, 0x09, 0x08, 0x08, 0x09, 
	0x09, 0x09, 0x0f, 0x17, 0x06, 0x02, 0x06, 0x18, 
	0x07, 0x09, 0x09, 0x09, 0x09, 0x09, 0x09, 0x08, 
	0x08, 0x09, 0x04, 0x11, 0x11, 0x10, 0x00, 0x09, 
	0x09, 0x09, 0x0b, 0x09, 0x09, 0x09, 0x08, 0x09, 
	0x09, 0x09, 0x09, 0x16, 0x00, 0x02, 0x05, 0x00, 
	0x0b, 0x09, 0x09, 0x09, 0x09, 0x09, 0x09, 0x09, 
	0x08, 0x09, 0x0b, 0x10, 0x11, 0x05, 0x04, 0x09, 
	0x09, 0x18, 0x0b, 0x09, 0x09, 0x09, 0x0e, 0x0e, 
	0x09, 0x09, 0x09, 0x0f, 0x0c, 0x05, 0x05, 0x03, 
	0x18, 0x07, 0x09, 0x09, 0x09, 0x09, 0x09, 0x09, 
	0x0e, 0x0e, 0x16, 0x0d, 0x11, 0x05, 0x04, 0x09, 
	0x0b, 0x04, 0x07, 0x09, 0x09, 0x09, 0x09, 0x08, 
	0x13, 0x09, 0x09, 0x0f, 0x07, 0x10, 0x02, 0x06, 
	0x18, 0x07, 0x09, 0x09, 0x09, 0x09, 0x09, 0x09, 
	0x09, 0x08, 0x07, 0x00, 0x1d, 0x02, 0x00, 0x18, 
	0x04, 0x04, 0x09, 0x09, 0x09, 0x09, 0x09, 0x08, 
	0x08, 0x09, 0x09, 0x0f, 0x17, 0x10, 0x02, 0x06, 
	0x04, 0x17, 0x09, 0x09, 0x09, 0x09, 0x09, 0x09, 
	0x09, 0x14, 0x07, 0x18, 0x02, 0x02, 0x06, 0x00, 
	0x00, 0x18, 0x09, 0x09, 0x09, 0x09, 0x09, 0x08, 
	0x08, 0x09, 0x09, 0x09, 0x09, 0x06, 0x1e, 0x05, 
	0x00, 0x18, 0x07, 0x09, 0x09, 0x09, 0x09, 0x09, 
	0x09, 0x09, 0x09, 0x17, 0x1f, 0x1d, 0x05, 0x06, 
	0x00, 0x18, 0x09, 0x09, 0x09, 0x09, 0x09, 0x0e, 
	0x09, 0x09, 0x09, 0x09, 0x09, 0x20, 0x11, 0x02, 
	0x05, 0x06, 0x00, 0x18, 0x0b, 0x09, 0x09, 0x09, 
	0x09, 0x09, 0x09, 0x16, 0x06, 0x21, 0x05, 0x06, 
	0x03, 0x18, 0x09, 0x09, 0x09, 0x09, 0x09, 0x09, 
	0x09, 0x09, 0x09, 0x09, 0x16, 0x20, 0x01, 0x1d, 
	0x10, 0x05, 0x05, 0x20, 0x00, 0x0b, 0x09, 0x09, 
	0x09, 0x09, 0x09, 0x0b, 0x05, 0x11, 0x02, 0x05, 
	0x06, 0x04, 0x07, 0x09, 0x09, 0x09, 0x09, 0x09, 
	0x09, 0x09, 0x09, 0x0f, 0x0b, 0x10, 0x11, 0x22, 
	0x00, 0x07, 0x07, 0x0c, 0x06, 0x00, 0x09, 0x09, 
	0x09, 0x09, 0x0f, 0x23, 0x24, 0x01, 0x1d, 0x10, 
	0x05, 0x03, 0x18, 0x09, 0x09, 0x09, 0x09, 0x09, 
	0x09, 0x09, 0x16, 0x0b, 0x18, 0x06, 0x18, 0x0b, 
	0x09, 0x08, 0x09, 0x09, 0x25, 0x0d, 0x18, 0x09, 
	0x09, 0x16, 0x0b, 0x00, 0x22, 0x05, 0x02, 0x1d, 
	0x1d, 0x05, 0x03, 0x18, 0x09, 0x09, 0x09, 0x0b, 
	0x09, 0x16, 0x0b, 0x0c, 0x17, 0x0b, 0x0f, 0x0f, 
	0x08, 0x09, 0x0f, 0x0f, 0x26, 0x27, 0x00, 0x09, 
	0x0b, 0x18, 0x17, 0x07, 0x0b, 0x09, 0x28, 0x04, 
	0x20, 0x05, 0x05, 0x00, 0x0b, 0x09, 0x0b, 0x04, 
	0x18, 0x0b, 0x17, 0x17, 0x0b, 0x0f, 0x09, 0x09, 
	0x26, 0x09, 0x09, 0x09, 0x09, 0x29, 0x18, 0x0b, 
	0x18, 0x18, 0x07, 0x0b, 0x16, 0x15, 0x15, 0x0b, 
	0x14, 0x29, 0x06, 0x05, 0x04, 0x0b, 0x18, 0x06, 
	0x00, 0x07, 0x07, 0x0b, 0x09, 0x09, 0x09, 0x09, 
	0x26, 0x14, 0x09, 0x09, 0x0f, 0x09, 0x0c, 0x18, 
	0x04, 0x18, 0x0b, 0x0f, 0x0f, 0x08, 0x08, 0x09, 
	0x15, 0x0e, 0x18, 0x02, 0x03, 0x04, 0x03, 0x05, 
	0x00, 0x28, 0x16, 0x09, 0x09, 0x09, 0x09, 0x0b, 
	0x17, 0x26, 0x09, 0x09, 0x09, 0x09, 0x2a, 0x04, 
	0x04, 0x0b, 0x0f, 0x09, 0x09, 0x16, 0x14, 0x0e, 
	0x08, 0x09, 0x07, 0x10, 0x05, 0x06, 0x05, 0x02, 
	0x0c, 0x14, 0x0f, 0x09, 0x09, 0x09, 0x07, 0x18, 
	0x04, 0x17, 0x28, 0x07, 0x09, 0x09, 0x2b, 0x06, 
	0x00, 0x0b, 0x09, 0x07, 0x0b, 0x0b, 0x09, 0x08, 
	0x0e, 0x09, 0x09, 0x06, 0x11, 0x05, 0x02, 0x02, 
	0x0c, 0x09, 0x09, 0x09, 0x09, 0x07, 0x0b, 0x18, 
	0x00, 0x00, 0x07, 0x07, 0x09, 0x09, 0x07, 0x05, 
	0x03, 0x0b, 0x09, 0x0b, 0x0b, 0x0b, 0x0b, 0x09, 
	0x09, 0x09, 0x09, 0x18, 0x11, 0x11, 0x11, 0x05, 
	0x07, 0x09, 0x09, 0x09, 0x07, 0x0b, 0x0b, 0x0b, 
	0x04, 0x04, 0x17, 0x17, 0x09, 0x09, 0x07, 0x1f, 
	0x03, 0x0b, 0x16, 0x0b, 0x0b, 0x0b, 0x0b, 0x09, 
	0x09, 0x09, 0x09, 0x07, 0x02, 0x1c, 0x01, 0x10, 
	0x07, 0x09, 0x09, 0x09, 0x0b, 0x0b, 0x09, 0x09, 
	0x0b, 0x18, 0x0b, 0x17, 0x09, 0x09, 0x07, 0x06, 
	0x06, 0x0b, 0x09, 0x09, 0x09, 0x0b, 0x0b, 0x09, 
	0x09, 0x09, 0x09, 0x0f, 0x06, 0x19, 0x1c, 0x21, 
	0x04, 0x09, 0x09, 0x07, 0x0b, 0x07, 0x09, 0x09, 
	0x09, 0x0b, 0x0b, 0x09, 0x09, 0x0f, 0x28, 0x2c, 
	0x03, 0x0b, 0x09, 0x09, 0x09, 0x07, 0x0b, 0x0b, 
	0x09, 0x09, 0x09, 0x0f, 0x06, 0x01, 0x1c, 0x11, 
	0x05, 0x0b, 0x09, 0x0b, 0x18, 0x09, 0x09, 0x09, 
	0x09, 0x09, 0x0b, 0x28, 0x0e, 0x0f, 0x09, 0x0c, 
	0x06, 0x18, 0x09, 0x09, 0x09, 0x09, 0x0b, 0x0b, 
	0x07, 0x14, 0x09, 0x0f, 0x04, 0x11, 0x1c, 0x2d, 
	0x02, 0x00, 0x04, 0x00, 0x18, 0x07, 0x09, 0x09, 
	0x09, 0x09, 0x09, 0x09, 0x09, 0x09, 0x09, 0x00, 
	0x20, 0x04, 0x07, 0x09, 0x09, 0x09, 0x0b, 0x18, 
	0x18, 0x28, 0x09, 0x09, 0x0b, 0x10, 0x1d, 0x2e, 
	0x2e, 0x10, 0x10, 0x05, 0x00, 0x18, 0x0b, 0x0b, 
	0x0b, 0x0f, 0x09, 0x0b, 0x09, 0x09, 0x09, 0x03, 
	0x05, 0x00, 0x0b, 0x09, 0x09, 0x09, 0x0b, 0x04, 
	0x00, 0x07, 0x0e, 0x09, 0x16, 0x00, 0x06, 0x28, 
	0x18, 0x06, 0x21, 0x02, 0x05, 0x06, 0x00, 0x00, 
	0x04, 0x18, 0x0b, 0x0b, 0x16, 0x09, 0x09, 0x06, 
	0x05, 0x00, 0x0b, 0x09, 0x09, 0x09, 0x0b, 0x04, 
	0x00, 0x0b, 0x09, 0x09, 0x0f, 0x04, 0x2f, 0x28, 
	0x0f, 0x2b, 0x2e, 0x11, 0x1d, 0x02, 0x05, 0x20, 
	0x20, 0x20, 0x00, 0x04, 0x0b, 0x16, 0x0b, 0x10, 
	0x1d, 0x00, 0x0b, 0x09, 0x09, 0x09, 0x0b, 0x18, 
	0x04, 0x07, 0x09, 0x09, 0x16, 0x30, 0x06, 0x04, 
	0x09, 0x14, 0x0c, 0x1d, 0x1d, 0x10, 0x06, 0x00, 
	0x00, 0x00, 0x04, 0x00, 0x03, 0x20, 0x12, 0x24, 
	0x01, 0x06, 0x0b, 0x09, 0x09, 0x09, 0x07, 0x0b, 
	0x18, 0x0b, 0x09, 0x09, 0x18, 0x12, 0x10, 0x06, 
	0x18, 0x09, 0x28, 0x1f, 0x21, 0x05, 0x00, 0x28, 
	0x08, 0x0f, 0x0b, 0x18, 0x04, 0x12, 0x1c, 0x01, 
	0x01, 0x05, 0x18, 0x09, 0x09, 0x09, 0x07, 0x18, 
	0x04, 0x18, 0x0b, 0x0b, 0x23, 0x24, 0x11, 0x10, 
	0x20, 0x18, 0x28, 0x2b, 0x02, 0x20, 0x18, 0x08, 
	0x1b, 0x09, 0x09, 0x0f, 0x0b, 0x18, 0x1d, 0x1c, 
	0x1c, 0x1d, 0x00, 0x0b, 0x09, 0x09, 0x0b, 0x00, 
	0x06, 0x00, 0x0b, 0x17, 0x18, 0x20, 0x10, 0x2e, 
	0x2e, 0x03, 0x0b, 0x29, 0x06, 0x20, 0x18, 0x08, 
	0x15, 0x0e, 0x09, 0x09, 0x09, 0x0f, 0x18, 0x1e, 
	0x1d, 0x24, 0x05, 0x04, 0x0b, 0x18, 0x00, 0x20, 
	0x05, 0x04, 0x09, 0x09, 0x07, 0x16, 0x08, 0x1a, 
	0x18, 0x00, 0x04, 0x28, 0x31, 0x05, 0x18, 0x32, 
	0x09, 0x09, 0x09, 0x09, 0x09, 0x09, 0x09, 0x18, 
	
};

Gfx gym_dl_t_0_rockyhillside_pal_rgba16_copy_copy_copy_copy_copy_copy_aligner[] = {gsSPEndDisplayList()};
u8 gym_dl_t_0_rockyhillside_pal_rgba16_copy_copy_copy_copy_copy_copy[] = {
	0xac, 0x1b, 0x7a, 0xd5, 0x93, 0x59, 0xab, 0xdb, 
	0xb4, 0x1b, 0x9b, 0x99, 0xa3, 0xdb, 0xbc, 0x9d, 
	0xcc, 0xdf, 0xc4, 0x9d, 0xd5, 0x63, 0xbc, 0x5b, 
	0xb4, 0x5d, 0xa4, 0x1b, 0xcc, 0xdd, 0xc4, 0x9b, 
	0x93, 0x99, 0x83, 0x17, 0x93, 0x57, 0xcc, 0x9d, 
	0xc4, 0xdd, 0xd5, 0x21, 0xbc, 0x9b, 0xbc, 0x5d, 
	0xb4, 0x5b, 0x72, 0xd5, 0xc4, 0x9f, 0xd5, 0x61, 
	0x72, 0x95, 0x8b, 0x57, 0x8b, 0x17, 0x9b, 0xdb, 
	0xa3, 0xd9, 0x8b, 0x59, 0x9b, 0xd9, 0xac, 0x19, 
	0x83, 0x15, 0xc5, 0x21, 0xcd, 0x21, 0xbc, 0xa1, 
	0xc4, 0xdf, 0xc4, 0xe1, 0xb4, 0x9f, 0xbc, 0x9f, 
	0xac, 0x5d, 0x7a, 0xd7, 0x9b, 0x9b, 0xb4, 0x5f, 
	0xab, 0xd9, 0xac, 0x1d, 0xcd, 0x1f, 
};

Gfx gym_dl_t_0_grass_ci8_aligner[] = {gsSPEndDisplayList()};
u8 gym_dl_t_0_grass_ci8[] = {
	0x00, 0x01, 0x01, 0x02, 0x03, 0x04, 0x04, 0x02, 
	0x05, 0x06, 0x04, 0x07, 0x00, 0x01, 0x02, 0x06, 
	0x06, 0x06, 0x05, 0x08, 0x08, 0x01, 0x09, 0x08, 
	0x0a, 0x03, 0x04, 0x0b, 0x01, 0x03, 0x03, 0x01, 
	0x01, 0x06, 0x02, 0x01, 0x06, 0x03, 0x01, 0x0c, 
	0x0d, 0x06, 0x0e, 0x09, 0x07, 0x00, 0x0f, 0x03, 
	0x03, 0x05, 0x0a, 0x10, 0x11, 0x03, 0x0b, 0x01, 
	0x05, 0x00, 0x04, 0x00, 0x0f, 0x03, 0x02, 0x04, 
	0x00, 0x11, 0x06, 0x06, 0x06, 0x06, 0x00, 0x0a, 
	0x08, 0x02, 0x12, 0x09, 0x04, 0x13, 0x0e, 0x0f, 
	0x01, 0x06, 0x08, 0x0c, 0x02, 0x03, 0x04, 0x00, 
	0x11, 0x07, 0x04, 0x11, 0x12, 0x07, 0x07, 0x04, 
	0x14, 0x03, 0x05, 0x02, 0x06, 0x06, 0x11, 0x06, 
	0x03, 0x00, 0x13, 0x12, 0x00, 0x13, 0x15, 0x00, 
	0x01, 0x03, 0x05, 0x11, 0x03, 0x01, 0x01, 0x03, 
	0x06, 0x03, 0x05, 0x06, 0x0b, 0x13, 0x14, 0x0e, 
	0x01, 0x02, 0x03, 0x01, 0x03, 0x06, 0x05, 0x11, 
	0x11, 0x0e, 0x13, 0x12, 0x04, 0x0b, 0x16, 0x0e, 
	0x01, 0x0f, 0x01, 0x06, 0x02, 0x00, 0x00, 0x07, 
	0x00, 0x01, 0x0a, 0x11, 0x02, 0x0e, 0x15, 0x13, 
	0x0d, 0x0f, 0x03, 0x02, 0x01, 0x03, 0x06, 0x02, 
	0x03, 0x09, 0x09, 0x12, 0x0e, 0x00, 0x14, 0x14, 
	0x00, 0x04, 0x00, 0x0f, 0x04, 0x0f, 0x0f, 0x09, 
	0x09, 0x00, 0x06, 0x0a, 0x17, 0x0f, 0x04, 0x09, 
	0x01, 0x00, 0x01, 0x01, 0x00, 0x01, 0x03, 0x06, 
	0x03, 0x0e, 0x0e, 0x0e, 0x0e, 0x00, 0x12, 0x0b, 
	0x04, 0x07, 0x0f, 0x00, 0x12, 0x00, 0x01, 0x0e, 
	0x09, 0x04, 0x07, 0x17, 0x08, 0x06, 0x02, 0x09, 
	0x00, 0x0f, 0x0f, 0x0f, 0x00, 0x0f, 0x03, 0x0f, 
	0x00, 0x09, 0x00, 0x01, 0x04, 0x00, 0x00, 0x0b, 
	0x12, 0x07, 0x07, 0x0f, 0x0e, 0x04, 0x00, 0x0f, 
	0x0f, 0x00, 0x01, 0x03, 0x05, 0x17, 0x03, 0x14, 
	0x00, 0x01, 0x0f, 0x0f, 0x00, 0x00, 0x00, 0x0e, 
	0x0b, 0x00, 0x00, 0x0f, 0x04, 0x0e, 0x07, 0x04, 
	0x04, 0x00, 0x07, 0x06, 0x00, 0x04, 0x00, 0x0f, 
	0x0f, 0x0f, 0x01, 0x06, 0x0d, 0x08, 0x11, 0x09, 
	0x01, 0x03, 0x00, 0x01, 0x03, 0x0f, 0x04, 0x07, 
	0x12, 0x00, 0x07, 0x00, 0x04, 0x18, 0x14, 0x04, 
	0x0f, 0x00, 0x01, 0x06, 0x04, 0x0b, 0x07, 0x03, 
	0x06, 0x06, 0x03, 0x00, 0x0d, 0x10, 0x0d, 0x04, 
	0x06, 0x02, 0x07, 0x01, 0x06, 0x03, 0x0b, 0x0b, 
	0x0e, 0x0b, 0x09, 0x0e, 0x00, 0x19, 0x1a, 0x00, 
	0x07, 0x00, 0x01, 0x06, 0x07, 0x0b, 0x00, 0x01, 
	0x01, 0x03, 0x0f, 0x04, 0x02, 0x0c, 0x0d, 0x0b, 
	0x01, 0x11, 0x04, 0x04, 0x03, 0x03, 0x04, 0x09, 
	0x14, 0x13, 0x19, 0x09, 0x11, 0x18, 0x09, 0x0f, 
	0x00, 0x0f, 0x0f, 0x00, 0x04, 0x00, 0x11, 0x01, 
	0x00, 0x01, 0x00, 0x04, 0x00, 0x03, 0x05, 0x0e, 
	0x00, 0x11, 0x0e, 0x0e, 0x01, 0x11, 0x0f, 0x07, 
	0x13, 0x13, 0x15, 0x00, 0x11, 0x01, 0x00, 0x03, 
	0x02, 0x01, 0x0f, 0x04, 0x0e, 0x00, 0x11, 0x01, 
	0x00, 0x0f, 0x04, 0x12, 0x07, 0x00, 0x0f, 0x00, 
	0x11, 0x01, 0x09, 0x04, 0x01, 0x11, 0x11, 0x0f, 
	0x04, 0x14, 0x14, 0x0e, 0x0d, 0x06, 0x00, 0x02, 
	0x01, 0x04, 0x03, 0x06, 0x0f, 0x0f, 0x05, 0x00, 
	0x04, 0x07, 0x07, 0x07, 0x00, 0x0f, 0x02, 0x01, 
	0x0a, 0x02, 0x13, 0x09, 0x00, 0x06, 0x06, 0x01, 
	0x0f, 0x14, 0x13, 0x13, 0x03, 0x00, 0x0e, 0x00, 
	0x00, 0x09, 0x05, 0x0a, 0x02, 0x03, 0x06, 0x04, 
	0x12, 0x0f, 0x03, 0x06, 0x03, 0x03, 0x03, 0x06, 
	0x10, 0x11, 0x09, 0x07, 0x00, 0x01, 0x01, 0x01, 
	0x01, 0x14, 0x14, 0x0e, 0x00, 0x0e, 0x09, 0x01, 
	0x0f, 0x0e, 0x11, 0x0d, 0x06, 0x06, 0x03, 0x0e, 
	0x04, 0x03, 0x11, 0x08, 0x11, 0x03, 0x0f, 0x11, 
	0x10, 0x08, 0x0f, 0x0f, 0x00, 0x00, 0x01, 0x02, 
	0x00, 0x13, 0x15, 0x12, 0x07, 0x14, 0x09, 0x03, 
	0x01, 0x04, 0x06, 0x11, 0x11, 0x06, 0x06, 0x01, 
	0x06, 0x06, 0x08, 0x08, 0x11, 0x00, 0x07, 0x11, 
	0x11, 0x06, 0x0f, 0x04, 0x07, 0x01, 0x05, 0x03, 
	0x0f, 0x0e, 0x14, 0x13, 0x04, 0x13, 0x0b, 0x03, 
	0x06, 0x00, 0x11, 0x11, 0x06, 0x06, 0x11, 0x03, 
	0x05, 0x06, 0x05, 0x05, 0x06, 0x04, 0x0f, 0x17, 
	0x06, 0x01, 0x00, 0x07, 0x04, 0x06, 0x0d, 0x03, 
	0x03, 0x07, 0x09, 0x18, 0x09, 0x0b, 0x00, 0x05, 
	0x06, 0x01, 0x11, 0x06, 0x03, 0x03, 0x06, 0x01, 
	0x06, 0x03, 0x01, 0x06, 0x0f, 0x07, 0x0f, 0x11, 
	0x11, 0x01, 0x04, 0x12, 0x00, 0x05, 0x11, 0x11, 
	0x03, 0x00, 0x12, 0x15, 0x15, 0x13, 0x11, 0x0a, 
	0x11, 0x0f, 0x06, 0x06, 0x02, 0x06, 0x01, 0x01, 
	0x02, 0x05, 0x0f, 0x07, 0x04, 0x07, 0x06, 0x0a, 
	0x03, 0x00, 0x07, 0x07, 0x05, 0x08, 0x08, 0x0c, 
	0x03, 0x01, 0x04, 0x15, 0x14, 0x0e, 0x0d, 0x10, 
	0x06, 0x00, 0x03, 0x0f, 0x01, 0x02, 0x00, 0x05, 
	0x11, 0x0d, 0x0f, 0x04, 0x04, 0x00, 0x05, 0x11, 
	0x03, 0x0f, 0x01, 0x00, 0x03, 0x08, 0x0d, 0x08, 
	0x02, 0x01, 0x0e, 0x13, 0x07, 0x07, 0x08, 0x0a, 
	0x0d, 0x01, 0x02, 0x07, 0x00, 0x01, 0x0f, 0x11, 
	0x06, 0x00, 0x0f, 0x07, 0x00, 0x01, 0x06, 0x03, 
	0x04, 0x00, 0x03, 0x04, 0x06, 0x11, 0x0a, 0x03, 
	0x00, 0x01, 0x07, 0x0b, 0x07, 0x02, 0x0a, 0x08, 
	0x0d, 0x06, 0x02, 0x04, 0x04, 0x04, 0x06, 0x06, 
	0x01, 0x04, 0x07, 0x0f, 0x0f, 0x03, 0x07, 0x04, 
	0x0b, 0x04, 0x03, 0x04, 0x0f, 0x08, 0x08, 0x01, 
	0x03, 0x03, 0x0f, 0x09, 0x04, 0x02, 0x17, 0x11, 
	0x11, 0x06, 0x02, 0x09, 0x09, 0x04, 0x06, 0x03, 
	0x01, 0x12, 0x09, 0x0f, 0x0f, 0x00, 0x12, 0x0e, 
	0x0f, 0x06, 0x11, 0x06, 0x17, 0x11, 0x11, 0x07, 
	0x01, 0x02, 0x03, 0x00, 0x00, 0x07, 0x03, 0x03, 
	0x08, 0x06, 0x01, 0x0b, 0x09, 0x06, 0x05, 0x0f, 
	0x04, 0x0e, 0x00, 0x00, 0x00, 0x07, 0x13, 0x0e, 
	0x05, 0x08, 0x05, 0x03, 0x11, 0x05, 0x11, 0x00, 
	0x0e, 0x01, 0x06, 0x02, 0x0f, 0x12, 0x00, 0x0f, 
	0x11, 0x11, 0x03, 0x0b, 0x01, 0x06, 0x01, 0x04, 
	0x04, 0x0e, 0x01, 0x00, 0x07, 0x01, 0x00, 0x0f, 
	0x06, 0x0c, 0x1b, 0x06, 0x0f, 0x01, 0x11, 0x02, 
	0x0e, 0x00, 0x02, 0x03, 0x0f, 0x0e, 0x01, 0x03, 
	0x02, 0x03, 0x0e, 0x13, 0x05, 0x06, 0x00, 0x13, 
	0x09, 0x04, 0x01, 0x00, 0x0f, 0x11, 0x05, 0x06, 
	0x06, 0x11, 0x0d, 0x06, 0x0f, 0x01, 0x06, 0x0f, 
	0x00, 0x00, 0x07, 0x00, 0x0f, 0x00, 0x01, 0x06, 
	0x06, 0x06, 0x14, 0x1a, 0x00, 0x00, 0x0e, 0x0e, 
	0x09, 0x07, 0x01, 0x0f, 0x01, 0x11, 0x05, 0x11, 
	0x06, 0x11, 0x08, 0x06, 0x00, 0x0e, 0x00, 0x00, 
	0x00, 0x0f, 0x00, 0x07, 0x0f, 0x0f, 0x00, 0x06, 
	0x06, 0x06, 0x13, 0x14, 0x00, 0x0e, 0x00, 0x01, 
	0x04, 0x04, 0x00, 0x01, 0x01, 0x06, 0x06, 0x06, 
	0x06, 0x08, 0x17, 0x06, 0x0f, 0x0e, 0x0e, 0x0e, 
	0x01, 0x01, 0x00, 0x07, 0x0f, 0x00, 0x06, 0x11, 
	0x03, 0x01, 0x18, 0x04, 0x01, 0x04, 0x04, 0x06, 
	0x00, 0x13, 0x00, 0x01, 0x0f, 0x02, 0x02, 0x0f, 
	0x11, 0x06, 0x01, 0x03, 0x00, 0x04, 0x0e, 0x0e, 
	0x02, 0x03, 0x07, 0x04, 0x01, 0x03, 0x0a, 0x11, 
	0x03, 0x01, 0x07, 0x0f, 0x08, 0x02, 0x04, 0x08, 
	0x06, 0x07, 0x07, 0x0e, 0x00, 0x0f, 0x00, 0x00, 
	0x03, 0x06, 0x01, 0x03, 0x0f, 0x00, 0x0e, 0x07, 
	0x11, 0x05, 0x07, 0x07, 0x0f, 0x03, 0x06, 0x11, 
	0x03, 0x0f, 0x00, 0x03, 0x17, 0x01, 0x04, 0x11, 
	0x05, 0x01, 0x00, 0x14, 0x00, 0x02, 0x00, 0x03, 
	
};

Gfx gym_dl_t_0_grass_pal_rgba16_aligner[] = {gsSPEndDisplayList()};
u8 gym_dl_t_0_grass_pal_rgba16[] = {
	0x64, 0x05, 0x6c, 0x45, 0x6c, 0x47, 0x6c, 0x87, 
	0x5b, 0xc5, 0x74, 0xc7, 0x74, 0x87, 0x5c, 0x05, 
	0x85, 0x07, 0x4b, 0x83, 0x8d, 0x49, 0x53, 0x83, 
	0x85, 0x49, 0x85, 0x09, 0x53, 0xc5, 0x64, 0x45, 
	0x95, 0x89, 0x7c, 0xc7, 0x53, 0x85, 0x4b, 0x43, 
	0x43, 0x43, 0x3b, 0x03, 0x32, 0x81, 0x7d, 0x07, 
	0x43, 0x03, 0x32, 0xc1, 0x3a, 0xc1, 0x8d, 0x89, 
	
};

Gfx gym_dl_t_0_rockyhillside_ci8_copy_copy_copy_copy_copy_copy_copy_aligner[] = {gsSPEndDisplayList()};
u8 gym_dl_t_0_rockyhillside_ci8_copy_copy_copy_copy_copy_copy_copy[] = {
	0x00, 0x01, 0x02, 0x03, 0x04, 0x03, 0x05, 0x05, 
	0x06, 0x07, 0x08, 0x09, 0x09, 0x09, 0x0a, 0x09, 
	0x0b, 0x0c, 0x04, 0x07, 0x0d, 0x05, 0x0c, 0x09, 
	0x09, 0x09, 0x09, 0x0e, 0x0e, 0x09, 0x0f, 0x0b, 
	0x0b, 0x10, 0x11, 0x02, 0x12, 0x11, 0x02, 0x05, 
	0x0c, 0x09, 0x13, 0x08, 0x14, 0x15, 0x08, 0x0f, 
	0x09, 0x16, 0x17, 0x18, 0x06, 0x10, 0x00, 0x07, 
	0x09, 0x09, 0x09, 0x09, 0x13, 0x0e, 0x08, 0x09, 
	0x09, 0x18, 0x11, 0x01, 0x19, 0x11, 0x05, 0x00, 
	0x1a, 0x09, 0x09, 0x09, 0x0e, 0x15, 0x09, 0x09, 
	0x09, 0x0f, 0x0b, 0x0c, 0x06, 0x02, 0x03, 0x0b, 
	0x09, 0x09, 0x09, 0x09, 0x09, 0x09, 0x08, 0x1b, 
	0x08, 0x0b, 0x05, 0x1c, 0x01, 0x02, 0x06, 0x09, 
	0x13, 0x09, 0x09, 0x09, 0x09, 0x08, 0x08, 0x09, 
	0x09, 0x09, 0x0f, 0x17, 0x06, 0x02, 0x06, 0x18, 
	0x07, 0x09, 0x09, 0x09, 0x09, 0x09, 0x09, 0x08, 
	0x08, 0x09, 0x04, 0x11, 0x11, 0x10, 0x00, 0x09, 
	0x09, 0x09, 0x0b, 0x09, 0x09, 0x09, 0x08, 0x09, 
	0x09, 0x09, 0x09, 0x16, 0x00, 0x02, 0x05, 0x00, 
	0x0b, 0x09, 0x09, 0x09, 0x09, 0x09, 0x09, 0x09, 
	0x08, 0x09, 0x0b, 0x10, 0x11, 0x05, 0x04, 0x09, 
	0x09, 0x18, 0x0b, 0x09, 0x09, 0x09, 0x0e, 0x0e, 
	0x09, 0x09, 0x09, 0x0f, 0x0c, 0x05, 0x05, 0x03, 
	0x18, 0x07, 0x09, 0x09, 0x09, 0x09, 0x09, 0x09, 
	0x0e, 0x0e, 0x16, 0x0d, 0x11, 0x05, 0x04, 0x09, 
	0x0b, 0x04, 0x07, 0x09, 0x09, 0x09, 0x09, 0x08, 
	0x13, 0x09, 0x09, 0x0f, 0x07, 0x10, 0x02, 0x06, 
	0x18, 0x07, 0x09, 0x09, 0x09, 0x09, 0x09, 0x09, 
	0x09, 0x08, 0x07, 0x00, 0x1d, 0x02, 0x00, 0x18, 
	0x04, 0x04, 0x09, 0x09, 0x09, 0x09, 0x09, 0x08, 
	0x08, 0x09, 0x09, 0x0f, 0x17, 0x10, 0x02, 0x06, 
	0x04, 0x17, 0x09, 0x09, 0x09, 0x09, 0x09, 0x09, 
	0x09, 0x14, 0x07, 0x18, 0x02, 0x02, 0x06, 0x00, 
	0x00, 0x18, 0x09, 0x09, 0x09, 0x09, 0x09, 0x08, 
	0x08, 0x09, 0x09, 0x09, 0x09, 0x06, 0x1e, 0x05, 
	0x00, 0x18, 0x07, 0x09, 0x09, 0x09, 0x09, 0x09, 
	0x09, 0x09, 0x09, 0x17, 0x1f, 0x1d, 0x05, 0x06, 
	0x00, 0x18, 0x09, 0x09, 0x09, 0x09, 0x09, 0x0e, 
	0x09, 0x09, 0x09, 0x09, 0x09, 0x20, 0x11, 0x02, 
	0x05, 0x06, 0x00, 0x18, 0x0b, 0x09, 0x09, 0x09, 
	0x09, 0x09, 0x09, 0x16, 0x06, 0x21, 0x05, 0x06, 
	0x03, 0x18, 0x09, 0x09, 0x09, 0x09, 0x09, 0x09, 
	0x09, 0x09, 0x09, 0x09, 0x16, 0x20, 0x01, 0x1d, 
	0x10, 0x05, 0x05, 0x20, 0x00, 0x0b, 0x09, 0x09, 
	0x09, 0x09, 0x09, 0x0b, 0x05, 0x11, 0x02, 0x05, 
	0x06, 0x04, 0x07, 0x09, 0x09, 0x09, 0x09, 0x09, 
	0x09, 0x09, 0x09, 0x0f, 0x0b, 0x10, 0x11, 0x22, 
	0x00, 0x07, 0x07, 0x0c, 0x06, 0x00, 0x09, 0x09, 
	0x09, 0x09, 0x0f, 0x23, 0x24, 0x01, 0x1d, 0x10, 
	0x05, 0x03, 0x18, 0x09, 0x09, 0x09, 0x09, 0x09, 
	0x09, 0x09, 0x16, 0x0b, 0x18, 0x06, 0x18, 0x0b, 
	0x09, 0x08, 0x09, 0x09, 0x25, 0x0d, 0x18, 0x09, 
	0x09, 0x16, 0x0b, 0x00, 0x22, 0x05, 0x02, 0x1d, 
	0x1d, 0x05, 0x03, 0x18, 0x09, 0x09, 0x09, 0x0b, 
	0x09, 0x16, 0x0b, 0x0c, 0x17, 0x0b, 0x0f, 0x0f, 
	0x08, 0x09, 0x0f, 0x0f, 0x26, 0x27, 0x00, 0x09, 
	0x0b, 0x18, 0x17, 0x07, 0x0b, 0x09, 0x28, 0x04, 
	0x20, 0x05, 0x05, 0x00, 0x0b, 0x09, 0x0b, 0x04, 
	0x18, 0x0b, 0x17, 0x17, 0x0b, 0x0f, 0x09, 0x09, 
	0x26, 0x09, 0x09, 0x09, 0x09, 0x29, 0x18, 0x0b, 
	0x18, 0x18, 0x07, 0x0b, 0x16, 0x15, 0x15, 0x0b, 
	0x14, 0x29, 0x06, 0x05, 0x04, 0x0b, 0x18, 0x06, 
	0x00, 0x07, 0x07, 0x0b, 0x09, 0x09, 0x09, 0x09, 
	0x26, 0x14, 0x09, 0x09, 0x0f, 0x09, 0x0c, 0x18, 
	0x04, 0x18, 0x0b, 0x0f, 0x0f, 0x08, 0x08, 0x09, 
	0x15, 0x0e, 0x18, 0x02, 0x03, 0x04, 0x03, 0x05, 
	0x00, 0x28, 0x16, 0x09, 0x09, 0x09, 0x09, 0x0b, 
	0x17, 0x26, 0x09, 0x09, 0x09, 0x09, 0x2a, 0x04, 
	0x04, 0x0b, 0x0f, 0x09, 0x09, 0x16, 0x14, 0x0e, 
	0x08, 0x09, 0x07, 0x10, 0x05, 0x06, 0x05, 0x02, 
	0x0c, 0x14, 0x0f, 0x09, 0x09, 0x09, 0x07, 0x18, 
	0x04, 0x17, 0x28, 0x07, 0x09, 0x09, 0x2b, 0x06, 
	0x00, 0x0b, 0x09, 0x07, 0x0b, 0x0b, 0x09, 0x08, 
	0x0e, 0x09, 0x09, 0x06, 0x11, 0x05, 0x02, 0x02, 
	0x0c, 0x09, 0x09, 0x09, 0x09, 0x07, 0x0b, 0x18, 
	0x00, 0x00, 0x07, 0x07, 0x09, 0x09, 0x07, 0x05, 
	0x03, 0x0b, 0x09, 0x0b, 0x0b, 0x0b, 0x0b, 0x09, 
	0x09, 0x09, 0x09, 0x18, 0x11, 0x11, 0x11, 0x05, 
	0x07, 0x09, 0x09, 0x09, 0x07, 0x0b, 0x0b, 0x0b, 
	0x04, 0x04, 0x17, 0x17, 0x09, 0x09, 0x07, 0x1f, 
	0x03, 0x0b, 0x16, 0x0b, 0x0b, 0x0b, 0x0b, 0x09, 
	0x09, 0x09, 0x09, 0x07, 0x02, 0x1c, 0x01, 0x10, 
	0x07, 0x09, 0x09, 0x09, 0x0b, 0x0b, 0x09, 0x09, 
	0x0b, 0x18, 0x0b, 0x17, 0x09, 0x09, 0x07, 0x06, 
	0x06, 0x0b, 0x09, 0x09, 0x09, 0x0b, 0x0b, 0x09, 
	0x09, 0x09, 0x09, 0x0f, 0x06, 0x19, 0x1c, 0x21, 
	0x04, 0x09, 0x09, 0x07, 0x0b, 0x07, 0x09, 0x09, 
	0x09, 0x0b, 0x0b, 0x09, 0x09, 0x0f, 0x28, 0x2c, 
	0x03, 0x0b, 0x09, 0x09, 0x09, 0x07, 0x0b, 0x0b, 
	0x09, 0x09, 0x09, 0x0f, 0x06, 0x01, 0x1c, 0x11, 
	0x05, 0x0b, 0x09, 0x0b, 0x18, 0x09, 0x09, 0x09, 
	0x09, 0x09, 0x0b, 0x28, 0x0e, 0x0f, 0x09, 0x0c, 
	0x06, 0x18, 0x09, 0x09, 0x09, 0x09, 0x0b, 0x0b, 
	0x07, 0x14, 0x09, 0x0f, 0x04, 0x11, 0x1c, 0x2d, 
	0x02, 0x00, 0x04, 0x00, 0x18, 0x07, 0x09, 0x09, 
	0x09, 0x09, 0x09, 0x09, 0x09, 0x09, 0x09, 0x00, 
	0x20, 0x04, 0x07, 0x09, 0x09, 0x09, 0x0b, 0x18, 
	0x18, 0x28, 0x09, 0x09, 0x0b, 0x10, 0x1d, 0x2e, 
	0x2e, 0x10, 0x10, 0x05, 0x00, 0x18, 0x0b, 0x0b, 
	0x0b, 0x0f, 0x09, 0x0b, 0x09, 0x09, 0x09, 0x03, 
	0x05, 0x00, 0x0b, 0x09, 0x09, 0x09, 0x0b, 0x04, 
	0x00, 0x07, 0x0e, 0x09, 0x16, 0x00, 0x06, 0x28, 
	0x18, 0x06, 0x21, 0x02, 0x05, 0x06, 0x00, 0x00, 
	0x04, 0x18, 0x0b, 0x0b, 0x16, 0x09, 0x09, 0x06, 
	0x05, 0x00, 0x0b, 0x09, 0x09, 0x09, 0x0b, 0x04, 
	0x00, 0x0b, 0x09, 0x09, 0x0f, 0x04, 0x2f, 0x28, 
	0x0f, 0x2b, 0x2e, 0x11, 0x1d, 0x02, 0x05, 0x20, 
	0x20, 0x20, 0x00, 0x04, 0x0b, 0x16, 0x0b, 0x10, 
	0x1d, 0x00, 0x0b, 0x09, 0x09, 0x09, 0x0b, 0x18, 
	0x04, 0x07, 0x09, 0x09, 0x16, 0x30, 0x06, 0x04, 
	0x09, 0x14, 0x0c, 0x1d, 0x1d, 0x10, 0x06, 0x00, 
	0x00, 0x00, 0x04, 0x00, 0x03, 0x20, 0x12, 0x24, 
	0x01, 0x06, 0x0b, 0x09, 0x09, 0x09, 0x07, 0x0b, 
	0x18, 0x0b, 0x09, 0x09, 0x18, 0x12, 0x10, 0x06, 
	0x18, 0x09, 0x28, 0x1f, 0x21, 0x05, 0x00, 0x28, 
	0x08, 0x0f, 0x0b, 0x18, 0x04, 0x12, 0x1c, 0x01, 
	0x01, 0x05, 0x18, 0x09, 0x09, 0x09, 0x07, 0x18, 
	0x04, 0x18, 0x0b, 0x0b, 0x23, 0x24, 0x11, 0x10, 
	0x20, 0x18, 0x28, 0x2b, 0x02, 0x20, 0x18, 0x08, 
	0x1b, 0x09, 0x09, 0x0f, 0x0b, 0x18, 0x1d, 0x1c, 
	0x1c, 0x1d, 0x00, 0x0b, 0x09, 0x09, 0x0b, 0x00, 
	0x06, 0x00, 0x0b, 0x17, 0x18, 0x20, 0x10, 0x2e, 
	0x2e, 0x03, 0x0b, 0x29, 0x06, 0x20, 0x18, 0x08, 
	0x15, 0x0e, 0x09, 0x09, 0x09, 0x0f, 0x18, 0x1e, 
	0x1d, 0x24, 0x05, 0x04, 0x0b, 0x18, 0x00, 0x20, 
	0x05, 0x04, 0x09, 0x09, 0x07, 0x16, 0x08, 0x1a, 
	0x18, 0x00, 0x04, 0x28, 0x31, 0x05, 0x18, 0x32, 
	0x09, 0x09, 0x09, 0x09, 0x09, 0x09, 0x09, 0x18, 
	
};

Gfx gym_dl_t_0_rockyhillside_pal_rgba16_copy_copy_copy_copy_copy_copy_copy_aligner[] = {gsSPEndDisplayList()};
u8 gym_dl_t_0_rockyhillside_pal_rgba16_copy_copy_copy_copy_copy_copy_copy[] = {
	0xac, 0x1b, 0x7a, 0xd5, 0x93, 0x59, 0xab, 0xdb, 
	0xb4, 0x1b, 0x9b, 0x99, 0xa3, 0xdb, 0xbc, 0x9d, 
	0xcc, 0xdf, 0xc4, 0x9d, 0xd5, 0x63, 0xbc, 0x5b, 
	0xb4, 0x5d, 0xa4, 0x1b, 0xcc, 0xdd, 0xc4, 0x9b, 
	0x93, 0x99, 0x83, 0x17, 0x93, 0x57, 0xcc, 0x9d, 
	0xc4, 0xdd, 0xd5, 0x21, 0xbc, 0x9b, 0xbc, 0x5d, 
	0xb4, 0x5b, 0x72, 0xd5, 0xc4, 0x9f, 0xd5, 0x61, 
	0x72, 0x95, 0x8b, 0x57, 0x8b, 0x17, 0x9b, 0xdb, 
	0xa3, 0xd9, 0x8b, 0x59, 0x9b, 0xd9, 0xac, 0x19, 
	0x83, 0x15, 0xc5, 0x21, 0xcd, 0x21, 0xbc, 0xa1, 
	0xc4, 0xdf, 0xc4, 0xe1, 0xb4, 0x9f, 0xbc, 0x9f, 
	0xac, 0x5d, 0x7a, 0xd7, 0x9b, 0x9b, 0xb4, 0x5f, 
	0xab, 0xd9, 0xac, 0x1d, 0xcd, 0x1f, 
};

Vtx gym_dl_Cube_002_mesh_layer_1_vtx_cull[8] = {
	{{{-201, -164, 196}, 0, {0, 0}, {0x00, 0x00, 0x00, 0x00}}},
	{{{-201, 164, 196}, 0, {0, 0}, {0x00, 0x00, 0x00, 0x00}}},
	{{{-201, 164, -196}, 0, {0, 0}, {0x00, 0x00, 0x00, 0x00}}},
	{{{-201, -164, -196}, 0, {0, 0}, {0x00, 0x00, 0x00, 0x00}}},
	{{{201, -164, 196}, 0, {0, 0}, {0x00, 0x00, 0x00, 0x00}}},
	{{{201, 164, 196}, 0, {0, 0}, {0x00, 0x00, 0x00, 0x00}}},
	{{{201, 164, -196}, 0, {0, 0}, {0x00, 0x00, 0x00, 0x00}}},
	{{{201, -164, -196}, 0, {0, 0}, {0x00, 0x00, 0x00, 0x00}}},
};

Vtx gym_dl_Cube_002_mesh_layer_1_vtx_0[24] = {
	{{{-201, -164, 196}, 0, {368, 1008}, {0x81, 0x00, 0x00, 0xFF}}},
	{{{-201, 164, 196}, 0, {624, 1008}, {0x81, 0x00, 0x00, 0xFF}}},
	{{{-201, 164, -196}, 0, {624, 752}, {0x81, 0x00, 0x00, 0xFF}}},
	{{{-201, -164, -196}, 0, {368, 752}, {0x81, 0x00, 0x00, 0xFF}}},
	{{{-201, -164, -196}, 0, {368, 752}, {0x00, 0x00, 0x81, 0xFF}}},
	{{{-201, 164, -196}, 0, {624, 752}, {0x00, 0x00, 0x81, 0xFF}}},
	{{{201, 164, -196}, 0, {624, 496}, {0x00, 0x00, 0x81, 0xFF}}},
	{{{201, -164, -196}, 0, {368, 496}, {0x00, 0x00, 0x81, 0xFF}}},
	{{{201, -164, -196}, 0, {368, 496}, {0x7F, 0x00, 0x00, 0xFF}}},
	{{{201, 164, -196}, 0, {624, 496}, {0x7F, 0x00, 0x00, 0xFF}}},
	{{{201, 164, 196}, 0, {624, 240}, {0x7F, 0x00, 0x00, 0xFF}}},
	{{{201, -164, 196}, 0, {368, 240}, {0x7F, 0x00, 0x00, 0xFF}}},
	{{{201, -164, 196}, 0, {368, 240}, {0x00, 0x00, 0x7F, 0xFF}}},
	{{{201, 164, 196}, 0, {624, 240}, {0x00, 0x00, 0x7F, 0xFF}}},
	{{{-201, 164, 196}, 0, {624, -16}, {0x00, 0x00, 0x7F, 0xFF}}},
	{{{-201, -164, 196}, 0, {368, -16}, {0x00, 0x00, 0x7F, 0xFF}}},
	{{{-201, -164, -196}, 0, {112, 496}, {0x00, 0x81, 0x00, 0xFF}}},
	{{{201, -164, -196}, 0, {368, 496}, {0x00, 0x81, 0x00, 0xFF}}},
	{{{201, -164, 196}, 0, {368, 240}, {0x00, 0x81, 0x00, 0xFF}}},
	{{{-201, -164, 196}, 0, {112, 240}, {0x00, 0x81, 0x00, 0xFF}}},
	{{{201, 164, -196}, 0, {624, 496}, {0x00, 0x7F, 0x00, 0xFF}}},
	{{{-201, 164, -196}, 0, {880, 496}, {0x00, 0x7F, 0x00, 0xFF}}},
	{{{-201, 164, 196}, 0, {880, 240}, {0x00, 0x7F, 0x00, 0xFF}}},
	{{{201, 164, 196}, 0, {624, 240}, {0x00, 0x7F, 0x00, 0xFF}}},
};

Gfx gym_dl_Cube_002_mesh_layer_1_tri_0[] = {
	gsSPVertex(gym_dl_Cube_002_mesh_layer_1_vtx_0 + 0, 24, 0),
	gsSP2Triangles(0, 1, 2, 0, 0, 2, 3, 0),
	gsSP2Triangles(4, 5, 6, 0, 4, 6, 7, 0),
	gsSP2Triangles(8, 9, 10, 0, 8, 10, 11, 0),
	gsSP2Triangles(12, 13, 14, 0, 12, 14, 15, 0),
	gsSP2Triangles(16, 17, 18, 0, 16, 18, 19, 0),
	gsSP2Triangles(20, 21, 22, 0, 20, 22, 23, 0),
	gsSPEndDisplayList(),
};

Vtx gym_dl_Cube_003_mesh_layer_1_vtx_cull[8] = {
	{{{66, -1303, 196}, 0, {0, 0}, {0x00, 0x00, 0x00, 0x00}}},
	{{{66, 555, 196}, 0, {0, 0}, {0x00, 0x00, 0x00, 0x00}}},
	{{{66, 555, -196}, 0, {0, 0}, {0x00, 0x00, 0x00, 0x00}}},
	{{{66, -1303, -196}, 0, {0, 0}, {0x00, 0x00, 0x00, 0x00}}},
	{{{201, -1303, 196}, 0, {0, 0}, {0x00, 0x00, 0x00, 0x00}}},
	{{{201, 555, 196}, 0, {0, 0}, {0x00, 0x00, 0x00, 0x00}}},
	{{{201, 555, -196}, 0, {0, 0}, {0x00, 0x00, 0x00, 0x00}}},
	{{{201, -1303, -196}, 0, {0, 0}, {0x00, 0x00, 0x00, 0x00}}},
};

Vtx gym_dl_Cube_003_mesh_layer_1_vtx_0[24] = {
	{{{66, -1303, 196}, 0, {368, 1008}, {0x81, 0x00, 0x00, 0xFF}}},
	{{{66, 555, 196}, 0, {624, 1008}, {0x81, 0x00, 0x00, 0xFF}}},
	{{{66, 555, -196}, 0, {624, 752}, {0x81, 0x00, 0x00, 0xFF}}},
	{{{66, -1303, -196}, 0, {368, 752}, {0x81, 0x00, 0x00, 0xFF}}},
	{{{66, -1303, -196}, 0, {368, 752}, {0x00, 0x00, 0x81, 0xFF}}},
	{{{66, 555, -196}, 0, {624, 752}, {0x00, 0x00, 0x81, 0xFF}}},
	{{{201, 555, -196}, 0, {624, 496}, {0x00, 0x00, 0x81, 0xFF}}},
	{{{201, -1303, -196}, 0, {368, 496}, {0x00, 0x00, 0x81, 0xFF}}},
	{{{201, -1303, -196}, 0, {368, 496}, {0x7F, 0x00, 0x00, 0xFF}}},
	{{{201, 555, -196}, 0, {624, 496}, {0x7F, 0x00, 0x00, 0xFF}}},
	{{{201, 555, 196}, 0, {624, 240}, {0x7F, 0x00, 0x00, 0xFF}}},
	{{{201, -1303, 196}, 0, {368, 240}, {0x7F, 0x00, 0x00, 0xFF}}},
	{{{201, -1303, 196}, 0, {368, 240}, {0x00, 0x00, 0x7F, 0xFF}}},
	{{{201, 555, 196}, 0, {624, 240}, {0x00, 0x00, 0x7F, 0xFF}}},
	{{{66, 555, 196}, 0, {624, -16}, {0x00, 0x00, 0x7F, 0xFF}}},
	{{{66, -1303, 196}, 0, {368, -16}, {0x00, 0x00, 0x7F, 0xFF}}},
	{{{66, -1303, -196}, 0, {112, 496}, {0x00, 0x81, 0x00, 0xFF}}},
	{{{201, -1303, -196}, 0, {368, 496}, {0x00, 0x81, 0x00, 0xFF}}},
	{{{201, -1303, 196}, 0, {368, 240}, {0x00, 0x81, 0x00, 0xFF}}},
	{{{66, -1303, 196}, 0, {112, 240}, {0x00, 0x81, 0x00, 0xFF}}},
	{{{201, 555, -196}, 0, {624, 496}, {0x00, 0x7F, 0x00, 0xFF}}},
	{{{66, 555, -196}, 0, {880, 496}, {0x00, 0x7F, 0x00, 0xFF}}},
	{{{66, 555, 196}, 0, {880, 240}, {0x00, 0x7F, 0x00, 0xFF}}},
	{{{201, 555, 196}, 0, {624, 240}, {0x00, 0x7F, 0x00, 0xFF}}},
};

Gfx gym_dl_Cube_003_mesh_layer_1_tri_0[] = {
	gsSPVertex(gym_dl_Cube_003_mesh_layer_1_vtx_0 + 0, 24, 0),
	gsSP2Triangles(0, 1, 2, 0, 0, 2, 3, 0),
	gsSP2Triangles(4, 5, 6, 0, 4, 6, 7, 0),
	gsSP2Triangles(8, 9, 10, 0, 8, 10, 11, 0),
	gsSP2Triangles(12, 13, 14, 0, 12, 14, 15, 0),
	gsSP2Triangles(16, 17, 18, 0, 16, 18, 19, 0),
	gsSP2Triangles(20, 21, 22, 0, 20, 22, 23, 0),
	gsSPEndDisplayList(),
};

Vtx gym_dl_Cube_004_mesh_layer_1_vtx_cull[8] = {
	{{{-201, -164, 196}, 0, {0, 0}, {0x00, 0x00, 0x00, 0x00}}},
	{{{-201, 164, 196}, 0, {0, 0}, {0x00, 0x00, 0x00, 0x00}}},
	{{{-201, 164, -196}, 0, {0, 0}, {0x00, 0x00, 0x00, 0x00}}},
	{{{-201, -164, -196}, 0, {0, 0}, {0x00, 0x00, 0x00, 0x00}}},
	{{{201, -164, 196}, 0, {0, 0}, {0x00, 0x00, 0x00, 0x00}}},
	{{{201, 164, 196}, 0, {0, 0}, {0x00, 0x00, 0x00, 0x00}}},
	{{{201, 164, -196}, 0, {0, 0}, {0x00, 0x00, 0x00, 0x00}}},
	{{{201, -164, -196}, 0, {0, 0}, {0x00, 0x00, 0x00, 0x00}}},
};

Vtx gym_dl_Cube_004_mesh_layer_1_vtx_0[24] = {
	{{{-201, -164, 196}, 0, {368, 1008}, {0x81, 0x00, 0x00, 0xFF}}},
	{{{-201, 164, 196}, 0, {624, 1008}, {0x81, 0x00, 0x00, 0xFF}}},
	{{{-201, 164, -196}, 0, {624, 752}, {0x81, 0x00, 0x00, 0xFF}}},
	{{{-201, -164, -196}, 0, {368, 752}, {0x81, 0x00, 0x00, 0xFF}}},
	{{{-201, -164, -196}, 0, {368, 752}, {0x00, 0x00, 0x81, 0xFF}}},
	{{{-201, 164, -196}, 0, {624, 752}, {0x00, 0x00, 0x81, 0xFF}}},
	{{{201, 164, -196}, 0, {624, 496}, {0x00, 0x00, 0x81, 0xFF}}},
	{{{201, -164, -196}, 0, {368, 496}, {0x00, 0x00, 0x81, 0xFF}}},
	{{{201, -164, -196}, 0, {368, 496}, {0x7F, 0x00, 0x00, 0xFF}}},
	{{{201, 164, -196}, 0, {624, 496}, {0x7F, 0x00, 0x00, 0xFF}}},
	{{{201, 164, 196}, 0, {624, 240}, {0x7F, 0x00, 0x00, 0xFF}}},
	{{{201, -164, 196}, 0, {368, 240}, {0x7F, 0x00, 0x00, 0xFF}}},
	{{{201, -164, 196}, 0, {368, 240}, {0x00, 0x00, 0x7F, 0xFF}}},
	{{{201, 164, 196}, 0, {624, 240}, {0x00, 0x00, 0x7F, 0xFF}}},
	{{{-201, 164, 196}, 0, {624, -16}, {0x00, 0x00, 0x7F, 0xFF}}},
	{{{-201, -164, 196}, 0, {368, -16}, {0x00, 0x00, 0x7F, 0xFF}}},
	{{{-201, -164, -196}, 0, {112, 496}, {0x00, 0x81, 0x00, 0xFF}}},
	{{{201, -164, -196}, 0, {368, 496}, {0x00, 0x81, 0x00, 0xFF}}},
	{{{201, -164, 196}, 0, {368, 240}, {0x00, 0x81, 0x00, 0xFF}}},
	{{{-201, -164, 196}, 0, {112, 240}, {0x00, 0x81, 0x00, 0xFF}}},
	{{{201, 164, -196}, 0, {624, 496}, {0x00, 0x7F, 0x00, 0xFF}}},
	{{{-201, 164, -196}, 0, {880, 496}, {0x00, 0x7F, 0x00, 0xFF}}},
	{{{-201, 164, 196}, 0, {880, 240}, {0x00, 0x7F, 0x00, 0xFF}}},
	{{{201, 164, 196}, 0, {624, 240}, {0x00, 0x7F, 0x00, 0xFF}}},
};

Gfx gym_dl_Cube_004_mesh_layer_1_tri_0[] = {
	gsSPVertex(gym_dl_Cube_004_mesh_layer_1_vtx_0 + 0, 24, 0),
	gsSP2Triangles(0, 1, 2, 0, 0, 2, 3, 0),
	gsSP2Triangles(4, 5, 6, 0, 4, 6, 7, 0),
	gsSP2Triangles(8, 9, 10, 0, 8, 10, 11, 0),
	gsSP2Triangles(12, 13, 14, 0, 12, 14, 15, 0),
	gsSP2Triangles(16, 17, 18, 0, 16, 18, 19, 0),
	gsSP2Triangles(20, 21, 22, 0, 20, 22, 23, 0),
	gsSPEndDisplayList(),
};

Vtx gym_dl_Cube_005_mesh_layer_1_vtx_cull[8] = {
	{{{-201, -564, 598}, 0, {0, 0}, {0x00, 0x00, 0x00, 0x00}}},
	{{{-201, 164, 598}, 0, {0, 0}, {0x00, 0x00, 0x00, 0x00}}},
	{{{-201, 164, -327}, 0, {0, 0}, {0x00, 0x00, 0x00, 0x00}}},
	{{{-201, -564, -327}, 0, {0, 0}, {0x00, 0x00, 0x00, 0x00}}},
	{{{201, -564, 598}, 0, {0, 0}, {0x00, 0x00, 0x00, 0x00}}},
	{{{201, 164, 598}, 0, {0, 0}, {0x00, 0x00, 0x00, 0x00}}},
	{{{201, 164, -327}, 0, {0, 0}, {0x00, 0x00, 0x00, 0x00}}},
	{{{201, -564, -327}, 0, {0, 0}, {0x00, 0x00, 0x00, 0x00}}},
};

Vtx gym_dl_Cube_005_mesh_layer_1_vtx_0[24] = {
	{{{-201, -564, 598}, 0, {368, 1008}, {0x81, 0x00, 0x00, 0xFF}}},
	{{{-201, 164, 598}, 0, {624, 1008}, {0x81, 0x00, 0x00, 0xFF}}},
	{{{-201, 164, -327}, 0, {624, 752}, {0x81, 0x00, 0x00, 0xFF}}},
	{{{-201, -564, 73}, 0, {368, 752}, {0x81, 0x00, 0x00, 0xFF}}},
	{{{-201, -564, 73}, 0, {368, 752}, {0x00, 0xC3, 0x91, 0xFF}}},
	{{{-201, 164, -327}, 0, {624, 752}, {0x00, 0xC3, 0x91, 0xFF}}},
	{{{201, 164, -327}, 0, {624, 496}, {0x00, 0xC3, 0x91, 0xFF}}},
	{{{201, -564, 73}, 0, {368, 496}, {0x00, 0xC3, 0x91, 0xFF}}},
	{{{201, -564, 73}, 0, {368, 496}, {0x7F, 0x00, 0x00, 0xFF}}},
	{{{201, 164, -327}, 0, {624, 496}, {0x7F, 0x00, 0x00, 0xFF}}},
	{{{201, 164, 598}, 0, {624, 240}, {0x7F, 0x00, 0x00, 0xFF}}},
	{{{201, -564, 598}, 0, {368, 240}, {0x7F, 0x00, 0x00, 0xFF}}},
	{{{201, -564, 598}, 0, {368, 240}, {0x00, 0x00, 0x7F, 0xFF}}},
	{{{201, 164, 598}, 0, {624, 240}, {0x00, 0x00, 0x7F, 0xFF}}},
	{{{-201, 164, 598}, 0, {624, -16}, {0x00, 0x00, 0x7F, 0xFF}}},
	{{{-201, -564, 598}, 0, {368, -16}, {0x00, 0x00, 0x7F, 0xFF}}},
	{{{-201, -564, 73}, 0, {112, 496}, {0x00, 0x81, 0x00, 0xFF}}},
	{{{201, -564, 73}, 0, {368, 496}, {0x00, 0x81, 0x00, 0xFF}}},
	{{{201, -564, 598}, 0, {368, 240}, {0x00, 0x81, 0x00, 0xFF}}},
	{{{-201, -564, 598}, 0, {112, 240}, {0x00, 0x81, 0x00, 0xFF}}},
	{{{201, 164, -327}, 0, {624, 496}, {0x00, 0x7F, 0x00, 0xFF}}},
	{{{-201, 164, -327}, 0, {880, 496}, {0x00, 0x7F, 0x00, 0xFF}}},
	{{{-201, 164, 598}, 0, {880, 240}, {0x00, 0x7F, 0x00, 0xFF}}},
	{{{201, 164, 598}, 0, {624, 240}, {0x00, 0x7F, 0x00, 0xFF}}},
};

Gfx gym_dl_Cube_005_mesh_layer_1_tri_0[] = {
	gsSPVertex(gym_dl_Cube_005_mesh_layer_1_vtx_0 + 0, 24, 0),
	gsSP2Triangles(0, 1, 2, 0, 0, 2, 3, 0),
	gsSP2Triangles(4, 5, 6, 0, 4, 6, 7, 0),
	gsSP2Triangles(8, 9, 10, 0, 8, 10, 11, 0),
	gsSP2Triangles(12, 13, 14, 0, 12, 14, 15, 0),
	gsSP2Triangles(16, 17, 18, 0, 16, 18, 19, 0),
	gsSP2Triangles(20, 21, 22, 0, 20, 22, 23, 0),
	gsSPEndDisplayList(),
};

Vtx gym_dl_Cube_006_mesh_layer_1_vtx_cull[8] = {
	{{{66, -1303, 196}, 0, {0, 0}, {0x00, 0x00, 0x00, 0x00}}},
	{{{66, 555, 196}, 0, {0, 0}, {0x00, 0x00, 0x00, 0x00}}},
	{{{66, 555, -196}, 0, {0, 0}, {0x00, 0x00, 0x00, 0x00}}},
	{{{66, -1303, -196}, 0, {0, 0}, {0x00, 0x00, 0x00, 0x00}}},
	{{{201, -1303, 196}, 0, {0, 0}, {0x00, 0x00, 0x00, 0x00}}},
	{{{201, 555, 196}, 0, {0, 0}, {0x00, 0x00, 0x00, 0x00}}},
	{{{201, 555, -196}, 0, {0, 0}, {0x00, 0x00, 0x00, 0x00}}},
	{{{201, -1303, -196}, 0, {0, 0}, {0x00, 0x00, 0x00, 0x00}}},
};

Vtx gym_dl_Cube_006_mesh_layer_1_vtx_0[24] = {
	{{{66, -1303, 196}, 0, {368, 1008}, {0x81, 0x00, 0x00, 0xFF}}},
	{{{66, 555, 196}, 0, {624, 1008}, {0x81, 0x00, 0x00, 0xFF}}},
	{{{66, 555, -196}, 0, {624, 752}, {0x81, 0x00, 0x00, 0xFF}}},
	{{{66, -1303, -196}, 0, {368, 752}, {0x81, 0x00, 0x00, 0xFF}}},
	{{{66, -1303, -196}, 0, {368, 752}, {0x00, 0x00, 0x81, 0xFF}}},
	{{{66, 555, -196}, 0, {624, 752}, {0x00, 0x00, 0x81, 0xFF}}},
	{{{201, 555, -196}, 0, {624, 496}, {0x00, 0x00, 0x81, 0xFF}}},
	{{{201, -1303, -196}, 0, {368, 496}, {0x00, 0x00, 0x81, 0xFF}}},
	{{{201, -1303, -196}, 0, {368, 496}, {0x7F, 0x00, 0x00, 0xFF}}},
	{{{201, 555, -196}, 0, {624, 496}, {0x7F, 0x00, 0x00, 0xFF}}},
	{{{201, 555, 196}, 0, {624, 240}, {0x7F, 0x00, 0x00, 0xFF}}},
	{{{201, -1303, 196}, 0, {368, 240}, {0x7F, 0x00, 0x00, 0xFF}}},
	{{{201, -1303, 196}, 0, {368, 240}, {0x00, 0x00, 0x7F, 0xFF}}},
	{{{201, 555, 196}, 0, {624, 240}, {0x00, 0x00, 0x7F, 0xFF}}},
	{{{66, 555, 196}, 0, {624, -16}, {0x00, 0x00, 0x7F, 0xFF}}},
	{{{66, -1303, 196}, 0, {368, -16}, {0x00, 0x00, 0x7F, 0xFF}}},
	{{{66, -1303, -196}, 0, {112, 496}, {0x00, 0x81, 0x00, 0xFF}}},
	{{{201, -1303, -196}, 0, {368, 496}, {0x00, 0x81, 0x00, 0xFF}}},
	{{{201, -1303, 196}, 0, {368, 240}, {0x00, 0x81, 0x00, 0xFF}}},
	{{{66, -1303, 196}, 0, {112, 240}, {0x00, 0x81, 0x00, 0xFF}}},
	{{{201, 555, -196}, 0, {624, 496}, {0x00, 0x7F, 0x00, 0xFF}}},
	{{{66, 555, -196}, 0, {880, 496}, {0x00, 0x7F, 0x00, 0xFF}}},
	{{{66, 555, 196}, 0, {880, 240}, {0x00, 0x7F, 0x00, 0xFF}}},
	{{{201, 555, 196}, 0, {624, 240}, {0x00, 0x7F, 0x00, 0xFF}}},
};

Gfx gym_dl_Cube_006_mesh_layer_1_tri_0[] = {
	gsSPVertex(gym_dl_Cube_006_mesh_layer_1_vtx_0 + 0, 24, 0),
	gsSP2Triangles(0, 1, 2, 0, 0, 2, 3, 0),
	gsSP2Triangles(4, 5, 6, 0, 4, 6, 7, 0),
	gsSP2Triangles(8, 9, 10, 0, 8, 10, 11, 0),
	gsSP2Triangles(12, 13, 14, 0, 12, 14, 15, 0),
	gsSP2Triangles(16, 17, 18, 0, 16, 18, 19, 0),
	gsSP2Triangles(20, 21, 22, 0, 20, 22, 23, 0),
	gsSPEndDisplayList(),
};

Vtx gym_dl_Cube_007_mesh_layer_1_vtx_cull[8] = {
	{{{-338, -164, 196}, 0, {0, 0}, {0x00, 0x00, 0x00, 0x00}}},
	{{{-338, -38, 196}, 0, {0, 0}, {0x00, 0x00, 0x00, 0x00}}},
	{{{-338, -38, -196}, 0, {0, 0}, {0x00, 0x00, 0x00, 0x00}}},
	{{{-338, -164, -196}, 0, {0, 0}, {0x00, 0x00, 0x00, 0x00}}},
	{{{201, -164, 196}, 0, {0, 0}, {0x00, 0x00, 0x00, 0x00}}},
	{{{201, -38, 196}, 0, {0, 0}, {0x00, 0x00, 0x00, 0x00}}},
	{{{201, -38, -196}, 0, {0, 0}, {0x00, 0x00, 0x00, 0x00}}},
	{{{201, -164, -196}, 0, {0, 0}, {0x00, 0x00, 0x00, 0x00}}},
};

Vtx gym_dl_Cube_007_mesh_layer_1_vtx_0[24] = {
	{{{-338, -164, 196}, 0, {368, 1008}, {0x81, 0x00, 0x00, 0xFF}}},
	{{{-338, -38, 196}, 0, {624, 1008}, {0x81, 0x00, 0x00, 0xFF}}},
	{{{-338, -38, -196}, 0, {624, 752}, {0x81, 0x00, 0x00, 0xFF}}},
	{{{-338, -164, -196}, 0, {368, 752}, {0x81, 0x00, 0x00, 0xFF}}},
	{{{-338, -164, -196}, 0, {368, 752}, {0x00, 0x00, 0x81, 0xFF}}},
	{{{-338, -38, -196}, 0, {624, 752}, {0x00, 0x00, 0x81, 0xFF}}},
	{{{201, -38, -196}, 0, {624, 496}, {0x00, 0x00, 0x81, 0xFF}}},
	{{{201, -164, -196}, 0, {368, 496}, {0x00, 0x00, 0x81, 0xFF}}},
	{{{201, -164, -196}, 0, {368, 496}, {0x7F, 0x00, 0x00, 0xFF}}},
	{{{201, -38, -196}, 0, {624, 496}, {0x7F, 0x00, 0x00, 0xFF}}},
	{{{201, -38, 196}, 0, {624, 240}, {0x7F, 0x00, 0x00, 0xFF}}},
	{{{201, -164, 196}, 0, {368, 240}, {0x7F, 0x00, 0x00, 0xFF}}},
	{{{201, -164, 196}, 0, {368, 240}, {0x00, 0x00, 0x7F, 0xFF}}},
	{{{201, -38, 196}, 0, {624, 240}, {0x00, 0x00, 0x7F, 0xFF}}},
	{{{-338, -38, 196}, 0, {624, -16}, {0x00, 0x00, 0x7F, 0xFF}}},
	{{{-338, -164, 196}, 0, {368, -16}, {0x00, 0x00, 0x7F, 0xFF}}},
	{{{-338, -164, -196}, 0, {112, 496}, {0x00, 0x81, 0x00, 0xFF}}},
	{{{201, -164, -196}, 0, {368, 496}, {0x00, 0x81, 0x00, 0xFF}}},
	{{{201, -164, 196}, 0, {368, 240}, {0x00, 0x81, 0x00, 0xFF}}},
	{{{-338, -164, 196}, 0, {112, 240}, {0x00, 0x81, 0x00, 0xFF}}},
	{{{201, -38, -196}, 0, {624, 496}, {0x00, 0x7F, 0x00, 0xFF}}},
	{{{-338, -38, -196}, 0, {880, 496}, {0x00, 0x7F, 0x00, 0xFF}}},
	{{{-338, -38, 196}, 0, {880, 240}, {0x00, 0x7F, 0x00, 0xFF}}},
	{{{201, -38, 196}, 0, {624, 240}, {0x00, 0x7F, 0x00, 0xFF}}},
};

Gfx gym_dl_Cube_007_mesh_layer_1_tri_0[] = {
	gsSPVertex(gym_dl_Cube_007_mesh_layer_1_vtx_0 + 0, 24, 0),
	gsSP2Triangles(0, 1, 2, 0, 0, 2, 3, 0),
	gsSP2Triangles(4, 5, 6, 0, 4, 6, 7, 0),
	gsSP2Triangles(8, 9, 10, 0, 8, 10, 11, 0),
	gsSP2Triangles(12, 13, 14, 0, 12, 14, 15, 0),
	gsSP2Triangles(16, 17, 18, 0, 16, 18, 19, 0),
	gsSP2Triangles(20, 21, 22, 0, 20, 22, 23, 0),
	gsSPEndDisplayList(),
};

Vtx gym_dl_Cube_008_mesh_layer_1_vtx_cull[8] = {
	{{{-201, -164, 196}, 0, {0, 0}, {0x00, 0x00, 0x00, 0x00}}},
	{{{-201, 164, 196}, 0, {0, 0}, {0x00, 0x00, 0x00, 0x00}}},
	{{{-201, 164, -196}, 0, {0, 0}, {0x00, 0x00, 0x00, 0x00}}},
	{{{-201, -164, -196}, 0, {0, 0}, {0x00, 0x00, 0x00, 0x00}}},
	{{{201, -164, 196}, 0, {0, 0}, {0x00, 0x00, 0x00, 0x00}}},
	{{{201, 164, 196}, 0, {0, 0}, {0x00, 0x00, 0x00, 0x00}}},
	{{{201, 164, -196}, 0, {0, 0}, {0x00, 0x00, 0x00, 0x00}}},
	{{{201, -164, -196}, 0, {0, 0}, {0x00, 0x00, 0x00, 0x00}}},
};

Vtx gym_dl_Cube_008_mesh_layer_1_vtx_0[24] = {
	{{{-201, -164, 196}, 0, {368, 1008}, {0x81, 0x00, 0x00, 0xFF}}},
	{{{-201, 164, 196}, 0, {624, 1008}, {0x81, 0x00, 0x00, 0xFF}}},
	{{{-201, 164, -196}, 0, {624, 752}, {0x81, 0x00, 0x00, 0xFF}}},
	{{{-201, -164, -196}, 0, {368, 752}, {0x81, 0x00, 0x00, 0xFF}}},
	{{{-201, -164, -196}, 0, {368, 752}, {0x00, 0x00, 0x81, 0xFF}}},
	{{{-201, 164, -196}, 0, {624, 752}, {0x00, 0x00, 0x81, 0xFF}}},
	{{{201, 164, -196}, 0, {624, 496}, {0x00, 0x00, 0x81, 0xFF}}},
	{{{201, -164, -196}, 0, {368, 496}, {0x00, 0x00, 0x81, 0xFF}}},
	{{{201, -164, -196}, 0, {368, 496}, {0x7F, 0x00, 0x00, 0xFF}}},
	{{{201, 164, -196}, 0, {624, 496}, {0x7F, 0x00, 0x00, 0xFF}}},
	{{{201, 164, 196}, 0, {624, 240}, {0x7F, 0x00, 0x00, 0xFF}}},
	{{{201, -164, 196}, 0, {368, 240}, {0x7F, 0x00, 0x00, 0xFF}}},
	{{{201, -164, 196}, 0, {368, 240}, {0x00, 0x00, 0x7F, 0xFF}}},
	{{{201, 164, 196}, 0, {624, 240}, {0x00, 0x00, 0x7F, 0xFF}}},
	{{{-201, 164, 196}, 0, {624, -16}, {0x00, 0x00, 0x7F, 0xFF}}},
	{{{-201, -164, 196}, 0, {368, -16}, {0x00, 0x00, 0x7F, 0xFF}}},
	{{{-201, -164, -196}, 0, {112, 496}, {0x00, 0x81, 0x00, 0xFF}}},
	{{{201, -164, -196}, 0, {368, 496}, {0x00, 0x81, 0x00, 0xFF}}},
	{{{201, -164, 196}, 0, {368, 240}, {0x00, 0x81, 0x00, 0xFF}}},
	{{{-201, -164, 196}, 0, {112, 240}, {0x00, 0x81, 0x00, 0xFF}}},
	{{{201, 164, -196}, 0, {624, 496}, {0x00, 0x7F, 0x00, 0xFF}}},
	{{{-201, 164, -196}, 0, {880, 496}, {0x00, 0x7F, 0x00, 0xFF}}},
	{{{-201, 164, 196}, 0, {880, 240}, {0x00, 0x7F, 0x00, 0xFF}}},
	{{{201, 164, 196}, 0, {624, 240}, {0x00, 0x7F, 0x00, 0xFF}}},
};

Gfx gym_dl_Cube_008_mesh_layer_1_tri_0[] = {
	gsSPVertex(gym_dl_Cube_008_mesh_layer_1_vtx_0 + 0, 24, 0),
	gsSP2Triangles(0, 1, 2, 0, 0, 2, 3, 0),
	gsSP2Triangles(4, 5, 6, 0, 4, 6, 7, 0),
	gsSP2Triangles(8, 9, 10, 0, 8, 10, 11, 0),
	gsSP2Triangles(12, 13, 14, 0, 12, 14, 15, 0),
	gsSP2Triangles(16, 17, 18, 0, 16, 18, 19, 0),
	gsSP2Triangles(20, 21, 22, 0, 20, 22, 23, 0),
	gsSPEndDisplayList(),
};

Vtx gym_dl_platform_mesh_layer_1_vtx_cull[8] = {
	{{{-2200, -1600, 2700}, 0, {0, 0}, {0x00, 0x00, 0x00, 0x00}}},
	{{{-2200, 0, 2700}, 0, {0, 0}, {0x00, 0x00, 0x00, 0x00}}},
	{{{-2200, 0, -2000}, 0, {0, 0}, {0x00, 0x00, 0x00, 0x00}}},
	{{{-2200, -1600, -2000}, 0, {0, 0}, {0x00, 0x00, 0x00, 0x00}}},
	{{{2500, -1600, 2700}, 0, {0, 0}, {0x00, 0x00, 0x00, 0x00}}},
	{{{2500, 0, 2700}, 0, {0, 0}, {0x00, 0x00, 0x00, 0x00}}},
	{{{2500, 0, -2000}, 0, {0, 0}, {0x00, 0x00, 0x00, 0x00}}},
	{{{2500, -1600, -2000}, 0, {0, 0}, {0x00, 0x00, 0x00, 0x00}}},
};

Vtx gym_dl_platform_mesh_layer_1_vtx_0[4] = {
	{{{2500, 0, -2000}, 0, {-1927, 3047}, {0x00, 0x7F, 0x00, 0xFF}}},
	{{{-2200, 0, -2000}, 0, {3431, 3047}, {0x00, 0x7F, 0x00, 0xFF}}},
	{{{-2200, 0, 2700}, 0, {3431, -2311}, {0x00, 0x7F, 0x00, 0xFF}}},
	{{{2500, 0, 2700}, 0, {-1927, -2311}, {0x00, 0x7F, 0x00, 0xFF}}},
};

Gfx gym_dl_platform_mesh_layer_1_tri_0[] = {
	gsSPVertex(gym_dl_platform_mesh_layer_1_vtx_0 + 0, 4, 0),
	gsSP2Triangles(0, 1, 2, 0, 0, 2, 3, 0),
	gsSPEndDisplayList(),
};

Vtx gym_dl_platform_mesh_layer_1_vtx_1[20] = {
	{{{2500, -1600, 2700}, 0, {2376, 5114}, {0x00, 0x00, 0x7F, 0xFF}}},
	{{{2500, 0, 2700}, 0, {2376, 3842}, {0x00, 0x00, 0x7F, 0xFF}}},
	{{{-2200, 0, 2700}, 0, {-1361, 3842}, {0x00, 0x00, 0x7F, 0xFF}}},
	{{{-2200, -1600, 2700}, 0, {-1361, 5114}, {0x00, 0x00, 0x7F, 0xFF}}},
	{{{-2200, -1600, 2700}, 0, {2390, -1165}, {0x81, 0x00, 0x00, 0xFF}}},
	{{{-2200, 0, 2700}, 0, {2390, -2437}, {0x81, 0x00, 0x00, 0xFF}}},
	{{{-2200, 0, -2000}, 0, {-1347, -2437}, {0x81, 0x00, 0x00, 0xFF}}},
	{{{-2200, -1600, -2000}, 0, {-1347, -1165}, {0x81, 0x00, 0x00, 0xFF}}},
	{{{-2200, -1600, -2000}, 0, {2387, 118}, {0x00, 0x81, 0x00, 0xFF}}},
	{{{2500, -1600, -2000}, 0, {-1350, 118}, {0x00, 0x81, 0x00, 0xFF}}},
	{{{2500, -1600, 2700}, 0, {-1350, 3854}, {0x00, 0x81, 0x00, 0xFF}}},
	{{{-2200, -1600, 2700}, 0, {2387, 3854}, {0x00, 0x81, 0x00, 0xFF}}},
	{{{2500, -1600, -2000}, 0, {2390, 107}, {0x7F, 0x00, 0x00, 0xFF}}},
	{{{2500, 0, -2000}, 0, {2390, -1165}, {0x7F, 0x00, 0x00, 0xFF}}},
	{{{2500, 0, 2700}, 0, {-1347, -1165}, {0x7F, 0x00, 0x00, 0xFF}}},
	{{{2500, -1600, 2700}, 0, {-1347, 107}, {0x7F, 0x00, 0x00, 0xFF}}},
	{{{-2200, -1600, -2000}, 0, {2376, 6386}, {0x00, 0x00, 0x81, 0xFF}}},
	{{{-2200, 0, -2000}, 0, {2376, 5114}, {0x00, 0x00, 0x81, 0xFF}}},
	{{{2500, 0, -2000}, 0, {-1361, 5114}, {0x00, 0x00, 0x81, 0xFF}}},
	{{{2500, -1600, -2000}, 0, {-1361, 6386}, {0x00, 0x00, 0x81, 0xFF}}},
};

Gfx gym_dl_platform_mesh_layer_1_tri_1[] = {
	gsSPVertex(gym_dl_platform_mesh_layer_1_vtx_1 + 0, 20, 0),
	gsSP2Triangles(0, 1, 2, 0, 0, 2, 3, 0),
	gsSP2Triangles(4, 5, 6, 0, 4, 6, 7, 0),
	gsSP2Triangles(8, 9, 10, 0, 8, 10, 11, 0),
	gsSP2Triangles(12, 13, 14, 0, 12, 14, 15, 0),
	gsSP2Triangles(16, 17, 18, 0, 16, 18, 19, 0),
	gsSPEndDisplayList(),
};

Vtx gym_dl_platform_001_mesh_layer_1_vtx_cull[8] = {
	{{{-2200, -1600, 2700}, 0, {0, 0}, {0x00, 0x00, 0x00, 0x00}}},
	{{{-2200, 0, 2700}, 0, {0, 0}, {0x00, 0x00, 0x00, 0x00}}},
	{{{-2200, 0, -2000}, 0, {0, 0}, {0x00, 0x00, 0x00, 0x00}}},
	{{{-2200, -1600, -2000}, 0, {0, 0}, {0x00, 0x00, 0x00, 0x00}}},
	{{{2500, -1600, 2700}, 0, {0, 0}, {0x00, 0x00, 0x00, 0x00}}},
	{{{2500, 0, 2700}, 0, {0, 0}, {0x00, 0x00, 0x00, 0x00}}},
	{{{2500, 0, -2000}, 0, {0, 0}, {0x00, 0x00, 0x00, 0x00}}},
	{{{2500, -1600, -2000}, 0, {0, 0}, {0x00, 0x00, 0x00, 0x00}}},
};

Vtx gym_dl_platform_001_mesh_layer_1_vtx_0[4] = {
	{{{2500, 0, -2000}, 0, {-1927, 3047}, {0x00, 0x7F, 0x00, 0xFF}}},
	{{{-2200, 0, -2000}, 0, {3431, 3047}, {0x00, 0x7F, 0x00, 0xFF}}},
	{{{-2200, 0, 2700}, 0, {3431, -2311}, {0x00, 0x7F, 0x00, 0xFF}}},
	{{{2500, 0, 2700}, 0, {-1927, -2311}, {0x00, 0x7F, 0x00, 0xFF}}},
};

Gfx gym_dl_platform_001_mesh_layer_1_tri_0[] = {
	gsSPVertex(gym_dl_platform_001_mesh_layer_1_vtx_0 + 0, 4, 0),
	gsSP2Triangles(0, 1, 2, 0, 0, 2, 3, 0),
	gsSPEndDisplayList(),
};

Vtx gym_dl_platform_001_mesh_layer_1_vtx_1[20] = {
	{{{2500, -1600, 2700}, 0, {2376, 5114}, {0x00, 0x00, 0x7F, 0xFF}}},
	{{{2500, 0, 2700}, 0, {2376, 3842}, {0x00, 0x00, 0x7F, 0xFF}}},
	{{{-2200, 0, 2700}, 0, {-1361, 3842}, {0x00, 0x00, 0x7F, 0xFF}}},
	{{{-2200, -1600, 2700}, 0, {-1361, 5114}, {0x00, 0x00, 0x7F, 0xFF}}},
	{{{-2200, -1600, 2700}, 0, {2390, -1165}, {0x81, 0x00, 0x00, 0xFF}}},
	{{{-2200, 0, 2700}, 0, {2390, -2437}, {0x81, 0x00, 0x00, 0xFF}}},
	{{{-2200, 0, -2000}, 0, {-1347, -2437}, {0x81, 0x00, 0x00, 0xFF}}},
	{{{-2200, -1600, -2000}, 0, {-1347, -1165}, {0x81, 0x00, 0x00, 0xFF}}},
	{{{-2200, -1600, -2000}, 0, {2387, 118}, {0x00, 0x81, 0x00, 0xFF}}},
	{{{2500, -1600, -2000}, 0, {-1350, 118}, {0x00, 0x81, 0x00, 0xFF}}},
	{{{2500, -1600, 2700}, 0, {-1350, 3854}, {0x00, 0x81, 0x00, 0xFF}}},
	{{{-2200, -1600, 2700}, 0, {2387, 3854}, {0x00, 0x81, 0x00, 0xFF}}},
	{{{2500, -1600, -2000}, 0, {2390, 107}, {0x7F, 0x00, 0x00, 0xFF}}},
	{{{2500, 0, -2000}, 0, {2390, -1165}, {0x7F, 0x00, 0x00, 0xFF}}},
	{{{2500, 0, 2700}, 0, {-1347, -1165}, {0x7F, 0x00, 0x00, 0xFF}}},
	{{{2500, -1600, 2700}, 0, {-1347, 107}, {0x7F, 0x00, 0x00, 0xFF}}},
	{{{-2200, -1600, -2000}, 0, {2376, 6386}, {0x00, 0x00, 0x81, 0xFF}}},
	{{{-2200, 0, -2000}, 0, {2376, 5114}, {0x00, 0x00, 0x81, 0xFF}}},
	{{{2500, 0, -2000}, 0, {-1361, 5114}, {0x00, 0x00, 0x81, 0xFF}}},
	{{{2500, -1600, -2000}, 0, {-1361, 6386}, {0x00, 0x00, 0x81, 0xFF}}},
};

Gfx gym_dl_platform_001_mesh_layer_1_tri_1[] = {
	gsSPVertex(gym_dl_platform_001_mesh_layer_1_vtx_1 + 0, 20, 0),
	gsSP2Triangles(0, 1, 2, 0, 0, 2, 3, 0),
	gsSP2Triangles(4, 5, 6, 0, 4, 6, 7, 0),
	gsSP2Triangles(8, 9, 10, 0, 8, 10, 11, 0),
	gsSP2Triangles(12, 13, 14, 0, 12, 14, 15, 0),
	gsSP2Triangles(16, 17, 18, 0, 16, 18, 19, 0),
	gsSPEndDisplayList(),
};

Vtx gym_dl_platform_002_mesh_layer_1_vtx_cull[8] = {
	{{{-2200, -1600, 2700}, 0, {0, 0}, {0x00, 0x00, 0x00, 0x00}}},
	{{{-2200, 0, 2700}, 0, {0, 0}, {0x00, 0x00, 0x00, 0x00}}},
	{{{-2200, 0, -2000}, 0, {0, 0}, {0x00, 0x00, 0x00, 0x00}}},
	{{{-2200, -1600, -2000}, 0, {0, 0}, {0x00, 0x00, 0x00, 0x00}}},
	{{{2500, -1600, 2700}, 0, {0, 0}, {0x00, 0x00, 0x00, 0x00}}},
	{{{2500, 0, 2700}, 0, {0, 0}, {0x00, 0x00, 0x00, 0x00}}},
	{{{2500, 0, -2000}, 0, {0, 0}, {0x00, 0x00, 0x00, 0x00}}},
	{{{2500, -1600, -2000}, 0, {0, 0}, {0x00, 0x00, 0x00, 0x00}}},
};

Vtx gym_dl_platform_002_mesh_layer_1_vtx_0[4] = {
	{{{2500, 0, -2000}, 0, {-1927, 3047}, {0x00, 0x7F, 0x00, 0xFF}}},
	{{{-2200, 0, -2000}, 0, {3431, 3047}, {0x00, 0x7F, 0x00, 0xFF}}},
	{{{-2200, 0, 2700}, 0, {3431, -2311}, {0x00, 0x7F, 0x00, 0xFF}}},
	{{{2500, 0, 2700}, 0, {-1927, -2311}, {0x00, 0x7F, 0x00, 0xFF}}},
};

Gfx gym_dl_platform_002_mesh_layer_1_tri_0[] = {
	gsSPVertex(gym_dl_platform_002_mesh_layer_1_vtx_0 + 0, 4, 0),
	gsSP2Triangles(0, 1, 2, 0, 0, 2, 3, 0),
	gsSPEndDisplayList(),
};

Vtx gym_dl_platform_002_mesh_layer_1_vtx_1[20] = {
	{{{2500, -1600, 2700}, 0, {2376, 5114}, {0x00, 0x00, 0x7F, 0xFF}}},
	{{{2500, 0, 2700}, 0, {2376, 3842}, {0x00, 0x00, 0x7F, 0xFF}}},
	{{{-2200, 0, 2700}, 0, {-1361, 3842}, {0x00, 0x00, 0x7F, 0xFF}}},
	{{{-2200, -1600, 2700}, 0, {-1361, 5114}, {0x00, 0x00, 0x7F, 0xFF}}},
	{{{-2200, -1600, 2700}, 0, {2390, -1165}, {0x81, 0x00, 0x00, 0xFF}}},
	{{{-2200, 0, 2700}, 0, {2390, -2437}, {0x81, 0x00, 0x00, 0xFF}}},
	{{{-2200, 0, -2000}, 0, {-1347, -2437}, {0x81, 0x00, 0x00, 0xFF}}},
	{{{-2200, -1600, -2000}, 0, {-1347, -1165}, {0x81, 0x00, 0x00, 0xFF}}},
	{{{-2200, -1600, -2000}, 0, {2387, 118}, {0x00, 0x81, 0x00, 0xFF}}},
	{{{2500, -1600, -2000}, 0, {-1350, 118}, {0x00, 0x81, 0x00, 0xFF}}},
	{{{2500, -1600, 2700}, 0, {-1350, 3854}, {0x00, 0x81, 0x00, 0xFF}}},
	{{{-2200, -1600, 2700}, 0, {2387, 3854}, {0x00, 0x81, 0x00, 0xFF}}},
	{{{2500, -1600, -2000}, 0, {2390, 107}, {0x7F, 0x00, 0x00, 0xFF}}},
	{{{2500, 0, -2000}, 0, {2390, -1165}, {0x7F, 0x00, 0x00, 0xFF}}},
	{{{2500, 0, 2700}, 0, {-1347, -1165}, {0x7F, 0x00, 0x00, 0xFF}}},
	{{{2500, -1600, 2700}, 0, {-1347, 107}, {0x7F, 0x00, 0x00, 0xFF}}},
	{{{-2200, -1600, -2000}, 0, {2376, 6386}, {0x00, 0x00, 0x81, 0xFF}}},
	{{{-2200, 0, -2000}, 0, {2376, 5114}, {0x00, 0x00, 0x81, 0xFF}}},
	{{{2500, 0, -2000}, 0, {-1361, 5114}, {0x00, 0x00, 0x81, 0xFF}}},
	{{{2500, -1600, -2000}, 0, {-1361, 6386}, {0x00, 0x00, 0x81, 0xFF}}},
};

Gfx gym_dl_platform_002_mesh_layer_1_tri_1[] = {
	gsSPVertex(gym_dl_platform_002_mesh_layer_1_vtx_1 + 0, 20, 0),
	gsSP2Triangles(0, 1, 2, 0, 0, 2, 3, 0),
	gsSP2Triangles(4, 5, 6, 0, 4, 6, 7, 0),
	gsSP2Triangles(8, 9, 10, 0, 8, 10, 11, 0),
	gsSP2Triangles(12, 13, 14, 0, 12, 14, 15, 0),
	gsSP2Triangles(16, 17, 18, 0, 16, 18, 19, 0),
	gsSPEndDisplayList(),
};

Vtx gym_dl_slop1_mesh_layer_1_vtx_cull[8] = {
	{{{-1004, -100, 100}, 0, {0, 0}, {0x00, 0x00, 0x00, 0x00}}},
	{{{-1004, 100, 100}, 0, {0, 0}, {0x00, 0x00, 0x00, 0x00}}},
	{{{-1004, 100, -100}, 0, {0, 0}, {0x00, 0x00, 0x00, 0x00}}},
	{{{-1004, -100, -100}, 0, {0, 0}, {0x00, 0x00, 0x00, 0x00}}},
	{{{1004, -100, 100}, 0, {0, 0}, {0x00, 0x00, 0x00, 0x00}}},
	{{{1004, 100, 100}, 0, {0, 0}, {0x00, 0x00, 0x00, 0x00}}},
	{{{1004, 100, -100}, 0, {0, 0}, {0x00, 0x00, 0x00, 0x00}}},
	{{{1004, -100, -100}, 0, {0, 0}, {0x00, 0x00, 0x00, 0x00}}},
};

Vtx gym_dl_slop1_mesh_layer_1_vtx_0[18] = {
	{{{-1004, -100, -100}, 0, {624, 752}, {0x00, 0x00, 0x81, 0xFF}}},
	{{{1004, 100, -100}, 0, {624, 496}, {0x00, 0x00, 0x81, 0xFF}}},
	{{{1004, -100, -100}, 0, {368, 496}, {0x00, 0x00, 0x81, 0xFF}}},
	{{{1004, -100, 100}, 0, {368, 240}, {0x00, 0x00, 0x7F, 0xFF}}},
	{{{1004, 100, 100}, 0, {624, 240}, {0x00, 0x00, 0x7F, 0xFF}}},
	{{{-1004, -100, 100}, 0, {368, -16}, {0x00, 0x00, 0x7F, 0xFF}}},
	{{{1004, -100, -100}, 0, {368, 496}, {0x7F, 0x00, 0x00, 0xFF}}},
	{{{1004, 100, -100}, 0, {624, 496}, {0x7F, 0x00, 0x00, 0xFF}}},
	{{{1004, 100, 100}, 0, {624, 240}, {0x7F, 0x00, 0x00, 0xFF}}},
	{{{1004, -100, 100}, 0, {368, 240}, {0x7F, 0x00, 0x00, 0xFF}}},
	{{{-1004, -100, -100}, 0, {112, 496}, {0x00, 0x81, 0x00, 0xFF}}},
	{{{1004, -100, -100}, 0, {368, 496}, {0x00, 0x81, 0x00, 0xFF}}},
	{{{1004, -100, 100}, 0, {368, 240}, {0x00, 0x81, 0x00, 0xFF}}},
	{{{-1004, -100, 100}, 0, {112, 240}, {0x00, 0x81, 0x00, 0xFF}}},
	{{{1004, 100, -100}, 0, {624, 496}, {0xF3, 0x7E, 0x00, 0xFF}}},
	{{{-1004, -100, -100}, 0, {880, 496}, {0xF3, 0x7E, 0x00, 0xFF}}},
	{{{-1004, -100, 100}, 0, {880, 240}, {0xF3, 0x7E, 0x00, 0xFF}}},
	{{{1004, 100, 100}, 0, {624, 240}, {0xF3, 0x7E, 0x00, 0xFF}}},
};

Gfx gym_dl_slop1_mesh_layer_1_tri_0[] = {
	gsSPVertex(gym_dl_slop1_mesh_layer_1_vtx_0 + 0, 18, 0),
	gsSP2Triangles(0, 1, 2, 0, 3, 4, 5, 0),
	gsSP2Triangles(6, 7, 8, 0, 6, 8, 9, 0),
	gsSP2Triangles(10, 11, 12, 0, 10, 12, 13, 0),
	gsSP2Triangles(14, 15, 16, 0, 14, 16, 17, 0),
	gsSPEndDisplayList(),
};

Vtx gym_dl_slop2_mesh_layer_1_vtx_cull[8] = {
	{{{-1004, -100, 100}, 0, {0, 0}, {0x00, 0x00, 0x00, 0x00}}},
	{{{-1004, 300, 100}, 0, {0, 0}, {0x00, 0x00, 0x00, 0x00}}},
	{{{-1004, 300, -100}, 0, {0, 0}, {0x00, 0x00, 0x00, 0x00}}},
	{{{-1004, -100, -100}, 0, {0, 0}, {0x00, 0x00, 0x00, 0x00}}},
	{{{1004, -100, 100}, 0, {0, 0}, {0x00, 0x00, 0x00, 0x00}}},
	{{{1004, 300, 100}, 0, {0, 0}, {0x00, 0x00, 0x00, 0x00}}},
	{{{1004, 300, -100}, 0, {0, 0}, {0x00, 0x00, 0x00, 0x00}}},
	{{{1004, -100, -100}, 0, {0, 0}, {0x00, 0x00, 0x00, 0x00}}},
};

Vtx gym_dl_slop2_mesh_layer_1_vtx_0[18] = {
	{{{-1004, -100, -100}, 0, {624, 752}, {0x00, 0x00, 0x81, 0xFF}}},
	{{{1004, 300, -100}, 0, {624, 496}, {0x00, 0x00, 0x81, 0xFF}}},
	{{{1004, -100, -100}, 0, {368, 496}, {0x00, 0x00, 0x81, 0xFF}}},
	{{{1004, -100, 100}, 0, {368, 240}, {0x00, 0x00, 0x7F, 0xFF}}},
	{{{1004, 300, 100}, 0, {624, 240}, {0x00, 0x00, 0x7F, 0xFF}}},
	{{{-1004, -100, 100}, 0, {368, -16}, {0x00, 0x00, 0x7F, 0xFF}}},
	{{{1004, -100, -100}, 0, {368, 496}, {0x7F, 0x00, 0x00, 0xFF}}},
	{{{1004, 300, -100}, 0, {624, 496}, {0x7F, 0x00, 0x00, 0xFF}}},
	{{{1004, 300, 100}, 0, {624, 240}, {0x7F, 0x00, 0x00, 0xFF}}},
	{{{1004, -100, 100}, 0, {368, 240}, {0x7F, 0x00, 0x00, 0xFF}}},
	{{{-1004, -100, -100}, 0, {112, 496}, {0x00, 0x81, 0x00, 0xFF}}},
	{{{1004, -100, -100}, 0, {368, 496}, {0x00, 0x81, 0x00, 0xFF}}},
	{{{1004, -100, 100}, 0, {368, 240}, {0x00, 0x81, 0x00, 0xFF}}},
	{{{-1004, -100, 100}, 0, {112, 240}, {0x00, 0x81, 0x00, 0xFF}}},
	{{{1004, 300, -100}, 0, {624, 496}, {0xE7, 0x7D, 0x00, 0xFF}}},
	{{{-1004, -100, -100}, 0, {880, 496}, {0xE7, 0x7D, 0x00, 0xFF}}},
	{{{-1004, -100, 100}, 0, {880, 240}, {0xE7, 0x7D, 0x00, 0xFF}}},
	{{{1004, 300, 100}, 0, {624, 240}, {0xE7, 0x7D, 0x00, 0xFF}}},
};

Gfx gym_dl_slop2_mesh_layer_1_tri_0[] = {
	gsSPVertex(gym_dl_slop2_mesh_layer_1_vtx_0 + 0, 18, 0),
	gsSP2Triangles(0, 1, 2, 0, 3, 4, 5, 0),
	gsSP2Triangles(6, 7, 8, 0, 6, 8, 9, 0),
	gsSP2Triangles(10, 11, 12, 0, 10, 12, 13, 0),
	gsSP2Triangles(14, 15, 16, 0, 14, 16, 17, 0),
	gsSPEndDisplayList(),
};

Vtx gym_dl_slop3_mesh_layer_1_vtx_cull[8] = {
	{{{-1004, -100, 100}, 0, {0, 0}, {0x00, 0x00, 0x00, 0x00}}},
	{{{-1004, 0, 100}, 0, {0, 0}, {0x00, 0x00, 0x00, 0x00}}},
	{{{-1004, 0, -100}, 0, {0, 0}, {0x00, 0x00, 0x00, 0x00}}},
	{{{-1004, -100, -100}, 0, {0, 0}, {0x00, 0x00, 0x00, 0x00}}},
	{{{1004, -100, 100}, 0, {0, 0}, {0x00, 0x00, 0x00, 0x00}}},
	{{{1004, 0, 100}, 0, {0, 0}, {0x00, 0x00, 0x00, 0x00}}},
	{{{1004, 0, -100}, 0, {0, 0}, {0x00, 0x00, 0x00, 0x00}}},
	{{{1004, -100, -100}, 0, {0, 0}, {0x00, 0x00, 0x00, 0x00}}},
};

Vtx gym_dl_slop3_mesh_layer_1_vtx_0[18] = {
	{{{-1004, -100, -100}, 0, {624, 752}, {0x00, 0x00, 0x81, 0xFF}}},
	{{{1004, 0, -100}, 0, {624, 496}, {0x00, 0x00, 0x81, 0xFF}}},
	{{{1004, -100, -100}, 0, {368, 496}, {0x00, 0x00, 0x81, 0xFF}}},
	{{{1004, -100, 100}, 0, {368, 240}, {0x00, 0x00, 0x7F, 0xFF}}},
	{{{1004, 0, 100}, 0, {624, 240}, {0x00, 0x00, 0x7F, 0xFF}}},
	{{{-1004, -100, 100}, 0, {368, -16}, {0x00, 0x00, 0x7F, 0xFF}}},
	{{{1004, -100, -100}, 0, {368, 496}, {0x7F, 0x00, 0x00, 0xFF}}},
	{{{1004, 0, -100}, 0, {624, 496}, {0x7F, 0x00, 0x00, 0xFF}}},
	{{{1004, 0, 100}, 0, {624, 240}, {0x7F, 0x00, 0x00, 0xFF}}},
	{{{1004, -100, 100}, 0, {368, 240}, {0x7F, 0x00, 0x00, 0xFF}}},
	{{{-1004, -100, -100}, 0, {112, 496}, {0x00, 0x81, 0x00, 0xFF}}},
	{{{1004, -100, -100}, 0, {368, 496}, {0x00, 0x81, 0x00, 0xFF}}},
	{{{1004, -100, 100}, 0, {368, 240}, {0x00, 0x81, 0x00, 0xFF}}},
	{{{-1004, -100, 100}, 0, {112, 240}, {0x00, 0x81, 0x00, 0xFF}}},
	{{{1004, 0, -100}, 0, {624, 496}, {0xFA, 0x7F, 0x00, 0xFF}}},
	{{{-1004, -100, -100}, 0, {880, 496}, {0xFA, 0x7F, 0x00, 0xFF}}},
	{{{-1004, -100, 100}, 0, {880, 240}, {0xFA, 0x7F, 0x00, 0xFF}}},
	{{{1004, 0, 100}, 0, {624, 240}, {0xFA, 0x7F, 0x00, 0xFF}}},
};

Gfx gym_dl_slop3_mesh_layer_1_tri_0[] = {
	gsSPVertex(gym_dl_slop3_mesh_layer_1_vtx_0 + 0, 18, 0),
	gsSP2Triangles(0, 1, 2, 0, 3, 4, 5, 0),
	gsSP2Triangles(6, 7, 8, 0, 6, 8, 9, 0),
	gsSP2Triangles(10, 11, 12, 0, 10, 12, 13, 0),
	gsSP2Triangles(14, 15, 16, 0, 14, 16, 17, 0),
	gsSPEndDisplayList(),
};

Vtx gym_dl_slop4_mesh_layer_1_vtx_cull[8] = {
	{{{-1004, -100, 100}, 0, {0, 0}, {0x00, 0x00, 0x00, 0x00}}},
	{{{-1004, 502, 100}, 0, {0, 0}, {0x00, 0x00, 0x00, 0x00}}},
	{{{-1004, 502, -4600}, 0, {0, 0}, {0x00, 0x00, 0x00, 0x00}}},
	{{{-1004, -100, -4600}, 0, {0, 0}, {0x00, 0x00, 0x00, 0x00}}},
	{{{1004, -100, 100}, 0, {0, 0}, {0x00, 0x00, 0x00, 0x00}}},
	{{{1004, 502, 100}, 0, {0, 0}, {0x00, 0x00, 0x00, 0x00}}},
	{{{1004, 502, -4600}, 0, {0, 0}, {0x00, 0x00, 0x00, 0x00}}},
	{{{1004, -100, -4600}, 0, {0, 0}, {0x00, 0x00, 0x00, 0x00}}},
};

Vtx gym_dl_slop4_mesh_layer_1_vtx_0[18] = {
	{{{-1004, 102, -4600}, 0, {624, 752}, {0x00, 0x00, 0x81, 0xFF}}},
	{{{1004, 502, -4600}, 0, {624, 496}, {0x00, 0x00, 0x81, 0xFF}}},
	{{{1004, -100, -4600}, 0, {368, 496}, {0x00, 0x00, 0x81, 0xFF}}},
	{{{1004, -100, 100}, 0, {368, 240}, {0x00, 0x00, 0x7F, 0xFF}}},
	{{{1004, 502, 100}, 0, {624, 240}, {0x00, 0x00, 0x7F, 0xFF}}},
	{{{-1004, 102, 100}, 0, {368, -16}, {0x00, 0x00, 0x7F, 0xFF}}},
	{{{1004, -100, -4600}, 0, {368, 496}, {0x7F, 0x00, 0x00, 0xFF}}},
	{{{1004, 502, -4600}, 0, {624, 496}, {0x7F, 0x00, 0x00, 0xFF}}},
	{{{1004, 502, 100}, 0, {624, 240}, {0x7F, 0x00, 0x00, 0xFF}}},
	{{{1004, -100, 100}, 0, {368, 240}, {0x7F, 0x00, 0x00, 0xFF}}},
	{{{-1004, 102, -4600}, 0, {112, 496}, {0xF3, 0x82, 0x00, 0xFF}}},
	{{{1004, -100, -4600}, 0, {368, 496}, {0xF3, 0x82, 0x00, 0xFF}}},
	{{{1004, -100, 100}, 0, {368, 240}, {0xF3, 0x82, 0x00, 0xFF}}},
	{{{-1004, 102, 100}, 0, {112, 240}, {0xF3, 0x82, 0x00, 0xFF}}},
	{{{1004, 502, -4600}, 0, {624, 496}, {0xE7, 0x7D, 0x00, 0xFF}}},
	{{{-1004, 102, -4600}, 0, {880, 496}, {0xE7, 0x7D, 0x00, 0xFF}}},
	{{{-1004, 102, 100}, 0, {880, 240}, {0xE7, 0x7D, 0x00, 0xFF}}},
	{{{1004, 502, 100}, 0, {624, 240}, {0xE7, 0x7D, 0x00, 0xFF}}},
};

Gfx gym_dl_slop4_mesh_layer_1_tri_0[] = {
	gsSPVertex(gym_dl_slop4_mesh_layer_1_vtx_0 + 0, 18, 0),
	gsSP2Triangles(0, 1, 2, 0, 3, 4, 5, 0),
	gsSP2Triangles(6, 7, 8, 0, 6, 8, 9, 0),
	gsSP2Triangles(10, 11, 12, 0, 10, 12, 13, 0),
	gsSP2Triangles(14, 15, 16, 0, 14, 16, 17, 0),
	gsSPEndDisplayList(),
};

Gfx mat_gym_dl_mat_rockyhillside_001[] = {
	gsSPLightColor(LIGHT_1, 0xFFFFFFFF),
	gsSPLightColor(LIGHT_2, 0x7F7F7FFF),
	gsDPPipeSync(),
	gsDPSetCombineLERP(TEXEL0, 0, SHADE, 0, 0, 0, 0, ENVIRONMENT, TEXEL0, 0, SHADE, 0, 0, 0, 0, ENVIRONMENT),
	gsDPSetAlphaDither(G_AD_NOISE),
	gsDPSetTextureLUT(G_TT_RGBA16),
	gsSPTexture(65535, 65535, 0, 0, 1),
	gsDPSetTextureImage(G_IM_FMT_RGBA, G_IM_SIZ_16b, 1, gym_dl_t_0_rockyhillside_pal_rgba16),
	gsDPSetTile(0, 0, 0, 256, 5, 0, G_TX_WRAP | G_TX_NOMIRROR, 0, 0, G_TX_WRAP | G_TX_NOMIRROR, 0, 0),
	gsDPLoadTLUTCmd(5, 50),
	gsDPSetTextureImage(G_IM_FMT_CI, G_IM_SIZ_8b_LOAD_BLOCK, 1, gym_dl_t_0_rockyhillside_ci8),
	gsDPSetTile(G_IM_FMT_CI, G_IM_SIZ_8b_LOAD_BLOCK, 0, 0, 7, 0, G_TX_WRAP | G_TX_NOMIRROR, 0, 0, G_TX_WRAP | G_TX_NOMIRROR, 0, 0),
	gsDPLoadBlock(7, 0, 0, 511, 512),
	gsDPSetTile(G_IM_FMT_CI, G_IM_SIZ_8b, 4, 0, 0, 0, G_TX_WRAP | G_TX_NOMIRROR, 5, 0, G_TX_WRAP | G_TX_NOMIRROR, 5, 0),
	gsDPSetTileSize(0, 0, 0, 124, 124),
	gsSPEndDisplayList(),
};

Gfx mat_revert_gym_dl_mat_rockyhillside_001[] = {
	gsDPPipeSync(),
	gsDPSetAlphaDither(G_AD_DISABLE),
	gsDPSetTextureLUT(G_TT_NONE),
	gsSPEndDisplayList(),
};

Gfx mat_gym_dl_mat_rockyhillside_005[] = {
	gsSPLightColor(LIGHT_1, 0xFFFFFFFF),
	gsSPLightColor(LIGHT_2, 0x7F7F7FFF),
	gsDPPipeSync(),
	gsDPSetCombineLERP(TEXEL0, 0, SHADE, 0, 0, 0, 0, ENVIRONMENT, TEXEL0, 0, SHADE, 0, 0, 0, 0, ENVIRONMENT),
	gsDPSetAlphaDither(G_AD_NOISE),
	gsDPSetTextureLUT(G_TT_RGBA16),
	gsSPTexture(65535, 65535, 0, 0, 1),
	gsDPSetTextureImage(G_IM_FMT_RGBA, G_IM_SIZ_16b, 1, gym_dl_t_0_rockyhillside_pal_rgba16_copy),
	gsDPSetTile(0, 0, 0, 256, 5, 0, G_TX_WRAP | G_TX_NOMIRROR, 0, 0, G_TX_WRAP | G_TX_NOMIRROR, 0, 0),
	gsDPLoadTLUTCmd(5, 50),
	gsDPSetTextureImage(G_IM_FMT_CI, G_IM_SIZ_8b_LOAD_BLOCK, 1, gym_dl_t_0_rockyhillside_ci8_copy),
	gsDPSetTile(G_IM_FMT_CI, G_IM_SIZ_8b_LOAD_BLOCK, 0, 0, 7, 0, G_TX_WRAP | G_TX_NOMIRROR, 0, 0, G_TX_WRAP | G_TX_NOMIRROR, 0, 0),
	gsDPLoadBlock(7, 0, 0, 511, 512),
	gsDPSetTile(G_IM_FMT_CI, G_IM_SIZ_8b, 4, 0, 0, 0, G_TX_WRAP | G_TX_NOMIRROR, 5, 0, G_TX_WRAP | G_TX_NOMIRROR, 5, 0),
	gsDPSetTileSize(0, 0, 0, 124, 124),
	gsSPEndDisplayList(),
};

Gfx mat_revert_gym_dl_mat_rockyhillside_005[] = {
	gsDPPipeSync(),
	gsDPSetAlphaDither(G_AD_DISABLE),
	gsDPSetTextureLUT(G_TT_NONE),
	gsSPEndDisplayList(),
};

Gfx mat_gym_dl_mat_rockyhillside_003[] = {
	gsSPLightColor(LIGHT_1, 0xFFFFFFFF),
	gsSPLightColor(LIGHT_2, 0x7F7F7FFF),
	gsDPPipeSync(),
	gsDPSetCombineLERP(TEXEL0, 0, SHADE, 0, 0, 0, 0, ENVIRONMENT, TEXEL0, 0, SHADE, 0, 0, 0, 0, ENVIRONMENT),
	gsDPSetAlphaDither(G_AD_NOISE),
	gsDPSetTextureLUT(G_TT_RGBA16),
	gsSPTexture(65535, 65535, 0, 0, 1),
	gsDPSetTextureImage(G_IM_FMT_RGBA, G_IM_SIZ_16b, 1, gym_dl_t_0_rockyhillside_pal_rgba16_copy_copy),
	gsDPSetTile(0, 0, 0, 256, 5, 0, G_TX_WRAP | G_TX_NOMIRROR, 0, 0, G_TX_WRAP | G_TX_NOMIRROR, 0, 0),
	gsDPLoadTLUTCmd(5, 50),
	gsDPSetTextureImage(G_IM_FMT_CI, G_IM_SIZ_8b_LOAD_BLOCK, 1, gym_dl_t_0_rockyhillside_ci8_copy_copy),
	gsDPSetTile(G_IM_FMT_CI, G_IM_SIZ_8b_LOAD_BLOCK, 0, 0, 7, 0, G_TX_WRAP | G_TX_NOMIRROR, 0, 0, G_TX_WRAP | G_TX_NOMIRROR, 0, 0),
	gsDPLoadBlock(7, 0, 0, 511, 512),
	gsDPSetTile(G_IM_FMT_CI, G_IM_SIZ_8b, 4, 0, 0, 0, G_TX_WRAP | G_TX_NOMIRROR, 5, 0, G_TX_WRAP | G_TX_NOMIRROR, 5, 0),
	gsDPSetTileSize(0, 0, 0, 124, 124),
	gsSPEndDisplayList(),
};

Gfx mat_revert_gym_dl_mat_rockyhillside_003[] = {
	gsDPPipeSync(),
	gsDPSetAlphaDither(G_AD_DISABLE),
	gsDPSetTextureLUT(G_TT_NONE),
	gsSPEndDisplayList(),
};

Gfx mat_gym_dl_mat_rockyhillside_004[] = {
	gsSPLightColor(LIGHT_1, 0xFFFFFFFF),
	gsSPLightColor(LIGHT_2, 0x7F7F7FFF),
	gsDPPipeSync(),
	gsDPSetCombineLERP(TEXEL0, 0, SHADE, 0, 0, 0, 0, ENVIRONMENT, TEXEL0, 0, SHADE, 0, 0, 0, 0, ENVIRONMENT),
	gsDPSetAlphaDither(G_AD_NOISE),
	gsDPSetTextureLUT(G_TT_RGBA16),
	gsSPTexture(65535, 65535, 0, 0, 1),
	gsDPSetTextureImage(G_IM_FMT_RGBA, G_IM_SIZ_16b, 1, gym_dl_t_0_rockyhillside_pal_rgba16_copy_copy_copy),
	gsDPSetTile(0, 0, 0, 256, 5, 0, G_TX_WRAP | G_TX_NOMIRROR, 0, 0, G_TX_WRAP | G_TX_NOMIRROR, 0, 0),
	gsDPLoadTLUTCmd(5, 50),
	gsDPSetTextureImage(G_IM_FMT_CI, G_IM_SIZ_8b_LOAD_BLOCK, 1, gym_dl_t_0_rockyhillside_ci8_copy_copy_copy),
	gsDPSetTile(G_IM_FMT_CI, G_IM_SIZ_8b_LOAD_BLOCK, 0, 0, 7, 0, G_TX_WRAP | G_TX_NOMIRROR, 0, 0, G_TX_WRAP | G_TX_NOMIRROR, 0, 0),
	gsDPLoadBlock(7, 0, 0, 511, 512),
	gsDPSetTile(G_IM_FMT_CI, G_IM_SIZ_8b, 4, 0, 0, 0, G_TX_WRAP | G_TX_NOMIRROR, 5, 0, G_TX_WRAP | G_TX_NOMIRROR, 5, 0),
	gsDPSetTileSize(0, 0, 0, 124, 124),
	gsSPEndDisplayList(),
};

Gfx mat_revert_gym_dl_mat_rockyhillside_004[] = {
	gsDPPipeSync(),
	gsDPSetAlphaDither(G_AD_DISABLE),
	gsDPSetTextureLUT(G_TT_NONE),
	gsSPEndDisplayList(),
};

Gfx mat_gym_dl_mat_rockyhillside_006[] = {
	gsSPLightColor(LIGHT_1, 0xFFFFFFFF),
	gsSPLightColor(LIGHT_2, 0x7F7F7FFF),
	gsDPPipeSync(),
	gsDPSetCombineLERP(TEXEL0, 0, SHADE, 0, 0, 0, 0, ENVIRONMENT, TEXEL0, 0, SHADE, 0, 0, 0, 0, ENVIRONMENT),
	gsDPSetAlphaDither(G_AD_NOISE),
	gsDPSetTextureLUT(G_TT_RGBA16),
	gsSPTexture(65535, 65535, 0, 0, 1),
	gsDPSetTextureImage(G_IM_FMT_RGBA, G_IM_SIZ_16b, 1, gym_dl_t_0_rockyhillside_pal_rgba16_copy_copy_copy_copy),
	gsDPSetTile(0, 0, 0, 256, 5, 0, G_TX_WRAP | G_TX_NOMIRROR, 0, 0, G_TX_WRAP | G_TX_NOMIRROR, 0, 0),
	gsDPLoadTLUTCmd(5, 50),
	gsDPSetTextureImage(G_IM_FMT_CI, G_IM_SIZ_8b_LOAD_BLOCK, 1, gym_dl_t_0_rockyhillside_ci8_copy_copy_copy_copy),
	gsDPSetTile(G_IM_FMT_CI, G_IM_SIZ_8b_LOAD_BLOCK, 0, 0, 7, 0, G_TX_WRAP | G_TX_NOMIRROR, 0, 0, G_TX_WRAP | G_TX_NOMIRROR, 0, 0),
	gsDPLoadBlock(7, 0, 0, 511, 512),
	gsDPSetTile(G_IM_FMT_CI, G_IM_SIZ_8b, 4, 0, 0, 0, G_TX_WRAP | G_TX_NOMIRROR, 5, 0, G_TX_WRAP | G_TX_NOMIRROR, 5, 0),
	gsDPSetTileSize(0, 0, 0, 124, 124),
	gsSPEndDisplayList(),
};

Gfx mat_revert_gym_dl_mat_rockyhillside_006[] = {
	gsDPPipeSync(),
	gsDPSetAlphaDither(G_AD_DISABLE),
	gsDPSetTextureLUT(G_TT_NONE),
	gsSPEndDisplayList(),
};

Gfx mat_gym_dl_mat_rockyhillside_007[] = {
	gsSPLightColor(LIGHT_1, 0xFFFFFFFF),
	gsSPLightColor(LIGHT_2, 0x7F7F7FFF),
	gsDPPipeSync(),
	gsDPSetCombineLERP(TEXEL0, 0, SHADE, 0, 0, 0, 0, ENVIRONMENT, TEXEL0, 0, SHADE, 0, 0, 0, 0, ENVIRONMENT),
	gsDPSetAlphaDither(G_AD_NOISE),
	gsDPSetTextureLUT(G_TT_RGBA16),
	gsSPTexture(65535, 65535, 0, 0, 1),
	gsDPSetTextureImage(G_IM_FMT_RGBA, G_IM_SIZ_16b, 1, gym_dl_t_0_rockyhillside_pal_rgba16_copy_copy_copy_copy_copy),
	gsDPSetTile(0, 0, 0, 256, 5, 0, G_TX_WRAP | G_TX_NOMIRROR, 0, 0, G_TX_WRAP | G_TX_NOMIRROR, 0, 0),
	gsDPLoadTLUTCmd(5, 50),
	gsDPSetTextureImage(G_IM_FMT_CI, G_IM_SIZ_8b_LOAD_BLOCK, 1, gym_dl_t_0_rockyhillside_ci8_copy_copy_copy_copy_copy),
	gsDPSetTile(G_IM_FMT_CI, G_IM_SIZ_8b_LOAD_BLOCK, 0, 0, 7, 0, G_TX_WRAP | G_TX_NOMIRROR, 0, 0, G_TX_WRAP | G_TX_NOMIRROR, 0, 0),
	gsDPLoadBlock(7, 0, 0, 511, 512),
	gsDPSetTile(G_IM_FMT_CI, G_IM_SIZ_8b, 4, 0, 0, 0, G_TX_WRAP | G_TX_NOMIRROR, 5, 0, G_TX_WRAP | G_TX_NOMIRROR, 5, 0),
	gsDPSetTileSize(0, 0, 0, 124, 124),
	gsSPEndDisplayList(),
};

Gfx mat_revert_gym_dl_mat_rockyhillside_007[] = {
	gsDPPipeSync(),
	gsDPSetAlphaDither(G_AD_DISABLE),
	gsDPSetTextureLUT(G_TT_NONE),
	gsSPEndDisplayList(),
};

Gfx mat_gym_dl_mat_rockyhillside_008[] = {
	gsSPLightColor(LIGHT_1, 0xFFFFFFFF),
	gsSPLightColor(LIGHT_2, 0x7F7F7FFF),
	gsDPPipeSync(),
	gsDPSetCombineLERP(TEXEL0, 0, SHADE, 0, 0, 0, 0, ENVIRONMENT, TEXEL0, 0, SHADE, 0, 0, 0, 0, ENVIRONMENT),
	gsDPSetAlphaDither(G_AD_NOISE),
	gsDPSetTextureLUT(G_TT_RGBA16),
	gsSPTexture(65535, 65535, 0, 0, 1),
	gsDPSetTextureImage(G_IM_FMT_RGBA, G_IM_SIZ_16b, 1, gym_dl_t_0_rockyhillside_pal_rgba16_copy_copy_copy_copy_copy_copy),
	gsDPSetTile(0, 0, 0, 256, 5, 0, G_TX_WRAP | G_TX_NOMIRROR, 0, 0, G_TX_WRAP | G_TX_NOMIRROR, 0, 0),
	gsDPLoadTLUTCmd(5, 50),
	gsDPSetTextureImage(G_IM_FMT_CI, G_IM_SIZ_8b_LOAD_BLOCK, 1, gym_dl_t_0_rockyhillside_ci8_copy_copy_copy_copy_copy_copy),
	gsDPSetTile(G_IM_FMT_CI, G_IM_SIZ_8b_LOAD_BLOCK, 0, 0, 7, 0, G_TX_WRAP | G_TX_NOMIRROR, 0, 0, G_TX_WRAP | G_TX_NOMIRROR, 0, 0),
	gsDPLoadBlock(7, 0, 0, 511, 512),
	gsDPSetTile(G_IM_FMT_CI, G_IM_SIZ_8b, 4, 0, 0, 0, G_TX_WRAP | G_TX_NOMIRROR, 5, 0, G_TX_WRAP | G_TX_NOMIRROR, 5, 0),
	gsDPSetTileSize(0, 0, 0, 124, 124),
	gsSPEndDisplayList(),
};

Gfx mat_revert_gym_dl_mat_rockyhillside_008[] = {
	gsDPPipeSync(),
	gsDPSetAlphaDither(G_AD_DISABLE),
	gsDPSetTextureLUT(G_TT_NONE),
	gsSPEndDisplayList(),
};

Gfx mat_gym_dl_mat_stonebricks[] = {
	gsSPLightColor(LIGHT_1, 0xFFFFFFFF),
	gsSPLightColor(LIGHT_2, 0x7F7F7FFF),
	gsDPPipeSync(),
	gsDPSetCombineLERP(TEXEL0, 0, SHADE, 0, 0, 0, 0, ENVIRONMENT, TEXEL0, 0, SHADE, 0, 0, 0, 0, ENVIRONMENT),
	gsDPSetAlphaDither(G_AD_NOISE),
	gsDPSetTextureLUT(G_TT_RGBA16),
	gsSPTexture(65535, 65535, 0, 0, 1),
	gsDPSetTextureImage(G_IM_FMT_RGBA, G_IM_SIZ_16b, 1, gym_dl_t_0_grass_pal_rgba16),
	gsDPSetTile(0, 0, 0, 256, 5, 0, G_TX_WRAP | G_TX_NOMIRROR, 0, 0, G_TX_WRAP | G_TX_NOMIRROR, 0, 0),
	gsDPLoadTLUTCmd(5, 27),
	gsDPSetTextureImage(G_IM_FMT_CI, G_IM_SIZ_8b_LOAD_BLOCK, 1, gym_dl_t_0_grass_ci8),
	gsDPSetTile(G_IM_FMT_CI, G_IM_SIZ_8b_LOAD_BLOCK, 0, 0, 7, 0, G_TX_WRAP | G_TX_NOMIRROR, 0, 0, G_TX_WRAP | G_TX_NOMIRROR, 0, 0),
	gsDPLoadBlock(7, 0, 0, 511, 512),
	gsDPSetTile(G_IM_FMT_CI, G_IM_SIZ_8b, 4, 0, 0, 0, G_TX_WRAP | G_TX_NOMIRROR, 5, 0, G_TX_WRAP | G_TX_NOMIRROR, 5, 0),
	gsDPSetTileSize(0, 0, 0, 124, 124),
	gsSPEndDisplayList(),
};

Gfx mat_revert_gym_dl_mat_stonebricks[] = {
	gsDPPipeSync(),
	gsDPSetAlphaDither(G_AD_DISABLE),
	gsDPSetTextureLUT(G_TT_NONE),
	gsSPEndDisplayList(),
};

Gfx mat_gym_dl_mat_rockyhillside[] = {
	gsSPLightColor(LIGHT_1, 0xFFFFFFFF),
	gsSPLightColor(LIGHT_2, 0x7F7F7FFF),
	gsDPPipeSync(),
	gsDPSetCombineLERP(TEXEL0, 0, SHADE, 0, 0, 0, 0, ENVIRONMENT, TEXEL0, 0, SHADE, 0, 0, 0, 0, ENVIRONMENT),
	gsDPSetAlphaDither(G_AD_NOISE),
	gsDPSetTextureLUT(G_TT_RGBA16),
	gsSPTexture(65535, 65535, 0, 0, 1),
	gsDPSetTextureImage(G_IM_FMT_RGBA, G_IM_SIZ_16b, 1, gym_dl_t_0_rockyhillside_pal_rgba16_copy_copy_copy_copy_copy_copy_copy),
	gsDPSetTile(0, 0, 0, 256, 5, 0, G_TX_WRAP | G_TX_NOMIRROR, 0, 0, G_TX_WRAP | G_TX_NOMIRROR, 0, 0),
	gsDPLoadTLUTCmd(5, 50),
	gsDPSetTextureImage(G_IM_FMT_CI, G_IM_SIZ_8b_LOAD_BLOCK, 1, gym_dl_t_0_rockyhillside_ci8_copy_copy_copy_copy_copy_copy_copy),
	gsDPSetTile(G_IM_FMT_CI, G_IM_SIZ_8b_LOAD_BLOCK, 0, 0, 7, 0, G_TX_WRAP | G_TX_NOMIRROR, 0, 0, G_TX_WRAP | G_TX_NOMIRROR, 0, 0),
	gsDPLoadBlock(7, 0, 0, 511, 512),
	gsDPSetTile(G_IM_FMT_CI, G_IM_SIZ_8b, 4, 0, 0, 0, G_TX_WRAP | G_TX_NOMIRROR, 5, 0, G_TX_WRAP | G_TX_NOMIRROR, 5, 0),
	gsDPSetTileSize(0, 0, 0, 124, 124),
	gsSPEndDisplayList(),
};

Gfx mat_revert_gym_dl_mat_rockyhillside[] = {
	gsDPPipeSync(),
	gsDPSetAlphaDither(G_AD_DISABLE),
	gsDPSetTextureLUT(G_TT_NONE),
	gsSPEndDisplayList(),
};

Gfx gym_dl_Cube_002_mesh_layer_1[] = {
	gsSPClearGeometryMode(G_LIGHTING),
	gsSPVertex(gym_dl_Cube_002_mesh_layer_1_vtx_cull + 0, 8, 0),
	gsSPSetGeometryMode(G_LIGHTING),
	gsSPCullDisplayList(0, 7),
	gsSPDisplayList(mat_gym_dl_mat_rockyhillside_001),
	gsSPDisplayList(gym_dl_Cube_002_mesh_layer_1_tri_0),
	gsSPDisplayList(mat_revert_gym_dl_mat_rockyhillside_001),
	gsSPEndDisplayList(),
};

Gfx gym_dl_Cube_003_mesh_layer_1[] = {
	gsSPClearGeometryMode(G_LIGHTING),
	gsSPVertex(gym_dl_Cube_003_mesh_layer_1_vtx_cull + 0, 8, 0),
	gsSPSetGeometryMode(G_LIGHTING),
	gsSPCullDisplayList(0, 7),
	gsSPDisplayList(mat_gym_dl_mat_rockyhillside_005),
	gsSPDisplayList(gym_dl_Cube_003_mesh_layer_1_tri_0),
	gsSPDisplayList(mat_revert_gym_dl_mat_rockyhillside_005),
	gsSPEndDisplayList(),
};

Gfx gym_dl_Cube_004_mesh_layer_1[] = {
	gsSPClearGeometryMode(G_LIGHTING),
	gsSPVertex(gym_dl_Cube_004_mesh_layer_1_vtx_cull + 0, 8, 0),
	gsSPSetGeometryMode(G_LIGHTING),
	gsSPCullDisplayList(0, 7),
	gsSPDisplayList(mat_gym_dl_mat_rockyhillside_003),
	gsSPDisplayList(gym_dl_Cube_004_mesh_layer_1_tri_0),
	gsSPDisplayList(mat_revert_gym_dl_mat_rockyhillside_003),
	gsSPEndDisplayList(),
};

Gfx gym_dl_Cube_005_mesh_layer_1[] = {
	gsSPClearGeometryMode(G_LIGHTING),
	gsSPVertex(gym_dl_Cube_005_mesh_layer_1_vtx_cull + 0, 8, 0),
	gsSPSetGeometryMode(G_LIGHTING),
	gsSPCullDisplayList(0, 7),
	gsSPDisplayList(mat_gym_dl_mat_rockyhillside_004),
	gsSPDisplayList(gym_dl_Cube_005_mesh_layer_1_tri_0),
	gsSPDisplayList(mat_revert_gym_dl_mat_rockyhillside_004),
	gsSPEndDisplayList(),
};

Gfx gym_dl_Cube_006_mesh_layer_1[] = {
	gsSPClearGeometryMode(G_LIGHTING),
	gsSPVertex(gym_dl_Cube_006_mesh_layer_1_vtx_cull + 0, 8, 0),
	gsSPSetGeometryMode(G_LIGHTING),
	gsSPCullDisplayList(0, 7),
	gsSPDisplayList(mat_gym_dl_mat_rockyhillside_006),
	gsSPDisplayList(gym_dl_Cube_006_mesh_layer_1_tri_0),
	gsSPDisplayList(mat_revert_gym_dl_mat_rockyhillside_006),
	gsSPEndDisplayList(),
};

Gfx gym_dl_Cube_007_mesh_layer_1[] = {
	gsSPClearGeometryMode(G_LIGHTING),
	gsSPVertex(gym_dl_Cube_007_mesh_layer_1_vtx_cull + 0, 8, 0),
	gsSPSetGeometryMode(G_LIGHTING),
	gsSPCullDisplayList(0, 7),
	gsSPDisplayList(mat_gym_dl_mat_rockyhillside_007),
	gsSPDisplayList(gym_dl_Cube_007_mesh_layer_1_tri_0),
	gsSPDisplayList(mat_revert_gym_dl_mat_rockyhillside_007),
	gsSPEndDisplayList(),
};

Gfx gym_dl_Cube_008_mesh_layer_1[] = {
	gsSPClearGeometryMode(G_LIGHTING),
	gsSPVertex(gym_dl_Cube_008_mesh_layer_1_vtx_cull + 0, 8, 0),
	gsSPSetGeometryMode(G_LIGHTING),
	gsSPCullDisplayList(0, 7),
	gsSPDisplayList(mat_gym_dl_mat_rockyhillside_008),
	gsSPDisplayList(gym_dl_Cube_008_mesh_layer_1_tri_0),
	gsSPDisplayList(mat_revert_gym_dl_mat_rockyhillside_008),
	gsSPEndDisplayList(),
};

Gfx gym_dl_platform_mesh_layer_1[] = {
	gsSPClearGeometryMode(G_LIGHTING),
	gsSPVertex(gym_dl_platform_mesh_layer_1_vtx_cull + 0, 8, 0),
	gsSPSetGeometryMode(G_LIGHTING),
	gsSPCullDisplayList(0, 7),
	gsSPDisplayList(mat_gym_dl_mat_stonebricks),
	gsSPDisplayList(gym_dl_platform_mesh_layer_1_tri_0),
	gsSPDisplayList(mat_revert_gym_dl_mat_stonebricks),
	gsSPDisplayList(mat_gym_dl_mat_rockyhillside),
	gsSPDisplayList(gym_dl_platform_mesh_layer_1_tri_1),
	gsSPDisplayList(mat_revert_gym_dl_mat_rockyhillside),
	gsSPEndDisplayList(),
};

Gfx gym_dl_platform_001_mesh_layer_1[] = {
	gsSPClearGeometryMode(G_LIGHTING),
	gsSPVertex(gym_dl_platform_001_mesh_layer_1_vtx_cull + 0, 8, 0),
	gsSPSetGeometryMode(G_LIGHTING),
	gsSPCullDisplayList(0, 7),
	gsSPDisplayList(mat_gym_dl_mat_stonebricks),
	gsSPDisplayList(gym_dl_platform_001_mesh_layer_1_tri_0),
	gsSPDisplayList(mat_revert_gym_dl_mat_stonebricks),
	gsSPDisplayList(mat_gym_dl_mat_rockyhillside),
	gsSPDisplayList(gym_dl_platform_001_mesh_layer_1_tri_1),
	gsSPDisplayList(mat_revert_gym_dl_mat_rockyhillside),
	gsSPEndDisplayList(),
};

Gfx gym_dl_platform_002_mesh_layer_1[] = {
	gsSPClearGeometryMode(G_LIGHTING),
	gsSPVertex(gym_dl_platform_002_mesh_layer_1_vtx_cull + 0, 8, 0),
	gsSPSetGeometryMode(G_LIGHTING),
	gsSPCullDisplayList(0, 7),
	gsSPDisplayList(mat_gym_dl_mat_stonebricks),
	gsSPDisplayList(gym_dl_platform_002_mesh_layer_1_tri_0),
	gsSPDisplayList(mat_revert_gym_dl_mat_stonebricks),
	gsSPDisplayList(mat_gym_dl_mat_rockyhillside),
	gsSPDisplayList(gym_dl_platform_002_mesh_layer_1_tri_1),
	gsSPDisplayList(mat_revert_gym_dl_mat_rockyhillside),
	gsSPEndDisplayList(),
};

Gfx gym_dl_slop1_mesh_layer_1[] = {
	gsSPClearGeometryMode(G_LIGHTING),
	gsSPVertex(gym_dl_slop1_mesh_layer_1_vtx_cull + 0, 8, 0),
	gsSPSetGeometryMode(G_LIGHTING),
	gsSPCullDisplayList(0, 7),
	gsSPDisplayList(mat_gym_dl_mat_rockyhillside),
	gsSPDisplayList(gym_dl_slop1_mesh_layer_1_tri_0),
	gsSPDisplayList(mat_revert_gym_dl_mat_rockyhillside),
	gsSPEndDisplayList(),
};

Gfx gym_dl_slop2_mesh_layer_1[] = {
	gsSPClearGeometryMode(G_LIGHTING),
	gsSPVertex(gym_dl_slop2_mesh_layer_1_vtx_cull + 0, 8, 0),
	gsSPSetGeometryMode(G_LIGHTING),
	gsSPCullDisplayList(0, 7),
	gsSPDisplayList(mat_gym_dl_mat_rockyhillside),
	gsSPDisplayList(gym_dl_slop2_mesh_layer_1_tri_0),
	gsSPDisplayList(mat_revert_gym_dl_mat_rockyhillside),
	gsSPEndDisplayList(),
};

Gfx gym_dl_slop3_mesh_layer_1[] = {
	gsSPClearGeometryMode(G_LIGHTING),
	gsSPVertex(gym_dl_slop3_mesh_layer_1_vtx_cull + 0, 8, 0),
	gsSPSetGeometryMode(G_LIGHTING),
	gsSPCullDisplayList(0, 7),
	gsSPDisplayList(mat_gym_dl_mat_rockyhillside),
	gsSPDisplayList(gym_dl_slop3_mesh_layer_1_tri_0),
	gsSPDisplayList(mat_revert_gym_dl_mat_rockyhillside),
	gsSPEndDisplayList(),
};

Gfx gym_dl_slop4_mesh_layer_1[] = {
	gsSPClearGeometryMode(G_LIGHTING),
	gsSPVertex(gym_dl_slop4_mesh_layer_1_vtx_cull + 0, 8, 0),
	gsSPSetGeometryMode(G_LIGHTING),
	gsSPCullDisplayList(0, 7),
	gsSPDisplayList(mat_gym_dl_mat_rockyhillside),
	gsSPDisplayList(gym_dl_slop4_mesh_layer_1_tri_0),
	gsSPDisplayList(mat_revert_gym_dl_mat_rockyhillside),
	gsSPEndDisplayList(),
};

Gfx gym_dl_final_revert_mesh_layer_1[] = {
	gsDPPipeSync(),
	gsSPSetGeometryMode(G_LIGHTING),
	gsSPClearGeometryMode(G_TEXTURE_GEN),
	gsDPSetCombineLERP(0, 0, 0, SHADE, 0, 0, 0, ENVIRONMENT, 0, 0, 0, SHADE, 0, 0, 0, ENVIRONMENT),
	gsSPTexture(65535, 65535, 0, 0, 0),
	gsDPSetEnvColor(255, 255, 255, 255),
	gsDPSetAlphaCompare(G_AC_NONE),
	gsSPEndDisplayList(),
};

